Datetime,Open,High,Low,Close
2024-08-01 00:00:00+00:00,18541.3055,18558.7,18536.2945,18552.8
2024-08-01 00:05:00+00:00,18553.7,18556.189000000002,18550.239,18555.75
2024-08-01 00:10:00+00:00,18556.266499999998,18560.4665,18552.8055,18559.5055
2024-08-01 00:15:00+00:00,18543.783499999998,18543.783499999998,18509.860999999997,18520.3
2024-08-01 00:20:00+00:00,18520.366499999996,18537.75,18520.366499999996,18535.372
2024-08-01 00:25:00+00:00,18534.810999999998,18534.810999999998,18523.289,18529.7945
2024-08-01 00:30:00+00:00,18529.3055,18530.289,18518.7945,18519.3055
2024-08-01 00:35:00+00:00,18520.3,18523.372,18503.8,18507.2945
2024-08-01 00:40:00+00:00,18506.778,18516.810999999998,18502.8,18515.855499999998
2024-08-01 00:45:00+00:00,18516.7445,18516.7445,18509.783499999998,18512.2445
2024-08-01 00:50:00+00:00,18511.8,18512.783499999998,18507.239,18510.239
2024-08-01 00:55:00+00:00,18510.8,18513.860999999997,18494.316499999997,18496.8055
2024-08-01 01:00:00+00:00,18496.316499999997,18515.810999999998,18496.3,18509.778
2024-08-01 01:05:00+00:00,18509.233500000002,18510.35,18496.7835,18497.8
2024-08-01 01:10:00+00:00,18496.283499999998,18504.855499999998,18492.3,18503.789
2024-08-01 01:15:00+00:00,18503.239,18506.322,18499.733500000002,18506.2945
2024-08-01 01:20:00+00:00,18505.8055,18512.872,18504.228,18512.872
2024-08-01 01:25:00+00:00,18512.3,18512.3,18499.2445,18499.2445
2024-08-01 01:30:00+00:00,18500.3,18518.3,18500.3,18513.816499999997
2024-08-01 01:35:00+00:00,18514.739,18518.3,18501.3,18505.289
2024-08-01 01:40:00+00:00,18505.8055,18509.3055,18500.8,18501.8
2024-08-01 01:45:00+00:00,18502.8165,18503.810999999998,18487.8,18491.728
2024-08-01 01:50:00+00:00,18491.289,18491.289,18478.3,18483.85
2024-08-01 01:55:00+00:00,18483.2945,18491.789,18482.733500000002,18487.2445
2024-08-01 02:00:00+00:00,18488.733500000002,18489.2445,18478.810999999998,18478.810999999998
2024-08-01 02:05:00+00:00,18479.3055,18482.7945,18474.739,18478.2445
2024-08-01 02:10:00+00:00,18477.8,18479.25,18466.7835,18475.8055
2024-08-01 02:15:00+00:00,18474.2445,18475.310999999998,18471.310999999998,18475.3
2024-08-01 02:20:00+00:00,18478.3055,18487.789,18477.783499999998,18485.866499999996
2024-08-01 02:25:00+00:00,18485.3,18491.372,18484.7945,18490.278
2024-08-01 02:30:00+00:00,18489.289,18490.816499999997,18483.278,18485.316499999997
2024-08-01 02:35:00+00:00,18484.8055,18493.8055,18484.289,18489.733500000002
2024-08-01 02:40:00+00:00,18488.8055,18493.3,18486.8055,18491.239
2024-08-01 02:45:00+00:00,18490.85,18496.3,18490.2835,18495.35
2024-08-01 02:50:00+00:00,18494.2835,18494.2835,18486.278,18487.289
2024-08-01 02:55:00+00:00,18487.872,18493.2945,18484.289,18490.8
2024-08-01 03:00:00+00:00,18487.733500000002,18489.25,18481.2945,18489.25
2024-08-01 03:05:00+00:00,18489.8055,18492.8,18486.7945,18492.7835
2024-08-01 03:10:00+00:00,18492.3165,18493.866499999996,18486.2945,18489.360999999997
2024-08-01 03:15:00+00:00,18488.8165,18494.360999999997,18488.783499999998,18493.810999999998
2024-08-01 03:20:00+00:00,18494.289,18496.289,18490.822,18493.8055
2024-08-01 03:25:00+00:00,18493.3,18496.289,18490.816499999997,18496.289
2024-08-01 03:30:00+00:00,18497.25,18500.3,18494.2945,18499.239
2024-08-01 03:35:00+00:00,18498.789,18498.872,18492.789,18493.3055
2024-08-01 03:40:00+00:00,18492.310999999998,18494.3,18488.778,18494.289
2024-08-01 03:45:00+00:00,18493.8,18506.3055,18493.8,18503.855499999998
2024-08-01 03:50:00+00:00,18504.778,18506.866499999996,18498.25,18506.866499999996
2024-08-01 03:55:00+00:00,18506.355499999998,18516.8055,18504.7835,18515.316499999997
2024-08-01 04:00:00+00:00,18515.866499999996,18517.860999999997,18508.810999999998,18511.3165
2024-08-01 04:05:00+00:00,18512.3055,18516.8,18511.366499999996,18512.8
2024-08-01 04:10:00+00:00,18513.2945,18515.355499999998,18511.289,18513.316499999997
2024-08-01 04:15:00+00:00,18513.8,18515.2945,18509.289,18511.3
2024-08-01 04:20:00+00:00,18511.728,18513.2945,18509.789,18511.3
2024-08-01 04:25:00+00:00,18511.778,18515.3165,18507.3055,18507.35
2024-08-01 04:30:00+00:00,18507.8055,18507.8055,18500.810999999998,18501.8055
2024-08-01 04:35:00+00:00,18502.2945,18505.778,18500.789,18501.239
2024-08-01 04:40:00+00:00,18500.810999999998,18505.3,18494.355499999998,18502.7835
2024-08-01 04:45:00+00:00,18502.355499999998,18504.310999999998,18495.739,18495.8
2024-08-01 04:50:00+00:00,18495.228,18496.289,18486.8055,18492.289
2024-08-01 04:55:00+00:00,18492.75,18497.310999999998,18492.3,18495.783499999998
2024-08-01 05:00:00+00:00,18497.355499999998,18501.289,18491.783499999998,18495.289
2024-08-01 05:05:00+00:00,18496.25,18504.3055,18495.3,18503.366499999996
2024-08-01 05:10:00+00:00,18503.822,18507.35,18497.3,18497.810999999998
2024-08-01 05:15:00+00:00,18497.366499999996,18497.366499999996,18492.733500000002,18495.8
2024-08-01 05:20:00+00:00,18496.8055,18497.3,18487.8,18490.2945
2024-08-01 05:25:00+00:00,18490.8055,18498.233500000002,18490.310999999998,18497.2945
2024-08-01 05:30:00+00:00,18496.866499999996,18509.7945,18494.228,18509.7945
2024-08-01 05:35:00+00:00,18510.3055,18517.85,18509.789,18517.85
2024-08-01 05:40:00+00:00,18518.8055,18527.789,18516.2445,18521.7445
2024-08-01 05:45:00+00:00,18521.366499999996,18522.3,18515.228,18519.289
2024-08-01 05:50:00+00:00,18518.733500000002,18518.8165,18507.233500000002,18512.7945
2024-08-01 05:55:00+00:00,18513.8,18516.3,18505.778,18515.289
2024-08-01 06:00:00+00:00,18514.75,18517.778,18482.789,18483.7945
2024-08-01 06:05:00+00:00,18483.239,18487.3,18461.75,18469.816499999997
2024-08-01 06:10:00+00:00,18470.233500000002,18472.8055,18459.289,18460.789
2024-08-01 06:15:00+00:00,18462.8,18472.2945,18456.310999999998,18469.810999999998
2024-08-01 06:20:00+00:00,18469.3,18471.283499999998,18462.8165,18470.8055
2024-08-01 06:25:00+00:00,18470.3,18470.8,18463.778,18468.2945
2024-08-01 06:30:00+00:00,18468.855499999998,18471.310999999998,18456.733500000002,18458.3
2024-08-01 06:35:00+00:00,18457.8,18459.872,18437.8,18443.3055
2024-08-01 06:40:00+00:00,18443.8,18443.8,18425.2945,18436.8
2024-08-01 06:45:00+00:00,18434.8,18442.733500000002,18431.289,18435.75
2024-08-01 06:50:00+00:00,18435.360999999997,18435.360999999997,18409.8,18414.8
2024-08-01 06:55:00+00:00,18414.2835,18416.866499999996,18395.85,18402.2835
2024-08-01 07:00:00+00:00,18402.8,18429.8055,18389.8,18419.7835
2024-08-01 07:05:00+00:00,18420.2945,18435.85,18414.733500000002,18422.7945
2024-08-01 07:10:00+00:00,18423.8,18428.7835,18402.789,18409.789
2024-08-01 07:15:00+00:00,18407.8,18416.8055,18391.7945,18400.739
2024-08-01 07:20:00+00:00,18398.8055,18421.310999999998,18381.289,18419.816499999997
2024-08-01 07:25:00+00:00,18418.7835,18421.816499999997,18381.739,18388.816499999997
2024-08-01 07:30:00+00:00,18388.2945,18389.8055,18364.75,18372.7445
2024-08-01 07:35:00+00:00,18371.7445,18375.8,18342.7445,18346.278
2024-08-01 07:40:00+00:00,18345.316499999997,18361.0055,18336.989,18360.072
2024-08-01 07:45:00+00:00,18359.011,18359.978,18321.9945,18332.011
2024-08-01 07:50:00+00:00,18334.4945,18339.072,18298.489,18309.0055
2024-08-01 07:55:00+00:00,18309.928,18336.516499999998,18307.511,18319.55
2024-08-01 08:00:00+00:00,18319.9945,18320.928,18286.060999999998,18303.072
2024-08-01 08:05:00+00:00,18304.0,18312.0,18294.978,18309.4945
2024-08-01 08:10:00+00:00,18310.05,18310.05,18276.95,18287.05
2024-08-01 08:15:00+00:00,18285.95,18294.0055,18277.0,18284.011
2024-08-01 08:20:00+00:00,18282.939000000002,18288.060999999998,18274.022,18279.95
2024-08-01 08:25:00+00:00,18281.011,18293.060999999998,18272.022,18285.978
2024-08-01 08:30:00+00:00,18285.0,18302.0,18272.489,18300.989
2024-08-01 08:35:00+00:00,18301.55,18309.0165,18276.4445,18276.4445
2024-08-01 08:40:00+00:00,18275.95,18279.0165,18261.0,18275.05
2024-08-01 08:45:00+00:00,18274.0,18280.522,18261.011,18269.0
2024-08-01 08:50:00+00:00,18267.9945,18290.066499999997,18267.989,18277.9945
2024-08-01 08:55:00+00:00,18277.478,18283.05,18269.978,18279.989
2024-08-01 09:00:00+00:00,18280.433500000003,18300.0165,18270.011,18294.9945
2024-08-01 09:05:00+00:00,18294.060999999998,18301.489,18273.9445,18299.0
2024-08-01 09:10:00+00:00,18299.428,18314.0055,18295.928,18310.989
2024-08-01 09:15:00+00:00,18311.5055,18319.0,18299.5,18302.978
2024-08-01 09:20:00+00:00,18304.0555,18309.0055,18286.4945,18301.011
2024-08-01 09:25:00+00:00,18300.5,18307.0,18291.928,18307.0
2024-08-01 09:30:00+00:00,18305.489,18313.0055,18295.928,18297.060999999998
2024-08-01 09:35:00+00:00,18296.0,18327.0,18295.989,18327.0
2024-08-01 09:40:00+00:00,18326.072,18331.511,18320.0,18321.0055
2024-08-01 09:45:00+00:00,18320.0055,18326.566499999997,18317.0055,18325.0
2024-08-01 09:50:00+00:00,18324.5,18336.0055,18320.989,18335.016499999998
2024-08-01 09:55:00+00:00,18333.9445,18335.0555,18326.5055,18334.989
2024-08-01 10:00:00+00:00,18335.511,18340.983500000002,18325.0,18334.011
2024-08-01 10:05:00+00:00,18333.5,18348.072,18327.5,18346.0
2024-08-01 10:10:00+00:00,18344.978,18351.5,18340.572,18344.928
2024-08-01 10:15:00+00:00,18346.9945,18358.0,18343.55,18358.0
2024-08-01 10:20:00+00:00,18356.9945,18364.511,18356.0055,18358.0055
2024-08-01 10:25:00+00:00,18358.9945,18371.072,18357.5,18370.5055
2024-08-01 10:30:00+00:00,18370.066499999997,18372.928,18361.983500000002,18368.989
2024-08-01 10:35:00+00:00,18368.572,18373.5,18362.5,18371.011
2024-08-01 10:40:00+00:00,18371.9945,18376.511,18366.5055,18374.066499999997
2024-08-01 10:45:00+00:00,18374.433500000003,18374.9945,18365.428,18366.9835
2024-08-01 10:50:00+00:00,18365.989,18371.5055,18359.989,18364.9835
2024-08-01 10:55:00+00:00,18365.983500000002,18377.016499999998,18363.0,18370.5
2024-08-01 11:00:00+00:00,18372.0,18383.05,18363.060999999998,18380.978
2024-08-01 11:05:00+00:00,18381.5055,18387.05,18373.978,18375.072
2024-08-01 11:10:00+00:00,18374.5165,18390.0055,18374.478,18382.928
2024-08-01 11:15:00+00:00,18381.433500000003,18384.0,18373.939000000002,18374.9945
2024-08-01 11:20:00+00:00,18374.522,18381.5,18360.95,18363.0055
2024-08-01 11:25:00+00:00,18363.566499999997,18368.022,18359.0,18360.5055
2024-08-01 11:30:00+00:00,18359.5055,18366.0055,18339.978,18340.0055
2024-08-01 11:35:00+00:00,18340.928,18345.011,18320.011,18328.0
2024-08-01 11:40:00+00:00,18328.489,18329.0055,18310.928,18311.933500000003
2024-08-01 11:45:00+00:00,18314.011,18325.016499999998,18309.011,18309.011
2024-08-01 11:50:00+00:00,18309.489,18313.0055,18305.5,18307.478
2024-08-01 11:55:00+00:00,18307.0,18312.572,18294.9945,18297.5055
2024-08-01 12:00:00+00:00,18298.066499999997,18314.516499999998,18297.9945,18311.011
2024-08-01 12:05:00+00:00,18310.05,18321.4945,18304.433500000003,18320.983500000002
2024-08-01 12:10:00+00:00,18322.0,18322.0,18305.983500000002,18312.933500000003
2024-08-01 12:15:00+00:00,18313.9945,18323.4835,18306.5,18306.5
2024-08-01 12:20:00+00:00,18307.0,18311.928,18304.983500000002,18311.928
2024-08-01 12:25:00+00:00,18309.4945,18313.522,18304.0,18310.516499999998
2024-08-01 12:30:00+00:00,18314.066499999997,18326.0,18309.9945,18319.0165
2024-08-01 12:35:00+00:00,18318.0055,18318.066499999997,18300.5,18307.0
2024-08-01 12:40:00+00:00,18305.011,18308.011,18278.989,18288.011
2024-08-01 12:45:00+00:00,18287.4445,18288.072,18279.933500000003,18280.95
2024-08-01 12:50:00+00:00,18281.5,18291.0055,18274.928,18289.072
2024-08-01 12:55:00+00:00,18288.0,18296.011,18276.989,18295.066499999997
2024-08-01 13:00:00+00:00,18294.0,18317.016499999998,18288.566499999997,18316.5
2024-08-01 13:05:00+00:00,18315.939000000002,18328.5,18314.0055,18325.011
2024-08-01 13:10:00+00:00,18325.928,18331.522,18317.45,18317.45
2024-08-01 13:15:00+00:00,18317.9445,18319.072,18295.45,18298.5055
2024-08-01 13:20:00+00:00,18299.05,18302.0555,18282.0555,18282.983500000002
2024-08-01 13:25:00+00:00,18282.0,18309.022,18282.0,18302.989
2024-08-01 13:30:00+00:00,18301.95,18315.4445,18299.5055,18308.939000000002
2024-08-01 13:35:00+00:00,18309.983500000002,18328.022,18297.0,18318.9445
2024-08-01 13:40:00+00:00,18318.0055,18330.45,18317.478,18329.0055
2024-08-01 13:45:00+00:00,18328.5555,18330.0,18312.016499999998,18321.0
2024-08-01 13:50:00+00:00,18322.0,18324.0055,18297.9945,18297.9945
2024-08-01 13:55:00+00:00,18297.5,18315.489,18296.0555,18313.489
2024-08-01 14:00:00+00:00,18305.0055,18309.4835,18269.95,18270.9945
2024-08-01 14:05:00+00:00,18270.0055,18271.0,18220.572,18220.572
2024-08-01 14:10:00+00:00,18219.933500000003,18228.0,18194.0,18195.489
2024-08-01 14:15:00+00:00,18196.0555,18208.483500000002,18179.9945,18189.011
2024-08-01 14:20:00+00:00,18188.0055,18194.060999999998,18161.9945,18179.0055
2024-08-01 14:25:00+00:00,18179.5555,18182.0555,18159.489,18161.933500000003
2024-08-01 14:30:00+00:00,18162.4945,18174.0,18139.0,18155.0
2024-08-01 14:35:00+00:00,18155.933500000003,18156.0165,18128.0,18144.0055
2024-08-01 14:40:00+00:00,18144.939000000002,18152.5055,18115.95,18116.95
2024-08-01 14:45:00+00:00,18117.566499999997,18117.566499999997,18081.45,18082.9445
2024-08-01 14:50:00+00:00,18084.0,18115.022,18083.933500000003,18095.011
2024-08-01 14:55:00+00:00,18093.5,18111.011,18082.0555,18088.9445
2024-08-01 15:00:00+00:00,18087.572,18097.572,18078.489,18082.0
2024-08-01 15:05:00+00:00,18083.011,18096.5555,18078.928,18095.066499999997
2024-08-01 15:10:00+00:00,18093.9835,18099.0,18082.5555,18085.05
2024-08-01 15:15:00+00:00,18085.489,18102.560999999998,18083.989,18099.5055
2024-08-01 15:20:00+00:00,18099.0055,18101.0,18074.478,18076.0
2024-08-01 15:25:00+00:00,18076.983500000002,18095.072,18075.516499999998,18086.5055
2024-08-01 15:30:00+00:00,18088.516499999998,18090.522,18075.928,18086.0055
2024-08-01 15:35:00+00:00,18087.9945,18094.5055,18072.0,18087.9445
2024-08-01 15:40:00+00:00,18087.433500000003,18090.511,18074.4945,18078.5055
2024-08-01 15:45:00+00:00,18077.516499999998,18078.5555,18060.45,18066.5
2024-08-01 15:50:00+00:00,18066.9945,18084.9945,18058.060999999998,18081.5055
2024-08-01 15:55:00+00:00,18082.433500000003,18093.5,18080.0055,18080.9945
2024-08-01 16:00:00+00:00,18081.5055,18094.511,18068.489,18092.0
2024-08-01 16:05:00+00:00,18092.433500000003,18106.016499999998,18083.0555,18098.4945
2024-08-01 16:10:00+00:00,18097.511,18099.516499999998,18080.928,18089.478
2024-08-01 16:15:00+00:00,18088.4945,18103.0,18076.489,18079.022
2024-08-01 16:20:00+00:00,18080.066499999997,18085.5,18054.5055,18055.9445
2024-08-01 16:25:00+00:00,18056.489,18070.5,18055.439000000002,18068.4945
2024-08-01 16:30:00+00:00,18068.016499999998,18068.511,18054.5055,18055.0
2024-08-01 16:35:00+00:00,18055.95,18070.5,18049.4945,18055.4445
2024-08-01 16:40:00+00:00,18056.011,18061.5,18051.489,18059.511
2024-08-01 16:45:00+00:00,18059.011,18066.066499999997,18053.478,18061.439000000002
2024-08-01 16:50:00+00:00,18062.011,18072.5055,18052.489,18068.9945
2024-08-01 16:55:00+00:00,18068.572,18074.4835,18060.489,18062.4945
2024-08-01 17:00:00+00:00,18063.5,18068.4945,18057.5,18063.0
2024-08-01 17:05:00+00:00,18062.4445,18064.0,18041.05,18046.428
2024-08-01 17:10:00+00:00,18047.011,18051.511,18039.939000000002,18043.55
2024-08-01 17:15:00+00:00,18043.0055,18052.989,18036.5,18040.439000000002
2024-08-01 17:20:00+00:00,18041.011,18042.572,18030.55,18031.0055
2024-08-01 17:25:00+00:00,18030.560999999998,18040.572,18024.5,18033.483500000002
2024-08-01 17:30:00+00:00,18033.0165,18033.511,18023.428,18028.5055
2024-08-01 17:35:00+00:00,18029.5055,18030.511,18017.0555,18021.5165
2024-08-01 17:40:00+00:00,18021.989,18025.522,18013.4445,18020.483500000002
2024-08-01 17:45:00+00:00,18020.9945,18026.060999999998,18016.428,18018.483500000002
2024-08-01 17:50:00+00:00,18017.5555,18033.5055,18014.0,18033.011
2024-08-01 17:55:00+00:00,18032.572,18046.5055,18019.4945,18044.478
2024-08-01 18:00:00+00:00,18044.022,18047.939000000002,18027.433500000003,18029.433500000003
2024-08-01 18:05:00+00:00,18029.0,18035.511,18020.428,18021.5165
2024-08-01 18:10:00+00:00,18021.0165,18027.066499999997,18016.0,18019.55
2024-08-01 18:15:00+00:00,18019.95,18022.060999999998,18004.0055,18008.5
2024-08-01 18:20:00+00:00,18009.4445,18026.55,18008.5,18012.45
2024-08-01 18:25:00+00:00,18013.4945,18014.0,17995.4945,18002.0555
2024-08-01 18:30:00+00:00,18001.478,18004.572,17993.0,17999.5055
2024-08-01 18:35:00+00:00,17999.011,18003.9835,17994.983500000002,18001.5
2024-08-01 18:40:00+00:00,18000.522,18009.0165,17993.989,17994.5165
2024-08-01 18:45:00+00:00,17995.483500000002,17997.5555,17986.439000000002,17990.0
2024-08-01 18:50:00+00:00,17989.4835,18003.511,17989.4835,17992.5165
2024-08-01 18:55:00+00:00,17991.483500000002,18005.5,17988.4945,17997.4945
2024-08-01 19:00:00+00:00,17998.0,18010.0055,17993.4445,18008.511
2024-08-01 19:05:00+00:00,18007.5555,18011.022,17996.4945,18010.4945
2024-08-01 19:10:00+00:00,18011.0555,18027.022,18008.0,18015.439000000002
2024-08-01 19:15:00+00:00,18014.489,18025.9945,18007.428,18024.989
2024-08-01 19:20:00+00:00,18024.428,18029.55,18020.428,18029.016499999998
2024-08-01 19:25:00+00:00,18028.511,18035.0055,18023.572,18033.9945
2024-08-01 19:30:00+00:00,18034.4945,18042.516499999998,18022.9945,18023.9945
2024-08-01 19:35:00+00:00,18025.0055,18040.05,18024.0055,18039.439000000002
2024-08-01 19:40:00+00:00,18039.016499999998,18039.060999999998,18028.5,18035.066499999997
2024-08-01 19:45:00+00:00,18034.433500000003,18048.489,18030.45,18045.4945
2024-08-01 19:50:00+00:00,18045.022,18061.516499999998,18036.522,18039.5
2024-08-01 19:55:00+00:00,18040.566499999997,18054.5055,18038.9945,18048.5
2024-08-01 20:00:00+00:00,18051.5555,18051.5555,17969.933500000003,17989.0055
2024-08-01 20:05:00+00:00,17993.605499999998,18039.9165,17989.922,18009.4945
2024-08-01 20:10:00+00:00,18010.4055,18035.860999999997,17996.7,18024.6165
2024-08-01 22:00:00+00:00,18043.605499999998,18048.989,18038.1945,18047.3
2024-08-01 22:05:00+00:00,18046.511,18046.511,18017.9,18028.411
2024-08-01 22:10:00+00:00,18028.8,18041.3,18025.7,18030.5945
2024-08-01 22:15:00+00:00,18031.089,18034.7445,18004.65,18011.9
2024-08-01 22:20:00+00:00,18011.439000000002,18029.2055,18000.144500000002,18018.6
2024-08-01 22:25:00+00:00,18019.4555,18046.3055,18018.6,18039.2055
2024-08-01 22:30:00+00:00,18038.394500000002,18045.066499999997,18029.105499999998,18034.522
2024-08-01 22:35:00+00:00,18034.028,18035.7,18008.0,18011.289
2024-08-01 22:40:00+00:00,18010.9,18016.283499999998,17992.761,18009.228
2024-08-01 22:45:00+00:00,18008.8835,18013.066499999997,18007.539,18012.2165
2024-08-01 22:50:00+00:00,18011.316499999997,18013.066499999997,18000.5335,18005.172
2024-08-01 22:55:00+00:00,18005.4945,18007.566499999997,17985.939000000002,18005.161
2024-08-01 23:00:00+00:00,18003.022,18009.216500000002,17996.872,18007.489
2024-08-01 23:05:00+00:00,18007.1555,18024.9665,18007.1555,18024.9665
2024-08-01 23:10:00+00:00,18025.766499999998,18033.2,18012.783499999998,18018.589
2024-08-01 23:15:00+00:00,18020.128,18020.139000000003,18005.511,18012.310999999998
2024-08-01 23:20:00+00:00,18014.0055,18027.394500000002,18013.183500000003,18027.394500000002
2024-08-01 23:25:00+00:00,18026.839,18043.011,18024.3335,18038.6945
2024-08-01 23:30:00+00:00,18039.539,18046.2555,18033.2445,18036.789
2024-08-01 23:35:00+00:00,18036.4055,18047.55,18032.222,18046.716500000002
2024-08-01 23:40:00+00:00,18047.489,18048.4555,18035.15,18040.089
2024-08-01 23:45:00+00:00,18040.894500000002,18042.95,18028.560999999998,18036.461
2024-08-01 23:50:00+00:00,18035.889000000003,18037.605499999998,18027.378,18032.228
2024-08-01 23:55:00+00:00,18033.1945,18040.605499999998,18028.9445,18030.6835
2024-08-02 00:00:00+00:00,18028.589,18040.4555,18021.2,18030.839
2024-08-02 00:05:00+00:00,18030.439000000002,18030.516499999998,18016.3835,18017.211
2024-08-02 00:10:00+00:00,18018.028,18025.0055,18016.628,18017.5
2024-08-02 00:15:00+00:00,18016.433500000003,18017.989,17976.060999999998,17989.9945
2024-08-02 00:20:00+00:00,17991.5165,17991.978,17966.983500000002,17973.4945
2024-08-02 00:25:00+00:00,17974.011,17987.483500000002,17967.0,17985.439000000002
2024-08-02 00:30:00+00:00,17984.939000000002,18008.511,17984.939000000002,18006.5
2024-08-02 00:35:00+00:00,18006.0,18007.072,17998.4445,17999.9945
2024-08-02 00:40:00+00:00,18000.489,18004.95,17979.989,17982.5165
2024-08-02 00:45:00+00:00,17983.0,17990.4445,17977.516499999998,17986.45
2024-08-02 00:50:00+00:00,17985.0055,17992.933500000003,17979.5,17991.0
2024-08-02 00:55:00+00:00,17990.483500000002,18006.0,17988.489,18004.0055
2024-08-02 01:00:00+00:00,18003.5,18010.5,17989.016499999998,17990.5055
2024-08-02 01:05:00+00:00,17989.9945,18002.0,17984.489,18001.5
2024-08-02 01:10:00+00:00,18000.5,18009.566499999997,17999.5,18007.5055
2024-08-02 01:15:00+00:00,18003.989,18010.0165,18002.989,18007.011
2024-08-02 01:20:00+00:00,18008.0055,18012.9945,18001.522,18008.9945
2024-08-02 01:25:00+00:00,18008.511,18013.060999999998,18000.983500000002,18009.928
2024-08-02 01:30:00+00:00,18009.483500000002,18033.928,18008.0055,18014.511
2024-08-02 01:35:00+00:00,18013.928,18039.0,18013.928,18037.9445
2024-08-02 01:40:00+00:00,18038.978,18048.95,18038.978,18046.0
2024-08-02 01:45:00+00:00,18046.560999999998,18053.9445,18040.989,18048.0
2024-08-02 01:50:00+00:00,18048.4945,18048.4945,18037.0,18037.0
2024-08-02 01:55:00+00:00,18037.428,18037.511,18026.9945,18026.9945
2024-08-02 02:00:00+00:00,18028.060999999998,18032.0,18011.4445,18011.4445
2024-08-02 02:05:00+00:00,18011.9945,18025.0,18011.9945,18021.4945
2024-08-02 02:10:00+00:00,18021.0,18021.928,18013.4945,18013.9945
2024-08-02 02:15:00+00:00,18015.060999999998,18015.066499999997,17979.022,17985.060999999998
2024-08-02 02:20:00+00:00,17983.983500000002,17984.011,17941.0055,17944.978
2024-08-02 02:25:00+00:00,17945.4945,17956.9945,17942.9945,17956.9945
2024-08-02 02:30:00+00:00,17957.511,17969.489,17946.072,17951.0055
2024-08-02 02:35:00+00:00,17952.5055,17959.011,17944.939000000002,17954.55
2024-08-02 02:40:00+00:00,17954.0055,17963.45,17953.0,17963.0055
2024-08-02 02:45:00+00:00,17963.5555,17966.066499999997,17956.0055,17959.9945
2024-08-02 02:50:00+00:00,17960.5,17970.060999999998,17956.060999999998,17967.0
2024-08-02 02:55:00+00:00,17967.5,17988.522,17967.5,17980.0
2024-08-02 03:00:00+00:00,17980.5,17995.489,17980.4945,17991.928
2024-08-02 03:05:00+00:00,17992.5055,17993.0055,17985.0555,17985.522
2024-08-02 03:10:00+00:00,17984.5055,17991.022,17984.5055,17987.0055
2024-08-02 03:15:00+00:00,17985.016499999998,17998.9945,17983.0555,17998.9945
2024-08-02 03:20:00+00:00,17997.0,17997.4945,17990.9445,17991.572
2024-08-02 03:25:00+00:00,17989.0,17993.428,17984.022,17993.428
2024-08-02 03:30:00+00:00,17993.9945,18010.4945,17993.4945,18001.572
2024-08-02 03:35:00+00:00,18001.928,18006.011,17994.433500000003,17994.433500000003
2024-08-02 03:40:00+00:00,17993.511,17994.983500000002,17990.45,17991.983500000002
2024-08-02 03:45:00+00:00,17991.516499999998,17999.066499999997,17991.0,17993.4945
2024-08-02 03:50:00+00:00,17993.989,18002.5165,17991.5,17995.95
2024-08-02 03:55:00+00:00,17996.9445,18001.0555,17995.95,18001.0555
2024-08-02 04:00:00+00:00,18001.45,18005.522,17996.4945,17998.9945
2024-08-02 04:05:00+00:00,17997.522,18000.4945,17991.5055,17992.511
2024-08-02 04:10:00+00:00,17992.9445,17998.4945,17988.978,17997.066499999997
2024-08-02 04:15:00+00:00,17992.989,17998.060999999998,17991.478,17994.489
2024-08-02 04:20:00+00:00,17993.011,18010.05,17992.0,18007.4835
2024-08-02 04:25:00+00:00,18006.4445,18008.022,18003.0055,18006.0
2024-08-02 04:30:00+00:00,18006.566499999997,18012.072,17997.9945,17999.5
2024-08-02 04:35:00+00:00,17998.989,17998.989,17988.5,17992.4835
2024-08-02 04:40:00+00:00,17991.928,17991.928,17984.939000000002,17988.9945
2024-08-02 04:45:00+00:00,17989.5,17990.9945,17987.5,17987.5
2024-08-02 04:50:00+00:00,17985.478,17986.9835,17976.5165,17980.9835
2024-08-02 04:55:00+00:00,17980.4835,17981.433500000003,17970.983500000002,17977.4945
2024-08-02 05:00:00+00:00,17978.060999999998,17978.060999999998,17958.4445,17965.983500000002
2024-08-02 05:05:00+00:00,17966.45,17979.5,17966.45,17979.5
2024-08-02 05:10:00+00:00,17979.933500000003,17987.4835,17979.4945,17983.989
2024-08-02 05:15:00+00:00,17986.0055,17999.9945,17986.0055,17990.4945
2024-08-02 05:20:00+00:00,17989.5165,17989.5165,17980.478,17983.989
2024-08-02 05:25:00+00:00,17983.511,17987.9945,17979.5055,17986.022
2024-08-02 05:30:00+00:00,17986.483500000002,17987.9945,17963.939000000002,17964.572
2024-08-02 05:35:00+00:00,17964.05,17964.05,17928.0,17931.5055
2024-08-02 05:40:00+00:00,17933.5055,17949.566499999997,17923.016499999998,17926.022
2024-08-02 05:45:00+00:00,17928.9945,17963.0555,17928.9945,17957.483500000002
2024-08-02 05:50:00+00:00,17957.0,17959.060999999998,17944.4945,17945.483500000002
2024-08-02 05:55:00+00:00,17945.989,17967.0165,17945.478,17966.022
2024-08-02 06:00:00+00:00,17967.55,17968.5,17939.511,17944.433500000003
2024-08-02 06:05:00+00:00,17945.516499999998,17952.4945,17923.4945,17925.011
2024-08-02 06:10:00+00:00,17925.4445,17925.5,17895.989,17902.022
2024-08-02 06:15:00+00:00,17902.489,17933.066499999997,17899.5,17929.933500000003
2024-08-02 06:20:00+00:00,17927.983500000002,17936.560999999998,17911.939000000002,17912.566499999997
2024-08-02 06:25:00+00:00,17911.9945,17922.011,17876.439000000002,17881.0
2024-08-02 06:30:00+00:00,17879.011,17903.4835,17876.55,17901.9445
2024-08-02 06:35:00+00:00,17902.5,17920.45,17895.439000000002,17916.928
2024-08-02 06:40:00+00:00,17916.011,17936.0165,17915.5,17925.95
2024-08-02 06:45:00+00:00,17925.572,17931.5,17905.95,17905.95
2024-08-02 06:50:00+00:00,17905.516499999998,17928.0,17901.0,17927.5
2024-08-02 06:55:00+00:00,17926.95,17933.55,17901.989,17906.95
2024-08-02 07:00:00+00:00,17906.0055,17909.4445,17877.0555,17877.0555
2024-08-02 07:05:00+00:00,17878.066499999997,17904.072,17862.016499999998,17865.072
2024-08-02 07:10:00+00:00,17863.9945,17867.0,17820.0055,17822.939000000002
2024-08-02 07:15:00+00:00,17823.989,17825.978,17784.928,17804.95
2024-08-02 07:20:00+00:00,17806.0165,17828.0555,17801.0055,17828.0055
2024-08-02 07:25:00+00:00,17829.0,17871.478,17813.9945,17866.5165
2024-08-02 07:30:00+00:00,17867.011,17870.572,17831.0,17837.5
2024-08-02 07:35:00+00:00,17838.5055,17863.516499999998,17827.933500000003,17863.516499999998
2024-08-02 07:40:00+00:00,17864.989,17882.022,17853.4835,17856.0
2024-08-02 07:45:00+00:00,17857.0055,17861.0165,17831.572,17831.572
2024-08-02 07:50:00+00:00,17832.0555,17846.0,17830.983500000002,17836.928
2024-08-02 07:55:00+00:00,17834.0,17864.011,17822.0,17862.5165
2024-08-02 08:00:00+00:00,17862.9945,17882.560999999998,17847.5055,17877.9445
2024-08-02 08:05:00+00:00,17875.0,17888.9945,17860.0055,17882.0
2024-08-02 08:10:00+00:00,17883.0055,17883.0055,17856.0,17858.989
2024-08-02 08:15:00+00:00,17858.0,17872.0,17843.4835,17858.9445
2024-08-02 08:20:00+00:00,17860.0055,17872.478,17852.5,17870.066499999997
2024-08-02 08:25:00+00:00,17867.95,17883.0,17865.928,17876.0
2024-08-02 08:30:00+00:00,17875.066499999997,17895.066499999997,17874.011,17891.0
2024-08-02 08:35:00+00:00,17889.978,17900.511,17884.978,17898.9445
2024-08-02 08:40:00+00:00,17899.4945,17910.0,17888.928,17899.933500000003
2024-08-02 08:45:00+00:00,17902.060999999998,17906.0055,17877.9445,17886.933500000003
2024-08-02 08:50:00+00:00,17888.0,17902.0,17888.0,17896.939000000002
2024-08-02 08:55:00+00:00,17898.066499999997,17920.439000000002,17897.011,17910.0
2024-08-02 09:00:00+00:00,17908.9835,17915.4945,17884.0,17885.066499999997
2024-08-02 09:05:00+00:00,17886.0,17886.0,17868.072,17870.060999999998
2024-08-02 09:10:00+00:00,17871.0055,17871.0055,17851.978,17853.060999999998
2024-08-02 09:15:00+00:00,17853.511,17858.0,17840.978,17850.560999999998
2024-08-02 09:20:00+00:00,17850.011,17856.0,17839.516499999998,17852.9945
2024-08-02 09:25:00+00:00,17853.4945,17855.0,17833.95,17835.066499999997
2024-08-02 09:30:00+00:00,17836.0055,17846.072,17831.4445,17841.011
2024-08-02 09:35:00+00:00,17842.011,17856.0,17840.0,17843.5055
2024-08-02 09:40:00+00:00,17843.0055,17846.989,17829.9835,17836.011
2024-08-02 09:45:00+00:00,17836.511,17838.0165,17819.989,17820.011
2024-08-02 09:50:00+00:00,17820.5055,17821.011,17807.016499999998,17817.45
2024-08-02 09:55:00+00:00,17817.9945,17829.95,17817.9945,17825.016499999998
2024-08-02 10:00:00+00:00,17826.0,17837.439000000002,17813.983500000002,17820.022
2024-08-02 10:05:00+00:00,17820.5055,17826.0555,17797.983500000002,17804.011
2024-08-02 10:10:00+00:00,17804.939000000002,17817.45,17803.9445,17813.0055
2024-08-02 10:15:00+00:00,17812.0,17818.5,17806.9835,17810.9945
2024-08-02 10:20:00+00:00,17811.489,17812.989,17799.9945,17805.0
2024-08-02 10:25:00+00:00,17805.433500000003,17812.0055,17800.511,17805.011
2024-08-02 10:30:00+00:00,17804.0555,17807.072,17777.0055,17780.989
2024-08-02 10:35:00+00:00,17782.011,17791.011,17773.011,17788.0055
2024-08-02 10:40:00+00:00,17787.0055,17813.5165,17785.9945,17801.9945
2024-08-02 10:45:00+00:00,17805.4945,17807.0055,17794.989,17802.928
2024-08-02 10:50:00+00:00,17802.4945,17814.478,17796.066499999997,17810.5
2024-08-02 10:55:00+00:00,17810.933500000003,17815.5165,17794.428,17795.511
2024-08-02 11:00:00+00:00,17795.939000000002,17811.9445,17793.489,17811.9445
2024-08-02 11:05:00+00:00,17811.066499999997,17819.989,17798.511,17801.983500000002
2024-08-02 11:10:00+00:00,17801.0055,17807.939000000002,17790.4835,17790.566499999997
2024-08-02 11:15:00+00:00,17791.0,17791.9945,17773.933500000003,17785.066499999997
2024-08-02 11:20:00+00:00,17783.05,17787.5,17767.983500000002,17772.066499999997
2024-08-02 11:25:00+00:00,17772.45,17781.072,17770.5055,17777.989
2024-08-02 11:30:00+00:00,17777.4945,17788.0055,17766.9445,17787.572
2024-08-02 11:35:00+00:00,17786.478,17794.0,17776.9445,17792.0055
2024-08-02 11:40:00+00:00,17793.0,17796.55,17785.95,17794.0
2024-08-02 11:45:00+00:00,17793.011,17798.433500000003,17778.5165,17787.0055
2024-08-02 11:50:00+00:00,17786.0165,17800.516499999998,17781.9445,17793.939000000002
2024-08-02 11:55:00+00:00,17794.5055,17808.989,17790.0055,17806.060999999998
2024-08-02 12:00:00+00:00,17807.05,17825.060999999998,17805.5,17823.9945
2024-08-02 12:05:00+00:00,17822.989,17830.4445,17819.016499999998,17823.0055
2024-08-02 12:10:00+00:00,17823.989,17826.5,17807.933500000003,17812.0165
2024-08-02 12:15:00+00:00,17811.511,17827.45,17807.439000000002,17826.011
2024-08-02 12:20:00+00:00,17824.4945,17825.45,17814.511,17824.489
2024-08-02 12:25:00+00:00,17824.983500000002,17844.016499999998,17824.489,17836.428
2024-08-02 12:30:00+00:00,17842.0,17842.0,17664.5,17672.4945
2024-08-02 12:35:00+00:00,17673.0055,17729.9835,17663.5,17714.55
2024-08-02 12:40:00+00:00,17713.5,17746.489,17696.5055,17737.4945
2024-08-02 12:45:00+00:00,17736.428,17780.5,17729.9945,17779.522
2024-08-02 12:50:00+00:00,17780.5055,17795.4945,17749.478,17759.439000000002
2024-08-02 12:55:00+00:00,17758.489,17767.433500000003,17749.5,17749.989
2024-08-02 13:00:00+00:00,17750.5,17761.4945,17725.5,17739.489
2024-08-02 13:05:00+00:00,17737.5055,17757.0,17736.0055,17738.011
2024-08-02 13:10:00+00:00,17735.95,17758.511,17735.4445,17753.45
2024-08-02 13:15:00+00:00,17753.9945,17779.0055,17751.489,17778.5165
2024-08-02 13:20:00+00:00,17777.478,17777.989,17745.9945,17747.4945
2024-08-02 13:25:00+00:00,17744.560999999998,17747.478,17732.5165,17738.978
2024-08-02 13:30:00+00:00,17737.933500000003,17740.05,17691.9945,17704.516499999998
2024-08-02 13:35:00+00:00,17704.011,17759.522,17695.4945,17758.433500000003
2024-08-02 13:40:00+00:00,17760.516499999998,17790.55,17753.5,17768.95
2024-08-02 13:45:00+00:00,17767.439000000002,17780.4945,17731.428,17751.478
2024-08-02 13:50:00+00:00,17750.511,17776.5165,17713.5055,17714.066499999997
2024-08-02 13:55:00+00:00,17714.4945,17744.0,17714.4945,17740.478
2024-08-02 14:00:00+00:00,17742.4945,17776.4445,17733.5555,17756.5
2024-08-02 14:05:00+00:00,17757.4945,17758.4945,17705.4945,17711.428
2024-08-02 14:10:00+00:00,17709.5,17711.45,17683.433500000003,17686.45
2024-08-02 14:15:00+00:00,17688.5055,17733.9945,17679.5165,17683.522
2024-08-02 14:20:00+00:00,17682.0,17702.9945,17670.433500000003,17691.489
2024-08-02 14:25:00+00:00,17693.5,17738.516499999998,17684.433500000003,17702.516499999998
2024-08-02 14:30:00+00:00,17700.566499999997,17734.5165,17697.483500000002,17705.483500000002
2024-08-02 14:35:00+00:00,17703.4945,17705.478,17676.0055,17677.511
2024-08-02 14:40:00+00:00,17674.428,17703.572,17673.428,17677.5055
2024-08-02 14:45:00+00:00,17678.489,17716.511,17675.5055,17703.5
2024-08-02 14:50:00+00:00,17704.011,17708.511,17657.483500000002,17663.4945
2024-08-02 14:55:00+00:00,17664.016499999998,17673.516499999998,17656.5,17658.4945
2024-08-02 15:00:00+00:00,17659.522,17666.572,17629.4945,17635.9445
2024-08-02 15:05:00+00:00,17635.4835,17648.5555,17621.483500000002,17629.428
2024-08-02 15:10:00+00:00,17628.9945,17661.4945,17620.5,17630.939000000002
2024-08-02 15:15:00+00:00,17630.516499999998,17656.5,17628.45,17642.4945
2024-08-02 15:20:00+00:00,17643.5,17652.0,17628.45,17651.483500000002
2024-08-02 15:25:00+00:00,17649.433500000003,17655.5055,17628.4945,17639.5
2024-08-02 15:30:00+00:00,17643.511,17665.060999999998,17641.511,17663.511
2024-08-02 15:35:00+00:00,17661.560999999998,17684.45,17659.4835,17672.0
2024-08-02 15:40:00+00:00,17671.428,17697.0555,17666.5165,17694.0055
2024-08-02 15:45:00+00:00,17691.5055,17699.066499999997,17674.5,17694.45
2024-08-02 15:50:00+00:00,17694.0,17701.5055,17678.978,17681.4945
2024-08-02 15:55:00+00:00,17682.428,17704.5,17680.516499999998,17690.439000000002
2024-08-02 16:00:00+00:00,17690.0,17703.5,17682.989,17703.5
2024-08-02 16:05:00+00:00,17703.011,17709.572,17686.0,17692.0055
2024-08-02 16:10:00+00:00,17691.55,17692.5055,17670.0,17682.560999999998
2024-08-02 16:15:00+00:00,17683.55,17710.511,17680.439000000002,17709.5
2024-08-02 16:20:00+00:00,17708.9945,17717.9945,17696.0555,17701.5
2024-08-02 16:25:00+00:00,17702.5,17714.5055,17694.489,17708.511
2024-08-02 16:30:00+00:00,17709.0055,17714.0055,17692.428,17706.989
2024-08-02 16:35:00+00:00,17706.5055,17711.0055,17694.5555,17706.55
2024-08-02 16:40:00+00:00,17705.516499999998,17719.0,17703.5055,17705.489
2024-08-02 16:45:00+00:00,17706.0055,17710.011,17689.428,17697.5055
2024-08-02 16:50:00+00:00,17698.4945,17701.428,17673.5,17676.511
2024-08-02 16:55:00+00:00,17675.9445,17703.060999999998,17671.060999999998,17692.5055
2024-08-02 17:00:00+00:00,17693.0165,17698.4945,17670.05,17685.511
2024-08-02 17:05:00+00:00,17686.5,17700.5,17683.9945,17696.0055
2024-08-02 17:10:00+00:00,17695.4835,17714.0,17684.5,17709.4945
2024-08-02 17:15:00+00:00,17708.428,17710.511,17695.433500000003,17700.511
2024-08-02 17:20:00+00:00,17701.5,17701.5,17679.5055,17686.0165
2024-08-02 17:25:00+00:00,17686.5055,17699.5555,17683.016499999998,17685.483500000002
2024-08-02 17:30:00+00:00,17683.5,17690.9835,17678.4835,17685.95
2024-08-02 17:35:00+00:00,17686.478,17686.478,17674.5055,17676.489
2024-08-02 17:40:00+00:00,17677.5055,17684.489,17668.4835,17683.0
2024-08-02 17:45:00+00:00,17683.5,17691.5,17675.4835,17676.55
2024-08-02 17:50:00+00:00,17677.0055,17687.522,17671.066499999997,17671.428
2024-08-02 17:55:00+00:00,17671.983500000002,17683.978,17670.9945,17678.522
2024-08-02 18:00:00+00:00,17678.011,17678.016499999998,17664.5165,17673.433500000003
2024-08-02 18:05:00+00:00,17674.4445,17682.5,17668.939000000002,17669.989
2024-08-02 18:10:00+00:00,17670.511,17682.478,17669.011,17679.0165
2024-08-02 18:15:00+00:00,17678.5,17690.011,17674.439000000002,17689.5
2024-08-02 18:20:00+00:00,17688.4835,17711.572,17687.511,17709.4945
2024-08-02 18:25:00+00:00,17710.566499999997,17722.933500000003,17707.5,17722.933500000003
2024-08-02 18:30:00+00:00,17722.483500000002,17728.4835,17710.428,17712.560999999998
2024-08-02 18:35:00+00:00,17712.0,17712.0,17699.0,17703.489
2024-08-02 18:40:00+00:00,17704.0,17716.0055,17703.0,17708.5555
2024-08-02 18:45:00+00:00,17707.9945,17717.5055,17702.5055,17706.5
2024-08-02 18:50:00+00:00,17707.0,17714.511,17704.489,17711.5055
2024-08-02 18:55:00+00:00,17711.0,17722.978,17705.489,17707.0055
2024-08-02 19:00:00+00:00,17706.428,17722.55,17704.5165,17709.5055
2024-08-02 19:05:00+00:00,17710.0055,17711.560999999998,17695.489,17705.566499999997
2024-08-02 19:10:00+00:00,17705.022,17716.016499999998,17696.939000000002,17713.978
2024-08-02 19:15:00+00:00,17713.5,17718.516499999998,17707.0,17711.511
2024-08-02 19:20:00+00:00,17711.011,17716.0,17705.5,17714.5
2024-08-02 19:25:00+00:00,17715.0055,17723.9835,17704.011,17721.483500000002
2024-08-02 19:30:00+00:00,17721.0,17729.9945,17716.5,17719.0
2024-08-02 19:35:00+00:00,17719.566499999997,17721.572,17694.0,17694.5555
2024-08-02 19:40:00+00:00,17693.5,17710.511,17691.016499999998,17710.0
2024-08-02 19:45:00+00:00,17708.0,17718.4945,17700.0555,17700.5
2024-08-02 19:50:00+00:00,17699.5,17718.011,17685.4445,17717.516499999998
2024-08-02 19:55:00+00:00,17715.016499999998,17733.0,17715.016499999998,17722.5055
2024-08-02 20:00:00+00:00,17720.0,17720.0,17720.0,17720.0
2024-08-05 00:00:00+00:00,17551.8,17561.211,17541.339,17556.2
2024-08-05 00:05:00+00:00,17555.7945,17566.610999999997,17551.7055,17563.2
2024-08-05 00:10:00+00:00,17564.0945,17575.8835,17544.728,17552.2
2024-08-05 00:15:00+00:00,17556.989,17567.4945,17513.566499999997,17516.4835
2024-08-05 00:20:00+00:00,17516.55,17534.95,17515.9835,17531.4945
2024-08-05 00:25:00+00:00,17530.439000000002,17572.5055,17529.4945,17572.5055
2024-08-05 00:30:00+00:00,17573.0,17573.0555,17541.428,17565.016499999998
2024-08-05 00:35:00+00:00,17566.0055,17571.5055,17525.0,17527.9835
2024-08-05 00:40:00+00:00,17528.989,17565.0165,17528.5055,17563.011
2024-08-05 00:45:00+00:00,17563.4945,17568.9835,17539.022,17539.022
2024-08-05 00:50:00+00:00,17541.0,17547.5055,17530.928,17533.989
2024-08-05 00:55:00+00:00,17535.0055,17560.5,17535.0055,17547.5
2024-08-05 01:00:00+00:00,17546.428,17563.4945,17519.9835,17519.9835
2024-08-05 01:05:00+00:00,17520.5,17530.0055,17494.433500000003,17497.433500000003
2024-08-05 01:10:00+00:00,17496.560999999998,17509.989,17492.489,17501.511
2024-08-05 01:15:00+00:00,17501.072,17534.060999999998,17498.983500000002,17530.989
2024-08-05 01:20:00+00:00,17531.489,17533.0,17510.511,17525.9835
2024-08-05 01:25:00+00:00,17525.511,17526.522,17503.983500000002,17514.0
2024-08-05 01:30:00+00:00,17513.4835,17557.560999999998,17513.4835,17557.560999999998
2024-08-05 01:35:00+00:00,17557.978,17567.572,17549.5,17562.489
2024-08-05 01:40:00+00:00,17562.066499999997,17573.060999999998,17544.978,17551.566499999997
2024-08-05 01:45:00+00:00,17554.0055,17565.5,17552.0055,17556.066499999997
2024-08-05 01:50:00+00:00,17556.55,17556.572,17538.489,17548.0055
2024-08-05 01:55:00+00:00,17546.428,17566.5,17546.428,17562.0
2024-08-05 02:00:00+00:00,17561.05,17575.011,17551.5,17563.072
2024-08-05 02:05:00+00:00,17562.572,17565.4835,17551.5055,17556.9945
2024-08-05 02:10:00+00:00,17559.060999999998,17565.9835,17547.0,17551.072
2024-08-05 02:15:00+00:00,17551.4945,17567.5055,17549.0,17562.939000000002
2024-08-05 02:20:00+00:00,17563.516499999998,17637.0,17563.5,17636.55
2024-08-05 02:25:00+00:00,17636.989,17651.0,17619.928,17619.928
2024-08-05 02:30:00+00:00,17620.572,17630.572,17597.989,17598.478
2024-08-05 02:35:00+00:00,17599.9945,17601.566499999997,17575.516499999998,17575.516499999998
2024-08-05 02:40:00+00:00,17575.9445,17576.560999999998,17541.9835,17545.072
2024-08-05 02:45:00+00:00,17548.45,17580.511,17546.022,17570.011
2024-08-05 02:50:00+00:00,17568.928,17592.066499999997,17565.5,17586.072
2024-08-05 02:55:00+00:00,17585.5,17598.522,17579.45,17595.072
2024-08-05 03:00:00+00:00,17597.9835,17607.489,17583.4945,17591.0
2024-08-05 03:05:00+00:00,17591.5055,17603.928,17589.489,17603.928
2024-08-05 03:10:00+00:00,17604.516499999998,17604.566499999997,17585.939000000002,17591.5165
2024-08-05 03:15:00+00:00,17592.5055,17592.5055,17581.522,17589.4945
2024-08-05 03:20:00+00:00,17588.5055,17608.0055,17581.022,17588.55
2024-08-05 03:25:00+00:00,17587.983500000002,17594.4945,17586.933500000003,17591.011
2024-08-05 03:30:00+00:00,17591.55,17594.0,17582.011,17582.011
2024-08-05 03:35:00+00:00,17580.9835,17586.489,17574.0555,17586.489
2024-08-05 03:40:00+00:00,17585.072,17585.072,17565.489,17572.0055
2024-08-05 03:45:00+00:00,17571.489,17571.489,17554.0165,17556.560999999998
2024-08-05 03:50:00+00:00,17555.989,17556.433500000003,17543.989,17554.5055
2024-08-05 03:55:00+00:00,17554.0055,17555.522,17540.0,17540.516499999998
2024-08-05 04:00:00+00:00,17539.989,17547.511,17532.4945,17537.489
2024-08-05 04:05:00+00:00,17536.478,17536.95,17506.989,17506.989
2024-08-05 04:10:00+00:00,17508.011,17512.0,17490.560999999998,17511.0
2024-08-05 04:15:00+00:00,17511.4945,17518.489,17493.5055,17494.489
2024-08-05 04:20:00+00:00,17493.9445,17501.9945,17489.5,17501.5
2024-08-05 04:25:00+00:00,17502.5055,17510.978,17489.016499999998,17509.939000000002
2024-08-05 04:30:00+00:00,17506.022,17517.060999999998,17487.5055,17490.5165
2024-08-05 04:35:00+00:00,17490.0165,17500.95,17478.433500000003,17496.9835
2024-08-05 04:40:00+00:00,17495.011,17506.0055,17477.5055,17479.060999999998
2024-08-05 04:45:00+00:00,17479.5,17479.9945,17434.9835,17437.983500000002
2024-08-05 04:50:00+00:00,17439.4835,17461.9945,17439.4835,17448.4945
2024-08-05 04:55:00+00:00,17447.5055,17453.560999999998,17434.0,17434.5
2024-08-05 05:00:00+00:00,17431.0,17441.066499999997,17415.4945,17427.5
2024-08-05 05:05:00+00:00,17426.989,17446.0555,17422.489,17445.4835
2024-08-05 05:10:00+00:00,17446.5055,17456.5,17437.5,17452.989
2024-08-05 05:15:00+00:00,17453.489,17460.5,17412.4945,17415.0055
2024-08-05 05:20:00+00:00,17416.572,17420.05,17395.5165,17396.428
2024-08-05 05:25:00+00:00,17395.5555,17395.5555,17373.0,17377.5165
2024-08-05 05:30:00+00:00,17376.939000000002,17377.489,17263.016499999998,17295.428
2024-08-05 05:35:00+00:00,17297.5055,17311.489,17283.928,17287.0
2024-08-05 05:40:00+00:00,17287.516499999998,17343.989,17273.5,17326.5165
2024-08-05 05:45:00+00:00,17326.9945,17326.9945,17217.511,17217.9945
2024-08-05 05:50:00+00:00,17218.933500000003,17244.0,17209.0,17215.5
2024-08-05 05:55:00+00:00,17215.0055,17255.928,17200.489,17226.560999999998
2024-08-05 06:00:00+00:00,17226.9835,17303.516499999998,17224.511,17232.5165
2024-08-05 06:05:00+00:00,17234.928,17318.511,17234.928,17312.511
2024-08-05 06:10:00+00:00,17314.072,17344.5,17278.478,17285.0555
2024-08-05 06:15:00+00:00,17285.4945,17302.0055,17244.439000000002,17281.4945
2024-08-05 06:20:00+00:00,17285.0,17297.522,17258.5,17266.072
2024-08-05 06:25:00+00:00,17265.066499999997,17284.989,17253.478,17261.428
2024-08-05 06:30:00+00:00,17262.0,17331.022,17259.022,17320.072
2024-08-05 06:35:00+00:00,17319.5055,17346.55,17291.9945,17297.489
2024-08-05 06:40:00+00:00,17296.511,17314.4445,17277.522,17278.95
2024-08-05 06:45:00+00:00,17279.4445,17294.011,17259.0,17265.0
2024-08-05 06:50:00+00:00,17265.516499999998,17299.4945,17264.928,17297.989
2024-08-05 06:55:00+00:00,17299.011,17308.4945,17203.560999999998,17207.522
2024-08-05 07:00:00+00:00,17205.0,17257.0,17190.566499999997,17244.4945
2024-08-05 07:05:00+00:00,17243.5,17256.566499999997,17104.5055,17135.989
2024-08-05 07:10:00+00:00,17137.5,17169.4835,17087.522,17114.511
2024-08-05 07:15:00+00:00,17114.989,17217.5055,17102.5,17197.5
2024-08-05 07:20:00+00:00,17196.5555,17257.0055,17181.511,17238.072
2024-08-05 07:25:00+00:00,17237.0,17237.0,17150.9945,17163.060999999998
2024-08-05 07:30:00+00:00,17156.2945,17212.511,17145.7835,17206.478
2024-08-05 07:35:00+00:00,17208.572,17255.0555,17183.060999999998,17240.4835
2024-08-05 07:40:00+00:00,17240.989,17256.0555,17214.433500000003,17222.0055
2024-08-05 07:45:00+00:00,17222.560999999998,17314.55,17218.0,17281.011
2024-08-05 07:50:00+00:00,17278.95,17289.0555,17243.0,17284.428
2024-08-05 07:55:00+00:00,17283.511,17305.989,17246.9945,17260.011
2024-08-05 08:00:00+00:00,17259.5055,17279.9835,17223.9945,17269.0555
2024-08-05 08:05:00+00:00,17270.5,17306.5055,17263.5555,17302.4445
2024-08-05 08:10:00+00:00,17302.9945,17323.489,17242.55,17261.983500000002
2024-08-05 08:15:00+00:00,17261.0555,17306.5,17249.5,17298.989
2024-08-05 08:20:00+00:00,17298.566499999997,17315.0,17259.5,17260.0
2024-08-05 08:25:00+00:00,17262.0055,17290.989,17251.933500000003,17270.9445
2024-08-05 08:30:00+00:00,17271.5,17294.4945,17243.0,17248.489
2024-08-05 08:35:00+00:00,17249.5,17275.933500000003,17236.45,17270.928
2024-08-05 08:40:00+00:00,17268.428,17283.566499999997,17243.0055,17264.983500000002
2024-08-05 08:45:00+00:00,17264.5,17284.566499999997,17237.9945,17264.5
2024-08-05 08:50:00+00:00,17265.560999999998,17273.483500000002,17233.4945,17237.022
2024-08-05 08:55:00+00:00,17238.9945,17264.483500000002,17230.0,17257.428
2024-08-05 09:00:00+00:00,17257.0055,17292.4945,17254.4445,17285.489
2024-08-05 09:05:00+00:00,17284.933500000003,17284.933500000003,17228.433500000003,17238.478
2024-08-05 09:10:00+00:00,17237.989,17276.060999999998,17225.483500000002,17276.011
2024-08-05 09:15:00+00:00,17276.933500000003,17285.45,17260.428,17266.5
2024-08-05 09:20:00+00:00,17266.016499999998,17279.0055,17243.9945,17255.0555
2024-08-05 09:25:00+00:00,17253.55,17269.0,17244.928,17267.060999999998
2024-08-05 09:30:00+00:00,17266.4945,17272.4945,17220.989,17235.511
2024-08-05 09:35:00+00:00,17233.511,17235.0,17191.489,17196.939000000002
2024-08-05 09:40:00+00:00,17196.05,17214.0055,17178.511,17179.439000000002
2024-08-05 09:45:00+00:00,17178.4945,17189.55,17172.928,17176.022
2024-08-05 09:50:00+00:00,17176.5055,17223.5055,17173.511,17208.05
2024-08-05 09:55:00+00:00,17205.5055,17252.9945,17201.0555,17247.522
2024-08-05 10:00:00+00:00,17247.9835,17262.560999999998,17238.5,17251.011
2024-08-05 10:05:00+00:00,17250.489,17260.5165,17237.9945,17240.5
2024-08-05 10:10:00+00:00,17240.011,17260.072,17227.928,17235.433500000003
2024-08-05 10:15:00+00:00,17234.4945,17248.011,17225.983500000002,17246.511
2024-08-05 10:20:00+00:00,17245.9945,17254.0,17218.560999999998,17220.989
2024-08-05 10:25:00+00:00,17219.560999999998,17219.939000000002,17188.483500000002,17195.5
2024-08-05 10:30:00+00:00,17194.511,17210.0,17181.989,17196.016499999998
2024-08-05 10:35:00+00:00,17196.55,17202.5,17168.9945,17170.572
2024-08-05 10:40:00+00:00,17169.0055,17199.95,17151.4445,17196.5
2024-08-05 10:45:00+00:00,17195.0555,17205.011,17181.0055,17199.4945
2024-08-05 10:50:00+00:00,17199.939000000002,17201.060999999998,17171.428,17183.05
2024-08-05 10:55:00+00:00,17183.983500000002,17212.5165,17172.478,17206.060999999998
2024-08-05 11:00:00+00:00,17205.4945,17215.95,17181.928,17195.5
2024-08-05 11:05:00+00:00,17194.439000000002,17196.0055,17165.5,17166.5055
2024-08-05 11:10:00+00:00,17163.5055,17205.022,17161.4945,17205.022
2024-08-05 11:15:00+00:00,17205.4445,17216.011,17187.0,17212.5055
2024-08-05 11:20:00+00:00,17214.0055,17227.9945,17205.989,17219.511
2024-08-05 11:25:00+00:00,17218.9945,17218.9945,17169.989,17172.066499999997
2024-08-05 11:30:00+00:00,17174.060999999998,17191.5165,17148.0165,17161.0055
2024-08-05 11:35:00+00:00,17161.489,17164.433500000003,17136.072,17138.5
2024-08-05 11:40:00+00:00,17138.933500000003,17148.0,17127.022,17146.566499999997
2024-08-05 11:45:00+00:00,17144.5165,17147.4835,17106.0,17110.5055
2024-08-05 11:50:00+00:00,17111.9945,17121.066499999997,17090.489,17096.0055
2024-08-05 11:55:00+00:00,17096.428,17099.9945,17067.933500000003,17086.0165
2024-08-05 12:00:00+00:00,17083.4835,17112.516499999998,17082.939000000002,17102.9945
2024-08-05 12:05:00+00:00,17104.9945,17105.560999999998,17079.489,17089.55
2024-08-05 12:10:00+00:00,17089.0,17095.511,17064.939000000002,17069.0
2024-08-05 12:15:00+00:00,17069.5055,17097.5,17062.0055,17078.489
2024-08-05 12:20:00+00:00,17078.978,17087.5,17038.5,17039.072
2024-08-05 12:25:00+00:00,17038.060999999998,17069.983500000002,17026.0,17050.5055
2024-08-05 12:30:00+00:00,17049.0055,17054.0,17022.016499999998,17042.9945
2024-08-05 12:35:00+00:00,17044.5055,17088.45,17038.0,17066.060999999998
2024-08-05 12:40:00+00:00,17065.5,17105.489,17045.9445,17054.5055
2024-08-05 12:45:00+00:00,17053.0,17065.572,17034.989,17051.9945
2024-08-05 12:50:00+00:00,17049.4945,17090.0,17044.439000000002,17073.511
2024-08-05 12:55:00+00:00,17075.0,17103.511,17061.4445,17084.4945
2024-08-05 13:00:00+00:00,17078.072,17118.9445,17068.45,17108.95
2024-08-05 13:05:00+00:00,17109.560999999998,17170.4445,17107.55,17144.928
2024-08-05 13:10:00+00:00,17147.0,17156.0,17134.4945,17140.0
2024-08-05 13:15:00+00:00,17142.4835,17167.0555,17123.989,17161.511
2024-08-05 13:20:00+00:00,17162.016499999998,17173.439000000002,17126.95,17141.0
2024-08-05 13:25:00+00:00,17138.560999999998,17146.066499999997,17107.4835,17116.933500000003
2024-08-05 13:30:00+00:00,17116.0,17138.0165,17101.95,17112.5
2024-08-05 13:35:00+00:00,17111.9835,17154.4945,17099.9445,17152.9945
2024-08-05 13:40:00+00:00,17152.011,17152.489,17114.4835,17139.4835
2024-08-05 13:45:00+00:00,17130.560999999998,17228.0055,17130.560999999998,17227.0165
2024-08-05 13:50:00+00:00,17225.933500000003,17259.072,17213.5165,17226.011
2024-08-05 13:55:00+00:00,17226.989,17240.989,17207.95,17220.483500000002
2024-08-05 14:00:00+00:00,17221.95,17336.522,17221.95,17307.4445
2024-08-05 14:05:00+00:00,17307.0055,17307.0055,17235.5055,17245.5055
2024-08-05 14:10:00+00:00,17246.072,17292.5,17232.989,17291.478
2024-08-05 14:15:00+00:00,17290.45,17304.928,17263.4835,17287.489
2024-08-05 14:20:00+00:00,17287.0,17294.560999999998,17231.983500000002,17252.5
2024-08-05 14:25:00+00:00,17252.05,17277.4945,17234.439000000002,17235.55
2024-08-05 14:30:00+00:00,17238.4945,17298.511,17238.4945,17295.5055
2024-08-05 14:35:00+00:00,17295.0555,17297.072,17259.4835,17291.5555
2024-08-05 14:40:00+00:00,17290.022,17313.0,17271.483500000002,17293.5
2024-08-05 14:45:00+00:00,17295.9445,17304.516499999998,17257.978,17269.9945
2024-08-05 14:50:00+00:00,17269.5165,17296.016499999998,17248.5,17288.9945
2024-08-05 14:55:00+00:00,17288.4945,17292.478,17239.989,17247.5
2024-08-05 15:00:00+00:00,17246.5,17268.9835,17218.0,17257.9945
2024-08-05 15:05:00+00:00,17258.5555,17323.939000000002,17257.4945,17323.939000000002
2024-08-05 15:10:00+00:00,17326.5055,17364.011,17305.05,17346.060999999998
2024-08-05 15:15:00+00:00,17345.066499999997,17367.060999999998,17339.0055,17341.9835
2024-08-05 15:20:00+00:00,17341.0,17358.489,17328.511,17346.483500000002
2024-08-05 15:25:00+00:00,17346.0165,17353.05,17308.016499999998,17309.9945
2024-08-05 15:30:00+00:00,17309.05,17340.4445,17308.0,17334.511
2024-08-05 15:35:00+00:00,17331.489,17370.4445,17331.489,17357.9445
2024-08-05 15:40:00+00:00,17357.011,17364.0055,17337.0,17341.933500000003
2024-08-05 15:45:00+00:00,17340.9945,17355.0055,17328.9445,17332.989
2024-08-05 15:50:00+00:00,17335.0055,17340.5055,17305.011,17331.989
2024-08-05 15:55:00+00:00,17331.011,17342.022,17313.011,17327.95
2024-08-05 16:00:00+00:00,17328.560999999998,17346.566499999997,17315.572,17345.016499999998
2024-08-05 16:05:00+00:00,17344.0165,17369.011,17333.489,17368.016499999998
2024-08-05 16:10:00+00:00,17366.0,17380.0165,17356.05,17373.9945
2024-08-05 16:15:00+00:00,17372.933500000003,17388.072,17370.928,17382.989
2024-08-05 16:20:00+00:00,17384.05,17396.011,17373.0,17393.011
2024-08-05 16:25:00+00:00,17394.0,17422.933500000003,17389.5,17420.9945
2024-08-05 16:30:00+00:00,17422.0,17422.0,17385.9945,17394.072
2024-08-05 16:35:00+00:00,17393.4945,17398.0055,17375.45,17385.05
2024-08-05 16:40:00+00:00,17386.05,17391.9835,17356.95,17362.9945
2024-08-05 16:45:00+00:00,17363.439000000002,17365.433500000003,17333.989,17337.0055
2024-08-05 16:50:00+00:00,17339.022,17345.05,17327.4945,17327.4945
2024-08-05 16:55:00+00:00,17328.0,17337.5555,17316.9445,17322.511
2024-08-05 17:00:00+00:00,17321.9835,17333.0,17313.989,17324.0
2024-08-05 17:05:00+00:00,17324.489,17347.05,17308.0055,17339.0055
2024-08-05 17:10:00+00:00,17338.489,17351.4945,17330.4945,17343.0
2024-08-05 17:15:00+00:00,17342.572,17356.5055,17341.45,17355.4945
2024-08-05 17:20:00+00:00,17356.5055,17371.572,17351.433500000003,17363.5
2024-08-05 17:25:00+00:00,17363.978,17378.9945,17355.489,17355.489
2024-08-05 17:30:00+00:00,17357.5,17371.011,17351.0165,17369.4945
2024-08-05 17:35:00+00:00,17369.011,17373.5,17360.428,17372.55
2024-08-05 17:40:00+00:00,17372.989,17394.5055,17361.5,17367.516499999998
2024-08-05 17:45:00+00:00,17367.0055,17371.566499999997,17359.489,17364.0165
2024-08-05 17:50:00+00:00,17364.4945,17377.072,17356.9945,17365.0
2024-08-05 17:55:00+00:00,17366.011,17371.989,17344.0055,17355.011
2024-08-05 18:00:00+00:00,17354.516499999998,17358.011,17335.4945,17337.939000000002
2024-08-05 18:05:00+00:00,17336.511,17355.9945,17336.511,17354.0
2024-08-05 18:10:00+00:00,17354.989,17370.983500000002,17338.983500000002,17338.989
2024-08-05 18:15:00+00:00,17338.489,17371.0,17338.072,17366.072
2024-08-05 18:20:00+00:00,17366.428,17372.939000000002,17360.9945,17365.5165
2024-08-05 18:25:00+00:00,17366.0165,17382.011,17363.5,17378.016499999998
2024-08-05 18:30:00+00:00,17377.4945,17383.5055,17357.983500000002,17359.428
2024-08-05 18:35:00+00:00,17360.05,17371.55,17347.4945,17350.0
2024-08-05 18:40:00+00:00,17350.572,17352.016499999998,17329.0,17332.9445
2024-08-05 18:45:00+00:00,17331.011,17341.928,17326.011,17330.5055
2024-08-05 18:50:00+00:00,17330.989,17354.0555,17330.5055,17338.439000000002
2024-08-05 18:55:00+00:00,17337.933500000003,17341.4945,17320.4945,17321.4945
2024-08-05 19:00:00+00:00,17323.9945,17340.066499999997,17318.983500000002,17339.433500000003
2024-08-05 19:05:00+00:00,17339.989,17340.060999999998,17320.933500000003,17324.4445
2024-08-05 19:10:00+00:00,17325.011,17338.0055,17317.066499999997,17317.9945
2024-08-05 19:15:00+00:00,17317.0,17329.0,17314.95,17322.0055
2024-08-05 19:20:00+00:00,17322.5,17335.95,17319.0165,17329.989
2024-08-05 19:25:00+00:00,17330.4945,17340.0,17322.9445,17338.95
2024-08-05 19:30:00+00:00,17339.489,17345.5,17324.9945,17332.9945
2024-08-05 19:35:00+00:00,17334.0555,17343.060999999998,17323.989,17329.95
2024-08-05 19:40:00+00:00,17331.05,17336.0055,17313.483500000002,17315.5
2024-08-05 19:45:00+00:00,17316.060999999998,17326.0055,17315.4945,17322.989
2024-08-05 19:50:00+00:00,17322.0165,17342.060999999998,17317.0,17330.0
2024-08-05 19:55:00+00:00,17329.4945,17337.011,17321.011,17333.5555
2024-08-05 20:00:00+00:00,17330.5165,17376.0835,17315.161,17361.616499999996
2024-08-05 20:05:00+00:00,17360.7555,17415.733500000002,17357.778,17391.0445
2024-08-05 20:10:00+00:00,17389.4555,17390.366499999996,17339.4,17348.433500000003
2024-08-05 22:05:00+00:00,17454.422,17465.272,17450.2,17457.7055
2024-08-05 22:10:00+00:00,17459.0,17471.5055,17452.5,17455.4945
2024-08-05 22:15:00+00:00,17455.011,17467.3055,17449.4055,17464.8
2024-08-05 22:20:00+00:00,17467.2835,17478.989,17462.689000000002,17470.2055
2024-08-05 22:25:00+00:00,17471.0945,17480.283499999998,17463.589,17465.266499999998
2024-08-05 22:30:00+00:00,17467.716500000002,17471.55,17447.639000000003,17461.9445
2024-08-05 22:35:00+00:00,17461.5335,17472.8835,17461.5335,17467.5
2024-08-05 22:40:00+00:00,17467.1,17468.2945,17459.516499999998,17460.8055
2024-08-05 22:45:00+00:00,17460.472,17460.860999999997,17449.489,17451.9945
2024-08-05 22:50:00+00:00,17451.5945,17451.5945,17427.389000000003,17428.283499999998
2024-08-05 22:55:00+00:00,17424.028,17446.622,17419.039,17446.622
2024-08-05 23:00:00+00:00,17445.789,17458.511,17444.9055,17455.9945
2024-08-05 23:05:00+00:00,17455.110999999997,17465.610999999997,17450.5055,17460.9945
2024-08-05 23:10:00+00:00,17461.3835,17463.433500000003,17454.3055,17457.5945
2024-08-05 23:15:00+00:00,17457.139000000003,17458.5555,17440.105499999998,17441.778
2024-08-05 23:20:00+00:00,17441.4055,17446.8165,17432.2,17437.5945
2024-08-05 23:25:00+00:00,17437.2,17445.0335,17432.6,17442.672
2024-08-05 23:30:00+00:00,17443.0165,17466.4055,17443.0165,17453.439000000002
2024-08-05 23:35:00+00:00,17453.894500000002,17467.6665,17453.5,17465.1
2024-08-05 23:40:00+00:00,17465.589,17468.672,17461.511,17466.489
2024-08-05 23:45:00+00:00,17465.5445,17486.9,17465.261,17483.2
2024-08-05 23:50:00+00:00,17482.228,17489.4,17474.394500000002,17476.5
2024-08-05 23:55:00+00:00,17474.8165,17491.5055,17469.4,17491.489
2024-08-06 00:00:00+00:00,17494.8,17494.8,17452.689000000002,17461.089
2024-08-06 00:05:00+00:00,17461.889000000003,17479.122,17445.283499999998,17460.65
2024-08-06 00:10:00+00:00,17460.372,17474.55,17452.4,17453.589
2024-08-06 00:15:00+00:00,17456.011,17468.0,17423.433500000003,17432.0055
2024-08-06 00:20:00+00:00,17438.511,17448.5555,17423.511,17447.95
2024-08-06 00:25:00+00:00,17449.011,17464.5165,17442.0055,17454.9945
2024-08-06 00:30:00+00:00,17454.433500000003,17470.5,17453.0,17469.060999999998
2024-08-06 00:35:00+00:00,17468.022,17483.0055,17461.433500000003,17473.4945
2024-08-06 00:40:00+00:00,17472.060999999998,17474.560999999998,17459.9835,17466.0055
2024-08-06 00:45:00+00:00,17466.9445,17506.9945,17465.0055,17500.9445
2024-08-06 00:50:00+00:00,17501.483500000002,17533.511,17498.011,17524.0
2024-08-06 00:55:00+00:00,17525.0,17538.016499999998,17520.428,17535.011
2024-08-06 01:00:00+00:00,17532.9945,17548.0,17528.060999999998,17537.0
2024-08-06 01:05:00+00:00,17536.5055,17539.5055,17516.983500000002,17535.9945
2024-08-06 01:10:00+00:00,17536.489,17564.9945,17536.489,17553.0
2024-08-06 01:15:00+00:00,17554.9835,17560.0,17506.933500000003,17506.933500000003
2024-08-06 01:20:00+00:00,17509.55,17514.489,17484.511,17486.560999999998
2024-08-06 01:25:00+00:00,17487.566499999997,17501.4945,17477.572,17481.5555
2024-08-06 01:30:00+00:00,17480.978,17481.95,17454.5055,17461.011
2024-08-06 01:35:00+00:00,17463.0,17476.45,17454.011,17456.989
2024-08-06 01:40:00+00:00,17456.560999999998,17456.939000000002,17415.072,17435.011
2024-08-06 01:45:00+00:00,17434.433500000003,17469.0,17420.989,17463.560999999998
2024-08-06 01:50:00+00:00,17463.0555,17481.9945,17458.011,17472.5055
2024-08-06 01:55:00+00:00,17473.5,17473.5,17468.478,17470.5
2024-08-06 02:00:00+00:00,17473.5055,17489.478,17467.55,17477.5
2024-08-06 02:05:00+00:00,17477.9945,17481.0165,17438.4945,17446.522
2024-08-06 02:10:00+00:00,17446.0555,17452.5555,17434.5165,17447.9945
2024-08-06 02:15:00+00:00,17448.511,17462.016499999998,17441.522,17447.5
2024-08-06 02:20:00+00:00,17448.4445,17460.439000000002,17444.0,17448.016499999998
2024-08-06 02:25:00+00:00,17449.439000000002,17459.9945,17446.5,17453.0165
2024-08-06 02:30:00+00:00,17452.011,17452.011,17421.983500000002,17430.483500000002
2024-08-06 02:35:00+00:00,17430.0055,17446.05,17429.011,17443.0055
2024-08-06 02:40:00+00:00,17445.0165,17451.572,17438.016499999998,17440.5055
2024-08-06 02:45:00+00:00,17440.0055,17440.0055,17428.5,17428.928
2024-08-06 02:50:00+00:00,17432.4945,17442.989,17428.939000000002,17441.55
2024-08-06 02:55:00+00:00,17442.0055,17450.0055,17442.0055,17445.9835
2024-08-06 03:00:00+00:00,17446.5055,17464.5055,17446.5055,17461.011
2024-08-06 03:05:00+00:00,17458.428,17469.0055,17458.428,17466.489
2024-08-06 03:10:00+00:00,17467.0,17467.9945,17465.0055,17465.0055
2024-08-06 03:15:00+00:00,17460.4945,17484.022,17460.4945,17477.478
2024-08-06 03:20:00+00:00,17476.478,17487.989,17474.439000000002,17487.5
2024-08-06 03:25:00+00:00,17487.939000000002,17514.060999999998,17487.939000000002,17513.5055
2024-08-06 03:30:00+00:00,17514.55,17516.511,17505.4445,17507.011
2024-08-06 03:35:00+00:00,17505.5165,17510.4945,17496.9445,17499.983500000002
2024-08-06 03:40:00+00:00,17500.489,17502.0055,17495.478,17498.489
2024-08-06 03:45:00+00:00,17499.0,17512.9835,17496.928,17506.511
2024-08-06 03:50:00+00:00,17506.928,17537.489,17506.5055,17510.5055
2024-08-06 03:55:00+00:00,17511.9945,17512.0,17503.060999999998,17503.060999999998
2024-08-06 04:00:00+00:00,17503.572,17505.0,17498.478,17502.05
2024-08-06 04:05:00+00:00,17502.5,17503.483500000002,17495.939000000002,17496.4945
2024-08-06 04:10:00+00:00,17497.4445,17505.428,17496.95,17497.5555
2024-08-06 04:15:00+00:00,17496.5055,17497.5,17487.9835,17489.0055
2024-08-06 04:20:00+00:00,17489.939000000002,17495.022,17482.4945,17489.439000000002
2024-08-06 04:25:00+00:00,17492.4945,17498.05,17489.933500000003,17490.5055
2024-08-06 04:30:00+00:00,17492.0,17494.0055,17469.939000000002,17470.0165
2024-08-06 04:35:00+00:00,17468.978,17498.0,17468.978,17482.9945
2024-08-06 04:40:00+00:00,17482.072,17482.072,17470.9945,17474.489
2024-08-06 04:45:00+00:00,17473.933500000003,17475.489,17458.933500000003,17467.978
2024-08-06 04:50:00+00:00,17468.572,17474.95,17462.928,17474.4945
2024-08-06 04:55:00+00:00,17474.0055,17476.9945,17459.0,17469.939000000002
2024-08-06 05:00:00+00:00,17470.9445,17478.011,17459.439000000002,17459.439000000002
2024-08-06 05:05:00+00:00,17458.016499999998,17458.016499999998,17413.072,17442.9945
2024-08-06 05:10:00+00:00,17443.4945,17445.5055,17426.489,17444.428
2024-08-06 05:15:00+00:00,17445.489,17469.4945,17445.489,17456.4945
2024-08-06 05:20:00+00:00,17457.4945,17468.0,17451.5165,17458.4945
2024-08-06 05:25:00+00:00,17459.016499999998,17485.4945,17459.016499999998,17480.983500000002
2024-08-06 05:30:00+00:00,17480.489,17522.9945,17471.9945,17516.9445
2024-08-06 05:35:00+00:00,17516.478,17526.4945,17506.433500000003,17515.9945
2024-08-06 05:40:00+00:00,17516.5,17516.5,17506.511,17514.05
2024-08-06 05:45:00+00:00,17513.433500000003,17514.522,17497.989,17502.522
2024-08-06 05:50:00+00:00,17501.489,17505.489,17495.0055,17495.433500000003
2024-08-06 05:55:00+00:00,17495.066499999997,17506.9945,17476.933500000003,17506.060999999998
2024-08-06 06:00:00+00:00,17481.5,17569.511,17466.989,17536.5055
2024-08-06 06:05:00+00:00,17535.9945,17537.55,17503.489,17516.4445
2024-08-06 06:10:00+00:00,17518.0055,17518.016499999998,17492.55,17506.4945
2024-08-06 06:15:00+00:00,17505.95,17506.560999999998,17458.4835,17465.95
2024-08-06 06:20:00+00:00,17465.0,17509.566499999997,17465.0,17507.0
2024-08-06 06:25:00+00:00,17506.5,17520.560999999998,17489.483500000002,17518.55
2024-08-06 06:30:00+00:00,17519.0055,17522.511,17492.55,17499.5
2024-08-06 06:35:00+00:00,17499.0055,17514.0055,17495.978,17501.9445
2024-08-06 06:40:00+00:00,17501.428,17516.9445,17484.489,17488.05
2024-08-06 06:45:00+00:00,17488.4445,17495.566499999997,17458.5,17468.928
2024-08-06 06:50:00+00:00,17469.572,17475.478,17438.511,17438.511
2024-08-06 06:55:00+00:00,17437.0,17450.5,17412.5165,17448.989
2024-08-06 07:00:00+00:00,17444.066499999997,17455.0,17279.483500000002,17433.45
2024-08-06 07:05:00+00:00,17433.0,17456.433500000003,17406.5,17452.011
2024-08-06 07:10:00+00:00,17454.0055,17455.5055,17383.4835,17408.439000000002
2024-08-06 07:15:00+00:00,17410.0,17461.9835,17409.022,17454.939000000002
2024-08-06 07:20:00+00:00,17454.4945,17506.511,17436.572,17493.939000000002
2024-08-06 07:25:00+00:00,17490.978,17497.5055,17436.4945,17468.511
2024-08-06 07:30:00+00:00,17470.022,17494.872,17462.372,17475.75
2024-08-06 07:35:00+00:00,17480.3055,17481.3,17447.8165,17456.2945
2024-08-06 07:40:00+00:00,17455.810999999998,17459.3165,17418.789,17434.4445
2024-08-06 07:45:00+00:00,17435.0555,17469.066499999997,17433.0,17440.5
2024-08-06 07:50:00+00:00,17439.483500000002,17450.5555,17413.983500000002,17414.016499999998
2024-08-06 07:55:00+00:00,17414.433500000003,17449.989,17414.433500000003,17438.483500000002
2024-08-06 08:00:00+00:00,17436.5055,17438.016499999998,17410.0,17414.05
2024-08-06 08:05:00+00:00,17413.5055,17414.4835,17378.939000000002,17382.511
2024-08-06 08:10:00+00:00,17383.5055,17387.511,17343.428,17358.5055
2024-08-06 08:15:00+00:00,17357.95,17358.516499999998,17331.0,17347.4945
2024-08-06 08:20:00+00:00,17348.016499999998,17412.4945,17342.989,17403.0
2024-08-06 08:25:00+00:00,17403.522,17433.060999999998,17392.511,17418.939000000002
2024-08-06 08:30:00+00:00,17419.5,17442.4945,17411.572,17411.928
2024-08-06 08:35:00+00:00,17413.05,17418.428,17381.5,17383.066499999997
2024-08-06 08:40:00+00:00,17382.489,17390.066499999997,17362.989,17372.5055
2024-08-06 08:45:00+00:00,17372.95,17373.978,17340.4945,17360.8165
2024-08-06 08:50:00+00:00,17361.233500000002,17411.810999999998,17358.7945,17404.310999999998
2024-08-06 08:55:00+00:00,17403.7945,17405.310999999998,17356.4945,17356.4945
2024-08-06 09:00:00+00:00,17355.5,17355.5,17299.572,17315.5
2024-08-06 09:05:00+00:00,17316.4945,17338.9945,17306.55,17322.989
2024-08-06 09:10:00+00:00,17323.4945,17332.5055,17273.0,17291.95
2024-08-06 09:15:00+00:00,17289.989,17295.933500000003,17270.9945,17277.011
2024-08-06 09:20:00+00:00,17276.5,17307.5055,17274.95,17298.489
2024-08-06 09:25:00+00:00,17296.5,17318.489,17293.5055,17310.489
2024-08-06 09:30:00+00:00,17308.0165,17308.0165,17271.433500000003,17278.9945
2024-08-06 09:35:00+00:00,17279.5,17283.5555,17272.5055,17274.5555
2024-08-06 09:40:00+00:00,17276.9945,17290.0555,17259.511,17288.433500000003
2024-08-06 09:45:00+00:00,17288.011,17289.55,17262.511,17287.939000000002
2024-08-06 09:50:00+00:00,17287.433500000003,17304.560999999998,17283.511,17303.0
2024-08-06 09:55:00+00:00,17303.9945,17338.0055,17301.939000000002,17317.016499999998
2024-08-06 10:00:00+00:00,17318.011,17324.439000000002,17292.4945,17293.0055
2024-08-06 10:05:00+00:00,17293.5055,17307.0,17284.433500000003,17299.928
2024-08-06 10:10:00+00:00,17302.5,17328.0055,17295.9445,17327.45
2024-08-06 10:15:00+00:00,17327.05,17334.0,17309.0165,17331.95
2024-08-06 10:20:00+00:00,17331.478,17337.522,17297.0,17307.072
2024-08-06 10:25:00+00:00,17307.483500000002,17343.983500000002,17307.483500000002,17337.0
2024-08-06 10:30:00+00:00,17337.5165,17369.5055,17333.489,17344.978
2024-08-06 10:35:00+00:00,17344.5,17358.011,17335.939000000002,17352.066499999997
2024-08-06 10:40:00+00:00,17352.433500000003,17368.05,17329.9945,17331.566499999997
2024-08-06 10:45:00+00:00,17329.489,17355.0165,17324.0,17351.0
2024-08-06 10:50:00+00:00,17350.4445,17358.4945,17341.511,17354.4835
2024-08-06 10:55:00+00:00,17355.0055,17360.9945,17343.4835,17344.428
2024-08-06 11:00:00+00:00,17345.933500000003,17366.066499999997,17345.933500000003,17353.0
2024-08-06 11:05:00+00:00,17353.5055,17368.016499999998,17345.939000000002,17355.522
2024-08-06 11:10:00+00:00,17356.0055,17359.5165,17332.489,17345.5
2024-08-06 11:15:00+00:00,17346.478,17359.4945,17343.0,17351.0055
2024-08-06 11:20:00+00:00,17351.560999999998,17369.0055,17346.9445,17353.989
2024-08-06 11:25:00+00:00,17353.5,17371.3055,17353.5,17366.372
2024-08-06 11:30:00+00:00,17367.860999999997,17383.372,17356.310999999998,17372.3
2024-08-06 11:35:00+00:00,17371.739,17373.2835,17344.789,17344.8055
2024-08-06 11:40:00+00:00,17345.810999999998,17345.810999999998,17297.7945,17300.3
2024-08-06 11:45:00+00:00,17299.7945,17316.816499999997,17284.2945,17313.25
2024-08-06 11:50:00+00:00,17313.85,17333.866499999996,17313.8,17329.739
2024-08-06 11:55:00+00:00,17329.3,17336.3,17323.8,17332.8
2024-08-06 12:00:00+00:00,17333.75,17335.8,17317.2445,17326.3055
2024-08-06 12:05:00+00:00,17326.872,17333.372,17306.139000000003,17330.2165
2024-08-06 12:10:00+00:00,17331.6945,17344.189000000002,17313.7,17325.7
2024-08-06 12:15:00+00:00,17326.211,17328.711,17308.2055,17308.7
2024-08-06 12:20:00+00:00,17309.15,17313.261,17293.6945,17299.7
2024-08-06 12:25:00+00:00,17300.139000000003,17307.7,17286.189000000002,17295.7
2024-08-06 12:30:00+00:00,17294.2055,17299.222,17256.761,17260.7055
2024-08-06 12:35:00+00:00,17262.6945,17266.766499999998,17243.6945,17243.6945
2024-08-06 12:40:00+00:00,17244.216500000002,17254.7,17235.711,17248.722
2024-08-06 12:45:00+00:00,17246.7,17257.766499999998,17229.7,17239.689000000002
2024-08-06 12:50:00+00:00,17239.2165,17257.7165,17232.711,17242.128
2024-08-06 12:55:00+00:00,17244.211,17263.644500000002,17243.7055,17249.6945
2024-08-06 13:00:00+00:00,17252.711,17280.716500000002,17240.628,17280.128
2024-08-06 13:05:00+00:00,17279.7555,17301.189000000002,17255.6945,17284.628
2024-08-06 13:10:00+00:00,17285.7,17285.7,17255.711,17265.7055
2024-08-06 13:15:00+00:00,17264.2055,17268.639000000003,17238.65,17248.6945
2024-08-06 13:20:00+00:00,17248.25,17264.178,17241.189000000002,17257.689000000002
2024-08-06 13:25:00+00:00,17260.65,17285.711,17258.639000000003,17270.644500000002
2024-08-06 13:30:00+00:00,17272.211,17308.178,17254.7,17288.183500000003
2024-08-06 13:35:00+00:00,17287.7055,17305.766499999998,17276.7055,17302.711
2024-08-06 13:40:00+00:00,17302.128,17317.65,17269.189000000002,17279.7055
2024-08-06 13:45:00+00:00,17279.139000000003,17310.2,17246.2555,17307.7055
2024-08-06 13:50:00+00:00,17305.689000000002,17355.2165,17296.1945,17346.7055
2024-08-06 13:55:00+00:00,17346.261,17348.75,17328.6835,17341.7
2024-08-06 14:00:00+00:00,17339.689000000002,17353.211,17310.689000000002,17335.7165
2024-08-06 14:05:00+00:00,17334.683500000003,17362.7055,17317.189000000002,17357.2
2024-08-06 14:10:00+00:00,17356.6945,17374.7055,17338.7,17360.772
2024-08-06 14:15:00+00:00,17360.2055,17382.772,17341.689000000002,17377.261
2024-08-06 14:20:00+00:00,17377.7055,17378.761,17354.7055,17370.7055
2024-08-06 14:25:00+00:00,17372.722,17378.716500000002,17306.678,17307.7
2024-08-06 14:30:00+00:00,17308.772,17320.15,17297.2555,17318.272
2024-08-06 14:35:00+00:00,17317.7055,17351.7055,17317.7,17336.133500000004
2024-08-06 14:40:00+00:00,17337.222,17389.75,17336.644500000002,17384.7055
2024-08-06 14:45:00+00:00,17383.2055,17434.7055,17372.711,17431.711
2024-08-06 14:50:00+00:00,17431.189000000002,17431.7,17410.2055,17415.2
2024-08-06 14:55:00+00:00,17414.678,17416.689000000002,17390.7,17400.2
2024-08-06 15:00:00+00:00,17399.7,17415.189000000002,17395.2165,17396.644500000002
2024-08-06 15:05:00+00:00,17395.689000000002,17416.6945,17387.139000000003,17408.261
2024-08-06 15:10:00+00:00,17407.6835,17415.772,17370.7055,17386.711
2024-08-06 15:15:00+00:00,17386.2555,17394.689000000002,17364.139000000003,17377.678
2024-08-06 15:20:00+00:00,17376.7,17377.75,17354.65,17360.7
2024-08-06 15:25:00+00:00,17361.7055,17377.7,17319.183500000003,17321.639000000003
2024-08-06 15:30:00+00:00,17318.1945,17357.689000000002,17311.633500000004,17357.189000000002
2024-08-06 15:35:00+00:00,17357.7,17362.7055,17337.689000000002,17351.2
2024-08-06 15:40:00+00:00,17350.6945,17360.7,17334.678,17348.178
2024-08-06 15:45:00+00:00,17349.1945,17364.216500000002,17335.7055,17363.75
2024-08-06 15:50:00+00:00,17363.2,17372.711,17357.7,17364.2
2024-08-06 15:55:00+00:00,17364.6945,17376.1945,17364.183500000003,17374.639000000003
2024-08-06 16:00:00+00:00,17376.7,17391.7,17372.6945,17376.7165
2024-08-06 16:05:00+00:00,17377.2055,17387.766499999998,17369.7,17371.2555
2024-08-06 16:10:00+00:00,17370.75,17380.2,17369.683500000003,17376.65
2024-08-06 16:15:00+00:00,17376.25,17398.772,17373.6945,17398.639000000003
2024-08-06 16:20:00+00:00,17399.266499999998,17400.222,17377.178,17391.689000000002
2024-08-06 16:25:00+00:00,17390.6835,17392.772,17372.183500000003,17379.1945
2024-08-06 16:30:00+00:00,17379.772,17387.189000000002,17372.189000000002,17378.1835
2024-08-06 16:35:00+00:00,17377.689000000002,17379.2,17365.689000000002,17379.2
2024-08-06 16:40:00+00:00,17380.6945,17392.761,17377.722,17382.1835
2024-08-06 16:45:00+00:00,17382.716500000002,17392.261,17376.722,17377.189000000002
2024-08-06 16:50:00+00:00,17377.6835,17416.266499999998,17377.6835,17410.772
2024-08-06 16:55:00+00:00,17411.6945,17418.222,17408.7,17408.772
2024-08-06 17:00:00+00:00,17409.189000000002,17416.211,17401.15,17413.7
2024-08-06 17:05:00+00:00,17411.6945,17416.261,17405.183500000003,17412.7055
2024-08-06 17:10:00+00:00,17413.7055,17413.7055,17401.7055,17408.716500000002
2024-08-06 17:15:00+00:00,17409.211,17414.6945,17401.15,17407.644500000002
2024-08-06 17:20:00+00:00,17407.178,17414.7055,17391.1945,17397.761
2024-08-06 17:25:00+00:00,17396.6945,17409.766499999998,17396.222,17409.766499999998
2024-08-06 17:30:00+00:00,17408.761,17419.211,17408.689000000002,17414.689000000002
2024-08-06 17:35:00+00:00,17415.144500000002,17423.7,17411.633500000004,17421.6945
2024-08-06 17:40:00+00:00,17420.7055,17424.7,17402.711,17413.7165
2024-08-06 17:45:00+00:00,17414.722,17415.711,17400.6945,17412.2
2024-08-06 17:50:00+00:00,17411.7055,17423.7,17407.678,17420.7055
2024-08-06 17:55:00+00:00,17421.189000000002,17429.689000000002,17417.761,17418.7165
2024-08-06 18:00:00+00:00,17418.261,17419.772,17408.183500000003,17413.683500000003
2024-08-06 18:05:00+00:00,17415.2,17416.7,17401.6945,17408.1835
2024-08-06 18:10:00+00:00,17407.628,17416.639000000003,17403.6945,17409.766499999998
2024-08-06 18:15:00+00:00,17408.7055,17429.266499999998,17408.7055,17428.7
2024-08-06 18:20:00+00:00,17428.2055,17446.216500000002,17427.128,17442.7
2024-08-06 18:25:00+00:00,17441.7055,17446.272,17436.689000000002,17445.75
2024-08-06 18:30:00+00:00,17446.144500000002,17449.7055,17436.1945,17447.644500000002
2024-08-06 18:35:00+00:00,17447.144500000002,17456.722,17445.644500000002,17454.678
2024-08-06 18:40:00+00:00,17453.722,17454.772,17446.7055,17452.716500000002
2024-08-06 18:45:00+00:00,17453.689000000002,17458.75,17448.689000000002,17455.7055
2024-08-06 18:50:00+00:00,17455.1945,17463.7,17454.178,17459.711
2024-08-06 18:55:00+00:00,17460.211,17461.2055,17415.644500000002,17419.7055
2024-08-06 19:00:00+00:00,17419.2,17423.272,17389.178,17392.7
2024-08-06 19:05:00+00:00,17393.689000000002,17400.716500000002,17375.2,17393.711
2024-08-06 19:10:00+00:00,17394.6945,17409.2055,17389.1945,17398.766499999998
2024-08-06 19:15:00+00:00,17397.7055,17400.2,17376.7055,17388.7555
2024-08-06 19:20:00+00:00,17388.178,17424.2,17386.139000000003,17423.2055
2024-08-06 19:25:00+00:00,17421.7,17431.183500000003,17411.628,17418.189000000002
2024-08-06 19:30:00+00:00,17417.7,17421.711,17406.189000000002,17417.178
2024-08-06 19:35:00+00:00,17416.683500000003,17420.722,17407.639000000003,17409.139000000003
2024-08-06 19:40:00+00:00,17409.711,17415.2,17394.1945,17394.1945
2024-08-06 19:45:00+00:00,17393.7055,17405.75,17381.628,17384.761
2024-08-06 19:50:00+00:00,17384.2,17399.722,17373.644500000002,17378.7055
2024-08-06 19:55:00+00:00,17380.65,17383.6945,17361.689000000002,17362.65
2024-08-06 20:00:00+00:00,17367.211,17383.8,17336.5835,17347.7055
2024-08-06 20:05:00+00:00,17347.2445,17374.75,17347.2445,17361.4
2024-08-06 20:10:00+00:00,17361.85,17368.066499999997,17347.289,17357.35
2024-08-06 22:05:00+00:00,17315.428,17341.6,17315.428,17340.689000000002
2024-08-06 22:10:00+00:00,17321.7,17322.9,17310.0835,17320.05
2024-08-06 22:15:00+00:00,17320.461,17339.428,17307.9445,17332.4
2024-08-06 22:20:00+00:00,17334.0335,17350.283499999998,17324.2,17324.2
2024-08-06 22:25:00+00:00,17321.7555,17327.089,17312.528,17322.8835
2024-08-06 22:30:00+00:00,17322.483500000002,17327.511,17317.116499999996,17322.45
2024-08-06 22:35:00+00:00,17322.894500000002,17324.5945,17308.0,17313.35
2024-08-06 22:40:00+00:00,17314.672,17317.5055,17307.9945,17312.9945
2024-08-06 22:45:00+00:00,17313.411,17313.411,17298.9,17302.605499999998
2024-08-06 22:50:00+00:00,17302.989,17311.772,17301.4,17309.689000000002
2024-08-06 22:55:00+00:00,17310.089,17315.560999999998,17305.5055,17312.1
2024-08-06 23:00:00+00:00,17312.605499999998,17318.816499999997,17297.578,17302.95
2024-08-06 23:05:00+00:00,17302.610999999997,17327.0335,17298.1,17325.4
2024-08-06 23:10:00+00:00,17325.8055,17325.8055,17310.439000000002,17313.872
2024-08-06 23:15:00+00:00,17314.5335,17314.610999999997,17288.039,17301.411
2024-08-06 23:20:00+00:00,17300.5555,17307.5335,17296.516499999998,17298.2
2024-08-06 23:25:00+00:00,17297.411,17299.072,17278.2445,17287.389000000003
2024-08-06 23:30:00+00:00,17286.605499999998,17289.161,17280.0055,17284.9055
2024-08-06 23:35:00+00:00,17285.4555,17285.872,17275.728,17282.5945
2024-08-06 23:40:00+00:00,17282.9445,17288.4,17280.161,17285.9
2024-08-06 23:45:00+00:00,17286.394500000002,17292.2,17282.5945,17286.728
2024-08-06 23:50:00+00:00,17285.9555,17288.411,17282.1945,17282.3
2024-08-06 23:55:00+00:00,17281.9165,17288.5,17278.616499999996,17288.089
2024-08-07 00:00:00+00:00,17285.589,17296.328,17283.95,17295.589
2024-08-07 00:05:00+00:00,17297.1945,17323.85,17296.411,17321.7945
2024-08-07 00:10:00+00:00,17322.539,17325.85,17311.5055,17318.389000000003
2024-08-07 00:15:00+00:00,17318.7,17334.7,17297.639000000003,17330.644500000002
2024-08-07 00:20:00+00:00,17330.1835,17351.2055,17324.216500000002,17346.189000000002
2024-08-07 00:25:00+00:00,17347.189000000002,17373.644500000002,17346.639000000003,17372.189000000002
2024-08-07 00:30:00+00:00,17374.1945,17388.2,17359.2055,17382.2055
2024-08-07 00:35:00+00:00,17384.272,17391.2,17372.2055,17381.711
2024-08-07 00:40:00+00:00,17381.2,17393.183500000003,17372.2,17388.139000000003
2024-08-07 00:45:00+00:00,17389.2165,17398.216500000002,17385.211,17398.216500000002
2024-08-07 00:50:00+00:00,17399.628,17404.2,17381.1945,17394.144500000002
2024-08-07 00:55:00+00:00,17394.7,17394.7,17376.7165,17390.628
2024-08-07 01:00:00+00:00,17389.6945,17397.689000000002,17372.6945,17396.2
2024-08-07 01:05:00+00:00,17394.6945,17399.644500000002,17376.261,17391.7555
2024-08-07 01:10:00+00:00,17391.189000000002,17395.7165,17379.711,17388.2
2024-08-07 01:15:00+00:00,17387.75,17402.2,17387.75,17402.2
2024-08-07 01:20:00+00:00,17404.178,17411.2055,17400.644500000002,17400.644500000002
2024-08-07 01:25:00+00:00,17401.7555,17414.766499999998,17401.7555,17409.772
2024-08-07 01:30:00+00:00,17411.2555,17429.189000000002,17411.2555,17427.678
2024-08-07 01:35:00+00:00,17427.178,17442.183500000003,17424.6945,17440.1835
2024-08-07 01:40:00+00:00,17440.766499999998,17456.6945,17439.683500000003,17455.689000000002
2024-08-07 01:45:00+00:00,17457.711,17480.65,17457.711,17480.2
2024-08-07 01:50:00+00:00,17479.633500000004,17497.2055,17478.7,17494.216500000002
2024-08-07 01:55:00+00:00,17494.639000000003,17505.689000000002,17479.7,17495.6835
2024-08-07 02:00:00+00:00,17498.216500000002,17498.216500000002,17474.128,17488.2055
2024-08-07 02:05:00+00:00,17489.644500000002,17496.6945,17481.7165,17492.2055
2024-08-07 02:10:00+00:00,17489.6835,17489.75,17479.139000000003,17480.639000000003
2024-08-07 02:15:00+00:00,17481.6945,17496.639000000003,17475.716500000002,17484.2
2024-08-07 02:20:00+00:00,17486.2,17524.7,17486.144500000002,17522.2
2024-08-07 02:25:00+00:00,17523.6945,17534.644500000002,17521.7055,17526.211
2024-08-07 02:30:00+00:00,17527.7055,17535.722,17518.2055,17518.766499999998
2024-08-07 02:35:00+00:00,17519.211,17529.722,17518.711,17521.711
2024-08-07 02:40:00+00:00,17521.189000000002,17528.7055,17501.189000000002,17501.189000000002
2024-08-07 02:45:00+00:00,17500.7055,17508.761,17500.133500000004,17507.689000000002
2024-08-07 02:50:00+00:00,17507.2,17508.2,17491.6945,17495.144500000002
2024-08-07 02:55:00+00:00,17494.7,17500.6945,17491.183500000003,17496.2
2024-08-07 03:00:00+00:00,17496.7,17508.2,17487.2055,17501.189000000002
2024-08-07 03:05:00+00:00,17501.65,17517.133500000004,17501.65,17514.689000000002
2024-08-07 03:10:00+00:00,17513.7,17530.128,17510.7,17525.189000000002
2024-08-07 03:15:00+00:00,17525.7055,17525.7055,17502.2,17504.2
2024-08-07 03:20:00+00:00,17507.189000000002,17526.689000000002,17501.2055,17524.766499999998
2024-08-07 03:25:00+00:00,17524.211,17528.2055,17517.711,17525.133500000004
2024-08-07 03:30:00+00:00,17524.716500000002,17525.25,17515.1945,17521.1945
2024-08-07 03:35:00+00:00,17522.139000000003,17540.7,17517.7055,17540.7
2024-08-07 03:40:00+00:00,17541.261,17551.7165,17525.211,17546.678
2024-08-07 03:45:00+00:00,17545.2,17545.2,17522.683500000003,17526.2555
2024-08-07 03:50:00+00:00,17526.711,17528.6945,17522.139000000003,17527.7
2024-08-07 03:55:00+00:00,17527.189000000002,17543.189000000002,17527.189000000002,17536.678
2024-08-07 04:00:00+00:00,17538.1945,17546.216500000002,17533.7055,17539.2
2024-08-07 04:05:00+00:00,17540.2,17559.683500000003,17540.2,17553.6945
2024-08-07 04:10:00+00:00,17554.2055,17558.211,17552.711,17555.711
2024-08-07 04:15:00+00:00,17555.266499999998,17557.722,17535.2055,17540.6835
2024-08-07 04:20:00+00:00,17541.1945,17560.216500000002,17541.1945,17550.2055
2024-08-07 04:25:00+00:00,17549.2,17556.75,17535.222,17555.266499999998
2024-08-07 04:30:00+00:00,17554.689000000002,17556.7055,17543.133500000004,17549.7555
2024-08-07 04:35:00+00:00,17549.139000000003,17553.189000000002,17542.128,17542.128
2024-08-07 04:40:00+00:00,17539.7555,17561.15,17538.7,17549.722
2024-08-07 04:45:00+00:00,17549.1945,17549.7,17537.2,17543.7
2024-08-07 04:50:00+00:00,17544.189000000002,17555.716500000002,17542.266499999998,17554.7055
2024-08-07 04:55:00+00:00,17556.272,17556.272,17546.7055,17550.2
2024-08-07 05:00:00+00:00,17550.7055,17553.678,17531.7,17533.211
2024-08-07 05:05:00+00:00,17533.716500000002,17542.1945,17528.1835,17537.2
2024-08-07 05:10:00+00:00,17536.711,17540.683500000003,17510.2,17513.772
2024-08-07 05:15:00+00:00,17513.222,17518.25,17508.178,17511.628
2024-08-07 05:20:00+00:00,17512.128,17525.2055,17509.766499999998,17512.711
2024-08-07 05:25:00+00:00,17513.189000000002,17534.2055,17507.6945,17534.2055
2024-08-07 05:30:00+00:00,17530.1945,17542.266499999998,17522.6835,17536.633500000004
2024-08-07 05:35:00+00:00,17535.15,17535.216500000002,17501.183500000003,17501.7055
2024-08-07 05:40:00+00:00,17499.7055,17507.2165,17492.689000000002,17494.1945
2024-08-07 05:45:00+00:00,17493.6835,17509.2055,17487.178,17502.772
2024-08-07 05:50:00+00:00,17501.644500000002,17517.261,17499.7,17513.2
2024-08-07 05:55:00+00:00,17514.133500000004,17521.1835,17499.683500000003,17503.678
2024-08-07 06:00:00+00:00,17500.25,17500.25,17458.6945,17462.272
2024-08-07 06:05:00+00:00,17463.2055,17465.1945,17422.272,17438.189000000002
2024-08-07 06:10:00+00:00,17436.2,17436.2,17417.683500000003,17419.65
2024-08-07 06:15:00+00:00,17418.2,17426.15,17396.689000000002,17409.222
2024-08-07 06:20:00+00:00,17411.766499999998,17413.1945,17382.189000000002,17408.7
2024-08-07 06:25:00+00:00,17407.7,17441.211,17406.7055,17433.183500000003
2024-08-07 06:30:00+00:00,17432.7,17452.189000000002,17429.2165,17437.683500000003
2024-08-07 06:35:00+00:00,17438.7,17442.711,17427.75,17440.216500000002
2024-08-07 06:40:00+00:00,17440.678,17447.266499999998,17433.2055,17440.689000000002
2024-08-07 06:45:00+00:00,17440.261,17440.6945,17397.2165,17428.2055
2024-08-07 06:50:00+00:00,17427.2055,17443.633500000004,17420.222,17422.7
2024-08-07 06:55:00+00:00,17422.15,17442.25,17406.65,17437.7
2024-08-07 07:00:00+00:00,17442.689000000002,17443.678,17400.144500000002,17423.689000000002
2024-08-07 07:05:00+00:00,17421.633500000004,17446.7,17409.7055,17440.2
2024-08-07 07:10:00+00:00,17439.7555,17454.7055,17386.2,17413.15
2024-08-07 07:15:00+00:00,17412.178,17438.644500000002,17409.189000000002,17422.766499999998
2024-08-07 07:20:00+00:00,17424.761,17426.144500000002,17395.628,17399.189000000002
2024-08-07 07:25:00+00:00,17397.7055,17420.266499999998,17390.711,17413.25
2024-08-07 07:30:00+00:00,17412.2,17446.2055,17410.139000000003,17442.772
2024-08-07 07:35:00+00:00,17443.7055,17476.711,17443.7055,17461.6945
2024-08-07 07:40:00+00:00,17462.7055,17472.128,17445.2,17445.7
2024-08-07 07:45:00+00:00,17446.133500000004,17486.7,17435.1835,17482.2055
2024-08-07 07:50:00+00:00,17480.766499999998,17487.7055,17458.761,17472.2
2024-08-07 07:55:00+00:00,17471.7555,17488.75,17470.711,17474.189000000002
2024-08-07 08:00:00+00:00,17475.2555,17481.2165,17456.2555,17468.2
2024-08-07 08:05:00+00:00,17469.7,17505.711,17469.1945,17501.2055
2024-08-07 08:10:00+00:00,17501.7055,17511.2055,17485.683500000003,17505.644500000002
2024-08-07 08:15:00+00:00,17504.7,17512.766499999998,17494.6945,17500.1945
2024-08-07 08:20:00+00:00,17499.7165,17502.1945,17473.2,17496.711
2024-08-07 08:25:00+00:00,17497.222,17499.2055,17470.1945,17481.15
2024-08-07 08:30:00+00:00,17480.2,17491.628,17474.1945,17478.1945
2024-08-07 08:35:00+00:00,17477.211,17511.211,17471.644500000002,17500.189000000002
2024-08-07 08:40:00+00:00,17501.2055,17516.633500000004,17495.144500000002,17506.133500000004
2024-08-07 08:45:00+00:00,17505.2055,17551.2,17503.7555,17544.222
2024-08-07 08:50:00+00:00,17545.2,17555.689000000002,17540.678,17548.7055
2024-08-07 08:55:00+00:00,17549.2,17556.7,17545.133500000004,17555.2
2024-08-07 09:00:00+00:00,17556.189000000002,17563.261,17541.711,17544.15
2024-08-07 09:05:00+00:00,17549.2,17565.2055,17536.222,17538.128
2024-08-07 09:10:00+00:00,17539.139000000003,17564.1945,17538.25,17557.639000000003
2024-08-07 09:15:00+00:00,17558.2,17558.722,17531.683500000003,17537.189000000002
2024-08-07 09:20:00+00:00,17538.2055,17554.211,17532.2165,17553.2055
2024-08-07 09:25:00+00:00,17551.2,17577.211,17551.2,17572.6835
2024-08-07 09:30:00+00:00,17573.211,17581.272,17565.189000000002,17567.272
2024-08-07 09:35:00+00:00,17568.216500000002,17592.266499999998,17566.2,17576.183500000003
2024-08-07 09:40:00+00:00,17577.133500000004,17578.633500000004,17536.189000000002,17539.1945
2024-08-07 09:45:00+00:00,17541.2,17550.266499999998,17530.1835,17535.6945
2024-08-07 09:50:00+00:00,17535.2,17558.628,17534.2055,17555.1945
2024-08-07 09:55:00+00:00,17554.6945,17571.144500000002,17542.178,17569.1945
2024-08-07 10:00:00+00:00,17568.2,17576.189000000002,17562.128,17570.1945
2024-08-07 10:05:00+00:00,17570.6945,17583.75,17569.211,17581.2555
2024-08-07 10:10:00+00:00,17582.1835,17595.6945,17579.7055,17593.2055
2024-08-07 10:15:00+00:00,17591.2,17600.7,17591.2,17593.211
2024-08-07 10:20:00+00:00,17592.211,17603.7,17582.189000000002,17599.15
2024-08-07 10:25:00+00:00,17600.189000000002,17604.2165,17591.2055,17593.1945
2024-08-07 10:30:00+00:00,17594.2,17602.2055,17577.2,17578.222
2024-08-07 10:35:00+00:00,17579.222,17584.216500000002,17569.678,17571.683500000003
2024-08-07 10:40:00+00:00,17572.2055,17578.65,17559.1945,17563.1945
2024-08-07 10:45:00+00:00,17562.211,17576.266499999998,17560.2,17575.2055
2024-08-07 10:50:00+00:00,17576.6945,17591.2055,17576.2055,17591.133500000004
2024-08-07 10:55:00+00:00,17593.2055,17600.1945,17585.7555,17591.2165
2024-08-07 11:00:00+00:00,17590.139000000003,17598.272,17571.6945,17573.211
2024-08-07 11:05:00+00:00,17574.1945,17587.222,17548.1945,17581.7
2024-08-07 11:10:00+00:00,17582.128,17586.7,17565.711,17567.2555
2024-08-07 11:15:00+00:00,17568.2055,17577.711,17566.15,17566.75
2024-08-07 11:20:00+00:00,17566.216500000002,17573.222,17561.178,17572.222
2024-08-07 11:25:00+00:00,17571.683500000003,17585.2055,17570.7055,17574.128
2024-08-07 11:30:00+00:00,17573.189000000002,17580.211,17560.139000000003,17571.2
2024-08-07 11:35:00+00:00,17570.183500000003,17570.2055,17553.133500000004,17553.2555
2024-08-07 11:40:00+00:00,17552.216500000002,17567.189000000002,17548.2055,17565.2055
2024-08-07 11:45:00+00:00,17564.6945,17565.272,17552.2,17557.222
2024-08-07 11:50:00+00:00,17557.7,17564.2055,17539.144500000002,17542.1835
2024-08-07 11:55:00+00:00,17541.222,17552.15,17537.689000000002,17543.216500000002
2024-08-07 12:00:00+00:00,17545.15,17545.272,17514.189000000002,17516.2
2024-08-07 12:05:00+00:00,17515.711,17538.7,17510.683500000003,17536.211
2024-08-07 12:10:00+00:00,17535.7,17554.261,17535.183500000003,17553.272
2024-08-07 12:15:00+00:00,17552.65,17557.7055,17542.15,17556.7
2024-08-07 12:20:00+00:00,17556.272,17556.272,17530.633500000004,17530.766499999998
2024-08-07 12:25:00+00:00,17530.139000000003,17539.1945,17527.2,17530.216500000002
2024-08-07 12:30:00+00:00,17532.128,17549.772,17529.689000000002,17538.761
2024-08-07 12:35:00+00:00,17539.139000000003,17541.2165,17529.1945,17541.2055
2024-08-07 12:40:00+00:00,17540.7555,17554.144500000002,17537.1945,17542.15
2024-08-07 12:45:00+00:00,17541.2165,17557.189000000002,17537.139000000003,17556.7055
2024-08-07 12:50:00+00:00,17556.139000000003,17571.6945,17552.2,17563.216500000002
2024-08-07 12:55:00+00:00,17564.189000000002,17575.15,17560.139000000003,17573.261
2024-08-07 13:00:00+00:00,17572.6945,17585.7,17565.15,17566.183500000003
2024-08-07 13:05:00+00:00,17568.2,17584.678,17568.128,17584.211
2024-08-07 13:10:00+00:00,17585.2055,17596.144500000002,17580.133500000004,17585.128
2024-08-07 13:15:00+00:00,17583.2555,17596.211,17581.6945,17590.2055
2024-08-07 13:20:00+00:00,17589.261,17593.1945,17583.211,17589.216500000002
2024-08-07 13:25:00+00:00,17590.139000000003,17606.2,17589.1945,17600.2
2024-08-07 13:30:00+00:00,17600.711,17608.7,17593.2555,17603.2555
2024-08-07 13:35:00+00:00,17605.1945,17622.2055,17593.266499999998,17613.6835
2024-08-07 13:40:00+00:00,17613.2555,17624.25,17601.144500000002,17622.689000000002
2024-08-07 13:45:00+00:00,17622.2055,17626.75,17610.2,17620.1945
2024-08-07 13:50:00+00:00,17619.128,17652.628,17618.678,17651.144500000002
2024-08-07 13:55:00+00:00,17652.711,17656.2055,17636.689000000002,17651.2
2024-08-07 14:00:00+00:00,17652.2,17657.2165,17628.189000000002,17628.266499999998
2024-08-07 14:05:00+00:00,17629.2055,17645.216500000002,17621.139000000003,17645.1945
2024-08-07 14:10:00+00:00,17644.65,17661.261,17640.128,17640.128
2024-08-07 14:15:00+00:00,17641.2055,17649.1835,17610.761,17621.2
2024-08-07 14:20:00+00:00,17622.2055,17641.189000000002,17622.189000000002,17630.2
2024-08-07 14:25:00+00:00,17631.2165,17631.2165,17599.766499999998,17607.2055
2024-08-07 14:30:00+00:00,17608.2055,17627.1945,17601.1945,17618.2055
2024-08-07 14:35:00+00:00,17619.216500000002,17631.772,17610.2,17613.272
2024-08-07 14:40:00+00:00,17614.2,17652.2,17614.2,17651.15
2024-08-07 14:45:00+00:00,17652.2055,17671.6945,17646.211,17659.211
2024-08-07 14:50:00+00:00,17661.178,17662.178,17641.7,17644.1945
2024-08-07 14:55:00+00:00,17645.2,17654.683500000003,17643.211,17649.678
2024-08-07 15:00:00+00:00,17650.216500000002,17652.2555,17627.5,17631.4945
2024-08-07 15:05:00+00:00,17632.4945,17646.066499999997,17631.0,17639.9945
2024-08-07 15:10:00+00:00,17639.483500000002,17642.022,17621.566499999997,17632.4835
2024-08-07 15:15:00+00:00,17631.5,17637.433500000003,17617.5055,17621.522
2024-08-07 15:20:00+00:00,17620.9945,17622.5165,17604.989,17606.483500000002
2024-08-07 15:25:00+00:00,17605.439000000002,17616.511,17602.011,17609.478
2024-08-07 15:30:00+00:00,17606.983500000002,17619.489,17600.022,17612.566499999997
2024-08-07 15:35:00+00:00,17611.45,17618.072,17600.989,17607.522
2024-08-07 15:40:00+00:00,17606.5055,17612.5165,17590.5,17590.5
2024-08-07 15:45:00+00:00,17592.5,17593.4945,17563.560999999998,17575.511
2024-08-07 15:50:00+00:00,17574.4945,17594.483500000002,17568.511,17584.5
2024-08-07 15:55:00+00:00,17585.5,17603.0055,17585.489,17602.433500000003
2024-08-07 16:00:00+00:00,17603.0,17603.428,17566.572,17570.4945
2024-08-07 16:05:00+00:00,17571.011,17592.5,17566.511,17583.483500000002
2024-08-07 16:10:00+00:00,17582.5,17604.5,17580.5,17601.489
2024-08-07 16:15:00+00:00,17602.4945,17604.5,17592.011,17596.483500000002
2024-08-07 16:20:00+00:00,17596.066499999997,17613.05,17591.45,17608.0055
2024-08-07 16:25:00+00:00,17608.45,17612.516499999998,17598.5,17602.4835
2024-08-07 16:30:00+00:00,17601.989,17607.011,17592.483500000002,17603.511
2024-08-07 16:35:00+00:00,17602.5055,17604.989,17592.428,17593.5055
2024-08-07 16:40:00+00:00,17594.433500000003,17599.489,17576.4835,17576.560999999998
2024-08-07 16:45:00+00:00,17577.0055,17585.5055,17550.5,17553.4945
2024-08-07 16:50:00+00:00,17552.572,17556.511,17536.9945,17542.428
2024-08-07 16:55:00+00:00,17541.5,17556.428,17536.5165,17546.0165
2024-08-07 17:00:00+00:00,17545.0,17553.5,17523.522,17526.989
2024-08-07 17:05:00+00:00,17526.5,17534.489,17503.0,17506.511
2024-08-07 17:10:00+00:00,17506.066499999997,17514.5055,17490.0,17499.4445
2024-08-07 17:15:00+00:00,17498.566499999997,17501.566499999997,17478.5055,17487.5055
2024-08-07 17:20:00+00:00,17487.989,17512.9945,17487.489,17511.511
2024-08-07 17:25:00+00:00,17510.572,17525.5055,17500.489,17506.0055
2024-08-07 17:30:00+00:00,17506.511,17524.978,17504.489,17524.516499999998
2024-08-07 17:35:00+00:00,17525.989,17537.9945,17523.016499999998,17527.428
2024-08-07 17:40:00+00:00,17526.489,17533.572,17512.478,17513.072
2024-08-07 17:45:00+00:00,17512.483500000002,17520.566499999997,17485.428,17487.511
2024-08-07 17:50:00+00:00,17488.516499999998,17494.011,17477.5055,17486.4835
2024-08-07 17:55:00+00:00,17485.5555,17486.433500000003,17465.989,17482.566499999997
2024-08-07 18:00:00+00:00,17481.05,17483.5,17462.5,17467.4945
2024-08-07 18:05:00+00:00,17466.4945,17472.511,17442.0,17443.478
2024-08-07 18:10:00+00:00,17444.011,17448.4835,17423.4445,17428.072
2024-08-07 18:15:00+00:00,17428.5,17431.478,17410.4835,17417.4945
2024-08-07 18:20:00+00:00,17416.428,17434.05,17415.0,17429.066499999997
2024-08-07 18:25:00+00:00,17430.0,17453.5,17430.0,17444.5
2024-08-07 18:30:00+00:00,17442.9945,17443.978,17418.9945,17425.0055
2024-08-07 18:35:00+00:00,17423.5165,17433.5,17414.989,17428.4945
2024-08-07 18:40:00+00:00,17427.072,17437.9945,17418.9945,17424.511
2024-08-07 18:45:00+00:00,17423.4945,17432.5055,17409.5055,17418.5
2024-08-07 18:50:00+00:00,17418.0165,17422.566499999997,17410.933500000003,17417.4945
2024-08-07 18:55:00+00:00,17417.9445,17434.572,17416.4945,17424.5165
2024-08-07 19:00:00+00:00,17423.511,17466.989,17420.483500000002,17466.55
2024-08-07 19:05:00+00:00,17465.4835,17473.5055,17451.4445,17457.0055
2024-08-07 19:10:00+00:00,17456.5,17465.5,17440.4835,17442.5
2024-08-07 19:15:00+00:00,17441.5,17458.0165,17441.5,17452.522
2024-08-07 19:20:00+00:00,17453.5055,17464.011,17446.428,17452.489
2024-08-07 19:25:00+00:00,17451.489,17456.572,17439.433500000003,17453.522
2024-08-07 19:30:00+00:00,17451.5055,17459.566499999997,17438.4945,17448.5
2024-08-07 19:35:00+00:00,17447.5055,17466.5,17446.439000000002,17453.516499999998
2024-08-07 19:40:00+00:00,17453.0,17456.45,17439.0,17444.489
2024-08-07 19:45:00+00:00,17443.989,17457.4945,17442.9945,17456.011
2024-08-07 19:50:00+00:00,17453.939000000002,17460.0555,17426.433500000003,17429.0055
2024-08-07 19:55:00+00:00,17429.4945,17431.0,17416.9945,17426.9945
2024-08-07 20:00:00+00:00,17426.9945,17438.75,17411.894500000002,17421.928
2024-08-07 20:05:00+00:00,17423.7055,17436.9945,17422.728,17433.65
2024-08-07 20:10:00+00:00,17434.478,17444.672,17430.3055,17430.3055
2024-08-07 22:05:00+00:00,17376.628,17385.878,17367.522,17385.122
2024-08-07 22:10:00+00:00,17384.6,17385.5,17360.4055,17360.8055
2024-08-07 22:15:00+00:00,17361.189000000002,17390.1165,17361.189000000002,17387.6165
2024-08-07 22:20:00+00:00,17387.189000000002,17392.610999999997,17381.283499999998,17389.2555
2024-08-07 22:25:00+00:00,17390.172,17406.810999999998,17386.639000000003,17404.322
2024-08-07 22:30:00+00:00,17403.9,17412.316499999997,17403.4445,17410.989
2024-08-07 22:35:00+00:00,17411.839,17412.716500000002,17396.810999999998,17405.9445
2024-08-07 22:40:00+00:00,17406.8,17409.739,17395.089,17397.6665
2024-08-07 22:45:00+00:00,17397.989,17399.6945,17375.8835,17379.9945
2024-08-07 22:50:00+00:00,17380.9055,17390.172,17377.922,17384.6
2024-08-07 22:55:00+00:00,17384.2,17406.855499999998,17383.0055,17392.610999999997
2024-08-07 23:00:00+00:00,17392.1945,17397.2,17388.328,17394.2945
2024-08-07 23:05:00+00:00,17396.728,17396.8055,17372.483500000002,17378.7445
2024-08-07 23:10:00+00:00,17378.461,17390.5,17377.889000000003,17380.0
2024-08-07 23:15:00+00:00,17380.516499999998,17381.7,17374.9945,17378.5945
2024-08-07 23:20:00+00:00,17377.728,17379.0055,17354.2945,17355.110999999997
2024-08-07 23:25:00+00:00,17354.6945,17354.7,17331.633500000004,17333.2445
2024-08-07 23:30:00+00:00,17333.860999999997,17339.5945,17302.328,17317.122
2024-08-07 23:35:00+00:00,17315.810999999998,17317.5055,17271.728,17277.216500000002
2024-08-07 23:40:00+00:00,17276.810999999998,17296.572,17275.1555,17294.0
2024-08-07 23:45:00+00:00,17293.105499999998,17322.4055,17291.4945,17319.161
2024-08-07 23:50:00+00:00,17319.55,17322.4555,17309.022,17313.0
2024-08-07 23:55:00+00:00,17313.839,17343.5335,17310.4445,17343.2055
2024-08-08 00:00:00+00:00,17344.011,17380.855499999998,17331.4835,17375.860999999997
2024-08-08 00:05:00+00:00,17375.011,17381.222,17363.678,17374.978
2024-08-08 00:10:00+00:00,17375.389000000003,17376.5945,17360.6945,17363.711
2024-08-08 00:15:00+00:00,17408.5,17432.511,17404.5055,17432.0
2024-08-08 00:20:00+00:00,17430.9945,17431.9945,17406.5,17413.05
2024-08-08 00:25:00+00:00,17413.566499999997,17426.9835,17397.55,17399.0
2024-08-08 00:30:00+00:00,17398.5555,17424.0055,17398.5555,17407.95
2024-08-08 00:35:00+00:00,17407.483500000002,17411.0,17385.933500000003,17386.5
2024-08-08 00:40:00+00:00,17388.0,17399.5055,17378.9945,17386.011
2024-08-08 00:45:00+00:00,17385.5,17388.011,17376.9835,17386.011
2024-08-08 00:50:00+00:00,17386.5,17403.9945,17386.5,17396.0
2024-08-08 00:55:00+00:00,17395.489,17405.433500000003,17384.5,17399.5
2024-08-08 01:00:00+00:00,17399.0,17415.0055,17393.4945,17412.511
2024-08-08 01:05:00+00:00,17413.483500000002,17423.572,17409.5,17411.5055
2024-08-08 01:10:00+00:00,17412.072,17423.560999999998,17412.011,17420.0
2024-08-08 01:15:00+00:00,17420.55,17440.45,17419.939000000002,17433.5055
2024-08-08 01:20:00+00:00,17433.9945,17435.5055,17423.5055,17426.489
2024-08-08 01:25:00+00:00,17429.011,17431.511,17426.0055,17426.9835
2024-08-08 01:30:00+00:00,17426.433500000003,17434.5055,17419.5,17419.5
2024-08-08 01:35:00+00:00,17420.0055,17424.4835,17417.5,17417.9945
2024-08-08 01:40:00+00:00,17418.5055,17420.511,17410.0055,17414.511
2024-08-08 01:45:00+00:00,17413.0,17424.0,17409.011,17424.0
2024-08-08 01:50:00+00:00,17423.0055,17433.5,17420.95,17431.5
2024-08-08 01:55:00+00:00,17431.0,17437.011,17430.560999999998,17435.511
2024-08-08 02:00:00+00:00,17435.983500000002,17452.560999999998,17435.522,17446.9835
2024-08-08 02:05:00+00:00,17445.0,17468.4835,17445.0,17465.489
2024-08-08 02:10:00+00:00,17465.0055,17469.5,17454.978,17468.45
2024-08-08 02:15:00+00:00,17468.0,17475.933500000003,17465.0,17467.0
2024-08-08 02:20:00+00:00,17476.4945,17484.066499999997,17476.4945,17479.566499999997
2024-08-08 02:25:00+00:00,17479.928,17483.011,17478.428,17478.428
2024-08-08 02:30:00+00:00,17475.4945,17483.0055,17471.0,17475.511
2024-08-08 02:35:00+00:00,17475.989,17482.9945,17475.4835,17475.4835
2024-08-08 02:40:00+00:00,17474.9945,17477.0,17474.5555,17474.5555
2024-08-08 02:45:00+00:00,17476.55,17476.55,17476.55,17476.55
2024-08-08 02:50:00+00:00,17477.5,17486.05,17477.5,17482.5055
2024-08-08 02:55:00+00:00,17481.95,17492.5055,17481.95,17491.5165
2024-08-08 03:00:00+00:00,17492.022,17496.9835,17487.95,17487.95
2024-08-08 03:05:00+00:00,17486.95,17489.489,17480.9945,17487.9835
2024-08-08 03:10:00+00:00,17488.5055,17498.9945,17484.439000000002,17498.9945
2024-08-08 03:15:00+00:00,17498.011,17499.011,17493.989,17497.5
2024-08-08 03:20:00+00:00,17499.0165,17506.4945,17498.5055,17502.939000000002
2024-08-08 03:25:00+00:00,17504.0055,17504.0055,17491.989,17492.989
2024-08-08 03:30:00+00:00,17494.939000000002,17505.511,17494.5,17498.016499999998
2024-08-08 03:35:00+00:00,17498.560999999998,17500.45,17495.022,17498.0
2024-08-08 03:40:00+00:00,17498.5055,17501.989,17489.560999999998,17501.4835
2024-08-08 03:45:00+00:00,17500.933500000003,17505.989,17496.0055,17501.4835
2024-08-08 03:50:00+00:00,17502.4445,17505.5055,17487.016499999998,17491.511
2024-08-08 03:55:00+00:00,17491.9945,17491.9945,17465.072,17478.0
2024-08-08 04:00:00+00:00,17482.0,17482.0055,17456.566499999997,17457.05
2024-08-08 04:05:00+00:00,17455.511,17464.9945,17449.5165,17457.55
2024-08-08 04:10:00+00:00,17459.066499999997,17479.983500000002,17458.0,17468.0
2024-08-08 04:15:00+00:00,17466.5055,17482.439000000002,17462.989,17472.0055
2024-08-08 04:20:00+00:00,17473.989,17476.9945,17468.0555,17468.0555
2024-08-08 04:25:00+00:00,17468.5055,17476.5,17458.5,17462.9945
2024-08-08 04:30:00+00:00,17464.5055,17465.0,17447.011,17453.95
2024-08-08 04:35:00+00:00,17454.978,17460.5055,17429.0,17436.0555
2024-08-08 04:40:00+00:00,17435.439000000002,17448.0055,17430.5055,17438.511
2024-08-08 04:45:00+00:00,17439.511,17439.511,17422.989,17426.0055
2024-08-08 04:50:00+00:00,17426.511,17440.5055,17426.511,17436.439000000002
2024-08-08 04:55:00+00:00,17435.9945,17450.511,17434.483500000002,17449.928
2024-08-08 05:00:00+00:00,17450.4945,17477.433500000003,17440.439000000002,17472.55
2024-08-08 05:05:00+00:00,17472.9945,17491.978,17464.4945,17485.4945
2024-08-08 05:10:00+00:00,17486.989,17514.5555,17486.989,17498.022
2024-08-08 05:15:00+00:00,17498.4945,17505.060999999998,17488.560999999998,17498.5
2024-08-08 05:20:00+00:00,17496.989,17500.522,17488.9835,17494.933500000003
2024-08-08 05:25:00+00:00,17497.0,17510.5055,17495.5,17504.511
2024-08-08 05:30:00+00:00,17505.0055,17515.572,17503.5165,17504.9835
2024-08-08 05:35:00+00:00,17504.428,17513.989,17483.5055,17484.066499999997
2024-08-08 05:40:00+00:00,17485.489,17505.5,17479.0,17491.0
2024-08-08 05:45:00+00:00,17497.4945,17511.016499999998,17488.0,17493.560999999998
2024-08-08 05:50:00+00:00,17492.5,17499.011,17480.439000000002,17491.928
2024-08-08 05:55:00+00:00,17492.5,17532.5,17492.5,17503.5165
2024-08-08 06:00:00+00:00,17504.05,17536.9945,17489.0055,17508.566499999997
2024-08-08 06:05:00+00:00,17507.516499999998,17524.0,17502.989,17522.4945
2024-08-08 06:10:00+00:00,17521.016499999998,17559.4945,17517.5,17521.5
2024-08-08 06:15:00+00:00,17520.4445,17569.0165,17515.489,17561.978
2024-08-08 06:20:00+00:00,17561.4835,17586.5055,17557.5,17577.560999999998
2024-08-08 06:25:00+00:00,17576.989,17576.989,17551.9945,17565.5165
2024-08-08 06:30:00+00:00,17566.5055,17573.011,17551.478,17562.5055
2024-08-08 06:35:00+00:00,17562.05,17565.95,17538.5055,17545.566499999997
2024-08-08 06:40:00+00:00,17543.5055,17551.0,17530.9445,17538.5055
2024-08-08 06:45:00+00:00,17539.0,17541.483500000002,17518.5,17534.978
2024-08-08 06:50:00+00:00,17534.428,17542.95,17524.4945,17529.0
2024-08-08 06:55:00+00:00,17531.0055,17554.5,17525.928,17540.4835
2024-08-08 07:00:00+00:00,17550.511,17554.978,17494.4945,17501.066499999997
2024-08-08 07:05:00+00:00,17499.0,17515.0055,17488.5,17508.0055
2024-08-08 07:10:00+00:00,17510.072,17510.072,17483.0055,17485.95
2024-08-08 07:15:00+00:00,17485.572,17498.05,17463.939000000002,17483.011
2024-08-08 07:20:00+00:00,17483.95,17484.066499999997,17457.939000000002,17461.05
2024-08-08 07:25:00+00:00,17462.9945,17464.011,17435.939000000002,17451.5055
2024-08-08 07:30:00+00:00,17452.0,17466.983500000002,17437.9445,17463.511
2024-08-08 07:35:00+00:00,17463.989,17483.060999999998,17456.9945,17477.0
2024-08-08 07:40:00+00:00,17474.989,17491.9945,17469.989,17482.4945
2024-08-08 07:45:00+00:00,17482.011,17513.0555,17470.978,17506.5
2024-08-08 07:50:00+00:00,17506.0,17515.066499999997,17472.989,17485.0055
2024-08-08 07:55:00+00:00,17484.0,17508.511,17477.939000000002,17508.011
2024-08-08 08:00:00+00:00,17507.0055,17515.0055,17494.928,17502.016499999998
2024-08-08 08:05:00+00:00,17501.0,17515.05,17484.983500000002,17494.9945
2024-08-08 08:10:00+00:00,17496.5,17502.516499999998,17484.9945,17501.989
2024-08-08 08:15:00+00:00,17501.4835,17523.5,17490.0,17512.0
2024-08-08 08:20:00+00:00,17512.978,17514.0,17478.978,17483.989
2024-08-08 08:25:00+00:00,17483.4835,17494.0,17469.939000000002,17469.939000000002
2024-08-08 08:30:00+00:00,17468.989,17481.011,17466.0,17479.0
2024-08-08 08:35:00+00:00,17478.0055,17492.978,17468.9945,17474.4945
2024-08-08 08:40:00+00:00,17474.072,17505.439000000002,17470.9945,17502.022
2024-08-08 08:45:00+00:00,17501.072,17539.489,17499.433500000003,17539.489
2024-08-08 08:50:00+00:00,17540.483500000002,17544.0055,17526.4945,17531.478
2024-08-08 08:55:00+00:00,17530.989,17554.939000000002,17529.989,17545.011
2024-08-08 09:00:00+00:00,17545.5055,17555.016499999998,17543.939000000002,17544.483500000002
2024-08-08 09:05:00+00:00,17544.989,17548.011,17529.489,17532.566499999997
2024-08-08 09:10:00+00:00,17531.9835,17539.4945,17523.983500000002,17538.072
2024-08-08 09:15:00+00:00,17538.428,17541.572,17526.011,17529.55
2024-08-08 09:20:00+00:00,17529.989,17536.9945,17510.989,17512.0
2024-08-08 09:25:00+00:00,17511.433500000003,17513.060999999998,17489.9835,17489.9835
2024-08-08 09:30:00+00:00,17489.0,17499.9945,17484.511,17499.9945
2024-08-08 09:35:00+00:00,17498.489,17499.0,17486.989,17495.022
2024-08-08 09:40:00+00:00,17494.4945,17498.5165,17469.0,17470.511
2024-08-08 09:45:00+00:00,17471.011,17478.5555,17463.989,17463.9945
2024-08-08 09:50:00+00:00,17465.0,17481.0,17454.489,17475.05
2024-08-08 09:55:00+00:00,17476.011,17484.0055,17465.9945,17480.939000000002
2024-08-08 10:00:00+00:00,17481.9945,17491.0055,17478.9945,17483.9445
2024-08-08 10:05:00+00:00,17483.0,17496.566499999997,17477.9945,17480.0055
2024-08-08 10:10:00+00:00,17480.9945,17501.016499999998,17480.0,17499.0
2024-08-08 10:15:00+00:00,17498.0,17513.55,17497.95,17506.9945
2024-08-08 10:20:00+00:00,17506.0055,17513.9945,17501.989,17509.511
2024-08-08 10:25:00+00:00,17509.9835,17512.066499999997,17501.483500000002,17506.0055
2024-08-08 10:30:00+00:00,17504.9945,17511.978,17498.939000000002,17504.433500000003
2024-08-08 10:35:00+00:00,17504.0,17511.05,17497.9835,17503.9945
2024-08-08 10:40:00+00:00,17506.05,17516.4945,17501.9945,17513.933500000003
2024-08-08 10:45:00+00:00,17514.939000000002,17527.933500000003,17507.939000000002,17517.0
2024-08-08 10:50:00+00:00,17518.0,17522.5,17501.0055,17501.0055
2024-08-08 10:55:00+00:00,17500.05,17505.011,17485.989,17490.9945
2024-08-08 11:00:00+00:00,17492.989,17492.989,17467.011,17474.989
2024-08-08 11:05:00+00:00,17475.511,17483.95,17468.5,17483.0
2024-08-08 11:10:00+00:00,17484.5555,17511.4835,17480.9445,17505.989
2024-08-08 11:15:00+00:00,17505.0,17518.5055,17502.5,17516.989
2024-08-08 11:20:00+00:00,17518.560999999998,17518.9945,17504.016499999998,17508.5
2024-08-08 11:25:00+00:00,17508.9945,17514.011,17498.9445,17501.560999999998
2024-08-08 11:30:00+00:00,17501.0,17509.0055,17495.9445,17507.5
2024-08-08 11:35:00+00:00,17507.05,17510.0165,17500.433500000003,17504.933500000003
2024-08-08 11:40:00+00:00,17503.939000000002,17516.011,17498.9445,17514.011
2024-08-08 11:45:00+00:00,17513.0,17528.0,17512.0,17519.0055
2024-08-08 11:50:00+00:00,17518.05,17538.5055,17516.95,17524.95
2024-08-08 11:55:00+00:00,17524.0,17537.566499999997,17522.5,17537.566499999997
2024-08-08 12:00:00+00:00,17539.016499999998,17541.4945,17531.0,17532.0
2024-08-08 12:05:00+00:00,17532.511,17546.022,17530.0,17540.0
2024-08-08 12:10:00+00:00,17541.0,17548.0,17528.0,17529.0165
2024-08-08 12:15:00+00:00,17527.989,17531.066499999997,17517.983500000002,17520.0
2024-08-08 12:20:00+00:00,17518.9945,17522.0,17493.933500000003,17496.0055
2024-08-08 12:25:00+00:00,17494.989,17509.060999999998,17489.978,17509.060999999998
2024-08-08 12:30:00+00:00,17514.483500000002,17591.0,17514.483500000002,17580.0555
2024-08-08 12:35:00+00:00,17580.511,17599.0,17571.978,17578.45
2024-08-08 12:40:00+00:00,17579.5,17596.0,17570.0,17578.011
2024-08-08 12:45:00+00:00,17577.5055,17592.016499999998,17563.560999999998,17571.4945
2024-08-08 12:50:00+00:00,17571.9945,17604.0,17567.9835,17596.066499999997
2024-08-08 12:55:00+00:00,17594.9945,17598.0055,17571.9835,17573.016499999998
2024-08-08 13:00:00+00:00,17573.95,17598.066499999997,17565.0,17592.060999999998
2024-08-08 13:05:00+00:00,17592.5,17605.9945,17582.9445,17601.989
2024-08-08 13:10:00+00:00,17603.011,17611.989,17593.9945,17608.0
2024-08-08 13:15:00+00:00,17610.0,17634.05,17605.9945,17623.5
2024-08-08 13:20:00+00:00,17623.0,17623.0,17601.5055,17611.4835
2024-08-08 13:25:00+00:00,17612.0,17626.060999999998,17607.928,17623.9945
2024-08-08 13:30:00+00:00,17625.011,17625.011,17596.0,17615.9945
2024-08-08 13:35:00+00:00,17617.0055,17626.072,17597.9945,17610.5055
2024-08-08 13:40:00+00:00,17612.0555,17629.072,17602.928,17604.0055
2024-08-08 13:45:00+00:00,17604.9835,17631.011,17582.0,17582.0
2024-08-08 13:50:00+00:00,17584.0,17618.0165,17572.928,17617.0055
2024-08-08 13:55:00+00:00,17616.0,17621.011,17593.4945,17602.9445
2024-08-08 14:00:00+00:00,17605.022,17641.0055,17596.4945,17631.0165
2024-08-08 14:05:00+00:00,17629.928,17634.0055,17614.5,17631.939000000002
2024-08-08 14:10:00+00:00,17632.489,17633.0055,17616.511,17625.0
2024-08-08 14:15:00+00:00,17624.0055,17632.011,17615.9445,17621.0
2024-08-08 14:20:00+00:00,17621.939000000002,17638.060999999998,17615.933500000003,17636.0055
2024-08-08 14:25:00+00:00,17637.066499999997,17649.066499999997,17633.928,17646.0
2024-08-08 14:30:00+00:00,17645.0,17658.0555,17645.0,17657.0055
2024-08-08 14:35:00+00:00,17657.983500000002,17659.572,17647.9945,17651.9945
2024-08-08 14:40:00+00:00,17652.483500000002,17662.9945,17646.4945,17652.011
2024-08-08 14:45:00+00:00,17651.011,17672.566499999997,17648.928,17672.478
2024-08-08 14:50:00+00:00,17672.0055,17676.511,17664.0055,17668.928
2024-08-08 14:55:00+00:00,17669.516499999998,17688.4835,17665.5555,17687.0555
2024-08-08 15:00:00+00:00,17687.55,17698.072,17682.572,17695.011
2024-08-08 15:05:00+00:00,17694.022,17699.9945,17686.989,17696.011
2024-08-08 15:10:00+00:00,17693.95,17695.9945,17646.0,17646.0
2024-08-08 15:15:00+00:00,17645.4945,17655.011,17640.989,17642.0555
2024-08-08 15:20:00+00:00,17641.5055,17664.9945,17641.5055,17662.9945
2024-08-08 15:25:00+00:00,17664.011,17673.0055,17660.0,17666.0
2024-08-08 15:30:00+00:00,17664.4945,17673.05,17656.4945,17672.0055
2024-08-08 15:35:00+00:00,17670.9835,17680.011,17667.4945,17676.066499999997
2024-08-08 15:40:00+00:00,17675.4945,17676.011,17656.522,17669.0
2024-08-08 15:45:00+00:00,17668.5,17671.066499999997,17654.511,17664.0
2024-08-08 15:50:00+00:00,17665.011,17678.4945,17664.011,17677.95
2024-08-08 15:55:00+00:00,17677.522,17683.0555,17674.9445,17677.9945
2024-08-08 16:00:00+00:00,17675.978,17688.939000000002,17667.9445,17687.0
2024-08-08 16:05:00+00:00,17686.5055,17694.489,17685.9835,17689.489
2024-08-08 16:10:00+00:00,17688.939000000002,17693.072,17679.516499999998,17689.011
2024-08-08 16:15:00+00:00,17687.989,17690.939000000002,17679.9835,17690.0055
2024-08-08 16:20:00+00:00,17689.0,17696.0055,17688.439000000002,17692.5
2024-08-08 16:25:00+00:00,17692.0,17695.066499999997,17679.9945,17680.9945
2024-08-08 16:30:00+00:00,17680.55,17681.0,17658.95,17663.4945
2024-08-08 16:35:00+00:00,17664.0555,17665.489,17650.45,17652.989
2024-08-08 16:40:00+00:00,17654.5165,17660.060999999998,17648.5555,17660.0055
2024-08-08 16:45:00+00:00,17659.5055,17672.5,17658.0,17670.0
2024-08-08 16:50:00+00:00,17671.0055,17678.05,17663.983500000002,17675.9445
2024-08-08 16:55:00+00:00,17676.560999999998,17678.522,17664.4445,17667.060999999998
2024-08-08 17:00:00+00:00,17667.5,17671.522,17652.016499999998,17656.0
2024-08-08 17:05:00+00:00,17658.0555,17663.05,17646.483500000002,17662.511
2024-08-08 17:10:00+00:00,17663.011,17670.0,17661.0,17665.9945
2024-08-08 17:15:00+00:00,17665.5055,17682.011,17664.9945,17682.011
2024-08-08 17:20:00+00:00,17680.9945,17686.011,17677.0555,17679.489
2024-08-08 17:25:00+00:00,17678.939000000002,17693.4835,17677.983500000002,17691.989
2024-08-08 17:30:00+00:00,17692.55,17700.0,17691.989,17696.9945
2024-08-08 17:35:00+00:00,17695.983500000002,17698.9945,17687.478,17697.0
2024-08-08 17:40:00+00:00,17697.55,17700.566499999997,17691.483500000002,17693.5165
2024-08-08 17:45:00+00:00,17694.5055,17700.0,17693.489,17696.4945
2024-08-08 17:50:00+00:00,17696.011,17702.566499999997,17691.0,17694.0
2024-08-08 17:55:00+00:00,17693.489,17693.572,17685.978,17692.5555
2024-08-08 18:00:00+00:00,17691.516499999998,17702.072,17687.989,17702.072
2024-08-08 18:05:00+00:00,17701.5165,17711.0165,17698.928,17708.489
2024-08-08 18:10:00+00:00,17709.066499999997,17720.5055,17707.0,17719.011
2024-08-08 18:15:00+00:00,17718.0,17727.0055,17717.5,17726.989
2024-08-08 18:20:00+00:00,17725.9945,17728.566499999997,17719.9945,17724.478
2024-08-08 18:25:00+00:00,17725.0555,17729.511,17708.9945,17715.072
2024-08-08 18:30:00+00:00,17716.0555,17723.066499999997,17713.928,17719.989
2024-08-08 18:35:00+00:00,17721.022,17722.016499999998,17710.9945,17713.0
2024-08-08 18:40:00+00:00,17714.011,17714.011,17701.05,17706.989
2024-08-08 18:45:00+00:00,17707.489,17714.5,17704.060999999998,17710.9445
2024-08-08 18:50:00+00:00,17710.0055,17716.072,17708.511,17713.0
2024-08-08 18:55:00+00:00,17713.489,17718.0,17709.928,17711.0
2024-08-08 19:00:00+00:00,17710.0055,17712.066499999997,17697.978,17697.9945
2024-08-08 19:05:00+00:00,17698.5055,17719.0,17694.0,17717.5165
2024-08-08 19:10:00+00:00,17717.0165,17723.572,17713.0,17714.0
2024-08-08 19:15:00+00:00,17714.95,17718.0,17703.511,17704.9445
2024-08-08 19:20:00+00:00,17703.9945,17714.0165,17702.9945,17707.011
2024-08-08 19:25:00+00:00,17708.95,17711.572,17699.4945,17700.95
2024-08-08 19:30:00+00:00,17701.989,17705.0055,17685.95,17695.489
2024-08-08 19:35:00+00:00,17697.05,17697.066499999997,17679.428,17693.978
2024-08-08 19:40:00+00:00,17693.511,17708.9945,17693.0,17707.0
2024-08-08 19:45:00+00:00,17705.9945,17709.0,17697.933500000003,17702.0
2024-08-08 19:50:00+00:00,17700.989,17708.9945,17693.933500000003,17702.489
2024-08-08 19:55:00+00:00,17703.0,17719.5165,17692.011,17718.022
2024-08-08 20:00:00+00:00,17714.511,17752.9055,17707.022,17730.5945
2024-08-08 20:05:00+00:00,17732.3055,17734.810999999998,17714.728,17718.266499999998
2024-08-08 20:10:00+00:00,17717.6945,17727.283499999998,17713.178,17716.428
2024-08-08 22:05:00+00:00,17731.261,17734.060999999998,17714.478,17716.2055
2024-08-08 22:10:00+00:00,17716.610999999997,17725.178,17715.772,17718.6665
2024-08-08 22:15:00+00:00,17719.0165,17719.0165,17710.35,17715.7165
2024-08-08 22:20:00+00:00,17715.3055,17726.95,17714.0055,17724.8
2024-08-08 22:25:00+00:00,17726.116499999996,17729.022,17723.933500000003,17729.022
2024-08-08 22:30:00+00:00,17728.528,17733.15,17726.889000000003,17727.289
2024-08-08 22:35:00+00:00,17726.828,17730.6665,17724.0,17725.6945
2024-08-08 22:40:00+00:00,17726.4835,17726.4835,17718.144500000002,17723.605499999998
2024-08-08 22:45:00+00:00,17724.016499999998,17724.016499999998,17714.394500000002,17715.711
2024-08-08 22:50:00+00:00,17716.110999999997,17721.078,17715.75,17719.7945
2024-08-08 22:55:00+00:00,17720.7,17730.6665,17716.4945,17730.605499999998
2024-08-08 23:00:00+00:00,17731.116499999996,17737.1,17727.5945,17733.9055
2024-08-08 23:05:00+00:00,17734.239,17744.7555,17730.489,17740.572
2024-08-08 23:10:00+00:00,17740.8335,17763.3835,17740.0835,17754.7
2024-08-08 23:15:00+00:00,17755.1,17757.55,17741.894500000002,17743.6555
2024-08-08 23:20:00+00:00,17744.3835,17745.2945,17719.433500000003,17722.8055
2024-08-08 23:25:00+00:00,17722.45,17726.4945,17714.878,17724.85
2024-08-08 23:30:00+00:00,17724.0055,17731.4945,17723.989,17728.989
2024-08-08 23:35:00+00:00,17729.4,17734.011,17725.5335,17727.711
2024-08-08 23:40:00+00:00,17727.316499999997,17739.389000000003,17727.289,17735.928
2024-08-08 23:45:00+00:00,17735.589,17751.394500000002,17734.7835,17751.394500000002
2024-08-08 23:50:00+00:00,17750.605499999998,17750.605499999998,17741.8,17748.8835
2024-08-08 23:55:00+00:00,17749.7,17751.011,17742.228,17744.810999999998
2024-08-09 00:00:00+00:00,17743.1,17743.1,17716.039,17716.5555
2024-08-09 00:05:00+00:00,17715.678,17728.5165,17709.4,17724.0055
2024-08-09 00:10:00+00:00,17723.1,17725.9835,17708.433500000003,17709.75
2024-08-09 00:15:00+00:00,17692.9945,17694.05,17681.9945,17685.4835
2024-08-09 00:20:00+00:00,17685.566499999997,17688.511,17667.016499999998,17673.939000000002
2024-08-09 00:25:00+00:00,17674.478,17686.989,17670.9835,17677.011
2024-08-09 00:30:00+00:00,17674.0055,17688.478,17669.0555,17679.5055
2024-08-09 00:35:00+00:00,17680.0055,17691.45,17676.9835,17679.0
2024-08-09 00:40:00+00:00,17677.4945,17683.5,17663.483500000002,17681.5055
2024-08-09 00:45:00+00:00,17680.4835,17692.560999999998,17678.978,17690.978
2024-08-09 00:50:00+00:00,17690.5055,17701.5,17688.989,17697.5055
2024-08-09 00:55:00+00:00,17697.983500000002,17703.516499999998,17693.439000000002,17699.0
2024-08-09 01:00:00+00:00,17698.489,17705.439000000002,17691.0555,17705.439000000002
2024-08-09 01:05:00+00:00,17706.9445,17707.560999999998,17701.0165,17701.9945
2024-08-09 01:10:00+00:00,17702.4445,17708.511,17689.0,17700.0055
2024-08-09 01:15:00+00:00,17700.4945,17703.011,17683.516499999998,17683.9945
2024-08-09 01:20:00+00:00,17685.0,17691.5055,17682.933500000003,17685.433500000003
2024-08-09 01:25:00+00:00,17685.0165,17704.5555,17685.0165,17699.95
2024-08-09 01:30:00+00:00,17700.433500000003,17717.9945,17697.9945,17708.011
2024-08-09 01:35:00+00:00,17709.9445,17721.0,17709.9445,17715.0
2024-08-09 01:40:00+00:00,17716.0,17716.0,17707.4945,17708.0055
2024-08-09 01:45:00+00:00,17707.4945,17710.5,17704.9945,17709.978
2024-08-09 01:50:00+00:00,17710.5055,17710.5055,17704.5,17709.511
2024-08-09 01:55:00+00:00,17709.9945,17716.428,17709.0,17709.4835
2024-08-09 02:00:00+00:00,17709.9445,17712.0,17697.483500000002,17712.0
2024-08-09 02:05:00+00:00,17710.989,17720.072,17710.511,17716.5055
2024-08-09 02:10:00+00:00,17714.4945,17721.0055,17711.511,17717.0
2024-08-09 02:15:00+00:00,17716.511,17716.95,17706.489,17707.5165
2024-08-09 02:20:00+00:00,17706.933500000003,17717.5165,17706.428,17713.060999999998
2024-08-09 02:25:00+00:00,17711.989,17720.522,17711.989,17718.016499999998
2024-08-09 02:30:00+00:00,17718.4835,17730.522,17716.9945,17721.060999999998
2024-08-09 02:35:00+00:00,17719.511,17730.55,17717.5055,17727.989
2024-08-09 02:40:00+00:00,17726.989,17737.5,17726.4945,17737.5
2024-08-09 02:45:00+00:00,17736.022,17739.022,17732.439000000002,17739.022
2024-08-09 02:50:00+00:00,17739.489,17744.05,17735.516499999998,17740.011
2024-08-09 02:55:00+00:00,17739.433500000003,17743.483500000002,17738.0,17743.060999999998
2024-08-09 03:00:00+00:00,17751.5555,17751.5555,17740.433500000003,17741.9945
2024-08-09 03:05:00+00:00,17741.066499999997,17744.072,17735.5165,17739.9445
2024-08-09 03:10:00+00:00,17739.4945,17739.4945,17732.933500000003,17738.489
2024-08-09 03:15:00+00:00,17738.0555,17738.0555,17732.05,17732.983500000002
2024-08-09 03:20:00+00:00,17732.0,17734.0,17729.989,17729.989
2024-08-09 03:25:00+00:00,17730.45,17731.5055,17721.4835,17723.5
2024-08-09 03:30:00+00:00,17724.572,17732.522,17724.5055,17731.5
2024-08-09 03:35:00+00:00,17729.4445,17733.011,17725.511,17731.4945
2024-08-09 03:40:00+00:00,17732.022,17732.022,17723.989,17726.433500000003
2024-08-09 03:45:00+00:00,17724.989,17727.4945,17720.572,17720.572
2024-08-09 03:50:00+00:00,17720.939000000002,17737.0,17720.483500000002,17733.022
2024-08-09 03:55:00+00:00,17731.483500000002,17736.5,17729.4945,17736.072
2024-08-09 04:00:00+00:00,17735.516499999998,17736.0055,17728.5,17728.5
2024-08-09 04:05:00+00:00,17729.0,17741.5555,17729.0,17737.983500000002
2024-08-09 04:10:00+00:00,17738.522,17740.439000000002,17733.4945,17734.5
2024-08-09 04:15:00+00:00,17734.011,17736.5055,17734.011,17734.016499999998
2024-08-09 04:20:00+00:00,17732.5,17733.016499999998,17728.0165,17732.0
2024-08-09 04:25:00+00:00,17729.439000000002,17729.516499999998,17720.9945,17720.9945
2024-08-09 04:30:00+00:00,17719.9945,17722.566499999997,17712.5,17716.4945
2024-08-09 04:35:00+00:00,17717.011,17717.5,17709.989,17712.011
2024-08-09 04:40:00+00:00,17712.5055,17712.5055,17688.928,17694.55
2024-08-09 04:45:00+00:00,17693.989,17697.022,17688.5,17692.511
2024-08-09 04:50:00+00:00,17693.0055,17697.0055,17687.983500000002,17689.9945
2024-08-09 04:55:00+00:00,17690.55,17694.489,17660.0,17669.5555
2024-08-09 05:00:00+00:00,17670.0165,17677.572,17657.0,17664.5055
2024-08-09 05:05:00+00:00,17665.0,17682.55,17656.5,17664.978
2024-08-09 05:10:00+00:00,17665.4445,17683.066499999997,17663.983500000002,17675.5055
2024-08-09 05:15:00+00:00,17673.5055,17681.572,17672.022,17679.5
2024-08-09 05:20:00+00:00,17680.4445,17680.983500000002,17675.4945,17680.0055
2024-08-09 05:25:00+00:00,17677.516499999998,17686.0165,17673.45,17686.0165
2024-08-09 05:30:00+00:00,17684.989,17695.016499999998,17679.5165,17686.511
2024-08-09 05:35:00+00:00,17687.060999999998,17700.5,17682.4945,17682.4945
2024-08-09 05:40:00+00:00,17681.489,17689.928,17674.989,17689.928
2024-08-09 05:45:00+00:00,17690.55,17709.4945,17690.55,17707.011
2024-08-09 05:50:00+00:00,17704.5,17708.5,17694.45,17702.989
2024-08-09 05:55:00+00:00,17704.489,17704.5165,17687.011,17687.011
2024-08-09 06:00:00+00:00,17688.011,17701.9945,17671.511,17682.0
2024-08-09 06:05:00+00:00,17682.489,17686.5055,17673.939000000002,17674.9945
2024-08-09 06:10:00+00:00,17677.0055,17689.0165,17674.0,17686.933500000003
2024-08-09 06:15:00+00:00,17686.55,17694.072,17677.9945,17680.989
2024-08-09 06:20:00+00:00,17681.560999999998,17687.516499999998,17678.9835,17683.95
2024-08-09 06:25:00+00:00,17683.4945,17694.5055,17679.989,17692.5
2024-08-09 06:30:00+00:00,17693.0,17693.0,17683.0,17687.05
2024-08-09 06:35:00+00:00,17688.011,17698.0555,17682.978,17697.0
2024-08-09 06:40:00+00:00,17697.5555,17707.428,17695.939000000002,17707.428
2024-08-09 06:45:00+00:00,17707.0,17709.5165,17696.4945,17700.05
2024-08-09 06:50:00+00:00,17699.45,17706.0,17693.0,17693.0055
2024-08-09 06:55:00+00:00,17693.4945,17696.5555,17681.5,17690.0055
2024-08-09 07:00:00+00:00,17693.489,17693.489,17649.5055,17675.439000000002
2024-08-09 07:05:00+00:00,17676.511,17689.566499999997,17667.4445,17685.4945
2024-08-09 07:10:00+00:00,17685.011,17711.4945,17683.511,17689.439000000002
2024-08-09 07:15:00+00:00,17688.511,17701.572,17681.5,17698.5055
2024-08-09 07:20:00+00:00,17699.928,17701.572,17682.4945,17686.5
2024-08-09 07:25:00+00:00,17685.5165,17691.511,17672.95,17691.05
2024-08-09 07:30:00+00:00,17690.4945,17716.939000000002,17690.4945,17711.5055
2024-08-09 07:35:00+00:00,17712.0055,17720.4945,17702.0555,17705.439000000002
2024-08-09 07:40:00+00:00,17704.5055,17718.45,17701.489,17714.5555
2024-08-09 07:45:00+00:00,17716.5,17720.478,17697.522,17719.511
2024-08-09 07:50:00+00:00,17718.95,17735.55,17717.011,17731.560999999998
2024-08-09 07:55:00+00:00,17731.9945,17749.5055,17727.4945,17746.511
2024-08-09 08:00:00+00:00,17748.560999999998,17758.933500000003,17738.483500000002,17742.566499999997
2024-08-09 08:05:00+00:00,17743.55,17749.5055,17736.983500000002,17739.5
2024-08-09 08:10:00+00:00,17740.511,17752.433500000003,17735.5,17737.478
2024-08-09 08:15:00+00:00,17739.5165,17744.4445,17727.522,17728.5555
2024-08-09 08:20:00+00:00,17727.9945,17738.022,17725.9945,17738.022
2024-08-09 08:25:00+00:00,17738.483500000002,17744.572,17733.433500000003,17741.0555
2024-08-09 08:30:00+00:00,17741.511,17753.566499999997,17738.4945,17753.4945
2024-08-09 08:35:00+00:00,17752.522,17769.060999999998,17750.5055,17767.4945
2024-08-09 08:40:00+00:00,17767.0,17774.489,17763.933500000003,17772.483500000002
2024-08-09 08:45:00+00:00,17773.5055,17774.560999999998,17761.0055,17770.5
2024-08-09 08:50:00+00:00,17771.483500000002,17784.05,17768.0165,17781.4835
2024-08-09 08:55:00+00:00,17782.5055,17786.511,17775.0055,17783.4945
2024-08-09 09:00:00+00:00,17784.5,17788.522,17779.489,17782.433500000003
2024-08-09 09:05:00+00:00,17783.066499999997,17787.5165,17778.4945,17784.483500000002
2024-08-09 09:10:00+00:00,17783.5,17787.072,17772.0,17775.428
2024-08-09 09:15:00+00:00,17776.0055,17781.5055,17770.0055,17773.566499999997
2024-08-09 09:20:00+00:00,17773.060999999998,17775.5555,17763.489,17768.4945
2024-08-09 09:25:00+00:00,17767.011,17773.560999999998,17761.0,17761.5165
2024-08-09 09:30:00+00:00,17762.483500000002,17765.483500000002,17744.0,17744.9835
2024-08-09 09:35:00+00:00,17745.511,17755.5055,17736.4445,17755.5
2024-08-09 09:40:00+00:00,17755.066499999997,17756.511,17744.4835,17747.489
2024-08-09 09:45:00+00:00,17748.5055,17750.5,17735.0,17736.933500000003
2024-08-09 09:50:00+00:00,17739.566499999997,17767.072,17739.566499999997,17764.483500000002
2024-08-09 09:55:00+00:00,17765.560999999998,17781.0555,17764.5055,17773.511
2024-08-09 10:00:00+00:00,17773.060999999998,17773.9945,17747.5,17751.4445
2024-08-09 10:05:00+00:00,17751.933500000003,17759.45,17740.5,17743.5
2024-08-09 10:10:00+00:00,17742.511,17745.978,17732.933500000003,17739.5
2024-08-09 10:15:00+00:00,17739.939000000002,17743.45,17733.5055,17737.0
2024-08-09 10:20:00+00:00,17737.5055,17743.928,17735.428,17742.489
2024-08-09 10:25:00+00:00,17741.5,17750.5055,17738.478,17748.9945
2024-08-09 10:30:00+00:00,17747.9945,17751.511,17741.489,17750.5
2024-08-09 10:35:00+00:00,17749.95,17751.5555,17745.05,17746.016499999998
2024-08-09 10:40:00+00:00,17746.433500000003,17748.5,17732.0,17733.4445
2024-08-09 10:45:00+00:00,17733.9835,17741.939000000002,17724.9945,17729.4445
2024-08-09 10:50:00+00:00,17728.989,17735.5,17727.45,17734.5
2024-08-09 10:55:00+00:00,17733.5055,17735.572,17725.989,17731.0555
2024-08-09 11:00:00+00:00,17731.522,17744.9835,17730.5,17739.4945
2024-08-09 11:05:00+00:00,17738.478,17741.45,17731.5,17737.5
2024-08-09 11:10:00+00:00,17736.560999999998,17740.511,17735.428,17736.4945
2024-08-09 11:15:00+00:00,17736.0,17749.560999999998,17734.4835,17737.4945
2024-08-09 11:20:00+00:00,17738.0,17744.5165,17730.572,17731.511
2024-08-09 11:25:00+00:00,17730.55,17734.560999999998,17715.4835,17717.428
2024-08-09 11:30:00+00:00,17716.9445,17723.511,17696.4835,17705.4945
2024-08-09 11:35:00+00:00,17704.4945,17707.511,17693.489,17698.4445
2024-08-09 11:40:00+00:00,17700.45,17702.55,17685.4945,17689.4945
2024-08-09 11:45:00+00:00,17688.989,17706.511,17687.9445,17703.0
2024-08-09 11:50:00+00:00,17703.4945,17713.511,17699.4835,17705.433500000003
2024-08-09 11:55:00+00:00,17704.4945,17713.5,17703.489,17708.4945
2024-08-09 12:00:00+00:00,17708.989,17711.066499999997,17690.433500000003,17690.433500000003
2024-08-09 12:05:00+00:00,17689.511,17692.9945,17678.933500000003,17683.572
2024-08-09 12:10:00+00:00,17682.989,17691.939000000002,17681.5165,17687.9945
2024-08-09 12:15:00+00:00,17688.9945,17698.483500000002,17687.428,17693.016499999998
2024-08-09 12:20:00+00:00,17693.511,17693.511,17682.0,17685.522
2024-08-09 12:25:00+00:00,17686.560999999998,17691.022,17680.4945,17683.439000000002
2024-08-09 12:30:00+00:00,17682.9945,17683.5,17650.478,17652.511
2024-08-09 12:35:00+00:00,17651.489,17659.5,17643.4445,17653.5555
2024-08-09 12:40:00+00:00,17653.0165,17668.9945,17647.433500000003,17658.489
2024-08-09 12:45:00+00:00,17657.489,17671.5055,17655.5,17666.5055
2024-08-09 12:50:00+00:00,17666.0,17677.0,17660.0,17666.4945
2024-08-09 12:55:00+00:00,17665.983500000002,17679.55,17665.4945,17669.489
2024-08-09 13:00:00+00:00,17670.5055,17670.5055,17651.9945,17665.0055
2024-08-09 13:05:00+00:00,17664.5,17673.4835,17663.433500000003,17671.4945
2024-08-09 13:10:00+00:00,17670.4835,17680.433500000003,17668.5,17679.4945
2024-08-09 13:15:00+00:00,17678.572,17682.489,17662.0,17662.0
2024-08-09 13:20:00+00:00,17662.478,17664.483500000002,17648.439000000002,17648.439000000002
2024-08-09 13:25:00+00:00,17649.011,17655.5165,17642.0,17653.489
2024-08-09 13:30:00+00:00,17654.511,17659.5055,17642.489,17650.560999999998
2024-08-09 13:35:00+00:00,17651.5055,17678.9835,17648.989,17673.9945
2024-08-09 13:40:00+00:00,17674.4945,17674.5,17645.489,17646.5
2024-08-09 13:45:00+00:00,17647.4945,17656.5055,17615.489,17615.5165
2024-08-09 13:50:00+00:00,17616.05,17658.072,17615.433500000003,17656.483500000002
2024-08-09 13:55:00+00:00,17656.072,17660.560999999998,17640.016499999998,17658.022
2024-08-09 14:00:00+00:00,17657.4945,17675.566499999997,17650.4835,17673.489
2024-08-09 14:05:00+00:00,17674.05,17675.55,17654.511,17658.072
2024-08-09 14:10:00+00:00,17657.5,17694.566499999997,17657.5,17688.0
2024-08-09 14:15:00+00:00,17687.4835,17688.933500000003,17668.011,17676.933500000003
2024-08-09 14:20:00+00:00,17676.428,17691.55,17675.011,17688.45
2024-08-09 14:25:00+00:00,17687.4945,17694.0,17675.5,17675.9945
2024-08-09 14:30:00+00:00,17675.5555,17678.5,17648.5055,17654.516499999998
2024-08-09 14:35:00+00:00,17655.566499999997,17670.522,17646.0055,17668.428
2024-08-09 14:40:00+00:00,17669.511,17691.560999999998,17668.5555,17681.489
2024-08-09 14:45:00+00:00,17682.4945,17695.516499999998,17676.433500000003,17683.072
2024-08-09 14:50:00+00:00,17682.572,17701.489,17681.011,17690.45
2024-08-09 14:55:00+00:00,17690.022,17705.9445,17689.45,17701.022
2024-08-09 15:00:00+00:00,17700.511,17718.511,17699.983500000002,17712.5165
2024-08-09 15:05:00+00:00,17711.511,17727.5055,17709.5555,17718.511
2024-08-09 15:10:00+00:00,17717.439000000002,17725.560999999998,17714.439000000002,17716.0055
2024-08-09 15:15:00+00:00,17716.572,17721.5,17709.4835,17717.522
2024-08-09 15:20:00+00:00,17717.0,17721.511,17709.511,17716.0
2024-08-09 15:25:00+00:00,17716.5055,17723.978,17700.989,17703.022
2024-08-09 15:30:00+00:00,17702.0,17723.0055,17700.0055,17722.0555
2024-08-09 15:35:00+00:00,17723.4945,17724.511,17707.928,17711.566499999997
2024-08-09 15:40:00+00:00,17712.439000000002,17717.489,17705.5,17710.55
2024-08-09 15:45:00+00:00,17712.0,17723.55,17710.072,17720.989
2024-08-09 15:50:00+00:00,17721.5055,17727.0,17716.5165,17721.522
2024-08-09 15:55:00+00:00,17720.9945,17722.439000000002,17691.4445,17692.989
2024-08-09 16:00:00+00:00,17695.0055,17701.0055,17690.433500000003,17693.489
2024-08-09 16:05:00+00:00,17693.0,17700.428,17686.989,17692.011
2024-08-09 16:10:00+00:00,17692.933500000003,17696.5165,17689.433500000003,17695.5555
2024-08-09 16:15:00+00:00,17695.011,17697.066499999997,17681.983500000002,17687.566499999997
2024-08-09 16:20:00+00:00,17687.0,17693.0165,17677.4945,17677.566499999997
2024-08-09 16:25:00+00:00,17678.060999999998,17691.011,17678.060999999998,17690.511
2024-08-09 16:30:00+00:00,17688.511,17703.55,17687.9445,17697.5
2024-08-09 16:35:00+00:00,17697.989,17710.5055,17697.4445,17708.9945
2024-08-09 16:40:00+00:00,17709.45,17713.05,17703.933500000003,17711.4945
2024-08-09 16:45:00+00:00,17712.016499999998,17712.016499999998,17696.5055,17709.4945
2024-08-09 16:50:00+00:00,17709.928,17711.0,17695.933500000003,17697.5165
2024-08-09 16:55:00+00:00,17697.072,17709.5555,17696.433500000003,17709.4835
2024-08-09 17:00:00+00:00,17710.022,17716.560999999998,17707.439000000002,17715.5055
2024-08-09 17:05:00+00:00,17715.0,17720.566499999997,17711.0,17719.5
2024-08-09 17:10:00+00:00,17719.978,17738.022,17719.516499999998,17737.4445
2024-08-09 17:15:00+00:00,17738.0555,17752.5,17738.0555,17750.5
2024-08-09 17:20:00+00:00,17750.022,17754.0,17745.428,17749.511
2024-08-09 17:25:00+00:00,17750.522,17770.016499999998,17750.522,17769.4945
2024-08-09 17:30:00+00:00,17769.989,17777.0555,17764.933500000003,17775.433500000003
2024-08-09 17:35:00+00:00,17775.928,17776.072,17768.4445,17769.433500000003
2024-08-09 17:40:00+00:00,17771.5555,17773.4945,17752.5,17756.5165
2024-08-09 17:45:00+00:00,17757.0165,17763.566499999997,17754.4835,17756.5
2024-08-09 17:50:00+00:00,17757.5,17759.5055,17735.011,17741.0
2024-08-09 17:55:00+00:00,17741.4945,17747.560999999998,17737.45,17739.5
2024-08-09 18:00:00+00:00,17740.4945,17745.95,17731.4445,17736.4835
2024-08-09 18:05:00+00:00,17734.5055,17745.0,17733.5,17744.4945
2024-08-09 18:10:00+00:00,17744.983500000002,17744.983500000002,17722.489,17733.433500000003
2024-08-09 18:15:00+00:00,17734.489,17737.9945,17729.489,17737.933500000003
2024-08-09 18:20:00+00:00,17737.4835,17740.9835,17730.428,17731.489
2024-08-09 18:25:00+00:00,17731.928,17740.439000000002,17729.011,17736.0055
2024-08-09 18:30:00+00:00,17735.5,17740.516499999998,17726.95,17730.522
2024-08-09 18:35:00+00:00,17730.05,17742.5,17725.566499999997,17739.9445
2024-08-09 18:40:00+00:00,17739.55,17746.989,17738.516499999998,17746.0055
2024-08-09 18:45:00+00:00,17746.5,17753.5,17742.511,17745.011
2024-08-09 18:50:00+00:00,17744.5055,17747.511,17734.0055,17740.5
2024-08-09 18:55:00+00:00,17741.45,17747.5055,17731.5055,17745.560999999998
2024-08-09 19:00:00+00:00,17746.0055,17751.489,17739.4945,17742.989
2024-08-09 19:05:00+00:00,17742.566499999997,17755.489,17742.5,17752.060999999998
2024-08-09 19:10:00+00:00,17751.433500000003,17757.516499999998,17750.9945,17755.4945
2024-08-09 19:15:00+00:00,17754.483500000002,17760.572,17753.516499999998,17758.4945
2024-08-09 19:20:00+00:00,17758.072,17758.072,17741.060999999998,17746.55
2024-08-09 19:25:00+00:00,17746.0,17756.572,17744.9445,17750.5055
2024-08-09 19:30:00+00:00,17749.933500000003,17760.5055,17749.933500000003,17756.5
2024-08-09 19:35:00+00:00,17757.0055,17765.489,17753.0,17759.5055
2024-08-09 19:40:00+00:00,17759.9835,17768.016499999998,17757.9445,17761.433500000003
2024-08-09 19:45:00+00:00,17760.928,17766.55,17759.989,17764.9945
2024-08-09 19:50:00+00:00,17765.5,17769.5,17758.0555,17762.489
2024-08-09 19:55:00+00:00,17762.0,17784.0,17758.5,17776.933500000003
2024-08-09 20:00:00+00:00,17777.5055,17777.5055,17777.5055,17777.5055
2024-08-12 00:00:00+00:00,17765.1555,17767.672,17747.3055,17755.2
2024-08-12 00:05:00+00:00,17754.85,17757.7,17747.7,17752.7055
2024-08-12 00:10:00+00:00,17753.0835,17758.5165,17748.8835,17751.3335
2024-08-12 00:15:00+00:00,17760.0,17800.572,17760.0,17791.95
2024-08-12 00:20:00+00:00,17792.0,17795.478,17783.478,17791.511
2024-08-12 00:25:00+00:00,17791.978,17799.5,17785.5555,17789.0
2024-08-12 00:30:00+00:00,17788.511,17793.4945,17780.9945,17784.95
2024-08-12 00:35:00+00:00,17785.439000000002,17793.489,17785.433500000003,17788.939000000002
2024-08-12 00:40:00+00:00,17788.489,17791.5,17784.978,17789.478
2024-08-12 00:45:00+00:00,17789.928,17793.072,17788.55,17792.5555
2024-08-12 00:50:00+00:00,17793.0055,17795.0,17790.516499999998,17794.0
2024-08-12 00:55:00+00:00,17794.522,17794.522,17785.5,17786.5055
2024-08-12 01:00:00+00:00,17786.011,17786.011,17780.428,17781.5165
2024-08-12 01:05:00+00:00,17780.4945,17786.5055,17771.939000000002,17774.989
2024-08-12 01:10:00+00:00,17774.4945,17794.511,17774.05,17793.0055
2024-08-12 01:15:00+00:00,17793.516499999998,17805.989,17792.95,17804.0165
2024-08-12 01:20:00+00:00,17802.989,17804.511,17795.5055,17801.0
2024-08-12 01:25:00+00:00,17800.0,17803.516499999998,17793.989,17794.428
2024-08-12 01:30:00+00:00,17794.9835,17813.4945,17794.9835,17799.5
2024-08-12 01:35:00+00:00,17799.022,17803.0,17788.5165,17789.522
2024-08-12 01:40:00+00:00,17790.989,17796.5,17783.978,17784.5
2024-08-12 01:45:00+00:00,17784.983500000002,17790.522,17783.5555,17789.0
2024-08-12 01:50:00+00:00,17788.516499999998,17800.072,17788.516499999998,17799.072
2024-08-12 01:55:00+00:00,17798.566499999997,17799.511,17792.428,17795.05
2024-08-12 02:00:00+00:00,17795.5055,17804.45,17794.0,17802.4835
2024-08-12 02:05:00+00:00,17803.522,17806.560999999998,17793.5,17793.5
2024-08-12 02:10:00+00:00,17794.4945,17800.4445,17794.4945,17800.4445
2024-08-12 02:15:00+00:00,17799.928,17803.560999999998,17798.5165,17802.5555
2024-08-12 02:20:00+00:00,17803.0,17803.55,17799.5,17799.5
2024-08-12 02:25:00+00:00,17800.516499999998,17815.95,17800.516499999998,17815.566499999997
2024-08-12 02:30:00+00:00,17815.0,17818.0055,17812.4945,17814.4445
2024-08-12 02:35:00+00:00,17815.5055,17818.5165,17811.566499999997,17814.0
2024-08-12 02:40:00+00:00,17813.55,17814.5,17812.983500000002,17813.9945
2024-08-12 02:45:00+00:00,17813.5055,17813.560999999998,17812.489,17812.489
2024-08-12 02:50:00+00:00,17813.45,17822.0165,17813.45,17819.989
2024-08-12 02:55:00+00:00,17820.5055,17821.05,17817.989,17818.0
2024-08-12 03:00:00+00:00,17818.933500000003,17820.560999999998,17815.5055,17819.5
2024-08-12 03:05:00+00:00,17818.489,17819.516499999998,17814.0555,17817.478
2024-08-12 03:10:00+00:00,17816.978,17822.478,17816.439000000002,17818.511
2024-08-12 03:15:00+00:00,17817.0055,17819.433500000003,17815.433500000003,17816.489
2024-08-12 03:20:00+00:00,17816.022,17816.489,17814.0,17814.0
2024-08-12 03:25:00+00:00,17814.5,17817.55,17811.5,17812.0
2024-08-12 03:30:00+00:00,17812.511,17813.011,17801.0,17803.5
2024-08-12 03:35:00+00:00,17803.95,17805.478,17789.4835,17799.5
2024-08-12 03:40:00+00:00,17799.060999999998,17799.5,17791.939000000002,17797.9945
2024-08-12 03:45:00+00:00,17799.0055,17804.072,17795.0,17803.489
2024-08-12 03:50:00+00:00,17804.0,17812.011,17803.489,17812.011
2024-08-12 03:55:00+00:00,17811.5,17811.5,17801.989,17809.55
2024-08-12 04:00:00+00:00,17809.0,17809.522,17805.439000000002,17808.0055
2024-08-12 04:05:00+00:00,17807.5055,17811.072,17794.511,17794.511
2024-08-12 04:10:00+00:00,17795.05,17799.5,17793.0055,17794.9945
2024-08-12 04:15:00+00:00,17795.566499999997,17795.566499999997,17793.9445,17794.5
2024-08-12 04:20:00+00:00,17795.483500000002,17795.9945,17795.4835,17795.989
2024-08-12 04:25:00+00:00,17797.066499999997,17797.066499999997,17793.5,17793.9945
2024-08-12 04:30:00+00:00,17794.516499999998,17799.5555,17794.5,17797.5
2024-08-12 04:35:00+00:00,17798.066499999997,17798.5055,17790.489,17794.989
2024-08-12 04:40:00+00:00,17796.489,17801.989,17795.4945,17800.9835
2024-08-12 04:45:00+00:00,17800.483500000002,17801.5165,17798.5,17800.489
2024-08-12 04:50:00+00:00,17801.066499999997,17801.511,17796.0165,17798.011
2024-08-12 04:55:00+00:00,17798.566499999997,17799.5055,17796.9945,17798.072
2024-08-12 05:00:00+00:00,17797.5165,17802.989,17794.5055,17802.989
2024-08-12 05:05:00+00:00,17802.511,17807.011,17802.489,17803.983500000002
2024-08-12 05:10:00+00:00,17805.0055,17808.489,17787.5,17788.4945
2024-08-12 05:15:00+00:00,17789.428,17798.0,17786.5,17795.5
2024-08-12 05:20:00+00:00,17795.0,17796.9835,17787.0,17787.0
2024-08-12 05:25:00+00:00,17785.9445,17800.0055,17785.483500000002,17792.939000000002
2024-08-12 05:30:00+00:00,17793.989,17795.9945,17788.933500000003,17790.572
2024-08-12 05:35:00+00:00,17791.4835,17804.066499999997,17790.5,17794.4945
2024-08-12 05:40:00+00:00,17794.022,17802.060999999998,17793.4445,17800.516499999998
2024-08-12 05:45:00+00:00,17796.9945,17805.511,17796.4445,17805.5
2024-08-12 05:50:00+00:00,17806.060999999998,17814.016499999998,17806.060999999998,17811.0055
2024-08-12 05:55:00+00:00,17809.95,17810.989,17801.516499999998,17803.4835
2024-08-12 06:00:00+00:00,17804.0,17820.478,17801.5,17806.55
2024-08-12 06:05:00+00:00,17807.0,17807.978,17779.060999999998,17779.060999999998
2024-08-12 06:10:00+00:00,17777.939000000002,17791.066499999997,17777.939000000002,17783.511
2024-08-12 06:15:00+00:00,17782.9945,17783.0555,17767.95,17772.0055
2024-08-12 06:20:00+00:00,17771.433500000003,17773.016499999998,17767.0,17770.0055
2024-08-12 06:25:00+00:00,17769.566499999997,17776.5,17765.0,17774.933500000003
2024-08-12 06:30:00+00:00,17775.5,17784.9445,17774.072,17781.9945
2024-08-12 06:35:00+00:00,17781.439000000002,17783.522,17773.9445,17776.011
2024-08-12 06:40:00+00:00,17775.516499999998,17778.933500000003,17770.939000000002,17770.939000000002
2024-08-12 06:45:00+00:00,17771.428,17777.05,17769.0,17770.016499999998
2024-08-12 06:50:00+00:00,17770.978,17777.060999999998,17770.928,17777.022
2024-08-12 06:55:00+00:00,17775.511,17798.0,17774.9445,17794.011
2024-08-12 07:00:00+00:00,17791.5555,17791.5555,17767.989,17790.0
2024-08-12 07:05:00+00:00,17789.022,17820.511,17784.011,17819.489
2024-08-12 07:10:00+00:00,17819.060999999998,17827.511,17794.5,17796.9945
2024-08-12 07:15:00+00:00,17797.989,17799.0555,17767.9945,17767.9945
2024-08-12 07:20:00+00:00,17768.5055,17783.05,17766.0,17773.983500000002
2024-08-12 07:25:00+00:00,17774.5,17791.0055,17773.489,17782.0165
2024-08-12 07:30:00+00:00,17778.072,17778.072,17760.0,17763.0
2024-08-12 07:35:00+00:00,17763.5,17783.016499999998,17757.0,17782.0055
2024-08-12 07:40:00+00:00,17782.4835,17799.5,17781.9945,17798.022
2024-08-12 07:45:00+00:00,17798.4445,17807.0055,17798.4445,17804.072
2024-08-12 07:50:00+00:00,17804.989,17813.939000000002,17801.989,17807.0055
2024-08-12 07:55:00+00:00,17807.95,17818.0165,17807.0,17816.05
2024-08-12 08:00:00+00:00,17814.0,17830.0165,17809.439000000002,17810.05
2024-08-12 08:05:00+00:00,17809.5,17822.5,17806.016499999998,17816.989
2024-08-12 08:10:00+00:00,17814.072,17817.011,17804.928,17804.9945
2024-08-12 08:15:00+00:00,17806.0,17809.511,17791.928,17800.9945
2024-08-12 08:20:00+00:00,17799.566499999997,17801.4945,17791.95,17794.939000000002
2024-08-12 08:25:00+00:00,17794.45,17799.45,17777.022,17777.022
2024-08-12 08:30:00+00:00,17775.478,17783.011,17769.45,17775.0055
2024-08-12 08:35:00+00:00,17776.011,17776.5055,17757.983500000002,17757.983500000002
2024-08-12 08:40:00+00:00,17756.989,17760.0055,17746.939000000002,17751.0
2024-08-12 08:45:00+00:00,17750.011,17754.016499999998,17742.4835,17744.9945
2024-08-12 08:50:00+00:00,17744.4835,17747.978,17738.0055,17741.0055
2024-08-12 08:55:00+00:00,17740.4945,17741.072,17727.5165,17731.0
2024-08-12 09:00:00+00:00,17730.016499999998,17735.511,17725.9945,17725.9945
2024-08-12 09:05:00+00:00,17726.5055,17730.016499999998,17722.0,17726.5
2024-08-12 09:10:00+00:00,17725.9945,17725.9945,17713.928,17721.0
2024-08-12 09:15:00+00:00,17720.0,17723.5,17716.439000000002,17719.0
2024-08-12 09:20:00+00:00,17719.5055,17729.5055,17718.9945,17721.0055
2024-08-12 09:25:00+00:00,17721.5,17731.0055,17710.989,17710.989
2024-08-12 09:30:00+00:00,17711.4945,17726.060999999998,17711.0055,17725.5055
2024-08-12 09:35:00+00:00,17725.939000000002,17744.0,17725.5055,17740.928
2024-08-12 09:40:00+00:00,17741.5,17753.011,17738.011,17743.066499999997
2024-08-12 09:45:00+00:00,17742.5055,17744.060999999998,17735.9945,17742.4945
2024-08-12 09:50:00+00:00,17743.0055,17746.4835,17740.989,17742.933500000003
2024-08-12 09:55:00+00:00,17745.05,17749.0055,17741.0055,17744.011
2024-08-12 10:00:00+00:00,17744.9945,17745.011,17724.5,17725.0
2024-08-12 10:05:00+00:00,17725.95,17729.9945,17720.989,17726.072
2024-08-12 10:10:00+00:00,17725.5055,17732.011,17719.9835,17729.0
2024-08-12 10:15:00+00:00,17729.566499999997,17730.5055,17719.0,17722.9835
2024-08-12 10:20:00+00:00,17723.983500000002,17736.9945,17723.4945,17733.0055
2024-08-12 10:25:00+00:00,17732.5055,17738.478,17731.0,17736.4945
2024-08-12 10:30:00+00:00,17737.011,17742.060999999998,17731.0,17739.9945
2024-08-12 10:35:00+00:00,17740.4945,17743.072,17736.45,17738.066499999997
2024-08-12 10:40:00+00:00,17736.478,17743.928,17734.933500000003,17741.0165
2024-08-12 10:45:00+00:00,17741.489,17747.9945,17739.433500000003,17744.0055
2024-08-12 10:50:00+00:00,17741.9945,17741.9945,17733.9945,17739.0555
2024-08-12 10:55:00+00:00,17740.011,17752.4945,17738.9835,17751.483500000002
2024-08-12 11:00:00+00:00,17751.983500000002,17765.5055,17750.060999999998,17754.433500000003
2024-08-12 11:05:00+00:00,17754.9945,17759.5,17752.983500000002,17755.572
2024-08-12 11:10:00+00:00,17756.5555,17761.9945,17752.989,17760.9945
2024-08-12 11:15:00+00:00,17760.0,17774.5055,17760.0,17772.939000000002
2024-08-12 11:20:00+00:00,17773.5,17777.0,17771.511,17772.478
2024-08-12 11:25:00+00:00,17772.0055,17774.0,17763.939000000002,17764.5055
2024-08-12 11:30:00+00:00,17765.016499999998,17769.0,17761.5,17762.5
2024-08-12 11:35:00+00:00,17761.939000000002,17767.511,17757.5055,17767.0
2024-08-12 11:40:00+00:00,17766.0055,17771.0055,17764.0,17766.022
2024-08-12 11:45:00+00:00,17766.978,17776.022,17765.933500000003,17775.489
2024-08-12 11:50:00+00:00,17776.022,17777.0,17767.489,17767.4945
2024-08-12 11:55:00+00:00,17767.0055,17769.022,17761.928,17762.0
2024-08-12 12:00:00+00:00,17762.428,17762.428,17754.5,17755.428
2024-08-12 12:05:00+00:00,17755.011,17763.433500000003,17754.511,17760.989
2024-08-12 12:10:00+00:00,17760.5,17762.011,17752.9945,17753.489
2024-08-12 12:15:00+00:00,17752.5,17757.522,17751.95,17754.5
2024-08-12 12:20:00+00:00,17754.072,17767.0165,17753.0055,17767.0165
2024-08-12 12:25:00+00:00,17766.5,17771.516499999998,17764.9945,17768.939000000002
2024-08-12 12:30:00+00:00,17769.5,17770.4945,17753.939000000002,17758.060999999998
2024-08-12 12:35:00+00:00,17757.5055,17758.5055,17748.928,17750.9945
2024-08-12 12:40:00+00:00,17750.5,17754.516499999998,17746.0165,17747.05
2024-08-12 12:45:00+00:00,17747.511,17748.5555,17736.9445,17746.011
2024-08-12 12:50:00+00:00,17745.5555,17750.0165,17742.933500000003,17750.0165
2024-08-12 12:55:00+00:00,17751.0,17754.072,17746.5,17749.4945
2024-08-12 13:00:00+00:00,17749.9945,17750.011,17740.4945,17742.0055
2024-08-12 13:05:00+00:00,17741.489,17746.0,17738.9945,17741.489
2024-08-12 13:10:00+00:00,17742.016499999998,17750.011,17741.0,17750.011
2024-08-12 13:15:00+00:00,17749.5,17759.511,17747.939000000002,17759.0
2024-08-12 13:20:00+00:00,17758.0055,17766.522,17755.9835,17765.489
2024-08-12 13:25:00+00:00,17765.016499999998,17768.011,17759.433500000003,17763.0555
2024-08-12 13:30:00+00:00,17763.5,17777.511,17759.9945,17775.072
2024-08-12 13:35:00+00:00,17775.511,17776.45,17745.933500000003,17749.0
2024-08-12 13:40:00+00:00,17748.478,17749.011,17704.0555,17713.0055
2024-08-12 13:45:00+00:00,17714.0055,17715.0,17688.0,17698.522
2024-08-12 13:50:00+00:00,17699.072,17713.011,17690.983500000002,17705.0555
2024-08-12 13:55:00+00:00,17704.072,17704.072,17673.4945,17690.060999999998
2024-08-12 14:00:00+00:00,17691.0,17717.0555,17688.95,17703.0555
2024-08-12 14:05:00+00:00,17703.433500000003,17722.0,17695.989,17718.060999999998
2024-08-12 14:10:00+00:00,17718.9945,17725.0555,17714.4945,17723.0555
2024-08-12 14:15:00+00:00,17722.572,17723.9945,17707.066499999997,17707.9835
2024-08-12 14:20:00+00:00,17708.9445,17724.5,17703.9945,17724.45
2024-08-12 14:25:00+00:00,17724.989,17732.072,17718.983500000002,17720.9945
2024-08-12 14:30:00+00:00,17722.0055,17726.522,17714.5,17721.011
2024-08-12 14:35:00+00:00,17721.5055,17733.5055,17715.989,17732.989
2024-08-12 14:40:00+00:00,17733.5055,17750.0165,17733.011,17741.011
2024-08-12 14:45:00+00:00,17742.011,17754.5055,17740.428,17753.560999999998
2024-08-12 14:50:00+00:00,17752.0165,17760.0,17748.983500000002,17758.05
2024-08-12 14:55:00+00:00,17757.55,17765.066499999997,17754.489,17760.5055
2024-08-12 15:00:00+00:00,17760.0055,17765.0,17754.5,17756.9445
2024-08-12 15:05:00+00:00,17756.433500000003,17756.433500000003,17735.016499999998,17736.066499999997
2024-08-12 15:10:00+00:00,17736.4945,17744.011,17730.516499999998,17730.516499999998
2024-08-12 15:15:00+00:00,17730.9945,17743.5055,17725.0555,17741.989
2024-08-12 15:20:00+00:00,17742.9945,17744.5,17698.939000000002,17699.9835
2024-08-12 15:25:00+00:00,17702.0,17715.0,17696.4835,17713.011
2024-08-12 15:30:00+00:00,17712.55,17722.0,17706.478,17722.0
2024-08-12 15:35:00+00:00,17720.9945,17729.4945,17719.9835,17722.9445
2024-08-12 15:40:00+00:00,17723.5,17731.5,17717.5,17726.928
2024-08-12 15:45:00+00:00,17725.989,17735.0,17718.5055,17735.0
2024-08-12 15:50:00+00:00,17735.489,17754.060999999998,17730.95,17753.05
2024-08-12 15:55:00+00:00,17753.928,17763.5,17747.516499999998,17760.5
2024-08-12 16:00:00+00:00,17760.0,17765.5,17750.566499999997,17752.016499999998
2024-08-12 16:05:00+00:00,17752.5055,17754.072,17739.9945,17746.928
2024-08-12 16:10:00+00:00,17746.483500000002,17748.066499999997,17741.0055,17744.05
2024-08-12 16:15:00+00:00,17744.4835,17746.0055,17733.9445,17738.0055
2024-08-12 16:20:00+00:00,17737.516499999998,17743.0165,17731.0,17740.489
2024-08-12 16:25:00+00:00,17740.0055,17744.428,17733.4445,17739.4945
2024-08-12 16:30:00+00:00,17740.0,17747.989,17735.4945,17736.9945
2024-08-12 16:35:00+00:00,17736.5555,17738.5,17733.928,17737.572
2024-08-12 17:05:00+00:00,17715.507999999998,17720.079999999998,17710.5245,17719.085499999997
2024-08-12 17:10:00+00:00,17718.519,17725.0245,17714.53,17722.0055
2024-08-12 17:15:00+00:00,17723.060999999998,17734.939000000002,17721.05,17732.9945
2024-08-12 17:20:00+00:00,17732.0055,17746.483500000002,17730.9835,17734.522
2024-08-12 17:25:00+00:00,17734.0055,17738.066499999997,17717.5,17732.928
2024-08-12 17:30:00+00:00,17733.433500000003,17742.489,17733.433500000003,17742.489
2024-08-12 17:35:00+00:00,17742.022,17744.0055,17732.0,17738.072
2024-08-12 17:40:00+00:00,17738.572,17740.072,17720.489,17724.989
2024-08-12 17:45:00+00:00,17723.933500000003,17727.0165,17711.55,17711.55
2024-08-12 17:50:00+00:00,17711.9945,17714.0555,17698.5,17706.060999999998
2024-08-12 17:55:00+00:00,17706.428,17713.483500000002,17704.4945,17711.9945
2024-08-12 18:00:00+00:00,17711.483500000002,17721.022,17708.433500000003,17718.9945
2024-08-12 18:05:00+00:00,17718.511,17719.022,17707.928,17712.0055
2024-08-12 18:10:00+00:00,17712.522,17723.0165,17710.9445,17721.5
2024-08-12 18:15:00+00:00,17721.0,17723.5165,17715.0,17716.489
2024-08-12 18:20:00+00:00,17716.939000000002,17727.016499999998,17713.95,17713.95
2024-08-12 18:25:00+00:00,17712.989,17721.511,17712.011,17712.978
2024-08-12 18:30:00+00:00,17712.5555,17713.483500000002,17705.0055,17709.511
2024-08-12 18:35:00+00:00,17708.989,17718.060999999998,17706.9945,17715.5055
2024-08-12 18:40:00+00:00,17714.45,17719.939000000002,17710.433500000003,17718.0
2024-08-12 18:45:00+00:00,17718.5,17720.511,17713.478,17717.0
2024-08-12 18:50:00+00:00,17716.5055,17722.066499999997,17715.0,17717.016499999998
2024-08-12 18:55:00+00:00,17716.5,17725.511,17716.5,17722.9945
2024-08-12 19:00:00+00:00,17722.5555,17724.0555,17717.45,17721.5055
2024-08-12 19:05:00+00:00,17720.989,17721.4945,17709.4945,17713.439000000002
2024-08-12 19:10:00+00:00,17713.05,17723.060999999998,17711.5,17714.4945
2024-08-12 19:15:00+00:00,17713.928,17722.05,17710.989,17719.478
2024-08-12 19:20:00+00:00,17719.928,17725.522,17712.5,17724.4945
2024-08-12 19:25:00+00:00,17724.0055,17725.572,17717.45,17718.522
2024-08-12 19:30:00+00:00,17718.072,17725.4945,17713.5,17714.928
2024-08-12 19:35:00+00:00,17714.566499999997,17718.05,17706.4445,17712.066499999997
2024-08-12 19:40:00+00:00,17712.489,17714.016499999998,17702.55,17703.4945
2024-08-12 19:45:00+00:00,17703.066499999997,17707.016499999998,17699.45,17703.022
2024-08-12 19:50:00+00:00,17701.016499999998,17710.511,17696.5555,17706.5
2024-08-12 19:55:00+00:00,17705.989,17713.5555,17703.978,17713.016499999998
2024-08-12 20:00:00+00:00,17713.0555,17718.0,17693.105499999998,17693.105499999998
2024-08-12 20:05:00+00:00,17692.228,17706.378,17691.478,17706.378
2024-08-12 20:10:00+00:00,17707.1945,17713.016499999998,17702.139000000003,17702.139000000003
2024-08-12 22:00:00+00:00,17712.7945,17714.022,17712.3445,17713.6665
2024-08-12 22:05:00+00:00,17714.011,17714.4165,17707.778,17713.989
2024-08-12 22:10:00+00:00,17712.816499999997,17716.1665,17709.9,17713.2
2024-08-12 22:15:00+00:00,17713.672,17714.810999999998,17711.489,17714.8055
2024-08-12 22:20:00+00:00,17714.011,17721.105499999998,17714.011,17717.6945
2024-08-12 22:25:00+00:00,17717.372,17718.7555,17714.05,17718.2945
2024-08-12 22:30:00+00:00,17717.894500000002,17717.894500000002,17709.139000000003,17710.922
2024-08-12 22:35:00+00:00,17711.283499999998,17711.283499999998,17708.4165,17708.8165
2024-08-12 22:40:00+00:00,17709.261,17710.1665,17706.639000000003,17706.711
2024-08-12 22:45:00+00:00,17707.2055,17712.889000000003,17706.6835,17712.889000000003
2024-08-12 22:50:00+00:00,17712.566499999997,17714.266499999998,17708.3835,17711.678
2024-08-12 22:55:00+00:00,17711.2945,17712.5,17710.05,17711.239
2024-08-12 23:00:00+00:00,17711.7055,17712.9,17710.972,17710.972
2024-08-12 23:05:00+00:00,17711.289,17713.816499999997,17710.078,17710.961
2024-08-12 23:10:00+00:00,17711.289,17712.4445,17710.85,17712.0835
2024-08-12 23:15:00+00:00,17712.5055,17715.4055,17712.0835,17715.4055
2024-08-12 23:20:00+00:00,17715.8165,17715.8165,17711.7,17713.394500000002
2024-08-12 23:25:00+00:00,17712.85,17720.733500000002,17712.8335,17720.733500000002
2024-08-12 23:30:00+00:00,17722.5,17728.289,17713.739,17713.8055
2024-08-12 23:35:00+00:00,17713.060999999998,17714.2055,17710.122,17712.0945
2024-08-12 23:40:00+00:00,17712.478,17712.5,17708.378,17709.189000000002
2024-08-12 23:45:00+00:00,17707.605499999998,17718.644500000002,17705.889000000003,17714.605499999998
2024-08-12 23:50:00+00:00,17714.9945,17715.860999999997,17710.894500000002,17713.4
2024-08-12 23:55:00+00:00,17713.810999999998,17719.2555,17712.4835,17718.239
2024-08-13 00:00:00+00:00,17719.1835,17721.5445,17713.3335,17714.2
2024-08-13 00:05:00+00:00,17715.0555,17718.360999999997,17711.289,17716.2945
2024-08-13 00:10:00+00:00,17715.789,17717.5,17708.4055,17711.7055
2024-08-13 00:15:00+00:00,17712.978,17722.989,17701.511,17705.9835
2024-08-13 00:20:00+00:00,17705.989,17714.511,17700.5,17702.066499999997
2024-08-13 00:25:00+00:00,17702.5,17716.0165,17702.433500000003,17714.489
2024-08-13 00:30:00+00:00,17713.5,17714.5555,17707.489,17713.489
2024-08-13 00:35:00+00:00,17713.011,17718.0,17709.0055,17714.4835
2024-08-13 00:40:00+00:00,17715.0055,17716.0055,17707.9445,17709.9835
2024-08-13 00:45:00+00:00,17710.511,17721.4945,17710.511,17717.5
2024-08-13 00:50:00+00:00,17719.978,17730.0055,17719.5,17730.0055
2024-08-13 00:55:00+00:00,17733.016499999998,17751.0055,17733.016499999998,17740.5
2024-08-13 01:00:00+00:00,17737.939000000002,17741.5165,17735.016499999998,17741.5165
2024-08-13 01:05:00+00:00,17742.0055,17742.0055,17726.0,17726.0055
2024-08-13 01:10:00+00:00,17725.566499999997,17727.011,17716.566499999997,17719.0
2024-08-13 01:15:00+00:00,17719.5,17737.4945,17718.9945,17736.989
2024-08-13 01:20:00+00:00,17738.072,17739.511,17724.978,17727.511
2024-08-13 01:25:00+00:00,17728.0,17731.011,17723.989,17723.989
2024-08-13 01:30:00+00:00,17727.016499999998,17733.0055,17725.428,17729.983500000002
2024-08-13 01:35:00+00:00,17730.9835,17739.0,17730.9835,17737.489
2024-08-13 01:40:00+00:00,17738.0,17739.5,17734.4445,17735.5
2024-08-13 01:45:00+00:00,17736.566499999997,17738.511,17728.011,17732.0
2024-08-13 01:50:00+00:00,17732.5,17735.5,17731.489,17732.55
2024-08-13 01:55:00+00:00,17731.4835,17732.5555,17724.939000000002,17724.939000000002
2024-08-13 02:00:00+00:00,17724.4945,17730.0165,17724.45,17729.0055
2024-08-13 02:05:00+00:00,17729.511,17733.5,17727.011,17730.55
2024-08-13 02:10:00+00:00,17730.939000000002,17730.978,17722.0,17729.5055
2024-08-13 02:15:00+00:00,17729.9945,17731.0,17729.5,17730.5165
2024-08-13 02:20:00+00:00,17731.066499999997,17731.066499999997,17729.0,17730.989
2024-08-13 02:25:00+00:00,17730.4835,17730.5055,17723.5,17727.4945
2024-08-13 02:30:00+00:00,17724.4945,17728.989,17724.439000000002,17728.989
2024-08-13 02:35:00+00:00,17728.560999999998,17735.4835,17728.560999999998,17734.4945
2024-08-13 02:40:00+00:00,17734.0055,17734.0055,17729.928,17733.0
2024-08-13 02:45:00+00:00,17732.522,17732.933500000003,17729.9945,17729.9945
2024-08-13 02:50:00+00:00,17731.060999999998,17733.0055,17729.55,17732.483500000002
2024-08-13 02:55:00+00:00,17732.05,17735.572,17731.5,17735.572
2024-08-13 03:00:00+00:00,17734.928,17741.489,17734.4945,17734.928
2024-08-13 03:05:00+00:00,17734.4445,17739.0,17734.4445,17735.511
2024-08-13 03:10:00+00:00,17735.939000000002,17741.9835,17735.572,17741.9835
2024-08-13 03:15:00+00:00,17741.5555,17744.511,17739.989,17740.516499999998
2024-08-13 03:20:00+00:00,17740.928,17744.0,17740.928,17743.4945
2024-08-13 03:25:00+00:00,17742.5,17742.5,17727.566499999997,17735.016499999998
2024-08-13 03:30:00+00:00,17734.5,17734.5,17728.478,17729.439000000002
2024-08-13 03:35:00+00:00,17729.0055,17732.072,17725.439000000002,17732.0
2024-08-13 03:40:00+00:00,17733.5055,17734.066499999997,17731.0,17731.066499999997
2024-08-13 03:45:00+00:00,17731.928,17731.978,17731.011,17731.511
2024-08-13 03:50:00+00:00,17730.9945,17730.9945,17730.511,17730.511
2024-08-13 03:55:00+00:00,17729.489,17729.9945,17727.560999999998,17727.560999999998
2024-08-13 04:00:00+00:00,17728.560999999998,17728.560999999998,17727.5,17727.5
2024-08-13 04:05:00+00:00,17729.0,17737.0,17729.0,17731.066499999997
2024-08-13 04:10:00+00:00,17729.983500000002,17730.5,17729.4945,17729.4945
2024-08-13 04:15:00+00:00,17729.022,17729.022,17729.022,17729.022
2024-08-13 04:20:00+00:00,17732.5,17732.5,17732.5,17732.5
2024-08-13 04:25:00+00:00,17731.9945,17733.989,17731.439000000002,17733.5055
2024-08-13 04:30:00+00:00,17734.5055,17734.9945,17733.9445,17734.9945
2024-08-13 04:35:00+00:00,17738.4945,17741.0,17738.0,17740.4945
2024-08-13 04:40:00+00:00,17741.4445,17748.9945,17741.4445,17747.0055
2024-08-13 04:45:00+00:00,17747.5,17748.011,17745.5,17747.5
2024-08-13 04:50:00+00:00,17747.0055,17749.022,17742.511,17742.511
2024-08-13 04:55:00+00:00,17742.05,17744.4835,17742.05,17744.4835
2024-08-13 05:00:00+00:00,17743.560999999998,17751.95,17739.989,17748.05
2024-08-13 05:05:00+00:00,17747.428,17751.933500000003,17743.989,17749.5055
2024-08-13 05:10:00+00:00,17749.0,17752.95,17749.0,17750.0055
2024-08-13 05:15:00+00:00,17750.5,17757.511,17749.566499999997,17755.4945
2024-08-13 05:20:00+00:00,17755.060999999998,17759.4945,17754.022,17759.45
2024-08-13 05:25:00+00:00,17761.511,17769.9445,17760.0,17764.0
2024-08-13 05:30:00+00:00,17764.483500000002,17765.516499999998,17759.989,17759.989
2024-08-13 05:35:00+00:00,17759.483500000002,17764.5,17755.511,17764.0055
2024-08-13 05:40:00+00:00,17764.45,17769.060999999998,17764.0055,17765.939000000002
2024-08-13 05:45:00+00:00,17764.939000000002,17766.5555,17754.511,17754.9445
2024-08-13 05:50:00+00:00,17755.5165,17756.5055,17749.522,17752.011
2024-08-13 05:55:00+00:00,17752.5,17766.0,17749.433500000003,17765.05
2024-08-13 06:00:00+00:00,17765.5555,17767.9945,17739.439000000002,17744.522
2024-08-13 06:05:00+00:00,17744.978,17745.0555,17736.489,17740.0055
2024-08-13 06:10:00+00:00,17739.489,17752.433500000003,17738.011,17752.433500000003
2024-08-13 06:15:00+00:00,17752.0,17761.072,17747.4945,17759.566499999997
2024-08-13 06:20:00+00:00,17761.022,17769.55,17752.9945,17753.933500000003
2024-08-13 06:25:00+00:00,17758.983500000002,17768.0,17755.439000000002,17760.478
2024-08-13 06:30:00+00:00,17760.011,17765.5055,17756.428,17763.5
2024-08-13 06:35:00+00:00,17764.0055,17777.9945,17760.516499999998,17777.5
2024-08-13 06:40:00+00:00,17776.560999999998,17791.4835,17775.439000000002,17788.4945
2024-08-13 06:45:00+00:00,17787.439000000002,17791.5,17783.5055,17789.0
2024-08-13 06:50:00+00:00,17789.55,17798.45,17787.0,17794.0
2024-08-13 06:55:00+00:00,17794.5,17803.5,17794.0165,17799.4835
2024-08-13 07:00:00+00:00,17800.560999999998,17804.478,17784.511,17795.4445
2024-08-13 07:05:00+00:00,17796.566499999997,17805.5,17792.928,17795.560999999998
2024-08-13 07:10:00+00:00,17796.5,17801.560999999998,17782.989,17787.478
2024-08-13 07:15:00+00:00,17785.5,17790.5,17779.4945,17788.989
2024-08-13 07:20:00+00:00,17789.511,17816.5055,17786.983500000002,17809.4945
2024-08-13 07:25:00+00:00,17810.560999999998,17811.483500000002,17786.989,17793.439000000002
2024-08-13 07:30:00+00:00,17794.5,17794.5,17772.0,17773.572
2024-08-13 07:35:00+00:00,17774.5,17780.566499999997,17767.9945,17777.45
2024-08-13 07:40:00+00:00,17776.439000000002,17787.428,17767.95,17787.0
2024-08-13 07:45:00+00:00,17786.516499999998,17792.011,17781.5555,17787.560999999998
2024-08-13 07:50:00+00:00,17788.516499999998,17799.022,17787.5055,17795.489
2024-08-13 07:55:00+00:00,17795.989,17798.0555,17785.560999999998,17786.560999999998
2024-08-13 08:00:00+00:00,17785.5055,17796.5055,17780.5,17785.489
2024-08-13 08:05:00+00:00,17784.55,17787.989,17771.439000000002,17780.489
2024-08-13 08:10:00+00:00,17779.939000000002,17782.489,17768.439000000002,17769.5
2024-08-13 08:15:00+00:00,17769.011,17775.5055,17762.428,17764.5555
2024-08-13 08:20:00+00:00,17762.5,17763.5165,17744.4835,17747.5055
2024-08-13 08:25:00+00:00,17746.483500000002,17751.572,17744.428,17750.5555
2024-08-13 08:30:00+00:00,17750.072,17750.5055,17740.5,17746.011
2024-08-13 08:35:00+00:00,17746.4945,17748.566499999997,17736.9945,17740.511
2024-08-13 08:40:00+00:00,17739.483500000002,17751.5055,17738.011,17743.5
2024-08-13 08:45:00+00:00,17742.572,17752.011,17738.428,17751.511
2024-08-13 08:50:00+00:00,17752.489,17760.0555,17751.989,17753.5
2024-08-13 08:55:00+00:00,17754.489,17767.5055,17752.439000000002,17764.5055
2024-08-13 09:00:00+00:00,17760.511,17760.511,17739.9945,17745.5055
2024-08-13 09:05:00+00:00,17744.433500000003,17746.511,17737.483500000002,17742.9835
2024-08-13 09:10:00+00:00,17742.4945,17753.522,17742.05,17752.5
2024-08-13 09:15:00+00:00,17751.516499999998,17755.0555,17746.0,17749.4945
2024-08-13 09:20:00+00:00,17748.45,17758.0055,17748.45,17756.439000000002
2024-08-13 09:25:00+00:00,17756.9835,17768.0165,17756.4445,17766.4945
2024-08-13 09:30:00+00:00,17767.560999999998,17782.566499999997,17766.516499999998,17781.566499999997
2024-08-13 09:35:00+00:00,17780.0165,17781.5165,17772.5,17777.511
2024-08-13 09:40:00+00:00,17778.4835,17781.9945,17767.5055,17769.439000000002
2024-08-13 09:45:00+00:00,17768.4445,17772.5055,17765.9445,17770.511
2024-08-13 09:50:00+00:00,17768.989,17775.5055,17764.933500000003,17765.9835
2024-08-13 09:55:00+00:00,17765.55,17767.5055,17747.95,17748.9945
2024-08-13 10:00:00+00:00,17749.522,17750.511,17723.928,17738.0055
2024-08-13 10:05:00+00:00,17739.55,17742.5055,17724.0055,17724.5055
2024-08-13 10:10:00+00:00,17722.9445,17723.4945,17708.478,17709.4445
2024-08-13 10:15:00+00:00,17708.9945,17710.522,17703.483500000002,17707.572
2024-08-13 10:20:00+00:00,17704.5555,17704.5555,17677.45,17678.989
2024-08-13 10:25:00+00:00,17679.439000000002,17687.478,17674.022,17677.5
2024-08-13 10:30:00+00:00,17676.4945,17684.516499999998,17672.428,17678.572
2024-08-13 10:35:00+00:00,17677.066499999997,17679.011,17667.439000000002,17679.011
2024-08-13 10:40:00+00:00,17678.5555,17684.5165,17677.0,17681.0055
2024-08-13 10:45:00+00:00,17679.9945,17691.928,17676.989,17689.989
2024-08-13 10:50:00+00:00,17690.522,17702.0055,17686.0,17700.4445
2024-08-13 10:55:00+00:00,17702.0055,17702.0055,17691.572,17694.483500000002
2024-08-13 11:00:00+00:00,17693.439000000002,17703.560999999998,17689.433500000003,17700.5055
2024-08-13 11:05:00+00:00,17701.5555,17713.5,17699.5055,17712.978
2024-08-13 11:10:00+00:00,17711.478,17720.572,17710.489,17720.011
2024-08-13 11:15:00+00:00,17720.4945,17726.05,17715.4945,17718.5055
2024-08-13 11:20:00+00:00,17718.0055,17718.4945,17707.4945,17710.5
2024-08-13 11:25:00+00:00,17708.933500000003,17710.566499999997,17703.5055,17708.5
2024-08-13 11:30:00+00:00,17709.0,17712.072,17703.489,17703.9945
2024-08-13 11:35:00+00:00,17703.511,17711.5,17703.511,17709.5
2024-08-13 11:40:00+00:00,17708.478,17713.5555,17704.428,17706.5
2024-08-13 11:45:00+00:00,17707.4445,17711.9945,17704.4945,17706.4835
2024-08-13 11:50:00+00:00,17705.5055,17709.5165,17696.978,17700.9835
2024-08-13 11:55:00+00:00,17700.4945,17721.5055,17700.4945,17721.5055
2024-08-13 12:00:00+00:00,17721.0,17736.5555,17718.011,17735.5055
2024-08-13 12:05:00+00:00,17736.5,17761.5,17735.4835,17760.572
2024-08-13 12:10:00+00:00,17761.4945,17769.4945,17757.933500000003,17759.560999999998
2024-08-13 12:15:00+00:00,17759.9835,17767.5555,17753.5,17754.4445
2024-08-13 12:20:00+00:00,17755.5055,17758.4835,17748.4445,17750.5055
2024-08-13 12:25:00+00:00,17750.0055,17754.4445,17743.5,17753.989
2024-08-13 12:30:00+00:00,17761.0,17778.428,17753.989,17766.5055
2024-08-13 12:35:00+00:00,17767.572,17780.0,17759.45,17760.0
2024-08-13 12:40:00+00:00,17760.5055,17763.566499999997,17744.428,17746.5
2024-08-13 12:45:00+00:00,17746.9945,17755.511,17740.4945,17750.560999999998
2024-08-13 12:50:00+00:00,17751.5055,17762.022,17747.978,17759.511
2024-08-13 12:55:00+00:00,17759.022,17766.0165,17747.983500000002,17759.060999999998
2024-08-13 13:00:00+00:00,17757.95,17763.989,17753.4945,17763.0055
2024-08-13 13:05:00+00:00,17762.489,17765.022,17745.978,17749.011
2024-08-13 13:10:00+00:00,17749.511,17755.5,17732.939000000002,17747.9445
2024-08-13 13:15:00+00:00,17748.9945,17751.022,17737.0055,17746.0165
2024-08-13 13:20:00+00:00,17746.9945,17761.516499999998,17743.0055,17757.0165
2024-08-13 13:25:00+00:00,17756.4945,17757.0,17740.011,17749.0055
2024-08-13 13:30:00+00:00,17748.0,17764.016499999998,17742.0055,17755.0
2024-08-13 13:35:00+00:00,17755.4945,17762.0,17748.072,17756.989
2024-08-13 13:40:00+00:00,17758.022,17768.05,17752.9945,17758.5555
2024-08-13 13:45:00+00:00,17760.0165,17776.016499999998,17755.983500000002,17756.983500000002
2024-08-13 13:50:00+00:00,17756.45,17770.0165,17753.9945,17760.516499999998
2024-08-13 13:55:00+00:00,17760.95,17766.016499999998,17740.9945,17756.072
2024-08-13 14:00:00+00:00,17755.5055,17762.989,17750.989,17756.066499999997
2024-08-13 14:05:00+00:00,17756.55,17764.5,17739.011,17754.0555
2024-08-13 14:10:00+00:00,17754.4945,17764.0055,17744.9945,17754.022
2024-08-13 14:15:00+00:00,17753.0165,17759.011,17742.9945,17745.9945
2024-08-13 14:20:00+00:00,17745.4945,17753.939000000002,17742.0555,17748.4945
2024-08-13 14:25:00+00:00,17747.989,17764.560999999998,17742.983500000002,17764.4945
2024-08-13 14:30:00+00:00,17763.4945,17763.4945,17742.516499999998,17755.9445
2024-08-13 14:35:00+00:00,17755.511,17770.072,17755.511,17769.5
2024-08-13 14:40:00+00:00,17769.939000000002,17782.9945,17767.989,17780.011
2024-08-13 14:45:00+00:00,17780.4945,17798.060999999998,17777.9945,17797.0055
2024-08-13 14:50:00+00:00,17797.9835,17802.0165,17789.4945,17801.05
2024-08-13 14:55:00+00:00,17802.0055,17802.433500000003,17792.9835,17796.0055
2024-08-13 15:00:00+00:00,17796.933500000003,17809.516499999998,17796.933500000003,17808.483500000002
2024-08-13 15:05:00+00:00,17808.0,17812.0555,17797.478,17797.933500000003
2024-08-13 15:10:00+00:00,17797.5,17808.060999999998,17793.489,17805.022
2024-08-13 15:15:00+00:00,17806.0,17809.5055,17802.939000000002,17808.0
2024-08-13 15:20:00+00:00,17807.0,17812.516499999998,17802.4945,17810.5055
2024-08-13 15:25:00+00:00,17809.928,17814.9835,17802.9835,17808.0055
2024-08-13 15:30:00+00:00,17807.5055,17812.011,17805.0,17812.011
2024-08-13 15:35:00+00:00,17811.511,17813.072,17804.516499999998,17805.433500000003
2024-08-13 15:40:00+00:00,17806.0555,17809.011,17793.45,17794.5055
2024-08-13 15:45:00+00:00,17794.989,17804.522,17794.9835,17800.5
2024-08-13 15:50:00+00:00,17799.9945,17807.511,17799.5055,17806.4445
2024-08-13 15:55:00+00:00,17806.072,17807.560999999998,17801.060999999998,17802.95
2024-08-13 16:00:00+00:00,17802.4945,17805.05,17795.983500000002,17805.0055
2024-08-13 16:05:00+00:00,17804.55,17809.066499999997,17802.5555,17805.4445
2024-08-13 16:10:00+00:00,17806.016499999998,17811.060999999998,17805.0,17807.433500000003
2024-08-13 16:15:00+00:00,17808.5055,17819.5555,17806.0,17819.45
2024-08-13 16:20:00+00:00,17819.0555,17821.566499999997,17814.939000000002,17815.428
2024-08-13 16:25:00+00:00,17816.0,17819.0555,17808.989,17811.560999999998
2024-08-13 16:30:00+00:00,17811.989,17813.5055,17803.4945,17811.560999999998
2024-08-13 16:35:00+00:00,17811.989,17817.5,17809.022,17816.0055
2024-08-13 16:40:00+00:00,17816.4835,17821.022,17815.0,17819.428
2024-08-13 16:45:00+00:00,17819.928,17827.433500000003,17817.9445,17827.011
2024-08-13 16:50:00+00:00,17826.516499999998,17834.5,17825.4945,17831.478
2024-08-13 16:55:00+00:00,17832.011,17837.5,17831.433500000003,17836.9945
2024-08-13 17:00:00+00:00,17837.483500000002,17837.483500000002,17825.516499999998,17826.478
2024-08-13 17:05:00+00:00,17826.0055,17830.011,17824.5,17825.95
2024-08-13 17:10:00+00:00,17826.511,17833.060999999998,17822.489,17832.433500000003
2024-08-13 17:15:00+00:00,17831.989,17834.9445,17828.978,17833.933500000003
2024-08-13 17:20:00+00:00,17833.4445,17834.511,17828.439000000002,17829.478
2024-08-13 17:25:00+00:00,17828.983500000002,17831.522,17826.5055,17829.489
2024-08-13 17:30:00+00:00,17830.489,17834.0055,17822.522,17824.489
2024-08-13 17:35:00+00:00,17823.933500000003,17829.572,17823.933500000003,17828.9835
2024-08-13 17:40:00+00:00,17829.511,17832.0555,17827.9835,17829.4945
2024-08-13 17:45:00+00:00,17829.0055,17831.060999999998,17810.5,17825.478
2024-08-13 17:50:00+00:00,17825.016499999998,17830.066499999997,17821.45,17829.5055
2024-08-13 17:55:00+00:00,17829.0,17834.0,17827.4835,17829.439000000002
2024-08-13 18:00:00+00:00,17829.0055,17834.55,17827.983500000002,17830.566499999997
2024-08-13 18:05:00+00:00,17830.066499999997,17832.9945,17827.9945,17830.0
2024-08-13 18:10:00+00:00,17829.566499999997,17835.0055,17829.0,17832.0
2024-08-13 18:15:00+00:00,17831.5555,17835.011,17820.439000000002,17825.0055
2024-08-13 18:20:00+00:00,17824.011,17831.45,17824.011,17829.489
2024-08-13 18:25:00+00:00,17829.0,17835.011,17828.55,17834.516499999998
2024-08-13 18:30:00+00:00,17834.9945,17836.0,17830.4945,17834.9835
2024-08-13 18:35:00+00:00,17835.5,17842.022,17835.478,17841.566499999997
2024-08-13 18:40:00+00:00,17840.978,17845.0,17840.489,17842.933500000003
2024-08-13 18:45:00+00:00,17842.516499999998,17850.5,17842.011,17848.95
2024-08-13 18:50:00+00:00,17849.572,17850.55,17845.0,17849.428
2024-08-13 18:55:00+00:00,17849.060999999998,17852.489,17847.95,17848.489
2024-08-13 19:00:00+00:00,17848.989,17859.0,17848.022,17854.9945
2024-08-13 19:05:00+00:00,17854.522,17854.522,17846.489,17848.9945
2024-08-13 19:10:00+00:00,17849.511,17850.0,17841.0,17842.5
2024-08-13 19:15:00+00:00,17841.933500000003,17847.0,17839.5055,17844.5555
2024-08-13 19:20:00+00:00,17843.9945,17850.022,17839.011,17849.516499999998
2024-08-13 19:25:00+00:00,17849.022,17849.572,17845.066499999997,17849.0
2024-08-13 19:30:00+00:00,17848.5,17851.072,17845.95,17847.011
2024-08-13 19:35:00+00:00,17846.4945,17850.560999999998,17844.983500000002,17850.560999999998
2024-08-13 19:40:00+00:00,17849.9445,17854.066499999997,17849.0055,17853.9945
2024-08-13 19:45:00+00:00,17853.072,17865.5,17851.978,17863.9945
2024-08-13 19:50:00+00:00,17862.0055,17866.516499999998,17849.4945,17853.933500000003
2024-08-13 19:55:00+00:00,17854.511,17862.4835,17851.0,17855.983500000002
2024-08-13 20:00:00+00:00,17855.939000000002,17859.761,17845.683500000003,17859.628
2024-08-13 20:05:00+00:00,17858.911,17862.261,17853.9,17860.439000000002
2024-08-13 20:10:00+00:00,17858.961,17860.566499999997,17855.6555,17858.911
2024-08-13 22:05:00+00:00,17862.75,17865.278,17861.9445,17862.411
2024-08-13 22:10:00+00:00,17862.778,17865.372,17858.689000000002,17860.422
2024-08-13 22:15:00+00:00,17860.011,17860.866499999996,17844.8,17850.4445
2024-08-13 22:20:00+00:00,17851.366499999996,17852.211,17846.4,17850.5555
2024-08-13 22:25:00+00:00,17849.6945,17855.8,17848.9055,17855.7835
2024-08-13 22:30:00+00:00,17854.9945,17854.9945,17851.3055,17852.4945
2024-08-13 22:35:00+00:00,17852.9165,17854.622,17849.6,17850.922
2024-08-13 22:40:00+00:00,17851.7,17854.211,17850.5165,17854.2
2024-08-13 22:45:00+00:00,17854.605499999998,17854.605499999998,17852.511,17853.2445
2024-08-13 22:50:00+00:00,17853.789,17855.0555,17852.5,17853.3
2024-08-13 22:55:00+00:00,17854.183500000003,17855.060999999998,17853.316499999997,17854.610999999997
2024-08-13 23:00:00+00:00,17854.2,17858.310999999998,17850.9,17857.472
2024-08-13 23:05:00+00:00,17857.9,17858.3055,17854.978,17854.978
2024-08-13 23:10:00+00:00,17854.610999999997,17859.1,17854.216500000002,17856.6
2024-08-13 23:15:00+00:00,17857.45,17862.4,17857.411,17861.6
2024-08-13 23:20:00+00:00,17861.078,17862.4055,17859.839,17860.360999999997
2024-08-13 23:25:00+00:00,17860.711,17862.4,17859.9055,17861.5835
2024-08-13 23:30:00+00:00,17861.089,17864.072,17858.2945,17863.211
2024-08-13 23:35:00+00:00,17862.4,17862.4,17859.0835,17861.672
2024-08-13 23:40:00+00:00,17860.6945,17861.6,17859.039,17860.75
2024-08-13 23:45:00+00:00,17859.9555,17862.8055,17858.2445,17859.911
2024-08-13 23:50:00+00:00,17859.5055,17862.25,17858.078,17861.328
2024-08-13 23:55:00+00:00,17860.6,17862.610999999997,17859.7,17859.7
2024-08-14 00:00:00+00:00,17860.6,17863.0,17856.4,17858.089
2024-08-14 00:05:00+00:00,17858.85,17863.872,17857.233500000002,17858.9055
2024-08-14 00:10:00+00:00,17858.05,17859.7555,17852.8055,17855.6
2024-08-14 00:15:00+00:00,17856.433500000003,17859.05,17842.5,17857.5
2024-08-14 00:20:00+00:00,17857.489,17857.489,17843.5055,17843.9945
2024-08-14 00:25:00+00:00,17844.9445,17852.522,17844.016499999998,17849.45
2024-08-14 00:30:00+00:00,17849.978,17849.978,17843.4945,17847.5555
2024-08-14 00:35:00+00:00,17846.011,17856.9945,17846.011,17853.511
2024-08-14 00:40:00+00:00,17854.0,17855.489,17852.439000000002,17852.928
2024-08-14 00:45:00+00:00,17852.560999999998,17853.0555,17845.066499999997,17846.939000000002
2024-08-14 00:50:00+00:00,17846.5055,17851.511,17846.0055,17848.522
2024-08-14 00:55:00+00:00,17847.939000000002,17850.011,17843.0055,17846.4445
2024-08-14 01:00:00+00:00,17845.011,17848.0,17840.989,17847.5
2024-08-14 01:05:00+00:00,17848.072,17859.011,17848.072,17851.95
2024-08-14 01:10:00+00:00,17850.511,17856.011,17850.511,17856.011
2024-08-14 01:15:00+00:00,17854.4945,17856.060999999998,17846.9945,17849.928
2024-08-14 01:20:00+00:00,17850.489,17853.05,17847.0165,17849.983500000002
2024-08-14 01:25:00+00:00,17851.522,17853.4945,17850.5165,17852.522
2024-08-14 01:30:00+00:00,17850.9945,17864.016499999998,17850.9945,17861.0165
2024-08-14 01:35:00+00:00,17863.489,17867.0055,17862.939000000002,17865.511
2024-08-14 01:40:00+00:00,17864.9445,17869.9945,17864.9445,17869.9945
2024-08-14 01:45:00+00:00,17869.5,17873.939000000002,17862.939000000002,17873.939000000002
2024-08-14 01:50:00+00:00,17874.489,17875.011,17870.011,17874.9445
2024-08-14 01:55:00+00:00,17874.4945,17879.0055,17872.989,17875.5055
2024-08-14 02:00:00+00:00,17875.928,17878.011,17867.022,17867.060999999998
2024-08-14 02:05:00+00:00,17866.433500000003,17866.983500000002,17846.483500000002,17852.0055
2024-08-14 02:10:00+00:00,17851.060999999998,17852.0165,17833.978,17835.066499999997
2024-08-14 02:15:00+00:00,17834.428,17841.0,17829.489,17840.566499999997
2024-08-14 02:20:00+00:00,17841.522,17847.0165,17836.9945,17842.5055
2024-08-14 02:25:00+00:00,17843.516499999998,17846.9445,17836.0055,17844.5
2024-08-14 02:30:00+00:00,17843.9445,17843.9445,17832.989,17832.989
2024-08-14 02:35:00+00:00,17833.4445,17839.5055,17829.978,17838.0
2024-08-14 02:40:00+00:00,17838.489,17838.489,17832.983500000002,17837.516499999998
2024-08-14 02:45:00+00:00,17836.9835,17844.066499999997,17836.9835,17844.066499999997
2024-08-14 02:50:00+00:00,17844.4945,17847.05,17841.522,17847.05
2024-08-14 02:55:00+00:00,17846.066499999997,17846.9945,17836.0,17837.072
2024-08-14 03:00:00+00:00,17836.060999999998,17837.489,17834.95,17836.55
2024-08-14 03:05:00+00:00,17836.978,17837.5,17831.989,17834.428
2024-08-14 03:10:00+00:00,17835.511,17837.560999999998,17834.5055,17835.522
2024-08-14 03:15:00+00:00,17835.9945,17839.5055,17835.5055,17839.5055
2024-08-14 03:20:00+00:00,17838.939000000002,17841.0055,17838.939000000002,17841.0055
2024-08-14 03:25:00+00:00,17839.933500000003,17843.022,17836.011,17836.011
2024-08-14 03:30:00+00:00,17836.4445,17841.9835,17836.428,17841.489
2024-08-14 03:35:00+00:00,17841.0055,17845.572,17838.0,17845.5
2024-08-14 03:40:00+00:00,17846.0165,17848.9445,17841.0,17842.522
2024-08-14 03:45:00+00:00,17842.011,17847.511,17842.011,17846.9445
2024-08-14 03:50:00+00:00,17847.489,17847.489,17842.9445,17842.9445
2024-08-14 03:55:00+00:00,17844.022,17844.0555,17840.483500000002,17841.9945
2024-08-14 04:00:00+00:00,17841.011,17846.0555,17840.9835,17843.483500000002
2024-08-14 04:05:00+00:00,17844.072,17850.9445,17844.072,17850.9445
2024-08-14 04:10:00+00:00,17851.4945,17854.9945,17845.9945,17849.011
2024-08-14 04:15:00+00:00,17849.5,17851.016499999998,17837.5,17845.45
2024-08-14 04:20:00+00:00,17848.483500000002,17854.572,17846.060999999998,17852.011
2024-08-14 04:25:00+00:00,17852.5165,17867.9945,17852.5165,17864.489
2024-08-14 04:30:00+00:00,17864.011,17867.5,17856.928,17856.928
2024-08-14 04:35:00+00:00,17857.516499999998,17858.560999999998,17854.489,17854.489
2024-08-14 04:40:00+00:00,17855.0055,17860.011,17852.489,17853.05
2024-08-14 04:45:00+00:00,17852.55,17852.9945,17848.0,17850.9945
2024-08-14 04:50:00+00:00,17852.0,17853.4945,17848.4445,17852.983500000002
2024-08-14 04:55:00+00:00,17851.9835,17856.0055,17851.9835,17856.0
2024-08-14 05:00:00+00:00,17855.489,17856.939000000002,17849.989,17855.478
2024-08-14 05:05:00+00:00,17855.933500000003,17857.5165,17853.0055,17855.016499999998
2024-08-14 05:10:00+00:00,17856.011,17856.5055,17852.5,17852.5
2024-08-14 05:15:00+00:00,17849.928,17850.560999999998,17847.5165,17850.522
2024-08-14 05:20:00+00:00,17850.0165,17852.4945,17849.5555,17851.566499999997
2024-08-14 05:25:00+00:00,17852.072,17855.0,17848.022,17853.9945
2024-08-14 05:30:00+00:00,17853.5,17858.9945,17852.95,17858.9945
2024-08-14 05:35:00+00:00,17860.5055,17867.4445,17857.9445,17859.572
2024-08-14 05:40:00+00:00,17861.0,17863.489,17853.5555,17862.4945
2024-08-14 05:45:00+00:00,17864.0165,17885.989,17863.011,17876.989
2024-08-14 05:50:00+00:00,17878.560999999998,17879.45,17871.011,17872.560999999998
2024-08-14 05:55:00+00:00,17871.5165,17871.5165,17860.0,17863.522
2024-08-14 06:00:00+00:00,17857.478,17892.45,17856.483500000002,17886.0
2024-08-14 06:05:00+00:00,17885.011,17890.978,17861.4945,17866.060999999998
2024-08-14 06:10:00+00:00,17865.5,17868.5165,17859.55,17861.0055
2024-08-14 06:15:00+00:00,17860.511,17872.0,17856.933500000003,17861.0055
2024-08-14 06:20:00+00:00,17863.989,17873.5555,17861.489,17869.066499999997
2024-08-14 06:25:00+00:00,17868.433500000003,17882.5,17868.433500000003,17874.5055
2024-08-14 06:30:00+00:00,17875.0,17883.566499999997,17872.4945,17878.4835
2024-08-14 06:35:00+00:00,17877.928,17890.072,17877.928,17887.478
2024-08-14 06:40:00+00:00,17890.489,17890.489,17878.5,17884.011
2024-08-14 06:45:00+00:00,17884.4445,17886.478,17866.011,17870.55
2024-08-14 06:50:00+00:00,17871.566499999997,17883.5,17870.5055,17879.511
2024-08-14 06:55:00+00:00,17880.0055,17881.428,17870.011,17873.4835
2024-08-14 07:00:00+00:00,17874.5,17891.939000000002,17864.4945,17871.011
2024-08-14 07:05:00+00:00,17870.4945,17880.011,17861.4835,17862.4945
2024-08-14 07:10:00+00:00,17863.45,17878.5165,17861.489,17871.4445
2024-08-14 07:15:00+00:00,17872.5,17885.511,17864.5,17882.483500000002
2024-08-14 07:20:00+00:00,17882.060999999998,17890.566499999997,17879.978,17888.560999999998
2024-08-14 07:25:00+00:00,17889.4945,17899.511,17887.511,17894.45
2024-08-14 07:30:00+00:00,17894.0,17898.989,17882.5,17883.5055
2024-08-14 07:35:00+00:00,17884.489,17890.511,17881.511,17884.5
2024-08-14 07:40:00+00:00,17883.5,17889.022,17871.439000000002,17871.55
2024-08-14 07:45:00+00:00,17871.95,17873.022,17865.011,17865.5555
2024-08-14 07:50:00+00:00,17865.9945,17871.9835,17851.9945,17853.511
2024-08-14 07:55:00+00:00,17854.05,17857.0055,17844.9445,17846.0165
2024-08-14 08:00:00+00:00,17843.9445,17845.0165,17828.5,17830.989
2024-08-14 08:05:00+00:00,17832.989,17844.4945,17830.011,17838.05
2024-08-14 08:10:00+00:00,17838.566499999997,17851.0055,17833.05,17851.0055
2024-08-14 08:15:00+00:00,17849.9835,17859.0055,17843.9945,17854.95
2024-08-14 08:20:00+00:00,17854.439000000002,17867.5555,17851.4945,17865.011
2024-08-14 08:25:00+00:00,17866.05,17873.011,17864.0055,17866.0055
2024-08-14 08:30:00+00:00,17864.9835,17889.0055,17864.933500000003,17885.5055
2024-08-14 08:35:00+00:00,17884.5,17887.989,17874.478,17878.566499999997
2024-08-14 08:40:00+00:00,17878.983500000002,17892.478,17878.983500000002,17891.5055
2024-08-14 08:45:00+00:00,17892.489,17893.511,17881.0,17881.0
2024-08-14 08:50:00+00:00,17882.011,17892.511,17882.011,17891.511
2024-08-14 08:55:00+00:00,17892.511,17897.5165,17891.939000000002,17895.0055
2024-08-14 09:00:00+00:00,17895.5,17901.0055,17887.5,17887.5
2024-08-14 09:05:00+00:00,17887.9835,17891.0,17881.45,17886.566499999997
2024-08-14 09:10:00+00:00,17885.489,17889.566499999997,17880.939000000002,17881.566499999997
2024-08-14 09:15:00+00:00,17881.989,17883.5055,17873.489,17883.5055
2024-08-14 09:20:00+00:00,17883.9945,17896.572,17883.9945,17890.5555
2024-08-14 09:25:00+00:00,17891.45,17891.45,17883.428,17887.5165
2024-08-14 09:30:00+00:00,17888.011,17889.489,17885.433500000003,17886.4445
2024-08-14 09:35:00+00:00,17887.0555,17897.5,17887.0555,17889.428
2024-08-14 09:40:00+00:00,17890.4945,17891.05,17881.4945,17883.5
2024-08-14 09:45:00+00:00,17884.5055,17885.4945,17876.0555,17879.5055
2024-08-14 09:50:00+00:00,17880.0,17884.989,17878.0,17880.5055
2024-08-14 09:55:00+00:00,17879.989,17881.5,17871.9945,17873.511
2024-08-14 10:00:00+00:00,17874.0,17880.572,17870.4445,17880.4835
2024-08-14 10:05:00+00:00,17879.933500000003,17883.45,17876.0,17876.566499999997
2024-08-14 10:10:00+00:00,17876.0055,17876.0055,17867.489,17867.55
2024-08-14 10:15:00+00:00,17867.9945,17871.9945,17864.478,17864.9945
2024-08-14 10:20:00+00:00,17864.5,17869.5055,17860.939000000002,17868.516499999998
2024-08-14 10:25:00+00:00,17869.55,17875.011,17866.989,17874.433500000003
2024-08-14 10:30:00+00:00,17875.5,17884.0,17875.5,17883.5
2024-08-14 10:35:00+00:00,17882.9835,17893.9445,17882.5055,17888.4945
2024-08-14 10:40:00+00:00,17887.5,17896.9945,17887.5,17889.5055
2024-08-14 10:45:00+00:00,17890.0,17902.5,17890.0,17896.0
2024-08-14 10:50:00+00:00,17895.5055,17899.5,17893.0165,17894.5055
2024-08-14 10:55:00+00:00,17895.5055,17896.522,17888.0055,17889.4945
2024-08-14 11:00:00+00:00,17889.939000000002,17892.4945,17882.4945,17887.55
2024-08-14 11:05:00+00:00,17887.989,17889.560999999998,17877.45,17877.516499999998
2024-08-14 11:10:00+00:00,17878.0,17881.983500000002,17873.0,17877.5055
2024-08-14 11:15:00+00:00,17878.016499999998,17882.4445,17872.522,17872.522
2024-08-14 11:20:00+00:00,17872.9945,17877.05,17870.0055,17874.5055
2024-08-14 11:25:00+00:00,17876.016499999998,17882.5055,17875.5,17879.572
2024-08-14 11:30:00+00:00,17879.05,17886.489,17875.433500000003,17878.0
2024-08-14 11:35:00+00:00,17877.5165,17888.0,17870.4945,17885.5165
2024-08-14 11:40:00+00:00,17886.5555,17892.516499999998,17885.0055,17889.511
2024-08-14 11:45:00+00:00,17888.522,17891.5,17885.433500000003,17888.511
2024-08-14 11:50:00+00:00,17889.0,17895.522,17887.489,17892.5
2024-08-14 11:55:00+00:00,17891.522,17895.022,17889.0,17889.433500000003
2024-08-14 12:00:00+00:00,17889.989,17895.489,17883.5,17894.4945
2024-08-14 12:05:00+00:00,17893.511,17893.511,17887.511,17889.433500000003
2024-08-14 12:10:00+00:00,17889.939000000002,17892.566499999997,17886.983500000002,17888.511
2024-08-14 12:15:00+00:00,17889.05,17891.9945,17883.478,17890.95
2024-08-14 12:20:00+00:00,17891.5,17895.511,17878.478,17885.5
2024-08-14 12:25:00+00:00,17886.4945,17895.011,17882.560999999998,17884.5
2024-08-14 12:30:00+00:00,17884.989,17924.4445,17873.4445,17882.5
2024-08-14 12:35:00+00:00,17881.983500000002,17893.5,17867.511,17890.4945
2024-08-14 12:40:00+00:00,17889.522,17902.516499999998,17870.5165,17902.5
2024-08-14 12:45:00+00:00,17903.511,17911.511,17899.939000000002,17902.4945
2024-08-14 12:50:00+00:00,17902.978,17904.572,17891.928,17902.5165
2024-08-14 12:55:00+00:00,17902.983500000002,17910.566499999997,17899.5,17906.4835
2024-08-14 13:00:00+00:00,17906.9945,17916.011,17901.928,17903.566499999997
2024-08-14 13:05:00+00:00,17902.933500000003,17913.566499999997,17900.933500000003,17904.5
2024-08-14 13:10:00+00:00,17903.9945,17912.439000000002,17903.45,17904.0165
2024-08-14 13:15:00+00:00,17904.439000000002,17906.978,17894.9445,17903.439000000002
2024-08-14 13:20:00+00:00,17902.5,17906.0,17900.5,17904.011
2024-08-14 13:25:00+00:00,17904.4945,17906.0,17892.0055,17899.0055
2024-08-14 13:30:00+00:00,17898.566499999997,17910.022,17890.0165,17892.478
2024-08-14 13:35:00+00:00,17891.516499999998,17900.4445,17887.483500000002,17893.5055
2024-08-14 13:40:00+00:00,17892.95,17895.0,17865.0,17869.516499999998
2024-08-14 13:45:00+00:00,17868.4945,17876.5,17860.4945,17863.4445
2024-08-14 13:50:00+00:00,17863.9445,17869.5055,17852.95,17858.433500000003
2024-08-14 13:55:00+00:00,17859.5,17860.522,17847.022,17849.511
2024-08-14 14:00:00+00:00,17850.4945,17861.489,17842.5,17854.55
2024-08-14 14:05:00+00:00,17853.45,17853.5055,17838.489,17849.9945
2024-08-14 14:10:00+00:00,17850.522,17856.572,17841.433500000003,17846.989
2024-08-14 14:15:00+00:00,17847.489,17860.433500000003,17841.478,17860.433500000003
2024-08-14 14:20:00+00:00,17859.428,17869.566499999997,17856.9945,17860.939000000002
2024-08-14 14:25:00+00:00,17861.516499999998,17862.522,17847.5055,17856.566499999997
2024-08-14 14:30:00+00:00,17857.45,17860.55,17825.5,17826.5
2024-08-14 14:35:00+00:00,17826.9445,17840.5055,17825.433500000003,17840.433500000003
2024-08-14 14:40:00+00:00,17841.4945,17852.5,17837.428,17840.5
2024-08-14 14:45:00+00:00,17841.5055,17858.0165,17837.428,17857.5
2024-08-14 14:50:00+00:00,17856.9835,17859.560999999998,17849.4945,17859.560999999998
2024-08-14 14:55:00+00:00,17858.978,17870.0,17857.4945,17866.0
2024-08-14 15:00:00+00:00,17866.439000000002,17877.566499999997,17863.511,17876.0
2024-08-14 15:05:00+00:00,17876.433500000003,17880.5,17865.0055,17865.0055
2024-08-14 15:10:00+00:00,17864.4445,17881.489,17864.4445,17880.4945
2024-08-14 15:15:00+00:00,17880.011,17881.9945,17872.5,17880.511
2024-08-14 15:20:00+00:00,17881.0055,17881.072,17869.433500000003,17876.522
2024-08-14 15:25:00+00:00,17877.016499999998,17884.989,17875.939000000002,17880.989
2024-08-14 15:30:00+00:00,17880.433500000003,17892.5,17880.433500000003,17889.45
2024-08-14 15:35:00+00:00,17887.511,17898.011,17886.928,17895.939000000002
2024-08-14 15:40:00+00:00,17896.5,17897.011,17883.5055,17883.5055
2024-08-14 15:45:00+00:00,17883.0,17891.511,17883.0,17887.5
2024-08-14 15:50:00+00:00,17887.022,17892.428,17885.9945,17890.011
2024-08-14 15:55:00+00:00,17890.4945,17895.989,17888.9945,17892.011
2024-08-14 16:00:00+00:00,17891.489,17893.5055,17886.989,17893.4835
2024-08-14 16:05:00+00:00,17893.9945,17901.066499999997,17892.016499999998,17893.0
2024-08-14 16:10:00+00:00,17893.560999999998,17898.0,17887.989,17891.9945
2024-08-14 16:15:00+00:00,17891.483500000002,17895.5055,17879.5055,17879.9945
2024-08-14 16:20:00+00:00,17880.489,17885.060999999998,17853.511,17862.4945
2024-08-14 16:25:00+00:00,17861.5,17863.5,17849.95,17858.989
2024-08-14 16:30:00+00:00,17858.478,17870.489,17855.433500000003,17866.939000000002
2024-08-14 16:35:00+00:00,17868.0,17874.5,17860.45,17872.45
2024-08-14 16:40:00+00:00,17873.0555,17875.9835,17853.939000000002,17855.5
2024-08-14 16:45:00+00:00,17855.95,17862.55,17852.978,17856.511
2024-08-14 16:50:00+00:00,17857.0055,17868.5055,17857.0055,17867.4945
2024-08-14 16:55:00+00:00,17867.0,17872.4835,17863.5,17869.5055
2024-08-14 17:00:00+00:00,17868.011,17868.439000000002,17861.489,17866.011
2024-08-14 17:05:00+00:00,17865.4945,17877.4445,17864.489,17872.933500000003
2024-08-14 17:10:00+00:00,17872.5,17873.4945,17857.0,17866.5055
2024-08-14 17:15:00+00:00,17867.5,17875.0,17863.978,17870.511
2024-08-14 17:20:00+00:00,17870.072,17871.5555,17864.489,17867.511
2024-08-14 17:25:00+00:00,17867.0,17870.5,17857.939000000002,17866.4835
2024-08-14 17:30:00+00:00,17865.522,17872.522,17863.5,17870.060999999998
2024-08-14 17:35:00+00:00,17869.5,17874.0,17863.433500000003,17865.016499999998
2024-08-14 17:40:00+00:00,17864.478,17871.0,17861.978,17868.0
2024-08-14 17:45:00+00:00,17867.489,17874.5,17866.560999999998,17872.428
2024-08-14 17:50:00+00:00,17872.0,17876.572,17867.4945,17876.428
2024-08-14 17:55:00+00:00,17875.9945,17881.928,17874.933500000003,17875.572
2024-08-14 18:00:00+00:00,17875.0,17875.0,17863.011,17868.989
2024-08-14 18:05:00+00:00,17868.522,17871.983500000002,17865.5,17868.0
2024-08-14 18:10:00+00:00,17867.428,17872.511,17866.483500000002,17868.55
2024-08-14 18:15:00+00:00,17868.0,17872.0055,17866.428,17867.433500000003
2024-08-14 18:20:00+00:00,17867.0,17875.5,17867.0,17870.5055
2024-08-14 18:25:00+00:00,17869.9835,17875.0,17869.4945,17874.9945
2024-08-14 18:30:00+00:00,17872.9945,17876.5055,17871.928,17876.5
2024-08-14 18:35:00+00:00,17876.0055,17880.060999999998,17872.4945,17877.989
2024-08-14 18:40:00+00:00,17878.5055,17884.0,17877.928,17882.4945
2024-08-14 18:45:00+00:00,17881.928,17884.016499999998,17878.489,17881.55
2024-08-14 18:50:00+00:00,17881.0,17890.0555,17881.0,17888.989
2024-08-14 18:55:00+00:00,17889.428,17901.511,17888.933500000003,17898.9945
2024-08-14 19:00:00+00:00,17898.489,17900.0555,17892.9945,17899.060999999998
2024-08-14 19:05:00+00:00,17899.489,17903.016499999998,17896.5,17896.5
2024-08-14 19:10:00+00:00,17897.0165,17898.016499999998,17877.0,17881.011
2024-08-14 19:15:00+00:00,17881.4945,17886.0055,17878.9445,17882.0
2024-08-14 19:20:00+00:00,17881.522,17884.55,17878.9835,17882.060999999998
2024-08-14 19:25:00+00:00,17882.5165,17885.011,17878.0055,17878.560999999998
2024-08-14 19:30:00+00:00,17877.05,17884.060999999998,17876.060999999998,17879.933500000003
2024-08-14 19:35:00+00:00,17880.5,17885.511,17878.5165,17885.0
2024-08-14 19:40:00+00:00,17885.5555,17889.933500000003,17883.45,17887.9945
2024-08-14 19:45:00+00:00,17887.428,17895.0055,17887.0,17894.478
2024-08-14 19:50:00+00:00,17895.0555,17902.489,17890.0,17900.5
2024-08-14 19:55:00+00:00,17900.9945,17904.928,17897.489,17898.0055
2024-08-14 20:00:00+00:00,17898.489,17913.228,17895.261,17910.8055
2024-08-14 20:05:00+00:00,17911.605499999998,17923.9165,17908.3165,17922.233500000002
2024-08-14 20:10:00+00:00,17923.039,17928.9,17922.2945,17928.0055
2024-08-14 22:05:00+00:00,17908.9,17908.978,17905.422,17908.25
2024-08-14 22:10:00+00:00,17909.0,17912.366499999996,17907.4,17907.8055
2024-08-14 22:15:00+00:00,17908.1945,17909.0,17903.3,17908.539
2024-08-14 22:20:00+00:00,17908.1835,17908.1835,17900.860999999997,17901.7
2024-08-14 22:25:00+00:00,17901.3,17901.3,17892.622,17895.828
2024-08-14 22:30:00+00:00,17896.6945,17898.45,17896.6945,17898.3835
2024-08-14 22:35:00+00:00,17897.989,17901.7,17896.7,17899.9445
2024-08-14 22:40:00+00:00,17900.8,17904.1,17898.378,17898.85
2024-08-14 22:45:00+00:00,17898.383500000004,17901.761,17898.383500000004,17900.789
2024-08-14 22:50:00+00:00,17901.35,17904.105499999998,17899.616499999996,17900.810999999998
2024-08-14 22:55:00+00:00,17901.3,17902.1,17899.5835,17900.7945
2024-08-14 23:00:00+00:00,17901.6835,17908.211,17901.6835,17907.45
2024-08-14 23:05:00+00:00,17908.15,17910.233500000002,17907.3445,17907.7945
2024-08-14 23:10:00+00:00,17908.133500000004,17908.2055,17907.3835,17907.822
2024-08-14 23:15:00+00:00,17907.378,17916.272,17906.616499999996,17912.110999999997
2024-08-14 23:20:00+00:00,17912.5055,17912.95,17911.2445,17912.110999999997
2024-08-14 23:25:00+00:00,17911.3,17911.3,17908.639000000003,17909.483500000002
2024-08-14 23:30:00+00:00,17908.7,17908.7,17895.5,17899.7945
2024-08-14 23:35:00+00:00,17900.25,17902.689000000002,17898.1945,17900.55
2024-08-14 23:40:00+00:00,17899.8165,17901.9,17898.989,17900.6
2024-08-14 23:45:00+00:00,17899.810999999998,17900.2555,17889.211,17894.889000000003
2024-08-14 23:50:00+00:00,17895.839,17895.961,17892.589,17895.85
2024-08-14 23:55:00+00:00,17895.1165,17900.022,17895.1,17896.772
2024-08-15 00:00:00+00:00,17897.478,17904.9055,17897.45,17897.516499999998
2024-08-15 00:05:00+00:00,17896.7055,17906.605499999998,17896.7055,17903.322
2024-08-15 00:10:00+00:00,17903.772,17908.189000000002,17902.478,17904.9055
2024-08-15 00:15:00+00:00,17907.0165,17915.516499999998,17900.978,17910.0555
2024-08-15 00:20:00+00:00,17909.933500000003,17927.5,17904.928,17924.060999999998
2024-08-15 00:25:00+00:00,17923.4835,17923.939000000002,17913.45,17917.5
2024-08-15 00:30:00+00:00,17916.522,17918.0055,17910.489,17918.0055
2024-08-15 00:35:00+00:00,17917.011,17923.066499999997,17916.016499999998,17922.572
2024-08-15 00:40:00+00:00,17921.928,17925.4945,17921.011,17921.5055
2024-08-15 00:45:00+00:00,17923.560999999998,17927.45,17922.483500000002,17927.0165
2024-08-15 00:50:00+00:00,17927.522,17940.4945,17926.9945,17939.4945
2024-08-15 00:55:00+00:00,17938.066499999997,17938.560999999998,17934.489,17935.978
2024-08-15 01:00:00+00:00,17936.433500000003,17936.433500000003,17929.0165,17932.45
2024-08-15 01:05:00+00:00,17933.011,17949.9945,17931.978,17940.011
2024-08-15 01:10:00+00:00,17941.022,17941.522,17935.489,17936.0
2024-08-15 01:15:00+00:00,17935.522,17938.0055,17930.0,17930.0
2024-08-15 01:20:00+00:00,17931.566499999997,17937.511,17931.566499999997,17936.9945
2024-08-15 01:25:00+00:00,17937.5,17937.5,17927.066499999997,17932.5
2024-08-15 01:30:00+00:00,17931.978,17933.566499999997,17930.978,17931.5555
2024-08-15 01:35:00+00:00,17930.9945,17934.5055,17928.439000000002,17933.522
2024-08-15 01:40:00+00:00,17932.983500000002,17942.522,17932.983500000002,17942.522
2024-08-15 01:45:00+00:00,17942.983500000002,17945.011,17940.4835,17944.0
2024-08-15 01:50:00+00:00,17943.5,17943.5,17937.066499999997,17941.4945
2024-08-15 01:55:00+00:00,17941.9445,17945.066499999997,17941.9445,17945.066499999997
2024-08-15 02:00:00+00:00,17946.566499999997,17948.0555,17937.5,17941.5
2024-08-15 02:05:00+00:00,17941.9945,17958.0,17941.9945,17955.478
2024-08-15 02:10:00+00:00,17957.433500000003,17973.9945,17957.060999999998,17973.9945
2024-08-15 02:15:00+00:00,17973.572,17978.9945,17970.95,17974.060999999998
2024-08-15 02:20:00+00:00,17974.5,17974.989,17967.9445,17971.560999999998
2024-08-15 02:25:00+00:00,17971.9945,17983.5165,17971.9945,17980.933500000003
2024-08-15 02:30:00+00:00,17981.5055,17981.5055,17971.439000000002,17974.55
2024-08-15 02:35:00+00:00,17975.9835,17983.5,17973.55,17982.560999999998
2024-08-15 02:40:00+00:00,17981.5055,17983.55,17974.478,17975.5055
2024-08-15 02:45:00+00:00,17976.066499999997,17977.0555,17975.5165,17976.011
2024-08-15 02:50:00+00:00,17976.5,17976.5055,17969.0055,17969.989
2024-08-15 02:55:00+00:00,17969.05,17969.05,17961.4945,17963.5
2024-08-15 03:00:00+00:00,17964.0055,17966.0555,17962.478,17962.9445
2024-08-15 03:05:00+00:00,17963.5055,17966.5,17960.9835,17960.9835
2024-08-15 03:10:00+00:00,17959.0055,17962.016499999998,17958.4445,17961.5
2024-08-15 03:15:00+00:00,17960.5055,17968.9945,17958.5055,17968.428
2024-08-15 03:20:00+00:00,17969.072,17969.5555,17964.0165,17964.0165
2024-08-15 03:25:00+00:00,17961.011,17961.011,17951.983500000002,17953.5
2024-08-15 03:30:00+00:00,17953.9945,17964.5,17953.9945,17960.489
2024-08-15 03:35:00+00:00,17959.489,17964.4945,17959.478,17964.4945
2024-08-15 03:40:00+00:00,17963.55,17963.55,17958.5055,17960.060999999998
2024-08-15 03:45:00+00:00,17960.433500000003,17960.433500000003,17956.428,17957.572
2024-08-15 03:50:00+00:00,17956.983500000002,17957.572,17955.5055,17955.5055
2024-08-15 03:55:00+00:00,17956.989,17956.989,17956.560999999998,17956.560999999998
2024-08-15 04:00:00+00:00,17959.511,17959.511,17957.516499999998,17957.516499999998
2024-08-15 04:05:00+00:00,17957.989,17960.072,17956.0,17956.0055
2024-08-15 04:10:00+00:00,17956.9945,17956.9945,17952.5055,17953.560999999998
2024-08-15 04:15:00+00:00,17954.5055,17955.4445,17954.0,17954.522
2024-08-15 04:20:00+00:00,17954.95,17960.0055,17954.95,17958.5
2024-08-15 04:25:00+00:00,17960.0,17960.9945,17958.0165,17960.566499999997
2024-08-15 04:30:00+00:00,17960.989,17967.011,17960.989,17967.011
2024-08-15 04:35:00+00:00,17971.5,17972.0555,17967.439000000002,17967.439000000002
2024-08-15 04:40:00+00:00,17967.05,17967.05,17966.5555,17966.5555
2024-08-15 04:45:00+00:00,17964.439000000002,17965.4445,17959.983500000002,17961.4445
2024-08-15 04:50:00+00:00,17960.45,17964.0055,17959.9945,17961.4945
2024-08-15 04:55:00+00:00,17965.483500000002,17965.95,17965.483500000002,17965.5
2024-08-15 05:00:00+00:00,17963.566499999997,17963.566499999997,17957.4835,17958.489
2024-08-15 05:05:00+00:00,17957.983500000002,17958.4445,17948.489,17950.933500000003
2024-08-15 05:10:00+00:00,17950.489,17951.0055,17942.5055,17943.9445
2024-08-15 05:15:00+00:00,17944.5055,17944.572,17942.5,17943.0055
2024-08-15 05:20:00+00:00,17942.478,17942.5,17935.489,17939.05
2024-08-15 05:25:00+00:00,17939.511,17944.0055,17939.4945,17943.55
2024-08-15 05:30:00+00:00,17943.016499999998,17957.566499999997,17942.983500000002,17952.983500000002
2024-08-15 05:35:00+00:00,17953.516499999998,17955.072,17945.989,17954.0055
2024-08-15 05:40:00+00:00,17953.4945,17953.4945,17943.5,17944.989
2024-08-15 05:45:00+00:00,17944.0,17944.0055,17937.0555,17941.5
2024-08-15 05:50:00+00:00,17941.011,17942.511,17931.072,17934.989
2024-08-15 05:55:00+00:00,17936.016499999998,17956.0055,17933.928,17952.560999999998
2024-08-15 06:00:00+00:00,17952.989,17969.0055,17941.5,17963.4945
2024-08-15 06:05:00+00:00,17965.0555,17972.0,17959.478,17966.4945
2024-08-15 06:10:00+00:00,17966.989,17976.0165,17963.433500000003,17970.516499999998
2024-08-15 06:15:00+00:00,17971.511,17974.0,17958.9445,17959.516499999998
2024-08-15 06:20:00+00:00,17958.978,17959.5,17932.989,17937.9945
2024-08-15 06:25:00+00:00,17938.5555,17944.5555,17934.5,17937.0
2024-08-15 06:30:00+00:00,17936.516499999998,17946.060999999998,17935.5,17945.433500000003
2024-08-15 06:35:00+00:00,17946.060999999998,17954.0,17942.95,17951.05
2024-08-15 06:40:00+00:00,17950.5,17954.55,17947.928,17953.489
2024-08-15 06:45:00+00:00,17953.989,17961.05,17950.5055,17957.978
2024-08-15 06:50:00+00:00,17958.4945,17969.0055,17957.0,17963.0
2024-08-15 06:55:00+00:00,17965.572,17973.4445,17963.0055,17973.4445
2024-08-15 07:00:00+00:00,17973.066499999997,17983.0,17944.933500000003,17951.022
2024-08-15 07:05:00+00:00,17950.478,17969.5,17950.478,17963.95
2024-08-15 07:10:00+00:00,17964.9945,17969.5055,17952.989,17967.4445
2024-08-15 07:15:00+00:00,17968.5,17976.0165,17961.9835,17969.978
2024-08-15 07:20:00+00:00,17969.572,17984.0,17961.0,17979.016499999998
2024-08-15 07:25:00+00:00,17978.511,18000.516499999998,17976.478,18000.0055
2024-08-15 07:30:00+00:00,17999.0555,18000.011,17983.4945,17988.0055
2024-08-15 07:35:00+00:00,17988.511,17998.0055,17984.9945,17992.072
2024-08-15 07:40:00+00:00,17992.483500000002,17995.516499999998,17984.428,17992.05
2024-08-15 07:45:00+00:00,17991.489,18011.572,17991.489,18003.5055
2024-08-15 07:50:00+00:00,18004.5055,18009.989,17997.4445,18001.011
2024-08-15 07:55:00+00:00,18000.522,18004.05,17987.9945,17988.5
2024-08-15 08:00:00+00:00,17988.9945,17994.072,17978.011,17980.511
2024-08-15 08:05:00+00:00,17981.011,17988.55,17975.9835,17975.9835
2024-08-15 08:10:00+00:00,17974.511,17977.560999999998,17966.5,17967.983500000002
2024-08-15 08:15:00+00:00,17968.511,17976.4945,17959.0055,17959.5055
2024-08-15 08:20:00+00:00,17960.016499999998,17962.0055,17946.928,17948.4945
2024-08-15 08:25:00+00:00,17947.989,17950.0055,17940.0,17943.0
2024-08-15 08:30:00+00:00,17941.939000000002,17949.0,17939.5,17939.989
2024-08-15 08:35:00+00:00,17939.4945,17943.016499999998,17937.0,17939.0055
2024-08-15 08:40:00+00:00,17937.9945,17951.95,17937.978,17951.433500000003
2024-08-15 08:45:00+00:00,17950.989,17955.0555,17947.9445,17952.989
2024-08-15 08:50:00+00:00,17951.4945,17959.0055,17950.5055,17956.0
2024-08-15 08:55:00+00:00,17956.5555,17959.0,17949.0,17953.0
2024-08-15 09:00:00+00:00,17952.5,17961.560999999998,17952.4945,17957.933500000003
2024-08-15 09:05:00+00:00,17957.0055,17957.5055,17950.478,17950.5
2024-08-15 09:10:00+00:00,17949.5055,17956.511,17948.511,17953.0
2024-08-15 09:15:00+00:00,17952.5555,17956.483500000002,17947.95,17952.072
2024-08-15 09:20:00+00:00,17952.572,17957.0,17950.9835,17953.4945
2024-08-15 09:25:00+00:00,17952.4945,17955.4945,17946.95,17950.5
2024-08-15 09:30:00+00:00,17951.433500000003,17954.928,17949.9445,17952.489
2024-08-15 09:35:00+00:00,17952.0,17953.489,17942.9445,17943.0
2024-08-15 09:40:00+00:00,17943.5,17950.9945,17943.5,17949.05
2024-08-15 09:45:00+00:00,17947.939000000002,17953.511,17947.928,17949.95
2024-08-15 09:50:00+00:00,17950.433500000003,17951.522,17942.0,17944.0
2024-08-15 09:55:00+00:00,17943.5,17952.989,17943.5,17952.989
2024-08-15 10:00:00+00:00,17952.566499999997,17955.483500000002,17948.5055,17951.5055
2024-08-15 10:05:00+00:00,17952.072,17952.072,17944.989,17948.0
2024-08-15 10:10:00+00:00,17947.511,17948.066499999997,17935.5055,17937.483500000002
2024-08-15 10:15:00+00:00,17937.011,17940.0555,17929.511,17929.983500000002
2024-08-15 10:20:00+00:00,17929.45,17929.45,17907.928,17911.511
2024-08-15 10:25:00+00:00,17910.511,17923.9945,17908.5,17921.011
2024-08-15 10:30:00+00:00,17920.4445,17930.483500000002,17917.9445,17926.011
2024-08-15 10:35:00+00:00,17925.011,17930.95,17923.9945,17929.0055
2024-08-15 10:40:00+00:00,17928.489,17930.0,17923.989,17925.0
2024-08-15 10:45:00+00:00,17921.5,17928.560999999998,17921.016499999998,17926.9445
2024-08-15 10:50:00+00:00,17924.5555,17934.072,17924.022,17932.428
2024-08-15 10:55:00+00:00,17932.060999999998,17935.55,17927.060999999998,17927.060999999998
2024-08-15 11:00:00+00:00,17927.9945,17937.5,17923.511,17934.060999999998
2024-08-15 11:05:00+00:00,17934.439000000002,17946.433500000003,17933.933500000003,17944.05
2024-08-15 11:10:00+00:00,17943.55,17952.4945,17943.0055,17950.5555
2024-08-15 11:15:00+00:00,17951.0055,17954.0,17948.428,17952.0165
2024-08-15 11:20:00+00:00,17953.5055,17955.4945,17947.933500000003,17950.5055
2024-08-15 11:25:00+00:00,17950.022,17951.4835,17947.5055,17947.9945
2024-08-15 11:30:00+00:00,17948.5055,17958.011,17947.439000000002,17956.0
2024-08-15 11:35:00+00:00,17956.489,17958.072,17949.9445,17952.9945
2024-08-15 11:40:00+00:00,17954.072,17956.066499999997,17951.0,17955.011
2024-08-15 11:45:00+00:00,17955.5555,17962.5555,17953.439000000002,17962.5555
2024-08-15 11:50:00+00:00,17961.9945,17972.511,17961.9945,17964.0
2024-08-15 11:55:00+00:00,17964.478,17968.4945,17959.0055,17959.4835
2024-08-15 12:00:00+00:00,17959.011,17962.011,17953.483500000002,17959.0055
2024-08-15 12:05:00+00:00,17957.5055,17959.9945,17951.4445,17955.011
2024-08-15 12:10:00+00:00,17954.478,17964.0,17952.428,17963.0
2024-08-15 12:15:00+00:00,17963.433500000003,17975.522,17962.489,17974.011
2024-08-15 12:20:00+00:00,17975.0055,17977.566499999997,17971.0,17971.978
2024-08-15 12:25:00+00:00,17971.511,17972.011,17960.0,17967.522
2024-08-15 12:30:00+00:00,17968.5,18043.5,17968.5,18028.0
2024-08-15 12:35:00+00:00,18028.522,18067.0055,18018.011,18066.022
2024-08-15 12:40:00+00:00,18066.511,18075.0,18059.9445,18074.978
2024-08-15 12:45:00+00:00,18075.989,18114.0,18071.939000000002,18113.0
2024-08-15 12:50:00+00:00,18113.95,18142.0,18111.939000000002,18135.0165
2024-08-15 12:55:00+00:00,18135.516499999998,18149.0055,18119.011,18121.9945
2024-08-15 13:00:00+00:00,18123.933500000003,18143.928,18116.933500000003,18142.016499999998
2024-08-15 13:05:00+00:00,18141.5,18145.0055,18126.5,18127.011
2024-08-15 13:10:00+00:00,18127.9945,18135.489,18120.978,18128.989
2024-08-15 13:15:00+00:00,18129.933500000003,18133.0055,18115.928,18133.0055
2024-08-15 13:20:00+00:00,18131.5,18141.0055,18128.511,18137.516499999998
2024-08-15 13:25:00+00:00,18138.572,18159.428,18131.483500000002,18158.011
2024-08-15 13:30:00+00:00,18157.5555,18177.5055,18155.4835,18173.933500000003
2024-08-15 13:35:00+00:00,18174.428,18183.516499999998,18166.5,18182.9945
2024-08-15 13:40:00+00:00,18184.072,18187.060999999998,18159.428,18181.483500000002
2024-08-15 13:45:00+00:00,18181.989,18192.989,18169.939000000002,18192.989
2024-08-15 13:50:00+00:00,18192.022,18196.511,18183.066499999997,18194.9835
2024-08-15 13:55:00+00:00,18195.428,18198.511,18185.5,18186.4945
2024-08-15 14:00:00+00:00,18186.0,18189.072,18152.022,18153.016499999998
2024-08-15 14:05:00+00:00,18152.016499999998,18157.5555,18142.989,18156.9945
2024-08-15 14:10:00+00:00,18156.011,18173.939000000002,18148.0,18173.5555
2024-08-15 14:15:00+00:00,18174.0165,18182.4945,18166.0,18178.0055
2024-08-15 14:20:00+00:00,18177.428,18182.983500000002,18160.9835,18162.933500000003
2024-08-15 14:25:00+00:00,18163.433500000003,18188.95,18160.9445,18182.5555
2024-08-15 14:30:00+00:00,18182.989,18189.989,18178.939000000002,18187.011
2024-08-15 14:35:00+00:00,18186.5,18191.0165,18181.95,18183.5
2024-08-15 14:40:00+00:00,18182.489,18191.9445,18179.489,18191.9445
2024-08-15 14:45:00+00:00,18191.5055,18201.011,18188.0,18190.5
2024-08-15 14:50:00+00:00,18189.9835,18192.0165,18173.9445,18178.4945
2024-08-15 14:55:00+00:00,18177.989,18179.9835,18166.511,18172.011
2024-08-15 15:00:00+00:00,18172.5,18181.0,18166.933500000003,18176.9945
2024-08-15 15:05:00+00:00,18177.5055,18187.522,18174.4945,18185.9945
2024-08-15 15:10:00+00:00,18185.511,18186.5,18176.928,18185.0
2024-08-15 15:15:00+00:00,18185.4945,18189.511,18179.4945,18187.072
2024-08-15 15:20:00+00:00,18185.9835,18187.022,18176.0055,18178.5555
2024-08-15 15:25:00+00:00,18179.5055,18185.0055,18177.478,18182.95
2024-08-15 15:30:00+00:00,18182.5,18194.016499999998,18173.9945,18184.011
2024-08-15 15:35:00+00:00,18184.511,18194.95,18182.0165,18190.511
2024-08-15 15:40:00+00:00,18191.0055,18203.0,18187.5,18201.95
2024-08-15 15:45:00+00:00,18202.928,18207.011,18198.0,18204.989
2024-08-15 15:50:00+00:00,18204.516499999998,18207.0,18195.439000000002,18200.9445
2024-08-15 15:55:00+00:00,18201.5055,18204.5,18194.5,18195.5
2024-08-15 16:00:00+00:00,18195.011,18197.5555,18190.5,18194.0055
2024-08-15 16:05:00+00:00,18193.5165,18199.560999999998,18192.5,18197.4835
2024-08-15 16:10:00+00:00,18196.9445,18201.516499999998,18194.478,18198.4945
2024-08-15 16:15:00+00:00,18198.016499999998,18206.572,18197.439000000002,18202.5165
2024-08-15 16:20:00+00:00,18202.0165,18209.05,18202.0,18206.9835
2024-08-15 16:25:00+00:00,18207.55,18210.560999999998,18202.011,18203.9945
2024-08-15 16:30:00+00:00,18204.4945,18205.55,18199.0055,18205.0165
2024-08-15 16:35:00+00:00,18204.5,18204.511,18197.9835,18197.989
2024-08-15 16:40:00+00:00,18197.5,18201.066499999997,18188.4945,18191.011
2024-08-15 16:45:00+00:00,18191.5165,18194.522,18182.5,18187.011
2024-08-15 16:50:00+00:00,18187.5055,18192.0055,18185.989,18188.016499999998
2024-08-15 16:55:00+00:00,18187.439000000002,18193.433500000003,18185.983500000002,18192.45
2024-08-15 17:00:00+00:00,18191.989,18192.5,18187.95,18189.433500000003
2024-08-15 17:05:00+00:00,18188.95,18192.0555,18184.933500000003,18187.5
2024-08-15 17:10:00+00:00,18188.0,18192.522,18183.928,18190.45
2024-08-15 17:15:00+00:00,18190.0,18195.5,18189.5,18192.9945
2024-08-15 17:20:00+00:00,18193.5,18197.989,18191.4445,18195.439000000002
2024-08-15 17:25:00+00:00,18196.4445,18203.560999999998,18195.483500000002,18197.4945
2024-08-15 17:30:00+00:00,18198.5,18203.522,18197.489,18202.9945
2024-08-15 17:35:00+00:00,18202.516499999998,18205.0165,18200.983500000002,18203.55
2024-08-15 17:40:00+00:00,18203.011,18206.011,18200.4945,18202.9835
2024-08-15 17:45:00+00:00,18202.55,18207.522,18202.55,18206.0555
2024-08-15 17:50:00+00:00,18206.5055,18209.016499999998,18203.5,18205.4945
2024-08-15 17:55:00+00:00,18204.939000000002,18207.5555,18201.560999999998,18205.0
2024-08-15 18:00:00+00:00,18205.5,18207.560999999998,18202.489,18205.0
2024-08-15 18:05:00+00:00,18204.489,18205.072,18200.0055,18200.0055
2024-08-15 18:10:00+00:00,18200.4835,18200.4835,18189.9835,18189.9835
2024-08-15 18:15:00+00:00,18189.489,18195.0555,18188.433500000003,18194.0
2024-08-15 18:20:00+00:00,18194.522,18196.016499999998,18190.5055,18191.572
2024-08-15 18:25:00+00:00,18191.0,18195.55,18190.4445,18192.5055
2024-08-15 18:30:00+00:00,18192.95,18195.5,18188.439000000002,18189.522
2024-08-15 18:35:00+00:00,18188.983500000002,18194.0055,18188.983500000002,18191.572
2024-08-15 18:40:00+00:00,18191.011,18195.0555,18188.5,18194.95
2024-08-15 18:45:00+00:00,18194.489,18196.511,18192.928,18194.483500000002
2024-08-15 18:50:00+00:00,18194.0,18194.560999999998,18188.511,18192.983500000002
2024-08-15 18:55:00+00:00,18193.45,18193.572,18190.989,18192.511
2024-08-15 19:00:00+00:00,18192.011,18192.4945,18185.478,18190.0055
2024-08-15 19:05:00+00:00,18190.516499999998,18194.933500000003,18188.4445,18194.0055
2024-08-15 19:10:00+00:00,18193.5,18194.5055,18187.5,18190.9945
2024-08-15 19:15:00+00:00,18190.5055,18195.5,18189.489,18194.511
2024-08-15 19:20:00+00:00,18195.5055,18199.5055,18192.428,18199.5055
2024-08-15 19:25:00+00:00,18200.5055,18205.560999999998,18199.489,18204.433500000003
2024-08-15 19:30:00+00:00,18203.5555,18209.55,18201.439000000002,18206.5
2024-08-15 19:35:00+00:00,18207.011,18209.45,18202.011,18208.9945
2024-08-15 19:40:00+00:00,18209.572,18210.566499999997,18204.0055,18205.489
2024-08-15 19:45:00+00:00,18205.0,18205.55,18194.5,18198.560999999998
2024-08-15 19:50:00+00:00,18197.9945,18199.478,18191.5055,18197.9445
2024-08-15 19:55:00+00:00,18198.439000000002,18208.55,18193.5,18206.9945
2024-08-15 20:00:00+00:00,18206.560999999998,18213.9165,18195.789,18196.7055
2024-08-15 20:05:00+00:00,18197.489,18205.7055,18195.011,18204.883500000004
2024-08-15 20:10:00+00:00,18205.716500000002,18206.489,18188.339,18189.3
2024-08-15 22:05:00+00:00,18204.3835,18209.3055,18200.1,18200.9055
2024-08-15 22:10:00+00:00,18201.7,18211.2,18201.3055,18208.716500000002
2024-08-15 22:15:00+00:00,18209.039,18210.6945,18207.483500000002,18209.105499999998
2024-08-15 22:20:00+00:00,18209.9,18214.8,18209.9,18213.928
2024-08-15 22:25:00+00:00,18213.5335,18219.85,18212.3835,18218.8835
2024-08-15 22:30:00+00:00,18218.0445,18219.511,18215.628,18218.3
2024-08-15 22:35:00+00:00,18217.8055,18231.8,18217.789,18227.1665
2024-08-15 22:40:00+00:00,18226.539,18227.9665,18222.95,18223.078
2024-08-15 22:45:00+00:00,18222.7055,18226.4,18222.7055,18224.3335
2024-08-15 22:50:00+00:00,18224.85,18228.8335,18223.0445,18223.0445
2024-08-15 22:55:00+00:00,18224.4,18228.105499999998,18224.4,18227.139000000003
2024-08-15 23:00:00+00:00,18227.616499999996,18233.3055,18227.616499999996,18232.5055
2024-08-15 23:05:00+00:00,18232.839,18232.839,18229.15,18230.9
2024-08-15 23:10:00+00:00,18231.683500000003,18240.716500000002,18230.4945,18238.239
2024-08-15 23:15:00+00:00,18238.7055,18242.9665,18237.4055,18240.4
2024-08-15 23:20:00+00:00,18239.9445,18248.6555,18239.55,18247.0055
2024-08-15 23:25:00+00:00,18246.610999999997,18247.05,18242.0835,18246.133500000004
2024-08-15 23:30:00+00:00,18245.389000000003,18246.1945,18240.394500000002,18241.372
2024-08-15 23:35:00+00:00,18240.8,18242.922,18238.411,18238.411
2024-08-15 23:40:00+00:00,18238.789,18238.789,18228.1165,18235.489
2024-08-15 23:45:00+00:00,18234.7165,18235.110999999997,18231.378,18232.2
2024-08-15 23:50:00+00:00,18231.816499999997,18233.172,18229.872,18230.5835
2024-08-15 23:55:00+00:00,18231.422,18234.7555,18230.55,18234.7
2024-08-16 00:00:00+00:00,18235.5165,18235.5165,18222.35,18224.7835
2024-08-16 00:05:00+00:00,18225.65,18225.678,18219.078,18223.133500000004
2024-08-16 00:10:00+00:00,18224.072,18225.772,18217.4,18221.216500000002
2024-08-16 00:15:00+00:00,18214.55,18221.9945,18207.522,18209.0055
2024-08-16 00:20:00+00:00,18209.0055,18214.011,18204.9945,18206.0055
2024-08-16 00:25:00+00:00,18206.489,18218.516499999998,18206.489,18216.4945
2024-08-16 00:30:00+00:00,18216.011,18219.066499999997,18206.989,18207.989
2024-08-16 00:35:00+00:00,18207.5555,18210.011,18196.5,18202.928
2024-08-16 00:40:00+00:00,18203.5055,18203.9945,18195.4445,18196.489
2024-08-16 00:45:00+00:00,18197.0055,18206.0055,18196.478,18202.011
2024-08-16 00:50:00+00:00,18201.55,18208.016499999998,18201.55,18208.016499999998
2024-08-16 00:55:00+00:00,18207.5,18217.072,18206.928,18216.55
2024-08-16 01:00:00+00:00,18215.933500000003,18220.983500000002,18214.516499999998,18218.566499999997
2024-08-16 01:05:00+00:00,18219.0,18220.0055,18208.433500000003,18208.566499999997
2024-08-16 01:10:00+00:00,18209.0055,18216.0,18200.978,18208.45
2024-08-16 01:15:00+00:00,18209.05,18215.4945,18208.433500000003,18214.939000000002
2024-08-16 01:20:00+00:00,18214.5,18218.066499999997,18214.5,18217.0
2024-08-16 01:25:00+00:00,18218.0055,18223.560999999998,18216.5055,18223.5
2024-08-16 01:30:00+00:00,18223.95,18226.478,18219.989,18223.428
2024-08-16 01:35:00+00:00,18221.4445,18222.511,18220.516499999998,18222.489
2024-08-16 01:40:00+00:00,18222.066499999997,18230.511,18222.066499999997,18230.511
2024-08-16 01:45:00+00:00,18229.989,18229.989,18221.4835,18221.511
2024-08-16 01:50:00+00:00,18220.5,18226.489,18215.9835,18223.989
2024-08-16 01:55:00+00:00,18226.0,18228.016499999998,18225.4945,18225.5055
2024-08-16 02:00:00+00:00,18226.978,18237.4945,18226.933500000003,18230.0165
2024-08-16 02:05:00+00:00,18229.489,18232.5055,18228.439000000002,18230.5055
2024-08-16 02:10:00+00:00,18226.483500000002,18229.05,18226.483500000002,18229.05
2024-08-16 02:15:00+00:00,18230.0055,18238.011,18230.0055,18236.022
2024-08-16 02:20:00+00:00,18235.5,18235.5,18224.4945,18232.0
2024-08-16 02:25:00+00:00,18233.933500000003,18236.0055,18227.5,18227.5
2024-08-16 02:30:00+00:00,18227.933500000003,18231.0,18223.560999999998,18223.983500000002
2024-08-16 02:35:00+00:00,18224.45,18224.45,18223.4835,18224.0055
2024-08-16 02:40:00+00:00,18223.4945,18226.011,18222.0,18222.0
2024-08-16 02:45:00+00:00,18221.55,18224.0055,18221.428,18222.9945
2024-08-16 02:50:00+00:00,18223.5,18224.928,18217.9945,18218.9945
2024-08-16 02:55:00+00:00,18219.5055,18220.0555,18216.939000000002,18216.939000000002
2024-08-16 03:00:00+00:00,18219.5,18219.5,18212.9945,18213.989
2024-08-16 03:05:00+00:00,18214.428,18216.0,18212.489,18212.489
2024-08-16 03:10:00+00:00,18212.9835,18214.0,18212.439000000002,18212.928
2024-08-16 03:15:00+00:00,18214.0055,18216.5055,18212.489,18212.489
2024-08-16 03:20:00+00:00,18213.439000000002,18213.5165,18209.5,18209.511
2024-08-16 03:25:00+00:00,18210.066499999997,18215.516499999998,18209.5555,18214.566499999997
2024-08-16 03:30:00+00:00,18215.060999999998,18221.0,18214.066499999997,18220.511
2024-08-16 03:35:00+00:00,18219.5165,18219.5165,18217.0,18218.511
2024-08-16 03:40:00+00:00,18219.433500000003,18220.022,18212.989,18214.428
2024-08-16 03:45:00+00:00,18215.011,18218.933500000003,18215.0055,18215.0055
2024-08-16 03:50:00+00:00,18215.483500000002,18218.4945,18215.483500000002,18218.4945
2024-08-16 03:55:00+00:00,18218.0,18218.0055,18215.483500000002,18216.933500000003
2024-08-16 04:00:00+00:00,18214.5055,18214.5055,18210.9835,18213.489
2024-08-16 04:05:00+00:00,18213.9945,18214.5055,18212.05,18214.05
2024-08-16 04:10:00+00:00,18213.5055,18213.939000000002,18201.0,18201.0
2024-08-16 04:15:00+00:00,18203.5,18203.5,18200.0,18203.05
2024-08-16 04:20:00+00:00,18203.4945,18204.060999999998,18201.4445,18201.4445
2024-08-16 04:25:00+00:00,18200.060999999998,18200.978,18198.522,18200.55
2024-08-16 04:30:00+00:00,18200.0055,18202.5,18199.0055,18202.5
2024-08-16 04:35:00+00:00,18202.011,18202.011,18194.989,18196.978
2024-08-16 04:40:00+00:00,18196.0055,18203.5055,18196.0055,18203.5055
2024-08-16 04:45:00+00:00,18202.0,18205.0055,18201.022,18202.0055
2024-08-16 04:50:00+00:00,18203.05,18203.05,18202.511,18202.511
2024-08-16 04:55:00+00:00,18201.989,18201.989,18201.989,18201.989
2024-08-16 05:00:00+00:00,18203.5,18210.483500000002,18203.0,18208.9445
2024-08-16 05:05:00+00:00,18206.0,18214.05,18206.0,18214.011
2024-08-16 05:10:00+00:00,18213.522,18213.522,18206.9445,18207.9945
2024-08-16 05:15:00+00:00,18208.489,18219.011,18207.989,18216.572
2024-08-16 05:20:00+00:00,18216.928,18219.989,18213.060999999998,18213.060999999998
2024-08-16 05:25:00+00:00,18213.4945,18221.489,18213.011,18220.0
2024-08-16 05:30:00+00:00,18220.5055,18223.439000000002,18219.489,18221.572
2024-08-16 05:35:00+00:00,18222.0,18225.511,18222.0,18223.0055
2024-08-16 05:40:00+00:00,18224.0055,18233.516499999998,18224.0055,18228.5
2024-08-16 05:45:00+00:00,18230.016499999998,18237.9835,18226.0055,18237.0
2024-08-16 05:50:00+00:00,18236.5,18238.9945,18231.05,18234.9945
2024-08-16 05:55:00+00:00,18236.0,18236.4945,18232.011,18235.0555
2024-08-16 06:00:00+00:00,18234.572,18260.0055,18228.9445,18258.0055
2024-08-16 06:05:00+00:00,18257.5055,18258.489,18240.0055,18244.5055
2024-08-16 06:10:00+00:00,18244.0055,18248.5055,18241.9945,18242.5
2024-08-16 06:15:00+00:00,18241.9945,18244.0055,18230.489,18235.5165
2024-08-16 06:20:00+00:00,18235.0055,18238.572,18229.928,18238.5555
2024-08-16 06:25:00+00:00,18239.5,18248.4445,18238.5,18248.4445
2024-08-16 06:30:00+00:00,18249.5,18259.5055,18247.5,18249.5055
2024-08-16 06:35:00+00:00,18250.0,18257.016499999998,18246.428,18257.0055
2024-08-16 06:40:00+00:00,18257.428,18263.0055,18249.9445,18249.9445
2024-08-16 06:45:00+00:00,18250.560999999998,18255.489,18246.433500000003,18253.433500000003
2024-08-16 06:50:00+00:00,18253.9945,18257.4945,18242.428,18242.9945
2024-08-16 06:55:00+00:00,18243.522,18244.989,18227.9945,18228.489
2024-08-16 07:00:00+00:00,18226.9945,18247.5,18223.489,18242.522
2024-08-16 07:05:00+00:00,18244.45,18253.55,18235.45,18248.483500000002
2024-08-16 07:10:00+00:00,18247.5,18254.4945,18240.072,18250.4835
2024-08-16 07:15:00+00:00,18249.478,18249.478,18228.433500000003,18229.5165
2024-08-16 07:20:00+00:00,18230.0,18232.560999999998,18222.489,18230.572
2024-08-16 07:25:00+00:00,18231.5,18239.572,18224.511,18231.478
2024-08-16 07:30:00+00:00,18230.511,18235.566499999997,18227.433500000003,18227.511
2024-08-16 07:35:00+00:00,18228.072,18236.572,18221.983500000002,18235.511
2024-08-16 07:40:00+00:00,18235.978,18249.4445,18234.572,18249.4445
2024-08-16 07:45:00+00:00,18248.5,18248.5,18230.4445,18240.5055
2024-08-16 07:50:00+00:00,18239.5055,18247.05,18236.933500000003,18240.4835
2024-08-16 07:55:00+00:00,18239.5,18260.478,18236.522,18260.478
2024-08-16 08:00:00+00:00,18261.511,18265.5165,18246.478,18264.989
2024-08-16 08:05:00+00:00,18264.45,18286.560999999998,18261.5,18284.5555
2024-08-16 08:10:00+00:00,18285.55,18294.566499999997,18275.989,18290.4835
2024-08-16 08:15:00+00:00,18289.4835,18294.0055,18282.5,18286.45
2024-08-16 08:20:00+00:00,18288.011,18291.5,18268.4945,18277.5
2024-08-16 08:25:00+00:00,18279.0055,18279.9945,18262.9945,18265.45
2024-08-16 08:30:00+00:00,18266.4945,18276.9945,18261.989,18271.4945
2024-08-16 08:35:00+00:00,18270.511,18280.511,18266.5055,18274.5555
2024-08-16 08:40:00+00:00,18275.5165,18287.511,18274.5,18287.511
2024-08-16 08:45:00+00:00,18287.0,18295.572,18284.0055,18290.511
2024-08-16 08:50:00+00:00,18291.478,18297.011,18288.516499999998,18295.0055
2024-08-16 08:55:00+00:00,18295.4945,18295.4945,18285.4835,18287.489
2024-08-16 09:00:00+00:00,18287.9945,18309.066499999997,18283.4945,18308.0165
2024-08-16 09:05:00+00:00,18308.4945,18311.5055,18305.072,18308.428
2024-08-16 09:10:00+00:00,18309.060999999998,18310.566499999997,18303.0555,18305.516499999998
2024-08-16 09:15:00+00:00,18306.072,18312.9945,18300.933500000003,18312.9945
2024-08-16 09:20:00+00:00,18313.433500000003,18331.0055,18312.4835,18328.516499999998
2024-08-16 09:25:00+00:00,18327.511,18335.5165,18324.478,18328.4945
2024-08-16 09:30:00+00:00,18329.5,18340.5,18324.939000000002,18340.5
2024-08-16 09:35:00+00:00,18341.0165,18344.5,18339.928,18341.4945
2024-08-16 09:40:00+00:00,18343.5,18344.5,18326.978,18328.5
2024-08-16 09:45:00+00:00,18327.939000000002,18332.011,18319.933500000003,18328.55
2024-08-16 09:50:00+00:00,18327.4445,18339.439000000002,18317.983500000002,18330.989
2024-08-16 09:55:00+00:00,18330.5055,18343.0,18330.4835,18335.511
2024-08-16 10:00:00+00:00,18334.939000000002,18334.9945,18313.45,18319.0165
2024-08-16 10:05:00+00:00,18320.489,18321.489,18309.5,18310.439000000002
2024-08-16 10:10:00+00:00,18311.4945,18314.05,18297.5,18310.072
2024-08-16 10:15:00+00:00,18309.5,18310.060999999998,18300.4945,18303.4945
2024-08-16 10:20:00+00:00,18304.072,18309.522,18301.489,18301.489
2024-08-16 10:25:00+00:00,18300.978,18300.978,18291.0165,18297.572
2024-08-16 10:30:00+00:00,18296.016499999998,18298.572,18285.060999999998,18286.016499999998
2024-08-16 10:35:00+00:00,18286.45,18294.5,18282.439000000002,18292.516499999998
2024-08-16 10:40:00+00:00,18291.928,18297.022,18287.439000000002,18295.4945
2024-08-16 10:45:00+00:00,18295.011,18300.0055,18285.5,18296.9945
2024-08-16 10:50:00+00:00,18297.9945,18301.428,18293.560999999998,18299.55
2024-08-16 10:55:00+00:00,18300.066499999997,18305.5165,18296.428,18303.5055
2024-08-16 11:00:00+00:00,18302.989,18311.5555,18295.9945,18300.0055
2024-08-16 11:05:00+00:00,18298.9945,18305.489,18284.066499999997,18287.572
2024-08-16 11:10:00+00:00,18288.0,18296.0055,18281.511,18282.5
2024-08-16 11:15:00+00:00,18283.478,18286.9945,18271.489,18277.566499999997
2024-08-16 11:20:00+00:00,18278.45,18284.572,18276.439000000002,18283.522
2024-08-16 11:25:00+00:00,18284.5055,18289.560999999998,18276.5555,18279.5
2024-08-16 11:30:00+00:00,18278.439000000002,18283.0,18276.933500000003,18280.5055
2024-08-16 11:35:00+00:00,18281.0,18294.572,18281.0,18290.55
2024-08-16 11:40:00+00:00,18290.0,18290.0,18277.489,18282.511
2024-08-16 11:45:00+00:00,18280.5165,18284.011,18275.489,18279.560999999998
2024-08-16 11:50:00+00:00,18279.9945,18280.011,18271.5,18274.5
2024-08-16 11:55:00+00:00,18273.45,18280.560999999998,18272.428,18276.9945
2024-08-16 12:00:00+00:00,18277.5,18280.560999999998,18274.5,18276.522
2024-08-16 12:05:00+00:00,18276.066499999997,18280.9945,18269.5,18280.9945
2024-08-16 12:10:00+00:00,18281.511,18287.0055,18277.4445,18285.4945
2024-08-16 12:15:00+00:00,18284.9445,18284.9445,18265.5555,18266.989
2024-08-16 12:20:00+00:00,18267.428,18278.5165,18264.0,18276.5055
2024-08-16 12:25:00+00:00,18275.9445,18276.511,18263.933500000003,18268.066499999997
2024-08-16 12:30:00+00:00,18267.572,18267.572,18238.483500000002,18240.9445
2024-08-16 12:35:00+00:00,18240.4945,18251.072,18237.9445,18238.478
2024-08-16 12:40:00+00:00,18238.9945,18260.572,18238.9945,18259.572
2024-08-16 12:45:00+00:00,18259.0555,18265.0165,18251.5,18259.016499999998
2024-08-16 12:50:00+00:00,18257.4945,18259.572,18251.4945,18257.5055
2024-08-16 12:55:00+00:00,18259.0165,18266.0,18254.433500000003,18261.933500000003
2024-08-16 13:00:00+00:00,18260.511,18273.5,18255.433500000003,18270.9945
2024-08-16 13:05:00+00:00,18271.511,18280.05,18269.4945,18270.439000000002
2024-08-16 13:10:00+00:00,18270.95,18275.95,18267.0,18275.5
2024-08-16 13:15:00+00:00,18275.989,18283.0055,18268.066499999997,18281.983500000002
2024-08-16 13:20:00+00:00,18282.489,18287.0,18278.9835,18279.4445
2024-08-16 13:25:00+00:00,18277.05,18281.0165,18272.933500000003,18276.5
2024-08-16 13:30:00+00:00,18277.572,18284.989,18261.4945,18264.511
2024-08-16 13:35:00+00:00,18265.5,18289.0165,18262.489,18285.439000000002
2024-08-16 13:40:00+00:00,18283.983500000002,18292.989,18277.5055,18281.478
2024-08-16 13:45:00+00:00,18282.489,18301.066499999997,18281.572,18297.5055
2024-08-16 13:50:00+00:00,18298.522,18301.439000000002,18290.55,18297.511
2024-08-16 13:55:00+00:00,18297.011,18297.9445,18284.5055,18294.560999999998
2024-08-16 14:00:00+00:00,18293.95,18310.4945,18290.439000000002,18295.5055
2024-08-16 14:05:00+00:00,18294.511,18310.011,18290.5055,18310.011
2024-08-16 14:10:00+00:00,18310.572,18319.0,18305.4945,18314.5
2024-08-16 14:15:00+00:00,18314.9445,18330.522,18314.9445,18321.060999999998
2024-08-16 14:20:00+00:00,18321.95,18324.9945,18306.433500000003,18306.5555
2024-08-16 14:25:00+00:00,18307.0,18316.0,18305.4445,18312.511
2024-08-16 14:30:00+00:00,18313.933500000003,18320.478,18302.95,18311.4945
2024-08-16 14:35:00+00:00,18311.9945,18323.5055,18310.0,18312.5055
2024-08-16 14:40:00+00:00,18311.489,18315.433500000003,18302.516499999998,18304.989
2024-08-16 14:45:00+00:00,18305.489,18311.0,18296.983500000002,18299.5055
2024-08-16 14:50:00+00:00,18300.560999999998,18320.011,18300.489,18312.45
2024-08-16 14:55:00+00:00,18311.978,18319.45,18308.0,18310.572
2024-08-16 15:00:00+00:00,18309.560999999998,18322.572,18309.4445,18316.55
2024-08-16 15:05:00+00:00,18316.066499999997,18326.9945,18312.9945,18321.428
2024-08-16 15:10:00+00:00,18322.072,18329.566499999997,18315.9945,18327.4835
2024-08-16 15:15:00+00:00,18328.566499999997,18330.4945,18320.928,18329.0055
2024-08-16 15:20:00+00:00,18328.4445,18330.0055,18321.516499999998,18323.5055
2024-08-16 15:25:00+00:00,18323.9945,18334.0555,18322.072,18331.4835
2024-08-16 15:30:00+00:00,18330.572,18337.0055,18325.483500000002,18330.428
2024-08-16 15:35:00+00:00,18330.0555,18331.5,18324.939000000002,18329.0
2024-08-16 15:40:00+00:00,18328.4945,18331.5,18325.4945,18326.5055
2024-08-16 15:45:00+00:00,18327.0,18333.5055,18323.978,18325.066499999997
2024-08-16 15:50:00+00:00,18324.5,18327.0,18320.928,18325.05
2024-08-16 15:55:00+00:00,18324.0,18330.978,18322.978,18323.45
2024-08-16 16:00:00+00:00,18323.0,18327.022,18319.989,18321.5
2024-08-16 16:05:00+00:00,18320.9445,18326.072,18317.5,18322.9945
2024-08-16 16:10:00+00:00,18323.989,18329.066499999997,18323.483500000002,18328.5055
2024-08-16 16:15:00+00:00,18329.011,18331.0,18326.939000000002,18328.0
2024-08-16 16:20:00+00:00,18328.5055,18331.022,18326.933500000003,18329.939000000002
2024-08-16 16:25:00+00:00,18330.4945,18330.522,18325.0,18329.511
2024-08-16 16:30:00+00:00,18329.0,18333.511,18326.4945,18331.560999999998
2024-08-16 16:35:00+00:00,18331.011,18334.978,18329.9445,18334.072
2024-08-16 16:40:00+00:00,18334.5,18335.0,18330.4835,18334.066499999997
2024-08-16 16:45:00+00:00,18334.5555,18339.983500000002,18330.433500000003,18339.5
2024-08-16 16:50:00+00:00,18339.9945,18346.939000000002,18338.0,18346.0055
2024-08-16 16:55:00+00:00,18345.489,18355.5055,18344.5,18350.428
2024-08-16 17:00:00+00:00,18351.0555,18352.478,18340.483500000002,18343.989
2024-08-16 17:05:00+00:00,18343.5,18347.072,18335.478,18339.9835
2024-08-16 17:10:00+00:00,18340.522,18344.55,18339.9835,18342.0055
2024-08-16 17:15:00+00:00,18342.4445,18348.511,18338.0165,18346.9945
2024-08-16 17:20:00+00:00,18346.433500000003,18346.983500000002,18342.428,18346.983500000002
2024-08-16 17:25:00+00:00,18347.4835,18347.989,18337.4835,18341.428
2024-08-16 17:30:00+00:00,18341.989,18343.066499999997,18338.933500000003,18340.5055
2024-08-16 17:35:00+00:00,18341.0,18343.516499999998,18339.0055,18341.933500000003
2024-08-16 17:40:00+00:00,18341.560999999998,18348.0,18339.95,18348.0
2024-08-16 17:45:00+00:00,18347.5,18347.5,18337.566499999997,18340.983500000002
2024-08-16 17:50:00+00:00,18340.5,18341.0055,18329.4835,18333.066499999997
2024-08-16 17:55:00+00:00,18333.5,18344.5,18333.489,18344.4835
2024-08-16 18:00:00+00:00,18344.9835,18344.9835,18334.489,18334.4945
2024-08-16 18:05:00+00:00,18335.0,18336.066499999997,18329.572,18331.05
2024-08-16 18:10:00+00:00,18330.511,18333.066499999997,18327.5,18329.5055
2024-08-16 18:15:00+00:00,18328.9945,18337.011,18328.5,18336.560999999998
2024-08-16 18:20:00+00:00,18336.0,18336.522,18330.4945,18330.933500000003
2024-08-16 18:25:00+00:00,18331.5055,18338.022,18330.9945,18337.0
2024-08-16 18:30:00+00:00,18337.572,18339.05,18334.5555,18338.05
2024-08-16 18:35:00+00:00,18338.5055,18339.989,18336.0055,18337.0
2024-08-16 18:40:00+00:00,18336.516499999998,18340.0,18331.05,18331.05
2024-08-16 18:45:00+00:00,18330.011,18335.0,18328.5,18333.433500000003
2024-08-16 18:50:00+00:00,18334.0165,18340.5165,18331.95,18339.5165
2024-08-16 18:55:00+00:00,18339.989,18342.0555,18337.5,18340.0055
2024-08-16 19:00:00+00:00,18339.060999999998,18344.072,18338.9945,18342.0055
2024-08-16 19:05:00+00:00,18342.4945,18344.983500000002,18339.478,18340.433500000003
2024-08-16 19:10:00+00:00,18339.983500000002,18342.489,18336.428,18339.5555
2024-08-16 19:15:00+00:00,18339.0,18341.439000000002,18335.9945,18339.939000000002
2024-08-16 19:20:00+00:00,18339.478,18339.489,18333.0055,18333.989
2024-08-16 19:25:00+00:00,18333.489,18337.4445,18331.0055,18332.4945
2024-08-16 19:30:00+00:00,18333.0,18341.0055,18331.55,18340.0
2024-08-16 19:35:00+00:00,18339.428,18345.072,18339.0,18339.478
2024-08-16 19:40:00+00:00,18340.016499999998,18341.5165,18326.928,18326.9945
2024-08-16 19:45:00+00:00,18327.5,18329.9945,18305.439000000002,18305.439000000002
2024-08-16 19:50:00+00:00,18305.0165,18316.511,18299.5,18316.5055
2024-08-16 19:55:00+00:00,18314.55,18325.011,18312.928,18323.5
2024-08-19 00:00:00+00:00,18346.9,18352.716500000002,18337.389000000003,18342.011
2024-08-19 00:05:00+00:00,18341.116499999996,18345.4,18336.95,18342.105499999998
2024-08-19 00:10:00+00:00,18342.989,18345.4165,18342.089,18344.5945
2024-08-19 00:15:00+00:00,18346.560999999998,18353.072,18336.5,18347.05
2024-08-19 00:20:00+00:00,18346.989,18348.011,18334.9945,18340.5055
2024-08-19 00:25:00+00:00,18340.0,18349.0055,18340.0,18345.5165
2024-08-19 00:30:00+00:00,18346.05,18348.011,18340.5,18342.9945
2024-08-19 00:35:00+00:00,18343.489,18351.5165,18343.489,18349.5165
2024-08-19 00:40:00+00:00,18349.0,18353.011,18348.928,18351.5055
2024-08-19 00:45:00+00:00,18352.0,18353.566499999997,18345.989,18350.45
2024-08-19 00:50:00+00:00,18347.511,18352.572,18339.489,18341.9445
2024-08-19 00:55:00+00:00,18344.0,18349.989,18340.9945,18341.511
2024-08-19 01:00:00+00:00,18342.011,18342.011,18332.0,18332.0
2024-08-19 01:05:00+00:00,18332.989,18335.4945,18325.0055,18333.428
2024-08-19 01:10:00+00:00,18336.483500000002,18341.989,18323.0055,18337.560999999998
2024-08-19 01:15:00+00:00,18335.45,18336.5,18327.5,18330.5
2024-08-19 01:20:00+00:00,18329.9945,18334.4445,18328.978,18332.55
2024-08-19 01:25:00+00:00,18331.45,18331.45,18318.0,18321.489
2024-08-19 01:30:00+00:00,18323.0055,18329.511,18321.4835,18327.0055
2024-08-19 01:35:00+00:00,18326.0,18328.511,18323.928,18325.060999999998
2024-08-19 01:40:00+00:00,18325.4445,18332.5,18323.9945,18330.5
2024-08-19 01:45:00+00:00,18330.9945,18336.989,18327.983500000002,18332.511
2024-08-19 01:50:00+00:00,18332.989,18334.0,18330.4945,18330.4945
2024-08-19 01:55:00+00:00,18329.0,18332.0055,18324.05,18330.9445
2024-08-19 02:00:00+00:00,18330.489,18337.5,18324.511,18326.9945
2024-08-19 02:05:00+00:00,18327.511,18329.011,18323.0,18323.0
2024-08-19 02:10:00+00:00,18322.5055,18330.566499999997,18321.9945,18329.560999999998
2024-08-19 02:15:00+00:00,18329.9945,18333.9945,18329.9945,18332.928
2024-08-19 02:20:00+00:00,18331.511,18331.928,18327.5,18331.022
2024-08-19 02:25:00+00:00,18331.5,18332.060999999998,18323.933500000003,18324.011
2024-08-19 02:30:00+00:00,18323.4835,18323.4835,18315.5165,18316.0555
2024-08-19 02:35:00+00:00,18315.522,18325.072,18314.928,18322.0
2024-08-19 02:40:00+00:00,18320.9945,18326.066499999997,18312.978,18314.0
2024-08-19 02:45:00+00:00,18314.483500000002,18318.5,18312.439000000002,18317.4945
2024-08-19 02:50:00+00:00,18316.95,18324.011,18315.989,18323.5
2024-08-19 02:55:00+00:00,18321.928,18325.0055,18311.489,18313.983500000002
2024-08-19 03:00:00+00:00,18314.489,18323.066499999997,18314.489,18323.060999999998
2024-08-19 03:05:00+00:00,18321.511,18325.066499999997,18321.5,18323.0
2024-08-19 03:10:00+00:00,18323.5555,18329.5,18323.5555,18326.983500000002
2024-08-19 03:15:00+00:00,18325.489,18327.428,18323.4945,18324.5055
2024-08-19 03:20:00+00:00,18324.939000000002,18326.5,18324.939000000002,18325.489
2024-08-19 03:25:00+00:00,18328.0,18332.016499999998,18328.0,18332.016499999998
2024-08-19 03:30:00+00:00,18331.0,18332.511,18331.0,18332.511
2024-08-19 03:35:00+00:00,18333.439000000002,18334.45,18322.95,18323.5165
2024-08-19 03:40:00+00:00,18324.5165,18325.0,18315.011,18320.511
2024-08-19 03:45:00+00:00,18321.060999999998,18328.5,18317.9945,18318.489
2024-08-19 03:50:00+00:00,18319.4945,18325.0,18318.983500000002,18323.0055
2024-08-19 03:55:00+00:00,18323.5,18325.011,18322.5,18324.4835
2024-08-19 04:00:00+00:00,18324.983500000002,18324.983500000002,18317.9945,18320.9835
2024-08-19 04:05:00+00:00,18319.489,18321.0,18319.489,18320.0
2024-08-19 04:10:00+00:00,18320.5,18321.5555,18319.928,18319.928
2024-08-19 04:15:00+00:00,18320.45,18322.022,18319.5,18319.5
2024-08-19 04:20:00+00:00,18318.4945,18320.55,18318.4945,18319.5
2024-08-19 04:25:00+00:00,18318.5,18319.0055,18318.45,18318.4945
2024-08-19 04:30:00+00:00,18318.011,18320.0,18314.0055,18314.0055
2024-08-19 04:35:00+00:00,18314.5165,18314.983500000002,18301.989,18306.0
2024-08-19 04:40:00+00:00,18306.5,18308.0,18296.933500000003,18300.489
2024-08-19 04:45:00+00:00,18301.022,18307.4835,18299.989,18302.928
2024-08-19 04:50:00+00:00,18302.5,18303.566499999997,18302.0055,18303.478
2024-08-19 04:55:00+00:00,18303.0555,18304.511,18299.95,18303.572
2024-08-19 05:00:00+00:00,18303.9945,18314.511,18303.5,18309.55
2024-08-19 05:05:00+00:00,18310.5,18313.5,18308.5,18311.95
2024-08-19 05:10:00+00:00,18313.0055,18318.0,18308.989,18317.0
2024-08-19 05:15:00+00:00,18317.489,18317.489,18311.978,18312.439000000002
2024-08-19 05:20:00+00:00,18313.5,18313.5,18304.989,18308.511
2024-08-19 05:25:00+00:00,18309.0,18309.5,18297.928,18298.55
2024-08-19 05:30:00+00:00,18297.978,18307.016499999998,18296.9835,18301.55
2024-08-19 05:35:00+00:00,18300.4945,18313.011,18299.4945,18311.5165
2024-08-19 05:40:00+00:00,18310.5055,18319.5555,18309.939000000002,18318.011
2024-08-19 05:45:00+00:00,18317.5,18317.5,18308.4445,18314.5055
2024-08-19 05:50:00+00:00,18313.511,18314.522,18306.9945,18309.0165
2024-08-19 05:55:00+00:00,18309.522,18309.522,18300.95,18306.45
2024-08-19 06:00:00+00:00,18307.433500000003,18327.478,18307.433500000003,18320.511
2024-08-19 06:05:00+00:00,18319.9945,18319.9945,18293.4945,18297.4945
2024-08-19 06:10:00+00:00,18297.0,18313.0,18297.0,18308.4835
2024-08-19 06:15:00+00:00,18308.928,18316.0055,18305.5,18311.0055
2024-08-19 06:20:00+00:00,18311.5,18312.9835,18303.05,18305.478
2024-08-19 06:25:00+00:00,18304.978,18304.978,18297.989,18301.9945
2024-08-19 06:30:00+00:00,18303.060999999998,18303.511,18296.928,18297.011
2024-08-19 06:35:00+00:00,18298.0055,18304.9945,18298.0055,18302.4835
2024-08-19 06:40:00+00:00,18301.989,18304.060999999998,18298.9835,18300.9945
2024-08-19 06:45:00+00:00,18300.5055,18302.0,18293.9445,18301.0
2024-08-19 06:50:00+00:00,18301.9945,18304.066499999997,18297.933500000003,18299.0
2024-08-19 06:55:00+00:00,18297.066499999997,18298.560999999998,18291.5,18294.0
2024-08-19 07:00:00+00:00,18294.9945,18320.4835,18294.9945,18301.011
2024-08-19 07:05:00+00:00,18301.5055,18319.939000000002,18296.011,18307.989
2024-08-19 07:10:00+00:00,18309.5055,18311.4945,18301.5055,18305.5055
2024-08-19 07:15:00+00:00,18305.0165,18305.0165,18290.989,18294.066499999997
2024-08-19 07:20:00+00:00,18293.489,18301.0555,18283.9945,18298.933500000003
2024-08-19 07:25:00+00:00,18297.072,18299.011,18286.95,18290.989
2024-08-19 07:30:00+00:00,18290.072,18301.0,18285.511,18294.022
2024-08-19 07:35:00+00:00,18294.5,18295.05,18280.928,18283.0
2024-08-19 07:40:00+00:00,18282.439000000002,18304.0055,18280.011,18304.0055
2024-08-19 07:45:00+00:00,18302.989,18307.5,18293.9945,18294.95
2024-08-19 07:50:00+00:00,18294.5,18298.011,18284.939000000002,18285.9945
2024-08-19 07:55:00+00:00,18285.072,18298.072,18284.928,18295.0
2024-08-19 08:00:00+00:00,18293.9945,18305.066499999997,18292.022,18302.489
2024-08-19 08:05:00+00:00,18302.9945,18303.5,18288.478,18301.9945
2024-08-19 08:10:00+00:00,18302.5,18311.011,18299.0,18309.9945
2024-08-19 08:15:00+00:00,18310.9835,18317.066499999997,18309.45,18313.060999999998
2024-08-19 08:20:00+00:00,18312.0055,18320.9945,18312.0055,18320.4445
2024-08-19 08:25:00+00:00,18319.9445,18326.516499999998,18317.511,18325.478
2024-08-19 08:30:00+00:00,18326.0,18328.566499999997,18316.0,18316.489
2024-08-19 08:35:00+00:00,18316.0,18317.0055,18300.989,18300.989
2024-08-19 08:40:00+00:00,18301.439000000002,18309.9445,18291.5,18308.072
2024-08-19 08:45:00+00:00,18308.4945,18308.4945,18302.45,18304.072
2024-08-19 08:50:00+00:00,18304.5055,18314.0,18297.978,18313.439000000002
2024-08-19 08:55:00+00:00,18312.439000000002,18326.516499999998,18308.939000000002,18324.0
2024-08-19 09:00:00+00:00,18324.489,18325.011,18301.933500000003,18301.933500000003
2024-08-19 09:05:00+00:00,18300.9445,18306.072,18295.428,18304.9945
2024-08-19 09:10:00+00:00,18306.0165,18317.072,18301.978,18312.0
2024-08-19 09:15:00+00:00,18311.0,18322.0,18308.428,18320.516499999998
2024-08-19 09:20:00+00:00,18320.0,18333.511,18319.433500000003,18332.0
2024-08-19 09:25:00+00:00,18334.511,18341.9945,18330.9445,18338.5055
2024-08-19 09:30:00+00:00,18338.066499999997,18338.55,18327.022,18328.0555
2024-08-19 09:35:00+00:00,18327.566499999997,18332.978,18327.5,18328.5055
2024-08-19 09:40:00+00:00,18328.0,18336.516499999998,18325.4945,18335.05
2024-08-19 09:45:00+00:00,18336.5555,18337.072,18328.0,18335.066499999997
2024-08-19 09:50:00+00:00,18335.5,18350.522,18334.978,18347.0055
2024-08-19 09:55:00+00:00,18346.5,18348.9945,18339.989,18339.989
2024-08-19 10:00:00+00:00,18339.5,18353.0555,18334.989,18350.022
2024-08-19 10:05:00+00:00,18350.9945,18359.45,18348.9445,18350.05
2024-08-19 10:10:00+00:00,18351.016499999998,18352.489,18346.928,18351.0555
2024-08-19 10:15:00+00:00,18351.983500000002,18351.983500000002,18334.511,18335.572
2024-08-19 10:20:00+00:00,18334.4945,18344.011,18334.4945,18342.0555
2024-08-19 10:25:00+00:00,18342.5165,18348.55,18342.5,18348.5055
2024-08-19 10:30:00+00:00,18349.0055,18355.5055,18347.989,18355.011
2024-08-19 10:35:00+00:00,18353.9945,18354.5055,18341.478,18342.0055
2024-08-19 10:40:00+00:00,18341.489,18351.4835,18340.566499999997,18350.928
2024-08-19 10:45:00+00:00,18351.511,18355.95,18349.5555,18353.0
2024-08-19 10:50:00+00:00,18352.45,18354.0,18343.022,18353.5
2024-08-19 10:55:00+00:00,18353.072,18354.0055,18342.928,18344.060999999998
2024-08-19 11:00:00+00:00,18344.978,18352.011,18340.978,18348.511
2024-08-19 11:05:00+00:00,18346.978,18349.05,18344.483500000002,18347.55
2024-08-19 11:10:00+00:00,18348.5165,18354.989,18344.4945,18353.4945
2024-08-19 11:15:00+00:00,18352.511,18357.55,18349.978,18351.978
2024-08-19 11:20:00+00:00,18351.566499999997,18361.4945,18348.9445,18359.0055
2024-08-19 11:25:00+00:00,18359.489,18363.489,18355.428,18362.9945
2024-08-19 11:30:00+00:00,18364.0,18375.05,18363.4835,18368.5055
2024-08-19 11:35:00+00:00,18370.428,18372.0165,18361.95,18366.0055
2024-08-19 11:40:00+00:00,18366.989,18367.55,18362.05,18367.072
2024-08-19 11:45:00+00:00,18366.5,18370.011,18362.9945,18369.516499999998
2024-08-19 11:50:00+00:00,18370.060999999998,18370.522,18364.9445,18369.572
2024-08-19 11:55:00+00:00,18370.0,18370.0,18363.4945,18364.5055
2024-08-19 12:00:00+00:00,18365.572,18371.4945,18365.4945,18367.016499999998
2024-08-19 12:05:00+00:00,18367.5165,18367.5165,18360.45,18363.511
2024-08-19 12:10:00+00:00,18364.478,18373.066499999997,18363.978,18373.066499999997
2024-08-19 12:15:00+00:00,18373.511,18373.511,18366.9945,18370.9945
2024-08-19 12:20:00+00:00,18371.9945,18377.511,18367.5,18376.489
2024-08-19 12:25:00+00:00,18375.9945,18380.5555,18371.5,18378.5
2024-08-19 12:30:00+00:00,18379.433500000003,18386.511,18377.478,18383.516499999998
2024-08-19 12:35:00+00:00,18383.9945,18389.511,18382.560999999998,18389.011
2024-08-19 12:40:00+00:00,18389.478,18394.5,18386.55,18389.55
2024-08-19 12:45:00+00:00,18389.0055,18396.522,18386.989,18390.0
2024-08-19 12:50:00+00:00,18388.9835,18391.5,18377.5,18377.9945
2024-08-19 12:55:00+00:00,18377.4945,18380.0,18371.511,18372.933500000003
2024-08-19 13:00:00+00:00,18373.572,18381.066499999997,18366.572,18379.928
2024-08-19 13:05:00+00:00,18380.511,18390.022,18380.511,18385.0055
2024-08-19 13:10:00+00:00,18385.939000000002,18394.0055,18385.5165,18392.066499999997
2024-08-19 13:15:00+00:00,18392.5055,18400.022,18392.5055,18397.5055
2024-08-19 13:20:00+00:00,18398.011,18398.4835,18389.9945,18390.0
2024-08-19 13:25:00+00:00,18390.5555,18392.4945,18384.0,18385.516499999998
2024-08-19 13:30:00+00:00,18386.478,18405.489,18380.9445,18402.9445
2024-08-19 13:35:00+00:00,18403.478,18416.5,18400.939000000002,18413.0555
2024-08-19 13:40:00+00:00,18413.5,18419.5,18399.5,18399.989
2024-08-19 13:45:00+00:00,18400.5,18408.011,18393.9945,18402.9445
2024-08-19 13:50:00+00:00,18403.933500000003,18408.016499999998,18395.9445,18396.983500000002
2024-08-19 13:55:00+00:00,18397.939000000002,18412.5,18393.511,18406.066499999997
2024-08-19 14:00:00+00:00,18406.489,18417.5055,18399.95,18416.933500000003
2024-08-19 14:05:00+00:00,18418.95,18433.011,18414.5,18428.9945
2024-08-19 14:10:00+00:00,18428.011,18438.989,18428.011,18432.072
2024-08-19 14:15:00+00:00,18433.0055,18435.072,18421.560999999998,18429.016499999998
2024-08-19 14:20:00+00:00,18430.011,18441.4945,18426.066499999997,18438.0
2024-08-19 14:25:00+00:00,18438.4945,18444.5,18434.45,18435.0055
2024-08-19 14:30:00+00:00,18434.516499999998,18437.9445,18426.05,18428.489
2024-08-19 14:35:00+00:00,18429.5,18433.560999999998,18424.0055,18428.55
2024-08-19 14:40:00+00:00,18427.9945,18434.989,18421.978,18433.5165
2024-08-19 14:45:00+00:00,18433.9945,18442.572,18433.428,18441.5
2024-08-19 14:50:00+00:00,18441.9835,18455.489,18441.428,18449.572
2024-08-19 14:55:00+00:00,18449.9945,18449.9945,18436.0055,18436.0055
2024-08-19 15:00:00+00:00,18436.560999999998,18439.560999999998,18431.5,18439.0055
2024-08-19 15:05:00+00:00,18439.566499999997,18444.5055,18438.45,18441.439000000002
2024-08-19 15:10:00+00:00,18441.066499999997,18441.5,18427.011,18430.5
2024-08-19 15:15:00+00:00,18431.05,18436.928,18429.9945,18435.4445
2024-08-19 15:20:00+00:00,18436.0,18437.4445,18425.9835,18434.511
2024-08-19 15:25:00+00:00,18435.0055,18435.4835,18427.022,18427.022
2024-08-19 15:30:00+00:00,18427.5,18431.983500000002,18420.428,18420.989
2024-08-19 15:35:00+00:00,18421.5,18431.572,18421.5,18423.933500000003
2024-08-19 15:40:00+00:00,18425.0055,18427.522,18420.5555,18421.489
2024-08-19 15:45:00+00:00,18422.060999999998,18426.0,18415.066499999997,18418.0165
2024-08-19 15:50:00+00:00,18418.5055,18423.483500000002,18415.4835,18420.5055
2024-08-19 15:55:00+00:00,18421.011,18423.066499999997,18395.9945,18410.072
2024-08-19 16:00:00+00:00,18410.516499999998,18413.0165,18399.933500000003,18404.0555
2024-08-19 16:05:00+00:00,18404.5,18411.5,18402.9835,18411.5
2024-08-19 16:10:00+00:00,18411.060999999998,18414.9945,18409.439000000002,18411.5
2024-08-19 16:15:00+00:00,18410.5055,18416.9835,18410.0,18412.989
2024-08-19 16:20:00+00:00,18412.511,18414.016499999998,18407.983500000002,18407.983500000002
2024-08-19 16:25:00+00:00,18407.5,18416.4945,18407.4835,18412.5
2024-08-19 16:30:00+00:00,18411.4945,18415.566499999997,18407.4445,18412.4445
2024-08-19 16:35:00+00:00,18413.0055,18419.4945,18412.483500000002,18416.566499999997
2024-08-19 16:40:00+00:00,18416.933500000003,18420.0165,18416.45,18417.439000000002
2024-08-19 16:45:00+00:00,18418.0,18421.072,18416.428,18420.072
2024-08-19 16:50:00+00:00,18421.0055,18428.022,18420.55,18424.5055
2024-08-19 16:55:00+00:00,18423.989,18425.5055,18420.928,18423.5055
2024-08-19 17:00:00+00:00,18424.011,18427.933500000003,18419.928,18427.516499999998
2024-08-19 17:05:00+00:00,18426.978,18428.0,18422.0,18425.489
2024-08-19 17:10:00+00:00,18426.0,18426.4945,18417.0,18419.4835
2024-08-19 17:15:00+00:00,18420.011,18424.483500000002,18418.072,18424.011
2024-08-19 17:20:00+00:00,18423.439000000002,18424.0,18420.0,18421.5165
2024-08-19 17:25:00+00:00,18421.95,18426.05,18418.5055,18418.9835
2024-08-19 17:30:00+00:00,18419.489,18424.0055,18415.9945,18423.016499999998
2024-08-19 17:35:00+00:00,18422.5055,18425.0055,18419.95,18423.0
2024-08-19 17:40:00+00:00,18423.560999999998,18424.05,18418.5,18420.9835
2024-08-19 17:45:00+00:00,18421.511,18425.022,18419.939000000002,18423.5055
2024-08-19 17:50:00+00:00,18423.9445,18424.9445,18420.489,18422.022
2024-08-19 17:55:00+00:00,18421.511,18426.0,18421.0,18423.939000000002
2024-08-19 18:00:00+00:00,18423.05,18427.5165,18421.9945,18424.478
2024-08-19 18:05:00+00:00,18424.989,18426.4945,18421.933500000003,18424.0055
2024-08-19 18:10:00+00:00,18423.516499999998,18423.939000000002,18420.9445,18423.0055
2024-08-19 18:15:00+00:00,18422.5055,18424.0555,18419.022,18421.572
2024-08-19 18:20:00+00:00,18421.928,18423.0055,18417.978,18420.989
2024-08-19 18:25:00+00:00,18420.572,18422.9945,18416.939000000002,18421.439000000002
2024-08-19 18:30:00+00:00,18421.978,18426.066499999997,18419.9835,18425.0055
2024-08-19 18:35:00+00:00,18425.428,18426.560999999998,18421.4945,18423.983500000002
2024-08-19 18:40:00+00:00,18424.55,18436.066499999997,18424.55,18435.5165
2024-08-19 18:45:00+00:00,18435.0055,18436.060999999998,18432.5555,18433.4835
2024-08-19 18:50:00+00:00,18433.0055,18436.066499999997,18432.011,18435.4945
2024-08-19 18:55:00+00:00,18436.011,18436.516499999998,18430.0,18432.989
2024-08-19 19:00:00+00:00,18432.5165,18432.5165,18426.011,18426.011
2024-08-19 19:05:00+00:00,18425.4835,18430.9945,18425.45,18429.989
2024-08-19 19:10:00+00:00,18429.5,18429.989,18424.45,18427.433500000003
2024-08-19 19:15:00+00:00,18427.0,18431.4835,18426.489,18431.0055
2024-08-19 19:20:00+00:00,18431.4945,18431.4945,18428.933500000003,18429.5055
2024-08-19 19:25:00+00:00,18429.928,18431.516499999998,18425.4835,18429.0
2024-08-19 19:30:00+00:00,18429.5055,18430.0,18426.0,18426.478
2024-08-19 19:35:00+00:00,18425.9945,18427.5,18423.0,18425.939000000002
2024-08-19 19:40:00+00:00,18425.566499999997,18426.516499999998,18423.0,18425.0165
2024-08-19 19:45:00+00:00,18424.5,18425.9945,18421.016499999998,18423.5055
2024-08-19 19:50:00+00:00,18424.9445,18434.0555,18422.433500000003,18433.522
2024-08-19 19:55:00+00:00,18433.933500000003,18436.0055,18428.9835,18435.989
2024-08-19 20:00:00+00:00,18436.810999999998,18440.911,18419.5445,18419.5445
2024-08-19 20:05:00+00:00,18418.6945,18425.355499999998,18418.628,18421.15
2024-08-19 20:10:00+00:00,18420.4665,18422.3335,18418.3,18420.7165
2024-08-19 22:05:00+00:00,18443.05,18444.066499999997,18442.289,18442.7055
2024-08-19 22:10:00+00:00,18443.110999999997,18443.110999999997,18441.439000000002,18441.9055
2024-08-19 22:15:00+00:00,18441.489,18443.039,18441.4445,18441.911
2024-08-19 22:20:00+00:00,18442.2945,18444.05,18441.45,18443.578
2024-08-19 22:25:00+00:00,18443.9445,18444.860999999997,18443.089,18443.989
2024-08-19 22:30:00+00:00,18444.8,18444.8,18443.078,18443.95
2024-08-19 22:35:00+00:00,18443.5835,18444.783499999998,18443.0335,18444.783499999998
2024-08-19 22:40:00+00:00,18445.1945,18445.672,18443.1,18443.933500000003
2024-08-19 22:45:00+00:00,18443.5835,18444.05,18438.2,18441.5
2024-08-19 22:50:00+00:00,18441.8835,18441.9555,18438.9945,18440.7
2024-08-19 22:55:00+00:00,18439.894500000002,18441.560999999998,18439.894500000002,18439.972
2024-08-19 23:00:00+00:00,18440.289,18443.110999999997,18440.289,18442.289
2024-08-19 23:05:00+00:00,18440.633500000004,18442.316499999997,18439.894500000002,18441.45
2024-08-19 23:10:00+00:00,18441.972,18442.3,18437.0,18437.0
2024-08-19 23:15:00+00:00,18437.339,18439.9055,18437.339,18439.889000000003
2024-08-19 23:20:00+00:00,18438.939000000002,18440.133500000004,18437.422,18440.133500000004
2024-08-19 23:25:00+00:00,18441.011,18441.011,18436.878,18439.394500000002
2024-08-19 23:30:00+00:00,18439.8,18440.939000000002,18438.6,18440.939000000002
2024-08-19 23:35:00+00:00,18441.8445,18442.6945,18440.25,18440.25
2024-08-19 23:40:00+00:00,18440.939000000002,18440.939000000002,18439.394500000002,18440.139000000003
2024-08-19 23:45:00+00:00,18440.978,18441.894500000002,18440.15,18440.5835
2024-08-19 23:50:00+00:00,18440.2,18440.610999999997,18436.3055,18438.7
2024-08-19 23:55:00+00:00,18439.605499999998,18441.222,18437.894500000002,18438.7
2024-08-20 00:00:00+00:00,18439.539,18441.1945,18437.1,18438.6945
2024-08-20 00:05:00+00:00,18439.528,18441.2555,18437.8835,18441.2555
2024-08-20 00:10:00+00:00,18441.9835,18441.9835,18437.0835,18441.183500000003
2024-08-20 00:15:00+00:00,18444.0055,18444.0055,18419.0055,18426.511
2024-08-20 00:20:00+00:00,18426.566499999997,18430.0055,18424.978,18426.572
2024-08-20 00:25:00+00:00,18425.978,18428.0,18425.928,18426.566499999997
2024-08-20 00:30:00+00:00,18425.983500000002,18426.511,18419.9945,18421.05
2024-08-20 00:35:00+00:00,18421.560999999998,18424.072,18420.928,18423.511
2024-08-20 00:40:00+00:00,18423.978,18425.516499999998,18420.439000000002,18420.933500000003
2024-08-20 00:45:00+00:00,18421.511,18421.511,18417.511,18421.4945
2024-08-20 00:50:00+00:00,18421.978,18427.489,18420.5055,18427.489
2024-08-20 00:55:00+00:00,18427.9835,18429.0055,18426.4945,18428.439000000002
2024-08-20 01:00:00+00:00,18431.928,18432.5555,18428.011,18429.0555
2024-08-20 01:05:00+00:00,18427.9945,18427.9945,18416.9835,18420.0055
2024-08-20 01:10:00+00:00,18420.9945,18427.060999999998,18420.95,18425.5
2024-08-20 01:15:00+00:00,18425.0055,18427.0555,18423.439000000002,18425.0055
2024-08-20 01:20:00+00:00,18425.5,18425.928,18422.060999999998,18425.5
2024-08-20 01:25:00+00:00,18425.016499999998,18425.522,18424.439000000002,18424.983500000002
2024-08-20 01:30:00+00:00,18423.0,18432.0,18422.983500000002,18427.5055
2024-08-20 01:35:00+00:00,18427.011,18428.05,18427.0,18428.0055
2024-08-20 01:40:00+00:00,18429.45,18434.0,18428.5,18431.522
2024-08-20 01:45:00+00:00,18431.011,18431.560999999998,18427.4445,18427.983500000002
2024-08-20 01:50:00+00:00,18428.4945,18432.4945,18423.933500000003,18425.978
2024-08-20 01:55:00+00:00,18425.478,18425.522,18422.983500000002,18423.5
2024-08-20 02:00:00+00:00,18424.011,18425.4945,18417.0,18422.489
2024-08-20 02:05:00+00:00,18424.5165,18429.55,18424.5165,18429.5
2024-08-20 02:10:00+00:00,18432.0,18432.5,18427.9945,18431.511
2024-08-20 02:15:00+00:00,18431.0055,18431.5,18428.522,18428.9945
2024-08-20 02:20:00+00:00,18429.428,18429.989,18427.45,18428.011
2024-08-20 02:25:00+00:00,18427.4945,18427.989,18425.0,18427.989
2024-08-20 02:30:00+00:00,18428.478,18436.0,18428.011,18436.0
2024-08-20 02:35:00+00:00,18434.478,18437.478,18434.478,18435.566499999997
2024-08-20 02:40:00+00:00,18436.011,18439.011,18434.928,18438.572
2024-08-20 02:45:00+00:00,18437.928,18445.060999999998,18437.928,18443.5
2024-08-20 02:50:00+00:00,18442.95,18445.4945,18441.016499999998,18445.4945
2024-08-20 02:55:00+00:00,18444.011,18448.511,18444.011,18448.511
2024-08-20 03:00:00+00:00,18447.4945,18447.4945,18438.478,18438.478
2024-08-20 03:05:00+00:00,18439.5055,18440.0,18434.478,18436.072
2024-08-20 03:10:00+00:00,18435.483500000002,18436.560999999998,18434.9945,18435.511
2024-08-20 03:15:00+00:00,18436.0055,18436.0555,18430.516499999998,18431.011
2024-08-20 03:20:00+00:00,18429.4945,18432.4835,18427.022,18432.4835
2024-08-20 03:25:00+00:00,18431.4445,18432.0,18426.989,18427.5165
2024-08-20 03:30:00+00:00,18427.0,18427.516499999998,18423.9945,18426.0555
2024-08-20 03:35:00+00:00,18426.5555,18427.55,18419.928,18419.928
2024-08-20 03:40:00+00:00,18420.516499999998,18427.516499999998,18420.4945,18427.516499999998
2024-08-20 03:45:00+00:00,18426.9445,18426.9445,18422.5,18425.439000000002
2024-08-20 03:50:00+00:00,18425.060999999998,18425.060999999998,18422.0055,18423.439000000002
2024-08-20 03:55:00+00:00,18424.011,18424.011,18421.022,18421.022
2024-08-20 04:00:00+00:00,18421.5,18424.9945,18419.9945,18424.4445
2024-08-20 04:05:00+00:00,18423.55,18424.489,18420.428,18423.483500000002
2024-08-20 04:10:00+00:00,18424.0,18428.516499999998,18424.0,18428.0055
2024-08-20 04:15:00+00:00,18427.511,18430.011,18427.5,18430.011
2024-08-20 04:20:00+00:00,18433.95,18435.566499999997,18432.989,18435.4945
2024-08-20 04:25:00+00:00,18435.9945,18436.5165,18434.4945,18435.522
2024-08-20 04:30:00+00:00,18434.9945,18435.5055,18430.522,18431.0
2024-08-20 04:35:00+00:00,18431.511,18432.522,18427.5,18428.4445
2024-08-20 04:40:00+00:00,18428.066499999997,18428.066499999997,18424.478,18426.4945
2024-08-20 04:45:00+00:00,18429.0,18435.0,18428.4945,18432.011
2024-08-20 04:50:00+00:00,18432.4945,18435.516499999998,18432.0,18433.989
2024-08-20 04:55:00+00:00,18433.483500000002,18440.072,18433.060999999998,18440.072
2024-08-20 05:00:00+00:00,18439.5165,18444.511,18436.5,18444.511
2024-08-20 05:05:00+00:00,18445.0,18445.0,18437.516499999998,18442.483500000002
2024-08-20 05:10:00+00:00,18443.0165,18444.5165,18441.4945,18442.5
2024-08-20 05:15:00+00:00,18445.439000000002,18445.439000000002,18440.5055,18440.5055
2024-08-20 05:20:00+00:00,18444.9445,18444.9445,18438.516499999998,18441.066499999997
2024-08-20 05:25:00+00:00,18441.5,18449.011,18441.5,18447.0055
2024-08-20 05:30:00+00:00,18446.489,18448.5555,18444.9835,18446.55
2024-08-20 05:35:00+00:00,18447.011,18449.0555,18445.4945,18446.0055
2024-08-20 05:40:00+00:00,18445.4445,18446.989,18441.0055,18441.0055
2024-08-20 05:45:00+00:00,18441.489,18441.560999999998,18437.483500000002,18440.5
2024-08-20 05:50:00+00:00,18440.9445,18451.95,18440.9445,18449.9945
2024-08-20 05:55:00+00:00,18447.5,18449.489,18441.9945,18445.560999999998
2024-08-20 06:00:00+00:00,18446.0,18447.511,18434.0,18443.9945
2024-08-20 06:05:00+00:00,18444.5165,18448.5055,18437.433500000003,18442.989
2024-08-20 06:10:00+00:00,18443.928,18452.516499999998,18443.928,18447.0
2024-08-20 06:15:00+00:00,18446.511,18456.5165,18444.428,18454.4945
2024-08-20 06:20:00+00:00,18454.0,18455.022,18448.95,18450.072
2024-08-20 06:25:00+00:00,18452.0165,18462.022,18451.0,18455.0055
2024-08-20 06:30:00+00:00,18453.9945,18463.9945,18452.483500000002,18462.983500000002
2024-08-20 06:35:00+00:00,18463.489,18479.0055,18461.9945,18477.95
2024-08-20 06:40:00+00:00,18478.572,18479.5165,18473.978,18475.9945
2024-08-20 06:45:00+00:00,18475.4945,18484.05,18472.55,18475.011
2024-08-20 06:50:00+00:00,18473.983500000002,18485.511,18472.4945,18478.989
2024-08-20 06:55:00+00:00,18477.0,18481.072,18470.0165,18473.0
2024-08-20 07:00:00+00:00,18471.9945,18486.0,18455.978,18475.4945
2024-08-20 07:05:00+00:00,18475.989,18478.0,18461.9945,18472.0
2024-08-20 07:10:00+00:00,18472.4445,18472.4445,18453.5555,18455.0555
2024-08-20 07:15:00+00:00,18457.0,18477.489,18457.0,18465.0
2024-08-20 07:20:00+00:00,18464.0,18472.9945,18461.0,18471.0165
2024-08-20 07:25:00+00:00,18469.933500000003,18481.0,18469.0055,18474.0
2024-08-20 07:30:00+00:00,18474.9835,18485.560999999998,18473.95,18477.9835
2024-08-20 07:35:00+00:00,18478.511,18483.439000000002,18471.05,18475.4945
2024-08-20 07:40:00+00:00,18476.566499999997,18490.072,18467.478,18487.011
2024-08-20 07:45:00+00:00,18486.439000000002,18492.011,18480.9945,18487.978
2024-08-20 07:50:00+00:00,18488.489,18493.522,18481.439000000002,18484.5
2024-08-20 07:55:00+00:00,18484.9945,18493.511,18482.5,18493.5
2024-08-20 08:00:00+00:00,18493.0555,18497.060999999998,18476.45,18478.0
2024-08-20 08:05:00+00:00,18479.011,18486.0,18475.9945,18485.989
2024-08-20 08:10:00+00:00,18486.511,18490.489,18478.5,18480.0055
2024-08-20 08:15:00+00:00,18481.516499999998,18485.933500000003,18472.489,18474.978
2024-08-20 08:20:00+00:00,18475.489,18480.933500000003,18465.022,18473.5165
2024-08-20 08:25:00+00:00,18474.0165,18474.0165,18464.939000000002,18465.95
2024-08-20 08:30:00+00:00,18466.5,18468.5055,18445.433500000003,18445.4945
2024-08-20 08:35:00+00:00,18444.9445,18447.4445,18437.989,18438.572
2024-08-20 08:40:00+00:00,18439.0,18442.95,18425.0055,18430.5
2024-08-20 08:45:00+00:00,18430.066499999997,18433.95,18424.060999999998,18431.022
2024-08-20 08:50:00+00:00,18430.5,18439.4835,18429.978,18437.4945
2024-08-20 08:55:00+00:00,18437.989,18449.989,18437.0055,18447.0555
2024-08-20 09:00:00+00:00,18445.9445,18453.9945,18443.5055,18452.4945
2024-08-20 09:05:00+00:00,18453.0165,18463.5055,18452.0055,18455.0
2024-08-20 09:10:00+00:00,18455.566499999997,18455.566499999997,18432.983500000002,18433.989
2024-08-20 09:15:00+00:00,18433.511,18442.0055,18431.4945,18435.511
2024-08-20 09:20:00+00:00,18435.0165,18452.566499999997,18433.5055,18451.5055
2024-08-20 09:25:00+00:00,18452.428,18454.4945,18447.9945,18449.4835
2024-08-20 09:30:00+00:00,18450.5,18451.0055,18436.4835,18443.5055
2024-08-20 09:35:00+00:00,18442.9945,18445.0555,18430.5055,18432.5
2024-08-20 09:40:00+00:00,18433.489,18433.9945,18422.9945,18424.9945
2024-08-20 09:45:00+00:00,18424.483500000002,18430.060999999998,18422.45,18422.983500000002
2024-08-20 09:50:00+00:00,18422.439000000002,18430.483500000002,18419.4945,18423.0
2024-08-20 09:55:00+00:00,18422.4835,18427.511,18418.0,18423.011
2024-08-20 10:00:00+00:00,18422.5,18422.5,18403.428,18413.489
2024-08-20 10:05:00+00:00,18413.011,18420.072,18411.0055,18418.011
2024-08-20 10:10:00+00:00,18417.439000000002,18420.011,18406.9835,18411.0055
2024-08-20 10:15:00+00:00,18410.439000000002,18414.4945,18407.0,18410.5
2024-08-20 10:20:00+00:00,18411.011,18411.5,18402.5,18403.9945
2024-08-20 10:25:00+00:00,18404.4835,18409.439000000002,18401.5165,18405.989
2024-08-20 10:30:00+00:00,18405.511,18414.511,18400.0,18401.0
2024-08-20 10:35:00+00:00,18401.9945,18413.011,18400.433500000003,18412.0055
2024-08-20 10:40:00+00:00,18411.4945,18420.511,18410.0,18420.511
2024-08-20 10:45:00+00:00,18420.011,18432.0,18418.9945,18427.5055
2024-08-20 10:50:00+00:00,18427.9945,18428.511,18419.433500000003,18421.989
2024-08-20 10:55:00+00:00,18422.511,18422.511,18413.060999999998,18413.060999999998
2024-08-20 11:00:00+00:00,18412.060999999998,18414.5055,18406.983500000002,18406.983500000002
2024-08-20 11:05:00+00:00,18406.560999999998,18411.428,18401.9945,18401.9945
2024-08-20 11:10:00+00:00,18402.428,18410.4945,18402.428,18409.560999999998
2024-08-20 11:15:00+00:00,18409.0165,18410.566499999997,18406.95,18408.0
2024-08-20 11:20:00+00:00,18407.55,18409.983500000002,18405.45,18405.5555
2024-08-20 11:25:00+00:00,18404.928,18406.989,18399.0,18399.0
2024-08-20 11:30:00+00:00,18399.572,18407.4945,18398.939000000002,18403.4945
2024-08-20 11:35:00+00:00,18403.022,18415.45,18403.022,18414.011
2024-08-20 11:40:00+00:00,18414.5,18414.983500000002,18408.5055,18410.5055
2024-08-20 11:45:00+00:00,18411.0055,18412.511,18403.5555,18411.9945
2024-08-20 11:50:00+00:00,18412.572,18414.0555,18405.428,18407.5
2024-08-20 11:55:00+00:00,18408.5,18410.428,18406.0055,18406.983500000002
2024-08-20 12:00:00+00:00,18406.0055,18412.511,18404.483500000002,18404.566499999997
2024-08-20 12:05:00+00:00,18403.4445,18406.066499999997,18398.0055,18403.428
2024-08-20 12:10:00+00:00,18403.9945,18406.0165,18397.4945,18400.0555
2024-08-20 12:15:00+00:00,18400.989,18406.5555,18397.428,18397.9945
2024-08-20 12:20:00+00:00,18398.4445,18401.022,18395.4945,18395.572
2024-08-20 12:25:00+00:00,18396.016499999998,18397.516499999998,18394.4945,18395.489
2024-08-20 12:30:00+00:00,18394.9945,18395.5165,18384.489,18385.989
2024-08-20 12:35:00+00:00,18385.5,18395.478,18384.4945,18393.4945
2024-08-20 12:40:00+00:00,18393.9945,18402.566499999997,18391.05,18394.989
2024-08-20 12:45:00+00:00,18395.489,18395.489,18383.9445,18389.0055
2024-08-20 12:50:00+00:00,18389.4445,18394.5,18386.5165,18388.983500000002
2024-08-20 12:55:00+00:00,18388.5055,18389.5,18379.489,18385.522
2024-08-20 13:00:00+00:00,18387.066499999997,18393.0165,18380.989,18382.439000000002
2024-08-20 13:05:00+00:00,18383.0555,18384.45,18377.5555,18379.0
2024-08-20 13:10:00+00:00,18378.5055,18381.0055,18369.5055,18371.433500000003
2024-08-20 13:15:00+00:00,18371.95,18375.560999999998,18367.5,18370.9945
2024-08-20 13:20:00+00:00,18371.45,18389.011,18370.5055,18387.5055
2024-08-20 13:25:00+00:00,18387.0055,18391.522,18376.95,18379.0055
2024-08-20 13:30:00+00:00,18378.011,18392.0055,18377.5055,18390.5
2024-08-20 13:35:00+00:00,18390.0055,18400.489,18384.011,18385.011
2024-08-20 13:40:00+00:00,18384.478,18403.0165,18384.478,18398.95
2024-08-20 13:45:00+00:00,18399.989,18401.0555,18395.428,18397.483500000002
2024-08-20 13:50:00+00:00,18398.4835,18407.011,18389.9945,18405.45
2024-08-20 13:55:00+00:00,18406.0055,18422.4945,18405.9945,18418.011
2024-08-20 14:00:00+00:00,18415.4445,18418.928,18405.989,18409.0
2024-08-20 14:05:00+00:00,18408.5,18410.4945,18400.9945,18406.9835
2024-08-20 14:10:00+00:00,18406.5055,18406.5055,18387.0055,18399.95
2024-08-20 14:15:00+00:00,18401.0,18402.05,18376.072,18378.9945
2024-08-20 14:20:00+00:00,18378.439000000002,18384.066499999997,18373.4945,18374.978
2024-08-20 14:25:00+00:00,18374.5055,18376.95,18365.489,18370.989
2024-08-20 14:30:00+00:00,18370.489,18382.060999999998,18368.9945,18381.5
2024-08-20 14:35:00+00:00,18382.5555,18384.4945,18369.511,18374.516499999998
2024-08-20 14:40:00+00:00,18375.0,18383.0,18370.511,18371.016499999998
2024-08-20 14:45:00+00:00,18371.989,18382.011,18370.522,18378.0055
2024-08-20 14:50:00+00:00,18377.5555,18378.0555,18367.9945,18374.9945
2024-08-20 14:55:00+00:00,18374.489,18379.0,18367.989,18370.55
2024-08-20 15:00:00+00:00,18371.0055,18371.0055,18356.489,18358.0055
2024-08-20 15:05:00+00:00,18359.0,18366.0555,18356.933500000003,18361.928
2024-08-20 15:10:00+00:00,18361.4835,18363.511,18353.066499999997,18357.483500000002
2024-08-20 15:15:00+00:00,18357.9445,18372.478,18357.489,18369.989
2024-08-20 15:20:00+00:00,18369.489,18373.072,18366.5,18367.0
2024-08-20 15:25:00+00:00,18367.489,18370.066499999997,18351.5055,18353.428
2024-08-20 15:30:00+00:00,18353.983500000002,18359.511,18349.439000000002,18357.066499999997
2024-08-20 15:35:00+00:00,18357.489,18369.016499999998,18355.489,18364.511
2024-08-20 15:40:00+00:00,18364.9945,18367.483500000002,18352.0165,18353.522
2024-08-20 15:45:00+00:00,18352.989,18355.511,18345.5,18349.072
2024-08-20 15:50:00+00:00,18349.428,18361.4945,18348.0,18361.0555
2024-08-20 15:55:00+00:00,18360.5,18372.5,18358.489,18371.5055
2024-08-20 16:00:00+00:00,18372.0555,18373.0,18362.4945,18365.066499999997
2024-08-20 16:05:00+00:00,18364.0055,18367.5555,18359.4945,18362.0165
2024-08-20 16:10:00+00:00,18361.55,18364.5555,18356.5,18359.011
2024-08-20 16:15:00+00:00,18359.572,18360.4945,18349.5,18349.989
2024-08-20 16:20:00+00:00,18349.428,18356.45,18349.428,18353.978
2024-08-20 16:25:00+00:00,18353.516499999998,18356.5055,18349.4835,18354.0
2024-08-20 16:30:00+00:00,18353.4445,18356.5555,18348.522,18350.9945
2024-08-20 16:35:00+00:00,18350.5055,18355.5,18347.5,18355.0
2024-08-20 16:40:00+00:00,18354.439000000002,18355.928,18348.4945,18351.5
2024-08-20 16:45:00+00:00,18352.060999999998,18354.0165,18347.9945,18354.011
2024-08-20 16:50:00+00:00,18352.9445,18352.9445,18342.0,18344.9945
2024-08-20 16:55:00+00:00,18343.989,18345.066499999997,18337.4945,18337.9945
2024-08-20 17:00:00+00:00,18338.4945,18338.989,18316.55,18327.983500000002
2024-08-20 17:05:00+00:00,18328.478,18341.060999999998,18326.489,18340.55
2024-08-20 17:10:00+00:00,18341.0,18341.989,18331.5055,18334.016499999998
2024-08-20 17:15:00+00:00,18334.9945,18339.0,18331.016499999998,18336.011
2024-08-20 17:20:00+00:00,18336.5,18337.522,18330.5,18331.928
2024-08-20 17:25:00+00:00,18332.5055,18339.5055,18330.011,18335.939000000002
2024-08-20 17:30:00+00:00,18335.483500000002,18335.483500000002,18328.011,18332.55
2024-08-20 17:35:00+00:00,18333.011,18334.489,18325.0,18332.5
2024-08-20 17:40:00+00:00,18331.9945,18340.5165,18330.5165,18337.489
2024-08-20 17:45:00+00:00,18337.072,18342.516499999998,18334.9945,18341.011
2024-08-20 17:50:00+00:00,18340.5555,18341.572,18336.0055,18337.9945
2024-08-20 17:55:00+00:00,18337.522,18340.4835,18336.572,18338.45
2024-08-20 18:00:00+00:00,18337.9945,18346.4945,18336.428,18345.4945
2024-08-20 18:05:00+00:00,18344.433500000003,18350.05,18343.433500000003,18346.4835
2024-08-20 18:10:00+00:00,18345.5055,18354.0,18344.4445,18350.95
2024-08-20 18:15:00+00:00,18351.4945,18357.5,18351.4945,18356.5555
2024-08-20 18:20:00+00:00,18357.0,18360.5555,18355.489,18359.0555
2024-08-20 18:25:00+00:00,18358.5,18358.516499999998,18351.428,18352.439000000002
2024-08-20 18:30:00+00:00,18352.072,18354.572,18349.5,18350.9945
2024-08-20 18:35:00+00:00,18350.4445,18357.011,18349.4945,18355.489
2024-08-20 18:40:00+00:00,18355.983500000002,18356.428,18350.983500000002,18351.5055
2024-08-20 18:45:00+00:00,18351.0,18353.4945,18346.433500000003,18350.4835
2024-08-20 18:50:00+00:00,18351.483500000002,18354.0055,18345.989,18350.428
2024-08-20 18:55:00+00:00,18350.0055,18351.45,18347.55,18349.939000000002
2024-08-20 19:00:00+00:00,18349.5055,18355.55,18347.439000000002,18355.522
2024-08-20 19:05:00+00:00,18354.9445,18357.0,18350.0,18351.5
2024-08-20 19:10:00+00:00,18352.05,18353.0555,18349.439000000002,18352.0
2024-08-20 19:15:00+00:00,18351.4945,18353.511,18347.433500000003,18353.4945
2024-08-20 19:20:00+00:00,18353.9945,18354.5,18348.478,18349.4945
2024-08-20 19:25:00+00:00,18350.0,18350.9945,18348.0055,18348.478
2024-08-20 19:30:00+00:00,18349.939000000002,18354.011,18349.5055,18354.0
2024-08-20 19:35:00+00:00,18353.516499999998,18354.522,18350.489,18351.55
2024-08-20 19:40:00+00:00,18352.522,18354.566499999997,18350.489,18351.0
2024-08-20 19:45:00+00:00,18351.5,18356.511,18350.511,18356.0
2024-08-20 19:50:00+00:00,18358.4835,18361.060999999998,18349.483500000002,18351.566499999997
2024-08-20 19:55:00+00:00,18350.9835,18354.5,18345.5,18347.4945
2024-08-20 20:00:00+00:00,18347.016499999998,18356.0055,18345.339,18356.0055
2024-08-20 20:05:00+00:00,18356.789,18357.6165,18350.2945,18356.872
2024-08-20 20:10:00+00:00,18355.933500000003,18363.4555,18353.5335,18362.616499999996
2024-08-20 22:05:00+00:00,18350.711,18351.5,18348.133500000004,18349.0
2024-08-20 22:10:00+00:00,18349.889000000003,18350.35,18344.028,18344.028
2024-08-20 22:15:00+00:00,18342.4945,18350.683500000003,18342.439000000002,18350.683500000003
2024-08-20 22:20:00+00:00,18351.1,18353.105499999998,18350.711,18351.5
2024-08-20 22:25:00+00:00,18350.628,18351.428,18348.15,18348.928
2024-08-20 22:30:00+00:00,18349.894500000002,18354.855499999998,18349.894500000002,18353.939000000002
2024-08-20 22:35:00+00:00,18354.816499999997,18355.216500000002,18351.483500000002,18351.483500000002
2024-08-20 22:40:00+00:00,18351.8835,18353.989,18351.483500000002,18353.0835
2024-08-20 22:45:00+00:00,18352.3055,18352.711,18350.689000000002,18351.894500000002
2024-08-20 22:50:00+00:00,18351.4945,18352.689000000002,18344.8835,18344.894500000002
2024-08-20 22:55:00+00:00,18345.85,18349.9055,18344.9,18349.9
2024-08-20 23:00:00+00:00,18350.633500000004,18351.5055,18347.394500000002,18348.15
2024-08-20 23:05:00+00:00,18349.0,18349.9,18346.5335,18347.394500000002
2024-08-20 23:10:00+00:00,18348.2,18348.261,18346.5945,18348.261
2024-08-20 23:15:00+00:00,18347.4,18349.9055,18347.4,18349.511
2024-08-20 23:20:00+00:00,18349.9,18349.9,18345.4,18347.422
2024-08-20 23:25:00+00:00,18347.7945,18348.9945,18344.8335,18347.394500000002
2024-08-20 23:30:00+00:00,18347.0055,18354.0555,18346.5945,18352.2945
2024-08-20 23:35:00+00:00,18351.894500000002,18355.610999999997,18349.911,18352.3
2024-08-20 23:40:00+00:00,18351.5,18353.161,18350.7,18351.0835
2024-08-20 23:45:00+00:00,18350.75,18352.310999999998,18349.478,18349.911
2024-08-20 23:50:00+00:00,18349.4945,18350.711,18343.5335,18344.728
2024-08-20 23:55:00+00:00,18345.1945,18346.066499999997,18343.6,18346.066499999997
2024-08-21 00:00:00+00:00,18345.2055,18352.610999999997,18345.2055,18350.5055
2024-08-21 00:05:00+00:00,18351.0055,18359.0945,18350.105499999998,18355.911
2024-08-21 00:10:00+00:00,18355.1,18358.360999999997,18354.139000000003,18357.55
2024-08-21 00:15:00+00:00,18358.95,18373.016499999998,18358.95,18370.560999999998
2024-08-21 00:20:00+00:00,18370.5055,18372.0,18361.489,18361.9945
2024-08-21 00:25:00+00:00,18361.511,18362.072,18355.0555,18356.0055
2024-08-21 00:30:00+00:00,18355.5055,18357.0055,18344.4945,18354.5
2024-08-21 00:35:00+00:00,18355.0055,18358.478,18354.489,18358.066499999997
2024-08-21 00:40:00+00:00,18358.4945,18360.0,18354.0,18356.522
2024-08-21 00:45:00+00:00,18358.428,18366.511,18358.428,18364.511
2024-08-21 00:50:00+00:00,18365.0,18368.011,18363.9945,18365.0055
2024-08-21 00:55:00+00:00,18364.5165,18366.4945,18362.939000000002,18364.989
2024-08-21 01:00:00+00:00,18364.433500000003,18365.0555,18358.9835,18359.511
2024-08-21 01:05:00+00:00,18358.933500000003,18359.0,18348.489,18352.933500000003
2024-08-21 01:10:00+00:00,18353.522,18363.5055,18349.072,18363.483500000002
2024-08-21 01:15:00+00:00,18364.016499999998,18365.4945,18359.978,18359.989
2024-08-21 01:20:00+00:00,18358.5,18358.5,18347.9945,18354.9445
2024-08-21 01:25:00+00:00,18354.566499999997,18357.0165,18348.011,18354.0165
2024-08-21 01:30:00+00:00,18352.989,18353.939000000002,18348.0,18352.5
2024-08-21 01:35:00+00:00,18348.511,18356.483500000002,18343.933500000003,18355.983500000002
2024-08-21 01:40:00+00:00,18356.4945,18358.0,18348.5055,18349.4945
2024-08-21 01:45:00+00:00,18349.9945,18354.4945,18349.433500000003,18352.0
2024-08-21 01:50:00+00:00,18352.478,18359.0055,18352.0055,18358.5
2024-08-21 01:55:00+00:00,18357.9945,18359.55,18348.5,18349.0
2024-08-21 02:00:00+00:00,18349.511,18351.4445,18346.516499999998,18346.516499999998
2024-08-21 02:05:00+00:00,18347.011,18347.5,18346.0055,18346.55
2024-08-21 02:10:00+00:00,18347.011,18347.072,18344.978,18347.05
2024-08-21 02:15:00+00:00,18347.5,18359.566499999997,18347.5,18356.5165
2024-08-21 02:20:00+00:00,18357.066499999997,18359.489,18356.5,18356.5
2024-08-21 02:25:00+00:00,18357.066499999997,18358.572,18355.5555,18358.05
2024-08-21 02:30:00+00:00,18358.433500000003,18359.478,18356.928,18359.478
2024-08-21 02:35:00+00:00,18360.05,18362.066499999997,18359.011,18360.511
2024-08-21 02:40:00+00:00,18361.5055,18362.0,18356.0055,18361.0055
2024-08-21 02:45:00+00:00,18360.483500000002,18361.516499999998,18358.939000000002,18360.011
2024-08-21 02:50:00+00:00,18360.5555,18363.55,18359.939000000002,18361.0055
2024-08-21 02:55:00+00:00,18361.433500000003,18364.060999999998,18360.0,18361.05
2024-08-21 03:00:00+00:00,18360.483500000002,18362.45,18360.483500000002,18362.45
2024-08-21 03:05:00+00:00,18363.072,18366.439000000002,18363.072,18363.511
2024-08-21 03:10:00+00:00,18363.983500000002,18369.066499999997,18363.433500000003,18368.9945
2024-08-21 03:15:00+00:00,18369.4945,18370.566499999997,18367.516499999998,18368.4835
2024-08-21 03:20:00+00:00,18369.072,18371.011,18366.5055,18370.5
2024-08-21 03:25:00+00:00,18370.939000000002,18374.0555,18370.489,18373.4835
2024-08-21 03:30:00+00:00,18373.0,18377.9945,18373.0,18377.05
2024-08-21 03:35:00+00:00,18376.483500000002,18377.011,18372.9945,18376.5055
2024-08-21 03:40:00+00:00,18376.0165,18376.0165,18371.5,18371.5
2024-08-21 03:45:00+00:00,18372.0555,18374.0165,18371.511,18372.478
2024-08-21 03:50:00+00:00,18371.933500000003,18372.5165,18371.4945,18372.011
2024-08-21 03:55:00+00:00,18371.4945,18371.4945,18368.5,18368.5
2024-08-21 04:00:00+00:00,18369.016499999998,18370.5555,18368.5,18369.9945
2024-08-21 04:05:00+00:00,18370.4945,18370.572,18369.939000000002,18369.939000000002
2024-08-21 04:10:00+00:00,18370.516499999998,18374.066499999997,18370.516499999998,18374.0055
2024-08-21 04:15:00+00:00,18373.5165,18376.95,18372.928,18373.933500000003
2024-08-21 04:20:00+00:00,18374.4945,18374.572,18371.522,18371.522
2024-08-21 04:25:00+00:00,18369.983500000002,18374.4945,18369.5,18374.4945
2024-08-21 04:30:00+00:00,18374.9835,18374.9835,18372.489,18373.55
2024-08-21 04:35:00+00:00,18373.9835,18379.0,18373.9835,18376.989
2024-08-21 04:40:00+00:00,18378.0055,18380.5165,18376.011,18380.5165
2024-08-21 04:45:00+00:00,18382.428,18383.011,18381.022,18382.572
2024-08-21 04:50:00+00:00,18381.933500000003,18387.511,18381.933500000003,18384.4445
2024-08-21 04:55:00+00:00,18385.0055,18385.0055,18383.011,18383.489
2024-08-21 05:00:00+00:00,18382.9945,18387.560999999998,18382.9945,18385.5055
2024-08-21 05:05:00+00:00,18385.0,18385.0,18377.5055,18382.433500000003
2024-08-21 05:10:00+00:00,18382.939000000002,18387.0555,18382.939000000002,18385.0
2024-08-21 05:15:00+00:00,18388.0,18390.9945,18384.45,18385.0
2024-08-21 05:20:00+00:00,18388.5055,18389.0,18381.9445,18384.55
2024-08-21 05:25:00+00:00,18382.011,18389.5055,18382.011,18388.0055
2024-08-21 05:30:00+00:00,18389.9945,18390.9945,18383.989,18384.4445
2024-08-21 05:35:00+00:00,18384.0055,18384.0055,18377.5055,18379.4945
2024-08-21 05:40:00+00:00,18379.989,18379.989,18372.572,18373.0055
2024-08-21 05:45:00+00:00,18372.5555,18375.5055,18372.489,18372.489
2024-08-21 05:50:00+00:00,18374.060999999998,18374.933500000003,18367.5055,18370.560999999998
2024-08-21 05:55:00+00:00,18368.016499999998,18370.0,18362.4835,18368.5
2024-08-21 06:00:00+00:00,18367.5055,18369.489,18351.933500000003,18364.072
2024-08-21 06:05:00+00:00,18364.572,18372.060999999998,18361.9445,18369.0055
2024-08-21 06:10:00+00:00,18366.4945,18378.489,18365.522,18378.489
2024-08-21 06:15:00+00:00,18379.0,18379.939000000002,18368.5,18369.489
2024-08-21 06:20:00+00:00,18370.011,18381.55,18369.511,18379.4445
2024-08-21 06:25:00+00:00,18377.5,18378.511,18373.0,18374.4445
2024-08-21 06:30:00+00:00,18376.5,18376.5,18368.489,18369.489
2024-08-21 06:35:00+00:00,18369.072,18375.060999999998,18366.489,18369.560999999998
2024-08-21 06:40:00+00:00,18369.9945,18369.9945,18360.9835,18361.433500000003
2024-08-21 06:45:00+00:00,18361.060999999998,18361.060999999998,18353.0555,18359.522
2024-08-21 06:50:00+00:00,18360.0,18365.05,18359.566499999997,18364.4945
2024-08-21 06:55:00+00:00,18363.4945,18366.0,18354.989,18356.4945
2024-08-21 07:00:00+00:00,18359.5555,18370.511,18350.483500000002,18370.5
2024-08-21 07:05:00+00:00,18371.5,18377.9835,18361.4835,18370.5
2024-08-21 07:10:00+00:00,18369.516499999998,18385.0055,18369.516499999998,18376.0165
2024-08-21 07:15:00+00:00,18374.9445,18380.55,18369.489,18378.566499999997
2024-08-21 07:20:00+00:00,18379.0055,18386.511,18375.0,18380.511
2024-08-21 07:25:00+00:00,18380.9945,18386.5055,18379.439000000002,18385.5
2024-08-21 07:30:00+00:00,18386.0055,18392.572,18381.5,18392.572
2024-08-21 07:35:00+00:00,18391.989,18398.4945,18388.489,18397.0
2024-08-21 07:40:00+00:00,18396.4945,18402.5,18392.5,18401.5055
2024-08-21 07:45:00+00:00,18401.928,18405.522,18398.5055,18404.9945
2024-08-21 07:50:00+00:00,18403.933500000003,18414.95,18402.016499999998,18414.5
2024-08-21 07:55:00+00:00,18414.983500000002,18415.516499999998,18394.5,18397.4945
2024-08-21 08:00:00+00:00,18396.989,18401.572,18388.439000000002,18396.5055
2024-08-21 08:05:00+00:00,18397.511,18397.511,18388.5,18394.4945
2024-08-21 08:10:00+00:00,18395.5,18405.4945,18395.5,18404.5555
2024-08-21 08:15:00+00:00,18404.0,18420.489,18402.522,18411.433500000003
2024-08-21 08:20:00+00:00,18410.9445,18417.983500000002,18403.928,18403.928
2024-08-21 08:25:00+00:00,18404.483500000002,18405.0,18394.5,18399.5555
2024-08-21 08:30:00+00:00,18401.4945,18404.072,18394.5,18394.5
2024-08-21 08:35:00+00:00,18395.0,18404.4945,18389.5,18404.483500000002
2024-08-21 08:40:00+00:00,18405.0,18408.511,18397.989,18406.489
2024-08-21 08:45:00+00:00,18407.011,18409.5165,18402.572,18405.489
2024-08-21 08:50:00+00:00,18404.439000000002,18404.439000000002,18394.4945,18395.489
2024-08-21 08:55:00+00:00,18396.5,18401.511,18394.5555,18398.4945
2024-08-21 09:00:00+00:00,18399.5,18409.072,18398.928,18407.439000000002
2024-08-21 09:05:00+00:00,18406.5055,18420.072,18406.5055,18419.45
2024-08-21 09:10:00+00:00,18419.9945,18429.983500000002,18417.9835,18428.022
2024-08-21 09:15:00+00:00,18427.489,18432.5055,18422.989,18432.0
2024-08-21 09:20:00+00:00,18431.5,18435.0,18421.9945,18422.9445
2024-08-21 09:25:00+00:00,18423.4945,18426.0165,18419.428,18420.45
2024-08-21 09:30:00+00:00,18421.0055,18421.4945,18411.489,18412.989
2024-08-21 09:35:00+00:00,18413.4445,18418.4945,18411.5,18417.5555
2024-08-21 09:40:00+00:00,18416.439000000002,18421.4945,18413.05,18420.0
2024-08-21 09:45:00+00:00,18420.4445,18421.5,18411.4445,18411.9445
2024-08-21 09:50:00+00:00,18412.4945,18418.0555,18411.5,18415.489
2024-08-21 09:55:00+00:00,18415.0,18419.516499999998,18413.0,18415.5555
2024-08-21 10:00:00+00:00,18414.428,18424.933500000003,18413.5,18424.5
2024-08-21 10:05:00+00:00,18423.5,18425.933500000003,18421.0055,18422.433500000003
2024-08-21 10:10:00+00:00,18422.0,18427.566499999997,18422.0,18425.511
2024-08-21 10:15:00+00:00,18426.0,18427.511,18423.45,18424.439000000002
2024-08-21 10:20:00+00:00,18424.0555,18426.0055,18414.0055,18414.478
2024-08-21 10:25:00+00:00,18414.016499999998,18416.011,18410.989,18413.5165
2024-08-21 10:30:00+00:00,18413.9945,18425.011,18413.5,18417.511
2024-08-21 10:35:00+00:00,18417.0055,18422.0,18416.011,18418.4835
2024-08-21 10:40:00+00:00,18419.478,18420.4945,18413.9835,18414.511
2024-08-21 10:45:00+00:00,18414.0165,18422.4945,18413.5,18421.4445
2024-08-21 10:50:00+00:00,18422.060999999998,18430.9835,18421.489,18428.4445
2024-08-21 10:55:00+00:00,18427.95,18435.489,18427.95,18433.516499999998
2024-08-21 11:00:00+00:00,18432.95,18447.060999999998,18430.9445,18444.433500000003
2024-08-21 11:05:00+00:00,18445.933500000003,18447.516499999998,18437.989,18444.5055
2024-08-21 11:10:00+00:00,18444.0055,18444.572,18439.5055,18442.483500000002
2024-08-21 11:15:00+00:00,18442.9945,18449.511,18440.433500000003,18447.478
2024-08-21 11:20:00+00:00,18448.072,18458.9445,18448.072,18452.55
2024-08-21 11:25:00+00:00,18452.0,18454.5,18446.9445,18447.4945
2024-08-21 11:30:00+00:00,18447.060999999998,18455.522,18446.0555,18455.522
2024-08-21 11:35:00+00:00,18454.989,18458.560999999998,18450.560999999998,18456.5165
2024-08-21 11:40:00+00:00,18456.0055,18458.5,18454.5,18456.522
2024-08-21 11:45:00+00:00,18456.928,18460.5,18454.011,18456.9945
2024-08-21 11:50:00+00:00,18457.560999999998,18467.0,18456.0055,18465.511
2024-08-21 11:55:00+00:00,18465.066499999997,18467.022,18456.016499999998,18458.0055
2024-08-21 12:00:00+00:00,18457.45,18460.5,18448.9835,18450.4835
2024-08-21 12:05:00+00:00,18451.9945,18452.5,18447.483500000002,18449.572
2024-08-21 12:10:00+00:00,18449.05,18455.011,18447.489,18453.9945
2024-08-21 12:15:00+00:00,18453.4945,18458.489,18449.489,18458.489
2024-08-21 12:20:00+00:00,18459.0,18466.9945,18459.0,18466.5
2024-08-21 12:25:00+00:00,18465.939000000002,18474.060999999998,18465.489,18472.4945
2024-08-21 12:30:00+00:00,18471.989,18474.989,18461.0055,18463.011
2024-08-21 12:35:00+00:00,18463.511,18464.511,18454.9445,18457.489
2024-08-21 12:40:00+00:00,18456.439000000002,18466.5,18455.483500000002,18466.5
2024-08-21 12:45:00+00:00,18466.0,18473.011,18464.016499999998,18472.478
2024-08-21 12:50:00+00:00,18474.05,18477.0,18474.05,18474.5055
2024-08-21 12:55:00+00:00,18474.978,18476.9945,18465.9945,18470.4945
2024-08-21 13:00:00+00:00,18469.928,18470.566499999997,18460.939000000002,18462.5055
2024-08-21 13:05:00+00:00,18461.978,18463.072,18447.95,18449.011
2024-08-21 13:10:00+00:00,18449.9945,18451.072,18441.989,18442.011
2024-08-21 13:15:00+00:00,18441.5,18448.0165,18437.4945,18447.066499999997
2024-08-21 13:20:00+00:00,18448.0055,18449.0,18440.0,18448.066499999997
2024-08-21 13:25:00+00:00,18446.9835,18455.483500000002,18444.5,18454.0
2024-08-21 13:30:00+00:00,18453.522,18460.05,18445.5,18449.5
2024-08-21 13:35:00+00:00,18449.9445,18451.0555,18432.928,18435.933500000003
2024-08-21 13:40:00+00:00,18436.4445,18438.5055,18423.989,18433.983500000002
2024-08-21 13:45:00+00:00,18433.489,18441.011,18426.4445,18426.4445
2024-08-21 13:50:00+00:00,18426.011,18441.978,18424.928,18435.439000000002
2024-08-21 13:55:00+00:00,18436.0055,18447.060999999998,18435.066499999997,18441.5
2024-08-21 14:00:00+00:00,18440.572,18470.011,18434.478,18436.55
2024-08-21 14:05:00+00:00,18436.989,18448.511,18421.5,18438.4945
2024-08-21 14:10:00+00:00,18438.05,18439.939000000002,18401.489,18408.483500000002
2024-08-21 14:15:00+00:00,18408.0,18432.05,18402.011,18428.433500000003
2024-08-21 14:20:00+00:00,18429.433500000003,18434.5,18416.072,18417.511
2024-08-21 14:25:00+00:00,18418.489,18426.0,18410.560999999998,18423.489
2024-08-21 14:30:00+00:00,18423.0,18430.983500000002,18407.560999999998,18421.511
2024-08-21 14:35:00+00:00,18422.5,18442.5055,18420.95,18435.0555
2024-08-21 14:40:00+00:00,18434.511,18454.4945,18432.428,18448.5055
2024-08-21 14:45:00+00:00,18450.022,18456.928,18430.489,18430.489
2024-08-21 14:50:00+00:00,18429.5,18433.5165,18404.928,18410.989
2024-08-21 14:55:00+00:00,18411.9835,18431.511,18410.0,18428.9945
2024-08-21 15:00:00+00:00,18429.5,18441.55,18422.4445,18440.4835
2024-08-21 15:05:00+00:00,18441.483500000002,18450.5,18439.4945,18447.4835
2024-08-21 15:10:00+00:00,18447.9835,18462.060999999998,18447.433500000003,18456.55
2024-08-21 15:15:00+00:00,18456.9445,18458.022,18447.433500000003,18449.0055
2024-08-21 15:20:00+00:00,18449.5055,18454.011,18446.0,18447.478
2024-08-21 15:25:00+00:00,18447.9445,18452.011,18441.933500000003,18451.511
2024-08-21 15:30:00+00:00,18451.0055,18451.511,18442.489,18447.9945
2024-08-21 15:35:00+00:00,18448.5055,18455.516499999998,18447.4945,18453.060999999998
2024-08-21 15:40:00+00:00,18452.5,18457.5055,18445.0,18449.9835
2024-08-21 15:45:00+00:00,18449.4945,18457.011,18435.5,18436.511
2024-08-21 15:50:00+00:00,18437.560999999998,18439.5555,18431.439000000002,18437.5
2024-08-21 15:55:00+00:00,18436.522,18437.5055,18429.983500000002,18434.9945
2024-08-21 16:00:00+00:00,18434.516499999998,18435.516499999998,18416.433500000003,18422.55
2024-08-21 16:05:00+00:00,18423.560999999998,18435.5055,18423.428,18434.989
2024-08-21 16:10:00+00:00,18435.4945,18438.0555,18431.9945,18435.9835
2024-08-21 16:15:00+00:00,18435.55,18440.022,18429.4835,18439.511
2024-08-21 16:20:00+00:00,18438.989,18445.566499999997,18438.5,18445.566499999997
2024-08-21 16:25:00+00:00,18446.016499999998,18448.5,18440.928,18447.5055
2024-08-21 16:30:00+00:00,18448.5055,18451.0055,18442.983500000002,18450.4945
2024-08-21 16:35:00+00:00,18450.9945,18453.011,18445.989,18448.0555
2024-08-21 16:40:00+00:00,18448.566499999997,18454.939000000002,18447.4835,18453.45
2024-08-21 16:45:00+00:00,18453.072,18454.5055,18447.428,18448.022
2024-08-21 16:50:00+00:00,18448.433500000003,18454.439000000002,18447.483500000002,18453.5055
2024-08-21 16:55:00+00:00,18454.011,18461.5055,18452.95,18457.5055
2024-08-21 17:00:00+00:00,18458.5165,18461.0,18453.5055,18459.989
2024-08-21 17:05:00+00:00,18460.5165,18460.5165,18453.0,18455.0055
2024-08-21 17:10:00+00:00,18454.478,18458.5055,18452.933500000003,18453.5555
2024-08-21 17:15:00+00:00,18455.0055,18456.572,18451.428,18454.4945
2024-08-21 17:20:00+00:00,18455.0055,18457.5055,18449.489,18452.5
2024-08-21 17:25:00+00:00,18452.989,18459.05,18451.478,18454.489
2024-08-21 17:30:00+00:00,18454.9835,18460.0,18454.0,18458.5055
2024-08-21 17:35:00+00:00,18458.989,18460.011,18453.9835,18458.489
2024-08-21 17:40:00+00:00,18458.011,18458.072,18453.478,18454.511
2024-08-21 17:45:00+00:00,18455.0055,18459.4945,18453.5,18457.5
2024-08-21 17:50:00+00:00,18458.0,18462.572,18457.566499999997,18461.5555
2024-08-21 17:55:00+00:00,18460.978,18462.516499999998,18456.4835,18459.428
2024-08-21 18:00:00+00:00,18458.989,18472.9945,18454.0,18462.428
2024-08-21 18:05:00+00:00,18463.439000000002,18467.011,18455.511,18461.560999999998
2024-08-21 18:10:00+00:00,18461.978,18466.522,18456.983500000002,18460.933500000003
2024-08-21 18:15:00+00:00,18460.0,18466.5055,18459.45,18462.5555
2024-08-21 18:20:00+00:00,18461.511,18466.9945,18460.433500000003,18465.4945
2024-08-21 18:25:00+00:00,18466.989,18472.022,18464.4835,18472.022
2024-08-21 18:30:00+00:00,18472.55,18476.0165,18469.928,18472.0165
2024-08-21 18:35:00+00:00,18471.5055,18472.066499999997,18460.0055,18465.439000000002
2024-08-21 18:40:00+00:00,18466.5,18468.572,18462.5,18466.5055
2024-08-21 18:45:00+00:00,18467.0,18470.0055,18461.9945,18468.5165
2024-08-21 18:50:00+00:00,18467.928,18478.0165,18466.933500000003,18475.4945
2024-08-21 18:55:00+00:00,18476.55,18478.05,18469.0055,18469.5
2024-08-21 19:00:00+00:00,18469.060999999998,18472.0055,18460.439000000002,18463.433500000003
2024-08-21 19:05:00+00:00,18462.9945,18466.0055,18454.5,18459.522
2024-08-21 19:10:00+00:00,18459.9945,18466.566499999997,18458.4945,18460.489
2024-08-21 19:15:00+00:00,18459.483500000002,18462.5,18456.4445,18458.433500000003
2024-08-21 19:20:00+00:00,18457.939000000002,18458.560999999998,18450.016499999998,18456.4835
2024-08-21 19:25:00+00:00,18455.95,18465.5165,18454.933500000003,18463.4445
2024-08-21 19:30:00+00:00,18463.9945,18464.989,18457.5555,18463.0
2024-08-21 19:35:00+00:00,18462.489,18466.066499999997,18460.5055,18465.5165
2024-08-21 19:40:00+00:00,18466.05,18466.5,18456.433500000003,18459.5
2024-08-21 19:45:00+00:00,18458.9945,18464.0055,18456.989,18462.5
2024-08-21 19:50:00+00:00,18463.983500000002,18471.928,18462.9445,18470.5
2024-08-21 19:55:00+00:00,18471.4945,18477.0055,18470.433500000003,18471.5055
2024-08-21 20:00:00+00:00,18473.5055,18481.5,18464.283499999998,18470.8
2024-08-21 20:05:00+00:00,18470.022,18474.105499999998,18458.4945,18459.35
2024-08-21 20:10:00+00:00,18458.489,18471.661,18452.7945,18468.328
2024-08-21 22:05:00+00:00,18470.9555,18477.894500000002,18468.0,18475.3335
2024-08-21 22:10:00+00:00,18475.789,18481.9945,18475.378,18480.1945
2024-08-21 22:15:00+00:00,18479.222,18481.589,18476.7,18480.739
2024-08-21 22:20:00+00:00,18481.65,18484.122,18479.2,18479.2
2024-08-21 22:25:00+00:00,18479.983500000002,18481.5945,18479.1945,18480.789
2024-08-21 22:30:00+00:00,18481.211,18485.772,18481.178,18481.178
2024-08-21 22:35:00+00:00,18481.578,18483.228,18480.739,18482.5055
2024-08-21 22:40:00+00:00,18482.9055,18484.089,18481.589,18483.355499999998
2024-08-21 22:45:00+00:00,18482.9165,18483.3055,18479.1945,18482.4445
2024-08-21 22:50:00+00:00,18482.0835,18484.1555,18481.605499999998,18484.1
2024-08-21 22:55:00+00:00,18483.6945,18484.0945,18479.189000000002,18479.6
2024-08-21 23:00:00+00:00,18480.0,18480.8165,18475.8335,18475.9555
2024-08-21 23:05:00+00:00,18475.0945,18477.35,18474.15,18476.0945
2024-08-21 23:10:00+00:00,18475.2055,18476.95,18475.2,18476.828
2024-08-21 23:15:00+00:00,18476.5055,18476.911,18474.7445,18476.110999999997
2024-08-21 23:20:00+00:00,18476.889000000003,18477.711,18476.1,18476.9055
2024-08-21 23:25:00+00:00,18477.65,18477.7,18475.144500000002,18476.172
2024-08-21 23:30:00+00:00,18475.678,18477.633500000004,18475.678,18476.9
2024-08-21 23:35:00+00:00,18477.310999999998,18479.45,18477.310999999998,18479.389000000003
2024-08-21 23:40:00+00:00,18480.272,18482.610999999997,18477.711,18482.610999999997
2024-08-21 23:45:00+00:00,18482.2,18483.566499999997,18480.139000000003,18482.6
2024-08-21 23:50:00+00:00,18483.516499999998,18484.3,18482.578,18483.9555
2024-08-21 23:55:00+00:00,18483.4945,18484.355499999998,18481.8,18483.5
2024-08-22 00:00:00+00:00,18482.589,18484.310999999998,18481.060999999998,18482.6
2024-08-22 00:05:00+00:00,18483.489,18485.5,18481.789,18485.1
2024-08-22 00:10:00+00:00,18485.894500000002,18494.672,18485.894500000002,18494.1945
2024-08-22 00:15:00+00:00,18492.489,18505.989,18488.0055,18490.4445
2024-08-22 00:20:00+00:00,18490.516499999998,18494.5055,18490.478,18491.4945
2024-08-22 00:25:00+00:00,18490.9945,18490.9945,18482.066499999997,18482.4445
2024-08-22 00:30:00+00:00,18483.0055,18494.0555,18482.05,18489.4945
2024-08-22 00:35:00+00:00,18488.9445,18492.060999999998,18487.939000000002,18491.4945
2024-08-22 00:40:00+00:00,18492.0,18492.011,18482.0,18487.433500000003
2024-08-22 00:45:00+00:00,18487.0555,18488.0055,18487.0,18488.0055
2024-08-22 00:50:00+00:00,18487.0055,18489.0555,18487.0055,18488.0055
2024-08-22 00:55:00+00:00,18487.489,18489.0055,18483.9945,18484.566499999997
2024-08-22 01:00:00+00:00,18483.989,18486.9445,18483.928,18485.05
2024-08-22 01:05:00+00:00,18484.489,18484.5,18477.4945,18480.0
2024-08-22 01:10:00+00:00,18478.978,18479.55,18477.4945,18478.9835
2024-08-22 01:15:00+00:00,18478.4945,18478.9445,18478.433500000003,18478.433500000003
2024-08-22 01:20:00+00:00,18479.0,18479.489,18477.5,18478.516499999998
2024-08-22 01:25:00+00:00,18478.989,18481.978,18478.011,18478.011
2024-08-22 01:30:00+00:00,18472.0165,18475.5055,18469.0055,18473.0055
2024-08-22 01:35:00+00:00,18472.4835,18473.511,18469.522,18469.989
2024-08-22 01:40:00+00:00,18470.939000000002,18473.9945,18469.5,18470.5055
2024-08-22 01:45:00+00:00,18470.928,18472.433500000003,18470.5,18472.05
2024-08-22 01:50:00+00:00,18472.489,18473.011,18471.939000000002,18472.489
2024-08-22 01:55:00+00:00,18472.05,18473.060999999998,18470.489,18471.9945
2024-08-22 02:00:00+00:00,18470.939000000002,18470.939000000002,18466.5555,18469.5
2024-08-22 02:05:00+00:00,18468.989,18468.989,18461.9945,18463.0
2024-08-22 02:10:00+00:00,18464.0055,18466.5165,18461.928,18466.5165
2024-08-22 02:15:00+00:00,18466.0,18467.0555,18456.439000000002,18456.4945
2024-08-22 02:20:00+00:00,18456.0,18460.516499999998,18455.433500000003,18457.0
2024-08-22 02:25:00+00:00,18456.5,18456.9945,18451.4945,18454.011
2024-08-22 02:30:00+00:00,18453.55,18458.989,18451.0,18457.011
2024-08-22 02:35:00+00:00,18457.4945,18457.4945,18453.4445,18456.0
2024-08-22 02:40:00+00:00,18456.511,18458.0,18454.9945,18456.5555
2024-08-22 02:45:00+00:00,18455.989,18457.05,18454.4945,18455.5055
2024-08-22 02:50:00+00:00,18456.0055,18456.0165,18452.489,18453.516499999998
2024-08-22 02:55:00+00:00,18454.011,18457.022,18448.0,18451.4945
2024-08-22 03:00:00+00:00,18452.55,18455.4835,18451.478,18454.4945
2024-08-22 03:05:00+00:00,18454.0,18454.0,18441.560999999998,18443.5
2024-08-22 03:10:00+00:00,18443.011,18443.439000000002,18438.5,18439.9945
2024-08-22 03:15:00+00:00,18440.5,18441.478,18436.511,18437.928
2024-08-22 03:20:00+00:00,18438.939000000002,18440.0,18437.928,18439.933500000003
2024-08-22 03:25:00+00:00,18439.45,18441.5055,18434.489,18435.5
2024-08-22 03:30:00+00:00,18437.060999999998,18439.4945,18434.05,18434.4945
2024-08-22 03:35:00+00:00,18435.0055,18435.0055,18431.0055,18435.0
2024-08-22 03:40:00+00:00,18436.4945,18445.978,18432.928,18445.978
2024-08-22 03:45:00+00:00,18445.4945,18445.4945,18438.4445,18440.0055
2024-08-22 03:50:00+00:00,18441.0,18443.060999999998,18440.0,18442.0055
2024-08-22 03:55:00+00:00,18441.516499999998,18443.0,18440.489,18440.489
2024-08-22 04:00:00+00:00,18440.9945,18443.522,18440.9945,18443.4945
2024-08-22 04:05:00+00:00,18444.0055,18450.9945,18443.4445,18450.9945
2024-08-22 04:10:00+00:00,18450.0,18451.566499999997,18446.566499999997,18449.0
2024-08-22 04:15:00+00:00,18449.566499999997,18450.9445,18446.978,18446.978
2024-08-22 04:20:00+00:00,18447.5055,18447.5055,18440.5165,18440.5165
2024-08-22 04:25:00+00:00,18441.0,18443.989,18441.0,18441.489
2024-08-22 04:30:00+00:00,18442.016499999998,18444.5555,18441.9945,18442.516499999998
2024-08-22 04:35:00+00:00,18442.928,18442.928,18441.560999999998,18441.560999999998
2024-08-22 04:40:00+00:00,18442.0,18446.016499999998,18442.0,18446.016499999998
2024-08-22 04:45:00+00:00,18447.0165,18448.0055,18446.9945,18447.55
2024-08-22 04:50:00+00:00,18444.939000000002,18444.939000000002,18444.939000000002,18444.939000000002
2024-08-22 04:55:00+00:00,18446.05,18447.489,18446.05,18447.489
2024-08-22 05:00:00+00:00,18447.9445,18450.978,18447.439000000002,18447.489
2024-08-22 05:05:00+00:00,18448.4945,18450.5555,18445.9945,18445.9945
2024-08-22 05:10:00+00:00,18446.5055,18455.483500000002,18445.933500000003,18453.560999999998
2024-08-22 05:15:00+00:00,18452.522,18453.55,18450.0055,18450.5055
2024-08-22 05:20:00+00:00,18451.0055,18455.572,18450.0,18455.572
2024-08-22 05:25:00+00:00,18456.011,18456.011,18454.45,18454.4945
2024-08-22 05:30:00+00:00,18452.4835,18454.5,18450.566499999997,18454.0055
2024-08-22 05:35:00+00:00,18453.05,18455.9945,18452.511,18455.489
2024-08-22 05:40:00+00:00,18454.9945,18455.572,18452.45,18455.572
2024-08-22 05:45:00+00:00,18456.05,18456.05,18453.928,18455.4945
2024-08-22 05:50:00+00:00,18455.9945,18456.022,18447.0,18447.5
2024-08-22 05:55:00+00:00,18448.060999999998,18451.433500000003,18444.428,18446.066499999997
2024-08-22 06:00:00+00:00,18450.5,18452.5055,18436.4445,18447.989
2024-08-22 06:05:00+00:00,18447.566499999997,18452.989,18444.0055,18451.9945
2024-08-22 06:10:00+00:00,18452.4945,18456.489,18452.4945,18452.5555
2024-08-22 06:15:00+00:00,18453.0,18454.4945,18445.989,18446.4835
2024-08-22 06:20:00+00:00,18446.072,18452.0,18445.5055,18446.489
2024-08-22 06:25:00+00:00,18445.9945,18448.566499999997,18445.989,18447.939000000002
2024-08-22 06:30:00+00:00,18447.5,18451.9945,18444.511,18449.928
2024-08-22 06:35:00+00:00,18450.4945,18450.5055,18445.4445,18446.989
2024-08-22 06:40:00+00:00,18446.4445,18452.022,18445.572,18451.572
2024-08-22 06:45:00+00:00,18451.933500000003,18456.933500000003,18449.983500000002,18453.989
2024-08-22 06:50:00+00:00,18453.4945,18454.566499999997,18451.95,18452.928
2024-08-22 06:55:00+00:00,18453.939000000002,18458.0,18451.572,18453.933500000003
2024-08-22 07:00:00+00:00,18456.0055,18470.5165,18450.0055,18470.0
2024-08-22 07:05:00+00:00,18471.0165,18477.511,18467.5555,18469.5
2024-08-22 07:10:00+00:00,18469.011,18479.0,18465.978,18474.439000000002
2024-08-22 07:15:00+00:00,18512.5,18516.4945,18482.0,18490.05
2024-08-22 07:20:00+00:00,18491.9835,18493.0,18473.489,18490.0
2024-08-22 07:25:00+00:00,18491.066499999997,18497.4945,18477.066499999997,18495.0
2024-08-22 07:30:00+00:00,18490.5055,18497.5,18464.4945,18483.9945
2024-08-22 07:35:00+00:00,18482.95,18488.511,18465.933500000003,18472.060999999998
2024-08-22 07:40:00+00:00,18470.989,18478.05,18463.0055,18478.05
2024-08-22 07:45:00+00:00,18480.0165,18494.0,18474.9945,18493.016499999998
2024-08-22 07:50:00+00:00,18493.5555,18498.9945,18483.011,18483.011
2024-08-22 07:55:00+00:00,18482.5,18484.066499999997,18475.978,18480.933500000003
2024-08-22 08:00:00+00:00,18480.483500000002,18496.5055,18480.0,18483.983500000002
2024-08-22 08:05:00+00:00,18485.0055,18492.066499999997,18477.9945,18479.95
2024-08-22 08:10:00+00:00,18480.9945,18498.072,18480.011,18496.016499999998
2024-08-22 08:15:00+00:00,18497.0,18510.0165,18494.55,18508.060999999998
2024-08-22 08:20:00+00:00,18507.5,18512.0165,18491.066499999997,18492.011
2024-08-22 08:25:00+00:00,18492.5,18496.5555,18484.9445,18490.566499999997
2024-08-22 08:30:00+00:00,18490.05,18501.989,18487.978,18491.0055
2024-08-22 08:35:00+00:00,18491.9945,18503.011,18487.0,18501.0
2024-08-22 08:40:00+00:00,18500.516499999998,18516.511,18500.516499999998,18511.011
2024-08-22 08:45:00+00:00,18511.4445,18511.511,18501.95,18504.4945
2024-08-22 08:50:00+00:00,18504.9445,18509.989,18500.0,18505.928
2024-08-22 08:55:00+00:00,18506.4945,18508.939000000002,18501.933500000003,18506.066499999997
2024-08-22 09:00:00+00:00,18507.0055,18521.011,18506.0055,18513.933500000003
2024-08-22 09:05:00+00:00,18514.9945,18521.433500000003,18513.95,18518.978
2024-08-22 09:10:00+00:00,18517.9945,18530.0055,18515.983500000002,18529.072
2024-08-22 09:15:00+00:00,18530.022,18534.05,18522.939000000002,18533.516499999998
2024-08-22 09:20:00+00:00,18534.022,18535.572,18528.428,18530.011
2024-08-22 09:25:00+00:00,18530.9945,18532.0055,18520.989,18525.0055
2024-08-22 09:30:00+00:00,18524.4445,18528.4945,18514.5555,18515.928
2024-08-22 09:35:00+00:00,18515.011,18515.0555,18504.0,18504.4945
2024-08-22 09:40:00+00:00,18504.9835,18506.4835,18500.5,18501.0055
2024-08-22 09:45:00+00:00,18499.428,18503.5055,18496.511,18498.011
2024-08-22 09:50:00+00:00,18497.072,18506.011,18497.072,18502.4945
2024-08-22 09:55:00+00:00,18502.989,18503.428,18492.560999999998,18494.4835
2024-08-22 10:00:00+00:00,18494.0165,18507.0055,18490.439000000002,18506.5
2024-08-22 10:05:00+00:00,18507.0055,18511.0055,18500.5,18507.066499999997
2024-08-22 10:10:00+00:00,18505.989,18514.9835,18505.5,18512.0055
2024-08-22 10:15:00+00:00,18512.983500000002,18519.022,18510.95,18517.0055
2024-08-22 10:20:00+00:00,18517.439000000002,18519.5055,18513.066499999997,18517.511
2024-08-22 10:25:00+00:00,18517.0,18517.0,18507.516499999998,18511.0055
2024-08-22 10:30:00+00:00,18511.489,18512.05,18508.0,18510.4945
2024-08-22 10:35:00+00:00,18509.4945,18511.5165,18503.978,18511.0555
2024-08-22 10:40:00+00:00,18510.45,18512.4835,18506.05,18506.05
2024-08-22 10:45:00+00:00,18504.9945,18506.0055,18497.928,18497.928
2024-08-22 10:50:00+00:00,18497.4945,18499.9945,18493.45,18497.9945
2024-08-22 10:55:00+00:00,18498.5,18509.511,18498.5,18503.0
2024-08-22 11:00:00+00:00,18503.5,18504.022,18495.9835,18498.5
2024-08-22 11:05:00+00:00,18497.5555,18502.066499999997,18494.989,18501.5055
2024-08-22 11:10:00+00:00,18502.0555,18506.0055,18496.939000000002,18496.939000000002
2024-08-22 11:15:00+00:00,18496.5,18504.9945,18496.011,18500.011
2024-08-22 11:20:00+00:00,18500.5165,18503.05,18497.0,18501.989
2024-08-22 11:25:00+00:00,18501.5,18505.5,18499.0,18505.0
2024-08-22 11:30:00+00:00,18506.439000000002,18508.516499999998,18502.928,18504.0055
2024-08-22 11:35:00+00:00,18503.560999999998,18506.016499999998,18496.011,18504.516499999998
2024-08-22 11:40:00+00:00,18505.95,18506.022,18499.0055,18499.0055
2024-08-22 11:45:00+00:00,18500.0055,18501.0055,18495.4945,18501.0
2024-08-22 11:50:00+00:00,18502.0055,18508.0555,18501.4835,18504.989
2024-08-22 11:55:00+00:00,18506.0055,18509.0,18500.4945,18500.4945
2024-08-22 12:00:00+00:00,18501.011,18501.016499999998,18492.9835,18495.0
2024-08-22 12:05:00+00:00,18494.489,18503.016499999998,18494.489,18497.9945
2024-08-22 12:10:00+00:00,18497.483500000002,18498.522,18489.95,18493.5
2024-08-22 12:15:00+00:00,18492.572,18495.5055,18490.511,18494.072
2024-08-22 12:20:00+00:00,18494.9945,18496.572,18487.5055,18492.0
2024-08-22 12:25:00+00:00,18492.989,18499.489,18486.489,18496.4945
2024-08-22 12:30:00+00:00,18491.560999999998,18507.0555,18490.978,18499.0055
2024-08-22 12:35:00+00:00,18500.0555,18500.0555,18485.983500000002,18487.0
2024-08-22 12:40:00+00:00,18485.9945,18490.5055,18480.4945,18483.060999999998
2024-08-22 12:45:00+00:00,18483.928,18492.0165,18480.022,18491.9945
2024-08-22 12:50:00+00:00,18493.489,18496.5165,18486.95,18489.0055
2024-08-22 12:55:00+00:00,18488.0,18501.011,18486.978,18499.0055
2024-08-22 13:00:00+00:00,18499.511,18508.066499999997,18495.989,18506.9945
2024-08-22 13:05:00+00:00,18506.5055,18510.95,18499.0055,18508.983500000002
2024-08-22 13:10:00+00:00,18508.483500000002,18515.511,18506.5555,18512.4945
2024-08-22 13:15:00+00:00,18513.0055,18523.011,18512.060999999998,18520.978
2024-08-22 13:20:00+00:00,18520.489,18529.0055,18520.45,18528.0
2024-08-22 13:25:00+00:00,18527.5055,18532.0,18519.0,18532.0
2024-08-22 13:30:00+00:00,18531.5165,18536.5055,18521.95,18531.928
2024-08-22 13:35:00+00:00,18532.939000000002,18537.0555,18520.95,18532.011
2024-08-22 13:40:00+00:00,18533.060999999998,18548.5165,18532.9835,18535.95
2024-08-22 13:45:00+00:00,18546.55,18552.933500000003,18527.022,18529.989
2024-08-22 13:50:00+00:00,18528.95,18533.95,18516.433500000003,18533.0055
2024-08-22 13:55:00+00:00,18532.478,18546.0,18529.0055,18539.572
2024-08-22 14:00:00+00:00,18539.0555,18542.0,18530.011,18534.0055
2024-08-22 14:05:00+00:00,18533.4945,18535.5,18517.983500000002,18520.011
2024-08-22 14:10:00+00:00,18521.0555,18523.4945,18507.4445,18511.511
2024-08-22 14:15:00+00:00,18511.0055,18512.5165,18499.428,18500.433500000003
2024-08-22 14:20:00+00:00,18500.9445,18502.5165,18490.928,18500.4835
2024-08-22 14:25:00+00:00,18501.516499999998,18523.022,18500.066499999997,18523.022
2024-08-22 14:30:00+00:00,18521.928,18521.928,18498.9945,18500.0165
2024-08-22 14:35:00+00:00,18499.022,18511.55,18499.0,18511.511
2024-08-22 14:40:00+00:00,18511.928,18519.060999999998,18507.989,18508.428
2024-08-22 14:45:00+00:00,18509.5,18515.05,18500.011,18502.983500000002
2024-08-22 14:50:00+00:00,18501.928,18512.0555,18500.428,18511.55
2024-08-22 14:55:00+00:00,18511.072,18514.011,18501.439000000002,18503.0055
2024-08-22 15:00:00+00:00,18503.511,18510.9945,18501.428,18502.0
2024-08-22 15:05:00+00:00,18501.428,18516.011,18500.928,18511.0055
2024-08-22 15:10:00+00:00,18512.022,18521.0,18505.978,18521.0
2024-08-22 15:15:00+00:00,18519.9945,18519.9945,18497.9835,18497.9835
2024-08-22 15:20:00+00:00,18498.4945,18498.983500000002,18484.978,18491.011
2024-08-22 15:25:00+00:00,18490.0165,18497.9945,18488.4445,18494.0055
2024-08-22 15:30:00+00:00,18495.0055,18495.0055,18487.45,18489.45
2024-08-22 15:35:00+00:00,18489.0,18501.4945,18485.989,18486.522
2024-08-22 15:40:00+00:00,18487.0,18492.566499999997,18471.928,18473.0055
2024-08-22 15:45:00+00:00,18473.433500000003,18480.5055,18460.9835,18460.9835
2024-08-22 15:50:00+00:00,18463.4445,18469.572,18460.0055,18464.939000000002
2024-08-22 15:55:00+00:00,18465.489,18478.5,18462.928,18471.022
2024-08-22 16:00:00+00:00,18471.45,18485.016499999998,18469.016499999998,18482.9945
2024-08-22 16:05:00+00:00,18482.0055,18491.989,18479.989,18491.933500000003
2024-08-22 16:10:00+00:00,18491.511,18494.0055,18483.433500000003,18487.0055
2024-08-22 16:15:00+00:00,18487.511,18498.0055,18485.983500000002,18497.9945
2024-08-22 16:20:00+00:00,18498.5,18509.072,18498.0,18505.428
2024-08-22 16:25:00+00:00,18505.011,18516.5055,18505.011,18511.933500000003
2024-08-22 16:30:00+00:00,18511.5,18517.066499999997,18510.011,18513.928
2024-08-22 16:35:00+00:00,18513.45,18520.489,18513.45,18516.483500000002
2024-08-22 16:40:00+00:00,18515.489,18521.4835,18511.95,18513.933500000003
2024-08-22 16:45:00+00:00,18514.5,18515.511,18506.4945,18507.433500000003
2024-08-22 16:50:00+00:00,18507.939000000002,18511.0,18489.4445,18490.0
2024-08-22 16:55:00+00:00,18489.511,18493.4945,18484.0165,18487.9945
2024-08-22 17:00:00+00:00,18488.4945,18488.4945,18476.983500000002,18482.0
2024-08-22 17:05:00+00:00,18480.933500000003,18486.5,18472.5,18486.5
2024-08-22 17:10:00+00:00,18486.0,18502.072,18484.4945,18486.983500000002
2024-08-22 17:15:00+00:00,18487.483500000002,18503.066499999997,18487.0055,18497.9945
2024-08-22 17:20:00+00:00,18497.560999999998,18500.9835,18492.0055,18496.560999999998
2024-08-22 17:25:00+00:00,18496.011,18497.572,18484.489,18484.9945
2024-08-22 17:30:00+00:00,18483.9445,18488.0,18459.989,18471.0555
2024-08-22 17:35:00+00:00,18470.4945,18486.016499999998,18467.9945,18480.011
2024-08-22 17:40:00+00:00,18480.5055,18484.483500000002,18473.4945,18479.489
2024-08-22 17:45:00+00:00,18478.9945,18479.4945,18464.022,18466.0
2024-08-22 17:50:00+00:00,18465.433500000003,18470.933500000003,18454.4835,18455.5
2024-08-22 17:55:00+00:00,18456.066499999997,18459.522,18448.933500000003,18453.0055
2024-08-22 18:00:00+00:00,18452.0,18454.0,18441.4945,18444.983500000002
2024-08-22 18:05:00+00:00,18443.9835,18463.016499999998,18438.0055,18461.5
2024-08-22 18:10:00+00:00,18462.022,18464.011,18452.011,18462.939000000002
2024-08-22 18:15:00+00:00,18463.516499999998,18475.0,18461.983500000002,18473.939000000002
2024-08-22 18:20:00+00:00,18474.5,18477.0055,18462.489,18464.5
2024-08-22 18:25:00+00:00,18463.978,18472.0,18458.0555,18471.9945
2024-08-22 18:30:00+00:00,18470.060999999998,18471.0055,18463.4945,18466.5
2024-08-22 18:35:00+00:00,18465.9945,18469.0165,18462.4945,18465.5
2024-08-22 18:40:00+00:00,18465.0055,18467.0055,18458.433500000003,18462.516499999998
2024-08-22 18:45:00+00:00,18462.060999999998,18469.072,18460.4945,18461.022
2024-08-22 18:50:00+00:00,18461.511,18464.0,18457.45,18457.4945
2024-08-22 18:55:00+00:00,18458.0055,18463.066499999997,18448.933500000003,18452.016499999998
2024-08-22 19:00:00+00:00,18453.511,18466.4445,18451.022,18463.011
2024-08-22 19:05:00+00:00,18462.0,18464.022,18457.9945,18462.0055
2024-08-22 19:10:00+00:00,18462.4835,18466.4945,18457.939000000002,18462.983500000002
2024-08-22 19:15:00+00:00,18463.5,18466.933500000003,18453.428,18456.933500000003
2024-08-22 19:20:00+00:00,18456.45,18457.4945,18444.5,18446.55
2024-08-22 19:25:00+00:00,18446.933500000003,18452.45,18444.428,18445.022
2024-08-22 19:30:00+00:00,18446.933500000003,18455.560999999998,18445.9445,18446.489
2024-08-22 19:35:00+00:00,18447.011,18452.072,18442.5055,18447.5
2024-08-22 19:40:00+00:00,18448.0,18451.5165,18442.478,18444.9945
2024-08-22 19:45:00+00:00,18445.9945,18458.489,18444.489,18455.9835
2024-08-22 19:50:00+00:00,18456.489,18459.566499999997,18440.989,18447.5
2024-08-22 19:55:00+00:00,18448.0055,18451.011,18437.939000000002,18449.0055
2024-08-22 20:00:00+00:00,18448.189000000002,18453.0445,18428.3,18452.2945
2024-08-22 20:05:00+00:00,18451.45,18454.0,18443.2055,18454.0
2024-08-22 20:10:00+00:00,18453.0945,18457.366499999996,18450.6945,18453.1555
2024-08-22 22:05:00+00:00,18462.9055,18467.9,18462.1665,18465.461
2024-08-22 22:10:00+00:00,18466.2055,18467.4555,18463.278,18464.15
2024-08-22 22:15:00+00:00,18464.5445,18467.4055,18464.539,18464.5445
2024-08-22 22:20:00+00:00,18465.4,18466.0055,18462.628,18465.9945
2024-08-22 22:25:00+00:00,18465.5835,18466.9055,18465.1945,18465.1945
2024-08-22 22:30:00+00:00,18466.072,18469.310999999998,18465.9445,18468.922
2024-08-22 22:35:00+00:00,18469.366499999996,18473.560999999998,18468.5,18470.2
2024-08-22 22:40:00+00:00,18469.866499999996,18473.511,18469.3055,18472.178
2024-08-22 22:45:00+00:00,18472.5945,18472.6555,18470.9835,18471.75
2024-08-22 22:50:00+00:00,18470.9945,18474.366499999996,18470.222,18474.289
2024-08-22 22:55:00+00:00,18473.911,18473.911,18470.939000000002,18471.7445
2024-08-22 23:00:00+00:00,18472.65,18475.9445,18472.55,18475.105499999998
2024-08-22 23:05:00+00:00,18474.3055,18474.322,18469.2445,18469.2445
2024-08-22 23:10:00+00:00,18469.789,18472.2555,18469.2445,18471.8055
2024-08-22 23:15:00+00:00,18472.272,18472.589,18467.689000000002,18469.35
2024-08-22 23:20:00+00:00,18468.9665,18471.0,18468.478,18469.372
2024-08-22 23:25:00+00:00,18468.5165,18469.8055,18466.9555,18469.278
2024-08-22 23:30:00+00:00,18470.1945,18472.578,18469.2945,18471.789
2024-08-22 23:35:00+00:00,18471.0055,18471.855499999998,18469.2945,18469.3
2024-08-22 23:40:00+00:00,18468.5,18469.2945,18463.644500000002,18465.3055
2024-08-22 23:45:00+00:00,18464.5,18467.0055,18463.7,18466.2055
2024-08-22 23:50:00+00:00,18467.0055,18471.1165,18466.1945,18469.1
2024-08-22 23:55:00+00:00,18468.7,18469.9945,18467.5,18469.9945
2024-08-23 00:00:00+00:00,18471.528,18474.110999999997,18469.0335,18469.122
2024-08-23 00:05:00+00:00,18469.5,18474.8835,18469.078,18472.411
2024-08-23 00:10:00+00:00,18472.810999999998,18473.310999999998,18471.5945,18471.661
2024-08-23 00:15:00+00:00,18469.9945,18477.5055,18454.566499999997,18458.5165
2024-08-23 00:20:00+00:00,18458.5,18464.511,18454.4945,18463.511
2024-08-23 00:25:00+00:00,18463.0055,18473.483500000002,18462.928,18470.478
2024-08-23 00:30:00+00:00,18472.0555,18472.0555,18466.928,18466.933500000003
2024-08-23 00:35:00+00:00,18466.511,18472.5555,18462.5,18467.5555
2024-08-23 00:40:00+00:00,18468.0555,18470.011,18461.5055,18469.4945
2024-08-23 00:45:00+00:00,18469.928,18470.560999999998,18464.0,18464.5555
2024-08-23 00:50:00+00:00,18465.0,18468.022,18460.0165,18462.9835
2024-08-23 00:55:00+00:00,18463.439000000002,18464.0165,18456.5055,18456.989
2024-08-23 01:00:00+00:00,18458.0055,18460.516499999998,18452.439000000002,18458.9945
2024-08-23 01:05:00+00:00,18458.5555,18461.0,18457.989,18459.989
2024-08-23 01:10:00+00:00,18459.5,18466.060999999998,18459.5,18459.5055
2024-08-23 01:15:00+00:00,18459.011,18462.489,18457.989,18459.060999999998
2024-08-23 01:20:00+00:00,18458.560999999998,18458.560999999998,18452.489,18453.0055
2024-08-23 01:25:00+00:00,18454.511,18465.9445,18454.0,18465.45
2024-08-23 01:30:00+00:00,18464.9945,18467.016499999998,18458.05,18459.516499999998
2024-08-23 01:35:00+00:00,18460.0,18468.483500000002,18460.0,18465.072
2024-08-23 01:40:00+00:00,18464.060999999998,18465.511,18461.066499999997,18463.5055
2024-08-23 01:45:00+00:00,18463.0,18467.011,18462.066499999997,18463.0055
2024-08-23 01:50:00+00:00,18462.55,18463.0055,18458.489,18459.0165
2024-08-23 01:55:00+00:00,18460.989,18460.989,18458.939000000002,18459.989
2024-08-23 02:00:00+00:00,18460.5055,18466.989,18458.9945,18458.9945
2024-08-23 02:05:00+00:00,18459.55,18466.0165,18459.0,18465.4835
2024-08-23 02:10:00+00:00,18465.0,18466.5555,18464.428,18466.5555
2024-08-23 02:15:00+00:00,18465.9835,18469.511,18465.9835,18469.060999999998
2024-08-23 02:20:00+00:00,18469.5165,18475.5055,18468.9945,18472.939000000002
2024-08-23 02:25:00+00:00,18473.5055,18474.0,18470.483500000002,18470.489
2024-08-23 02:30:00+00:00,18471.0055,18471.572,18469.5,18470.489
2024-08-23 02:35:00+00:00,18470.95,18472.55,18469.4835,18472.55
2024-08-23 02:40:00+00:00,18471.978,18476.55,18471.483500000002,18475.9945
2024-08-23 02:45:00+00:00,18479.072,18481.0055,18477.5055,18478.5
2024-08-23 02:50:00+00:00,18478.0,18478.0,18474.0055,18474.45
2024-08-23 02:55:00+00:00,18477.560999999998,18478.0,18473.933500000003,18478.0
2024-08-23 03:00:00+00:00,18477.5,18480.978,18475.060999999998,18477.0
2024-08-23 03:05:00+00:00,18477.516499999998,18482.428,18477.516499999998,18480.45
2024-08-23 03:10:00+00:00,18481.0555,18482.0055,18478.5055,18481.5
2024-08-23 03:15:00+00:00,18482.0,18483.066499999997,18480.572,18483.066499999997
2024-08-23 03:20:00+00:00,18483.428,18483.933500000003,18481.011,18481.989
2024-08-23 03:25:00+00:00,18482.572,18483.5,18481.560999999998,18481.560999999998
2024-08-23 03:30:00+00:00,18482.0055,18482.516499999998,18480.95,18481.9835
2024-08-23 03:35:00+00:00,18482.4835,18487.0,18481.95,18487.0
2024-08-23 03:40:00+00:00,18487.5,18494.5165,18487.016499999998,18491.5
2024-08-23 03:45:00+00:00,18492.439000000002,18492.572,18488.516499999998,18491.9835
2024-08-23 03:50:00+00:00,18491.522,18493.511,18490.066499999997,18491.9445
2024-08-23 03:55:00+00:00,18491.5165,18492.5,18490.5055,18490.5055
2024-08-23 04:00:00+00:00,18489.428,18500.9945,18489.428,18500.0
2024-08-23 04:05:00+00:00,18499.5,18501.066499999997,18495.5,18500.0165
2024-08-23 04:10:00+00:00,18498.989,18502.4945,18498.0055,18499.9945
2024-08-23 04:15:00+00:00,18499.483500000002,18500.0055,18497.066499999997,18497.066499999997
2024-08-23 04:20:00+00:00,18497.5055,18502.45,18496.983500000002,18501.016499999998
2024-08-23 04:25:00+00:00,18500.511,18501.566499999997,18496.989,18496.989
2024-08-23 04:30:00+00:00,18497.5,18499.55,18497.0,18497.5
2024-08-23 04:35:00+00:00,18495.989,18498.5055,18494.45,18494.9945
2024-08-23 04:40:00+00:00,18494.511,18495.072,18490.95,18490.95
2024-08-23 04:45:00+00:00,18490.489,18493.5165,18489.933500000003,18491.5
2024-08-23 04:50:00+00:00,18490.989,18493.5,18487.5,18490.9835
2024-08-23 04:55:00+00:00,18490.489,18494.5165,18490.489,18494.5165
2024-08-23 05:00:00+00:00,18495.0555,18495.0555,18492.939000000002,18493.5055
2024-08-23 05:05:00+00:00,18493.022,18497.483500000002,18492.4945,18497.0
2024-08-23 05:10:00+00:00,18497.489,18501.5555,18497.489,18499.0055
2024-08-23 05:15:00+00:00,18500.4445,18501.55,18496.9945,18500.011
2024-08-23 05:20:00+00:00,18500.511,18504.5165,18500.011,18503.011
2024-08-23 05:25:00+00:00,18503.5,18506.989,18501.489,18503.5055
2024-08-23 05:30:00+00:00,18504.066499999997,18509.5165,18503.489,18503.489
2024-08-23 05:35:00+00:00,18504.011,18511.5,18504.011,18511.5
2024-08-23 05:40:00+00:00,18512.4445,18515.9945,18506.5,18506.5
2024-08-23 05:45:00+00:00,18506.072,18507.511,18499.45,18507.511
2024-08-23 05:50:00+00:00,18507.022,18511.5,18501.4945,18501.55
2024-08-23 05:55:00+00:00,18499.45,18503.011,18494.489,18502.5
2024-08-23 06:00:00+00:00,18505.5055,18519.4945,18500.989,18511.989
2024-08-23 06:05:00+00:00,18512.5055,18530.011,18511.489,18525.4945
2024-08-23 06:10:00+00:00,18526.566499999997,18528.5055,18522.0,18526.5555
2024-08-23 06:15:00+00:00,18526.989,18534.511,18521.0,18521.55
2024-08-23 06:20:00+00:00,18521.0055,18521.560999999998,18514.511,18517.4945
2024-08-23 06:25:00+00:00,18516.4835,18521.511,18515.9945,18519.4835
2024-08-23 06:30:00+00:00,18518.4445,18518.5,18513.433500000003,18515.4445
2024-08-23 06:35:00+00:00,18517.011,18525.439000000002,18516.4945,18524.4445
2024-08-23 06:40:00+00:00,18525.0555,18529.489,18521.572,18528.511
2024-08-23 06:45:00+00:00,18529.05,18530.983500000002,18512.933500000003,18514.5555
2024-08-23 06:50:00+00:00,18514.0,18523.428,18512.0055,18521.566499999997
2024-08-23 06:55:00+00:00,18521.011,18529.933500000003,18519.511,18523.5
2024-08-23 07:00:00+00:00,18526.428,18547.072,18526.428,18537.0055
2024-08-23 07:05:00+00:00,18535.9445,18552.939000000002,18533.478,18543.511
2024-08-23 07:10:00+00:00,18544.0,18547.522,18526.4945,18532.9945
2024-08-23 07:15:00+00:00,18531.989,18545.011,18527.560999999998,18539.4945
2024-08-23 07:20:00+00:00,18540.489,18543.522,18532.428,18533.011
2024-08-23 07:25:00+00:00,18532.560999999998,18551.511,18532.560999999998,18545.9835
2024-08-23 07:30:00+00:00,18545.5,18557.516499999998,18545.5,18548.478
2024-08-23 07:35:00+00:00,18548.9945,18548.9945,18536.072,18542.0
2024-08-23 07:40:00+00:00,18543.0055,18545.5055,18535.4835,18545.066499999997
2024-08-23 07:45:00+00:00,18545.5,18551.5,18541.9835,18543.511
2024-08-23 07:50:00+00:00,18544.060999999998,18547.55,18536.0055,18541.5
2024-08-23 07:55:00+00:00,18541.9945,18542.5555,18520.939000000002,18520.9945
2024-08-23 08:00:00+00:00,18520.5,18532.433500000003,18516.489,18532.433500000003
2024-08-23 08:05:00+00:00,18532.0055,18538.5,18530.011,18538.5
2024-08-23 08:10:00+00:00,18537.55,18549.0055,18536.5055,18546.011
2024-08-23 08:15:00+00:00,18545.4835,18552.072,18541.0,18551.5
2024-08-23 08:20:00+00:00,18551.9945,18568.5555,18550.45,18565.572
2024-08-23 08:25:00+00:00,18565.989,18567.9835,18559.939000000002,18563.0055
2024-08-23 08:30:00+00:00,18563.5,18569.511,18560.5,18563.0055
2024-08-23 08:35:00+00:00,18563.483500000002,18565.4945,18559.0555,18561.511
2024-08-23 08:40:00+00:00,18560.5,18563.5,18552.4945,18563.5
2024-08-23 08:45:00+00:00,18561.478,18569.011,18561.478,18567.4445
2024-08-23 08:50:00+00:00,18567.9945,18571.022,18561.0055,18571.022
2024-08-23 08:55:00+00:00,18571.4835,18586.511,18569.5,18585.516499999998
2024-08-23 09:00:00+00:00,18586.9945,18588.5055,18576.0,18579.011
2024-08-23 09:05:00+00:00,18579.4945,18583.4835,18575.4945,18578.011
2024-08-23 09:10:00+00:00,18578.5055,18590.428,18577.489,18590.428
2024-08-23 09:15:00+00:00,18589.939000000002,18594.5055,18587.55,18591.5055
2024-08-23 09:20:00+00:00,18593.0055,18593.5055,18578.4945,18585.5
2024-08-23 09:25:00+00:00,18584.95,18599.0055,18584.95,18598.5
2024-08-23 09:30:00+00:00,18598.0055,18600.05,18593.4445,18598.983500000002
2024-08-23 09:35:00+00:00,18598.5055,18613.066499999997,18598.5055,18608.572
2024-08-23 09:40:00+00:00,18608.0,18611.989,18604.5,18605.439000000002
2024-08-23 09:45:00+00:00,18606.05,18618.0555,18604.5,18618.0555
2024-08-23 09:50:00+00:00,18617.428,18629.4945,18612.989,18628.022
2024-08-23 09:55:00+00:00,18627.560999999998,18627.560999999998,18619.0055,18621.011
2024-08-23 10:00:00+00:00,18620.4945,18628.572,18613.05,18627.5165
2024-08-23 10:05:00+00:00,18626.933500000003,18631.572,18620.4945,18621.5
2024-08-23 10:10:00+00:00,18622.0555,18624.9945,18618.5,18618.928
2024-08-23 10:15:00+00:00,18618.0055,18619.066499999997,18609.511,18613.5055
2024-08-23 10:20:00+00:00,18613.0055,18614.5,18604.0055,18606.0165
2024-08-23 10:25:00+00:00,18607.45,18609.566499999997,18602.989,18607.011
2024-08-23 10:30:00+00:00,18606.5055,18614.05,18604.45,18612.560999999998
2024-08-23 10:35:00+00:00,18612.9835,18622.566499999997,18612.0,18619.572
2024-08-23 10:40:00+00:00,18620.022,18628.989,18619.4945,18622.511
2024-08-23 10:45:00+00:00,18622.0055,18624.5165,18618.939000000002,18620.022
2024-08-23 10:50:00+00:00,18619.5,18619.5,18609.433500000003,18611.072
2024-08-23 10:55:00+00:00,18611.516499999998,18615.022,18607.489,18611.5
2024-08-23 11:00:00+00:00,18610.5,18612.072,18600.989,18607.433500000003
2024-08-23 11:05:00+00:00,18608.060999999998,18618.060999999998,18607.511,18612.0
2024-08-23 11:10:00+00:00,18611.511,18613.0,18596.928,18601.983500000002
2024-08-23 11:15:00+00:00,18602.511,18603.483500000002,18594.4945,18598.0165
2024-08-23 11:20:00+00:00,18598.55,18598.9445,18589.478,18590.0055
2024-08-23 11:25:00+00:00,18590.5,18600.0,18589.95,18600.0
2024-08-23 11:30:00+00:00,18599.489,18599.489,18592.45,18595.4945
2024-08-23 11:35:00+00:00,18595.989,18605.989,18594.5,18604.060999999998
2024-08-23 11:40:00+00:00,18605.0555,18606.072,18600.511,18602.433500000003
2024-08-23 11:45:00+00:00,18601.933500000003,18601.978,18593.928,18600.95
2024-08-23 11:50:00+00:00,18600.489,18600.489,18590.95,18591.928
2024-08-23 11:55:00+00:00,18592.572,18596.0555,18591.0,18593.989
2024-08-23 12:00:00+00:00,18593.0165,18600.060999999998,18591.5,18593.516499999998
2024-08-23 12:05:00+00:00,18593.0055,18602.0055,18588.928,18594.516499999998
2024-08-23 12:10:00+00:00,18593.989,18597.0055,18590.9945,18591.022
2024-08-23 12:15:00+00:00,18589.9945,18591.0,18581.072,18581.072
2024-08-23 12:20:00+00:00,18580.0,18587.066499999997,18580.0,18584.016499999998
2024-08-23 12:25:00+00:00,18582.983500000002,18583.439000000002,18568.439000000002,18572.989
2024-08-23 12:30:00+00:00,18574.0,18583.989,18570.9445,18581.928
2024-08-23 12:35:00+00:00,18582.428,18595.5,18582.011,18594.566499999997
2024-08-23 12:40:00+00:00,18594.983500000002,18597.011,18590.0055,18595.5555
2024-08-23 12:45:00+00:00,18595.066499999997,18603.066499999997,18594.928,18602.0165
2024-08-23 12:50:00+00:00,18601.55,18604.0165,18590.483500000002,18591.439000000002
2024-08-23 12:55:00+00:00,18591.0,18595.483500000002,18587.483500000002,18587.483500000002
2024-08-23 13:00:00+00:00,18586.928,18590.066499999997,18581.478,18588.4945
2024-08-23 13:05:00+00:00,18587.0055,18593.4445,18584.9835,18588.989
2024-08-23 13:10:00+00:00,18589.4945,18592.0,18580.9945,18581.572
2024-08-23 13:15:00+00:00,18581.9945,18591.0555,18578.933500000003,18590.0055
2024-08-23 13:20:00+00:00,18591.0,18591.0,18579.0055,18579.489
2024-08-23 13:25:00+00:00,18580.5,18583.4945,18576.072,18582.483500000002
2024-08-23 13:30:00+00:00,18583.022,18597.05,18582.0,18596.511
2024-08-23 13:35:00+00:00,18596.0,18601.0055,18586.4945,18590.4945
2024-08-23 13:40:00+00:00,18591.0,18596.016499999998,18578.928,18581.428
2024-08-23 13:45:00+00:00,18581.928,18588.983500000002,18577.5,18577.928
2024-08-23 13:50:00+00:00,18577.5055,18581.072,18567.5,18577.4945
2024-08-23 13:55:00+00:00,18577.05,18586.5,18573.4445,18586.4945
2024-08-23 14:00:00+00:00,18587.0055,18626.011,18587.0055,18620.4835
2024-08-23 14:05:00+00:00,18621.5,18642.989,18607.5,18640.4945
2024-08-23 14:10:00+00:00,18640.0055,18673.011,18640.0,18664.072
2024-08-23 14:15:00+00:00,18664.428,18666.0,18619.4445,18629.5165
2024-08-23 14:20:00+00:00,18629.9945,18663.0165,18619.428,18662.522
2024-08-23 14:25:00+00:00,18661.4445,18664.4945,18647.011,18654.060999999998
2024-08-23 14:30:00+00:00,18654.55,18658.483500000002,18640.489,18643.0
2024-08-23 14:35:00+00:00,18643.5055,18646.928,18633.4945,18643.983500000002
2024-08-23 14:40:00+00:00,18644.928,18657.011,18634.483500000002,18648.5
2024-08-23 14:45:00+00:00,18649.011,18649.5,18604.45,18619.9945
2024-08-23 14:50:00+00:00,18619.5055,18627.5055,18589.5,18603.9445
2024-08-23 14:55:00+00:00,18602.939000000002,18641.5,18601.022,18631.5
2024-08-23 15:00:00+00:00,18630.428,18630.428,18616.489,18625.5055
2024-08-23 15:05:00+00:00,18624.933500000003,18631.572,18614.433500000003,18631.022
2024-08-23 15:10:00+00:00,18629.989,18632.978,18609.55,18632.05
2024-08-23 15:15:00+00:00,18631.0055,18643.4945,18627.572,18640.560999999998
2024-08-23 15:20:00+00:00,18641.0055,18641.5055,18629.0055,18633.439000000002
2024-08-23 15:25:00+00:00,18632.45,18639.0555,18627.011,18635.983500000002
2024-08-23 15:30:00+00:00,18635.522,18640.5555,18632.0,18634.511
2024-08-23 15:35:00+00:00,18635.5055,18644.566499999997,18633.489,18640.4445
2024-08-23 15:40:00+00:00,18640.066499999997,18647.511,18616.489,18621.9445
2024-08-23 15:45:00+00:00,18621.428,18626.0,18609.95,18620.439000000002
2024-08-23 15:50:00+00:00,18619.933500000003,18621.511,18610.0555,18614.5555
2024-08-23 15:55:00+00:00,18614.066499999997,18619.4945,18605.489,18608.0555
2024-08-23 16:00:00+00:00,18609.0055,18610.566499999997,18593.9945,18599.433500000003
2024-08-23 16:05:00+00:00,18599.016499999998,18602.572,18586.95,18599.5
2024-08-23 16:10:00+00:00,18599.983500000002,18601.022,18585.4945,18588.5
2024-08-23 16:15:00+00:00,18587.489,18593.572,18579.9945,18587.9835
2024-08-23 16:20:00+00:00,18588.489,18589.0555,18577.516499999998,18577.516499999998
2024-08-23 16:25:00+00:00,18578.011,18580.5055,18566.0055,18574.989
2024-08-23 16:30:00+00:00,18575.939000000002,18585.0165,18573.483500000002,18583.0
2024-08-23 16:35:00+00:00,18583.433500000003,18589.5,18581.989,18582.5
2024-08-23 16:40:00+00:00,18581.4835,18586.011,18561.5055,18566.5055
2024-08-23 16:45:00+00:00,18566.933500000003,18571.5165,18560.0055,18564.5
2024-08-23 16:50:00+00:00,18564.05,18579.5055,18564.05,18576.928
2024-08-23 16:55:00+00:00,18577.439000000002,18590.4945,18576.933500000003,18582.0555
2024-08-23 17:00:00+00:00,18580.9945,18585.05,18576.989,18581.9445
2024-08-23 17:05:00+00:00,18581.483500000002,18586.5,18580.989,18584.5
2024-08-23 17:10:00+00:00,18585.0,18586.0555,18579.428,18583.989
2024-08-23 17:15:00+00:00,18584.5,18589.5055,18580.0055,18582.9945
2024-08-23 17:20:00+00:00,18582.566499999997,18589.0,18580.933500000003,18584.989
2024-08-23 17:25:00+00:00,18585.5555,18591.989,18581.95,18589.011
2024-08-23 17:30:00+00:00,18589.4945,18593.95,18588.0055,18591.0555
2024-08-23 17:35:00+00:00,18589.95,18597.011,18587.511,18594.933500000003
2024-08-23 17:40:00+00:00,18595.5,18604.989,18591.439000000002,18603.0055
2024-08-23 17:45:00+00:00,18603.511,18604.55,18593.45,18599.4445
2024-08-23 17:50:00+00:00,18599.9945,18603.022,18593.5,18599.489
2024-08-23 17:55:00+00:00,18599.0055,18601.0055,18590.0,18592.0055
2024-08-23 18:00:00+00:00,18592.516499999998,18596.0055,18588.066499999997,18595.5
2024-08-23 18:05:00+00:00,18596.0,18596.0,18589.5055,18591.4945
2024-08-23 18:10:00+00:00,18592.066499999997,18597.0555,18589.478,18595.989
2024-08-23 18:15:00+00:00,18595.433500000003,18598.0555,18591.433500000003,18593.0
2024-08-23 18:20:00+00:00,18593.511,18594.060999999998,18582.0,18593.0055
2024-08-23 18:25:00+00:00,18593.5055,18600.066499999997,18591.933500000003,18597.5
2024-08-23 18:30:00+00:00,18598.0,18599.0055,18594.016499999998,18597.5
2024-08-23 18:35:00+00:00,18597.0,18602.560999999998,18594.433500000003,18597.5555
2024-08-23 18:40:00+00:00,18598.05,18604.011,18596.939000000002,18600.4945
2024-08-23 18:45:00+00:00,18601.4445,18604.072,18600.483500000002,18602.55
2024-08-23 18:50:00+00:00,18602.022,18603.55,18598.4945,18601.011
2024-08-23 18:55:00+00:00,18601.516499999998,18603.0165,18594.4945,18601.489
2024-08-23 19:00:00+00:00,18601.9945,18603.011,18596.0,18601.016499999998
2024-08-23 19:05:00+00:00,18600.4945,18606.05,18599.5055,18606.05
2024-08-23 19:10:00+00:00,18606.5,18617.022,18605.989,18615.9945
2024-08-23 19:15:00+00:00,18615.433500000003,18616.489,18610.0,18614.022
2024-08-23 19:20:00+00:00,18614.483500000002,18624.0,18613.989,18623.0055
2024-08-23 19:25:00+00:00,18623.4945,18630.066499999997,18622.933500000003,18628.9945
2024-08-23 19:30:00+00:00,18630.066499999997,18631.072,18623.989,18627.5555
2024-08-23 19:35:00+00:00,18626.9945,18627.983500000002,18617.95,18623.0
2024-08-23 19:40:00+00:00,18622.489,18625.572,18617.989,18617.9945
2024-08-23 19:45:00+00:00,18618.4945,18623.066499999997,18611.072,18621.511
2024-08-23 19:50:00+00:00,18622.0,18629.516499999998,18616.45,18629.011
2024-08-23 19:55:00+00:00,18629.9445,18632.060999999998,18625.0,18626.95
2024-08-23 20:00:00+00:00,18627.511,18628.011,18627.511,18628.011
2024-08-26 00:00:00+00:00,18607.316499999997,18616.411,18607.316499999997,18614.7445
2024-08-26 00:05:00+00:00,18615.2,18615.672,18605.644500000002,18606.4945
2024-08-26 00:10:00+00:00,18607.3,18609.860999999997,18598.2,18607.7055
2024-08-26 00:15:00+00:00,18603.4945,18603.4945,18586.511,18591.5055
2024-08-26 00:20:00+00:00,18591.5055,18592.5055,18581.439000000002,18581.9445
2024-08-26 00:25:00+00:00,18580.983500000002,18580.983500000002,18572.5,18575.433500000003
2024-08-26 00:30:00+00:00,18573.022,18575.5,18568.5055,18573.560999999998
2024-08-26 00:35:00+00:00,18573.0,18582.060999999998,18570.433500000003,18580.0
2024-08-26 00:40:00+00:00,18579.433500000003,18590.516499999998,18577.9945,18589.511
2024-08-26 00:45:00+00:00,18588.5,18601.560999999998,18588.5,18600.4945
2024-08-26 00:50:00+00:00,18600.989,18607.560999999998,18600.0165,18604.439000000002
2024-08-26 00:55:00+00:00,18605.0,18610.016499999998,18604.439000000002,18609.55
2024-08-26 01:00:00+00:00,18610.0055,18613.072,18606.5055,18608.439000000002
2024-08-26 01:05:00+00:00,18609.011,18609.522,18601.5,18601.9945
2024-08-26 01:10:00+00:00,18602.522,18606.516499999998,18601.5,18602.4445
2024-08-26 01:15:00+00:00,18603.428,18605.95,18597.433500000003,18599.5
2024-08-26 01:20:00+00:00,18599.0055,18605.489,18598.489,18601.433500000003
2024-08-26 01:25:00+00:00,18602.5,18605.4445,18601.428,18601.4835
2024-08-26 01:30:00+00:00,18602.45,18609.0,18601.433500000003,18601.433500000003
2024-08-26 01:35:00+00:00,18602.5165,18606.4945,18599.0,18600.489
2024-08-26 01:40:00+00:00,18599.5555,18602.560999999998,18599.0,18599.560999999998
2024-08-26 01:45:00+00:00,18600.016499999998,18603.066499999997,18599.45,18599.5
2024-08-26 01:50:00+00:00,18600.022,18600.9945,18598.989,18600.0
2024-08-26 01:55:00+00:00,18599.516499999998,18600.566499999997,18597.011,18597.428
2024-08-26 02:00:00+00:00,18596.489,18599.016499999998,18595.4945,18597.572
2024-08-26 02:05:00+00:00,18597.0,18598.5,18593.45,18597.0
2024-08-26 02:10:00+00:00,18596.439000000002,18597.5055,18588.0,18590.433500000003
2024-08-26 02:15:00+00:00,18591.0055,18592.483500000002,18588.4945,18589.5055
2024-08-26 02:20:00+00:00,18589.0055,18589.0055,18584.9835,18585.560999999998
2024-08-26 02:25:00+00:00,18585.066499999997,18588.0555,18581.0555,18582.572
2024-08-26 02:30:00+00:00,18581.5055,18585.4945,18580.428,18582.060999999998
2024-08-26 02:35:00+00:00,18581.439000000002,18583.511,18579.489,18583.022
2024-08-26 02:40:00+00:00,18582.5,18582.5,18578.428,18581.516499999998
2024-08-26 02:45:00+00:00,18581.9445,18582.4945,18578.4945,18580.5
2024-08-26 02:50:00+00:00,18580.0,18586.5555,18579.560999999998,18586.5555
2024-08-26 02:55:00+00:00,18586.928,18586.978,18579.9945,18581.0055
2024-08-26 03:00:00+00:00,18581.5,18584.5555,18580.989,18584.5055
2024-08-26 03:05:00+00:00,18585.0165,18588.0,18585.0165,18588.0
2024-08-26 03:10:00+00:00,18587.5165,18590.983500000002,18586.5,18588.516499999998
2024-08-26 03:15:00+00:00,18588.0,18593.060999999998,18587.989,18591.511
2024-08-26 03:20:00+00:00,18591.011,18592.5055,18589.439000000002,18589.5
2024-08-26 03:25:00+00:00,18589.933500000003,18589.983500000002,18587.5,18589.066499999997
2024-08-26 03:30:00+00:00,18587.5055,18589.5555,18585.011,18585.011
2024-08-26 03:35:00+00:00,18584.4835,18584.4835,18574.5,18577.489
2024-08-26 03:40:00+00:00,18576.511,18580.572,18575.4945,18577.5
2024-08-26 03:45:00+00:00,18576.483500000002,18579.0165,18575.9945,18577.0165
2024-08-26 03:50:00+00:00,18576.511,18579.5555,18576.489,18578.5055
2024-08-26 03:55:00+00:00,18577.933500000003,18578.572,18576.011,18577.511
2024-08-26 04:00:00+00:00,18576.983500000002,18580.511,18572.0055,18574.0
2024-08-26 04:05:00+00:00,18575.016499999998,18575.066499999997,18570.928,18573.9945
2024-08-26 04:10:00+00:00,18573.4945,18576.489,18572.489,18574.9945
2024-08-26 04:20:00+00:00,18575.522,18577.4945,18574.983500000002,18575.5055
2024-08-26 04:25:00+00:00,18575.978,18576.516499999998,18575.022,18575.428
2024-08-26 04:30:00+00:00,18575.011,18576.439000000002,18574.9945,18576.439000000002
2024-08-26 04:35:00+00:00,18577.0,18578.478,18575.9835,18578.478
2024-08-26 04:40:00+00:00,18578.0,18579.022,18576.989,18578.5555
2024-08-26 04:45:00+00:00,18577.9945,18581.5,18577.9945,18580.5555
2024-08-26 04:50:00+00:00,18581.060999999998,18582.5555,18579.0,18580.566499999997
2024-08-26 04:55:00+00:00,18581.05,18581.4945,18575.939000000002,18576.5
2024-08-26 05:00:00+00:00,18575.511,18576.511,18571.9835,18573.5
2024-08-26 05:05:00+00:00,18574.0,18578.478,18571.4945,18577.0055
2024-08-26 05:10:00+00:00,18574.522,18574.989,18566.4945,18574.511
2024-08-26 05:15:00+00:00,18574.0055,18574.0055,18570.4835,18571.5055
2024-08-26 05:20:00+00:00,18570.928,18578.572,18570.928,18577.489
2024-08-26 05:25:00+00:00,18577.0055,18578.05,18575.5055,18575.55
2024-08-26 05:30:00+00:00,18576.5,18588.489,18576.5,18585.5055
2024-08-26 05:35:00+00:00,18585.9945,18592.0,18583.989,18592.0
2024-08-26 05:40:00+00:00,18589.45,18592.0165,18589.45,18591.566499999997
2024-08-26 05:45:00+00:00,18591.9945,18593.011,18590.016499999998,18593.011
2024-08-26 05:50:00+00:00,18592.5,18598.022,18592.5,18593.928
2024-08-26 05:55:00+00:00,18593.4945,18594.0,18585.9835,18589.489
2024-08-26 06:00:00+00:00,18589.9945,18604.016499999998,18589.45,18600.9445
2024-08-26 06:05:00+00:00,18600.011,18605.5055,18596.5,18602.939000000002
2024-08-26 06:10:00+00:00,18603.5555,18603.5555,18593.5,18597.05
2024-08-26 06:15:00+00:00,18597.5,18597.5,18588.0,18590.011
2024-08-26 06:20:00+00:00,18589.5,18590.511,18585.983500000002,18586.9945
2024-08-26 06:25:00+00:00,18587.9445,18589.478,18584.5,18587.0
2024-08-26 06:30:00+00:00,18587.489,18589.072,18582.5,18583.016499999998
2024-08-26 06:35:00+00:00,18583.9945,18583.9945,18577.011,18577.939000000002
2024-08-26 06:40:00+00:00,18577.55,18579.016499999998,18573.483500000002,18574.489
2024-08-26 06:45:00+00:00,18575.011,18575.011,18569.572,18570.5
2024-08-26 06:50:00+00:00,18571.0,18578.45,18565.433500000003,18577.5
2024-08-26 06:55:00+00:00,18578.022,18583.072,18575.0,18581.5055
2024-08-26 07:00:00+00:00,18584.939000000002,18593.9945,18567.989,18589.566499999997
2024-08-26 07:05:00+00:00,18590.489,18605.489,18586.011,18604.572
2024-08-26 07:10:00+00:00,18604.9835,18604.9835,18588.939000000002,18593.95
2024-08-26 07:15:00+00:00,18593.0,18595.0,18582.9445,18585.0555
2024-08-26 07:20:00+00:00,18586.05,18588.0,18573.9945,18577.516499999998
2024-08-26 07:25:00+00:00,18578.072,18578.072,18567.4945,18567.5055
2024-08-26 07:30:00+00:00,18568.433500000003,18580.0,18567.0165,18567.5
2024-08-26 07:35:00+00:00,18567.9445,18569.0,18555.9945,18563.0555
2024-08-26 07:40:00+00:00,18563.4945,18564.016499999998,18548.5,18551.066499999997
2024-08-26 07:45:00+00:00,18551.45,18560.4835,18549.0,18555.939000000002
2024-08-26 07:50:00+00:00,18556.433500000003,18567.0165,18556.0055,18567.0055
2024-08-26 07:55:00+00:00,18566.5,18574.9835,18561.511,18573.060999999998
2024-08-26 08:00:00+00:00,18572.05,18578.9835,18566.0,18578.9835
2024-08-26 08:05:00+00:00,18577.9445,18590.022,18569.489,18590.022
2024-08-26 08:10:00+00:00,18591.011,18591.011,18581.5,18586.0
2024-08-26 08:15:00+00:00,18587.55,18599.016499999998,18587.066499999997,18595.0055
2024-08-26 08:20:00+00:00,18596.489,18596.9835,18588.428,18590.9945
2024-08-26 08:25:00+00:00,18593.05,18598.45,18590.011,18595.989
2024-08-26 08:30:00+00:00,18596.5,18601.060999999998,18594.0055,18600.0
2024-08-26 08:35:00+00:00,18600.5,18601.0055,18591.0,18591.95
2024-08-26 08:40:00+00:00,18592.4945,18594.5555,18585.489,18590.566499999997
2024-08-26 08:45:00+00:00,18591.5555,18591.572,18584.933500000003,18587.9945
2024-08-26 08:50:00+00:00,18587.439000000002,18590.516499999998,18583.489,18588.989
2024-08-26 08:55:00+00:00,18589.5055,18597.516499999998,18586.5055,18596.5555
2024-08-26 09:00:00+00:00,18596.9445,18601.0055,18592.4945,18592.4945
2024-08-26 09:05:00+00:00,18593.0555,18594.0555,18584.989,18587.4835
2024-08-26 09:10:00+00:00,18587.0,18587.5,18578.5055,18579.4945
2024-08-26 09:15:00+00:00,18578.9945,18579.9445,18576.0,18576.0
2024-08-26 09:20:00+00:00,18576.5055,18585.4945,18573.489,18584.45
2024-08-26 09:25:00+00:00,18584.989,18590.522,18581.9945,18590.522
2024-08-26 09:30:00+00:00,18590.0055,18590.0055,18578.9945,18578.9945
2024-08-26 09:35:00+00:00,18579.511,18579.511,18574.439000000002,18577.060999999998
2024-08-26 09:40:00+00:00,18576.522,18576.522,18568.511,18568.9445
2024-08-26 09:45:00+00:00,18568.060999999998,18570.560999999998,18566.4445,18566.5055
2024-08-26 09:50:00+00:00,18566.928,18572.572,18565.011,18571.978
2024-08-26 09:55:00+00:00,18571.489,18575.0165,18566.55,18574.0
2024-08-26 10:00:00+00:00,18573.0555,18576.0055,18571.05,18574.011
2024-08-26 10:05:00+00:00,18575.0055,18585.022,18574.5,18581.9835
2024-08-26 10:10:00+00:00,18582.4945,18586.55,18582.0,18586.0
2024-08-26 10:15:00+00:00,18587.0165,18594.4945,18584.5,18592.983500000002
2024-08-26 10:20:00+00:00,18593.511,18595.016499999998,18589.45,18590.489
2024-08-26 10:25:00+00:00,18592.489,18596.511,18592.489,18594.5
2024-08-26 10:30:00+00:00,18593.95,18593.95,18578.939000000002,18579.522
2024-08-26 10:35:00+00:00,18580.022,18585.989,18576.5555,18585.989
2024-08-26 10:40:00+00:00,18586.489,18587.5,18579.478,18581.022
2024-08-26 10:45:00+00:00,18580.45,18585.5,18580.45,18580.939000000002
2024-08-26 10:50:00+00:00,18581.428,18588.0165,18581.428,18586.0055
2024-08-26 10:55:00+00:00,18586.4445,18592.9835,18585.9945,18591.0055
2024-08-26 11:00:00+00:00,18590.428,18597.489,18590.0,18593.4445
2024-08-26 11:05:00+00:00,18592.989,18595.0,18588.4945,18591.9945
2024-08-26 11:10:00+00:00,18592.5055,18600.5055,18589.5,18599.4945
2024-08-26 11:15:00+00:00,18599.0555,18603.0055,18594.5,18601.0
2024-08-26 11:20:00+00:00,18602.0,18609.511,18600.5,18608.989
2024-08-26 11:25:00+00:00,18609.9835,18614.5055,18604.5055,18605.939000000002
2024-08-26 11:30:00+00:00,18605.4945,18609.066499999997,18605.4945,18607.5
2024-08-26 11:35:00+00:00,18608.489,18613.0,18598.983500000002,18602.066499999997
2024-08-26 11:40:00+00:00,18602.439000000002,18609.489,18598.011,18598.011
2024-08-26 11:45:00+00:00,18598.516499999998,18608.489,18593.9945,18607.483500000002
2024-08-26 11:50:00+00:00,18607.9945,18614.0055,18607.4945,18614.0
2024-08-26 11:55:00+00:00,18614.511,18618.072,18613.428,18618.0055
2024-08-26 12:00:00+00:00,18619.0055,18619.522,18603.489,18603.9835
2024-08-26 12:05:00+00:00,18603.489,18607.989,18600.9945,18606.483500000002
2024-08-26 12:10:00+00:00,18606.9445,18614.0,18606.489,18612.5
2024-08-26 12:15:00+00:00,18612.011,18616.572,18611.0,18614.5
2024-08-26 12:20:00+00:00,18615.0055,18616.0165,18609.5,18612.011
2024-08-26 12:25:00+00:00,18612.572,18618.022,18610.989,18616.0165
2024-08-26 12:30:00+00:00,18614.978,18618.5055,18610.0165,18615.0
2024-08-26 12:35:00+00:00,18613.9445,18621.5,18613.9445,18619.0
2024-08-26 12:40:00+00:00,18618.4835,18618.4835,18606.4945,18607.928
2024-08-26 12:45:00+00:00,18606.989,18618.560999999998,18603.5,18615.05
2024-08-26 12:50:00+00:00,18615.9445,18619.566499999997,18611.9835,18617.95
2024-08-26 12:55:00+00:00,18617.5,18621.989,18615.9445,18620.511
2024-08-26 13:00:00+00:00,18620.011,18629.483500000002,18618.933500000003,18627.572
2024-08-26 13:05:00+00:00,18628.0,18629.072,18612.4945,18612.9835
2024-08-26 13:10:00+00:00,18612.566499999997,18614.55,18606.572,18607.0
2024-08-26 13:15:00+00:00,18606.5,18614.478,18605.428,18613.0055
2024-08-26 13:20:00+00:00,18613.4945,18619.011,18611.0,18611.5055
2024-08-26 13:25:00+00:00,18611.072,18616.0,18608.489,18611.0055
2024-08-26 13:30:00+00:00,18612.439000000002,18616.572,18597.016499999998,18597.566499999997
2024-08-26 13:35:00+00:00,18596.939000000002,18612.011,18594.5,18603.933500000003
2024-08-26 13:40:00+00:00,18603.511,18620.0055,18601.5,18620.0055
2024-08-26 13:45:00+00:00,18621.060999999998,18625.011,18615.4835,18625.011
2024-08-26 13:50:00+00:00,18625.978,18635.4945,18622.989,18624.0
2024-08-26 13:55:00+00:00,18625.5,18636.0555,18623.45,18634.9835
2024-08-26 14:00:00+00:00,18636.0,18638.0,18626.9945,18636.0055
2024-08-26 14:05:00+00:00,18636.55,18640.016499999998,18628.511,18635.5
2024-08-26 14:10:00+00:00,18636.0,18637.0165,18623.989,18625.522
2024-08-26 14:15:00+00:00,18625.9835,18629.522,18618.0,18621.5055
2024-08-26 14:20:00+00:00,18622.5055,18635.016499999998,18621.933500000003,18635.016499999998
2024-08-26 14:25:00+00:00,18634.0,18640.55,18628.4835,18637.022
2024-08-26 14:30:00+00:00,18636.4945,18639.566499999997,18626.95,18630.066499999997
2024-08-26 14:35:00+00:00,18629.439000000002,18632.011,18601.5055,18605.060999999998
2024-08-26 14:40:00+00:00,18603.95,18621.0,18602.978,18605.939000000002
2024-08-26 14:45:00+00:00,18605.439000000002,18615.566499999997,18603.066499999997,18611.9445
2024-08-26 14:50:00+00:00,18611.516499999998,18623.560999999998,18610.0055,18620.0055
2024-08-26 14:55:00+00:00,18620.989,18624.9835,18614.9835,18621.5555
2024-08-26 15:00:00+00:00,18622.011,18633.478,18621.433500000003,18631.439000000002
2024-08-26 15:05:00+00:00,18630.978,18630.978,18622.5,18624.989
2024-08-26 15:10:00+00:00,18625.566499999997,18636.4945,18625.0,18636.0
2024-08-26 15:20:00+00:00,18626.4445,18630.0,18619.5,18625.95
2024-08-26 15:25:00+00:00,18625.0,18626.511,18618.933500000003,18621.489
2024-08-26 15:30:00+00:00,18621.989,18621.989,18612.483500000002,18614.4945
2024-08-26 15:35:00+00:00,18615.5,18616.511,18609.95,18614.5055
2024-08-26 15:40:00+00:00,18614.060999999998,18622.983500000002,18610.933500000003,18616.989
2024-08-26 15:45:00+00:00,18616.4945,18617.4945,18607.489,18615.4945
2024-08-26 15:50:00+00:00,18614.4945,18615.5555,18604.5,18609.5055
2024-08-26 15:55:00+00:00,18609.016499999998,18612.516499999998,18602.428,18607.0555
2024-08-26 16:00:00+00:00,18605.983500000002,18610.0,18600.4945,18610.0
2024-08-26 16:05:00+00:00,18609.4945,18614.072,18605.95,18612.5055
2024-08-26 16:10:00+00:00,18612.95,18619.0,18611.4945,18612.9945
2024-08-26 16:15:00+00:00,18612.5,18619.5,18611.5,18618.55
2024-08-26 16:20:00+00:00,18618.0,18632.05,18617.489,18630.5165
2024-08-26 16:25:00+00:00,18630.989,18637.5,18629.511,18636.0
2024-08-26 16:30:00+00:00,18636.45,18642.566499999997,18632.939000000002,18636.439000000002
2024-08-26 16:35:00+00:00,18636.016499999998,18639.5055,18633.5,18634.0
2024-08-26 16:40:00+00:00,18634.4945,18635.989,18631.428,18633.95
2024-08-26 16:45:00+00:00,18634.5055,18637.022,18631.5,18632.9445
2024-08-26 16:50:00+00:00,18632.011,18634.060999999998,18627.933500000003,18629.45
2024-08-26 16:55:00+00:00,18629.0055,18632.572,18626.933500000003,18629.0055
2024-08-26 17:00:00+00:00,18628.511,18636.572,18627.5055,18636.55
2024-08-26 17:05:00+00:00,18636.016499999998,18639.9945,18627.983500000002,18632.0
2024-08-26 17:10:00+00:00,18631.45,18637.489,18625.572,18634.989
2024-08-26 17:15:00+00:00,18633.9945,18635.066499999997,18625.0,18626.5
2024-08-26 17:20:00+00:00,18627.011,18636.5,18624.989,18634.989
2024-08-26 17:25:00+00:00,18635.5,18638.566499999997,18629.939000000002,18631.522
2024-08-26 17:30:00+00:00,18632.011,18634.9945,18628.978,18632.5
2024-08-26 17:35:00+00:00,18632.072,18633.016499999998,18613.489,18615.016499999998
2024-08-26 17:40:00+00:00,18615.5,18619.072,18612.939000000002,18614.0
2024-08-26 17:45:00+00:00,18614.928,18615.011,18598.9835,18600.433500000003
2024-08-26 17:50:00+00:00,18600.978,18603.428,18597.483500000002,18602.016499999998
2024-08-26 17:55:00+00:00,18601.4445,18603.0,18596.489,18602.0
2024-08-26 18:00:00+00:00,18602.45,18610.5,18598.022,18603.933500000003
2024-08-26 18:05:00+00:00,18604.5,18608.0555,18597.9945,18600.5
2024-08-26 18:10:00+00:00,18600.072,18609.016499999998,18598.011,18609.016499999998
2024-08-26 18:15:00+00:00,18608.4945,18610.072,18604.5055,18608.511
2024-08-26 18:20:00+00:00,18607.989,18617.511,18607.989,18617.4945
2024-08-26 18:25:00+00:00,18616.933500000003,18623.5555,18613.489,18622.933500000003
2024-08-26 18:30:00+00:00,18622.55,18628.5055,18621.5055,18628.5055
2024-08-26 18:35:00+00:00,18629.0165,18639.45,18628.4445,18638.011
2024-08-26 18:40:00+00:00,18637.489,18642.572,18637.489,18641.9835
2024-08-26 18:45:00+00:00,18641.566499999997,18644.5055,18637.4835,18638.0
2024-08-26 18:50:00+00:00,18637.572,18641.0055,18631.978,18633.0555
2024-08-26 18:55:00+00:00,18632.560999999998,18643.55,18632.560999999998,18642.011
2024-08-26 19:00:00+00:00,18641.560999999998,18641.560999999998,18633.433500000003,18634.066499999997
2024-08-26 19:05:00+00:00,18633.428,18634.5165,18628.4835,18633.439000000002
2024-08-26 19:10:00+00:00,18633.022,18638.5,18631.989,18635.5055
2024-08-26 19:15:00+00:00,18636.0,18637.066499999997,18629.0055,18634.933500000003
2024-08-26 19:20:00+00:00,18635.489,18638.989,18633.0,18635.489
2024-08-26 19:25:00+00:00,18634.9445,18639.5,18632.5,18633.016499999998
2024-08-26 19:30:00+00:00,18632.0055,18636.560999999998,18628.9945,18635.4945
2024-08-26 19:35:00+00:00,18636.022,18636.439000000002,18627.0,18627.5
2024-08-26 19:40:00+00:00,18626.989,18636.016499999998,18625.978,18628.0
2024-08-26 19:45:00+00:00,18627.572,18630.989,18624.989,18627.0055
2024-08-26 19:50:00+00:00,18629.0,18636.522,18629.0,18634.5
2024-08-26 19:55:00+00:00,18633.5055,18635.0,18624.95,18635.0
2024-08-26 20:00:00+00:00,18634.5,18636.1945,18621.211,18622.1665
2024-08-26 20:05:00+00:00,18621.2,18622.1,18616.233500000002,18617.1
2024-08-26 20:10:00+00:00,18616.2945,18617.9,18612.989,18613.733500000002
2024-08-26 22:05:00+00:00,18628.65,18629.028,18604.2,18605.0
2024-08-26 22:10:00+00:00,18605.4835,18616.7165,18605.4835,18616.139000000003
2024-08-26 22:15:00+00:00,18615.816499999997,18616.628,18609.15,18610.011
2024-08-26 22:20:00+00:00,18610.4165,18615.0,18609.189000000002,18610.889000000003
2024-08-26 22:25:00+00:00,18611.7055,18611.7055,18608.4165,18609.144500000002
2024-08-26 22:30:00+00:00,18610.3445,18611.7,18600.3445,18605.4665
2024-08-26 22:35:00+00:00,18605.8,18609.522,18603.7,18607.8835
2024-08-26 22:40:00+00:00,18608.2945,18608.7,18603.761,18603.761
2024-08-26 22:45:00+00:00,18602.85,18605.3335,18600.4055,18602.95
2024-08-26 22:50:00+00:00,18603.7055,18607.0,18602.883500000004,18604.65
2024-08-26 22:55:00+00:00,18605.411,18609.511,18605.411,18609.5
2024-08-26 23:00:00+00:00,18608.7055,18614.522,18607.0,18613.689000000002
2024-08-26 23:05:00+00:00,18612.894500000002,18613.2945,18610.35,18611.933500000003
2024-08-26 23:10:00+00:00,18611.2,18612.972,18610.394500000002,18612.972
2024-08-26 23:15:00+00:00,18613.716500000002,18622.8,18612.878,18622.0055
2024-08-26 23:20:00+00:00,18621.1165,18629.461,18619.5055,18625.7445
2024-08-26 23:25:00+00:00,18626.610999999997,18629.105499999998,18623.2945,18627.3335
2024-08-26 23:30:00+00:00,18627.8055,18629.1665,18623.739,18623.8
2024-08-26 23:35:00+00:00,18624.2,18626.25,18624.2,18625.45
2024-08-26 23:40:00+00:00,18624.65,18627.961,18623.739,18627.961
2024-08-26 23:45:00+00:00,18627.433500000003,18628.6945,18621.316499999997,18623.739
2024-08-26 23:50:00+00:00,18623.378,18627.972,18623.378,18626.7
2024-08-26 23:55:00+00:00,18627.110999999997,18627.110999999997,18623.810999999998,18624.610999999997
2024-08-27 00:00:00+00:00,18625.389000000003,18626.355499999998,18618.7945,18619.6
2024-08-27 00:05:00+00:00,18618.8055,18622.478,18618.789,18620.439000000002
2024-08-27 00:10:00+00:00,18621.3055,18624.3,18618.8,18624.3
2024-08-27 00:15:00+00:00,18621.0055,18630.511,18621.0055,18629.066499999997
2024-08-27 00:20:00+00:00,18628.983500000002,18637.0,18628.983500000002,18633.511
2024-08-27 00:25:00+00:00,18632.9945,18636.5055,18631.928,18635.0
2024-08-27 00:30:00+00:00,18636.05,18640.5165,18636.05,18639.0
2024-08-27 00:35:00+00:00,18639.989,18642.0055,18635.5,18635.5
2024-08-27 00:40:00+00:00,18635.9835,18637.511,18633.4945,18633.566499999997
2024-08-27 00:45:00+00:00,18633.983500000002,18636.0,18628.55,18630.5
2024-08-27 00:50:00+00:00,18631.0555,18633.5055,18624.55,18628.4945
2024-08-27 00:55:00+00:00,18629.0,18629.0,18623.939000000002,18627.0
2024-08-27 01:00:00+00:00,18627.428,18628.989,18625.45,18628.5055
2024-08-27 01:05:00+00:00,18629.011,18633.933500000003,18627.983500000002,18628.5
2024-08-27 01:10:00+00:00,18629.011,18629.011,18625.433500000003,18627.489
2024-08-27 01:15:00+00:00,18628.0,18633.5,18628.0,18633.4945
2024-08-27 01:20:00+00:00,18632.4945,18634.05,18630.5555,18633.4945
2024-08-27 01:25:00+00:00,18632.4835,18634.060999999998,18631.989,18632.0
2024-08-27 01:30:00+00:00,18631.522,18632.511,18622.9945,18624.989
2024-08-27 01:35:00+00:00,18624.5055,18626.489,18624.5055,18626.489
2024-08-27 01:40:00+00:00,18625.928,18626.060999999998,18622.989,18625.989
2024-08-27 01:45:00+00:00,18625.5165,18633.0055,18624.428,18631.566499999997
2024-08-27 01:50:00+00:00,18631.983500000002,18635.511,18631.4945,18634.4945
2024-08-27 01:55:00+00:00,18634.0,18638.0,18632.5055,18636.439000000002
2024-08-27 02:00:00+00:00,18634.9945,18635.5055,18633.478,18634.4945
2024-08-27 02:05:00+00:00,18635.0,18636.572,18634.439000000002,18636.572
2024-08-27 02:10:00+00:00,18636.060999999998,18636.4945,18634.489,18635.4945
2024-08-27 02:15:00+00:00,18636.95,18638.4945,18635.933500000003,18636.5
2024-08-27 02:20:00+00:00,18637.0055,18638.45,18635.522,18638.060999999998
2024-08-27 02:25:00+00:00,18638.489,18641.428,18638.489,18640.989
2024-08-27 02:30:00+00:00,18641.439000000002,18649.989,18641.0055,18648.5
2024-08-27 02:35:00+00:00,18648.072,18649.072,18645.9835,18647.9945
2024-08-27 02:40:00+00:00,18647.5,18648.0165,18646.478,18648.011
2024-08-27 02:45:00+00:00,18648.511,18649.9945,18647.5055,18648.55
2024-08-27 02:50:00+00:00,18649.0,18649.0,18646.511,18647.05
2024-08-27 02:55:00+00:00,18646.566499999997,18648.011,18642.478,18642.5055
2024-08-27 03:00:00+00:00,18643.0055,18645.9945,18642.939000000002,18643.4945
2024-08-27 03:05:00+00:00,18643.9945,18645.4945,18642.5,18642.9945
2024-08-27 03:10:00+00:00,18643.522,18645.0,18642.489,18645.0
2024-08-27 03:15:00+00:00,18644.0055,18644.4945,18642.5,18643.4945
2024-08-27 03:20:00+00:00,18643.9945,18644.0055,18639.9945,18639.9945
2024-08-27 03:25:00+00:00,18639.4945,18642.511,18639.45,18641.0
2024-08-27 03:30:00+00:00,18641.4945,18643.0055,18639.0055,18639.5
2024-08-27 03:35:00+00:00,18640.011,18640.011,18636.433500000003,18636.433500000003
2024-08-27 03:40:00+00:00,18636.9445,18640.0,18636.4445,18640.0
2024-08-27 03:45:00+00:00,18639.5,18649.0,18639.5,18649.0
2024-08-27 03:50:00+00:00,18648.511,18649.0,18645.989,18646.5165
2024-08-27 03:55:00+00:00,18645.9945,18646.5055,18645.428,18646.489
2024-08-27 04:00:00+00:00,18645.489,18645.489,18643.0,18643.572
2024-08-27 04:05:00+00:00,18642.983500000002,18644.060999999998,18639.4945,18641.0
2024-08-27 04:10:00+00:00,18641.5165,18647.483500000002,18640.939000000002,18645.978
2024-08-27 04:15:00+00:00,18646.5555,18647.0055,18644.439000000002,18646.5
2024-08-27 04:20:00+00:00,18646.928,18649.5165,18646.0055,18648.022
2024-08-27 04:25:00+00:00,18648.5165,18648.5165,18646.4835,18646.4835
2024-08-27 04:30:00+00:00,18647.4445,18647.489,18647.060999999998,18647.489
2024-08-27 04:35:00+00:00,18646.9445,18647.989,18646.5055,18647.5555
2024-08-27 04:40:00+00:00,18648.0,18649.55,18646.989,18647.511
2024-08-27 04:45:00+00:00,18648.5555,18649.5555,18647.439000000002,18649.5555
2024-08-27 04:50:00+00:00,18649.011,18650.072,18648.483500000002,18649.566499999997
2024-08-27 04:55:00+00:00,18648.0555,18653.4945,18648.0555,18650.5
2024-08-27 05:00:00+00:00,18652.011,18652.5055,18649.022,18649.022
2024-08-27 05:05:00+00:00,18650.428,18652.572,18650.428,18650.5555
2024-08-27 05:10:00+00:00,18652.522,18660.566499999997,18652.522,18657.511
2024-08-27 05:15:00+00:00,18658.0055,18660.5165,18653.566499999997,18653.566499999997
2024-08-27 05:20:00+00:00,18654.011,18657.0,18651.55,18654.9445
2024-08-27 05:25:00+00:00,18657.0165,18658.511,18654.4945,18654.4945
2024-08-27 05:30:00+00:00,18656.9945,18659.0,18655.439000000002,18657.928
2024-08-27 05:35:00+00:00,18657.522,18659.0055,18653.489,18653.989
2024-08-27 05:40:00+00:00,18654.433500000003,18659.011,18653.978,18658.066499999997
2024-08-27 05:45:00+00:00,18657.5055,18658.0055,18653.9945,18655.572
2024-08-27 05:50:00+00:00,18655.0,18659.439000000002,18654.4945,18656.989
2024-08-27 05:55:00+00:00,18657.45,18658.55,18655.4945,18657.489
2024-08-27 06:00:00+00:00,18657.022,18657.572,18638.939000000002,18641.4445
2024-08-27 06:05:00+00:00,18638.9835,18643.5055,18630.9835,18632.511
2024-08-27 06:10:00+00:00,18631.5165,18639.5555,18630.428,18639.5055
2024-08-27 06:15:00+00:00,18639.0555,18647.05,18638.5555,18645.0055
2024-08-27 06:20:00+00:00,18644.433500000003,18649.5055,18642.5055,18643.5
2024-08-27 06:25:00+00:00,18644.0055,18644.022,18629.4445,18630.9945
2024-08-27 06:30:00+00:00,18630.489,18635.4945,18629.483500000002,18634.428
2024-08-27 06:35:00+00:00,18633.933500000003,18641.439000000002,18632.9945,18639.478
2024-08-27 06:40:00+00:00,18638.939000000002,18643.5055,18638.433500000003,18643.5055
2024-08-27 06:45:00+00:00,18644.0,18652.066499999997,18639.5055,18639.5055
2024-08-27 06:50:00+00:00,18640.5055,18654.566499999997,18638.5,18653.060999999998
2024-08-27 06:55:00+00:00,18654.022,18662.55,18638.9835,18642.011
2024-08-27 07:00:00+00:00,18642.5555,18654.5055,18627.433500000003,18633.5
2024-08-27 07:05:00+00:00,18632.9945,18638.4945,18621.516499999998,18633.511
2024-08-27 07:10:00+00:00,18633.9835,18646.566499999997,18627.522,18637.4945
2024-08-27 07:15:00+00:00,18638.4445,18643.5,18628.5055,18643.5
2024-08-27 07:20:00+00:00,18642.9835,18642.9835,18629.489,18631.55
2024-08-27 07:25:00+00:00,18632.4945,18649.572,18630.4835,18648.0
2024-08-27 07:30:00+00:00,18647.433500000003,18652.5,18634.4945,18638.560999999998
2024-08-27 07:35:00+00:00,18638.0,18651.0,18637.933500000003,18642.989
2024-08-27 07:40:00+00:00,18643.5,18652.428,18637.9945,18646.933500000003
2024-08-27 07:45:00+00:00,18646.011,18646.4945,18635.478,18638.489
2024-08-27 07:50:00+00:00,18639.4945,18646.5555,18630.0,18642.4945
2024-08-27 07:55:00+00:00,18643.5055,18654.0055,18642.0,18654.0055
2024-08-27 08:00:00+00:00,18654.4835,18667.011,18650.9945,18666.489
2024-08-27 08:05:00+00:00,18667.5055,18673.0,18659.05,18659.9945
2024-08-27 08:10:00+00:00,18660.9945,18670.511,18657.45,18669.0055
2024-08-27 08:15:00+00:00,18668.0,18672.022,18660.5055,18661.011
2024-08-27 08:20:00+00:00,18661.572,18673.9945,18656.928,18673.5055
2024-08-27 08:25:00+00:00,18670.978,18675.9835,18666.0,18675.5055
2024-08-27 08:30:00+00:00,18675.989,18694.022,18675.4945,18691.5055
2024-08-27 08:35:00+00:00,18692.5055,18704.0165,18691.0,18697.5165
2024-08-27 08:40:00+00:00,18697.9945,18699.060999999998,18689.5,18698.9945
2024-08-27 08:45:00+00:00,18698.572,18703.060999999998,18695.5,18695.95
2024-08-27 08:50:00+00:00,18696.516499999998,18696.516499999998,18679.4945,18685.45
2024-08-27 08:55:00+00:00,18684.983500000002,18689.0055,18676.0055,18689.0055
2024-08-27 09:00:00+00:00,18689.511,18694.5055,18689.483500000002,18693.511
2024-08-27 09:05:00+00:00,18693.0,18695.5165,18678.989,18679.566499999997
2024-08-27 09:10:00+00:00,18680.072,18685.560999999998,18678.011,18681.939000000002
2024-08-27 09:15:00+00:00,18682.5165,18684.522,18677.989,18680.433500000003
2024-08-27 09:20:00+00:00,18681.0055,18699.978,18679.489,18699.978
2024-08-27 09:25:00+00:00,18699.5,18699.5,18690.0055,18695.572
2024-08-27 09:30:00+00:00,18694.9945,18695.511,18679.011,18679.016499999998
2024-08-27 09:35:00+00:00,18679.516499999998,18680.066499999997,18662.9445,18669.5
2024-08-27 09:40:00+00:00,18670.0,18670.55,18653.483500000002,18665.483500000002
2024-08-27 09:45:00+00:00,18665.0,18666.5,18658.511,18660.5555
2024-08-27 09:50:00+00:00,18660.011,18664.489,18653.060999999998,18663.0
2024-08-27 09:55:00+00:00,18663.4945,18666.4945,18655.933500000003,18656.489
2024-08-27 10:00:00+00:00,18657.428,18659.5055,18647.983500000002,18656.55
2024-08-27 10:05:00+00:00,18655.5,18655.5,18645.9445,18650.483500000002
2024-08-27 10:10:00+00:00,18649.511,18651.516499999998,18641.4445,18642.011
2024-08-27 10:15:00+00:00,18641.489,18648.566499999997,18637.483500000002,18644.483500000002
2024-08-27 10:20:00+00:00,18643.566499999997,18653.566499999997,18639.0,18653.566499999997
2024-08-27 10:25:00+00:00,18654.0,18654.0,18644.4945,18646.45
2024-08-27 10:30:00+00:00,18646.060999999998,18654.0,18644.439000000002,18645.4945
2024-08-27 10:35:00+00:00,18644.989,18656.516499999998,18644.989,18656.516499999998
2024-08-27 10:40:00+00:00,18656.0165,18662.933500000003,18655.0555,18658.4835
2024-08-27 10:45:00+00:00,18657.989,18667.522,18657.95,18664.0
2024-08-27 10:50:00+00:00,18663.011,18665.983500000002,18653.0165,18662.5165
2024-08-27 10:55:00+00:00,18663.5,18669.5,18658.516499999998,18663.483500000002
2024-08-27 11:00:00+00:00,18662.9445,18665.9445,18656.489,18660.060999999998
2024-08-27 11:05:00+00:00,18659.483500000002,18663.0055,18655.55,18658.5
2024-08-27 11:10:00+00:00,18659.05,18661.066499999997,18654.0165,18655.4945
2024-08-27 11:15:00+00:00,18656.0165,18667.489,18655.483500000002,18667.0
2024-08-27 11:20:00+00:00,18667.5055,18670.5055,18663.011,18667.4445
2024-08-27 11:25:00+00:00,18666.4945,18684.0055,18666.428,18682.989
2024-08-27 11:30:00+00:00,18682.0555,18708.55,18682.0555,18690.0555
2024-08-27 11:35:00+00:00,18691.072,18697.45,18687.928,18693.5
2024-08-27 11:40:00+00:00,18693.0,18703.011,18693.0,18701.433500000003
2024-08-27 11:45:00+00:00,18702.022,18706.0,18697.489,18702.4445
2024-08-27 11:50:00+00:00,18702.022,18703.0,18695.4945,18697.5
2024-08-27 11:55:00+00:00,18697.928,18703.511,18696.0055,18702.522
2024-08-27 12:00:00+00:00,18703.489,18703.566499999997,18690.4945,18694.55
2024-08-27 12:05:00+00:00,18693.983500000002,18703.0165,18693.95,18698.989
2024-08-27 12:10:00+00:00,18698.5055,18706.983500000002,18697.9945,18704.5055
2024-08-27 12:15:00+00:00,18704.989,18713.022,18702.989,18708.5055
2024-08-27 12:20:00+00:00,18709.0555,18713.011,18702.933500000003,18713.011
2024-08-27 12:25:00+00:00,18713.4835,18730.0055,18712.066499999997,18728.0165
2024-08-27 12:30:00+00:00,18727.4835,18728.016499999998,18712.428,18713.4835
2024-08-27 12:35:00+00:00,18713.933500000003,18713.933500000003,18700.022,18705.511
2024-08-27 12:40:00+00:00,18705.989,18710.511,18695.989,18696.483500000002
2024-08-27 12:45:00+00:00,18695.5,18703.5,18684.928,18684.928
2024-08-27 12:50:00+00:00,18684.511,18684.511,18671.5165,18677.5055
2024-08-27 12:55:00+00:00,18678.5055,18701.011,18678.5055,18687.511
2024-08-27 13:00:00+00:00,18690.4445,18694.5055,18669.9945,18672.0
2024-08-27 13:05:00+00:00,18671.489,18691.478,18671.0,18689.5
2024-08-27 13:10:00+00:00,18688.511,18701.016499999998,18686.933500000003,18694.5055
2024-08-27 13:15:00+00:00,18694.0,18708.9445,18692.989,18706.55
2024-08-27 13:20:00+00:00,18706.989,18715.511,18702.989,18708.939000000002
2024-08-27 13:25:00+00:00,18707.9835,18719.022,18702.516499999998,18716.516499999998
2024-08-27 13:30:00+00:00,18716.060999999998,18719.0,18705.4945,18712.0
2024-08-27 13:35:00+00:00,18711.5,18721.489,18698.0055,18698.978
2024-08-27 13:40:00+00:00,18699.522,18709.5,18684.0055,18708.489
2024-08-27 13:45:00+00:00,18709.933500000003,18716.55,18699.4945,18704.55
2024-08-27 13:50:00+00:00,18703.489,18711.4945,18689.060999999998,18689.95
2024-08-27 13:55:00+00:00,18689.516499999998,18693.516499999998,18673.428,18682.433500000003
2024-08-27 14:00:00+00:00,18683.0,18698.011,18678.0,18695.433500000003
2024-08-27 14:05:00+00:00,18696.066499999997,18704.5055,18693.489,18695.516499999998
2024-08-27 14:10:00+00:00,18696.022,18703.55,18688.928,18691.5
2024-08-27 14:15:00+00:00,18692.0,18698.511,18687.928,18695.022
2024-08-27 14:20:00+00:00,18694.5,18700.572,18686.5055,18698.939000000002
2024-08-27 14:25:00+00:00,18699.522,18710.4445,18694.939000000002,18709.4945
2024-08-27 14:30:00+00:00,18708.989,18720.016499999998,18703.95,18705.011
2024-08-27 14:35:00+00:00,18706.0055,18708.9945,18701.489,18702.4945
2024-08-27 14:40:00+00:00,18703.011,18703.011,18693.5055,18694.933500000003
2024-08-27 14:45:00+00:00,18694.4835,18704.511,18690.566499999997,18703.5
2024-08-27 14:50:00+00:00,18702.5,18710.5555,18700.5,18707.4945
2024-08-27 14:55:00+00:00,18706.4445,18714.022,18703.9945,18710.0055
2024-08-27 15:00:00+00:00,18711.0,18718.0055,18708.511,18709.572
2024-08-27 15:05:00+00:00,18709.989,18709.989,18700.4945,18703.5
2024-08-27 15:10:00+00:00,18703.928,18704.5055,18693.428,18695.072
2024-08-27 15:15:00+00:00,18695.5,18702.9945,18690.989,18696.5055
2024-08-27 15:20:00+00:00,18695.5,18701.566499999997,18695.4445,18696.4945
2024-08-27 15:25:00+00:00,18696.016499999998,18701.0,18692.560999999998,18697.989
2024-08-27 15:30:00+00:00,18697.478,18698.5,18682.5055,18683.5055
2024-08-27 15:35:00+00:00,18684.011,18686.511,18679.989,18681.0165
2024-08-27 15:40:00+00:00,18681.489,18682.560999999998,18673.4945,18682.5555
2024-08-27 15:45:00+00:00,18681.489,18689.0555,18679.560999999998,18683.0
2024-08-27 15:50:00+00:00,18682.5555,18687.060999999998,18678.478,18682.0055
2024-08-27 15:55:00+00:00,18681.489,18688.072,18679.5555,18687.5165
2024-08-27 16:00:00+00:00,18686.939000000002,18690.560999999998,18684.939000000002,18684.983500000002
2024-08-27 16:05:00+00:00,18684.0,18684.5055,18678.4835,18682.0
2024-08-27 16:10:00+00:00,18681.516499999998,18695.572,18680.5165,18694.5555
2024-08-27 16:15:00+00:00,18693.95,18695.4445,18687.011,18690.4445
2024-08-27 16:20:00+00:00,18691.0,18691.5,18685.433500000003,18691.0055
2024-08-27 16:25:00+00:00,18692.0055,18694.066499999997,18688.566499999997,18693.0055
2024-08-27 16:30:00+00:00,18692.489,18697.5,18688.5555,18695.4945
2024-08-27 16:35:00+00:00,18695.0055,18695.516499999998,18687.572,18688.0055
2024-08-27 16:40:00+00:00,18688.516499999998,18689.511,18679.989,18684.072
2024-08-27 16:45:00+00:00,18684.522,18692.95,18683.5,18691.5055
2024-08-27 16:50:00+00:00,18692.011,18699.060999999998,18692.011,18696.9945
2024-08-27 16:55:00+00:00,18697.5,18699.5,18694.016499999998,18695.5
2024-08-27 17:00:00+00:00,18694.989,18699.0555,18694.428,18696.978
2024-08-27 17:05:00+00:00,18697.4445,18701.511,18694.4445,18696.5055
2024-08-27 17:10:00+00:00,18696.9835,18699.522,18696.428,18699.0055
2024-08-27 17:15:00+00:00,18698.511,18700.072,18695.4945,18698.5
2024-08-27 17:20:00+00:00,18699.0055,18702.522,18698.433500000003,18701.5055
2024-08-27 17:25:00+00:00,18702.0055,18709.5555,18701.4945,18707.5
2024-08-27 17:30:00+00:00,18708.0055,18713.572,18707.489,18713.5165
2024-08-27 17:35:00+00:00,18712.989,18716.522,18710.511,18714.0055
2024-08-27 17:40:00+00:00,18714.489,18715.572,18709.0055,18712.0
2024-08-27 17:45:00+00:00,18712.4945,18713.5,18708.489,18712.4945
2024-08-27 17:50:00+00:00,18711.939000000002,18712.989,18709.4835,18711.0165
2024-08-27 17:55:00+00:00,18710.4835,18711.5165,18705.4445,18709.05
2024-08-27 18:00:00+00:00,18708.522,18710.511,18705.4445,18708.566499999997
2024-08-27 18:05:00+00:00,18709.4945,18711.05,18707.572,18708.072
2024-08-27 18:10:00+00:00,18708.489,18710.4945,18705.5,18709.0055
2024-08-27 18:15:00+00:00,18709.5,18711.05,18702.45,18706.560999999998
2024-08-27 18:20:00+00:00,18705.9945,18708.516499999998,18699.483500000002,18700.489
2024-08-27 18:25:00+00:00,18700.066499999997,18701.4945,18697.439000000002,18698.5055
2024-08-27 18:30:00+00:00,18697.45,18700.516499999998,18689.4835,18690.572
2024-08-27 18:35:00+00:00,18691.011,18695.5,18691.011,18694.45
2024-08-27 18:40:00+00:00,18694.066499999997,18699.483500000002,18693.5055,18699.45
2024-08-27 18:45:00+00:00,18698.511,18700.9945,18696.516499999998,18698.072
2024-08-27 18:50:00+00:00,18698.4835,18702.572,18694.4945,18701.433500000003
2024-08-27 18:55:00+00:00,18701.9945,18702.4945,18697.939000000002,18700.433500000003
2024-08-27 19:00:00+00:00,18700.0,18702.072,18692.0,18694.5
2024-08-27 19:05:00+00:00,18693.928,18699.939000000002,18691.5055,18697.9945
2024-08-27 19:10:00+00:00,18697.439000000002,18702.511,18697.0,18697.9945
2024-08-27 19:15:00+00:00,18697.5,18699.0,18692.489,18692.4945
2024-08-27 19:20:00+00:00,18693.072,18696.4945,18691.560999999998,18694.939000000002
2024-08-27 19:25:00+00:00,18693.95,18698.4945,18693.4835,18695.5055
2024-08-27 19:30:00+00:00,18695.928,18697.489,18691.5,18695.483500000002
2024-08-27 19:35:00+00:00,18694.5055,18698.05,18694.489,18696.060999999998
2024-08-27 19:40:00+00:00,18695.5055,18698.0055,18693.4445,18695.4835
2024-08-27 19:45:00+00:00,18694.939000000002,18702.560999999998,18694.511,18699.9945
2024-08-27 19:50:00+00:00,18698.066499999997,18700.511,18691.95,18695.5
2024-08-27 19:55:00+00:00,18697.066499999997,18698.022,18690.4445,18694.55
2024-08-27 20:00:00+00:00,18692.9945,18702.105499999998,18688.810999999998,18702.089
2024-08-27 20:05:00+00:00,18703.0,18703.05,18695.5055,18697.211
2024-08-27 20:10:00+00:00,18696.2945,18698.822,18693.822,18694.7055
2024-08-27 22:05:00+00:00,18694.822,18695.15,18688.9445,18689.810999999998
2024-08-27 22:10:00+00:00,18690.2945,18690.3,18669.089,18679.9
2024-08-27 22:15:00+00:00,18680.35,18681.5445,18662.516499999998,18663.3
2024-08-27 22:20:00+00:00,18662.478,18669.889000000003,18660.7445,18669.089
2024-08-27 22:25:00+00:00,18669.894500000002,18676.1665,18669.894500000002,18674.383500000004
2024-08-27 22:30:00+00:00,18673.610999999997,18674.4165,18668.9945,18668.9945
2024-08-27 22:35:00+00:00,18669.411,18674.4055,18666.883500000004,18672.739
2024-08-27 22:40:00+00:00,18671.961,18673.605499999998,18669.9165,18672.816499999997
2024-08-27 22:45:00+00:00,18674.394500000002,18676.911,18671.8445,18671.961
2024-08-27 22:50:00+00:00,18672.289,18674.3445,18668.5945,18669.4055
2024-08-27 22:55:00+00:00,18670.3165,18674.066499999997,18670.3165,18672.7945
2024-08-27 23:00:00+00:00,18671.894500000002,18673.610999999997,18671.039,18671.8335
2024-08-27 23:05:00+00:00,18672.2445,18680.266499999998,18671.172,18678.5945
2024-08-27 23:10:00+00:00,18678.989,18682.716500000002,18678.144500000002,18679.3835
2024-08-27 23:15:00+00:00,18679.0,18679.394500000002,18670.2945,18673.6
2024-08-27 23:20:00+00:00,18672.860999999997,18673.610999999997,18662.95,18664.6
2024-08-27 23:25:00+00:00,18663.866499999996,18665.560999999998,18655.5055,18665.560999999998
2024-08-27 23:30:00+00:00,18664.9445,18668.839,18661.789,18666.4055
2024-08-27 23:35:00+00:00,18666.894500000002,18668.122,18663.8335,18664.4
2024-08-27 23:40:00+00:00,18663.922,18668.1665,18663.9055,18665.6
2024-08-27 23:45:00+00:00,18666.328,18667.355499999998,18664.816499999997,18667.228
2024-08-27 23:50:00+00:00,18668.039,18671.4,18668.039,18670.6
2024-08-27 23:55:00+00:00,18671.4,18672.222,18666.389000000003,18668.039
2024-08-28 00:00:00+00:00,18668.8335,18674.75,18668.0335,18673.078
2024-08-28 00:05:00+00:00,18673.9,18673.9,18670.589,18671.7055
2024-08-28 00:10:00+00:00,18672.122,18676.672,18671.766499999998,18674.610999999997
2024-08-28 00:15:00+00:00,18690.4945,18692.0055,18674.95,18676.5165
2024-08-28 00:20:00+00:00,18677.072,18677.5055,18669.5055,18672.060999999998
2024-08-28 00:25:00+00:00,18675.0,18682.0,18675.0,18680.4945
2024-08-28 00:30:00+00:00,18681.0165,18683.9445,18680.433500000003,18683.9445
2024-08-28 00:35:00+00:00,18683.516499999998,18692.0055,18683.516499999998,18689.0
2024-08-28 00:40:00+00:00,18688.522,18688.989,18682.5,18687.016499999998
2024-08-28 00:45:00+00:00,18686.4945,18691.0,18685.022,18691.0
2024-08-28 00:50:00+00:00,18690.489,18691.5055,18686.5,18687.511
2024-08-28 00:55:00+00:00,18687.9945,18688.0055,18684.5055,18687.4945
2024-08-28 01:00:00+00:00,18687.0055,18690.95,18685.016499999998,18687.0
2024-08-28 01:05:00+00:00,18686.5055,18696.95,18686.0,18692.4445
2024-08-28 01:10:00+00:00,18692.933500000003,18694.5055,18685.9945,18690.4945
2024-08-28 01:15:00+00:00,18688.9445,18695.016499999998,18688.5,18692.0
2024-08-28 01:20:00+00:00,18690.9445,18693.0,18690.9445,18692.572
2024-08-28 01:25:00+00:00,18692.011,18692.011,18688.5055,18690.5055
2024-08-28 01:30:00+00:00,18690.933500000003,18690.933500000003,18683.989,18685.4445
2024-08-28 01:35:00+00:00,18684.9945,18685.5,18679.5055,18680.9445
2024-08-28 01:40:00+00:00,18681.933500000003,18693.072,18681.933500000003,18693.072
2024-08-28 01:45:00+00:00,18692.5,18692.989,18691.489,18691.489
2024-08-28 01:50:00+00:00,18690.9945,18695.0,18690.439000000002,18694.489
2024-08-28 01:55:00+00:00,18693.933500000003,18695.011,18691.0555,18694.0555
2024-08-28 02:00:00+00:00,18693.5165,18694.016499999998,18691.0055,18691.511
2024-08-28 02:05:00+00:00,18690.022,18693.0,18688.011,18690.072
2024-08-28 02:10:00+00:00,18690.572,18697.566499999997,18689.9945,18696.989
2024-08-28 02:15:00+00:00,18697.5,18700.5055,18696.5,18696.572
2024-08-28 02:20:00+00:00,18697.0,18698.489,18695.95,18696.511
2024-08-28 02:25:00+00:00,18695.983500000002,18697.9945,18695.983500000002,18697.5
2024-08-28 02:30:00+00:00,18697.0055,18697.0055,18694.0,18694.0
2024-08-28 02:35:00+00:00,18693.5,18696.989,18693.5,18695.5
2024-08-28 02:40:00+00:00,18695.933500000003,18698.5055,18695.933500000003,18697.560999999998
2024-08-28 02:55:00+00:00,18699.55,18702.072,18697.5555,18697.5555
2024-08-28 03:00:00+00:00,18700.560999999998,18700.9945,18696.516499999998,18698.489
2024-08-28 03:05:00+00:00,18698.060999999998,18698.5555,18697.4945,18698.0055
2024-08-28 03:10:00+00:00,18698.439000000002,18700.066499999997,18697.95,18698.433500000003
2024-08-28 03:15:00+00:00,18698.0055,18698.5,18697.45,18697.45
2024-08-28 03:20:00+00:00,18697.0,18698.989,18696.933500000003,18697.522
2024-08-28 03:25:00+00:00,18696.9445,18697.5555,18694.45,18696.5165
2024-08-28 03:30:00+00:00,18693.5,18694.983500000002,18693.4945,18694.983500000002
2024-08-28 03:40:00+00:00,18695.511,18697.433500000003,18694.0555,18695.9835
2024-08-28 03:45:00+00:00,18696.939000000002,18703.511,18696.939000000002,18701.933500000003
2024-08-28 03:50:00+00:00,18701.489,18702.0555,18697.428,18698.489
2024-08-28 03:55:00+00:00,18698.022,18699.511,18697.928,18698.4835
2024-08-28 04:00:00+00:00,18698.989,18699.5055,18697.9945,18697.9945
2024-08-28 04:05:00+00:00,18698.511,18700.5,18697.978,18699.0055
2024-08-28 04:10:00+00:00,18699.5,18702.011,18699.0055,18699.989
2024-08-28 04:15:00+00:00,18700.4445,18703.989,18699.989,18703.989
2024-08-28 04:20:00+00:00,18702.95,18704.011,18702.489,18703.489
2024-08-28 04:25:00+00:00,18704.511,18707.983500000002,18703.0055,18707.566499999997
2024-08-28 04:30:00+00:00,18707.983500000002,18708.4945,18706.9945,18707.4945
2024-08-28 04:35:00+00:00,18706.511,18706.511,18705.989,18706.489
2024-08-28 04:40:00+00:00,18707.060999999998,18707.5,18706.5,18707.5
2024-08-28 04:45:00+00:00,18708.0,18708.0055,18706.989,18708.0055
2024-08-28 04:50:00+00:00,18707.489,18710.0165,18707.05,18707.05
2024-08-28 04:55:00+00:00,18706.522,18707.0,18705.511,18707.0
2024-08-28 05:00:00+00:00,18704.9945,18706.489,18703.989,18705.5055
2024-08-28 05:05:00+00:00,18705.0,18706.0055,18700.0165,18705.428
2024-08-28 05:10:00+00:00,18705.9945,18706.9835,18703.0165,18704.5055
2024-08-28 05:15:00+00:00,18703.989,18708.516499999998,18703.5,18708.516499999998
2024-08-28 05:20:00+00:00,18709.4945,18712.511,18707.489,18711.5055
2024-08-28 05:25:00+00:00,18712.55,18716.5055,18710.560999999998,18715.560999999998
2024-08-28 05:30:00+00:00,18716.489,18717.439000000002,18708.4945,18713.0055
2024-08-28 05:35:00+00:00,18713.439000000002,18715.0,18708.0165,18713.489
2024-08-28 05:40:00+00:00,18712.95,18713.5,18707.933500000003,18713.0
2024-08-28 05:45:00+00:00,18713.989,18716.4945,18709.95,18711.4445
2024-08-28 05:50:00+00:00,18712.989,18717.0055,18710.0,18715.560999999998
2024-08-28 05:55:00+00:00,18714.989,18716.060999999998,18711.439000000002,18714.5055
2024-08-28 06:00:00+00:00,18715.0055,18726.0165,18708.0555,18720.439000000002
2024-08-28 06:05:00+00:00,18720.939000000002,18732.572,18719.5,18732.511
2024-08-28 06:10:00+00:00,18731.939000000002,18733.5055,18721.511,18723.511
2024-08-28 06:15:00+00:00,18722.511,18723.5,18717.05,18718.5
2024-08-28 06:20:00+00:00,18716.516499999998,18723.0055,18709.522,18719.5055
2024-08-28 06:25:00+00:00,18719.0,18721.939000000002,18715.011,18721.439000000002
2024-08-28 06:30:00+00:00,18720.5555,18721.5165,18714.0055,18716.933500000003
2024-08-28 06:35:00+00:00,18717.55,18717.55,18710.9945,18712.05
2024-08-28 06:40:00+00:00,18711.5055,18714.95,18711.4445,18714.5
2024-08-28 06:45:00+00:00,18714.011,18728.489,18713.5055,18723.016499999998
2024-08-28 06:50:00+00:00,18721.9945,18728.0165,18718.928,18725.989
2024-08-28 06:55:00+00:00,18726.5,18740.011,18726.433500000003,18736.5
2024-08-28 07:00:00+00:00,18737.0,18754.428,18736.95,18739.439000000002
2024-08-28 07:05:00+00:00,18740.516499999998,18748.0,18727.560999999998,18738.5
2024-08-28 07:10:00+00:00,18738.011,18749.016499999998,18734.572,18741.9945
2024-08-28 07:15:00+00:00,18741.4445,18755.511,18738.489,18752.522
2024-08-28 07:20:00+00:00,18753.0055,18753.45,18739.5165,18753.45
2024-08-28 07:25:00+00:00,18753.0,18767.4835,18747.9835,18767.4835
2024-08-28 07:30:00+00:00,18766.489,18767.560999999998,18743.45,18744.483500000002
2024-08-28 07:35:00+00:00,18743.5,18749.511,18742.0,18747.511
2024-08-28 07:40:00+00:00,18748.483500000002,18760.05,18747.011,18753.560999999998
2024-08-28 07:45:00+00:00,18753.0055,18757.428,18748.566499999997,18756.428
2024-08-28 07:50:00+00:00,18755.978,18768.05,18754.95,18765.4945
2024-08-28 07:55:00+00:00,18768.0,18775.511,18766.489,18775.489
2024-08-28 08:00:00+00:00,18774.483500000002,18778.072,18763.983500000002,18767.5055
2024-08-28 08:05:00+00:00,18767.9945,18771.5555,18757.9445,18760.060999999998
2024-08-28 08:10:00+00:00,18761.05,18769.0,18753.989,18765.5055
2024-08-28 08:15:00+00:00,18765.989,18774.0165,18764.433500000003,18771.0055
2024-08-28 08:20:00+00:00,18771.5,18777.060999999998,18768.933500000003,18772.511
2024-08-28 08:25:00+00:00,18772.9945,18774.0,18765.066499999997,18765.989
2024-08-28 08:30:00+00:00,18766.5,18782.560999999998,18766.0,18781.9945
2024-08-28 08:35:00+00:00,18781.560999999998,18787.566499999997,18778.428,18787.0
2024-08-28 08:40:00+00:00,18787.5055,18796.4945,18785.478,18794.433500000003
2024-08-28 08:45:00+00:00,18795.0555,18800.0165,18793.0,18796.522
2024-08-28 08:50:00+00:00,18797.072,18797.072,18785.9945,18791.0
2024-08-28 08:55:00+00:00,18790.516499999998,18791.5055,18779.989,18780.572
2024-08-28 09:00:00+00:00,18781.489,18785.5,18777.5055,18780.4945
2024-08-28 09:05:00+00:00,18780.011,18784.072,18774.9945,18779.011
2024-08-28 09:10:00+00:00,18778.511,18778.511,18772.0055,18773.0
2024-08-28 09:15:00+00:00,18773.522,18781.511,18771.0055,18780.011
2024-08-28 09:20:00+00:00,18780.4945,18788.0,18778.5,18784.989
2024-08-28 09:25:00+00:00,18784.4945,18801.4945,18782.572,18798.5055
2024-08-28 09:30:00+00:00,18798.978,18800.5,18791.511,18796.0
2024-08-28 09:35:00+00:00,18796.4945,18798.0055,18788.05,18788.478
2024-08-28 09:40:00+00:00,18789.066499999997,18794.4945,18786.978,18790.5055
2024-08-28 09:45:00+00:00,18789.928,18797.0055,18789.0,18794.45
2024-08-28 09:50:00+00:00,18794.9945,18809.0,18793.983500000002,18803.9445
2024-08-28 09:55:00+00:00,18804.428,18817.011,18803.9945,18816.066499999997
2024-08-28 10:00:00+00:00,18818.0,18823.0555,18812.4945,18812.4945
2024-08-28 10:05:00+00:00,18812.0555,18819.5055,18808.5055,18819.5055
2024-08-28 10:10:00+00:00,18819.989,18837.5165,18819.0055,18837.511
2024-08-28 10:15:00+00:00,18836.433500000003,18843.939000000002,18830.439000000002,18840.9445
2024-08-28 10:20:00+00:00,18841.439000000002,18848.5055,18835.428,18835.989
2024-08-28 10:25:00+00:00,18835.478,18840.9945,18831.5055,18833.55
2024-08-28 10:30:00+00:00,18835.0555,18835.0555,18820.0,18824.433500000003
2024-08-28 10:35:00+00:00,18824.022,18827.5,18820.9945,18825.4445
2024-08-28 10:40:00+00:00,18824.9945,18830.9835,18823.939000000002,18826.011
2024-08-28 10:45:00+00:00,18827.016499999998,18834.066499999997,18823.989,18829.5
2024-08-28 10:50:00+00:00,18830.0,18830.489,18823.0,18828.478
2024-08-28 10:55:00+00:00,18827.983500000002,18830.066499999997,18823.989,18828.5
2024-08-28 11:00:00+00:00,18827.989,18835.5,18825.9945,18828.483500000002
2024-08-28 11:05:00+00:00,18827.9945,18837.066499999997,18826.489,18835.5
2024-08-28 11:10:00+00:00,18835.983500000002,18840.0555,18833.9835,18837.011
2024-08-28 11:15:00+00:00,18837.5,18845.0055,18832.95,18844.489
2024-08-28 11:20:00+00:00,18843.95,18853.0,18842.5,18849.978
2024-08-28 11:25:00+00:00,18850.5,18851.5,18839.511,18844.5
2024-08-28 11:30:00+00:00,18844.95,18854.0,18844.95,18852.0
2024-08-28 11:35:00+00:00,18851.0,18854.011,18845.516499999998,18852.5
2024-08-28 11:40:00+00:00,18853.0055,18853.489,18839.978,18845.5055
2024-08-28 11:45:00+00:00,18845.939000000002,18848.983500000002,18835.5055,18839.011
2024-08-28 11:50:00+00:00,18838.45,18840.478,18831.489,18834.9945
2024-08-28 11:55:00+00:00,18833.978,18840.978,18832.5,18838.978
2024-08-28 12:00:00+00:00,18838.45,18846.022,18836.9835,18841.5
2024-08-28 12:05:00+00:00,18842.0,18843.5165,18833.9445,18836.566499999997
2024-08-28 12:10:00+00:00,18835.928,18836.489,18823.928,18825.0
2024-08-28 12:15:00+00:00,18825.566499999997,18836.5055,18824.9945,18833.0555
2024-08-28 12:20:00+00:00,18833.4945,18839.9835,18828.9945,18828.9945
2024-08-28 12:25:00+00:00,18828.05,18829.572,18821.9945,18823.5
2024-08-28 12:30:00+00:00,18823.9945,18826.428,18818.939000000002,18819.5055
2024-08-28 12:35:00+00:00,18819.9945,18819.9945,18807.928,18808.989
2024-08-28 12:40:00+00:00,18808.4835,18814.522,18807.9445,18810.0055
2024-08-28 12:45:00+00:00,18810.983500000002,18812.072,18797.939000000002,18802.016499999998
2024-08-28 12:50:00+00:00,18801.560999999998,18816.511,18797.933500000003,18816.0
2024-08-28 12:55:00+00:00,18817.011,18824.016499999998,18815.983500000002,18821.0
2024-08-28 13:00:00+00:00,18820.5055,18824.0555,18817.011,18817.011
2024-08-28 13:05:00+00:00,18817.489,18819.0,18809.0,18814.522
2024-08-28 13:10:00+00:00,18815.016499999998,18818.4945,18803.983500000002,18804.489
2024-08-28 13:15:00+00:00,18805.011,18808.9945,18799.060999999998,18802.983500000002
2024-08-28 13:20:00+00:00,18804.95,18821.0165,18804.0055,18817.5
2024-08-28 13:25:00+00:00,18816.4445,18828.011,18815.011,18824.072
2024-08-28 13:30:00+00:00,18823.560999999998,18837.060999999998,18823.560999999998,18828.55
2024-08-28 13:35:00+00:00,18828.989,18832.0055,18816.0165,18824.478
2024-08-28 13:40:00+00:00,18823.989,18842.5055,18821.95,18836.45
2024-08-28 13:45:00+00:00,18837.45,18842.5055,18831.0555,18833.989
2024-08-28 13:50:00+00:00,18835.0055,18856.072,18834.95,18855.522
2024-08-28 13:55:00+00:00,18854.489,18859.0,18841.933500000003,18844.5
2024-08-28 14:00:00+00:00,18845.572,18845.572,18831.0055,18833.978
2024-08-28 14:05:00+00:00,18832.989,18839.9945,18826.933500000003,18838.0
2024-08-28 14:10:00+00:00,18835.989,18846.5,18835.989,18842.4945
2024-08-28 14:15:00+00:00,18842.022,18844.0055,18830.011,18831.439000000002
2024-08-28 14:20:00+00:00,18832.0165,18837.4445,18824.489,18830.428
2024-08-28 14:25:00+00:00,18829.9445,18833.0165,18821.0,18823.45
2024-08-28 14:30:00+00:00,18822.928,18825.428,18811.9945,18813.0165
2024-08-28 14:35:00+00:00,18812.55,18828.072,18812.433500000003,18823.489
2024-08-28 14:40:00+00:00,18824.011,18826.0555,18817.5165,18822.0
2024-08-28 14:45:00+00:00,18820.9945,18827.9835,18813.95,18818.978
2024-08-28 14:50:00+00:00,18819.5555,18829.0,18816.928,18826.0055
2024-08-28 14:55:00+00:00,18826.511,18831.0,18820.511,18821.560999999998
2024-08-28 15:00:00+00:00,18820.016499999998,18821.0,18805.983500000002,18809.0165
2024-08-28 15:05:00+00:00,18809.5055,18822.0,18806.4945,18812.0
2024-08-28 15:10:00+00:00,18811.5,18813.0,18790.428,18796.0165
2024-08-28 15:15:00+00:00,18798.0,18799.9945,18784.933500000003,18786.5055
2024-08-28 15:20:00+00:00,18785.989,18791.0,18783.4945,18786.511
2024-08-28 15:25:00+00:00,18786.9945,18793.066499999997,18785.45,18791.011
2024-08-28 15:30:00+00:00,18790.0,18791.0555,18782.5,18782.5
2024-08-28 15:35:00+00:00,18782.9945,18790.511,18781.522,18788.9835
2024-08-28 15:40:00+00:00,18788.483500000002,18788.511,18782.0055,18786.0
2024-08-28 15:45:00+00:00,18785.4835,18791.072,18783.989,18785.9945
2024-08-28 15:50:00+00:00,18785.511,18800.072,18784.5055,18799.0055
2024-08-28 15:55:00+00:00,18799.5,18803.560999999998,18791.011,18800.478
2024-08-28 16:00:00+00:00,18799.428,18802.989,18793.9945,18802.072
2024-08-28 16:05:00+00:00,18802.55,18803.0055,18795.0555,18796.5055
2024-08-28 16:10:00+00:00,18795.989,18803.0,18792.5055,18801.5165
2024-08-28 16:15:00+00:00,18801.0055,18801.5055,18788.0055,18793.5
2024-08-28 16:20:00+00:00,18792.989,18794.0,18776.0,18781.5055
2024-08-28 16:25:00+00:00,18780.989,18787.511,18779.928,18784.022
2024-08-28 16:30:00+00:00,18782.95,18793.483500000002,18779.5,18788.0055
2024-08-28 16:35:00+00:00,18787.5555,18793.0555,18786.0,18791.522
2024-08-28 16:40:00+00:00,18790.9945,18799.0,18789.4945,18797.489
2024-08-28 16:45:00+00:00,18796.9945,18800.0165,18793.989,18798.9945
2024-08-28 16:50:00+00:00,18798.0,18807.5,18795.989,18805.489
2024-08-28 16:55:00+00:00,18806.05,18808.5,18803.428,18805.428
2024-08-28 17:00:00+00:00,18805.9835,18814.011,18802.928,18807.511
2024-08-28 17:05:00+00:00,18808.011,18811.560999999998,18806.95,18809.511
2024-08-28 17:10:00+00:00,18808.95,18811.060999999998,18795.428,18797.0
2024-08-28 17:15:00+00:00,18798.0055,18800.060999999998,18795.0,18797.478
2024-08-28 17:20:00+00:00,18797.066499999997,18800.011,18791.060999999998,18791.511
2024-08-28 17:25:00+00:00,18792.0,18793.560999999998,18788.4945,18791.05
2024-08-28 17:30:00+00:00,18790.5,18797.011,18789.928,18795.060999999998
2024-08-28 17:35:00+00:00,18796.066499999997,18796.072,18786.0,18786.0
2024-08-28 17:40:00+00:00,18785.433500000003,18787.066499999997,18772.060999999998,18773.511
2024-08-28 17:45:00+00:00,18774.0,18776.072,18761.566499999997,18762.9445
2024-08-28 17:50:00+00:00,18763.5,18768.5055,18749.978,18751.0055
2024-08-28 17:55:00+00:00,18750.5,18751.066499999997,18719.428,18720.9445
2024-08-28 18:00:00+00:00,18721.95,18727.022,18714.9945,18725.022
2024-08-28 18:05:00+00:00,18724.05,18740.0055,18722.939000000002,18736.511
2024-08-28 18:10:00+00:00,18736.0055,18741.560999999998,18732.9945,18738.9835
2024-08-28 18:15:00+00:00,18739.522,18741.5055,18734.9945,18738.011
2024-08-28 18:20:00+00:00,18739.011,18745.0555,18737.9835,18738.011
2024-08-28 18:25:00+00:00,18735.9945,18739.060999999998,18729.433500000003,18732.016499999998
2024-08-28 18:30:00+00:00,18731.011,18736.0055,18728.5055,18733.0
2024-08-28 18:35:00+00:00,18732.522,18738.0055,18729.4945,18738.0055
2024-08-28 18:40:00+00:00,18737.4835,18741.5055,18729.933500000003,18732.9445
2024-08-28 18:45:00+00:00,18732.5555,18735.0165,18727.939000000002,18730.489
2024-08-28 18:50:00+00:00,18730.05,18759.060999999998,18728.933500000003,18756.4945
2024-08-28 18:55:00+00:00,18756.0,18778.566499999997,18756.0,18777.0
2024-08-28 19:00:00+00:00,18775.9945,18789.060999999998,18773.989,18786.5
2024-08-28 19:05:00+00:00,18785.95,18787.516499999998,18766.9945,18771.572
2024-08-28 19:10:00+00:00,18771.011,18774.022,18757.511,18764.989
2024-08-28 19:15:00+00:00,18765.45,18773.0055,18765.45,18772.511
2024-08-28 19:20:00+00:00,18773.066499999997,18777.0,18767.478,18772.489
2024-08-28 19:25:00+00:00,18773.0,18783.9945,18773.0,18781.022
2024-08-28 19:30:00+00:00,18780.4945,18782.9445,18775.989,18777.4945
2024-08-28 19:35:00+00:00,18776.9445,18779.0055,18770.989,18775.0165
2024-08-28 19:40:00+00:00,18774.439000000002,18780.989,18773.989,18780.0
2024-08-28 19:45:00+00:00,18780.5055,18786.0055,18777.989,18782.5
2024-08-28 19:50:00+00:00,18783.0555,18789.9945,18777.9945,18781.0
2024-08-28 19:55:00+00:00,18781.5055,18784.072,18777.478,18779.428
2024-08-28 20:00:00+00:00,18780.011,18783.7445,18741.339,18763.211
2024-08-28 20:05:00+00:00,18761.9945,18770.711,18754.8,18770.711
2024-08-28 20:10:00+00:00,18771.428,18781.616499999996,18766.9,18778.2555
2024-08-28 22:00:00+00:00,18738.028,18738.5,18737.6945,18738.110999999997
2024-08-28 22:05:00+00:00,18737.7055,18751.1,18727.8055,18729.8
2024-08-28 22:10:00+00:00,18730.3,18742.1835,18718.6835,18740.4945
2024-08-28 22:15:00+00:00,18740.922,18742.411,18724.6945,18726.45
2024-08-28 22:20:00+00:00,18723.105499999998,18735.0335,18718.8835,18728.3165
2024-08-28 22:25:00+00:00,18728.678,18736.7945,18724.5945,18735.605499999998
2024-08-28 22:30:00+00:00,18735.211,18739.783499999998,18722.411,18723.939000000002
2024-08-28 22:35:00+00:00,18724.560999999998,18734.1,18723.9445,18726.661
2024-08-28 22:40:00+00:00,18727.0555,18727.45,18685.4,18697.211
2024-08-28 22:45:00+00:00,18695.5055,18707.394500000002,18673.316499999997,18705.7055
2024-08-28 22:50:00+00:00,18704.0,18710.228,18697.689000000002,18705.1945
2024-08-28 22:55:00+00:00,18704.7945,18707.9665,18699.428,18707.9665
2024-08-28 23:00:00+00:00,18707.1165,18709.389000000003,18701.9,18702.766499999998
2024-08-28 23:05:00+00:00,18703.1,18717.2945,18702.7,18715.9945
2024-08-28 23:10:00+00:00,18716.339,18719.016499999998,18711.972,18712.810999999998
2024-08-28 23:15:00+00:00,18713.589,18714.4,18707.678,18708.578
2024-08-28 23:20:00+00:00,18709.4,18710.289,18702.128,18702.2
2024-08-28 23:25:00+00:00,18703.9,18710.972,18703.394500000002,18710.922
2024-08-28 23:30:00+00:00,18711.689000000002,18716.3445,18710.0,18715.5945
2024-08-28 23:35:00+00:00,18716.0055,18716.389000000003,18710.4,18711.1835
2024-08-28 23:40:00+00:00,18711.610999999997,18717.9055,18710.328,18717.8335
2024-08-28 23:45:00+00:00,18719.5945,18721.2445,18718.378,18720.9945
2024-08-28 23:50:00+00:00,18720.0945,18720.0945,18715.828,18717.605499999998
2024-08-28 23:55:00+00:00,18716.789,18719.3165,18715.1665,18715.9055
2024-08-29 00:00:00+00:00,18717.672,18736.2,18715.1,18731.1
2024-08-29 00:05:00+00:00,18730.372,18736.5055,18721.0945,18725.360999999997
2024-08-29 00:10:00+00:00,18725.7055,18744.4,18725.7055,18743.55
2024-08-29 00:15:00+00:00,18739.978,18758.060999999998,18739.978,18754.066499999997
2024-08-29 00:20:00+00:00,18754.45,18760.489,18750.489,18757.0055
2024-08-29 00:25:00+00:00,18757.5,18766.0,18757.5,18765.989
2024-08-29 00:30:00+00:00,18764.5055,18770.0055,18758.433500000003,18767.566499999997
2024-08-29 00:35:00+00:00,18768.060999999998,18769.511,18763.0,18765.928
2024-08-29 00:40:00+00:00,18768.060999999998,18783.9945,18768.060999999998,18783.9945
2024-08-29 00:45:00+00:00,18783.428,18783.428,18768.0,18768.4835
2024-08-29 00:50:00+00:00,18769.072,18774.978,18768.022,18768.022
2024-08-29 00:55:00+00:00,18768.9945,18777.5055,18768.9945,18770.9945
2024-08-29 01:00:00+00:00,18771.572,18777.05,18771.0555,18776.0055
2024-08-29 01:05:00+00:00,18775.5,18777.016499999998,18772.5055,18772.5055
2024-08-29 01:10:00+00:00,18772.0,18772.4945,18766.4945,18766.989
2024-08-29 01:15:00+00:00,18766.5,18772.933500000003,18762.5055,18770.989
2024-08-29 01:20:00+00:00,18770.5,18773.072,18765.0,18765.560999999998
2024-08-29 01:25:00+00:00,18766.0055,18766.0055,18759.0,18759.5
2024-08-29 01:30:00+00:00,18758.45,18761.511,18757.0,18758.0
2024-08-29 01:35:00+00:00,18757.4945,18765.939000000002,18757.0,18762.0055
2024-08-29 01:40:00+00:00,18761.4945,18769.5,18759.011,18769.483500000002
2024-08-29 01:45:00+00:00,18768.939000000002,18769.989,18766.928,18768.433500000003
2024-08-29 01:50:00+00:00,18768.0,18769.011,18760.95,18761.511
2024-08-29 01:55:00+00:00,18760.9945,18764.989,18758.4945,18758.4945
2024-08-29 02:00:00+00:00,18758.0055,18761.0555,18756.0555,18760.011
2024-08-29 02:05:00+00:00,18759.5055,18762.522,18758.5,18759.0
2024-08-29 02:10:00+00:00,18756.9945,18758.5,18753.478,18757.9945
2024-08-29 02:15:00+00:00,18755.511,18756.5,18751.0,18751.0
2024-08-29 02:20:00+00:00,18750.45,18764.4835,18750.0,18761.511
2024-08-29 02:25:00+00:00,18762.066499999997,18764.566499999997,18758.928,18763.572
2024-08-29 02:30:00+00:00,18764.016499999998,18767.0,18761.522,18766.489
2024-08-29 02:35:00+00:00,18765.9445,18770.5,18764.933500000003,18770.5
2024-08-29 02:40:00+00:00,18770.011,18772.95,18768.989,18769.0
2024-08-29 02:45:00+00:00,18769.566499999997,18774.05,18768.5,18773.983500000002
2024-08-29 02:50:00+00:00,18775.0,18781.0055,18774.5,18777.011
2024-08-29 02:55:00+00:00,18776.45,18776.989,18770.516499999998,18773.933500000003
2024-08-29 03:00:00+00:00,18774.5,18776.933500000003,18773.5,18775.9945
2024-08-29 03:05:00+00:00,18777.0,18777.0,18771.439000000002,18773.0
2024-08-29 03:10:00+00:00,18772.4945,18772.5055,18771.489,18771.983500000002
2024-08-29 03:15:00+00:00,18772.5055,18780.55,18772.5055,18780.0
2024-08-29 03:20:00+00:00,18779.5055,18781.022,18777.433500000003,18779.9835
2024-08-29 03:25:00+00:00,18780.5555,18781.060999999998,18779.928,18780.0
2024-08-29 03:30:00+00:00,18780.489,18780.489,18775.9945,18778.511
2024-08-29 03:35:00+00:00,18779.011,18782.4945,18778.933500000003,18782.4945
2024-08-29 03:40:00+00:00,18782.0,18782.5055,18778.989,18779.478
2024-08-29 03:45:00+00:00,18779.0055,18780.572,18777.9445,18778.939000000002
2024-08-29 03:50:00+00:00,18779.478,18780.060999999998,18773.0055,18776.572
2024-08-29 03:55:00+00:00,18777.0055,18779.060999999998,18776.4835,18779.060999999998
2024-08-29 04:00:00+00:00,18779.428,18782.5,18779.428,18781.0
2024-08-29 04:05:00+00:00,18780.572,18782.489,18779.433500000003,18781.5
2024-08-29 04:10:00+00:00,18782.0,18788.9945,18781.511,18783.511
2024-08-29 04:15:00+00:00,18784.511,18789.066499999997,18784.511,18787.9945
2024-08-29 04:20:00+00:00,18788.511,18789.5555,18787.433500000003,18787.9835
2024-08-29 04:25:00+00:00,18788.5,18791.072,18787.5,18789.489
2024-08-29 04:30:00+00:00,18789.060999999998,18789.060999999998,18783.9945,18784.928
2024-08-29 04:35:00+00:00,18784.433500000003,18785.0,18782.066499999997,18782.066499999997
2024-08-29 04:40:00+00:00,18782.4445,18783.011,18779.516499999998,18779.989
2024-08-29 04:45:00+00:00,18780.5055,18781.4835,18776.983500000002,18781.05
2024-08-29 04:50:00+00:00,18781.5,18782.066499999997,18780.4945,18780.5055
2024-08-29 04:55:00+00:00,18782.489,18786.0,18781.978,18784.433500000003
2024-08-29 05:00:00+00:00,18783.489,18784.5,18780.55,18783.9445
2024-08-29 05:05:00+00:00,18784.5,18784.5,18778.933500000003,18779.560999999998
2024-08-29 05:10:00+00:00,18779.0165,18788.5,18779.0165,18784.511
2024-08-29 05:15:00+00:00,18785.522,18787.560999999998,18783.428,18783.428
2024-08-29 05:20:00+00:00,18782.0055,18786.0555,18780.933500000003,18786.0555
2024-08-29 05:25:00+00:00,18785.5,18786.0055,18781.011,18783.011
2024-08-29 05:30:00+00:00,18784.5165,18784.5165,18777.4945,18779.483500000002
2024-08-29 05:35:00+00:00,18779.9945,18802.4945,18779.9945,18801.0
2024-08-29 05:40:00+00:00,18800.560999999998,18800.560999999998,18785.978,18788.4945
2024-08-29 05:45:00+00:00,18789.0555,18790.011,18786.560999999998,18786.983500000002
2024-08-29 05:50:00+00:00,18788.011,18792.516499999998,18786.45,18791.5055
2024-08-29 05:55:00+00:00,18790.4945,18794.011,18787.9945,18794.011
2024-08-29 06:00:00+00:00,18792.5055,18801.9835,18784.572,18784.95
2024-08-29 06:05:00+00:00,18783.989,18790.433500000003,18776.011,18789.4945
2024-08-29 06:10:00+00:00,18791.0,18792.5,18781.939000000002,18788.0055
2024-08-29 06:15:00+00:00,18787.560999999998,18788.0,18780.9835,18784.072
2024-08-29 06:20:00+00:00,18784.5055,18790.511,18783.5,18783.983500000002
2024-08-29 06:25:00+00:00,18784.4945,18784.4945,18775.4835,18778.9945
2024-08-29 06:30:00+00:00,18779.478,18794.55,18775.9945,18793.5555
2024-08-29 06:35:00+00:00,18791.5055,18796.5055,18790.439000000002,18790.978
2024-08-29 06:40:00+00:00,18790.511,18798.05,18788.0,18790.983500000002
2024-08-29 06:45:00+00:00,18792.978,18798.9945,18787.511,18796.0055
2024-08-29 06:50:00+00:00,18794.9945,18794.9945,18775.4945,18777.5
2024-08-29 06:55:00+00:00,18776.928,18794.011,18775.928,18786.5
2024-08-29 07:00:00+00:00,18786.95,18801.4945,18784.511,18797.011
2024-08-29 07:05:00+00:00,18798.011,18815.9945,18796.428,18814.9945
2024-08-29 07:10:00+00:00,18815.483500000002,18827.011,18805.433500000003,18818.989
2024-08-29 07:15:00+00:00,18818.5165,18824.572,18807.5055,18819.9945
2024-08-29 07:20:00+00:00,18820.560999999998,18828.428,18817.9445,18821.066499999997
2024-08-29 07:25:00+00:00,18813.0555,18813.0555,18785.5,18788.072
2024-08-29 07:30:00+00:00,18790.4835,18814.989,18790.4835,18807.9945
2024-08-29 07:35:00+00:00,18807.5055,18811.0055,18797.989,18802.05
2024-08-29 07:40:00+00:00,18801.0055,18808.95,18790.5,18806.0
2024-08-29 07:45:00+00:00,18806.516499999998,18813.0555,18799.989,18810.978
2024-08-29 07:50:00+00:00,18809.9945,18811.983500000002,18798.983500000002,18806.05
2024-08-29 07:55:00+00:00,18804.0,18804.0055,18795.933500000003,18798.066499999997
2024-08-29 08:00:00+00:00,18796.989,18824.9945,18791.939000000002,18816.9835
2024-08-29 08:05:00+00:00,18817.433500000003,18844.5,18817.433500000003,18839.928
2024-08-29 08:10:00+00:00,18839.572,18853.060999999998,18834.5,18851.5
2024-08-29 08:15:00+00:00,18851.011,18860.0,18844.989,18848.989
2024-08-29 08:20:00+00:00,18848.5055,18848.5055,18822.572,18824.0
2024-08-29 08:25:00+00:00,18825.072,18836.05,18822.478,18835.0055
2024-08-29 08:30:00+00:00,18835.5,18851.0055,18834.9945,18847.9945
2024-08-29 08:35:00+00:00,18847.5055,18868.0165,18845.45,18867.4945
2024-08-29 08:40:00+00:00,18866.9945,18871.060999999998,18860.4835,18869.989
2024-08-29 08:45:00+00:00,18870.5055,18870.9835,18856.511,18858.939000000002
2024-08-29 08:50:00+00:00,18860.566499999997,18867.5555,18852.516499999998,18853.95
2024-08-29 08:55:00+00:00,18853.489,18865.5055,18850.5555,18863.0
2024-08-29 09:00:00+00:00,18863.4445,18891.4945,18862.989,18890.9945
2024-08-29 09:05:00+00:00,18892.072,18913.45,18891.9445,18897.4445
2024-08-29 09:10:00+00:00,18898.011,18905.5,18890.016499999998,18890.933500000003
2024-08-29 09:15:00+00:00,18891.989,18899.489,18886.5055,18892.0555
2024-08-29 09:20:00+00:00,18892.5,18901.566499999997,18887.939000000002,18895.989
2024-08-29 09:25:00+00:00,18896.5055,18911.522,18896.0,18910.072
2024-08-29 09:30:00+00:00,18909.5055,18910.0165,18901.060999999998,18907.95
2024-08-29 09:35:00+00:00,18907.5555,18929.060999999998,18907.5,18921.5
2024-08-29 09:40:00+00:00,18922.011,18931.511,18921.5,18927.4945
2024-08-29 09:45:00+00:00,18928.0165,18937.511,18925.989,18930.0055
2024-08-29 09:50:00+00:00,18930.489,18935.066499999997,18912.439000000002,18912.928
2024-08-29 09:55:00+00:00,18914.0055,18914.0555,18902.433500000003,18905.060999999998
2024-08-29 10:00:00+00:00,18905.428,18908.4945,18900.95,18908.0165
2024-08-29 10:05:00+00:00,18906.4945,18908.060999999998,18900.0055,18907.9835
2024-08-29 10:10:00+00:00,18908.5,18911.439000000002,18902.489,18908.95
2024-08-29 10:15:00+00:00,18908.4945,18910.022,18901.572,18904.0
2024-08-29 10:20:00+00:00,18905.0,18912.0055,18898.016499999998,18907.060999999998
2024-08-29 10:25:00+00:00,18906.5055,18910.5055,18897.989,18897.989
2024-08-29 10:30:00+00:00,18897.511,18902.05,18889.4445,18889.989
2024-08-29 10:35:00+00:00,18890.516499999998,18900.516499999998,18885.0,18891.978
2024-08-29 10:40:00+00:00,18892.489,18899.511,18885.0,18897.060999999998
2024-08-29 10:45:00+00:00,18898.989,18911.0055,18897.9945,18910.0
2024-08-29 10:50:00+00:00,18910.566499999997,18910.566499999997,18902.989,18905.072
2024-08-29 10:55:00+00:00,18906.072,18907.066499999997,18898.9445,18901.989
2024-08-29 11:00:00+00:00,18900.9945,18902.560999999998,18893.566499999997,18900.016499999998
2024-08-29 11:05:00+00:00,18900.489,18905.566499999997,18895.983500000002,18904.983500000002
2024-08-29 11:10:00+00:00,18904.5,18905.072,18885.933500000003,18896.0
2024-08-29 11:15:00+00:00,18894.989,18902.011,18894.0,18898.983500000002
2024-08-29 11:20:00+00:00,18900.0,18902.45,18894.4445,18898.45
2024-08-29 11:25:00+00:00,18898.9835,18903.022,18895.5,18899.989
2024-08-29 11:30:00+00:00,18898.9835,18907.522,18897.0555,18899.060999999998
2024-08-29 11:35:00+00:00,18898.5,18913.5,18897.9945,18907.022
2024-08-29 11:40:00+00:00,18908.0,18918.9945,18908.0,18917.983500000002
2024-08-29 11:45:00+00:00,18917.0055,18927.5555,18917.0055,18926.95
2024-08-29 11:50:00+00:00,18927.483500000002,18928.0,18912.428,18913.0
2024-08-29 11:55:00+00:00,18913.5055,18914.5055,18905.5,18907.060999999998
2024-08-29 12:00:00+00:00,18907.433500000003,18916.5,18904.511,18914.0055
2024-08-29 12:05:00+00:00,18912.9445,18917.05,18905.933500000003,18917.05
2024-08-29 12:10:00+00:00,18916.5055,18918.572,18908.95,18912.428
2024-08-29 12:15:00+00:00,18913.0055,18913.566499999997,18897.0,18900.05
2024-08-29 12:20:00+00:00,18901.478,18907.4945,18892.978,18906.989
2024-08-29 12:25:00+00:00,18907.511,18915.566499999997,18901.989,18911.5
2024-08-29 12:30:00+00:00,18913.0165,18929.928,18912.95,18919.011
2024-08-29 12:35:00+00:00,18919.5,18920.011,18902.4445,18906.0555
2024-08-29 12:40:00+00:00,18906.4945,18908.0,18894.45,18896.566499999997
2024-08-29 12:45:00+00:00,18896.0,18913.5,18896.0,18908.5
2024-08-29 12:50:00+00:00,18907.95,18923.989,18907.95,18922.9945
2024-08-29 12:55:00+00:00,18922.478,18923.511,18913.928,18916.989
2024-08-29 13:00:00+00:00,18916.0,18919.011,18907.4445,18908.572
2024-08-29 13:05:00+00:00,18909.0,18909.0,18898.560999999998,18899.4945
2024-08-29 13:10:00+00:00,18899.072,18908.5055,18897.4945,18905.9945
2024-08-29 13:15:00+00:00,18905.4445,18916.5055,18903.9835,18915.428
2024-08-29 13:20:00+00:00,18915.978,18919.0055,18910.989,18915.0055
2024-08-29 13:25:00+00:00,18913.9945,18922.989,18911.9445,18918.428
2024-08-29 13:30:00+00:00,18917.4945,18920.0055,18908.439000000002,18911.9945
2024-08-29 13:35:00+00:00,18911.478,18911.478,18876.9945,18877.9945
2024-08-29 13:40:00+00:00,18877.5555,18884.0055,18870.439000000002,18872.9445
2024-08-29 13:45:00+00:00,18873.511,18886.489,18871.4945,18879.9945
2024-08-29 13:50:00+00:00,18879.5,18879.5,18855.511,18869.0055
2024-08-29 13:55:00+00:00,18868.428,18882.939000000002,18866.0,18876.989
2024-08-29 14:00:00+00:00,18877.989,18888.978,18876.5055,18885.95
2024-08-29 14:05:00+00:00,18885.0555,18896.5055,18875.4835,18888.989
2024-08-29 14:10:00+00:00,18889.5,18910.516499999998,18888.4945,18908.011
2024-08-29 14:15:00+00:00,18909.066499999997,18912.95,18891.928,18900.0
2024-08-29 14:20:00+00:00,18901.05,18907.060999999998,18888.5,18901.989
2024-08-29 14:25:00+00:00,18902.45,18909.4945,18899.011,18902.9835
2024-08-29 14:30:00+00:00,18903.5,18908.060999999998,18896.060999999998,18897.4445
2024-08-29 14:35:00+00:00,18898.489,18909.428,18895.0055,18908.9945
2024-08-29 14:40:00+00:00,18909.572,18912.05,18894.572,18900.572
2024-08-29 14:45:00+00:00,18901.016499999998,18906.9945,18897.989,18904.060999999998
2024-08-29 14:50:00+00:00,18903.439000000002,18908.5,18900.933500000003,18906.9445
2024-08-29 14:55:00+00:00,18906.511,18908.511,18889.439000000002,18891.560999999998
2024-08-29 15:00:00+00:00,18892.05,18906.511,18892.05,18900.011
2024-08-29 15:05:00+00:00,18901.0055,18906.511,18888.45,18896.939000000002
2024-08-29 15:10:00+00:00,18897.489,18911.0,18895.95,18908.4945
2024-08-29 15:15:00+00:00,18908.0,18916.566499999997,18900.9945,18903.4945
2024-08-29 15:20:00+00:00,18903.0,18904.5055,18892.4945,18898.9945
2024-08-29 15:25:00+00:00,18900.0,18906.516499999998,18896.933500000003,18906.516499999998
2024-08-29 15:30:00+00:00,18905.483500000002,18919.066499999997,18905.483500000002,18916.572
2024-08-29 15:35:00+00:00,18916.05,18940.45,18915.060999999998,18938.428
2024-08-29 15:40:00+00:00,18939.0,18943.5055,18937.439000000002,18939.511
2024-08-29 15:45:00+00:00,18940.489,18945.5,18937.0055,18944.483500000002
2024-08-29 15:50:00+00:00,18945.4945,18949.4945,18941.5555,18947.989
2024-08-29 15:55:00+00:00,18947.5,18957.0055,18944.0055,18952.9945
2024-08-29 16:00:00+00:00,18953.511,18966.5,18952.0,18964.0
2024-08-29 16:05:00+00:00,18963.45,18973.0,18962.9945,18966.4835
2024-08-29 16:10:00+00:00,18966.066499999997,18966.560999999998,18957.978,18963.022
2024-08-29 16:15:00+00:00,18963.489,18965.9835,18954.0,18954.989
2024-08-29 16:20:00+00:00,18955.4945,18962.572,18953.45,18961.5
2024-08-29 16:25:00+00:00,18962.0055,18963.011,18957.439000000002,18958.45
2024-08-29 16:30:00+00:00,18957.978,18961.572,18957.4945,18960.016499999998
2024-08-29 16:35:00+00:00,18959.5165,18961.5,18952.428,18955.0055
2024-08-29 16:40:00+00:00,18955.511,18957.0555,18953.428,18955.511
2024-08-29 16:45:00+00:00,18956.489,18959.5555,18950.5055,18950.5055
2024-08-29 16:50:00+00:00,18949.978,18955.4945,18942.9945,18944.483500000002
2024-08-29 16:55:00+00:00,18945.0,18949.572,18943.011,18945.022
2024-08-29 17:00:00+00:00,18944.4945,18944.4945,18931.9945,18932.5055
2024-08-29 17:05:00+00:00,18932.0,18936.55,18925.478,18925.478
2024-08-29 17:10:00+00:00,18925.016499999998,18928.0055,18918.0055,18922.45
2024-08-29 17:15:00+00:00,18923.5055,18931.566499999997,18923.5055,18928.45
2024-08-29 17:20:00+00:00,18928.95,18930.55,18926.4945,18926.5055
2024-08-29 17:25:00+00:00,18927.0,18934.072,18921.016499999998,18921.5055
2024-08-29 17:30:00+00:00,18920.489,18924.511,18918.45,18922.0
2024-08-29 17:35:00+00:00,18922.522,18922.55,18914.489,18914.560999999998
2024-08-29 17:40:00+00:00,18913.4835,18918.560999999998,18912.433500000003,18917.5165
2024-08-29 17:45:00+00:00,18918.05,18918.516499999998,18911.478,18913.511
2024-08-29 17:50:00+00:00,18913.0555,18923.5055,18912.489,18923.483500000002
2024-08-29 17:55:00+00:00,18923.939000000002,18930.572,18922.4945,18929.4945
2024-08-29 18:00:00+00:00,18930.022,18930.022,18912.511,18925.9945
2024-08-29 18:05:00+00:00,18925.5,18928.478,18922.428,18922.4445
2024-08-29 18:10:00+00:00,18923.0,18925.5,18919.022,18920.478
2024-08-29 18:15:00+00:00,18920.022,18920.489,18915.489,18916.5
2024-08-29 18:20:00+00:00,18915.978,18922.522,18914.522,18921.5055
2024-08-29 18:25:00+00:00,18920.478,18921.560999999998,18891.5,18894.4945
2024-08-29 18:30:00+00:00,18893.9835,18893.9835,18879.011,18880.0055
2024-08-29 18:35:00+00:00,18879.572,18882.0055,18853.95,18855.478
2024-08-29 18:40:00+00:00,18853.9445,18866.433500000003,18833.9945,18844.560999999998
2024-08-29 18:45:00+00:00,18844.9945,18846.522,18825.5055,18844.428
2024-08-29 18:50:00+00:00,18843.4945,18846.5555,18822.0555,18846.072
2024-08-29 18:55:00+00:00,18845.4945,18849.0,18829.989,18840.011
2024-08-29 19:00:00+00:00,18840.5,18840.5,18825.5,18833.0
2024-08-29 19:05:00+00:00,18833.5055,18842.5555,18831.511,18840.0055
2024-08-29 19:10:00+00:00,18839.560999999998,18844.011,18830.0,18838.572
2024-08-29 19:15:00+00:00,18839.560999999998,18856.566499999997,18835.4945,18849.0055
2024-08-29 19:20:00+00:00,18847.9945,18854.572,18843.0055,18852.560999999998
2024-08-29 19:25:00+00:00,18852.066499999997,18863.5,18851.433500000003,18861.5
2024-08-29 19:30:00+00:00,18862.511,18865.560999999998,18856.5055,18863.489
2024-08-29 19:35:00+00:00,18863.939000000002,18877.5,18861.511,18865.5055
2024-08-29 19:40:00+00:00,18865.9445,18869.5,18846.516499999998,18847.4945
2024-08-29 19:45:00+00:00,18848.478,18855.4945,18846.433500000003,18846.9835
2024-08-29 19:50:00+00:00,18847.5055,18854.0055,18840.5055,18841.072
2024-08-29 19:55:00+00:00,18841.566499999997,18850.5,18841.489,18847.4945
2024-08-29 20:00:00+00:00,18842.433500000003,18857.5835,18839.9945,18854.3
2024-08-29 20:05:00+00:00,18855.1,18867.7,18852.589,18863.4055
2024-08-29 20:10:00+00:00,18864.310999999998,18867.6,18858.378,18859.25
2024-08-29 22:05:00+00:00,18855.489,18855.489,18840.511,18850.189000000002
2024-08-29 22:10:00+00:00,18849.822,18855.4165,18846.3335,18850.722
2024-08-29 22:15:00+00:00,18851.0945,18860.733500000002,18850.310999999998,18855.433500000003
2024-08-29 22:20:00+00:00,18855.016499999998,18857.605499999998,18844.889000000003,18848.310999999998
2024-08-29 22:25:00+00:00,18847.5055,18854.2165,18846.5445,18853.394500000002
2024-08-29 22:30:00+00:00,18852.9,18855.0165,18849.9835,18850.7945
2024-08-29 22:35:00+00:00,18851.310999999998,18851.310999999998,18848.372,18850.789
2024-08-29 22:40:00+00:00,18850.0055,18853.816499999997,18849.089,18853.4055
2024-08-29 22:45:00+00:00,18852.894500000002,18853.4555,18848.7,18852.15
2024-08-29 22:50:00+00:00,18851.772,18853.85,18850.4835,18851.2445
2024-08-29 22:55:00+00:00,18850.911,18852.9945,18850.5,18852.172
2024-08-29 23:00:00+00:00,18851.6945,18852.15,18846.289,18851.25
2024-08-29 23:05:00+00:00,18850.860999999997,18855.783499999998,18849.039,18854.9445
2024-08-29 23:10:00+00:00,18855.3335,18857.511,18854.110999999997,18857.511
2024-08-29 23:15:00+00:00,18857.1555,18858.461,18854.989,18856.310999999998
2024-08-29 23:20:00+00:00,18855.8,18861.7165,18855.4,18859.2
2024-08-29 23:25:00+00:00,18859.6,18860.9665,18857.5,18860.011
2024-08-29 23:30:00+00:00,18859.216500000002,18859.605499999998,18852.433500000003,18853.355499999998
2024-08-29 23:35:00+00:00,18852.894500000002,18855.810999999998,18851.589,18852.0
2024-08-29 23:40:00+00:00,18852.511,18854.110999999997,18849.85,18852.9
2024-08-29 23:45:00+00:00,18853.2945,18859.261,18851.5945,18858.394500000002
2024-08-29 23:50:00+00:00,18857.9055,18858.822,18850.810999999998,18854.5055
2024-08-29 23:55:00+00:00,18853.6,18856.1165,18853.578,18853.6
2024-08-30 00:00:00+00:00,18854.022,18855.35,18841.789,18846.105499999998
2024-08-30 00:05:00+00:00,18845.7,18847.4555,18834.689000000002,18839.0055
2024-08-30 00:10:00+00:00,18838.5055,18841.5,18835.528,18835.528
2024-08-30 00:15:00+00:00,18853.4945,18861.0,18847.0055,18854.0
2024-08-30 00:20:00+00:00,18854.0,18860.5165,18846.016499999998,18852.0
2024-08-30 00:25:00+00:00,18852.489,18866.011,18851.5,18864.5
2024-08-30 00:30:00+00:00,18864.978,18876.0165,18864.05,18868.5
2024-08-30 00:35:00+00:00,18869.0,18869.0,18863.5165,18863.5165
2024-08-30 00:40:00+00:00,18863.989,18866.433500000003,18863.05,18865.978
2024-08-30 00:45:00+00:00,18865.55,18867.0,18859.5,18867.0
2024-08-30 00:50:00+00:00,18866.433500000003,18867.0555,18860.428,18862.989
2024-08-30 00:55:00+00:00,18862.511,18866.0165,18857.45,18859.011
2024-08-30 01:00:00+00:00,18860.0055,18868.066499999997,18860.0055,18866.989
2024-08-30 01:05:00+00:00,18867.489,18868.5555,18857.4945,18860.9835
2024-08-30 01:10:00+00:00,18860.572,18864.0055,18858.933500000003,18859.060999999998
2024-08-30 01:15:00+00:00,18857.989,18862.489,18855.478,18857.560999999998
2024-08-30 01:20:00+00:00,18856.0,18862.0,18855.928,18862.0
2024-08-30 01:25:00+00:00,18860.5,18864.011,18855.4945,18856.5
2024-08-30 01:30:00+00:00,18857.0,18867.072,18855.933500000003,18867.011
2024-08-30 01:35:00+00:00,18866.5055,18867.072,18865.011,18866.5055
2024-08-30 01:40:00+00:00,18867.011,18872.016499999998,18867.011,18871.011
2024-08-30 01:45:00+00:00,18870.511,18872.989,18869.5,18870.511
2024-08-30 01:50:00+00:00,18871.066499999997,18872.566499999997,18869.511,18871.5555
2024-08-30 01:55:00+00:00,18870.983500000002,18872.560999999998,18868.5,18870.011
2024-08-30 02:00:00+00:00,18870.9835,18875.989,18866.933500000003,18873.933500000003
2024-08-30 02:05:00+00:00,18874.5,18874.5,18869.0,18870.5055
2024-08-30 02:10:00+00:00,18869.928,18874.011,18869.0,18870.989
2024-08-30 02:15:00+00:00,18870.5,18873.0555,18870.5,18871.989
2024-08-30 02:20:00+00:00,18873.0555,18877.5055,18872.0,18877.0165
2024-08-30 02:25:00+00:00,18877.5165,18881.066499999997,18876.989,18880.511
2024-08-30 02:30:00+00:00,18881.572,18885.060999999998,18880.9945,18883.516499999998
2024-08-30 02:35:00+00:00,18884.0555,18884.511,18882.989,18882.989
2024-08-30 02:40:00+00:00,18883.5165,18885.011,18882.5165,18884.4945
2024-08-30 02:45:00+00:00,18885.0055,18886.0055,18883.060999999998,18884.560999999998
2024-08-30 02:50:00+00:00,18883.9945,18886.0555,18881.9945,18882.9945
2024-08-30 02:55:00+00:00,18882.433500000003,18886.060999999998,18879.978,18884.4945
2024-08-30 03:00:00+00:00,18884.939000000002,18885.5055,18878.4945,18879.489
2024-08-30 03:05:00+00:00,18879.0,18879.5555,18874.0,18874.016499999998
2024-08-30 03:10:00+00:00,18874.928,18875.5,18871.9945,18873.0
2024-08-30 03:15:00+00:00,18872.4945,18874.933500000003,18872.0,18872.95
2024-08-30 03:20:00+00:00,18871.9945,18872.572,18868.433500000003,18868.433500000003
2024-08-30 03:25:00+00:00,18869.4945,18869.4945,18868.489,18868.489
2024-08-30 03:30:00+00:00,18869.55,18869.560999999998,18868.4445,18869.5165
2024-08-30 03:35:00+00:00,18868.9835,18870.060999999998,18866.5165,18867.483500000002
2024-08-30 03:40:00+00:00,18867.011,18868.983500000002,18864.5,18865.4945
2024-08-30 03:45:00+00:00,18866.428,18869.011,18865.5165,18867.4835
2024-08-30 03:50:00+00:00,18867.9945,18871.983500000002,18867.9945,18869.511
2024-08-30 03:55:00+00:00,18869.072,18870.5,18867.566499999997,18870.5
2024-08-30 04:00:00+00:00,18871.0,18872.0055,18867.439000000002,18867.439000000002
2024-08-30 04:05:00+00:00,18867.011,18867.011,18866.489,18866.489
2024-08-30 04:10:00+00:00,18866.989,18866.989,18861.5055,18862.433500000003
2024-08-30 04:15:00+00:00,18862.066499999997,18862.5,18857.511,18860.5
2024-08-30 04:20:00+00:00,18861.4945,18864.072,18861.0,18864.072
2024-08-30 04:25:00+00:00,18863.4835,18864.0055,18857.5055,18859.0
2024-08-30 04:30:00+00:00,18858.516499999998,18862.478,18857.560999999998,18862.478
2024-08-30 04:35:00+00:00,18862.978,18867.066499999997,18861.9835,18866.5055
2024-08-30 04:40:00+00:00,18866.022,18875.0165,18866.022,18872.560999999998
2024-08-30 04:45:00+00:00,18873.0,18875.489,18871.439000000002,18875.489
2024-08-30 04:50:00+00:00,18874.989,18877.5,18874.939000000002,18875.989
2024-08-30 04:55:00+00:00,18874.511,18874.511,18871.5,18874.489
2024-08-30 05:00:00+00:00,18873.9945,18876.45,18865.933500000003,18873.4945
2024-08-30 05:05:00+00:00,18874.0165,18875.0555,18869.5055,18870.989
2024-08-30 05:10:00+00:00,18869.989,18873.066499999997,18869.939000000002,18871.928
2024-08-30 05:15:00+00:00,18871.5165,18872.0,18869.516499999998,18869.516499999998
2024-08-30 05:20:00+00:00,18869.011,18870.572,18866.5,18866.989
2024-08-30 05:25:00+00:00,18867.439000000002,18869.0,18864.5,18867.4945
2024-08-30 05:30:00+00:00,18868.0,18870.5,18864.511,18865.522
2024-08-30 05:35:00+00:00,18865.983500000002,18878.022,18865.439000000002,18877.5055
2024-08-30 05:40:00+00:00,18877.066499999997,18879.5165,18876.439000000002,18876.9945
2024-08-30 05:45:00+00:00,18876.5,18880.9945,18876.439000000002,18880.511
2024-08-30 05:50:00+00:00,18881.516499999998,18890.511,18880.478,18886.9945
2024-08-30 05:55:00+00:00,18887.4945,18889.9945,18878.4945,18879.483500000002
2024-08-30 06:00:00+00:00,18880.011,18894.433500000003,18875.5,18880.0055
2024-08-30 06:05:00+00:00,18880.4945,18890.566499999997,18879.939000000002,18889.4945
2024-08-30 06:10:00+00:00,18891.572,18895.016499999998,18883.011,18892.5555
2024-08-30 06:15:00+00:00,18890.483500000002,18890.483500000002,18881.0,18889.439000000002
2024-08-30 06:20:00+00:00,18888.439000000002,18892.5055,18883.5055,18886.5
2024-08-30 06:25:00+00:00,18888.55,18892.0055,18886.4835,18886.989
2024-08-30 06:30:00+00:00,18886.489,18895.478,18884.478,18891.55
2024-08-30 06:35:00+00:00,18892.0165,18892.0165,18873.9445,18878.489
2024-08-30 06:40:00+00:00,18877.95,18883.5165,18876.5055,18883.5165
2024-08-30 06:45:00+00:00,18879.4945,18882.022,18870.5555,18879.939000000002
2024-08-30 06:50:00+00:00,18880.478,18885.511,18876.5,18884.5055
2024-08-30 06:55:00+00:00,18884.016499999998,18887.5555,18877.5,18878.560999999998
2024-08-30 07:00:00+00:00,18880.4945,18903.511,18879.566499999997,18889.4945
2024-08-30 07:05:00+00:00,18888.933500000003,18901.5165,18887.0055,18897.511
2024-08-30 07:10:00+00:00,18896.478,18903.0055,18886.9445,18901.4945
2024-08-30 07:15:00+00:00,18902.0,18909.560999999998,18894.939000000002,18900.5055
2024-08-30 07:20:00+00:00,18901.45,18910.0055,18899.4445,18903.439000000002
2024-08-30 07:25:00+00:00,18902.928,18912.522,18902.489,18911.566499999997
2024-08-30 07:30:00+00:00,18912.060999999998,18917.516499999998,18910.4835,18913.5055
2024-08-30 07:35:00+00:00,18913.0,18929.060999999998,18913.0,18927.939000000002
2024-08-30 07:40:00+00:00,18928.511,18932.4945,18924.9835,18928.9945
2024-08-30 07:45:00+00:00,18929.4945,18933.5055,18910.989,18911.511
2024-08-30 07:50:00+00:00,18912.560999999998,18924.95,18911.4945,18924.511
2024-08-30 07:55:00+00:00,18926.072,18937.572,18922.5,18928.522
2024-08-30 08:00:00+00:00,18928.978,18935.5,18923.439000000002,18927.511
2024-08-30 08:05:00+00:00,18928.0,18930.478,18917.9945,18921.55
2024-08-30 08:10:00+00:00,18922.0,18932.5,18921.428,18930.483500000002
2024-08-30 08:15:00+00:00,18930.9445,18932.011,18921.05,18921.516499999998
2024-08-30 08:20:00+00:00,18921.072,18924.4945,18916.5165,18924.489
2024-08-30 08:25:00+00:00,18923.55,18933.0,18923.55,18927.4945
2024-08-30 08:30:00+00:00,18928.511,18930.5,18921.5,18929.560999999998
2024-08-30 08:35:00+00:00,18930.5165,18934.4445,18928.428,18934.4445
2024-08-30 08:40:00+00:00,18933.9945,18935.4945,18929.9945,18934.989
2024-08-30 08:45:00+00:00,18935.9945,18940.5165,18927.478,18930.9445
2024-08-30 08:50:00+00:00,18931.516499999998,18934.9945,18924.5,18931.5
2024-08-30 08:55:00+00:00,18932.5,18936.978,18930.5,18935.511
2024-08-30 09:00:00+00:00,18935.928,18945.516499999998,18932.5,18945.516499999998
2024-08-30 09:05:00+00:00,18946.022,18946.572,18938.4945,18945.5555
2024-08-30 09:10:00+00:00,18944.9945,18956.478,18944.9945,18955.4835
2024-08-30 09:15:00+00:00,18955.016499999998,18957.5555,18949.4835,18956.511
2024-08-30 09:20:00+00:00,18957.011,18957.939000000002,18947.0,18947.511
2024-08-30 09:25:00+00:00,18947.060999999998,18950.5055,18942.572,18943.0555
2024-08-30 09:30:00+00:00,18942.5555,18943.022,18928.95,18929.5
2024-08-30 09:35:00+00:00,18930.5055,18940.572,18928.011,18940.4835
2024-08-30 09:40:00+00:00,18939.933500000003,18940.5055,18931.939000000002,18936.566499999997
2024-08-30 09:45:00+00:00,18936.9945,18942.0055,18935.060999999998,18941.433500000003
2024-08-30 09:50:00+00:00,18940.511,18940.5555,18935.9945,18940.5555
2024-08-30 09:55:00+00:00,18939.928,18945.011,18939.428,18942.489
2024-08-30 10:00:00+00:00,18942.9945,18943.511,18931.0,18936.0555
2024-08-30 10:05:00+00:00,18936.5,18939.022,18929.933500000003,18934.516499999998
2024-08-30 10:10:00+00:00,18934.011,18942.05,18932.478,18940.011
2024-08-30 10:15:00+00:00,18939.428,18944.5055,18936.9835,18942.439000000002
2024-08-30 10:20:00+00:00,18942.95,18947.0,18940.5,18940.511
2024-08-30 10:25:00+00:00,18941.55,18946.0555,18940.928,18945.5
2024-08-30 10:30:00+00:00,18944.5055,18946.489,18939.489,18940.5
2024-08-30 10:35:00+00:00,18939.5,18942.989,18937.0055,18941.4945
2024-08-30 10:40:00+00:00,18940.5,18948.55,18940.5,18948.072
2024-08-30 10:45:00+00:00,18947.45,18952.516499999998,18947.45,18951.5055
2024-08-30 10:50:00+00:00,18952.0,18956.0,18950.928,18951.511
2024-08-30 10:55:00+00:00,18952.4945,18955.5,18943.989,18955.066499999997
2024-08-30 11:00:00+00:00,18956.0055,18964.05,18950.0055,18952.428
2024-08-30 11:05:00+00:00,18953.0,18955.0055,18948.989,18952.4945
2024-08-30 11:10:00+00:00,18953.072,18955.05,18946.9445,18947.511
2024-08-30 11:15:00+00:00,18946.0,18955.022,18946.0,18951.45
2024-08-30 11:20:00+00:00,18950.989,18951.4945,18939.5,18941.0
2024-08-30 11:25:00+00:00,18940.5165,18947.511,18938.983500000002,18941.5055
2024-08-30 11:30:00+00:00,18942.011,18950.489,18941.483500000002,18948.511
2024-08-30 11:35:00+00:00,18947.511,18953.489,18947.511,18950.4945
2024-08-30 11:40:00+00:00,18950.928,18952.0555,18937.45,18939.428
2024-08-30 11:45:00+00:00,18940.066499999997,18946.0555,18938.978,18942.511
2024-08-30 11:50:00+00:00,18943.0,18949.5055,18942.45,18949.5055
2024-08-30 11:55:00+00:00,18950.4835,18952.560999999998,18947.511,18949.572
2024-08-30 12:00:00+00:00,18950.522,18954.989,18948.433500000003,18950.4835
2024-08-30 12:05:00+00:00,18951.0,18954.9945,18949.9445,18953.511
2024-08-30 12:10:00+00:00,18953.989,18959.0055,18951.978,18955.522
2024-08-30 12:15:00+00:00,18954.9945,18960.933500000003,18951.5,18960.5
2024-08-30 12:20:00+00:00,18959.511,18968.0055,18959.511,18965.5
2024-08-30 12:25:00+00:00,18966.060999999998,18970.5555,18964.5,18964.5
2024-08-30 12:30:00+00:00,18964.989,18970.511,18954.489,18957.0
2024-08-30 12:35:00+00:00,18957.989,18960.0055,18949.4945,18956.511
2024-08-30 12:40:00+00:00,18955.9835,18965.4445,18954.989,18959.5555
2024-08-30 12:45:00+00:00,18959.0555,18961.95,18949.9945,18949.9945
2024-08-30 12:50:00+00:00,18950.428,18951.978,18941.439000000002,18947.4445
2024-08-30 12:55:00+00:00,18947.066499999997,18954.011,18943.489,18949.066499999997
2024-08-30 13:00:00+00:00,18948.5055,18955.9945,18943.4835,18955.511
2024-08-30 13:05:00+00:00,18955.9945,18964.511,18953.0,18963.060999999998
2024-08-30 13:10:00+00:00,18963.5,18964.511,18955.5055,18963.5165
2024-08-30 13:15:00+00:00,18962.9945,18967.5055,18961.95,18964.45
2024-08-30 13:20:00+00:00,18963.989,18970.0555,18961.4945,18962.072
2024-08-30 13:25:00+00:00,18960.989,18967.0,18958.978,18962.060999999998
2024-08-30 13:30:00+00:00,18961.5055,18965.011,18947.011,18951.489
2024-08-30 13:35:00+00:00,18950.511,18953.5055,18941.928,18951.478
2024-08-30 13:40:00+00:00,18952.4945,18958.511,18949.989,18957.9945
2024-08-30 13:45:00+00:00,18958.45,18960.0165,18932.0,18932.983500000002
2024-08-30 13:50:00+00:00,18933.478,18948.9945,18926.989,18945.566499999997
2024-08-30 13:55:00+00:00,18944.4835,18949.5055,18940.0,18947.4945
2024-08-30 14:00:00+00:00,18948.066499999997,18954.572,18936.928,18941.489
2024-08-30 14:05:00+00:00,18941.9945,18948.516499999998,18936.9945,18947.511
2024-08-30 14:10:00+00:00,18948.439000000002,18949.011,18932.989,18933.5555
2024-08-30 14:15:00+00:00,18933.022,18946.5,18929.9445,18944.9945
2024-08-30 14:20:00+00:00,18945.566499999997,18949.939000000002,18938.95,18946.5
2024-08-30 14:25:00+00:00,18946.0,18948.5165,18938.011,18939.5055
2024-08-30 14:30:00+00:00,18940.066499999997,18947.011,18932.928,18933.5555
2024-08-30 14:35:00+00:00,18932.989,18938.016499999998,18922.439000000002,18928.5055
2024-08-30 14:40:00+00:00,18927.933500000003,18935.45,18914.433500000003,18917.5165
2024-08-30 14:45:00+00:00,18916.9945,18931.5555,18912.989,18930.5165
2024-08-30 14:50:00+00:00,18929.5055,18929.5055,18916.9945,18919.0555
2024-08-30 14:55:00+00:00,18918.560999999998,18925.511,18911.4445,18914.978
2024-08-30 15:00:00+00:00,18915.5,18925.5055,18910.5555,18910.560999999998
2024-08-30 15:05:00+00:00,18909.9945,18924.989,18909.0165,18923.4945
2024-08-30 15:10:00+00:00,18923.05,18929.5055,18921.45,18928.5
2024-08-30 15:15:00+00:00,18927.5555,18930.522,18919.0,18920.4945
2024-08-30 15:20:00+00:00,18920.011,18922.011,18914.5,18915.95
2024-08-30 15:25:00+00:00,18915.489,18916.5165,18903.9445,18908.0
2024-08-30 15:30:00+00:00,18908.5055,18908.989,18888.066499999997,18903.011
2024-08-30 15:35:00+00:00,18902.489,18908.0555,18897.0,18899.9445
2024-08-30 15:40:00+00:00,18900.4945,18908.566499999997,18900.478,18903.428
2024-08-30 15:45:00+00:00,18904.016499999998,18909.9945,18897.511,18901.0
2024-08-30 15:50:00+00:00,18901.4445,18907.566499999997,18899.928,18907.522
2024-08-30 15:55:00+00:00,18906.9945,18907.5,18893.4945,18897.511
2024-08-30 16:00:00+00:00,18896.4945,18896.4945,18879.928,18891.489
2024-08-30 16:05:00+00:00,18892.5,18895.060999999998,18888.9445,18894.5055
2024-08-30 16:10:00+00:00,18894.011,18898.0055,18889.9835,18892.5055
2024-08-30 16:15:00+00:00,18891.511,18895.066499999997,18883.9445,18886.511
2024-08-30 16:20:00+00:00,18885.978,18890.560999999998,18882.9445,18884.0055
2024-08-30 16:25:00+00:00,18883.0055,18886.011,18870.4835,18873.0
2024-08-30 16:30:00+00:00,18872.511,18874.511,18859.9945,18863.0
2024-08-30 16:35:00+00:00,18862.489,18870.011,18855.428,18868.5055
2024-08-30 16:40:00+00:00,18868.0,18880.0,18865.9835,18879.0055
2024-08-30 16:45:00+00:00,18878.0165,18889.0555,18874.0,18885.983500000002
2024-08-30 16:50:00+00:00,18887.0055,18899.566499999997,18887.0055,18895.5055
2024-08-30 16:55:00+00:00,18895.939000000002,18902.45,18894.572,18897.016499999998
2024-08-30 17:00:00+00:00,18896.572,18904.5,18895.489,18902.066499999997
2024-08-30 17:05:00+00:00,18902.4835,18904.511,18896.939000000002,18897.489
2024-08-30 17:10:00+00:00,18897.939000000002,18905.478,18895.0,18904.0055
2024-08-30 17:15:00+00:00,18902.978,18905.428,18892.983500000002,18893.0
2024-08-30 17:20:00+00:00,18893.5165,18900.0,18889.928,18892.0055
2024-08-30 17:25:00+00:00,18891.483500000002,18904.05,18891.439000000002,18900.0055
2024-08-30 17:30:00+00:00,18900.5,18906.0,18898.522,18903.9945
2024-08-30 17:35:00+00:00,18903.4445,18911.016499999998,18902.5055,18903.4945
2024-08-30 17:40:00+00:00,18903.989,18913.566499999997,18903.0,18906.989
2024-08-30 17:45:00+00:00,18905.9945,18909.0,18901.989,18905.0055
2024-08-30 17:50:00+00:00,18905.511,18912.0165,18903.928,18911.5
2024-08-30 17:55:00+00:00,18911.0,18912.428,18903.5055,18906.011
2024-08-30 18:00:00+00:00,18906.978,18909.0055,18902.0,18906.4945
2024-08-30 18:05:00+00:00,18905.933500000003,18916.511,18905.0055,18916.011
2024-08-30 18:10:00+00:00,18915.4945,18919.060999999998,18912.011,18915.9945
2024-08-30 18:15:00+00:00,18914.989,18918.572,18912.989,18912.9945
2024-08-30 18:20:00+00:00,18913.5,18917.011,18912.0,18912.9945
2024-08-30 18:25:00+00:00,18913.9945,18920.989,18911.9945,18912.5
2024-08-30 18:30:00+00:00,18913.0,18916.0,18911.478,18916.0
2024-08-30 18:35:00+00:00,18916.5,18920.5,18914.5,18917.060999999998
2024-08-30 18:40:00+00:00,18917.5,18923.0,18917.0,18918.428
2024-08-30 18:45:00+00:00,18919.05,18924.55,18916.978,18924.0
2024-08-30 18:50:00+00:00,18923.5555,18930.0165,18923.4835,18923.9945
2024-08-30 18:55:00+00:00,18923.4945,18924.5055,18920.978,18923.5
2024-08-30 19:00:00+00:00,18922.989,18926.516499999998,18921.4445,18923.566499999997
2024-08-30 19:05:00+00:00,18923.0055,18925.066499999997,18919.5555,18919.5555
2024-08-30 19:10:00+00:00,18918.9945,18921.5,18910.978,18913.066499999997
2024-08-30 19:15:00+00:00,18912.4945,18919.0555,18910.989,18918.022
2024-08-30 19:20:00+00:00,18918.489,18931.5165,18918.489,18927.060999999998
2024-08-30 19:25:00+00:00,18926.4445,18931.5055,18923.95,18929.9945
2024-08-30 19:30:00+00:00,18929.478,18932.0555,18921.011,18922.572
2024-08-30 19:35:00+00:00,18923.0555,18930.05,18923.0555,18928.5
2024-08-30 19:40:00+00:00,18927.928,18932.428,18923.072,18924.478
2024-08-30 19:45:00+00:00,18924.05,18932.0,18924.05,18931.983500000002
2024-08-30 19:50:00+00:00,18933.022,18955.511,18933.022,18952.0055
2024-08-30 19:55:00+00:00,18951.522,18959.066499999997,18947.0,18947.45
2024-08-30 20:00:00+00:00,18946.0,18946.0,18946.0,18946.0
