Datetime,Open,High,Low,Close
2024-01-01 23:05:00+00:00,16772.605,16781.51,16772.605,16780.6
2024-01-01 23:10:00+00:00,16780.1,16784.115,16778.795000000002,16778.795000000002
2024-01-01 23:15:00+00:00,16779.695,16780.6,16777.855,16777.855
2024-01-01 23:20:00+00:00,16776.909999999996,16780.495000000003,16776.11,16779.6
2024-01-01 23:25:00+00:00,16780.510000000002,16783.025,16779.595,16781.29
2024-01-01 23:30:00+00:00,16780.43,16782.204999999998,16778.7,16778.7
2024-01-01 23:35:00+00:00,16777.75,16781.305,16777.75,16780.495000000003
2024-01-01 23:40:00+00:00,16781.284999999996,16781.704999999998,16778.695,16779.120000000003
2024-01-01 23:45:00+00:00,16779.504999999997,16779.915,16778.19,16779.025
2024-01-01 23:50:00+00:00,16780.085,16781.795000000002,16780.035,16781.795000000002
2024-01-02 00:00:00+00:00,16780.895,16782.695,16780.895,16782.695
2024-01-02 00:05:00+00:00,16783.620000000003,16783.620000000003,16781.805,16783.579999999998
2024-01-02 00:10:00+00:00,16782.695,16782.695,16781.805,16781.805
2024-01-02 00:15:00+00:00,16778.81,16778.81,16770.375,16774.305
2024-01-02 00:20:00+00:00,16774.235,16775.784999999996,16774.235,16775.784999999996
2024-01-02 00:25:00+00:00,16776.31,16777.364999999998,16774.805,16776.8
2024-01-02 00:30:00+00:00,16776.295000000002,16776.295000000002,16774.28,16775.73
2024-01-02 00:35:00+00:00,16776.32,16781.855,16776.32,16781.31
2024-01-02 00:40:00+00:00,16780.725,16781.355,16778.775,16778.79
2024-01-02 00:45:00+00:00,16778.305,16778.815000000002,16776.775,16778.815000000002
2024-01-02 00:50:00+00:00,16778.3,16779.305,16777.745000000003,16777.745000000003
2024-01-02 01:00:00+00:00,16778.78,16796.795000000002,16778.32,16795.295000000002
2024-01-02 01:05:00+00:00,16794.805,16797.315000000002,16790.74,16792.305
2024-01-02 01:10:00+00:00,16791.78,16793.3,16782.3,16786.32
2024-01-02 01:15:00+00:00,16787.355,16795.31,16787.355,16790.8
2024-01-02 01:20:00+00:00,16790.295000000002,16790.31,16788.355,16790.31
2024-01-02 01:25:00+00:00,16789.78,16790.32,16783.745000000003,16785.315000000002
2024-01-02 01:30:00+00:00,16784.325,16791.305,16784.325,16787.864999999998
2024-01-02 01:35:00+00:00,16787.235,16787.815000000002,16787.235,16787.815000000002
2024-01-02 01:40:00+00:00,16783.805,16784.305,16777.73,16781.79
2024-01-02 01:45:00+00:00,16782.056,16787.859999999997,16773.3,16776.305
2024-01-02 01:50:00+00:00,16777.8,16780.805,16776.875,16779.795000000002
2024-01-02 01:55:00+00:00,16779.29,16780.355,16777.805,16778.25
2024-01-02 02:00:00+00:00,16777.870000000003,16780.82,16777.3,16778.74
2024-01-02 02:05:00+00:00,16778.370000000003,16779.325,16778.29,16778.815
2024-01-02 02:10:00+00:00,16777.805,16778.31,16777.805,16778.28
2024-01-02 02:15:00+00:00,16777.81,16778.805,16776.31,16776.31
2024-01-02 02:20:00+00:00,16776.795000000002,16779.31,16776.275,16778.73
2024-01-02 02:25:00+00:00,16778.31,16778.870000000003,16777.805,16778.31
2024-01-02 02:30:00+00:00,16777.8,16779.3,16777.3,16779.3
2024-01-02 02:35:00+00:00,16778.784999999996,16778.784999999996,16775.32,16778.315000000002
2024-01-02 02:40:00+00:00,16779.31,16781.805,16777.745000000003,16781.25
2024-01-02 02:45:00+00:00,16780.78,16782.305,16780.3,16781.295000000002
2024-01-02 02:50:00+00:00,16780.809999999998,16781.325,16776.295000000002,16779.295000000002
2024-01-02 02:55:00+00:00,16778.3,16784.305,16778.3,16782.85
2024-01-02 03:00:00+00:00,16782.29,16786.31,16782.29,16785.370000000003
2024-01-02 03:05:00+00:00,16784.79,16785.785,16784.235,16785.3
2024-01-02 03:10:00+00:00,16785.775,16787.284999999996,16781.35,16781.79
2024-01-02 03:15:00+00:00,16781.3,16782.815000000002,16778.29,16778.29
2024-01-02 03:20:00+00:00,16777.81,16777.81,16774.82,16776.81
2024-01-02 03:25:00+00:00,16777.285,16777.81,16772.29,16773.275
2024-01-02 03:30:00+00:00,16774.285,16776.35,16773.8,16776.35
2024-01-02 03:35:00+00:00,16775.784999999996,16775.784999999996,16772.305,16773.35
2024-01-02 03:40:00+00:00,16774.295000000002,16775.315000000002,16772.8,16775.315000000002
2024-01-02 03:45:00+00:00,16774.775,16776.370000000003,16774.775,16775.784999999996
2024-01-02 03:50:00+00:00,16775.3,16775.74,16772.284999999996,16773.305
2024-01-02 03:55:00+00:00,16774.305,16776.3,16774.305,16775.79
2024-01-02 04:00:00+00:00,16775.305,16775.31,16773.284999999996,16774.315
2024-01-02 04:05:00+00:00,16774.859999999997,16775.325,16774.784999999996,16775.295000000002
2024-01-02 04:10:00+00:00,16776.3,16782.364999999998,16776.3,16782.364999999998
2024-01-02 04:15:00+00:00,16783.31,16783.805,16782.25,16782.25
2024-01-02 04:20:00+00:00,16781.32,16781.32,16780.295000000002,16781.3
2024-01-02 04:25:00+00:00,16782.3,16782.375,16781.284999999996,16782.375
2024-01-02 04:30:00+00:00,16781.81,16789.29,16781.29,16787.305
2024-01-02 04:35:00+00:00,16787.79,16789.305,16787.295000000002,16789.305
2024-01-02 04:40:00+00:00,16791.29,16792.35,16790.29,16790.295000000002
2024-01-02 04:45:00+00:00,16789.23,16789.82,16789.23,16789.82
2024-01-02 04:50:00+00:00,16789.3,16790.870000000003,16789.3,16789.79
2024-01-02 04:55:00+00:00,16787.735,16787.735,16786.305,16787.25
2024-01-02 05:00:00+00:00,16787.82,16790.375,16787.82,16788.81
2024-01-02 05:10:00+00:00,16790.295000000002,16801.805,16790.295000000002,16801.805
2024-01-02 05:15:00+00:00,16801.31,16802.3,16799.24,16800.805
2024-01-02 05:20:00+00:00,16800.295000000002,16800.8,16798.305,16799.275
2024-01-02 05:25:00+00:00,16799.725,16803.355,16797.775,16798.355
2024-01-02 05:30:00+00:00,16797.79,16799.295000000002,16795.284999999996,16797.28
2024-01-02 05:35:00+00:00,16796.864999999998,16797.864999999998,16794.29,16796.29
2024-01-02 05:40:00+00:00,16795.815000000002,16797.305,16795.815000000002,16797.305
2024-01-02 05:45:00+00:00,16797.805,16798.315,16795.23,16795.23
2024-01-02 05:50:00+00:00,16796.3,16798.745000000003,16795.295000000002,16795.3
2024-01-02 05:55:00+00:00,16794.784999999996,16796.31,16794.3,16796.31
2024-01-02 06:00:00+00:00,16797.295000000002,16798.31,16794.295000000002,16795.284999999996
2024-01-02 06:05:00+00:00,16795.854,16796.295000000002,16793.3,16793.35
2024-01-02 06:10:00+00:00,16793.805,16793.805,16786.235,16786.75
2024-01-02 06:15:00+00:00,16785.784999999996,16788.315000000002,16785.784999999996,16787.305
2024-01-02 06:20:00+00:00,16786.784999999996,16792.805,16785.725,16792.3
2024-01-02 06:25:00+00:00,16791.8,16791.82,16787.825,16791.3
2024-01-02 06:30:00+00:00,16790.8,16791.3,16787.8,16788.305
2024-01-02 06:35:00+00:00,16788.79,16789.855,16785.25,16787.735
2024-01-02 06:40:00+00:00,16788.31,16798.875,16787.805,16795.295000000002
2024-01-02 06:45:00+00:00,16795.8,16797.805,16794.29,16795.284999999996
2024-01-02 06:50:00+00:00,16795.725,16799.815,16795.245000000003,16797.29
2024-01-02 06:55:00+00:00,16797.8,16797.8,16792.735,16796.359999999997
2024-01-02 07:00:00+00:00,16796.315000000002,16802.305,16791.245000000003,16794.784999999996
2024-01-02 07:05:00+00:00,16794.295000000002,16806.825,16793.785,16805.3
2024-01-02 07:10:00+00:00,16805.745000000003,16823.815000000002,16805.359999999997,16817.3
2024-01-02 07:15:00+00:00,16817.825,16817.825,16805.795000000002,16808.295000000002
2024-01-02 07:20:00+00:00,16808.81,16809.355,16805.295000000002,16809.3
2024-01-02 07:25:00+00:00,16809.79,16814.725,16808.305,16814.295000000002
2024-01-02 07:30:00+00:00,16814.82,16814.82,16811.805,16813.3
2024-01-02 07:35:00+00:00,16813.809999999998,16813.809999999998,16808.25,16810.305
2024-01-02 07:40:00+00:00,16809.855,16809.855,16788.295000000002,16791.784999999996
2024-01-02 07:45:00+00:00,16792.29,16800.81,16791.31,16797.305
2024-01-02 07:50:00+00:00,16797.795000000002,16807.3,16796.31,16807.3
2024-01-02 07:55:00+00:00,16807.8,16825.8,16800.28,16800.28
2024-01-02 08:00:00+00:00,16801.295000000002,16867.870000000003,16794.295000000002,16864.23
2024-01-02 08:05:00+00:00,16863.511,16871.3,16838.73,16843.315000000002
2024-01-02 08:10:00+00:00,16840.521,16854.805,16835.784999999996,16848.805
2024-01-02 08:15:00+00:00,16849.23,16865.355,16832.79,16862.295000000002
2024-01-02 08:20:00+00:00,16859.85,16880.25,16851.859999999997,16878.355
2024-01-02 08:25:00+00:00,16877.805,16889.375,16872.275,16888.315
2024-01-02 08:30:00+00:00,16886.859999999997,16914.82,16885.795000000002,16914.795000000002
2024-01-02 08:35:00+00:00,16915.3,16923.305,16911.725,16918.82
2024-01-02 08:40:00+00:00,16919.8,16932.81,16916.73,16930.81
2024-01-02 08:45:00+00:00,16930.315,16930.315,16905.275,16924.31
2024-01-02 08:50:00+00:00,16922.875,16949.8,16917.784999999996,16949.8
2024-01-02 08:55:00+00:00,16948.81,16960.78,16946.73,16957.8
2024-01-02 09:00:00+00:00,16957.375,16962.355,16950.23,16954.79
2024-01-02 09:05:00+00:00,16953.745000000003,16955.3,16941.73,16943.795000000002
2024-01-02 09:10:00+00:00,16944.795000000002,16945.81,16930.315000000002,16937.295000000002
2024-01-02 09:15:00+00:00,16936.78,16936.78,16904.81,16905.295000000002
2024-01-02 09:20:00+00:00,16905.82,16905.82,16871.875,16876.864999999998
2024-01-02 09:25:00+00:00,16875.81,16881.29,16868.25,16879.35
2024-01-02 09:30:00+00:00,16878.785,16881.29,16867.225,16867.784999999996
2024-01-02 09:35:00+00:00,16868.3,16868.3,16850.8,16853.359999999997
2024-01-02 09:40:00+00:00,16853.8,16864.81,16846.8,16861.28
2024-01-02 09:45:00+00:00,16860.795000000002,16875.809999999998,16857.8,16867.815000000002
2024-01-02 09:50:00+00:00,16868.28,16868.28,16851.8,16853.8
2024-01-02 09:55:00+00:00,16854.78,16869.32,16854.78,16867.79
2024-01-02 10:00:00+00:00,16867.325,16871.815,16858.78,16859.295000000002
2024-01-02 10:05:00+00:00,16858.85,16863.8,16852.79,16853.745000000003
2024-01-02 10:10:00+00:00,16854.875,16859.29,16849.795000000002,16850.359999999997
2024-01-02 10:15:00+00:00,16851.31,16858.79,16848.785,16853.79
2024-01-02 10:20:00+00:00,16854.79,16854.8,16832.295000000002,16832.73
2024-01-02 10:25:00+00:00,16833.78,16835.295000000002,16808.795000000002,16820.795000000002
2024-01-02 10:30:00+00:00,16821.735,16824.82,16815.815000000002,16821.825
2024-01-02 10:35:00+00:00,16822.355,16830.285,16815.8,16830.285
2024-01-02 10:40:00+00:00,16830.784999999996,16833.805,16825.795000000002,16832.78
2024-01-02 10:45:00+00:00,16833.784999999996,16840.805,16829.785,16840.28
2024-01-02 10:50:00+00:00,16840.8,16844.875,16830.745000000003,16832.3
2024-01-02 10:55:00+00:00,16832.81,16838.305,16824.8,16827.815000000002
2024-01-02 11:00:00+00:00,16828.29,16829.8,16815.31,16821.3
2024-01-02 11:05:00+00:00,16822.3,16825.81,16813.8,16816.81
2024-01-02 11:10:00+00:00,16817.864999999998,16817.864999999998,16802.79,16803.795000000002
2024-01-02 11:15:00+00:00,16804.285,16806.8,16779.78,16780.28
2024-01-02 11:20:00+00:00,16780.795000000002,16781.795000000002,16755.74,16758.855
2024-01-02 11:25:00+00:00,16758.3,16765.805,16748.24,16754.355
2024-01-02 11:30:00+00:00,16753.795000000002,16754.815,16725.295000000002,16726.859999999997
2024-01-02 11:35:00+00:00,16725.795000000002,16725.795000000002,16695.29,16710.784999999996
2024-01-02 11:40:00+00:00,16709.859999999997,16716.29,16693.8,16704.235
2024-01-02 11:45:00+00:00,16703.78,16726.31,16699.79,16721.725
2024-01-02 11:50:00+00:00,16722.815000000002,16724.31,16709.745000000003,16709.8
2024-01-02 11:55:00+00:00,16710.305,16737.864999999998,16710.305,16731.735
2024-01-02 12:00:00+00:00,16732.8,16732.825,16718.8,16725.825
2024-01-02 12:05:00+00:00,16726.35,16731.3,16714.79,16723.3
2024-01-02 12:10:00+00:00,16724.305,16725.3,16705.805,16713.859999999997
2024-01-02 12:15:00+00:00,16715.325,16717.795000000002,16704.74,16704.79
2024-01-02 12:20:00+00:00,16703.870000000003,16708.35,16699.8,16704.305
2024-01-02 12:25:00+00:00,16704.855,16707.28,16700.284999999996,16703.305
2024-01-02 12:30:00+00:00,16703.795000000002,16704.855,16691.79,16697.359999999997
2024-01-02 12:35:00+00:00,16696.8,16697.359999999997,16669.775,16671.315000000002
2024-01-02 12:40:00+00:00,16670.73,16686.870000000003,16664.805,16672.31
2024-01-02 12:45:00+00:00,16673.29,16681.315000000002,16666.815000000002,16671.3
2024-01-02 12:50:00+00:00,16671.78,16672.359999999997,16659.295000000002,16664.359999999997
2024-01-02 12:55:00+00:00,16664.85,16671.29,16655.79,16667.795000000002
2024-01-02 13:00:00+00:00,16667.8,16679.809999999998,16660.79,16678.8
2024-01-02 13:05:00+00:00,16677.875,16681.81,16660.28,16660.8
2024-01-02 13:10:00+00:00,16661.23,16661.805,16647.795000000002,16651.295000000002
2024-01-02 13:15:00+00:00,16651.82,16662.8,16649.795000000002,16662.73
2024-01-02 13:20:00+00:00,16663.725,16669.79,16661.23,16667.795000000002
2024-01-02 13:25:00+00:00,16668.23,16675.82,16662.875,16667.74
2024-01-02 13:30:00+00:00,16666.73,16705.875,16659.795000000002,16699.32
2024-01-02 13:35:00+00:00,16699.81,16699.855,16671.25,16680.79
2024-01-02 13:40:00+00:00,16683.31,16692.815000000002,16681.81,16690.875
2024-01-02 13:45:00+00:00,16690.3,16697.315,16684.805,16694.805
2024-01-02 13:50:00+00:00,16694.3,16696.245000000003,16685.8,16694.79
2024-01-02 13:55:00+00:00,16695.855,16707.864999999998,16692.74,16697.8
2024-01-02 14:00:00+00:00,16698.295000000002,16722.78,16697.73,16712.870000000003
2024-01-02 14:05:00+00:00,16712.82,16735.82,16710.79,16731.235
2024-01-02 14:10:00+00:00,16731.8,16731.875,16721.79,16729.295000000002
2024-01-02 14:15:00+00:00,16729.8,16751.805,16727.295000000002,16745.73
2024-01-02 14:20:00+00:00,16745.285,16753.82,16743.8,16750.795000000002
2024-01-02 14:25:00+00:00,16751.805,16756.795000000002,16747.305,16751.28
2024-01-02 14:30:00+00:00,16751.805,16756.3,16732.870000000003,16743.775
2024-01-02 14:35:00+00:00,16742.79,16746.82,16731.315,16734.305
2024-01-02 14:40:00+00:00,16734.795000000002,16754.305,16731.870000000003,16749.225
2024-01-02 14:45:00+00:00,16750.235,16767.315000000002,16746.245000000003,16750.284999999996
2024-01-02 14:50:00+00:00,16749.875,16774.375,16749.3,16752.81
2024-01-02 14:55:00+00:00,16753.315000000002,16770.784999999996,16751.795000000002,16768.805
2024-01-02 15:00:00+00:00,16766.795000000002,16776.795000000002,16763.78,16771.864999999998
2024-01-02 15:05:00+00:00,16769.815000000002,16773.825,16754.795000000002,16771.815
2024-01-02 15:10:00+00:00,16771.031,16779.825,16762.864999999998,16768.284999999996
2024-01-02 15:15:00+00:00,16767.225,16770.805,16757.375,16762.875
2024-01-02 15:20:00+00:00,16762.315000000002,16781.870000000003,16759.745000000003,16774.78
2024-01-02 15:25:00+00:00,16774.3,16777.284999999996,16745.805,16755.815000000002
2024-01-02 15:30:00+00:00,16756.375,16757.29,16738.75,16755.784999999996
2024-01-02 15:35:00+00:00,16756.864999999998,16759.775,16747.295000000002,16756.805
2024-01-02 15:40:00+00:00,16756.3,16778.795000000002,16755.3,16774.295000000002
2024-01-02 15:45:00+00:00,16773.805,16776.784999999996,16755.78,16756.31
2024-01-02 15:50:00+00:00,16756.73,16768.82,16752.295000000002,16763.81
2024-01-02 15:55:00+00:00,16762.784999999996,16778.8,16761.795000000002,16773.85
2024-01-02 16:00:00+00:00,16773.315000000002,16776.855,16767.325,16772.73
2024-01-02 16:05:00+00:00,16771.75,16778.305,16761.3,16777.864999999998
2024-01-02 16:10:00+00:00,16776.795000000002,16789.285,16771.795000000002,16779.315000000002
2024-01-02 16:15:00+00:00,16778.805,16787.870000000003,16774.78,16780.309999999998
2024-01-02 16:20:00+00:00,16779.815000000002,16781.31,16762.725,16769.305
2024-01-02 16:25:00+00:00,16768.82,16771.85,16764.79,16768.795000000002
2024-01-02 16:30:00+00:00,16768.24,16775.875,16767.73,16771.24
2024-01-02 16:35:00+00:00,16770.795000000002,16772.859999999997,16761.745000000003,16762.784999999996
2024-01-02 16:40:00+00:00,16762.309999999998,16769.775,16760.8,16768.795000000002
2024-01-02 16:45:00+00:00,16767.79,16776.8,16764.74,16774.784999999996
2024-01-02 16:50:00+00:00,16774.32,16776.79,16770.805,16772.28
2024-01-02 16:55:00+00:00,16771.8,16779.775,16771.8,16779.295000000002
2024-01-02 17:00:00+00:00,16779.85,16781.359999999997,16776.775,16776.805
2024-01-02 17:05:00+00:00,16777.359999999997,16782.805,16775.78,16781.78
2024-01-02 17:10:00+00:00,16781.28,16785.859999999997,16779.775,16784.79
2024-01-02 17:15:00+00:00,16783.78,16784.875,16774.795000000002,16777.795000000002
2024-01-02 17:20:00+00:00,16778.355,16782.805,16776.805,16777.775
2024-01-02 17:25:00+00:00,16777.29,16779.32,16774.74,16775.875
2024-01-02 17:30:00+00:00,16776.315000000002,16780.864999999998,16774.784999999996,16780.79
2024-01-02 17:35:00+00:00,16781.795000000002,16785.870000000003,16781.795000000002,16784.795000000002
2024-01-02 17:40:00+00:00,16785.305,16788.805,16782.78,16783.8
2024-01-02 17:45:00+00:00,16783.355,16783.825,16772.24,16775.785
2024-01-02 17:50:00+00:00,16776.305,16776.305,16770.29,16774.364999999998
2024-01-02 17:55:00+00:00,16774.809999999998,16774.81,16768.79,16772.815000000002
2024-01-02 18:00:00+00:00,16772.29,16772.864999999998,16766.79,16770.870000000003
2024-01-02 18:05:00+00:00,16770.315,16770.735,16761.74,16763.31
2024-01-02 18:10:00+00:00,16762.74,16769.82,16760.8,16768.31
2024-01-02 18:15:00+00:00,16767.875,16769.305,16763.8,16767.725
2024-01-02 18:20:00+00:00,16768.78,16769.81,16764.79,16769.284999999996
2024-01-02 18:25:00+00:00,16769.059,16772.795000000002,16768.235,16768.29
2024-01-02 18:30:00+00:00,16767.864999999998,16771.79,16764.815000000002,16771.315000000002
2024-01-02 18:35:00+00:00,16770.864999999998,16774.859999999997,16769.815000000002,16772.79
2024-01-02 18:40:00+00:00,16772.28,16774.805,16768.81,16770.315000000002
2024-01-02 18:45:00+00:00,16769.864999999998,16774.815000000002,16767.815000000002,16768.745000000003
2024-01-02 18:50:00+00:00,16769.29,16769.795000000002,16756.775,16758.805
2024-01-02 18:55:00+00:00,16758.3,16762.359999999997,16754.285,16756.775
2024-01-02 19:00:00+00:00,16756.225,16758.325,16751.78,16751.805
2024-01-02 19:05:00+00:00,16752.305,16753.364999999998,16747.74,16752.245000000003
2024-01-02 19:10:00+00:00,16751.81,16761.79,16751.370000000003,16758.315000000002
2024-01-02 19:15:00+00:00,16757.784999999996,16758.370000000003,16754.735,16755.284999999996
2024-01-02 19:20:00+00:00,16754.815000000002,16756.795000000002,16749.31,16749.82
2024-01-02 19:25:00+00:00,16750.284999999996,16756.81,16750.284999999996,16756.370000000003
2024-01-02 19:30:00+00:00,16756.069,16760.325,16751.73,16751.73
2024-01-02 19:35:00+00:00,16752.305,16753.735,16746.725,16746.725
2024-01-02 19:40:00+00:00,16745.78,16750.29,16745.78,16746.82
2024-01-02 19:45:00+00:00,16745.805,16748.875,16742.29,16742.3
2024-01-02 19:50:00+00:00,16742.815000000002,16744.825,16732.775,16733.785
2024-01-02 19:55:00+00:00,16733.305,16735.74,16730.81,16730.81
2024-01-02 20:00:00+00:00,16730.305,16731.795000000002,16717.3,16717.3
2024-01-02 20:05:00+00:00,16717.805,16725.81,16716.795000000002,16722.795000000002
2024-01-02 20:10:00+00:00,16723.23,16724.805,16719.79,16721.3
2024-01-02 20:15:00+00:00,16720.784999999996,16729.82,16718.305,16728.315
2024-01-02 20:20:00+00:00,16727.815,16729.815000000002,16722.775,16727.315000000002
2024-01-02 20:25:00+00:00,16726.73,16728.870000000003,16723.785,16727.795000000002
2024-01-02 20:30:00+00:00,16727.315000000002,16731.8,16725.805,16725.805
2024-01-02 20:35:00+00:00,16724.79,16725.8,16719.29,16720.78
2024-01-02 20:40:00+00:00,16720.31,16724.305,16715.870000000003,16723.284999999996
2024-01-02 20:45:00+00:00,16722.825,16725.31,16715.8,16716.815000000002
2024-01-02 20:50:00+00:00,16718.795000000002,16733.81,16716.8,16728.805
2024-01-02 20:55:00+00:00,16728.29,16740.359999999997,16725.8,16738.870000000003
2024-01-02 21:00:00+00:00,16738.875,16742.24,16729.11,16735.995000000003
2024-01-02 21:05:00+00:00,16738.27,16742.275,16735.885,16736.82
2024-01-02 21:10:00+00:00,16737.69,16740.295000000002,16734.825,16734.954999999998
2024-01-02 23:00:00+00:00,16743.379999999997,16745.115,16737.895,16743.125
2024-01-02 23:05:00+00:00,16742.385,16744.204999999998,16741.43,16742.49
2024-01-02 23:10:00+00:00,16743.405,16743.405,16738.9,16738.97
2024-01-02 23:15:00+00:00,16738.1,16739.405,16733.69,16733.69
2024-01-02 23:20:00+00:00,16734.495000000003,16737.215000000004,16731.840000000004,16733.645
2024-01-02 23:25:00+00:00,16732.82,16735.425,16732.745000000003,16733.640000000003
2024-01-02 23:30:00+00:00,16734.489999999998,16735.475,16733.71,16735.379999999997
2024-01-02 23:35:00+00:00,16736.245000000003,16736.355,16735.345,16736.355
2024-01-02 23:40:00+00:00,16735.41,16737.125,16735.4,16736.305
2024-01-02 23:45:00+00:00,16735.390000000003,16737.204999999998,16734.55,16737.140000000003
2024-01-02 23:50:00+00:00,16736.3,16737.22,16736.275,16737.18
2024-01-02 23:55:00+00:00,16738.09,16738.175,16737.2,16738.11
2024-01-03 00:00:00+00:00,16738.879999999997,16738.909999999996,16735.335,16737.19
2024-01-03 00:05:00+00:00,16736.775,16736.775,16735.379999999997,16736.31
2024-01-03 00:10:00+00:00,16737.225,16737.225,16735.385000000002,16736.370000000003
2024-01-03 00:15:00+00:00,16734.795000000002,16742.805,16734.795000000002,16738.325
2024-01-03 00:20:00+00:00,16738.3,16741.295000000002,16738.3,16740.815000000002
2024-01-03 00:25:00+00:00,16742.8,16742.85,16739.81,16739.81
2024-01-03 00:30:00+00:00,16740.24,16743.8,16739.79,16743.8
2024-01-03 00:35:00+00:00,16743.28,16746.75,16742.81,16742.81
2024-01-03 00:40:00+00:00,16743.3,16743.3,16738.725,16741.735
2024-01-03 00:45:00+00:00,16741.295000000002,16741.295000000002,16737.775,16737.775
2024-01-03 00:50:00+00:00,16737.305,16737.305,16730.745000000003,16732.8
2024-01-03 00:55:00+00:00,16733.284999999996,16734.805,16732.3,16732.79
2024-01-03 01:00:00+00:00,16732.976000000002,16738.79,16730.3,16731.795000000002
2024-01-03 01:05:00+00:00,16732.31,16735.805,16732.31,16733.805
2024-01-03 01:10:00+00:00,16732.8,16735.8,16729.375,16733.73
2024-01-03 01:15:00+00:00,16733.31,16736.785,16731.275,16732.81
2024-01-03 01:20:00+00:00,16733.805,16735.815000000002,16731.864999999998,16733.73
2024-01-03 01:25:00+00:00,16733.315000000002,16734.75,16731.73,16732.805
2024-01-03 01:30:00+00:00,16733.870000000003,16734.8,16731.795000000002,16732.805
2024-01-03 01:35:00+00:00,16733.375,16734.81,16731.735,16732.305
2024-01-03 01:40:00+00:00,16732.805,16733.85,16731.315,16733.82
2024-01-03 01:45:00+00:00,16732.805,16735.32,16732.245000000003,16734.31
2024-01-03 01:50:00+00:00,16734.79,16736.295000000002,16733.8,16735.3
2024-01-03 01:55:00+00:00,16734.855,16735.29,16731.79,16731.79
2024-01-03 02:00:00+00:00,16732.370000000003,16739.295000000002,16732.370000000003,16739.295000000002
2024-01-03 02:05:00+00:00,16738.859999999997,16739.795000000002,16733.805,16733.805
2024-01-03 02:10:00+00:00,16734.284999999996,16736.784999999996,16733.785,16734.305
2024-01-03 02:15:00+00:00,16734.859999999997,16734.859999999997,16732.725,16732.725
2024-01-03 02:20:00+00:00,16733.305,16733.79,16729.775,16730.745000000003
2024-01-03 02:25:00+00:00,16731.315000000002,16731.875,16728.25,16731.805
2024-01-03 02:30:00+00:00,16730.78,16734.8,16730.78,16732.85
2024-01-03 02:35:00+00:00,16732.3,16736.305,16732.25,16733.82
2024-01-03 02:40:00+00:00,16734.225,16734.870000000003,16731.825,16732.859999999997
2024-01-03 02:45:00+00:00,16733.284999999996,16735.305,16732.305,16733.74
2024-01-03 02:50:00+00:00,16733.295000000002,16735.315000000002,16731.815000000002,16731.815000000002
2024-01-03 02:55:00+00:00,16731.295000000002,16731.855,16728.305,16731.24
2024-01-03 03:00:00+00:00,16730.73,16733.295000000002,16730.325,16731.815
2024-01-03 03:05:00+00:00,16732.825,16732.825,16729.795000000002,16731.3
2024-01-03 03:10:00+00:00,16730.285,16730.285,16727.75,16727.805
2024-01-03 03:15:00+00:00,16727.235,16728.235,16722.295000000002,16724.805
2024-01-03 03:20:00+00:00,16725.235,16725.235,16721.815000000002,16721.815000000002
2024-01-03 03:25:00+00:00,16721.315000000002,16722.295000000002,16719.870000000003,16721.815
2024-01-03 03:30:00+00:00,16721.32,16726.805,16721.32,16725.784999999996
2024-01-03 03:35:00+00:00,16725.375,16725.375,16722.784999999996,16724.284999999996
2024-01-03 03:40:00+00:00,16723.735,16724.370000000003,16720.795000000002,16722.74
2024-01-03 03:45:00+00:00,16721.785,16723.81,16720.8,16722.805
2024-01-03 03:50:00+00:00,16722.28,16724.8,16720.74,16721.8
2024-01-03 03:55:00+00:00,16722.25,16722.25,16719.295000000002,16719.35
2024-01-03 04:00:00+00:00,16719.78,16720.85,16719.235,16719.805
2024-01-03 04:05:00+00:00,16719.29,16719.859999999997,16718.870000000003,16719.79
2024-01-03 04:10:00+00:00,16720.875,16721.75,16719.8,16721.315000000002
2024-01-03 04:15:00+00:00,16720.785,16720.859999999997,16719.745000000003,16720.31
2024-01-03 04:20:00+00:00,16719.795000000002,16720.864999999998,16719.31,16720.315
2024-01-03 04:25:00+00:00,16720.78,16720.78,16718.775,16718.775
2024-01-03 04:30:00+00:00,16719.23,16720.815000000002,16719.23,16719.305
2024-01-03 04:35:00+00:00,16718.82,16719.305,16718.8,16718.8
2024-01-03 04:40:00+00:00,16718.35,16718.35,16713.3,16714.78
2024-01-03 04:45:00+00:00,16715.235,16716.82,16712.805,16716.795000000002
2024-01-03 04:50:00+00:00,16717.295000000002,16717.295000000002,16714.8,16714.8
2024-01-03 04:55:00+00:00,16715.35,16716.825,16711.805,16715.79
2024-01-03 05:00:00+00:00,16716.285,16717.75,16712.735,16712.795000000002
2024-01-03 05:05:00+00:00,16713.79,16716.809999999998,16713.79,16716.809999999998
2024-01-03 05:10:00+00:00,16717.315000000002,16719.79,16711.325,16711.784999999996
2024-01-03 05:15:00+00:00,16711.295000000002,16715.795000000002,16711.295000000002,16712.79
2024-01-03 05:20:00+00:00,16713.315000000002,16713.8,16711.8,16711.8
2024-01-03 05:25:00+00:00,16712.29,16715.3,16711.795000000002,16714.815000000002
2024-01-03 05:30:00+00:00,16715.31,16722.815000000002,16715.31,16719.8
2024-01-03 05:35:00+00:00,16720.31,16720.875,16718.235,16719.855
2024-01-03 05:40:00+00:00,16719.325,16719.81,16715.284999999996,16715.79
2024-01-03 05:45:00+00:00,16715.275,16718.81,16715.275,16716.735
2024-01-03 05:50:00+00:00,16717.795000000002,16718.795000000002,16715.85,16718.795000000002
2024-01-03 05:55:00+00:00,16719.28,16724.81,16718.3,16724.81
2024-01-03 06:00:00+00:00,16724.484000000004,16728.785,16724.29,16727.74
2024-01-03 06:05:00+00:00,16727.3,16728.275,16724.29,16724.29
2024-01-03 06:10:00+00:00,16724.8,16726.864999999998,16721.8,16726.315000000002
2024-01-03 06:15:00+00:00,16725.3,16726.8,16722.78,16725.8
2024-01-03 06:20:00+00:00,16725.3,16725.81,16724.31,16725.75
2024-01-03 06:25:00+00:00,16726.235,16728.864999999998,16726.235,16728.745000000003
2024-01-03 06:30:00+00:00,16728.29,16728.364999999998,16726.32,16726.795000000002
2024-01-03 06:35:00+00:00,16727.805,16729.795000000002,16726.805,16729.795000000002
2024-01-03 06:40:00+00:00,16730.3,16737.305,16730.3,16737.3
2024-01-03 06:45:00+00:00,16738.32,16739.82,16735.295000000002,16738.784999999996
2024-01-03 06:50:00+00:00,16739.32,16739.85,16725.864999999998,16725.864999999998
2024-01-03 06:55:00+00:00,16726.31,16730.295000000002,16725.81,16730.295000000002
2024-01-03 07:00:00+00:00,16729.354,16732.359999999997,16722.859999999997,16731.235
2024-01-03 07:05:00+00:00,16731.805,16738.795000000002,16725.284999999996,16736.81
2024-01-03 07:10:00+00:00,16736.305,16738.364999999998,16733.295000000002,16733.31
2024-01-03 07:15:00+00:00,16733.81,16736.29,16731.79,16732.375
2024-01-03 07:20:00+00:00,16732.805,16744.35,16731.73,16744.24
2024-01-03 07:25:00+00:00,16745.315,16749.81,16743.784999999996,16747.31
2024-01-03 07:30:00+00:00,16747.785,16748.745000000003,16742.28,16746.8
2024-01-03 07:35:00+00:00,16747.235,16748.3,16744.275,16746.795000000002
2024-01-03 07:40:00+00:00,16746.370000000003,16752.875,16745.775,16748.805
2024-01-03 07:45:00+00:00,16748.31,16754.375,16746.870000000003,16752.795000000002
2024-01-03 07:50:00+00:00,16753.23,16754.295000000002,16751.25,16752.8
2024-01-03 07:55:00+00:00,16753.225,16769.85,16752.3,16757.870000000003
2024-01-03 08:00:00+00:00,16759.73,16787.235,16759.285,16768.795000000002
2024-01-03 08:05:00+00:00,16768.041,16786.364999999998,16763.81,16778.295000000002
2024-01-03 08:10:00+00:00,16777.245000000003,16786.3,16769.3,16773.325
2024-01-03 08:15:00+00:00,16772.511,16782.870000000003,16765.225,16775.79
2024-01-03 08:20:00+00:00,16775.359999999997,16781.24,16756.305,16762.225
2024-01-03 08:25:00+00:00,16764.24,16770.315000000002,16749.309999999998,16758.775
2024-01-03 08:30:00+00:00,16759.370000000003,16775.815000000002,16756.29,16768.78
2024-01-03 08:35:00+00:00,16768.521,16777.29,16761.784999999996,16766.809999999998
2024-01-03 08:40:00+00:00,16766.235,16771.8,16755.735,16761.305
2024-01-03 08:45:00+00:00,16760.859999999997,16772.81,16755.29,16760.225
2024-01-03 08:50:00+00:00,16761.309999999998,16763.295000000002,16743.245000000003,16744.32
2024-01-03 08:55:00+00:00,16743.805,16755.795000000002,16734.805,16748.79
2024-01-03 09:00:00+00:00,16750.8,16755.359999999997,16738.79,16740.875
2024-01-03 09:05:00+00:00,16739.78,16742.359999999997,16711.315000000002,16713.8
2024-01-03 09:10:00+00:00,16714.29,16726.425,16708.484999999997,16713.01
2024-01-03 09:15:00+00:00,16712.0,16717.5,16701.925,16710.065
2024-01-03 09:20:00+00:00,16709.52,16724.49,16709.0,16715.93
2024-01-03 09:25:00+00:00,16717.015000000003,16722.485,16712.5,16721.989999999998
2024-01-03 09:30:00+00:00,16721.555,16726.5,16701.945,16704.940000000002
2024-01-03 09:35:00+00:00,16704.495000000003,16711.0,16695.5,16696.475
2024-01-03 09:40:00+00:00,16696.07,16696.440000000002,16680.440000000002,16684.510000000002
2024-01-03 09:45:00+00:00,16683.484999999997,16688.495000000003,16667.504999999997,16670.55
2024-01-03 09:50:00+00:00,16670.995000000003,16671.010000000002,16660.495000000003,16663.075
2024-01-03 09:55:00+00:00,16663.5,16668.504999999997,16643.504999999997,16644.489999999998
2024-01-03 10:00:00+00:00,16643.51,16646.0,16634.445,16641.52
2024-01-03 10:05:00+00:00,16640.425,16653.565,16632.445,16634.504999999997
2024-01-03 10:10:00+00:00,16633.504999999997,16653.575,16632.489999999998,16648.425
2024-01-03 10:15:00+00:00,16648.0,16650.0,16640.43,16642.5
2024-01-03 10:20:00+00:00,16642.93,16649.575,16635.475,16637.495000000003
2024-01-03 10:25:00+00:00,16638.495000000003,16641.495000000003,16627.57,16634.025
2024-01-03 10:30:00+00:00,16633.004999999997,16662.010000000002,16631.940000000002,16661.5
2024-01-03 10:35:00+00:00,16661.985,16666.059999999998,16649.504999999997,16655.984999999997
2024-01-03 10:40:00+00:00,16655.731,16675.5,16655.5,16670.07
2024-01-03 10:45:00+00:00,16669.49,16679.5,16666.48,16672.99
2024-01-03 10:50:00+00:00,16673.445,16682.504999999997,16673.445,16678.489999999998
2024-01-03 10:55:00+00:00,16679.0,16682.515000000003,16665.940000000002,16667.5
2024-01-03 11:00:00+00:00,16667.751,16679.5,16667.5,16669.504999999997
2024-01-03 11:05:00+00:00,16670.0,16685.0,16667.445,16683.93
2024-01-03 11:10:00+00:00,16684.525,16686.515000000003,16667.440000000002,16667.559999999998
2024-01-03 11:15:00+00:00,16665.989999999998,16668.475,16650.995000000003,16652.004999999997
2024-01-03 11:20:00+00:00,16652.565,16656.010000000002,16639.004999999997,16640.004999999997
2024-01-03 11:25:00+00:00,16640.489999999998,16640.510000000002,16630.995000000003,16634.5
2024-01-03 11:30:00+00:00,16635.51,16636.075,16622.935,16625.984999999997
2024-01-03 11:35:00+00:00,16625.510000000002,16627.440000000002,16616.495000000003,16621.504999999997
2024-01-03 11:40:00+00:00,16620.52,16621.525,16603.515000000003,16605.989999999998
2024-01-03 11:45:00+00:00,16605.489999999998,16627.0,16602.575,16621.985
2024-01-03 11:50:00+00:00,16621.515,16625.555,16609.985,16617.985
2024-01-03 11:55:00+00:00,16617.489999999998,16625.5,16610.489999999998,16622.975
2024-01-03 12:00:00+00:00,16624.01,16624.489999999998,16608.5,16610.515000000003
2024-01-03 12:05:00+00:00,16611.489999999998,16613.995000000003,16605.489999999998,16609.065
2024-01-03 12:10:00+00:00,16608.504999999997,16609.010000000002,16599.425,16599.995000000003
2024-01-03 12:15:00+00:00,16599.5,16615.504999999997,16599.5,16605.484999999997
2024-01-03 12:20:00+00:00,16604.5,16607.515000000003,16589.925,16592.484999999997
2024-01-03 12:25:00+00:00,16593.43,16594.995000000003,16582.445,16594.995000000003
2024-01-03 12:30:00+00:00,16593.601000000002,16598.015,16584.504999999997,16587.57
2024-01-03 12:35:00+00:00,16588.0,16592.015000000003,16579.515000000003,16581.004999999997
2024-01-03 12:40:00+00:00,16581.575,16587.985,16578.515000000003,16582.57
2024-01-03 12:45:00+00:00,16581.52,16593.515,16578.49,16588.525
2024-01-03 12:50:00+00:00,16587.995000000003,16607.0,16586.435,16600.510000000002
2024-01-03 12:55:00+00:00,16601.004999999997,16601.015000000003,16590.010000000002,16601.015000000003
2024-01-03 13:00:00+00:00,16600.711,16600.711,16589.440000000002,16591.5
2024-01-03 13:05:00+00:00,16590.555,16597.5,16587.43,16592.5
2024-01-03 13:10:00+00:00,16593.49,16609.515000000003,16592.49,16608.575
2024-01-03 13:15:00+00:00,16608.95,16624.025,16608.010000000002,16620.0
2024-01-03 13:20:00+00:00,16620.5,16627.004999999997,16618.945,16620.51
2024-01-03 13:25:00+00:00,16621.5,16635.57,16621.484999999997,16634.925
2024-01-03 13:30:00+00:00,16634.45,16636.495000000003,16620.015000000003,16622.075
2024-01-03 13:35:00+00:00,16622.504999999997,16630.510000000002,16620.559999999998,16623.57
2024-01-03 13:40:00+00:00,16623.065,16626.55,16617.43,16617.510000000002
2024-01-03 13:45:00+00:00,16618.015000000003,16621.5,16601.43,16602.484999999997
2024-01-03 13:50:00+00:00,16603.52,16610.995000000003,16598.989999999998,16602.510000000002
2024-01-03 13:55:00+00:00,16603.004999999997,16605.985,16590.489999999998,16594.989999999998
2024-01-03 14:00:00+00:00,16594.720999999998,16597.0,16577.495000000003,16581.475
2024-01-03 14:05:00+00:00,16582.57,16582.57,16558.43,16560.0
2024-01-03 14:10:00+00:00,16559.484999999997,16563.504999999997,16543.48,16543.975
2024-01-03 14:15:00+00:00,16544.559999999998,16549.515000000003,16535.510000000002,16545.01
2024-01-03 14:20:00+00:00,16544.555,16554.515000000003,16540.015,16546.984999999997
2024-01-03 14:25:00+00:00,16547.495000000003,16551.445,16538.565,16549.515
2024-01-03 14:30:00+00:00,16550.504999999997,16566.504999999997,16531.5,16534.555
2024-01-03 14:35:00+00:00,16535.48,16553.575,16529.015,16535.49
2024-01-03 14:40:00+00:00,16536.52,16548.99,16526.935,16526.935
2024-01-03 14:45:00+00:00,16527.06,16527.06,16506.989999999998,16514.45
2024-01-03 14:50:00+00:00,16514.055,16542.5,16513.484999999997,16523.99
2024-01-03 14:55:00+00:00,16523.489999999998,16524.07,16507.010000000002,16516.05
2024-01-03 15:00:00+00:00,16515.211,16534.925,16505.995000000003,16531.055
2024-01-03 15:05:00+00:00,16532.015,16550.010000000002,16525.504999999997,16528.425
2024-01-03 15:10:00+00:00,16528.010000000002,16535.495000000003,16493.0,16494.989999999998
2024-01-03 15:15:00+00:00,16495.5,16512.07,16492.510000000002,16505.004999999997
2024-01-03 15:20:00+00:00,16505.504999999997,16509.5,16477.475,16496.495000000003
2024-01-03 15:25:00+00:00,16495.485,16515.475,16492.43,16501.989999999998
2024-01-03 15:30:00+00:00,16501.565,16514.07,16486.975,16492.510000000002
2024-01-03 15:35:00+00:00,16491.45,16504.510000000002,16482.995000000003,16486.995000000003
2024-01-03 15:40:00+00:00,16486.55,16508.0,16481.004999999997,16499.940000000002
2024-01-03 15:45:00+00:00,16499.559999999998,16510.504999999997,16493.489999999998,16494.445
2024-01-03 15:50:00+00:00,16494.0,16512.57,16492.995000000003,16500.489999999998
2024-01-03 15:55:00+00:00,16501.515000000003,16514.510000000002,16494.51,16514.075
2024-01-03 16:00:00+00:00,16514.565,16525.52,16511.49,16515.555
2024-01-03 16:05:00+00:00,16515.995000000003,16526.495000000003,16507.45,16519.504999999997
2024-01-03 16:10:00+00:00,16519.985,16524.510000000002,16511.489999999998,16515.995000000003
2024-01-03 16:15:00+00:00,16516.515,16522.495000000003,16501.48,16503.52
2024-01-03 16:20:00+00:00,16502.5,16523.5,16502.5,16523.055
2024-01-03 16:25:00+00:00,16523.559999999998,16529.484999999997,16515.445,16522.57
2024-01-03 16:30:00+00:00,16523.440000000002,16530.5,16518.475,16527.575
2024-01-03 16:35:00+00:00,16528.02,16531.51,16523.004999999997,16523.940000000002
2024-01-03 16:40:00+00:00,16524.515000000003,16529.515000000003,16512.43,16529.489999999998
2024-01-03 16:45:00+00:00,16529.02,16529.504999999997,16523.495000000003,16528.555
2024-01-03 16:50:00+00:00,16529.0,16533.015,16527.925,16531.5
2024-01-03 16:55:00+00:00,16530.940000000002,16533.510000000002,16525.504999999997,16528.52
2024-01-03 17:00:00+00:00,16529.5,16536.515,16526.45,16536.515
2024-01-03 17:05:00+00:00,16537.07,16540.504999999997,16531.440000000002,16533.52
2024-01-03 17:10:00+00:00,16533.244,16535.495000000003,16528.925,16531.484999999997
2024-01-03 17:15:00+00:00,16530.510000000002,16536.49,16526.925,16527.555
2024-01-03 17:20:00+00:00,16527.989999999998,16531.440000000002,16525.475,16531.440000000002
2024-01-03 17:25:00+00:00,16530.985,16539.495000000003,16530.43,16539.495000000003
2024-01-03 17:30:00+00:00,16540.5,16542.525,16536.004999999997,16540.43
2024-01-03 17:35:00+00:00,16539.995000000003,16543.575,16539.99,16541.440000000002
2024-01-03 17:40:00+00:00,16541.015,16549.484999999997,16540.45,16543.515000000003
2024-01-03 17:45:00+00:00,16544.004999999997,16545.51,16540.48,16544.515000000003
2024-01-03 17:50:00+00:00,16544.004999999997,16546.5,16541.445,16546.5
2024-01-03 17:55:00+00:00,16547.5,16562.004999999997,16546.975,16560.5
2024-01-03 18:00:00+00:00,16559.43,16569.504999999997,16559.43,16563.485
2024-01-03 18:05:00+00:00,16562.515000000003,16565.495000000003,16559.489999999998,16561.489999999998
2024-01-03 18:10:00+00:00,16560.98,16566.98,16560.98,16566.504999999997
2024-01-03 18:15:00+00:00,16567.495000000003,16570.504999999997,16564.495000000003,16565.995000000003
2024-01-03 18:20:00+00:00,16565.484999999997,16566.5,16562.45,16564.0
2024-01-03 18:25:00+00:00,16564.52,16567.5,16562.425,16562.52
2024-01-03 18:30:00+00:00,16562.995000000003,16564.99,16555.57,16556.0
2024-01-03 18:35:00+00:00,16556.510000000002,16563.5,16552.015,16561.004999999997
2024-01-03 18:40:00+00:00,16561.575,16561.575,16553.989999999998,16555.004999999997
2024-01-03 18:45:00+00:00,16555.565,16558.555,16552.05,16552.57
2024-01-03 18:50:00+00:00,16551.985,16556.489999999998,16549.5,16552.015000000003
2024-01-03 18:55:00+00:00,16551.5,16554.485,16549.49,16551.504999999997
2024-01-03 19:00:00+00:00,16549.98,16562.504999999997,16542.015000000003,16543.05
2024-01-03 19:05:00+00:00,16542.694,16549.475,16533.475,16543.55
2024-01-03 19:10:00+00:00,16542.51,16551.575,16534.555,16537.5
2024-01-03 19:15:00+00:00,16537.015000000003,16544.515000000003,16532.485,16541.004999999997
2024-01-03 19:20:00+00:00,16541.49,16543.985,16535.510000000002,16542.925
2024-01-03 19:25:00+00:00,16542.5,16567.004999999997,16541.445,16562.515
2024-01-03 19:30:00+00:00,16562.995000000003,16566.984999999997,16553.48,16559.0
2024-01-03 19:35:00+00:00,16558.495000000003,16561.495000000003,16552.004999999997,16559.5
2024-01-03 19:40:00+00:00,16558.504999999997,16566.495000000003,16552.489999999998,16564.02
2024-01-03 19:45:00+00:00,16563.5,16565.489999999998,16553.495000000003,16553.945
2024-01-03 19:50:00+00:00,16553.475,16556.565,16551.025,16552.57
2024-01-03 19:55:00+00:00,16553.010000000002,16554.510000000002,16549.43,16550.015000000003
2024-01-03 20:00:00+00:00,16549.515000000003,16550.510000000002,16534.440000000002,16534.440000000002
2024-01-03 20:05:00+00:00,16534.93,16536.504999999997,16526.0,16532.0
2024-01-03 20:10:00+00:00,16531.45,16534.440000000002,16526.55,16530.475
2024-01-03 20:15:00+00:00,16530.004999999997,16530.5,16523.445,16525.5
2024-01-03 20:20:00+00:00,16526.0,16532.515000000003,16523.475,16524.525
2024-01-03 20:25:00+00:00,16524.975,16527.510000000002,16521.495000000003,16526.495000000003
2024-01-03 20:30:00+00:00,16526.925,16539.555,16525.995000000003,16537.504999999997
2024-01-03 20:35:00+00:00,16538.05,16539.5,16531.445,16537.48
2024-01-03 20:40:00+00:00,16537.0,16541.07,16525.515000000003,16525.989999999998
2024-01-03 20:45:00+00:00,16526.475,16530.98,16525.504999999997,16528.445
2024-01-03 20:50:00+00:00,16528.010000000002,16528.559999999998,16517.055,16518.5
2024-01-03 20:55:00+00:00,16519.495000000003,16531.5,16519.495000000003,16521.504999999997
2024-01-03 21:00:00+00:00,16521.99,16526.4,16514.05,16521.385
2024-01-03 21:05:00+00:00,16522.21,16524.91,16520.445,16520.504999999997
2024-01-03 21:10:00+00:00,16521.379999999997,16523.175,16520.49,16523.035
2024-01-03 23:00:00+00:00,16542.715000000004,16551.295000000002,16537.52,16538.395
2024-01-03 23:05:00+00:00,16537.925,16539.305,16534.065,16534.890000000003
2024-01-03 23:10:00+00:00,16534.004999999997,16534.96,16533.18,16533.940000000002
2024-01-03 23:15:00+00:00,16534.9,16534.915,16533.18,16533.995000000003
2024-01-03 23:20:00+00:00,16533.21,16536.72,16533.2,16534.96
2024-01-03 23:25:00+00:00,16535.815000000002,16535.815000000002,16534.025,16535.815
2024-01-03 23:30:00+00:00,16536.695,16536.695,16532.295000000002,16533.99
2024-01-03 23:35:00+00:00,16533.125,16534.010000000002,16531.395,16533.195
2024-01-03 23:40:00+00:00,16534.02,16534.02,16531.379999999997,16531.379999999997
2024-01-03 23:45:00+00:00,16531.805,16533.184999999998,16530.445,16532.359999999997
2024-01-03 23:50:00+00:00,16533.254999999997,16534.96,16533.2,16534.895
2024-01-03 23:55:00+00:00,16534.495000000003,16534.920000000002,16533.98,16534.895
2024-01-04 00:00:00+00:00,16534.0,16534.0,16525.885,16525.885
2024-01-04 00:05:00+00:00,16526.8,16527.6,16523.295000000002,16524.075
2024-01-04 00:10:00+00:00,16523.32,16525.075,16522.375,16525.075
2024-01-04 00:15:00+00:00,16514.010000000002,16520.425,16496.935,16517.004999999997
2024-01-04 00:20:00+00:00,16516.995000000003,16525.995000000003,16516.995000000003,16522.504999999997
2024-01-04 00:25:00+00:00,16523.51,16529.5,16522.489999999998,16526.525
2024-01-04 00:30:00+00:00,16525.935,16528.504999999997,16525.935,16526.995000000003
2024-01-04 00:35:00+00:00,16527.5,16528.0,16526.989999999998,16527.510000000002
2024-01-04 00:40:00+00:00,16528.02,16531.515,16527.555,16530.99
2024-01-04 00:45:00+00:00,16531.475,16534.57,16531.475,16534.010000000002
2024-01-04 00:50:00+00:00,16532.989999999998,16533.445,16531.425,16533.010000000002
2024-01-04 00:55:00+00:00,16532.45,16532.575,16531.445,16531.5
2024-01-04 01:00:00+00:00,16532.489999999998,16532.489999999998,16528.435,16529.484999999997
2024-01-04 01:05:00+00:00,16529.93,16530.525,16527.99,16528.57
2024-01-04 01:10:00+00:00,16529.52,16530.489999999998,16527.425,16530.484999999997
2024-01-04 01:15:00+00:00,16529.98,16537.075,16529.48,16534.5
2024-01-04 01:20:00+00:00,16533.984999999997,16538.52,16533.984999999997,16534.489999999998
2024-01-04 01:25:00+00:00,16535.01,16535.555,16531.484999999997,16532.984999999997
2024-01-04 01:30:00+00:00,16534.525,16538.004999999997,16531.425,16534.55
2024-01-04 01:35:00+00:00,16534.985999999997,16535.555,16530.489999999998,16532.0
2024-01-04 01:40:00+00:00,16532.510000000002,16532.510000000002,16526.989999999998,16527.49
2024-01-04 01:45:00+00:00,16528.511,16531.98,16526.945,16528.565
2024-01-04 01:50:00+00:00,16527.565,16534.004999999997,16525.504999999997,16534.0
2024-01-04 01:55:00+00:00,16534.5,16538.495000000003,16532.495000000003,16533.995000000003
2024-01-04 02:00:00+00:00,16533.5,16538.0,16533.5,16535.445
2024-01-04 02:05:00+00:00,16536.0,16536.43,16533.0,16535.5
2024-01-04 02:10:00+00:00,16534.5,16537.52,16533.565,16535.0
2024-01-04 02:15:00+00:00,16535.5,16535.5,16527.489999999998,16528.489999999998
2024-01-04 02:20:00+00:00,16527.98,16529.055,16519.495000000003,16523.565
2024-01-04 02:25:00+00:00,16522.559999999998,16528.425,16522.015000000003,16527.52
2024-01-04 02:30:00+00:00,16526.995000000003,16527.49,16524.015000000003,16525.05
2024-01-04 02:35:00+00:00,16524.504999999997,16528.559999999998,16524.004999999997,16526.525
2024-01-04 02:40:00+00:00,16527.0,16528.52,16525.995000000003,16527.075
2024-01-04 02:45:00+00:00,16526.489999999998,16529.515,16525.995000000003,16528.510000000002
2024-01-04 02:50:00+00:00,16527.52,16530.5,16527.5,16530.48
2024-01-04 02:55:00+00:00,16529.940000000002,16530.575,16528.995000000003,16529.495000000003
2024-01-04 03:00:00+00:00,16529.004999999997,16529.52,16527.495000000003,16529.52
2024-01-04 03:05:00+00:00,16530.5,16536.004999999997,16530.5,16535.495000000003
2024-01-04 03:10:00+00:00,16536.004999999997,16538.504999999997,16532.995000000003,16535.510000000002
2024-01-04 03:15:00+00:00,16534.98,16540.05,16534.98,16535.559999999998
2024-01-04 03:20:00+00:00,16534.989999999998,16534.989999999998,16529.515000000003,16529.515000000003
2024-01-04 03:25:00+00:00,16529.249,16529.52,16525.925,16526.489999999998
2024-01-04 03:30:00+00:00,16526.004999999997,16526.559999999998,16520.565,16523.0
2024-01-04 03:35:00+00:00,16522.55,16525.055,16521.445,16523.555
2024-01-04 03:40:00+00:00,16522.984999999997,16525.5,16522.93,16523.559999999998
2024-01-04 03:45:00+00:00,16524.0,16526.995000000003,16522.440000000002,16522.495000000003
2024-01-04 03:50:00+00:00,16523.059999999998,16523.504999999997,16516.98,16519.57
2024-01-04 03:55:00+00:00,16520.025,16520.5,16519.004999999997,16519.484999999997
2024-01-04 04:00:00+00:00,16520.435,16524.515000000003,16519.935,16522.515
2024-01-04 04:05:00+00:00,16522.940000000002,16526.49,16522.925,16524.075
2024-01-04 04:10:00+00:00,16524.565,16524.99,16523.504999999997,16524.07
2024-01-04 04:15:00+00:00,16524.510000000002,16526.510000000002,16523.985,16524.484999999997
2024-01-04 04:20:00+00:00,16523.995000000003,16524.55,16523.945,16524.425
2024-01-04 04:25:00+00:00,16523.940000000002,16524.515000000003,16521.989999999998,16522.510000000002
2024-01-04 04:30:00+00:00,16521.98,16522.57,16519.504999999997,16520.5
2024-01-04 04:35:00+00:00,16521.02,16521.059999999998,16519.435,16520.48
2024-01-04 04:40:00+00:00,16520.985,16522.52,16517.995000000003,16518.510000000002
2024-01-04 04:45:00+00:00,16518.065,16518.555,16516.5,16517.51
2024-01-04 04:50:00+00:00,16517.059999999998,16517.985,16516.98,16517.985
2024-01-04 04:55:00+00:00,16517.49,16517.525,16516.43,16517.004999999997
2024-01-04 05:00:00+00:00,16517.57,16520.52,16516.989999999998,16517.5
2024-01-04 05:05:00+00:00,16518.004999999997,16518.004999999997,16514.989999999998,16515.555
2024-01-04 05:10:00+00:00,16514.989999999998,16514.989999999998,16509.995000000003,16513.575
2024-01-04 05:15:00+00:00,16514.004999999997,16517.559999999998,16513.575,16516.975
2024-01-04 05:20:00+00:00,16516.57,16516.57,16515.45,16515.484999999997
2024-01-04 05:25:00+00:00,16516.0,16517.555,16514.984999999997,16514.984999999997
2024-01-04 05:30:00+00:00,16515.445,16516.475,16515.445,16515.45
2024-01-04 05:35:00+00:00,16515.004999999997,16516.004999999997,16514.48,16514.48
2024-01-04 05:40:00+00:00,16515.004999999997,16515.52,16509.015000000003,16510.5
2024-01-04 05:45:00+00:00,16511.004999999997,16511.484999999997,16508.425,16511.065
2024-01-04 05:50:00+00:00,16510.52,16514.055,16510.52,16513.495000000003
2024-01-04 05:55:00+00:00,16513.989999999998,16514.055,16508.995000000003,16509.984999999997
2024-01-04 06:00:00+00:00,16510.565,16512.515,16510.01,16511.510000000002
2024-01-04 06:05:00+00:00,16510.940000000002,16515.504999999997,16510.45,16514.510000000002
2024-01-04 06:10:00+00:00,16514.995000000003,16517.010000000002,16514.995000000003,16515.495000000003
2024-01-04 06:15:00+00:00,16515.989999999998,16518.004999999997,16514.975,16517.565
2024-01-04 06:20:00+00:00,16517.995000000003,16522.51,16517.504999999997,16522.475
2024-01-04 06:25:00+00:00,16523.495000000003,16527.52,16521.43,16526.504999999997
2024-01-04 06:30:00+00:00,16527.510000000002,16545.484999999997,16526.52,16538.0
2024-01-04 06:35:00+00:00,16537.48,16546.995000000003,16537.48,16544.495000000003
2024-01-04 06:40:00+00:00,16543.559999999998,16543.559999999998,16532.5,16534.004999999997
2024-01-04 06:45:00+00:00,16534.5,16539.065,16533.935,16535.010000000002
2024-01-04 06:50:00+00:00,16535.515000000003,16541.004999999997,16535.515000000003,16539.004999999997
2024-01-04 06:55:00+00:00,16539.326,16545.559999999998,16537.940000000002,16545.559999999998
2024-01-04 07:00:00+00:00,16545.504999999997,16563.0,16545.504999999997,16557.484999999997
2024-01-04 07:05:00+00:00,16557.984999999997,16563.95,16554.49,16558.489999999998
2024-01-04 07:10:00+00:00,16558.995000000003,16568.059999999998,16558.489999999998,16567.07
2024-01-04 07:15:00+00:00,16566.495000000003,16568.57,16563.95,16564.004999999997
2024-01-04 07:20:00+00:00,16565.02,16572.075,16563.93,16570.445
2024-01-04 07:25:00+00:00,16571.0,16571.0,16564.98,16567.010000000002
2024-01-04 07:30:00+00:00,16566.5,16567.02,16554.43,16554.989999999998
2024-01-04 07:35:00+00:00,16554.5,16564.989999999998,16554.5,16561.495000000003
2024-01-04 07:40:00+00:00,16562.004999999997,16563.515,16554.504999999997,16560.5
2024-01-04 07:45:00+00:00,16561.5,16562.489999999998,16549.52,16554.004999999997
2024-01-04 07:50:00+00:00,16554.489999999998,16554.489999999998,16547.98,16549.575
2024-01-04 07:55:00+00:00,16549.02,16551.55,16536.010000000002,16537.504999999997
2024-01-04 08:00:00+00:00,16539.004999999997,16571.0,16539.004999999997,16562.575
2024-01-04 08:05:00+00:00,16563.57,16590.98,16562.504999999997,16587.065
2024-01-04 08:10:00+00:00,16588.004999999997,16597.95,16580.99,16585.0
2024-01-04 08:15:00+00:00,16584.504999999997,16587.02,16570.015000000003,16579.004999999997
2024-01-04 08:20:00+00:00,16579.504999999997,16587.025,16577.98,16583.010000000002
2024-01-04 08:25:00+00:00,16583.489999999998,16597.0,16579.015,16586.510000000002
2024-01-04 08:30:00+00:00,16586.0,16596.5,16573.984999999997,16593.504999999997
2024-01-04 08:35:00+00:00,16593.984999999997,16612.055,16588.07,16610.984999999997
2024-01-04 08:40:00+00:00,16611.51,16618.52,16607.495000000003,16610.0
2024-01-04 08:45:00+00:00,16610.55,16612.0,16593.0,16602.995000000003
2024-01-04 08:50:00+00:00,16602.015000000003,16610.515000000003,16598.495000000003,16601.5
2024-01-04 08:55:00+00:00,16600.495000000003,16600.495000000003,16577.48,16577.48
2024-01-04 09:00:00+00:00,16579.010000000002,16581.575,16564.510000000002,16569.510000000002
2024-01-04 09:05:00+00:00,16569.984999999997,16581.004999999997,16565.504999999997,16579.5
2024-01-04 09:10:00+00:00,16580.0,16582.004999999997,16566.98,16570.004999999997
2024-01-04 09:15:00+00:00,16569.004999999997,16598.495000000003,16569.004999999997,16596.075
2024-01-04 09:20:00+00:00,16595.57,16597.004999999997,16587.95,16592.489999999998
2024-01-04 09:25:00+00:00,16591.440000000002,16601.995000000003,16584.01,16601.01
2024-01-04 09:30:00+00:00,16600.101000000002,16602.989999999998,16589.0,16591.004999999997
2024-01-04 09:35:00+00:00,16590.43,16594.475,16582.995000000003,16586.495000000003
2024-01-04 09:40:00+00:00,16586.101000000002,16588.010000000002,16576.98,16578.995000000003
2024-01-04 09:45:00+00:00,16580.025,16585.0,16571.484999999997,16574.995000000003
2024-01-04 09:50:00+00:00,16573.02,16589.015,16572.004999999997,16585.49
2024-01-04 09:55:00+00:00,16586.5,16597.984999999997,16584.49,16596.0
2024-01-04 10:00:00+00:00,16596.525,16597.555,16580.984999999997,16580.984999999997
2024-01-04 10:05:00+00:00,16580.504999999997,16581.52,16565.984999999997,16569.989999999998
2024-01-04 10:10:00+00:00,16570.495000000003,16587.0,16570.02,16582.075
2024-01-04 10:15:00+00:00,16582.495000000003,16595.059999999998,16582.495000000003,16594.99
2024-01-04 10:20:00+00:00,16595.515,16600.0,16591.48,16592.989999999998
2024-01-04 10:25:00+00:00,16594.010000000002,16599.025,16588.940000000002,16588.99
2024-01-04 10:30:00+00:00,16589.43,16589.43,16579.065,16585.495000000003
2024-01-04 10:35:00+00:00,16584.975,16592.565,16582.98,16587.0
2024-01-04 10:40:00+00:00,16588.015000000003,16588.495000000003,16575.025,16577.059999999998
2024-01-04 10:45:00+00:00,16577.515000000003,16580.559999999998,16569.07,16571.49
2024-01-04 10:50:00+00:00,16570.975,16591.07,16570.0,16591.07
2024-01-04 10:55:00+00:00,16590.52,16596.05,16589.49,16593.995000000003
2024-01-04 11:00:00+00:00,16592.984999999997,16597.435,16584.989999999998,16586.510000000002
2024-01-04 11:05:00+00:00,16586.0,16590.055,16584.925,16584.98
2024-01-04 11:10:00+00:00,16584.515000000003,16587.995000000003,16573.98,16574.5
2024-01-04 11:15:00+00:00,16574.95,16590.504999999997,16574.95,16586.445
2024-01-04 11:20:00+00:00,16587.565,16594.95,16585.445,16590.989999999998
2024-01-04 11:25:00+00:00,16589.995000000003,16593.5,16586.004999999997,16587.0
2024-01-04 11:30:00+00:00,16585.99,16588.004999999997,16578.5,16578.5
2024-01-04 11:35:00+00:00,16579.0,16581.515000000003,16557.43,16559.515000000003
2024-01-04 11:40:00+00:00,16559.0,16563.99,16553.99,16560.0
2024-01-04 11:45:00+00:00,16560.425,16564.995000000003,16551.025,16564.5
2024-01-04 11:50:00+00:00,16564.995000000003,16568.075,16548.93,16548.93
2024-01-04 11:55:00+00:00,16549.555,16554.004999999997,16531.99,16533.985
2024-01-04 12:00:00+00:00,16533.711,16535.45,16513.555,16516.004999999997
2024-01-04 12:05:00+00:00,16516.440000000002,16519.49,16503.059999999998,16517.5
2024-01-04 12:10:00+00:00,16517.004999999997,16534.075,16516.0,16527.995000000003
2024-01-04 12:15:00+00:00,16528.995000000003,16533.5,16519.489999999998,16531.48
2024-01-04 12:20:00+00:00,16531.010000000002,16533.065,16522.52,16533.01
2024-01-04 12:25:00+00:00,16532.0,16555.985,16531.504999999997,16555.495000000003
2024-01-04 12:30:00+00:00,16554.989999999998,16564.0,16550.995000000003,16563.989999999998
2024-01-04 12:35:00+00:00,16563.741,16567.065,16549.51,16550.015000000003
2024-01-04 12:40:00+00:00,16550.440000000002,16561.0,16547.02,16558.489999999998
2024-01-04 12:45:00+00:00,16559.504999999997,16562.075,16553.495000000003,16555.495000000003
2024-01-04 12:50:00+00:00,16556.495000000003,16564.98,16552.425,16556.5
2024-01-04 12:55:00+00:00,16557.504999999997,16560.555,16555.004999999997,16557.984999999997
2024-01-04 13:00:00+00:00,16557.489999999998,16561.02,16550.940000000002,16553.52
2024-01-04 13:05:00+00:00,16554.0,16562.004999999997,16546.435,16555.484999999997
2024-01-04 13:10:00+00:00,16555.995000000003,16558.525,16550.010000000002,16555.985
2024-01-04 13:15:00+00:00,16556.49,16560.504999999997,16548.004999999997,16548.565
2024-01-04 13:20:00+00:00,16549.5,16559.004999999997,16543.49,16557.495000000003
2024-01-04 13:25:00+00:00,16556.559999999998,16563.575,16553.0,16559.004999999997
2024-01-04 13:30:00+00:00,16561.0,16561.440000000002,16543.93,16545.995000000003
2024-01-04 13:35:00+00:00,16545.201,16545.495000000003,16533.48,16533.940000000002
2024-01-04 13:40:00+00:00,16533.504999999997,16533.565,16517.984999999997,16519.510000000002
2024-01-04 13:45:00+00:00,16519.004999999997,16551.004999999997,16518.010000000002,16551.004999999997
2024-01-04 13:50:00+00:00,16550.004999999997,16556.559999999998,16544.989999999998,16550.495000000003
2024-01-04 13:55:00+00:00,16551.004999999997,16556.989999999998,16538.0,16538.98
2024-01-04 14:00:00+00:00,16538.211,16550.5,16534.975,16537.004999999997
2024-01-04 14:05:00+00:00,16537.489999999998,16553.995000000003,16536.07,16548.495000000003
2024-01-04 14:10:00+00:00,16548.0,16564.004999999997,16548.0,16560.495000000003
2024-01-04 14:15:00+00:00,16561.0,16564.015000000003,16556.925,16557.489999999998
2024-01-04 14:20:00+00:00,16558.02,16559.07,16545.98,16546.565
2024-01-04 14:25:00+00:00,16548.010000000002,16548.575,16532.975,16542.985
2024-01-04 14:30:00+00:00,16542.701,16562.010000000002,16542.515000000003,16554.489999999998
2024-01-04 14:35:00+00:00,16555.0,16562.995000000003,16547.95,16559.489999999998
2024-01-04 14:40:00+00:00,16558.985,16581.935,16545.489999999998,16579.52
2024-01-04 14:45:00+00:00,16579.0,16579.489999999998,16554.45,16557.515
2024-01-04 14:50:00+00:00,16558.525,16573.0,16557.45,16566.43
2024-01-04 14:55:00+00:00,16567.510000000002,16575.484999999997,16549.95,16554.0
2024-01-04 15:00:00+00:00,16553.741,16577.004999999997,16551.52,16574.995000000003
2024-01-04 15:05:00+00:00,16575.489999999998,16581.015000000003,16567.98,16580.975
2024-01-04 15:10:00+00:00,16580.425,16588.995000000003,16574.925,16586.985
2024-01-04 15:15:00+00:00,16585.935,16591.07,16580.015000000003,16587.475
2024-01-04 15:20:00+00:00,16588.015000000003,16592.559999999998,16580.0,16586.015000000003
2024-01-04 15:25:00+00:00,16586.48,16594.07,16582.98,16593.940000000002
2024-01-04 15:30:00+00:00,16594.504999999997,16598.984999999997,16586.945,16596.065
2024-01-04 15:35:00+00:00,16596.495000000003,16604.45,16594.504999999997,16602.0
2024-01-04 15:40:00+00:00,16602.555,16605.055,16593.565,16602.510000000002
2024-01-04 15:45:00+00:00,16602.101000000002,16606.995000000003,16595.0,16604.489999999998
2024-01-04 15:50:00+00:00,16605.495000000003,16609.015,16600.95,16607.510000000002
2024-01-04 15:55:00+00:00,16606.984999999997,16610.52,16602.43,16603.010000000002
2024-01-04 16:00:00+00:00,16603.495000000003,16607.995000000003,16601.989999999998,16603.995000000003
2024-01-04 16:05:00+00:00,16602.940000000002,16612.025,16601.98,16610.075
2024-01-04 16:10:00+00:00,16609.489999999998,16626.93,16609.0,16623.98
2024-01-04 16:15:00+00:00,16625.925,16630.025,16619.925,16620.05
2024-01-04 16:20:00+00:00,16619.010000000002,16624.015,16613.935,16621.995000000003
2024-01-04 16:25:00+00:00,16621.010000000002,16629.004999999997,16619.0,16629.004999999997
2024-01-04 16:30:00+00:00,16629.004999999997,16629.004999999997,16616.985,16619.984999999997
2024-01-04 16:35:00+00:00,16618.98,16630.015,16617.004999999997,16617.004999999997
2024-01-04 16:40:00+00:00,16616.51,16620.0,16612.925,16617.004999999997
2024-01-04 16:45:00+00:00,16617.495000000003,16619.004999999997,16609.98,16609.989999999998
2024-01-04 16:50:00+00:00,16609.48,16609.495000000003,16590.010000000002,16593.989999999998
2024-01-04 16:55:00+00:00,16593.484999999997,16601.02,16591.989999999998,16596.989999999998
2024-01-04 17:00:00+00:00,16596.734,16599.004999999997,16588.55,16594.010000000002
2024-01-04 17:05:00+00:00,16593.5,16599.015000000003,16592.98,16596.51
2024-01-04 17:10:00+00:00,16596.0,16602.93,16594.98,16599.975
2024-01-04 17:15:00+00:00,16599.504999999997,16601.004999999997,16596.43,16599.015000000003
2024-01-04 17:20:00+00:00,16599.52,16606.07,16597.504999999997,16600.504999999997
2024-01-04 17:25:00+00:00,16600.995000000003,16611.995000000003,16600.01,16607.004999999997
2024-01-04 17:30:00+00:00,16607.989999999998,16607.989999999998,16596.484999999997,16599.5
2024-01-04 17:35:00+00:00,16599.0,16605.015000000003,16595.95,16602.95
2024-01-04 17:40:00+00:00,16602.5,16603.02,16588.925,16590.489999999998
2024-01-04 17:45:00+00:00,16590.945,16591.010000000002,16583.945,16588.075
2024-01-04 17:50:00+00:00,16587.515,16593.025,16584.440000000002,16592.984999999997
2024-01-04 17:55:00+00:00,16592.495000000003,16598.065,16588.989999999998,16596.995000000003
2024-01-04 18:00:00+00:00,16596.434,16598.93,16592.440000000002,16598.93
2024-01-04 18:05:00+00:00,16597.935,16601.07,16596.43,16599.015000000003
2024-01-04 18:10:00+00:00,16598.0,16600.01,16592.49,16598.565
2024-01-04 18:15:00+00:00,16598.004999999997,16601.0,16594.015000000003,16597.504999999997
2024-01-04 18:20:00+00:00,16597.010000000002,16603.0,16596.575,16602.0
2024-01-04 18:25:00+00:00,16603.0,16605.015000000003,16599.945,16602.0
2024-01-04 18:30:00+00:00,16602.504999999997,16605.055,16599.935,16600.984999999997
2024-01-04 18:35:00+00:00,16600.764000000003,16604.065,16595.984999999997,16600.495000000003
2024-01-04 18:40:00+00:00,16600.249,16603.065,16598.504999999997,16602.515000000003
2024-01-04 18:45:00+00:00,16601.940000000002,16604.0,16599.0,16600.01
2024-01-04 18:50:00+00:00,16600.48,16602.5,16595.025,16595.025
2024-01-04 18:55:00+00:00,16594.5,16597.010000000002,16592.02,16593.485
2024-01-04 19:00:00+00:00,16593.989999999998,16598.004999999997,16591.93,16593.07
2024-01-04 19:05:00+00:00,16594.004999999997,16595.004999999997,16590.93,16592.055
2024-01-04 19:10:00+00:00,16592.504999999997,16595.02,16587.989999999998,16594.510000000002
2024-01-04 19:15:00+00:00,16594.984999999997,16597.0,16591.485,16591.95
2024-01-04 19:20:00+00:00,16591.565,16595.065,16586.99,16588.48
2024-01-04 19:25:00+00:00,16588.984999999997,16591.004999999997,16585.995000000003,16587.004999999997
2024-01-04 19:30:00+00:00,16586.52,16589.075,16583.504999999997,16589.075
2024-01-04 19:35:00+00:00,16588.43,16589.010000000002,16585.484999999997,16587.02
2024-01-04 19:40:00+00:00,16586.510000000002,16587.0,16581.975,16582.98
2024-01-04 19:45:00+00:00,16582.004999999997,16587.010000000002,16578.07,16586.57
2024-01-04 19:50:00+00:00,16587.004999999997,16594.57,16587.004999999997,16590.004999999997
2024-01-04 19:55:00+00:00,16589.45,16591.425,16584.925,16586.0
2024-01-04 20:00:00+00:00,16585.45,16588.989999999998,16582.010000000002,16585.5
2024-01-04 20:05:00+00:00,16586.0,16597.95,16584.989999999998,16597.0
2024-01-04 20:10:00+00:00,16596.015000000003,16598.015000000003,16588.445,16589.004999999997
2024-01-04 20:15:00+00:00,16588.0,16589.004999999997,16575.510000000002,16584.995000000003
2024-01-04 20:20:00+00:00,16584.5,16585.484999999997,16580.989999999998,16582.07
2024-01-04 20:25:00+00:00,16581.484999999997,16586.075,16581.010000000002,16585.0
2024-01-04 20:30:00+00:00,16584.510000000002,16593.05,16583.489999999998,16589.489999999998
2024-01-04 20:35:00+00:00,16590.0,16591.025,16588.484999999997,16590.5
2024-01-04 20:40:00+00:00,16590.99,16592.02,16585.995000000003,16588.45
2024-01-04 20:45:00+00:00,16589.004999999997,16592.0,16579.995000000003,16580.504999999997
2024-01-04 20:50:00+00:00,16580.985,16580.985,16567.935,16572.5
2024-01-04 20:55:00+00:00,16572.995000000003,16578.05,16568.45,16568.45
2024-01-04 21:00:00+00:00,16567.989,16576.415,16559.675,16576.4
2024-01-04 21:05:00+00:00,16577.295000000002,16580.075,16569.335,16569.335
2024-01-04 21:10:00+00:00,16570.235,16572.055,16563.204999999998,16563.204999999998
2024-01-04 23:00:00+00:00,16580.805,16591.515000000003,16580.805,16588.065
2024-01-04 23:05:00+00:00,16588.504999999997,16590.725,16587.989999999998,16589.855
2024-01-04 23:10:00+00:00,16590.775,16594.25,16588.895,16593.375
2024-01-04 23:15:00+00:00,16592.909,16597.004999999997,16592.385,16593.420000000002
2024-01-04 23:20:00+00:00,16593.920000000002,16594.305,16591.635000000002,16592.565
2024-01-04 23:25:00+00:00,16591.7,16592.43,16590.78,16590.784999999996
2024-01-04 23:30:00+00:00,16591.684999999998,16593.475,16588.93,16593.385000000002
2024-01-04 23:35:00+00:00,16593.059999999998,16594.25,16592.41,16593.29
2024-01-04 23:40:00+00:00,16592.890000000003,16593.3,16589.795000000002,16589.795000000002
2024-01-04 23:45:00+00:00,16590.7,16591.515000000003,16589.79,16590.635000000002
2024-01-04 23:50:00+00:00,16589.81,16589.81,16587.945,16587.945
2024-01-04 23:55:00+00:00,16588.829999999998,16588.890000000003,16586.21,16586.704999999998
2024-01-05 00:00:00+00:00,16587.120000000003,16587.120000000003,16583.595,16585.375
2024-01-05 00:05:00+00:00,16586.129999999997,16588.0,16585.375,16587.155
2024-01-05 00:10:00+00:00,16586.195,16588.920000000002,16584.5,16588.02
2024-01-05 00:15:00+00:00,16582.489999999998,16590.0,16576.475,16580.01
2024-01-05 00:20:00+00:00,16579.975,16582.015,16579.02,16580.010000000002
2024-01-05 00:25:00+00:00,16579.495000000003,16579.495000000003,16575.98,16576.52
2024-01-05 00:30:00+00:00,16577.0,16581.504999999997,16577.0,16580.565
2024-01-05 00:35:00+00:00,16579.98,16581.075,16578.5,16578.575
2024-01-05 00:40:00+00:00,16577.934,16578.984999999997,16576.445,16578.0
2024-01-05 00:45:00+00:00,16578.231,16580.004999999997,16578.231,16578.475
2024-01-05 00:50:00+00:00,16578.0,16578.55,16569.010000000002,16569.925
2024-01-05 00:55:00+00:00,16570.241,16570.559999999998,16565.984999999997,16566.004999999997
2024-01-05 01:00:00+00:00,16566.525,16572.02,16566.525,16568.989999999998
2024-01-05 01:05:00+00:00,16569.510000000002,16570.55,16568.93,16568.995000000003
2024-01-05 01:10:00+00:00,16569.489999999998,16577.004999999997,16569.0,16577.004999999997
2024-01-05 01:15:00+00:00,16576.5,16577.065,16568.98,16571.995000000003
2024-01-05 01:20:00+00:00,16572.489999999998,16572.565,16565.5,16566.559999999998
2024-01-05 01:25:00+00:00,16566.995000000003,16567.98,16563.010000000002,16566.0
2024-01-05 01:30:00+00:00,16567.059999999998,16567.059999999998,16563.495000000003,16566.989999999998
2024-01-05 01:35:00+00:00,16567.43,16570.510000000002,16565.93,16570.015
2024-01-05 01:40:00+00:00,16569.504999999997,16570.025,16567.004999999997,16569.935
2024-01-05 01:45:00+00:00,16570.440000000002,16575.989999999998,16570.07,16572.995000000003
2024-01-05 01:50:00+00:00,16573.261,16574.075,16567.995000000003,16568.489999999998
2024-01-05 01:55:00+00:00,16568.989999999998,16572.075,16567.940000000002,16572.02
2024-01-05 02:00:00+00:00,16571.484999999997,16571.555,16565.989999999998,16568.05
2024-01-05 02:05:00+00:00,16568.504999999997,16568.995000000003,16566.98,16568.0
2024-01-05 02:10:00+00:00,16569.010000000002,16569.93,16567.93,16568.025
2024-01-05 02:15:00+00:00,16568.43,16569.07,16567.004999999997,16568.0
2024-01-05 02:20:00+00:00,16567.504999999997,16569.504999999997,16565.025,16568.995000000003
2024-01-05 02:25:00+00:00,16569.485,16571.515000000003,16566.995000000003,16567.52
2024-01-05 02:30:00+00:00,16568.0,16572.075,16567.484999999997,16571.059999999998
2024-01-05 02:35:00+00:00,16570.489999999998,16570.489999999998,16567.425,16568.995000000003
2024-01-05 02:40:00+00:00,16567.940000000002,16568.065,16564.52,16565.02
2024-01-05 02:45:00+00:00,16564.0,16565.065,16562.004999999997,16563.07
2024-01-05 02:50:00+00:00,16562.565,16564.004999999997,16561.984999999997,16564.004999999997
2024-01-05 02:55:00+00:00,16563.010000000002,16563.575,16562.01,16562.989999999998
2024-01-05 03:00:00+00:00,16563.985,16564.57,16562.935,16563.984999999997
2024-01-05 03:05:00+00:00,16563.504999999997,16565.059999999998,16563.43,16565.055
2024-01-05 03:10:00+00:00,16564.5,16566.010000000002,16562.945,16565.0
2024-01-05 03:15:00+00:00,16565.515000000003,16568.004999999997,16564.95,16566.935
2024-01-05 03:20:00+00:00,16567.5,16567.57,16566.925,16566.984999999997
2024-01-05 03:25:00+00:00,16567.45,16568.495000000003,16566.935,16567.995000000003
2024-01-05 03:30:00+00:00,16567.004999999997,16569.495000000003,16566.98,16567.52
2024-01-05 03:35:00+00:00,16568.0,16568.0,16562.940000000002,16563.004999999997
2024-01-05 03:40:00+00:00,16563.555,16563.984999999997,16558.0,16558.55
2024-01-05 03:45:00+00:00,16557.985,16559.0,16553.984999999997,16555.015000000003
2024-01-05 03:50:00+00:00,16555.565,16556.925,16555.504999999997,16556.004999999997
2024-01-05 03:55:00+00:00,16557.010000000002,16557.515000000003,16555.925,16557.015
2024-01-05 04:00:00+00:00,16557.925,16560.025,16556.989999999998,16556.989999999998
2024-01-05 04:05:00+00:00,16557.484999999997,16558.010000000002,16556.989999999998,16557.485
2024-01-05 04:10:00+00:00,16558.010000000002,16560.07,16557.52,16560.0
2024-01-05 04:15:00+00:00,16559.57,16561.510000000002,16558.98,16560.98
2024-01-05 04:20:00+00:00,16561.425,16563.504999999997,16561.425,16562.504999999997
2024-01-05 04:25:00+00:00,16562.95,16564.010000000002,16561.55,16563.010000000002
2024-01-05 04:30:00+00:00,16563.5,16564.055,16562.504999999997,16562.98
2024-01-05 04:35:00+00:00,16562.010000000002,16563.985,16561.975,16562.015000000003
2024-01-05 04:40:00+00:00,16563.995000000003,16563.995000000003,16553.510000000002,16554.015
2024-01-05 04:45:00+00:00,16555.010000000002,16556.95,16552.02,16556.95
2024-01-05 04:50:00+00:00,16555.995000000003,16555.995000000003,16551.025,16551.075
2024-01-05 04:55:00+00:00,16551.5,16553.059999999998,16550.989999999998,16551.02
2024-01-05 05:00:00+00:00,16551.256,16554.93,16550.995000000003,16554.93
2024-01-05 05:05:00+00:00,16554.440000000002,16555.015000000003,16552.925,16553.925
2024-01-05 05:10:00+00:00,16554.93,16554.93,16551.940000000002,16554.004999999997
2024-01-05 05:15:00+00:00,16553.495000000003,16554.05,16549.0,16550.0
2024-01-05 05:20:00+00:00,16548.0,16548.0,16537.495000000003,16539.925
2024-01-05 05:25:00+00:00,16540.940000000002,16543.43,16540.504999999997,16541.984999999997
2024-01-05 05:30:00+00:00,16542.515000000003,16544.515,16542.075,16542.075
2024-01-05 05:35:00+00:00,16541.5,16543.52,16540.55,16542.995000000003
2024-01-05 05:40:00+00:00,16542.5,16545.055,16541.925,16543.989999999998
2024-01-05 05:45:00+00:00,16544.555,16545.075,16541.989999999998,16543.004999999997
2024-01-05 05:50:00+00:00,16544.055,16544.575,16542.975,16544.010000000002
2024-01-05 05:55:00+00:00,16545.065,16545.495000000003,16543.05,16544.02
2024-01-05 06:00:00+00:00,16543.0,16551.01,16543.0,16549.985
2024-01-05 06:05:00+00:00,16546.985,16547.504999999997,16539.445,16541.484999999997
2024-01-05 06:10:00+00:00,16542.0,16542.059999999998,16533.48,16533.48
2024-01-05 06:15:00+00:00,16533.989999999998,16535.565,16528.445,16531.004999999997
2024-01-05 06:20:00+00:00,16531.510000000002,16534.02,16529.0,16532.940000000002
2024-01-05 06:25:00+00:00,16533.485,16534.504999999997,16522.55,16523.065
2024-01-05 06:30:00+00:00,16523.504999999997,16524.0,16513.515,16518.059999999998
2024-01-05 06:35:00+00:00,16518.440000000002,16521.995000000003,16509.49,16510.059999999998
2024-01-05 06:40:00+00:00,16510.484999999997,16512.504999999997,16506.065,16508.495000000003
2024-01-05 06:45:00+00:00,16509.004999999997,16520.0,16509.004999999997,16518.945
2024-01-05 06:50:00+00:00,16519.510000000002,16526.010000000002,16516.575,16518.010000000002
2024-01-05 06:55:00+00:00,16517.52,16525.0,16517.05,16525.0
2024-01-05 07:00:00+00:00,16523.940000000002,16530.0,16521.025,16526.5
2024-01-05 07:05:00+00:00,16526.184,16527.559999999998,16521.49,16527.055
2024-01-05 07:10:00+00:00,16526.504999999997,16526.504999999997,16518.985,16523.525
2024-01-05 07:15:00+00:00,16524.52,16531.515000000003,16521.484999999997,16529.95
2024-01-05 07:20:00+00:00,16530.559999999998,16534.52,16528.05,16534.52
2024-01-05 07:25:00+00:00,16533.995000000003,16538.475,16532.489999999998,16537.504999999997
2024-01-05 07:30:00+00:00,16538.015000000003,16542.995000000003,16536.975,16540.555
2024-01-05 07:35:00+00:00,16540.995000000003,16541.515,16530.49,16532.985
2024-01-05 07:40:00+00:00,16533.48,16533.5,16513.0,16513.510000000002
2024-01-05 07:45:00+00:00,16512.95,16517.5,16511.004999999997,16511.004999999997
2024-01-05 07:50:00+00:00,16510.749,16516.515,16503.495000000003,16503.495000000003
2024-01-05 07:55:00+00:00,16504.0,16509.5,16500.07,16508.495000000003
2024-01-05 08:00:00+00:00,16507.48,16517.5,16490.495000000003,16517.004999999997
2024-01-05 08:05:00+00:00,16518.0,16519.510000000002,16500.435,16515.015
2024-01-05 08:10:00+00:00,16514.075,16534.5,16506.440000000002,16521.975
2024-01-05 08:15:00+00:00,16521.43,16531.015000000003,16518.48,16524.015
2024-01-05 08:20:00+00:00,16524.555,16538.575,16520.48,16525.489999999998
2024-01-05 08:25:00+00:00,16526.0,16534.940000000002,16521.98,16524.445
2024-01-05 08:30:00+00:00,16523.601000000002,16531.015,16514.484999999997,16529.555
2024-01-05 08:35:00+00:00,16529.935,16547.504999999997,16528.995000000003,16536.495000000003
2024-01-05 08:40:00+00:00,16537.010000000002,16548.925,16533.99,16538.02
2024-01-05 08:45:00+00:00,16537.251,16538.504999999997,16528.52,16531.004999999997
2024-01-05 08:50:00+00:00,16531.510000000002,16538.5,16521.575,16525.075
2024-01-05 08:55:00+00:00,16524.010000000002,16533.510000000002,16519.484999999997,16519.93
2024-01-05 09:00:00+00:00,16519.5,16521.05,16500.004999999997,16501.43
2024-01-05 09:05:00+00:00,16499.95,16500.075,16480.98,16486.004999999997
2024-01-05 09:10:00+00:00,16485.004999999997,16485.995000000003,16467.995000000003,16472.05
2024-01-05 09:15:00+00:00,16471.0,16505.515000000003,16468.575,16503.0
2024-01-05 09:20:00+00:00,16503.5,16523.98,16501.989999999998,16518.02
2024-01-05 09:25:00+00:00,16517.425,16525.015000000003,16505.059999999998,16505.510000000002
2024-01-05 09:30:00+00:00,16505.995000000003,16515.02,16501.995000000003,16502.475
2024-01-05 09:35:00+00:00,16503.51,16514.004999999997,16496.485,16497.98
2024-01-05 09:40:00+00:00,16497.565,16498.495000000003,16485.515000000003,16487.02
2024-01-05 09:45:00+00:00,16486.0,16496.504999999997,16486.0,16493.55
2024-01-05 09:50:00+00:00,16492.485,16492.485,16475.484999999997,16483.495000000003
2024-01-05 09:55:00+00:00,16484.484999999997,16502.52,16483.45,16488.48
2024-01-05 10:00:00+00:00,16489.004999999997,16490.495000000003,16478.984999999997,16483.504999999997
2024-01-05 10:05:00+00:00,16484.0,16499.525,16479.489999999998,16494.0
2024-01-05 10:10:00+00:00,16493.425,16510.015,16493.425,16496.440000000002
2024-01-05 10:15:00+00:00,16497.05,16497.05,16480.425,16483.95
2024-01-05 10:20:00+00:00,16483.515000000003,16488.495000000003,16476.935,16485.0
2024-01-05 10:25:00+00:00,16485.445,16486.010000000002,16473.565,16477.059999999998
2024-01-05 10:30:00+00:00,16476.52,16478.065,16466.99,16468.004999999997
2024-01-05 10:35:00+00:00,16469.004999999997,16473.010000000002,16463.515,16465.015000000003
2024-01-05 10:40:00+00:00,16465.5,16470.489999999998,16461.43,16464.015
2024-01-05 10:45:00+00:00,16463.5,16468.0,16459.510000000002,16460.515000000003
2024-01-05 10:50:00+00:00,16458.995000000003,16476.05,16455.484999999997,16474.495000000003
2024-01-05 10:55:00+00:00,16475.004999999997,16489.495000000003,16474.475,16481.45
2024-01-05 11:00:00+00:00,16482.004999999997,16505.52,16478.489999999998,16503.004999999997
2024-01-05 11:05:00+00:00,16502.440000000002,16502.495000000003,16485.98,16487.025
2024-01-05 11:10:00+00:00,16487.48,16492.075,16477.975,16478.015000000003
2024-01-05 11:15:00+00:00,16478.504999999997,16486.010000000002,16473.495000000003,16478.989999999998
2024-01-05 11:20:00+00:00,16479.975,16482.01,16467.435,16468.48
2024-01-05 11:25:00+00:00,16469.02,16477.010000000002,16465.43,16466.940000000002
2024-01-05 11:30:00+00:00,16467.495000000003,16469.45,16457.0,16462.059999999998
2024-01-05 11:35:00+00:00,16461.495000000003,16472.004999999997,16461.489999999998,16471.495000000003
2024-01-05 11:40:00+00:00,16471.0,16481.559999999998,16470.51,16473.004999999997
2024-01-05 11:45:00+00:00,16473.565,16483.5,16468.504999999997,16475.5
2024-01-05 11:50:00+00:00,16476.5,16484.989999999998,16473.010000000002,16475.575
2024-01-05 11:55:00+00:00,16474.5,16490.575,16474.010000000002,16490.510000000002
2024-01-05 12:00:00+00:00,16489.504999999997,16499.52,16480.5,16482.015000000003
2024-01-05 12:05:00+00:00,16482.515000000003,16484.575,16465.495000000003,16465.995000000003
2024-01-05 12:10:00+00:00,16465.445,16475.515,16463.945,16473.995000000003
2024-01-05 12:15:00+00:00,16473.504999999997,16486.525,16473.5,16483.984999999997
2024-01-05 12:20:00+00:00,16483.495000000003,16488.52,16475.484999999997,16488.52
2024-01-05 12:25:00+00:00,16487.515000000003,16490.52,16483.504999999997,16487.989999999998
2024-01-05 12:30:00+00:00,16487.5,16496.515000000003,16485.989999999998,16495.0
2024-01-05 12:35:00+00:00,16494.555,16502.984999999997,16491.45,16492.989999999998
2024-01-05 12:40:00+00:00,16493.55,16500.5,16490.55,16492.495000000003
2024-01-05 12:45:00+00:00,16493.515000000003,16499.51,16486.504999999997,16486.504999999997
2024-01-05 12:50:00+00:00,16485.485,16487.504999999997,16472.010000000002,16480.489999999998
2024-01-05 12:55:00+00:00,16479.48,16485.995000000003,16478.484999999997,16484.935
2024-01-05 13:00:00+00:00,16484.510000000002,16484.984999999997,16466.475,16467.004999999997
2024-01-05 13:05:00+00:00,16467.940000000002,16473.995000000003,16464.515000000003,16472.01
2024-01-05 13:10:00+00:00,16472.485,16495.995000000003,16470.484999999997,16495.004999999997
2024-01-05 13:15:00+00:00,16496.489999999998,16515.510000000002,16493.440000000002,16510.99
2024-01-05 13:20:00+00:00,16511.484999999997,16514.0,16492.495000000003,16496.5
2024-01-05 13:25:00+00:00,16497.0,16509.52,16495.489999999998,16503.984999999997
2024-01-05 13:30:00+00:00,16503.989999999998,16503.989999999998,16444.5,16472.07
2024-01-05 13:35:00+00:00,16472.984999999997,16478.995000000003,16452.98,16467.985
2024-01-05 13:40:00+00:00,16468.5,16501.98,16464.985,16501.98
2024-01-05 13:45:00+00:00,16500.945,16506.515000000003,16492.425,16496.945
2024-01-05 13:50:00+00:00,16498.015000000003,16536.98,16496.975,16535.515
2024-01-05 13:55:00+00:00,16535.0,16536.565,16513.48,16521.010000000002
2024-01-05 14:00:00+00:00,16522.0,16543.495000000003,16517.445,16539.5
2024-01-05 14:05:00+00:00,16539.004999999997,16541.02,16515.989999999998,16516.5
2024-01-05 14:10:00+00:00,16516.02,16521.5,16505.495000000003,16507.43
2024-01-05 14:15:00+00:00,16506.995000000003,16529.504999999997,16506.515,16526.940000000002
2024-01-05 14:20:00+00:00,16526.43,16530.015000000003,16521.495000000003,16527.5
2024-01-05 14:25:00+00:00,16527.989999999998,16537.49,16524.02,16533.504999999997
2024-01-05 14:30:00+00:00,16534.555,16553.489999999998,16527.0,16552.004999999997
2024-01-05 14:35:00+00:00,16551.435,16554.565,16541.45,16545.510000000002
2024-01-05 14:40:00+00:00,16544.485,16563.55,16541.515000000003,16554.004999999997
2024-01-05 14:45:00+00:00,16553.555,16577.515000000003,16553.555,16576.495000000003
2024-01-05 14:50:00+00:00,16577.565,16594.57,16576.52,16583.504999999997
2024-01-05 14:55:00+00:00,16582.484999999997,16588.5,16577.489999999998,16584.98
2024-01-05 15:00:00+00:00,16599.495000000003,16640.0,16594.559999999998,16637.989999999998
2024-01-05 15:05:00+00:00,16637.01,16647.010000000002,16630.984999999997,16641.504999999997
2024-01-05 15:10:00+00:00,16642.010000000002,16649.484999999997,16632.98,16634.485
2024-01-05 15:15:00+00:00,16634.220999999998,16635.985,16605.48,16619.065
2024-01-05 15:20:00+00:00,16618.495000000003,16634.55,16611.510000000002,16629.995000000003
2024-01-05 15:25:00+00:00,16631.485,16636.510000000002,16615.940000000002,16617.440000000002
2024-01-05 15:30:00+00:00,16617.004999999997,16634.57,16610.0,16632.565
2024-01-05 15:35:00+00:00,16633.504999999997,16639.484999999997,16624.945,16624.945
2024-01-05 15:40:00+00:00,16625.95,16638.515,16624.95,16634.984999999997
2024-01-05 15:45:00+00:00,16634.211,16639.495000000003,16627.989999999998,16630.5
2024-01-05 15:50:00+00:00,16630.989999999998,16640.504999999997,16620.995000000003,16636.51
2024-01-05 15:55:00+00:00,16637.5,16638.484999999997,16627.435,16631.5
2024-01-05 16:00:00+00:00,16631.95,16633.484999999997,16612.995000000003,16614.004999999997
2024-01-05 16:05:00+00:00,16614.98,16621.995000000003,16611.0,16615.525
2024-01-05 16:10:00+00:00,16616.010000000002,16624.559999999998,16612.440000000002,16618.065
2024-01-05 16:15:00+00:00,16618.504999999997,16618.504999999997,16592.515000000003,16593.510000000002
2024-01-05 16:20:00+00:00,16592.52,16600.515000000003,16590.55,16598.504999999997
2024-01-05 16:25:00+00:00,16599.010000000002,16602.55,16590.51,16591.504999999997
2024-01-05 16:30:00+00:00,16592.495000000003,16596.515000000003,16586.995000000003,16594.489999999998
2024-01-05 16:35:00+00:00,16594.975,16598.495000000003,16591.435,16596.5
2024-01-05 16:40:00+00:00,16596.995000000003,16599.52,16591.995000000003,16594.51
2024-01-05 16:45:00+00:00,16594.07,16597.52,16588.43,16589.504999999997
2024-01-05 16:50:00+00:00,16589.99,16598.495000000003,16589.495000000003,16595.440000000002
2024-01-05 16:55:00+00:00,16595.004999999997,16595.565,16589.489999999998,16589.49
2024-01-05 17:00:00+00:00,16590.435,16591.48,16584.425,16587.48
2024-01-05 17:05:00+00:00,16586.5,16588.025,16567.484999999997,16568.489999999998
2024-01-05 17:10:00+00:00,16569.0,16577.475,16563.489999999998,16577.0
2024-01-05 17:15:00+00:00,16576.5,16577.559999999998,16571.004999999997,16571.504999999997
2024-01-05 17:20:00+00:00,16572.010000000002,16575.575,16567.489999999998,16568.98
2024-01-05 17:25:00+00:00,16569.510000000002,16572.525,16564.495000000003,16566.52
2024-01-05 17:30:00+00:00,16565.510000000002,16568.510000000002,16561.48,16563.0
2024-01-05 17:35:00+00:00,16562.48,16573.5,16561.940000000002,16569.445
2024-01-05 17:40:00+00:00,16570.52,16579.995000000003,16570.0,16579.510000000002
2024-01-05 17:45:00+00:00,16579.004999999997,16582.489999999998,16574.43,16575.485
2024-01-05 17:50:00+00:00,16576.010000000002,16583.559999999998,16575.48,16579.48
2024-01-05 17:55:00+00:00,16580.02,16580.559999999998,16575.43,16575.515000000003
2024-01-05 18:00:00+00:00,16576.05,16577.004999999997,16561.435,16564.485
2024-01-05 18:05:00+00:00,16565.0,16572.55,16564.48,16568.925
2024-01-05 18:10:00+00:00,16568.57,16572.995000000003,16566.48,16569.515
2024-01-05 18:15:00+00:00,16569.015000000003,16570.48,16563.48,16565.510000000002
2024-01-05 18:20:00+00:00,16565.984999999997,16572.515000000003,16565.984999999997,16571.495000000003
2024-01-05 18:25:00+00:00,16572.525,16587.5,16572.45,16587.5
2024-01-05 18:30:00+00:00,16588.015000000003,16597.565,16588.015000000003,16592.984999999997
2024-01-05 18:35:00+00:00,16593.504999999997,16602.575,16590.489999999998,16600.489999999998
2024-01-05 18:40:00+00:00,16601.445,16602.5,16596.440000000002,16598.489999999998
2024-01-05 18:45:00+00:00,16597.93,16602.575,16597.515000000003,16599.510000000002
2024-01-05 18:50:00+00:00,16600.495000000003,16602.495000000003,16597.489999999998,16598.565
2024-01-05 18:55:00+00:00,16598.055,16600.555,16592.565,16593.559999999998
2024-01-05 19:00:00+00:00,16593.254,16598.515,16592.945,16597.985
2024-01-05 19:05:00+00:00,16597.43,16602.489999999998,16596.484999999997,16602.489999999998
2024-01-05 19:10:00+00:00,16602.989999999998,16607.52,16598.504999999997,16601.5
2024-01-05 19:15:00+00:00,16602.02,16603.5,16588.515000000003,16590.925
2024-01-05 19:20:00+00:00,16591.515000000003,16598.55,16589.484999999997,16595.5
2024-01-05 19:25:00+00:00,16595.059999999998,16597.5,16591.485,16592.440000000002
2024-01-05 19:30:00+00:00,16592.99,16595.495000000003,16589.489999999998,16592.5
2024-01-05 19:35:00+00:00,16592.95,16598.555,16590.43,16591.52
2024-01-05 19:40:00+00:00,16591.065,16591.5,16582.010000000002,16584.55
2024-01-05 19:45:00+00:00,16584.015,16587.475,16576.48,16577.445
2024-01-05 19:50:00+00:00,16576.984999999997,16577.52,16564.5,16565.5
2024-01-05 19:55:00+00:00,16565.93,16570.575,16563.989999999998,16567.995000000003
2024-01-05 20:00:00+00:00,16567.065,16571.55,16565.0,16567.565
2024-01-05 20:05:00+00:00,16567.0,16572.0,16564.495000000003,16570.48
2024-01-05 20:10:00+00:00,16570.984999999997,16577.5,16567.940000000002,16574.484999999997
2024-01-05 20:15:00+00:00,16574.0,16576.510000000002,16569.48,16570.984999999997
2024-01-05 20:20:00+00:00,16570.525,16575.015000000003,16570.48,16572.51
2024-01-05 20:25:00+00:00,16571.989999999998,16576.495000000003,16566.5,16575.52
2024-01-05 20:30:00+00:00,16574.989999999998,16575.07,16568.515000000003,16574.52
2024-01-05 20:35:00+00:00,16575.495000000003,16582.0,16575.489999999998,16580.004999999997
2024-01-05 20:40:00+00:00,16580.475,16584.445,16578.425,16584.445
2024-01-05 20:45:00+00:00,16585.504999999997,16589.48,16581.440000000002,16587.504999999997
2024-01-05 20:50:00+00:00,16586.98,16591.495000000003,16583.445,16591.0
2024-01-05 20:55:00+00:00,16590.729,16592.565,16581.504999999997,16587.515
2024-01-08 00:00:00+00:00,16593.02,16596.565,16592.975,16596.510000000002
2024-01-08 00:05:00+00:00,16595.625,16596.504999999997,16593.835,16595.135000000002
2024-01-08 00:10:00+00:00,16595.69,16597.890000000003,16595.684999999998,16596.435
2024-01-08 00:15:00+00:00,16584.55,16613.525,16584.55,16613.525
2024-01-08 00:20:00+00:00,16613.5,16616.02,16612.489999999998,16616.010000000002
2024-01-08 00:25:00+00:00,16617.010000000002,16621.525,16617.010000000002,16619.52
2024-01-08 00:30:00+00:00,16617.445,16618.015000000003,16614.940000000002,16616.015
2024-01-08 00:35:00+00:00,16615.565,16615.940000000002,16612.065,16612.065
2024-01-08 00:40:00+00:00,16611.515000000003,16613.010000000002,16608.515,16611.010000000002
2024-01-08 00:45:00+00:00,16611.525,16616.440000000002,16611.525,16614.0
2024-01-08 00:50:00+00:00,16613.515000000003,16616.48,16612.52,16615.495000000003
2024-01-08 00:55:00+00:00,16614.425,16615.989999999998,16609.45,16610.515000000003
2024-01-08 01:00:00+00:00,16609.484999999997,16614.935,16609.475,16614.440000000002
2024-01-08 01:05:00+00:00,16614.004999999997,16620.985,16613.935,16620.985
2024-01-08 01:10:00+00:00,16618.935,16625.504999999997,16618.935,16625.504999999997
2024-01-08 01:15:00+00:00,16622.55,16625.98,16622.425,16623.489999999998
2024-01-08 01:20:00+00:00,16624.010000000002,16627.010000000002,16624.010000000002,16626.015000000003
2024-01-08 01:25:00+00:00,16625.440000000002,16625.99,16617.945,16618.440000000002
2024-01-08 01:30:00+00:00,16618.0,16621.515000000003,16617.43,16620.515000000003
2024-01-08 01:35:00+00:00,16620.0,16620.02,16617.504999999997,16619.010000000002
2024-01-08 01:40:00+00:00,16618.5,16618.5,16614.0,16614.495000000003
2024-01-08 01:45:00+00:00,16615.48,16615.525,16610.504999999997,16610.504999999997
2024-01-08 01:50:00+00:00,16608.555,16609.989999999998,16601.984999999997,16601.995000000003
2024-01-08 01:55:00+00:00,16601.489999999998,16603.05,16595.555,16596.504999999997
2024-01-08 02:00:00+00:00,16595.57,16596.504999999997,16587.989999999998,16590.559999999998
2024-01-08 02:05:00+00:00,16590.05,16591.484999999997,16586.0,16587.510000000002
2024-01-08 02:10:00+00:00,16588.015,16597.504999999997,16588.015,16596.5
2024-01-08 02:15:00+00:00,16595.485,16600.0,16590.495000000003,16599.55
2024-01-08 02:20:00+00:00,16600.0,16603.95,16594.495000000003,16596.515
2024-01-08 02:25:00+00:00,16596.940000000002,16600.05,16595.945,16596.435
2024-01-08 02:30:00+00:00,16596.0,16596.504999999997,16593.485,16596.015000000003
2024-01-08 02:35:00+00:00,16596.495000000003,16596.555,16595.010000000002,16595.49
2024-01-08 02:40:00+00:00,16595.059999999998,16597.555,16593.985,16595.43
2024-01-08 02:45:00+00:00,16595.995000000003,16598.555,16594.93,16595.495000000003
2024-01-08 02:50:00+00:00,16595.004999999997,16597.575,16593.504999999997,16593.504999999997
2024-01-08 02:55:00+00:00,16595.010000000002,16596.510000000002,16592.984999999997,16594.5
2024-01-08 03:00:00+00:00,16595.0,16596.555,16582.43,16584.495000000003
2024-01-08 03:05:00+00:00,16584.984999999997,16587.484999999997,16579.940000000002,16580.010000000002
2024-01-08 03:10:00+00:00,16580.48,16581.02,16577.559999999998,16581.01
2024-01-08 03:15:00+00:00,16581.48,16585.575,16581.48,16583.45
2024-01-08 03:20:00+00:00,16584.5,16584.5,16575.935,16576.995000000003
2024-01-08 03:25:00+00:00,16577.515000000003,16577.515000000003,16574.555,16576.57
2024-01-08 03:30:00+00:00,16577.02,16578.010000000002,16575.515,16575.515
2024-01-08 03:35:00+00:00,16574.504999999997,16575.52,16570.504999999997,16573.43
2024-01-08 03:40:00+00:00,16572.984999999997,16577.055,16572.025,16575.025
2024-01-08 03:45:00+00:00,16575.989999999998,16577.57,16575.435,16575.435
2024-01-08 03:50:00+00:00,16576.495000000003,16577.440000000002,16570.0,16571.504999999997
2024-01-08 03:55:00+00:00,16571.015,16573.02,16569.925,16572.495000000003
2024-01-08 04:00:00+00:00,16573.495000000003,16574.484999999997,16573.0,16573.52
2024-01-08 04:05:00+00:00,16572.99,16576.004999999997,16572.489999999998,16576.004999999997
2024-01-08 04:10:00+00:00,16575.515,16580.0,16575.515,16579.504999999997
2024-01-08 04:15:00+00:00,16580.975,16583.01,16580.975,16582.510000000002
2024-01-08 04:20:00+00:00,16583.07,16585.510000000002,16581.484999999997,16584.495000000003
2024-01-08 04:25:00+00:00,16583.985,16585.57,16583.48,16583.510000000002
2024-01-08 04:30:00+00:00,16582.484999999997,16583.515,16578.51,16578.51
2024-01-08 04:35:00+00:00,16579.52,16579.57,16579.004999999997,16579.57
2024-01-08 04:40:00+00:00,16580.445,16580.925,16580.0,16580.0
2024-01-08 04:45:00+00:00,16580.495000000003,16581.004999999997,16580.495000000003,16581.004999999997
2024-01-08 04:50:00+00:00,16581.489999999998,16583.010000000002,16581.445,16581.45
2024-01-08 04:55:00+00:00,16581.975,16583.55,16581.510000000002,16583.0
2024-01-08 05:00:00+00:00,16583.440000000002,16587.495000000003,16582.45,16585.435
2024-01-08 05:05:00+00:00,16585.756,16588.45,16583.575,16587.440000000002
2024-01-08 05:10:00+00:00,16586.995000000003,16587.99,16583.495000000003,16585.504999999997
2024-01-08 05:15:00+00:00,16586.004999999997,16586.48,16584.425,16585.515
2024-01-08 05:20:00+00:00,16584.489999999998,16584.489999999998,16579.559999999998,16579.559999999998
2024-01-08 05:25:00+00:00,16580.5,16581.5,16580.43,16580.99
2024-01-08 05:30:00+00:00,16581.504999999997,16581.504999999997,16574.504999999997,16575.515
2024-01-08 05:35:00+00:00,16574.440000000002,16576.515,16571.445,16571.575
2024-01-08 05:40:00+00:00,16571.740999999998,16574.510000000002,16571.740999999998,16573.495000000003
2024-01-08 05:45:00+00:00,16573.751,16578.504999999997,16573.495000000003,16578.504999999997
2024-01-08 05:50:00+00:00,16575.565,16575.565,16568.484999999997,16570.5
2024-01-08 05:55:00+00:00,16570.004999999997,16571.57,16570.004999999997,16570.489999999998
2024-01-08 06:00:00+00:00,16569.940000000002,16574.504999999997,16567.504999999997,16572.925
2024-01-08 06:05:00+00:00,16571.435,16583.445,16571.435,16581.5
2024-01-08 06:10:00+00:00,16580.52,16583.52,16573.975,16582.510000000002
2024-01-08 06:15:00+00:00,16583.0,16587.0,16580.504999999997,16586.484999999997
2024-01-08 06:20:00+00:00,16585.995000000003,16586.5,16579.565,16579.989999999998
2024-01-08 06:25:00+00:00,16580.504999999997,16586.504999999997,16580.504999999997,16585.51
2024-01-08 06:30:00+00:00,16584.510000000002,16584.510000000002,16574.475,16574.475
2024-01-08 06:35:00+00:00,16575.5,16575.5,16565.48,16567.51
2024-01-08 06:40:00+00:00,16568.065,16568.5,16559.48,16560.004999999997
2024-01-08 06:45:00+00:00,16562.010000000002,16562.010000000002,16557.485,16557.485
2024-01-08 06:50:00+00:00,16558.52,16564.065,16557.510000000002,16561.435
2024-01-08 06:55:00+00:00,16560.504999999997,16561.525,16557.98,16558.489999999998
2024-01-08 07:00:00+00:00,16558.174,16574.565,16558.174,16569.945
2024-01-08 07:05:00+00:00,16570.5,16585.52,16570.5,16582.510000000002
2024-01-08 07:10:00+00:00,16581.495000000003,16590.025,16577.989999999998,16586.935
2024-01-08 07:15:00+00:00,16587.510000000002,16589.57,16581.93,16582.02
2024-01-08 07:20:00+00:00,16581.015000000003,16590.055,16579.98,16590.055
2024-01-08 07:25:00+00:00,16589.489999999998,16595.995000000003,16588.510000000002,16592.445
2024-01-08 07:30:00+00:00,16593.004999999997,16600.989999999998,16587.985,16589.004999999997
2024-01-08 07:35:00+00:00,16588.749,16589.010000000002,16577.945,16578.504999999997
2024-01-08 07:40:00+00:00,16578.995000000003,16579.98,16575.935,16578.075
2024-01-08 07:45:00+00:00,16578.57,16589.065,16577.945,16587.0
2024-01-08 07:50:00+00:00,16586.253999999997,16593.565,16585.489999999998,16589.0
2024-01-08 07:55:00+00:00,16589.45,16592.495000000003,16580.989999999998,16581.055
2024-01-08 08:00:00+00:00,16582.984999999997,16625.059999999998,16577.984999999997,16623.5
2024-01-08 08:05:00+00:00,16624.5,16626.484999999997,16606.495000000003,16612.510000000002
2024-01-08 08:10:00+00:00,16613.504999999997,16629.489999999998,16593.510000000002,16605.0
2024-01-08 08:15:00+00:00,16605.504999999997,16630.004999999997,16598.495000000003,16623.515000000003
2024-01-08 08:20:00+00:00,16624.495000000003,16639.995000000003,16622.55,16628.0
2024-01-08 08:25:00+00:00,16629.004999999997,16634.985,16613.485,16632.485
2024-01-08 08:30:00+00:00,16632.989999999998,16639.010000000002,16608.52,16628.025
2024-01-08 08:35:00+00:00,16628.435,16638.05,16622.741,16630.555
2024-01-08 08:40:00+00:00,16630.93,16644.0,16610.98,16615.510000000002
2024-01-08 08:45:00+00:00,16616.515,16618.05,16603.995000000003,16618.025
2024-01-08 08:50:00+00:00,16617.5,16624.945,16604.0,16604.515
2024-01-08 08:55:00+00:00,16605.495000000003,16608.98,16593.93,16599.48
2024-01-08 09:00:00+00:00,16599.02,16601.5,16583.435,16585.51
2024-01-08 09:05:00+00:00,16585.99,16605.0,16579.489999999998,16602.49
2024-01-08 09:10:00+00:00,16602.220999999998,16604.010000000002,16585.5,16587.559999999998
2024-01-08 09:15:00+00:00,16587.985,16594.985,16577.995000000003,16578.495000000003
2024-01-08 09:20:00+00:00,16578.004999999997,16587.059999999998,16561.440000000002,16562.5
2024-01-08 09:25:00+00:00,16561.989999999998,16569.984999999997,16545.489999999998,16548.495000000003
2024-01-08 09:30:00+00:00,16548.07,16548.52,16515.504999999997,16521.504999999997
2024-01-08 09:35:00+00:00,16521.004999999997,16544.07,16515.485,16532.065
2024-01-08 09:40:00+00:00,16531.02,16550.995000000003,16531.01,16547.0
2024-01-08 09:45:00+00:00,16546.010000000002,16570.995000000003,16545.995000000003,16557.495000000003
2024-01-08 09:50:00+00:00,16559.004999999997,16590.010000000002,16559.004999999997,16587.57
2024-01-08 09:55:00+00:00,16586.995000000003,16588.504999999997,16572.940000000002,16580.489999999998
2024-01-08 10:00:00+00:00,16580.02,16592.55,16577.484999999997,16592.02
2024-01-08 10:05:00+00:00,16592.5,16597.515,16583.425,16587.51
2024-01-08 10:10:00+00:00,16588.0,16595.995000000003,16581.059999999998,16590.485
2024-01-08 10:15:00+00:00,16590.995000000003,16610.004999999997,16588.0,16606.559999999998
2024-01-08 10:20:00+00:00,16608.57,16610.5,16599.989999999998,16604.5
2024-01-08 10:25:00+00:00,16605.004999999997,16609.515,16593.945,16606.425
2024-01-08 10:30:00+00:00,16607.02,16611.0,16601.995000000003,16606.425
2024-01-08 10:35:00+00:00,16607.5,16614.925,16599.555,16609.0
2024-01-08 10:40:00+00:00,16610.025,16614.49,16598.01,16603.02
2024-01-08 10:45:00+00:00,16603.5,16609.52,16595.98,16597.525
2024-01-08 10:50:00+00:00,16597.220999999998,16604.5,16593.935,16604.075
2024-01-08 10:55:00+00:00,16603.065,16606.98,16594.0,16597.925
2024-01-08 11:00:00+00:00,16597.484999999997,16600.559999999998,16586.995000000003,16587.5
2024-01-08 11:05:00+00:00,16588.004999999997,16592.435,16581.940000000002,16590.504999999997
2024-01-08 11:10:00+00:00,16592.0,16612.515000000003,16589.504999999997,16610.004999999997
2024-01-08 11:15:00+00:00,16611.004999999997,16612.504999999997,16596.055,16597.0
2024-01-08 11:20:00+00:00,16596.5,16602.989999999998,16589.945,16592.5
2024-01-08 11:25:00+00:00,16591.984999999997,16601.01,16591.015000000003,16600.52
2024-01-08 11:30:00+00:00,16599.945,16610.98,16598.5,16606.995000000003
2024-01-08 11:35:00+00:00,16607.504999999997,16609.025,16595.985,16609.0
2024-01-08 11:40:00+00:00,16609.440000000002,16618.440000000002,16604.995000000003,16610.504999999997
2024-01-08 11:45:00+00:00,16610.989999999998,16615.0,16606.059999999998,16609.004999999997
2024-01-08 11:50:00+00:00,16610.05,16614.565,16606.010000000002,16609.515
2024-01-08 11:55:00+00:00,16609.995000000003,16614.07,16604.940000000002,16607.07
2024-01-08 12:00:00+00:00,16608.0,16614.989999999998,16600.02,16613.945
2024-01-08 12:05:00+00:00,16613.010000000002,16624.004999999997,16613.010000000002,16624.004999999997
2024-01-08 12:10:00+00:00,16624.52,16628.01,16618.935,16622.95
2024-01-08 12:15:00+00:00,16622.0,16624.059999999998,16611.95,16619.49
2024-01-08 12:20:00+00:00,16619.075,16622.5,16614.525,16621.004999999997
2024-01-08 12:25:00+00:00,16619.925,16625.004999999997,16617.989999999998,16624.995000000003
2024-01-08 12:30:00+00:00,16625.935,16627.925,16615.059999999998,16618.565
2024-01-08 12:35:00+00:00,16618.98,16621.075,16611.004999999997,16611.004999999997
2024-01-08 12:40:00+00:00,16611.995000000003,16617.065,16607.975,16615.555
2024-01-08 12:45:00+00:00,16615.935,16621.515000000003,16613.984999999997,16615.98
2024-01-08 12:50:00+00:00,16616.510000000002,16623.489999999998,16613.989999999998,16617.510000000002
2024-01-08 12:55:00+00:00,16618.025,16631.02,16616.015000000003,16630.0
2024-01-08 13:00:00+00:00,16630.51,16636.504999999997,16627.98,16633.95
2024-01-08 13:05:00+00:00,16633.435,16633.995000000003,16618.984999999997,16619.055
2024-01-08 13:10:00+00:00,16619.510000000002,16626.575,16619.510000000002,16624.059999999998
2024-01-08 13:15:00+00:00,16625.05,16635.48,16624.010000000002,16634.945
2024-01-08 13:20:00+00:00,16635.525,16645.555,16632.004999999997,16644.95
2024-01-08 13:25:00+00:00,16643.995000000003,16648.065,16630.985,16633.0
2024-01-08 13:30:00+00:00,16636.025,16642.989999999998,16634.984999999997,16637.0
2024-01-08 13:35:00+00:00,16637.510000000002,16643.575,16635.975,16641.984999999997
2024-01-08 13:40:00+00:00,16641.504999999997,16648.0,16640.510000000002,16641.940000000002
2024-01-08 13:45:00+00:00,16641.504999999997,16641.504999999997,16624.984999999997,16629.989999999998
2024-01-08 13:50:00+00:00,16629.48,16636.940000000002,16625.989999999998,16625.989999999998
2024-01-08 13:55:00+00:00,16625.515000000003,16631.010000000002,16622.93,16628.995000000003
2024-01-08 14:00:00+00:00,16629.565,16642.51,16629.010000000002,16634.925
2024-01-08 14:05:00+00:00,16633.975,16645.065,16632.495000000003,16644.425
2024-01-08 14:10:00+00:00,16644.0,16663.0,16643.98,16661.015000000003
2024-01-08 14:15:00+00:00,16661.995000000003,16669.07,16660.0,16666.93
2024-01-08 14:20:00+00:00,16667.495000000003,16670.055,16662.004999999997,16669.055
2024-01-08 14:25:00+00:00,16668.985,16671.004999999997,16663.989999999998,16671.004999999997
2024-01-08 14:30:00+00:00,16670.201,16687.004999999997,16666.995000000003,16683.5
2024-01-08 14:35:00+00:00,16683.015000000003,16684.98,16663.445,16672.995000000003
2024-01-08 14:40:00+00:00,16675.075,16675.075,16656.989999999998,16668.010000000002
2024-01-08 14:45:00+00:00,16669.010000000002,16686.075,16668.515,16679.059999999998
2024-01-08 14:50:00+00:00,16678.495000000003,16685.555,16673.0,16677.5
2024-01-08 14:55:00+00:00,16678.995000000003,16705.0,16675.440000000002,16705.0
2024-01-08 15:00:00+00:00,16704.5,16705.010000000002,16684.985,16696.975
2024-01-08 15:05:00+00:00,16697.510000000002,16704.055,16690.995000000003,16694.995000000003
2024-01-08 15:10:00+00:00,16696.004999999997,16699.07,16687.0,16688.485
2024-01-08 15:15:00+00:00,16689.0,16699.02,16687.975,16696.940000000002
2024-01-08 15:20:00+00:00,16697.995000000003,16699.510000000002,16690.93,16698.989999999998
2024-01-08 15:25:00+00:00,16698.445,16700.925,16694.565,16696.075
2024-01-08 15:30:00+00:00,16696.495000000003,16715.05,16696.495000000003,16715.004999999997
2024-01-08 15:35:00+00:00,16713.984999999997,16714.495000000003,16699.945,16705.015000000003
2024-01-08 15:40:00+00:00,16706.065,16709.504999999997,16702.935,16708.055
2024-01-08 15:45:00+00:00,16708.5,16713.004999999997,16706.004999999997,16712.5
2024-01-08 15:50:00+00:00,16712.93,16713.015,16698.05,16699.010000000002
2024-01-08 15:55:00+00:00,16699.575,16704.98,16695.0,16696.015
2024-01-08 16:00:00+00:00,16696.5,16697.995000000003,16676.93,16679.055
2024-01-08 16:05:00+00:00,16679.504999999997,16701.015000000003,16679.5,16693.99
2024-01-08 16:10:00+00:00,16694.5,16702.515000000003,16686.010000000002,16700.925
2024-01-08 16:15:00+00:00,16700.504999999997,16707.975,16696.995000000003,16707.48
2024-01-08 16:20:00+00:00,16707.985,16713.055,16698.0,16700.504999999997
2024-01-08 16:25:00+00:00,16700.015,16707.510000000002,16698.485,16707.0
2024-01-08 16:30:00+00:00,16706.004999999997,16714.575,16703.940000000002,16714.575
2024-01-08 16:35:00+00:00,16714.015000000003,16715.510000000002,16706.98,16710.07
2024-01-08 16:40:00+00:00,16711.004999999997,16715.075,16707.93,16712.995000000003
2024-01-08 16:45:00+00:00,16713.515,16716.015000000003,16711.995000000003,16713.98
2024-01-08 16:50:00+00:00,16713.025,16715.989999999998,16711.984999999997,16712.504999999997
2024-01-08 16:55:00+00:00,16712.025,16716.07,16709.075,16716.015000000003
2024-01-08 17:00:00+00:00,16717.98,16723.98,16716.0,16720.0
2024-01-08 17:05:00+00:00,16719.753999999997,16724.02,16717.004999999997,16719.015000000003
2024-01-08 17:10:00+00:00,16719.55,16721.995000000003,16717.95,16718.984999999997
2024-01-08 17:15:00+00:00,16718.510000000002,16723.059999999998,16717.984999999997,16720.489999999998
2024-01-08 17:20:00+00:00,16720.01,16720.52,16711.95,16715.504999999997
2024-01-08 17:25:00+00:00,16714.95,16718.015,16714.004999999997,16717.004999999997
2024-01-08 17:30:00+00:00,16716.495000000003,16722.075,16715.925,16722.02
2024-01-08 17:35:00+00:00,16722.489999999998,16728.995000000003,16722.0,16728.504999999997
2024-01-08 17:40:00+00:00,16728.01,16729.995000000003,16723.945,16725.504999999997
2024-01-08 17:45:00+00:00,16725.984999999997,16728.059999999998,16724.935,16727.5
2024-01-08 17:50:00+00:00,16727.015000000003,16732.010000000002,16726.004999999997,16730.015000000003
2024-01-08 17:55:00+00:00,16730.5,16732.984999999997,16729.059999999998,16731.93
2024-01-08 18:00:00+00:00,16731.495000000003,16734.57,16729.93,16733.995000000003
2024-01-08 18:05:00+00:00,16734.984999999997,16737.0,16731.5,16732.984999999997
2024-01-08 18:10:00+00:00,16733.489999999998,16733.510000000002,16727.98,16727.98
2024-01-08 18:15:00+00:00,16727.51,16728.995000000003,16724.0,16724.57
2024-01-08 18:20:00+00:00,16725.0,16727.010000000002,16724.004999999997,16726.0
2024-01-08 18:25:00+00:00,16726.489999999998,16727.0,16719.995000000003,16721.5
2024-01-08 18:30:00+00:00,16721.984999999997,16726.5,16721.0,16724.984999999997
2024-01-08 18:35:00+00:00,16724.51,16727.55,16724.004999999997,16727.55
2024-01-08 18:40:00+00:00,16726.93,16730.059999999998,16725.925,16729.984999999997
2024-01-08 18:45:00+00:00,16729.57,16736.015000000003,16728.504999999997,16734.43
2024-01-08 18:50:00+00:00,16734.925,16736.05,16732.945,16734.025
2024-01-08 18:55:00+00:00,16733.489999999998,16738.02,16732.940000000002,16735.93
2024-01-08 19:00:00+00:00,16737.004999999997,16739.510000000002,16734.935,16736.57
2024-01-08 19:05:00+00:00,16735.984999999997,16737.989999999998,16733.45,16736.5
2024-01-08 19:10:00+00:00,16737.0,16745.984999999997,16737.0,16745.07
2024-01-08 19:15:00+00:00,16743.925,16747.010000000002,16740.445,16742.065
2024-01-08 19:20:00+00:00,16742.43,16743.010000000002,16738.995000000003,16742.5
2024-01-08 19:25:00+00:00,16743.05,16748.07,16742.5,16747.995000000003
2024-01-08 19:30:00+00:00,16749.0,16754.02,16748.925,16750.5
2024-01-08 19:35:00+00:00,16751.075,16751.075,16745.989999999998,16748.0
2024-01-08 19:40:00+00:00,16748.93,16752.02,16747.99,16750.445
2024-01-08 19:45:00+00:00,16751.075,16754.484999999997,16749.995000000003,16753.010000000002
2024-01-08 19:50:00+00:00,16753.48,16757.01,16752.010000000002,16754.489999999998
2024-01-08 19:55:00+00:00,16754.995000000003,16761.010000000002,16754.995000000003,16758.010000000002
2024-01-08 20:00:00+00:00,16758.504999999997,16763.0,16755.93,16762.004999999997
2024-01-08 20:05:00+00:00,16761.435,16763.5,16759.57,16762.984999999997
2024-01-08 20:10:00+00:00,16761.975,16763.004999999997,16757.0,16757.065
2024-01-08 20:15:00+00:00,16757.98,16763.504999999997,16757.515,16762.02
2024-01-08 20:20:00+00:00,16761.744,16763.02,16759.495000000003,16761.995000000003
2024-01-08 20:25:00+00:00,16762.435,16762.484999999997,16757.945,16758.989999999998
2024-01-08 20:30:00+00:00,16758.515000000003,16763.489999999998,16758.004999999997,16762.984999999997
2024-01-08 20:35:00+00:00,16763.510000000002,16771.059999999998,16760.925,16770.995000000003
2024-01-08 20:40:00+00:00,16772.0,16775.004999999997,16768.015000000003,16770.989999999998
2024-01-08 20:45:00+00:00,16770.025,16770.065,16762.495000000003,16763.004999999997
2024-01-08 20:50:00+00:00,16764.02,16780.015000000003,16764.02,16779.0
2024-01-08 20:55:00+00:00,16778.010000000002,16785.0,16773.940000000002,16778.99
2024-01-08 21:00:00+00:00,16778.93,16782.510000000002,16776.325,16778.0
2024-01-08 21:05:00+00:00,16778.835,16778.9,16775.395,16776.195
2024-01-08 21:10:00+00:00,16775.415,16777.989999999998,16774.18,16774.18
2024-01-08 23:00:00+00:00,16771.484999999997,16771.484999999997,16763.685,16765.89
2024-01-08 23:05:00+00:00,16766.79,16766.859999999997,16763.305,16763.305
2024-01-08 23:10:00+00:00,16764.21,16766.795000000002,16763.284999999996,16765.91
2024-01-08 23:15:00+00:00,16765.0,16767.715000000004,16764.195,16764.195
2024-01-08 23:20:00+00:00,16763.704999999998,16764.27,16759.375,16760.29
2024-01-08 23:25:00+00:00,16761.195,16762.0,16761.140000000003,16761.2
2024-01-08 23:30:00+00:00,16761.935,16761.935,16758.484999999997,16759.395
2024-01-08 23:35:00+00:00,16758.52,16761.215000000004,16758.52,16760.32
2024-01-08 23:40:00+00:00,16761.204999999998,16761.21,16759.41,16760.245000000003
2024-01-08 23:45:00+00:00,16761.25,16763.81,16761.204999999998,16762.885
2024-01-08 23:50:00+00:00,16762.5,16762.97,16762.0,16762.004999999997
2024-01-08 23:55:00+00:00,16762.89,16762.975,16761.985,16762.915
2024-01-09 00:00:00+00:00,16761.984999999997,16763.82,16761.15,16761.985
2024-01-09 00:05:00+00:00,16762.825,16767.315000000002,16762.825,16767.315000000002
2024-01-09 00:10:00+00:00,16766.510000000002,16768.504999999997,16764.695,16767.675
2024-01-09 00:15:00+00:00,16775.995000000003,16776.510000000002,16763.98,16766.055
2024-01-09 00:20:00+00:00,16765.95,16768.49,16764.484999999997,16764.484999999997
2024-01-09 00:25:00+00:00,16765.059999999998,16765.5,16760.015000000003,16761.989999999998
2024-01-09 00:30:00+00:00,16761.495000000003,16766.985,16761.489999999998,16766.985
2024-01-09 00:35:00+00:00,16765.555,16765.555,16761.475,16761.510000000002
2024-01-09 00:40:00+00:00,16761.995000000003,16764.98,16761.48,16764.98
2024-01-09 00:45:00+00:00,16765.475,16765.515000000003,16764.940000000002,16764.989999999998
2024-01-09 00:50:00+00:00,16764.5,16764.5,16759.504999999997,16759.504999999997
2024-01-09 00:55:00+00:00,16757.475,16763.515,16756.95,16761.004999999997
2024-01-09 01:00:00+00:00,16759.95,16761.489999999998,16757.95,16758.02
2024-01-09 01:05:00+00:00,16758.43,16765.995000000003,16758.43,16762.5
2024-01-09 01:10:00+00:00,16761.995000000003,16764.015000000003,16760.425,16761.5
2024-01-09 01:15:00+00:00,16762.025,16763.010000000002,16755.925,16758.0
2024-01-09 01:20:00+00:00,16759.05,16763.015,16758.98,16762.495000000003
2024-01-09 01:25:00+00:00,16763.0,16763.515,16758.015,16758.515000000003
2024-01-09 01:30:00+00:00,16759.065,16761.065,16756.43,16758.565
2024-01-09 01:35:00+00:00,16757.935,16758.004999999997,16750.989999999998,16753.484999999997
2024-01-09 01:40:00+00:00,16752.995000000003,16754.015000000003,16749.995000000003,16751.475
2024-01-09 01:45:00+00:00,16750.995000000003,16759.02,16750.489999999998,16756.984999999997
2024-01-09 01:50:00+00:00,16757.485,16759.01,16755.984999999997,16756.43
2024-01-09 01:55:00+00:00,16757.02,16757.02,16755.984999999997,16756.98
2024-01-09 02:00:00+00:00,16757.525,16757.57,16754.0,16754.435
2024-01-09 02:05:00+00:00,16754.989999999998,16761.075,16754.989999999998,16760.510000000002
2024-01-09 02:10:00+00:00,16760.004999999997,16762.0,16756.515000000003,16760.925
2024-01-09 02:15:00+00:00,16761.485,16762.059999999998,16758.935,16759.984999999997
2024-01-09 02:20:00+00:00,16760.504999999997,16761.015000000003,16757.995000000003,16759.95
2024-01-09 02:25:00+00:00,16759.5,16759.985,16756.99,16757.004999999997
2024-01-09 02:30:00+00:00,16757.489999999998,16758.45,16755.559999999998,16757.45
2024-01-09 02:35:00+00:00,16756.975,16758.0,16756.010000000002,16758.0
2024-01-09 02:40:00+00:00,16757.515,16757.515,16754.0,16754.985
2024-01-09 02:45:00+00:00,16755.515,16757.575,16755.07,16757.0
2024-01-09 02:50:00+00:00,16757.48,16757.559999999998,16756.504999999997,16757.43
2024-01-09 02:55:00+00:00,16758.0,16759.004999999997,16756.485,16757.495000000003
2024-01-09 03:00:00+00:00,16756.995000000003,16761.989999999998,16756.995000000003,16760.525
2024-01-09 03:05:00+00:00,16760.984999999997,16763.059999999998,16760.075,16760.98
2024-01-09 03:10:00+00:00,16760.5,16761.515000000003,16754.995000000003,16754.995000000003
2024-01-09 03:15:00+00:00,16755.475,16761.510000000002,16755.475,16761.065
2024-01-09 03:20:00+00:00,16761.5,16764.015000000003,16760.989999999998,16762.5
2024-01-09 03:25:00+00:00,16761.99,16762.575,16758.0,16759.995000000003
2024-01-09 03:30:00+00:00,16759.015,16761.01,16757.940000000002,16759.995000000003
2024-01-09 03:35:00+00:00,16758.989999999998,16761.0,16757.0,16757.0
2024-01-09 03:40:00+00:00,16755.52,16757.055,16750.989999999998,16751.525
2024-01-09 03:45:00+00:00,16752.02,16753.059999999998,16749.925,16751.0
2024-01-09 03:50:00+00:00,16750.495000000003,16756.5,16749.940000000002,16756.5
2024-01-09 03:55:00+00:00,16756.756,16757.01,16755.985,16756.565
2024-01-09 04:00:00+00:00,16755.504999999997,16755.504999999997,16750.55,16752.985
2024-01-09 04:05:00+00:00,16753.435,16755.51,16747.0,16749.989999999998
2024-01-09 04:10:00+00:00,16750.504999999997,16750.975,16747.49,16747.989999999998
2024-01-09 04:15:00+00:00,16747.495000000003,16747.495000000003,16743.0,16743.0
2024-01-09 04:20:00+00:00,16744.02,16744.995000000003,16740.484999999997,16742.484999999997
2024-01-09 04:25:00+00:00,16743.010000000002,16745.55,16742.445,16745.510000000002
2024-01-09 04:30:00+00:00,16746.425,16751.52,16745.95,16750.485
2024-01-09 04:35:00+00:00,16750.95,16751.485,16749.004999999997,16749.99
2024-01-09 04:40:00+00:00,16750.5,16753.015000000003,16749.504999999997,16753.015000000003
2024-01-09 04:45:00+00:00,16752.43,16754.02,16751.0,16754.015
2024-01-09 04:50:00+00:00,16753.484999999997,16754.025,16752.435,16752.495000000003
2024-01-09 04:55:00+00:00,16752.010000000002,16752.504999999997,16749.010000000002,16750.0
2024-01-09 05:00:00+00:00,16749.440000000002,16753.065,16748.989999999998,16753.015000000003
2024-01-09 05:05:00+00:00,16752.575,16753.525,16751.004999999997,16751.995000000003
2024-01-09 05:10:00+00:00,16751.525,16754.015000000003,16750.435,16752.004999999997
2024-01-09 05:15:00+00:00,16752.489999999998,16752.489999999998,16748.015000000003,16749.059999999998
2024-01-09 05:20:00+00:00,16748.489999999998,16751.07,16748.489999999998,16750.02
2024-01-09 05:25:00+00:00,16749.440000000002,16751.02,16747.984999999997,16749.995000000003
2024-01-09 05:30:00+00:00,16750.555,16752.015000000003,16748.975,16751.485
2024-01-09 05:35:00+00:00,16751.07,16752.5,16749.989999999998,16750.989999999998
2024-01-09 05:40:00+00:00,16750.010000000002,16752.5,16748.985,16751.989999999998
2024-01-09 05:45:00+00:00,16752.43,16754.985,16750.984999999997,16751.99
2024-01-09 05:50:00+00:00,16752.559999999998,16754.02,16749.945,16752.989999999998
2024-01-09 05:55:00+00:00,16752.495000000003,16753.059999999998,16747.935,16749.984999999997
2024-01-09 06:00:00+00:00,16750.575,16752.440000000002,16746.02,16746.02
2024-01-09 06:05:00+00:00,16746.425,16752.0,16745.975,16752.0
2024-01-09 06:10:00+00:00,16751.025,16751.510000000002,16747.495000000003,16748.93
2024-01-09 06:15:00+00:00,16749.52,16755.0,16749.004999999997,16753.995000000003
2024-01-09 06:20:00+00:00,16754.504999999997,16754.504999999997,16752.5,16753.504999999997
2024-01-09 06:25:00+00:00,16754.055,16754.055,16752.504999999997,16754.0
2024-01-09 06:30:00+00:00,16753.504999999997,16754.5,16751.004999999997,16754.5
2024-01-09 06:35:00+00:00,16755.515,16758.02,16752.5,16756.95
2024-01-09 06:40:00+00:00,16756.440000000002,16767.55,16756.440000000002,16767.55
2024-01-09 06:45:00+00:00,16767.02,16771.989999999998,16767.02,16771.989999999998
2024-01-09 06:50:00+00:00,16771.510000000002,16773.48,16764.45,16765.0
2024-01-09 06:55:00+00:00,16764.575,16767.504999999997,16764.440000000002,16764.515000000003
2024-01-09 07:00:00+00:00,16764.98,16764.98,16743.0,16755.51
2024-01-09 07:05:00+00:00,16755.0,16755.945,16748.0,16749.935
2024-01-09 07:10:00+00:00,16749.004999999997,16750.52,16742.504999999997,16743.015000000003
2024-01-09 07:15:00+00:00,16744.57,16745.510000000002,16740.0,16745.510000000002
2024-01-09 07:20:00+00:00,16744.495000000003,16744.510000000002,16741.51,16744.004999999997
2024-01-09 07:25:00+00:00,16743.485,16746.559999999998,16737.984999999997,16738.98
2024-01-09 07:30:00+00:00,16737.93,16743.510000000002,16737.010000000002,16743.01
2024-01-09 07:35:00+00:00,16742.5,16748.575,16742.5,16748.575
2024-01-09 07:40:00+00:00,16747.995000000003,16755.52,16747.435,16755.5
2024-01-09 07:45:00+00:00,16756.504999999997,16756.555,16751.504999999997,16755.425
2024-01-09 07:50:00+00:00,16754.989999999998,16756.015000000003,16748.484999999997,16748.495000000003
2024-01-09 07:55:00+00:00,16747.940000000002,16748.504999999997,16742.445,16742.445
2024-01-09 08:00:00+00:00,16743.504999999997,16745.510000000002,16709.059999999998,16709.059999999998
2024-01-09 08:05:00+00:00,16709.5,16718.989999999998,16699.475,16712.07
2024-01-09 08:10:00+00:00,16713.0,16721.555,16704.525,16712.484999999997
2024-01-09 08:15:00+00:00,16713.0,16719.510000000002,16703.02,16711.51
2024-01-09 08:20:00+00:00,16712.5,16718.575,16707.48,16713.48
2024-01-09 08:25:00+00:00,16713.004999999997,16720.51,16695.975,16696.489999999998
2024-01-09 08:30:00+00:00,16697.055,16703.52,16687.48,16689.484999999997
2024-01-09 08:35:00+00:00,16688.495000000003,16695.575,16664.575,16665.559999999998
2024-01-09 08:40:00+00:00,16664.555,16673.515000000003,16654.57,16670.989999999998
2024-01-09 08:45:00+00:00,16670.43,16674.48,16656.49,16664.504999999997
2024-01-09 08:50:00+00:00,16663.601000000002,16674.52,16659.010000000002,16670.555
2024-01-09 08:55:00+00:00,16671.98,16691.52,16668.510000000002,16690.995000000003
2024-01-09 09:00:00+00:00,16690.251,16695.99,16680.489999999998,16691.485
2024-01-09 09:05:00+00:00,16690.45,16691.065,16670.435,16670.475
2024-01-09 09:10:00+00:00,16671.57,16673.015000000003,16638.489999999998,16641.510000000002
2024-01-09 09:15:00+00:00,16640.995000000003,16653.02,16635.425,16650.995000000003
2024-01-09 09:20:00+00:00,16652.02,16658.5,16640.5,16654.510000000002
2024-01-09 09:25:00+00:00,16654.01,16664.52,16650.489999999998,16664.065
2024-01-09 09:30:00+00:00,16664.440000000002,16686.51,16663.495000000003,16682.015000000003
2024-01-09 09:35:00+00:00,16682.510000000002,16683.484999999997,16672.5,16678.0
2024-01-09 09:40:00+00:00,16677.495000000003,16690.55,16675.07,16689.510000000002
2024-01-09 09:45:00+00:00,16689.0,16692.025,16678.445,16690.425
2024-01-09 09:50:00+00:00,16691.495000000003,16704.510000000002,16690.475,16698.489999999998
2024-01-09 09:55:00+00:00,16699.0,16706.525,16694.48,16694.935
2024-01-09 10:00:00+00:00,16695.489999999998,16695.489999999998,16673.495000000003,16687.075
2024-01-09 10:05:00+00:00,16686.07,16687.065,16667.495000000003,16673.004999999997
2024-01-09 10:10:00+00:00,16672.489999999998,16689.49,16667.995000000003,16683.5
2024-01-09 10:15:00+00:00,16684.5,16694.0,16678.5,16688.015000000003
2024-01-09 10:20:00+00:00,16688.51,16693.01,16681.975,16691.02
2024-01-09 10:25:00+00:00,16691.565,16701.495000000003,16686.925,16689.065
2024-01-09 10:30:00+00:00,16688.731,16695.07,16686.510000000002,16692.055
2024-01-09 10:35:00+00:00,16691.601000000002,16695.48,16683.445,16689.559999999998
2024-01-09 10:40:00+00:00,16689.065,16692.99,16679.48,16683.059999999998
2024-01-09 10:45:00+00:00,16683.495000000003,16691.0,16676.489999999998,16688.495000000003
2024-01-09 10:50:00+00:00,16688.025,16693.515000000003,16681.495000000003,16684.925
2024-01-09 10:55:00+00:00,16685.504999999997,16688.065,16678.5,16680.055
2024-01-09 11:00:00+00:00,16680.925,16687.5,16676.065,16676.985
2024-01-09 11:05:00+00:00,16677.495000000003,16683.510000000002,16667.510000000002,16667.985
2024-01-09 11:10:00+00:00,16667.515,16675.5,16664.004999999997,16668.5
2024-01-09 11:15:00+00:00,16668.940000000002,16673.995000000003,16660.004999999997,16660.48
2024-01-09 11:20:00+00:00,16661.025,16667.57,16655.484999999997,16667.010000000002
2024-01-09 11:25:00+00:00,16665.989999999998,16665.989999999998,16654.5,16661.0
2024-01-09 11:30:00+00:00,16660.504999999997,16670.575,16654.484999999997,16669.5
2024-01-09 11:35:00+00:00,16668.98,16669.510000000002,16652.48,16653.495000000003
2024-01-09 11:40:00+00:00,16653.059999999998,16654.015000000003,16645.51,16646.995000000003
2024-01-09 11:45:00+00:00,16646.57,16653.52,16643.484999999997,16648.495000000003
2024-01-09 11:50:00+00:00,16647.475,16648.975,16622.995000000003,16626.984999999997
2024-01-09 11:55:00+00:00,16627.48,16634.5,16622.015,16632.5
2024-01-09 12:00:00+00:00,16633.575,16633.575,16622.425,16631.495000000003
2024-01-09 12:05:00+00:00,16630.485,16648.02,16630.0,16643.010000000002
2024-01-09 12:10:00+00:00,16643.515,16656.995000000003,16639.515000000003,16655.02
2024-01-09 12:15:00+00:00,16654.701,16669.559999999998,16652.48,16662.55
2024-01-09 12:20:00+00:00,16661.99,16662.95,16653.49,16655.5
2024-01-09 12:25:00+00:00,16656.504999999997,16661.525,16651.5,16655.515
2024-01-09 12:30:00+00:00,16653.485,16667.57,16650.5,16664.925
2024-01-09 12:35:00+00:00,16665.485,16673.510000000002,16661.995000000003,16668.495000000003
2024-01-09 12:40:00+00:00,16669.004999999997,16670.43,16662.525,16667.515
2024-01-09 12:45:00+00:00,16668.5,16673.05,16663.43,16664.495000000003
2024-01-09 12:50:00+00:00,16664.995000000003,16665.575,16656.925,16665.0
2024-01-09 12:55:00+00:00,16664.48,16672.02,16659.525,16661.004999999997
2024-01-09 13:00:00+00:00,16660.52,16663.5,16640.495000000003,16643.475
2024-01-09 13:05:00+00:00,16644.489999999998,16650.48,16639.504999999997,16649.515
2024-01-09 13:10:00+00:00,16648.5,16653.010000000002,16638.45,16653.004999999997
2024-01-09 13:15:00+00:00,16652.015,16654.5,16635.45,16641.02
2024-01-09 13:20:00+00:00,16641.51,16642.495000000003,16617.55,16622.559999999998
2024-01-09 13:25:00+00:00,16622.984999999997,16628.5,16621.93,16624.075
2024-01-09 13:30:00+00:00,16623.741,16627.495000000003,16612.425,16624.43
2024-01-09 13:35:00+00:00,16625.065,16634.57,16619.489999999998,16633.5
2024-01-09 13:40:00+00:00,16632.985,16636.52,16616.504999999997,16621.004999999997
2024-01-09 13:45:00+00:00,16620.510000000002,16621.565,16609.99,16619.995000000003
2024-01-09 13:50:00+00:00,16619.751,16620.059999999998,16610.525,16618.015000000003
2024-01-09 13:55:00+00:00,16616.5,16637.004999999997,16615.48,16636.025
2024-01-09 14:00:00+00:00,16635.601000000002,16649.510000000002,16634.504999999997,16639.025
2024-01-09 14:05:00+00:00,16638.5,16642.55,16627.004999999997,16635.45
2024-01-09 14:10:00+00:00,16635.251,16640.559999999998,16630.445,16640.559999999998
2024-01-09 14:15:00+00:00,16640.05,16640.05,16623.5,16630.484999999997
2024-01-09 14:20:00+00:00,16630.935,16632.495000000003,16622.445,16628.5
2024-01-09 14:25:00+00:00,16628.935,16639.425,16628.015000000003,16639.425
2024-01-09 14:30:00+00:00,16640.0,16653.575,16637.510000000002,16648.48
2024-01-09 14:35:00+00:00,16649.004999999997,16653.57,16629.5,16634.93
2024-01-09 14:40:00+00:00,16635.5,16642.504999999997,16624.484999999997,16636.484999999997
2024-01-09 14:45:00+00:00,16636.059999999998,16640.504999999997,16624.484999999997,16635.0
2024-01-09 14:50:00+00:00,16635.565,16647.0,16631.004999999997,16641.025
2024-01-09 14:55:00+00:00,16640.440000000002,16649.510000000002,16639.515000000003,16649.0
2024-01-09 15:00:00+00:00,16648.741,16657.504999999997,16639.95,16640.48
2024-01-09 15:05:00+00:00,16641.484999999997,16653.52,16627.510000000002,16653.52
2024-01-09 15:10:00+00:00,16652.99,16669.425,16652.99,16668.95
2024-01-09 15:15:00+00:00,16668.48,16690.504999999997,16666.495000000003,16685.485
2024-01-09 15:20:00+00:00,16686.004999999997,16690.940000000002,16678.495000000003,16686.510000000002
2024-01-09 15:25:00+00:00,16685.52,16692.010000000002,16679.489999999998,16682.504999999997
2024-01-09 15:30:00+00:00,16683.015000000003,16689.010000000002,16668.515000000003,16684.05
2024-01-09 15:35:00+00:00,16683.995000000003,16683.995000000003,16673.425,16680.489999999998
2024-01-09 15:40:00+00:00,16680.249,16686.575,16674.425,16680.495000000003
2024-01-09 15:45:00+00:00,16681.445,16695.45,16679.49,16686.0
2024-01-09 15:50:00+00:00,16685.731,16689.02,16677.0,16681.010000000002
2024-01-09 15:55:00+00:00,16682.5,16690.489999999998,16674.495000000003,16675.0
2024-01-09 16:00:00+00:00,16674.731,16686.510000000002,16674.504999999997,16684.565
2024-01-09 16:05:00+00:00,16683.5,16689.495000000003,16676.49,16677.51
2024-01-09 16:10:00+00:00,16678.445,16678.445,16668.995000000003,16675.989999999998
2024-01-09 16:15:00+00:00,16676.495000000003,16686.559999999998,16672.51,16683.935
2024-01-09 16:20:00+00:00,16684.5,16691.57,16681.43,16688.489999999998
2024-01-09 16:25:00+00:00,16687.95,16693.495000000003,16686.55,16688.489999999998
2024-01-09 16:30:00+00:00,16688.48,16689.565,16675.55,16685.445
2024-01-09 16:35:00+00:00,16685.004999999997,16688.510000000002,16681.5,16682.02
2024-01-09 16:40:00+00:00,16681.749,16684.02,16673.440000000002,16684.02
2024-01-09 16:45:00+00:00,16684.484999999997,16686.489999999998,16679.49,16680.510000000002
2024-01-09 16:50:00+00:00,16680.95,16686.504999999997,16680.95,16682.48
2024-01-09 16:55:00+00:00,16683.004999999997,16692.52,16682.48,16691.559999999998
2024-01-09 17:00:00+00:00,16692.510000000002,16693.5,16684.45,16687.43
2024-01-09 17:05:00+00:00,16686.435,16693.515000000003,16686.435,16693.515000000003
2024-01-09 17:10:00+00:00,16692.565,16693.5,16688.475,16689.004999999997
2024-01-09 17:15:00+00:00,16689.484999999997,16690.515000000003,16684.515000000003,16685.5
2024-01-09 17:20:00+00:00,16685.010000000002,16687.525,16682.45,16686.559999999998
2024-01-09 17:25:00+00:00,16687.004999999997,16688.565,16685.440000000002,16687.504999999997
2024-01-09 17:30:00+00:00,16688.425,16689.504999999997,16684.5,16685.0
2024-01-09 17:35:00+00:00,16685.435,16686.57,16683.445,16683.510000000002
2024-01-09 17:40:00+00:00,16684.059999999998,16687.515,16683.52,16686.495000000003
2024-01-09 17:45:00+00:00,16687.015000000003,16687.015000000003,16680.489999999998,16680.504999999997
2024-01-09 17:50:00+00:00,16681.510000000002,16688.504999999997,16679.435,16687.5
2024-01-09 17:55:00+00:00,16686.489999999998,16686.489999999998,16681.995000000003,16684.5
2024-01-09 18:00:00+00:00,16684.940000000002,16698.5,16684.495000000003,16698.010000000002
2024-01-09 18:05:00+00:00,16698.504999999997,16699.57,16679.935,16681.5
2024-01-09 18:10:00+00:00,16680.984999999997,16687.575,16680.984999999997,16686.975
2024-01-09 18:15:00+00:00,16686.484999999997,16689.0,16684.495000000003,16686.015
2024-01-09 18:20:00+00:00,16685.57,16688.025,16676.989999999998,16677.989999999998
2024-01-09 18:25:00+00:00,16677.485,16678.495000000003,16672.445,16673.5
2024-01-09 18:30:00+00:00,16672.984999999997,16673.48,16658.0,16661.489999999998
2024-01-09 18:35:00+00:00,16661.0,16669.004999999997,16660.004999999997,16667.489999999998
2024-01-09 18:40:00+00:00,16667.984999999997,16669.57,16666.425,16669.515
2024-01-09 18:45:00+00:00,16669.015000000003,16684.52,16668.075,16682.015
2024-01-09 18:50:00+00:00,16681.435,16696.51,16681.435,16694.504999999997
2024-01-09 18:55:00+00:00,16695.0,16695.05,16688.475,16691.5
2024-01-09 19:00:00+00:00,16692.01,16692.565,16688.95,16691.440000000002
2024-01-09 19:05:00+00:00,16692.504999999997,16693.57,16690.425,16692.525
2024-01-09 19:10:00+00:00,16691.45,16692.515000000003,16680.495000000003,16681.45
2024-01-09 19:15:00+00:00,16682.07,16683.43,16675.484999999997,16681.489999999998
2024-01-09 19:20:00+00:00,16680.995000000003,16687.004999999997,16679.004999999997,16679.945
2024-01-09 19:25:00+00:00,16680.5,16683.065,16673.01,16674.51
2024-01-09 19:30:00+00:00,16675.004999999997,16682.515,16674.484999999997,16681.51
2024-01-09 19:35:00+00:00,16680.5,16681.5,16675.945,16676.95
2024-01-09 19:40:00+00:00,16677.48,16679.52,16671.5,16674.49
2024-01-09 19:45:00+00:00,16674.02,16682.015000000003,16672.989999999998,16680.984999999997
2024-01-09 19:50:00+00:00,16680.55,16682.504999999997,16673.440000000002,16679.975
2024-01-09 19:55:00+00:00,16679.48,16681.55,16675.484999999997,16680.025
2024-01-09 20:00:00+00:00,16680.504999999997,16688.504999999997,16678.95,16687.510000000002
2024-01-09 20:05:00+00:00,16688.075,16688.57,16671.45,16676.515
2024-01-09 20:10:00+00:00,16677.010000000002,16682.52,16676.504999999997,16680.49
2024-01-09 20:15:00+00:00,16679.975,16682.984999999997,16678.485,16681.5
2024-01-09 20:20:00+00:00,16681.004999999997,16689.984999999997,16679.565,16681.575
2024-01-09 20:25:00+00:00,16681.98,16684.0,16679.01,16681.010000000002
2024-01-09 20:30:00+00:00,16681.940000000002,16683.51,16675.475,16677.07
2024-01-09 20:35:00+00:00,16676.484999999997,16678.57,16673.45,16678.0
2024-01-09 20:40:00+00:00,16678.504999999997,16678.52,16672.435,16675.52
2024-01-09 20:45:00+00:00,16676.065,16676.559999999998,16670.43,16671.0
2024-01-09 20:50:00+00:00,16671.57,16681.565,16667.515,16680.52
2024-01-09 20:55:00+00:00,16681.0,16683.07,16677.984999999997,16681.025
2024-01-09 21:00:00+00:00,16681.010000000002,16687.15,16679.19,16682.53
2024-01-09 21:05:00+00:00,16681.805,16681.805,16678.19,16680.105
2024-01-09 21:10:00+00:00,16679.275,16680.920000000002,16674.635000000002,16677.395
2024-01-09 23:00:00+00:00,16671.635000000002,16673.575,16668.129999999997,16671.004999999997
2024-01-09 23:05:00+00:00,16670.11,16670.52,16667.515,16668.72
2024-01-09 23:10:00+00:00,16667.82,16676.2,16664.725,16676.2
2024-01-09 23:15:00+00:00,16675.3,16675.315000000002,16671.309999999998,16671.309999999998
2024-01-09 23:20:00+00:00,16672.22,16672.22,16669.48,16671.225
2024-01-09 23:25:00+00:00,16670.190000000002,16671.109999999997,16670.190000000002,16671.095
2024-01-09 23:30:00+00:00,16671.98,16672.075,16671.05,16672.0
2024-01-09 23:35:00+00:00,16671.11,16671.11,16669.129999999997,16670.115
2024-01-09 23:40:00+00:00,16671.115,16672.915,16671.115,16672.885000000002
2024-01-09 23:45:00+00:00,16673.71,16675.5,16673.695,16675.5
2024-01-09 23:50:00+00:00,16675.9,16677.215,16675.5,16677.15
2024-01-09 23:55:00+00:00,16676.325,16681.659999999996,16676.325,16680.765
2024-01-10 00:00:00+00:00,16679.905,16685.085,16679.905,16684.32
2024-01-10 00:05:00+00:00,16685.125,16688.670000000002,16685.090000000004,16686.920000000002
2024-01-10 00:10:00+00:00,16687.8,16689.55,16687.74,16688.6
2024-01-10 00:15:00+00:00,16687.004999999997,16690.015,16676.93,16678.065
2024-01-10 00:20:00+00:00,16677.93,16684.575,16676.495000000003,16683.5
2024-01-10 00:25:00+00:00,16684.065,16689.025,16684.065,16687.504999999997
2024-01-10 00:30:00+00:00,16688.425,16691.010000000002,16687.995000000003,16690.555
2024-01-10 00:35:00+00:00,16691.02,16691.975,16690.440000000002,16691.0
2024-01-10 00:40:00+00:00,16691.52,16693.510000000002,16689.5,16689.5
2024-01-10 00:45:00+00:00,16689.5,16694.989999999998,16688.995000000003,16689.995000000003
2024-01-10 00:50:00+00:00,16690.495000000003,16693.0,16687.935,16688.0
2024-01-10 00:55:00+00:00,16687.55,16689.075,16687.55,16688.075
2024-01-10 01:00:00+00:00,16688.256,16689.065,16680.495000000003,16681.45
2024-01-10 01:05:00+00:00,16681.821,16684.004999999997,16679.45,16681.504999999997
2024-01-10 01:10:00+00:00,16681.995000000003,16683.004999999997,16675.93,16676.010000000002
2024-01-10 01:15:00+00:00,16676.43,16679.940000000002,16675.93,16677.504999999997
2024-01-10 01:20:00+00:00,16676.975,16677.485,16668.45,16669.5
2024-01-10 01:25:00+00:00,16668.975,16671.559999999998,16667.925,16671.504999999997
2024-01-10 01:30:00+00:00,16670.995000000003,16677.515000000003,16666.995000000003,16668.5
2024-01-10 01:35:00+00:00,16667.98,16674.010000000002,16667.004999999997,16673.510000000002
2024-01-10 01:40:00+00:00,16673.05,16676.995000000003,16666.484999999997,16670.435
2024-01-10 01:45:00+00:00,16669.994,16672.510000000002,16666.0,16667.004999999997
2024-01-10 01:50:00+00:00,16666.504999999997,16669.489999999998,16663.485,16669.489999999998
2024-01-10 01:55:00+00:00,16669.01,16670.484999999997,16667.0,16668.425
2024-01-10 02:00:00+00:00,16667.995000000003,16670.515,16663.95,16663.989999999998
2024-01-10 02:05:00+00:00,16664.525,16672.510000000002,16664.515000000003,16671.525
2024-01-10 02:10:00+00:00,16670.98,16671.52,16666.989999999998,16668.495000000003
2024-01-10 02:15:00+00:00,16669.059999999998,16672.995000000003,16667.489999999998,16672.440000000002
2024-01-10 02:20:00+00:00,16671.99,16673.065,16665.945,16665.945
2024-01-10 02:25:00+00:00,16666.510000000002,16668.004999999997,16663.015,16663.995000000003
2024-01-10 02:30:00+00:00,16664.475,16665.0,16658.510000000002,16664.004999999997
2024-01-10 02:35:00+00:00,16663.489999999998,16666.525,16663.489999999998,16665.984999999997
2024-01-10 02:40:00+00:00,16666.57,16667.504999999997,16661.515,16666.489999999998
2024-01-10 02:45:00+00:00,16666.07,16668.52,16665.93,16666.0
2024-01-10 02:50:00+00:00,16666.555,16667.975,16658.5,16662.504999999997
2024-01-10 02:55:00+00:00,16661.935,16664.055,16660.45,16664.015
2024-01-10 03:00:00+00:00,16663.440000000002,16667.565,16662.435,16666.495000000003
2024-01-10 03:05:00+00:00,16666.015000000003,16666.015000000003,16660.425,16661.52
2024-01-10 03:10:00+00:00,16661.984999999997,16662.995000000003,16644.940000000002,16646.004999999997
2024-01-10 03:15:00+00:00,16645.45,16646.515000000003,16641.925,16643.575
2024-01-10 03:20:00+00:00,16643.0,16643.015000000003,16630.525,16635.510000000002
2024-01-10 03:25:00+00:00,16634.989999999998,16635.515,16625.489999999998,16625.489999999998
2024-01-10 03:30:00+00:00,16624.995000000003,16626.575,16621.945,16623.489999999998
2024-01-10 03:35:00+00:00,16623.0,16635.5,16623.0,16633.95
2024-01-10 03:40:00+00:00,16633.504999999997,16635.5,16630.940000000002,16634.5
2024-01-10 03:45:00+00:00,16635.015000000003,16643.059999999998,16634.059999999998,16641.525
2024-01-10 03:50:00+00:00,16642.0,16650.055,16641.0,16650.055
2024-01-10 03:55:00+00:00,16649.510000000002,16657.510000000002,16649.010000000002,16655.440000000002
2024-01-10 04:00:00+00:00,16655.756,16665.004999999997,16654.985,16664.004999999997
2024-01-10 04:05:00+00:00,16663.504999999997,16679.935,16661.440000000002,16664.504999999997
2024-01-10 04:10:00+00:00,16662.945,16663.515000000003,16658.010000000002,16663.515000000003
2024-01-10 04:15:00+00:00,16664.075,16666.504999999997,16653.945,16654.010000000002
2024-01-10 04:20:00+00:00,16655.98,16655.98,16649.52,16649.52
2024-01-10 04:25:00+00:00,16650.004999999997,16650.485,16634.489999999998,16635.984999999997
2024-01-10 04:30:00+00:00,16636.271,16643.5,16633.02,16641.52
2024-01-10 04:35:00+00:00,16642.5,16659.57,16642.45,16659.57
2024-01-10 04:40:00+00:00,16660.004999999997,16663.55,16649.525,16651.95
2024-01-10 04:45:00+00:00,16652.57,16653.059999999998,16647.425,16648.0
2024-01-10 04:50:00+00:00,16648.484999999997,16650.565,16641.435,16641.435
2024-01-10 04:55:00+00:00,16641.995000000003,16642.5,16641.43,16641.5
2024-01-10 05:00:00+00:00,16643.004999999997,16643.484999999997,16641.425,16642.995000000003
2024-01-10 05:05:00+00:00,16643.515000000003,16644.425,16639.504999999997,16641.015
2024-01-10 05:10:00+00:00,16641.504999999997,16644.015,16640.98,16642.995000000003
2024-01-10 05:15:00+00:00,16643.489999999998,16646.48,16639.015000000003,16639.015000000003
2024-01-10 05:20:00+00:00,16640.02,16644.0,16639.0,16642.95
2024-01-10 05:25:00+00:00,16642.495000000003,16642.555,16640.5,16640.95
2024-01-10 05:30:00+00:00,16641.5,16644.555,16639.995000000003,16641.010000000002
2024-01-10 05:35:00+00:00,16641.485,16642.565,16639.440000000002,16640.065
2024-01-10 05:40:00+00:00,16640.504999999997,16644.935,16640.02,16643.98
2024-01-10 05:45:00+00:00,16644.5,16651.0,16643.495000000003,16648.49
2024-01-10 05:50:00+00:00,16649.0,16650.05,16646.989999999998,16649.015000000003
2024-01-10 05:55:00+00:00,16649.484999999997,16650.495000000003,16644.510000000002,16646.5
2024-01-10 06:00:00+00:00,16646.0,16649.5,16643.01,16649.5
2024-01-10 06:05:00+00:00,16649.975,16657.489999999998,16649.489999999998,16656.489999999998
2024-01-10 06:10:00+00:00,16657.004999999997,16660.010000000002,16650.440000000002,16650.984999999997
2024-01-10 06:15:00+00:00,16651.565,16653.510000000002,16650.985,16653.510000000002
2024-01-10 06:20:00+00:00,16654.0,16656.5,16651.99,16655.45
2024-01-10 06:25:00+00:00,16655.975,16656.525,16643.504999999997,16648.504999999997
2024-01-10 06:30:00+00:00,16649.525,16649.525,16643.5,16643.510000000002
2024-01-10 06:35:00+00:00,16644.010000000002,16644.010000000002,16642.0,16642.51
2024-01-10 06:40:00+00:00,16643.0,16645.495000000003,16642.004999999997,16644.984999999997
2024-01-10 06:45:00+00:00,16645.484999999997,16646.57,16642.0,16642.0
2024-01-10 06:50:00+00:00,16641.45,16641.45,16628.93,16630.0
2024-01-10 06:55:00+00:00,16630.510000000002,16638.525,16628.985,16638.525
2024-01-10 07:00:00+00:00,16639.021,16652.05,16633.495000000003,16646.52
2024-01-10 07:05:00+00:00,16645.504999999997,16647.940000000002,16637.95,16644.48
2024-01-10 07:10:00+00:00,16643.803999999996,16646.075,16635.485,16646.075
2024-01-10 07:15:00+00:00,16646.495000000003,16652.0,16645.52,16651.489999999998
2024-01-10 07:20:00+00:00,16652.0,16654.015000000003,16644.5,16652.485
2024-01-10 07:25:00+00:00,16653.5,16655.059999999998,16650.055,16655.059999999998
2024-01-10 07:30:00+00:00,16655.489999999998,16655.489999999998,16649.93,16650.52
2024-01-10 07:35:00+00:00,16650.989999999998,16656.0,16650.489999999998,16655.5
2024-01-10 07:40:00+00:00,16654.93,16673.055,16652.99,16673.055
2024-01-10 07:45:00+00:00,16673.52,16678.02,16666.48,16677.004999999997
2024-01-10 07:50:00+00:00,16675.935,16680.004999999997,16670.925,16675.495000000003
2024-01-10 07:55:00+00:00,16675.984999999997,16696.055,16675.504999999997,16688.515
2024-01-10 08:00:00+00:00,16690.0,16708.565,16687.925,16693.504999999997
2024-01-10 08:05:00+00:00,16694.510000000002,16707.0,16687.489999999998,16688.05
2024-01-10 08:10:00+00:00,16690.935,16692.02,16678.98,16688.5
2024-01-10 08:15:00+00:00,16690.010000000002,16700.055,16681.43,16682.48
2024-01-10 08:20:00+00:00,16682.251,16693.43,16678.98,16690.504999999997
2024-01-10 08:25:00+00:00,16691.5,16705.995000000003,16688.43,16701.02
2024-01-10 08:30:00+00:00,16701.515,16702.0,16672.0,16672.0
2024-01-10 08:35:00+00:00,16671.01,16681.475,16656.495000000003,16678.489999999998
2024-01-10 08:40:00+00:00,16679.52,16683.02,16667.995000000003,16673.495000000003
2024-01-10 08:45:00+00:00,16673.995000000003,16710.015000000003,16673.995000000003,16708.0
2024-01-10 08:50:00+00:00,16708.495000000003,16709.495000000003,16688.495000000003,16696.98
2024-01-10 08:55:00+00:00,16697.48,16701.989999999998,16681.0,16700.004999999997
2024-01-10 09:00:00+00:00,16699.0,16706.02,16692.93,16700.565
2024-01-10 09:05:00+00:00,16701.0,16724.065,16700.5,16724.065
2024-01-10 09:10:00+00:00,16724.935,16737.935,16720.0,16721.995000000003
2024-01-10 09:15:00+00:00,16723.0,16730.565,16721.984999999997,16724.510000000002
2024-01-10 09:20:00+00:00,16725.49,16748.025,16725.48,16748.025
2024-01-10 09:25:00+00:00,16747.51,16757.05,16742.995000000003,16747.059999999998
2024-01-10 09:30:00+00:00,16747.504999999997,16755.98,16744.5,16752.0
2024-01-10 09:35:00+00:00,16752.515,16752.995000000003,16734.48,16737.02
2024-01-10 09:40:00+00:00,16737.5,16744.02,16730.0,16730.004999999997
2024-01-10 09:45:00+00:00,16730.559999999998,16731.515000000003,16715.015,16731.515000000003
2024-01-10 09:50:00+00:00,16731.004999999997,16745.435,16730.45,16743.515
2024-01-10 09:55:00+00:00,16743.07,16746.05,16736.489999999998,16745.5
2024-01-10 10:00:00+00:00,16745.251,16747.010000000002,16736.575,16744.515000000003
2024-01-10 10:05:00+00:00,16745.075,16748.241,16738.99,16741.985
2024-01-10 10:10:00+00:00,16743.0,16747.015,16739.985,16741.485
2024-01-10 10:15:00+00:00,16741.004999999997,16741.004999999997,16720.984999999997,16722.989999999998
2024-01-10 10:20:00+00:00,16722.510000000002,16723.925,16714.925,16716.510000000002
2024-01-10 10:25:00+00:00,16717.515000000003,16724.995000000003,16705.940000000002,16723.975
2024-01-10 10:30:00+00:00,16723.720999999998,16723.93,16709.45,16718.989999999998
2024-01-10 10:35:00+00:00,16719.515,16724.995000000003,16717.010000000002,16722.07
2024-01-10 10:40:00+00:00,16722.484999999997,16723.504999999997,16711.485,16714.995000000003
2024-01-10 10:45:00+00:00,16715.489999999998,16718.555,16699.484999999997,16702.985
2024-01-10 10:50:00+00:00,16703.425,16710.565,16697.935,16703.059999999998
2024-01-10 10:55:00+00:00,16702.02,16704.075,16692.935,16699.48
2024-01-10 11:00:00+00:00,16700.45,16704.025,16688.940000000002,16701.485
2024-01-10 11:05:00+00:00,16702.05,16713.004999999997,16697.435,16709.015000000003
2024-01-10 11:10:00+00:00,16708.495000000003,16708.989999999998,16694.984999999997,16707.995000000003
2024-01-10 11:15:00+00:00,16707.515000000003,16707.575,16690.935,16693.5
2024-01-10 11:20:00+00:00,16694.0,16695.515000000003,16686.07,16686.489999999998
2024-01-10 11:25:00+00:00,16685.995000000003,16687.015,16680.01,16685.05
2024-01-10 11:30:00+00:00,16685.5,16685.555,16671.515000000003,16679.5
2024-01-10 11:35:00+00:00,16679.015000000003,16679.51,16668.989999999998,16676.0
2024-01-10 11:40:00+00:00,16675.5,16680.004999999997,16670.99,16680.0
2024-01-10 11:45:00+00:00,16679.231,16681.004999999997,16669.010000000002,16673.495000000003
2024-01-10 11:50:00+00:00,16672.989999999998,16675.510000000002,16661.5,16664.055
2024-01-10 11:55:00+00:00,16663.731,16671.015000000003,16658.945,16669.52
2024-01-10 12:00:00+00:00,16669.935,16684.0,16667.489999999998,16684.0
2024-01-10 12:05:00+00:00,16683.015,16691.010000000002,16675.984999999997,16677.484999999997
2024-01-10 12:10:00+00:00,16678.0,16689.995000000003,16677.5,16686.004999999997
2024-01-10 12:15:00+00:00,16686.93,16697.504999999997,16684.925,16697.004999999997
2024-01-10 12:20:00+00:00,16697.57,16715.504999999997,16696.010000000002,16715.01
2024-01-10 12:25:00+00:00,16714.57,16715.065,16707.575,16709.495000000003
2024-01-10 12:30:00+00:00,16711.015,16713.995000000003,16692.985,16693.5
2024-01-10 12:35:00+00:00,16694.004999999997,16697.489999999998,16688.5,16688.52
2024-01-10 12:40:00+00:00,16687.995000000003,16688.495000000003,16678.940000000002,16679.43
2024-01-10 12:45:00+00:00,16680.055,16685.95,16673.525,16685.95
2024-01-10 12:50:00+00:00,16685.004999999997,16691.004999999997,16683.975,16687.515000000003
2024-01-10 12:55:00+00:00,16686.93,16687.025,16670.99,16671.995000000003
2024-01-10 13:00:00+00:00,16672.975,16678.004999999997,16663.0,16677.075
2024-01-10 13:05:00+00:00,16676.555,16684.995000000003,16673.02,16681.025
2024-01-10 13:10:00+00:00,16682.055,16699.015000000003,16681.925,16698.05
2024-01-10 13:15:00+00:00,16697.004999999997,16700.07,16692.940000000002,16696.504999999997
2024-01-10 13:20:00+00:00,16697.0,16706.07,16693.989999999998,16701.935
2024-01-10 13:25:00+00:00,16702.984999999997,16714.015000000003,16701.95,16710.52
2024-01-10 13:30:00+00:00,16711.004999999997,16711.004999999997,16689.01,16694.010000000002
2024-01-10 13:35:00+00:00,16693.51,16696.015,16683.059999999998,16690.0
2024-01-10 13:40:00+00:00,16690.425,16691.0,16682.48,16682.5
2024-01-10 13:45:00+00:00,16681.995000000003,16683.935,16674.004999999997,16675.989999999998
2024-01-10 13:50:00+00:00,16677.0,16680.025,16670.989999999998,16678.0
2024-01-10 13:55:00+00:00,16677.495000000003,16677.495000000003,16667.07,16669.0
2024-01-10 14:00:00+00:00,16670.0,16684.989999999998,16663.984999999997,16682.010000000002
2024-01-10 14:05:00+00:00,16681.504999999997,16695.48,16681.0,16688.995000000003
2024-01-10 14:10:00+00:00,16689.484999999997,16691.02,16682.93,16688.989999999998
2024-01-10 14:15:00+00:00,16688.0,16695.0,16684.989999999998,16687.55
2024-01-10 14:20:00+00:00,16687.010000000002,16691.0,16677.025,16680.015000000003
2024-01-10 14:25:00+00:00,16678.925,16688.07,16678.925,16685.475
2024-01-10 14:30:00+00:00,16685.995000000003,16699.004999999997,16682.984999999997,16687.989999999998
2024-01-10 14:35:00+00:00,16689.004999999997,16696.015000000003,16684.559999999998,16690.0
2024-01-10 14:40:00+00:00,16689.495000000003,16692.05,16678.935,16682.5
2024-01-10 14:45:00+00:00,16683.010000000002,16685.98,16672.435,16680.059999999998
2024-01-10 14:50:00+00:00,16680.445,16686.5,16669.925,16674.515000000003
2024-01-10 14:55:00+00:00,16674.989999999998,16680.555,16671.0,16677.02
2024-01-10 15:00:00+00:00,16675.935,16681.065,16658.989999999998,16662.989999999998
2024-01-10 15:05:00+00:00,16663.489999999998,16666.0,16652.984999999997,16664.989999999998
2024-01-10 15:10:00+00:00,16664.495000000003,16676.065,16662.55,16665.49
2024-01-10 15:15:00+00:00,16664.995000000003,16672.489999999998,16661.99,16667.484999999997
2024-01-10 15:20:00+00:00,16666.98,16668.055,16662.0,16663.07
2024-01-10 15:25:00+00:00,16661.985,16673.004999999997,16660.0,16670.0
2024-01-10 15:30:00+00:00,16668.925,16679.015000000003,16665.995000000003,16668.98
2024-01-10 15:35:00+00:00,16669.440000000002,16679.065,16668.025,16678.004999999997
2024-01-10 15:40:00+00:00,16678.52,16687.0,16673.559999999998,16686.989999999998
2024-01-10 15:45:00+00:00,16686.5,16689.075,16676.98,16688.0
2024-01-10 15:50:00+00:00,16686.985,16691.935,16686.985,16689.010000000002
2024-01-10 15:55:00+00:00,16689.510000000002,16697.0,16687.98,16695.004999999997
2024-01-10 16:00:00+00:00,16695.504999999997,16700.010000000002,16692.98,16693.995000000003
2024-01-10 16:05:00+00:00,16693.485,16697.01,16689.475,16696.504999999997
2024-01-10 16:10:00+00:00,16697.075,16697.075,16684.989999999998,16693.95
2024-01-10 16:15:00+00:00,16694.504999999997,16695.0,16682.98,16685.95
2024-01-10 16:20:00+00:00,16685.0,16694.010000000002,16684.495000000003,16692.989999999998
2024-01-10 16:25:00+00:00,16692.004999999997,16697.004999999997,16691.07,16692.0
2024-01-10 16:30:00+00:00,16692.504999999997,16693.025,16688.02,16689.49
2024-01-10 16:35:00+00:00,16688.989999999998,16690.015000000003,16684.995000000003,16685.989999999998
2024-01-10 16:40:00+00:00,16686.48,16694.004999999997,16685.935,16694.004999999997
2024-01-10 16:45:00+00:00,16692.984999999997,16694.05,16689.935,16691.995000000003
2024-01-10 16:50:00+00:00,16691.51,16692.015000000003,16683.004999999997,16690.0
2024-01-10 16:55:00+00:00,16690.49,16694.07,16687.945,16692.025
2024-01-10 17:00:00+00:00,16693.075,16693.075,16686.93,16688.004999999997
2024-01-10 17:05:00+00:00,16688.515,16694.0,16686.525,16692.485
2024-01-10 17:10:00+00:00,16692.010000000002,16696.015,16690.48,16695.010000000002
2024-01-10 17:15:00+00:00,16694.5,16697.004999999997,16691.004999999997,16695.004999999997
2024-01-10 17:20:00+00:00,16695.49,16696.989999999998,16692.484999999997,16695.984999999997
2024-01-10 17:25:00+00:00,16695.555,16698.015000000003,16693.48,16698.015000000003
2024-01-10 17:30:00+00:00,16698.515000000003,16699.0,16695.0,16696.489999999998
2024-01-10 17:35:00+00:00,16696.99,16699.99,16693.925,16699.01
2024-01-10 17:40:00+00:00,16698.495000000003,16699.489999999998,16695.475,16698.004999999997
2024-01-10 17:45:00+00:00,16697.43,16702.004999999997,16696.015,16702.004999999997
2024-01-10 17:50:00+00:00,16701.075,16702.075,16699.010000000002,16700.495000000003
2024-01-10 17:55:00+00:00,16700.995000000003,16703.004999999997,16699.985,16701.0
2024-01-10 18:00:00+00:00,16701.515000000003,16709.015,16693.985,16707.98
2024-01-10 18:05:00+00:00,16707.5,16711.015,16700.43,16700.48
2024-01-10 18:10:00+00:00,16700.075,16701.075,16691.0,16697.95
2024-01-10 18:15:00+00:00,16698.51,16702.555,16696.984999999997,16701.02
2024-01-10 18:20:00+00:00,16700.484999999997,16702.065,16696.989999999998,16701.559999999998
2024-01-10 18:25:00+00:00,16702.49,16703.065,16697.985,16698.015000000003
2024-01-10 18:30:00+00:00,16699.07,16704.01,16695.0,16704.01
2024-01-10 18:35:00+00:00,16703.440000000002,16704.065,16696.984999999997,16701.940000000002
2024-01-10 18:40:00+00:00,16702.48,16704.059999999998,16700.05,16701.489999999998
2024-01-10 18:45:00+00:00,16702.004999999997,16706.004999999997,16701.0,16706.004999999997
2024-01-10 18:50:00+00:00,16705.504999999997,16709.065,16704.495000000003,16707.515000000003
2024-01-10 18:55:00+00:00,16706.995000000003,16710.0,16706.5,16709.07
2024-01-10 19:00:00+00:00,16708.5,16712.5,16706.975,16711.93
2024-01-10 19:05:00+00:00,16713.01,16713.015000000003,16709.5,16709.95
2024-01-10 19:10:00+00:00,16709.504999999997,16723.015000000003,16709.485,16719.945
2024-01-10 19:15:00+00:00,16721.0,16724.945,16720.004999999997,16723.98
2024-01-10 19:20:00+00:00,16723.565,16724.015000000003,16720.489999999998,16722.984999999997
2024-01-10 19:25:00+00:00,16723.425,16726.0,16720.95,16722.93
2024-01-10 19:30:00+00:00,16723.5,16724.995000000003,16721.925,16722.015000000003
2024-01-10 19:35:00+00:00,16722.555,16723.555,16719.99,16721.52
2024-01-10 19:40:00+00:00,16722.015,16723.45,16720.015,16722.98
2024-01-10 19:45:00+00:00,16723.515000000003,16726.559999999998,16721.940000000002,16723.99
2024-01-10 19:50:00+00:00,16724.55,16730.010000000002,16724.425,16729.07
2024-01-10 19:55:00+00:00,16730.075,16730.075,16726.935,16729.489999999998
2024-01-10 20:00:00+00:00,16730.065,16734.02,16728.07,16733.989999999998
2024-01-10 20:05:00+00:00,16734.445,16738.004999999997,16732.935,16734.0
2024-01-10 20:10:00+00:00,16733.504999999997,16735.015000000003,16724.940000000002,16727.055
2024-01-10 20:15:00+00:00,16726.510000000002,16727.010000000002,16720.93,16722.0
2024-01-10 20:20:00+00:00,16722.995000000003,16724.015,16708.989999999998,16712.075
2024-01-10 20:25:00+00:00,16711.45,16723.055,16710.504999999997,16721.945
2024-01-10 20:30:00+00:00,16721.49,16726.0,16717.0,16723.004999999997
2024-01-10 20:35:00+00:00,16722.445,16722.445,16716.975,16717.995000000003
2024-01-10 20:40:00+00:00,16718.5,16719.010000000002,16710.975,16711.495000000003
2024-01-10 20:45:00+00:00,16711.02,16716.945,16707.475,16707.98
2024-01-10 20:50:00+00:00,16707.57,16718.015000000003,16703.510000000002,16718.004999999997
2024-01-10 20:55:00+00:00,16717.495000000003,16722.02,16715.925,16718.495000000003
2024-01-10 21:00:00+00:00,16718.489999999998,16723.725,16713.245000000003,16718.89
2024-01-10 21:05:00+00:00,16719.795000000002,16724.395,16716.364999999998,16721.775
2024-01-10 21:10:00+00:00,16722.545000000002,16722.655,16719.09,16721.815000000002
2024-01-10 23:00:00+00:00,16730.585,16730.585,16718.895,16721.51
2024-01-10 23:05:00+00:00,16721.095,16721.515,16719.870000000003,16721.495000000003
2024-01-10 23:10:00+00:00,16722.405,16728.5,16722.405,16726.55
2024-01-10 23:15:00+00:00,16727.425,16730.215000000004,16727.425,16728.475
2024-01-10 23:20:00+00:00,16729.41,16731.98,16729.41,16731.025
2024-01-10 23:25:00+00:00,16730.185,16735.7,16730.185,16735.7
2024-01-10 23:30:00+00:00,16736.620000000003,16736.620000000003,16734.010000000002,16734.010000000002
2024-01-10 23:35:00+00:00,16733.1,16733.105,16732.140000000003,16733.09
2024-01-10 23:40:00+00:00,16734.0,16735.715000000004,16732.2,16734.91
2024-01-10 23:45:00+00:00,16735.71,16735.71,16729.525,16730.390000000003
2024-01-10 23:50:00+00:00,16729.52,16732.935,16729.489999999998,16731.204999999998
2024-01-10 23:55:00+00:00,16732.15,16733.059999999998,16730.335,16730.41
2024-01-11 00:00:00+00:00,16729.51,16734.71,16729.475,16733.825
2024-01-11 00:05:00+00:00,16733.0,16733.9,16727.71,16727.71
2024-01-11 00:10:00+00:00,16728.625,16732.105,16727.695,16731.215000000004
2024-01-11 00:15:00+00:00,16723.504999999997,16731.5,16723.504999999997,16729.995000000003
2024-01-11 00:20:00+00:00,16730.015,16730.515000000003,16726.5,16729.05
2024-01-11 00:25:00+00:00,16729.445,16733.015000000003,16728.98,16730.984999999997
2024-01-11 00:30:00+00:00,16731.425,16733.57,16729.985,16731.004999999997
2024-01-11 00:35:00+00:00,16731.5,16733.55,16729.98,16731.995000000003
2024-01-11 00:40:00+00:00,16731.510000000002,16742.55,16730.425,16742.010000000002
2024-01-11 00:45:00+00:00,16743.004999999997,16746.565,16739.565,16740.515
2024-01-11 00:50:00+00:00,16740.01,16742.025,16738.99,16739.985
2024-01-11 00:55:00+00:00,16740.504999999997,16743.989999999998,16739.925,16742.995000000003
2024-01-11 01:00:00+00:00,16742.0,16747.01,16741.489999999998,16742.05
2024-01-11 01:05:00+00:00,16742.515000000003,16749.015000000003,16741.515,16749.015000000003
2024-01-11 01:10:00+00:00,16748.5,16751.475,16748.05,16750.515
2024-01-11 01:15:00+00:00,16750.940000000002,16754.004999999997,16750.440000000002,16753.5
2024-01-11 01:20:00+00:00,16753.975,16755.475,16743.945,16746.504999999997
2024-01-11 01:25:00+00:00,16747.0,16748.0,16742.975,16747.0
2024-01-11 01:30:00+00:00,16746.45,16748.5,16742.504999999997,16747.425
2024-01-11 01:35:00+00:00,16747.975,16754.015000000003,16745.989999999998,16748.575
2024-01-11 01:40:00+00:00,16748.756,16752.0,16747.504999999997,16749.48
2024-01-11 01:45:00+00:00,16750.07,16750.435,16747.945,16749.015000000003
2024-01-11 01:50:00+00:00,16749.935,16750.575,16748.0,16750.484999999997
2024-01-11 01:55:00+00:00,16749.945,16750.575,16748.925,16750.575
2024-01-11 02:00:00+00:00,16750.025,16754.555,16748.945,16753.05
2024-01-11 02:05:00+00:00,16753.575,16766.495000000003,16752.98,16764.989999999998
2024-01-11 02:10:00+00:00,16764.495000000003,16767.075,16762.475,16763.004999999997
2024-01-11 02:15:00+00:00,16764.004999999997,16769.995000000003,16762.575,16766.244
2024-01-11 02:20:00+00:00,16765.940000000002,16770.984999999997,16764.5,16770.925
2024-01-11 02:25:00+00:00,16770.495000000003,16776.984999999997,16769.935,16776.059999999998
2024-01-11 02:30:00+00:00,16776.495000000003,16778.575,16768.45,16770.07
2024-01-11 02:35:00+00:00,16770.515000000003,16770.559999999998,16766.495000000003,16767.010000000002
2024-01-11 02:40:00+00:00,16767.504999999997,16771.0,16766.485,16771.0
2024-01-11 02:45:00+00:00,16770.504999999997,16773.515000000003,16768.065,16773.515000000003
2024-01-11 02:50:00+00:00,16773.945,16775.004999999997,16771.995000000003,16772.015
2024-01-11 02:55:00+00:00,16771.484999999997,16772.07,16770.515000000003,16771.515000000003
2024-01-11 03:00:00+00:00,16770.995000000003,16773.425,16770.004999999997,16773.425
2024-01-11 03:05:00+00:00,16772.985,16772.985,16770.504999999997,16771.5
2024-01-11 03:10:00+00:00,16772.010000000002,16780.995000000003,16772.010000000002,16778.45
2024-01-11 03:15:00+00:00,16779.010000000002,16781.93,16778.0,16780.995000000003
2024-01-11 03:20:00+00:00,16780.52,16781.055,16779.98,16781.004999999997
2024-01-11 03:25:00+00:00,16780.525,16785.515000000003,16780.525,16785.004999999997
2024-01-11 03:30:00+00:00,16784.809,16791.565,16784.475,16789.0
2024-01-11 03:35:00+00:00,16788.495000000003,16790.065,16787.5,16788.495000000003
2024-01-11 03:40:00+00:00,16789.0,16789.0,16785.075,16785.495000000003
2024-01-11 03:45:00+00:00,16784.57,16789.015000000003,16784.57,16789.015000000003
2024-01-11 03:50:00+00:00,16789.43,16801.445,16789.43,16800.515000000003
2024-01-11 03:55:00+00:00,16801.004999999997,16801.995000000003,16793.99,16795.555
2024-01-11 04:00:00+00:00,16795.940000000002,16797.055,16793.0,16795.5
2024-01-11 04:10:00+00:00,16793.5,16796.015,16792.015000000003,16794.989999999998
2024-01-11 04:15:00+00:00,16795.555,16796.07,16790.015000000003,16790.495000000003
2024-01-11 04:20:00+00:00,16791.07,16796.5,16791.07,16795.504999999997
2024-01-11 04:25:00+00:00,16794.984999999997,16795.010000000002,16790.004999999997,16793.989999999998
2024-01-11 04:30:00+00:00,16794.49,16795.055,16791.945,16792.995000000003
2024-01-11 04:35:00+00:00,16792.495000000003,16794.065,16786.984999999997,16789.004999999997
2024-01-11 04:40:00+00:00,16788.48,16790.985,16786.515000000003,16790.985
2024-01-11 04:45:00+00:00,16791.489999999998,16793.495000000003,16788.5,16791.515
2024-01-11 04:50:00+00:00,16791.984999999997,16793.984999999997,16787.489999999998,16791.0
2024-01-11 04:55:00+00:00,16790.510000000002,16795.02,16787.98,16791.004999999997
2024-01-11 05:00:00+00:00,16790.025,16794.5,16785.985,16792.510000000002
2024-01-11 05:05:00+00:00,16792.985,16797.0,16789.925,16794.95
2024-01-11 05:10:00+00:00,16794.57,16795.565,16791.925,16793.989999999998
2024-01-11 05:15:00+00:00,16794.45,16798.0,16792.504999999997,16796.055
2024-01-11 05:20:00+00:00,16796.57,16797.575,16787.0,16787.0
2024-01-11 05:25:00+00:00,16787.484999999997,16792.05,16784.43,16791.510000000002
2024-01-11 05:30:00+00:00,16791.004999999997,16792.075,16788.935,16790.5
2024-01-11 05:35:00+00:00,16790.935,16791.925,16788.445,16789.015000000003
2024-01-11 05:40:00+00:00,16789.5,16798.010000000002,16789.5,16796.504999999997
2024-01-11 05:45:00+00:00,16796.95,16800.02,16796.004999999997,16797.925
2024-01-11 05:50:00+00:00,16795.935,16796.935,16793.0,16793.0
2024-01-11 05:55:00+00:00,16793.435,16794.004999999997,16788.925,16793.015000000003
2024-01-11 06:00:00+00:00,16790.995000000003,16795.989999999998,16788.510000000002,16790.995000000003
2024-01-11 06:05:00+00:00,16792.02,16792.989999999998,16783.99,16787.01
2024-01-11 06:10:00+00:00,16787.495000000003,16796.065,16785.98,16794.995000000003
2024-01-11 06:15:00+00:00,16795.48,16798.0,16795.48,16796.995000000003
2024-01-11 06:20:00+00:00,16796.0,16797.010000000002,16793.98,16794.52
2024-01-11 06:25:00+00:00,16795.07,16797.995000000003,16794.004999999997,16797.0
2024-01-11 06:30:00+00:00,16796.504999999997,16799.995000000003,16794.5,16799.440000000002
2024-01-11 06:35:00+00:00,16799.925,16808.49,16799.05,16806.989999999998
2024-01-11 06:40:00+00:00,16807.925,16810.004999999997,16807.495000000003,16808.565
2024-01-11 06:45:00+00:00,16808.015,16809.010000000002,16807.015000000003,16807.99
2024-01-11 06:50:00+00:00,16807.5,16810.010000000002,16805.504999999997,16810.010000000002
2024-01-11 06:55:00+00:00,16808.475,16810.0,16805.475,16810.0
2024-01-11 07:00:00+00:00,16808.5,16815.004999999997,16800.48,16803.989999999998
2024-01-11 07:05:00+00:00,16805.49,16808.95,16801.995000000003,16807.5
2024-01-11 07:10:00+00:00,16808.995000000003,16812.05,16801.984999999997,16803.515000000003
2024-01-11 07:15:00+00:00,16802.98,16807.0,16800.495000000003,16805.0
2024-01-11 07:20:00+00:00,16805.995000000003,16813.495000000003,16805.995000000003,16809.5
2024-01-11 07:25:00+00:00,16810.010000000002,16822.575,16809.989999999998,16820.015
2024-01-11 07:30:00+00:00,16820.51,16820.51,16806.0,16810.015000000003
2024-01-11 07:35:00+00:00,16809.510000000002,16815.0,16809.510000000002,16813.004999999997
2024-01-11 07:40:00+00:00,16812.445,16818.55,16812.0,16814.504999999997
2024-01-11 07:45:00+00:00,16813.98,16814.0,16802.484999999997,16803.0
2024-01-11 07:50:00+00:00,16802.515,16805.0,16790.989999999998,16791.0
2024-01-11 07:55:00+00:00,16792.004999999997,16792.510000000002,16784.989999999998,16787.525
2024-01-11 08:00:00+00:00,16790.015000000003,16790.5,16758.504999999997,16780.925
2024-01-11 08:05:00+00:00,16781.45,16792.489999999998,16769.45,16787.995000000003
2024-01-11 08:10:00+00:00,16789.004999999997,16808.99,16788.0,16801.55
2024-01-11 08:15:00+00:00,16802.495000000003,16809.555,16796.95,16799.525
2024-01-11 08:20:00+00:00,16799.989999999998,16806.004999999997,16786.995000000003,16794.49
2024-01-11 08:25:00+00:00,16794.02,16819.515,16793.995000000003,16807.004999999997
2024-01-11 08:30:00+00:00,16807.98,16815.510000000002,16800.010000000002,16811.989999999998
2024-01-11 08:35:00+00:00,16812.52,16832.495000000003,16810.975,16822.995000000003
2024-01-11 08:40:00+00:00,16823.43,16833.559999999998,16818.0,16832.489999999998
2024-01-11 08:45:00+00:00,16832.07,16841.0,16828.45,16831.0
2024-01-11 08:50:00+00:00,16830.475,16840.57,16820.5,16821.004999999997
2024-01-11 08:55:00+00:00,16821.55,16829.0,16814.495000000003,16827.059999999998
2024-01-11 09:00:00+00:00,16826.555,16827.48,16793.99,16794.52
2024-01-11 09:05:00+00:00,16795.0,16797.575,16775.975,16778.504999999997
2024-01-11 09:10:00+00:00,16779.0,16787.995000000003,16768.004999999997,16778.510000000002
2024-01-11 09:15:00+00:00,16777.985,16785.0,16773.43,16782.93
2024-01-11 09:20:00+00:00,16783.45,16785.995000000003,16775.425,16776.059999999998
2024-01-11 09:25:00+00:00,16775.425,16776.0,16765.495000000003,16766.004999999997
2024-01-11 09:30:00+00:00,16764.495000000003,16764.925,16746.984999999997,16752.015000000003
2024-01-11 09:35:00+00:00,16751.52,16751.52,16734.495000000003,16736.57
2024-01-11 09:40:00+00:00,16735.504999999997,16737.52,16725.45,16731.995000000003
2024-01-11 09:45:00+00:00,16731.555,16748.5,16731.555,16747.52
2024-01-11 09:50:00+00:00,16747.925,16756.995000000003,16742.93,16755.489999999998
2024-01-11 09:55:00+00:00,16756.0,16756.0,16745.495000000003,16751.440000000002
2024-01-11 10:00:00+00:00,16751.059999999998,16760.5,16747.57,16756.015
2024-01-11 10:05:00+00:00,16755.575,16757.45,16744.495000000003,16749.01
2024-01-11 10:10:00+00:00,16749.484999999997,16750.989999999998,16738.0,16745.984999999997
2024-01-11 10:15:00+00:00,16746.475,16755.5,16737.935,16741.985
2024-01-11 10:20:00+00:00,16742.489999999998,16743.525,16735.995000000003,16740.015
2024-01-11 10:25:00+00:00,16739.515000000003,16751.565,16738.984999999997,16746.93
2024-01-11 10:30:00+00:00,16746.504999999997,16746.975,16725.485,16725.925
2024-01-11 10:35:00+00:00,16726.440000000002,16728.495000000003,16720.57,16722.5
2024-01-11 10:40:00+00:00,16721.57,16721.57,16703.495000000003,16709.010000000002
2024-01-11 10:45:00+00:00,16708.004999999997,16713.004999999997,16703.510000000002,16706.504999999997
2024-01-11 10:50:00+00:00,16705.43,16706.495000000003,16697.445,16704.5
2024-01-11 10:55:00+00:00,16703.504999999997,16719.504999999997,16700.484999999997,16717.575
2024-01-11 11:00:00+00:00,16718.504999999997,16722.55,16713.484999999997,16720.95
2024-01-11 11:05:00+00:00,16721.51,16726.52,16717.489999999998,16721.495000000003
2024-01-11 11:10:00+00:00,16721.975,16732.945,16719.51,16727.055
2024-01-11 11:15:00+00:00,16726.495000000003,16733.445,16726.45,16732.004999999997
2024-01-11 11:20:00+00:00,16732.504999999997,16738.510000000002,16715.435,16718.99
2024-01-11 11:25:00+00:00,16718.489999999998,16722.0,16711.55,16720.425
2024-01-11 11:30:00+00:00,16720.984999999997,16732.52,16718.984999999997,16731.510000000002
2024-01-11 11:35:00+00:00,16732.02,16738.5,16728.440000000002,16732.435
2024-01-11 11:40:00+00:00,16732.004999999997,16737.48,16730.440000000002,16732.435
2024-01-11 11:45:00+00:00,16731.940000000002,16732.510000000002,16720.485,16727.0
2024-01-11 11:50:00+00:00,16726.484999999997,16727.07,16716.425,16722.504999999997
2024-01-11 11:55:00+00:00,16722.075,16723.985,16715.49,16716.0
2024-01-11 12:00:00+00:00,16715.43,16722.504999999997,16708.93,16710.495000000003
2024-01-11 12:05:00+00:00,16711.015000000003,16722.935,16708.995000000003,16718.940000000002
2024-01-11 12:10:00+00:00,16718.5,16718.5,16701.515000000003,16708.435
2024-01-11 12:15:00+00:00,16708.059999999998,16711.504999999997,16702.489999999998,16707.989999999998
2024-01-11 12:20:00+00:00,16706.95,16713.5,16703.989999999998,16709.5
2024-01-11 12:25:00+00:00,16710.015,16722.07,16708.484999999997,16715.495000000003
2024-01-11 12:30:00+00:00,16714.43,16726.515000000003,16714.43,16726.489999999998
2024-01-11 12:35:00+00:00,16726.935,16743.575,16726.445,16743.575
2024-01-11 12:40:00+00:00,16742.995000000003,16745.52,16733.495000000003,16734.004999999997
2024-01-11 12:45:00+00:00,16733.575,16734.01,16716.01,16716.010000000002
2024-01-11 12:50:00+00:00,16715.495000000003,16726.57,16713.489999999998,16721.48
2024-01-11 12:55:00+00:00,16720.5,16723.984999999997,16710.489999999998,16717.51
2024-01-11 13:00:00+00:00,16716.515000000003,16720.43,16709.43,16715.5
2024-01-11 13:05:00+00:00,16715.004999999997,16720.995000000003,16710.510000000002,16718.52
2024-01-11 13:10:00+00:00,16717.575,16723.57,16712.435,16720.015000000003
2024-01-11 13:15:00+00:00,16718.940000000002,16723.059999999998,16714.52,16718.45
2024-01-11 13:20:00+00:00,16717.489999999998,16728.504999999997,16715.940000000002,16728.010000000002
2024-01-11 13:25:00+00:00,16728.435,16743.445,16726.475,16740.004999999997
2024-01-11 13:30:00+00:00,16741.015000000003,16744.52,16654.57,16694.025
2024-01-11 13:35:00+00:00,16695.015,16714.98,16684.989999999998,16692.489999999998
2024-01-11 13:40:00+00:00,16692.0,16703.510000000002,16674.99,16685.0
2024-01-11 13:45:00+00:00,16683.515000000003,16704.010000000002,16680.95,16691.99
2024-01-11 13:50:00+00:00,16692.55,16696.985,16670.43,16676.5
2024-01-11 13:55:00+00:00,16675.5,16683.055,16639.495000000003,16642.940000000002
2024-01-11 14:00:00+00:00,16644.010000000002,16647.51,16630.49,16642.98
2024-01-11 14:05:00+00:00,16645.0,16659.495000000003,16632.925,16659.495000000003
2024-01-11 14:10:00+00:00,16659.99,16679.984999999997,16657.504999999997,16674.025
2024-01-11 14:15:00+00:00,16672.925,16700.995000000003,16672.925,16694.995000000003
2024-01-11 14:20:00+00:00,16694.504999999997,16698.93,16681.004999999997,16698.015000000003
2024-01-11 14:25:00+00:00,16697.004999999997,16717.075,16696.065,16716.489999999998
2024-01-11 14:30:00+00:00,16717.0,16723.565,16687.0,16706.475
2024-01-11 14:35:00+00:00,16707.05,16721.504999999997,16701.489999999998,16717.0
2024-01-11 14:40:00+00:00,16717.48,16722.57,16686.5,16690.495000000003
2024-01-11 14:45:00+00:00,16691.0,16693.065,16664.484999999997,16665.5
2024-01-11 14:50:00+00:00,16667.059999999998,16676.01,16656.004999999997,16670.49
2024-01-11 14:55:00+00:00,16671.5,16682.065,16667.55,16676.995000000003
2024-01-11 15:00:00+00:00,16676.504999999997,16677.004999999997,16633.484999999997,16634.5
2024-01-11 15:05:00+00:00,16635.5,16636.55,16590.425,16596.48
2024-01-11 15:10:00+00:00,16595.5,16603.004999999997,16584.5,16587.515000000003
2024-01-11 15:15:00+00:00,16586.98,16602.559999999998,16584.489999999998,16602.559999999998
2024-01-11 15:20:00+00:00,16601.555,16607.010000000002,16590.015000000003,16596.010000000002
2024-01-11 15:25:00+00:00,16595.059999999998,16603.93,16589.475,16601.504999999997
2024-01-11 15:30:00+00:00,16600.5,16615.010000000002,16570.45,16571.004999999997
2024-01-11 15:35:00+00:00,16572.0,16605.565,16572.0,16602.525
2024-01-11 15:40:00+00:00,16602.02,16606.004999999997,16580.45,16592.010000000002
2024-01-11 15:45:00+00:00,16591.52,16591.52,16555.515,16560.07
2024-01-11 15:50:00+00:00,16560.49,16562.015000000003,16544.43,16544.504999999997
2024-01-11 15:55:00+00:00,16543.504999999997,16560.510000000002,16542.55,16550.995000000003
2024-01-11 16:00:00+00:00,16550.515000000003,16564.52,16547.489999999998,16554.5
2024-01-11 16:05:00+00:00,16554.01,16556.98,16544.484999999997,16549.5
2024-01-11 16:10:00+00:00,16548.45,16563.52,16540.485,16544.515000000003
2024-01-11 16:15:00+00:00,16543.425,16552.575,16541.945,16549.004999999997
2024-01-11 16:20:00+00:00,16549.43,16557.995000000003,16544.435,16552.989999999998
2024-01-11 16:25:00+00:00,16553.489999999998,16554.995000000003,16541.504999999997,16542.489999999998
2024-01-11 16:30:00+00:00,16543.5,16550.515000000003,16536.484999999997,16543.440000000002
2024-01-11 16:35:00+00:00,16544.055,16546.484999999997,16535.440000000002,16537.98
2024-01-11 16:40:00+00:00,16537.510000000002,16546.525,16534.484999999997,16538.55
2024-01-11 16:45:00+00:00,16539.565,16562.555,16535.504999999997,16561.5
2024-01-11 16:50:00+00:00,16560.495000000003,16563.995000000003,16543.484999999997,16547.495000000003
2024-01-11 16:55:00+00:00,16546.995000000003,16552.425,16544.504999999997,16547.5
2024-01-11 17:00:00+00:00,16548.02,16556.495000000003,16544.445,16553.425
2024-01-11 17:05:00+00:00,16553.98,16561.489999999998,16552.5,16558.5
2024-01-11 17:10:00+00:00,16559.0,16567.565,16557.484999999997,16562.01
2024-01-11 17:15:00+00:00,16562.075,16565.504999999997,16553.495000000003,16556.489999999998
2024-01-11 17:20:00+00:00,16556.05,16563.504999999997,16553.440000000002,16558.0
2024-01-11 17:25:00+00:00,16557.495000000003,16562.484999999997,16552.02,16554.004999999997
2024-01-11 17:30:00+00:00,16554.256,16564.575,16554.256,16561.504999999997
2024-01-11 17:35:00+00:00,16562.004999999997,16564.510000000002,16557.45,16562.504999999997
2024-01-11 17:40:00+00:00,16562.989999999998,16577.559999999998,16562.45,16573.440000000002
2024-01-11 17:45:00+00:00,16574.484999999997,16580.555,16572.435,16578.495000000003
2024-01-11 17:50:00+00:00,16578.925,16589.059999999998,16578.435,16583.95
2024-01-11 17:55:00+00:00,16583.515000000003,16586.555,16579.495000000003,16583.489999999998
2024-01-11 18:00:00+00:00,16583.485,16596.57,16579.43,16595.51
2024-01-11 18:05:00+00:00,16595.989999999998,16606.495000000003,16592.495000000003,16601.559999999998
2024-01-11 18:10:00+00:00,16601.940000000002,16606.510000000002,16598.475,16603.975
2024-01-11 18:15:00+00:00,16604.504999999997,16609.004999999997,16601.445,16605.504999999997
2024-01-11 18:20:00+00:00,16605.010000000002,16608.004999999997,16602.0,16603.504999999997
2024-01-11 18:25:00+00:00,16603.741,16605.5,16598.45,16599.515
2024-01-11 18:30:00+00:00,16600.004999999997,16605.55,16594.055,16602.0
2024-01-11 18:35:00+00:00,16602.495000000003,16606.565,16599.475,16604.0
2024-01-11 18:40:00+00:00,16604.5,16605.43,16600.5,16602.575
2024-01-11 18:45:00+00:00,16601.984999999997,16604.510000000002,16600.495000000003,16604.5
2024-01-11 18:50:00+00:00,16605.515000000003,16611.984999999997,16595.495000000003,16606.0
2024-01-11 18:55:00+00:00,16605.484999999997,16618.43,16605.01,16616.015000000003
2024-01-11 19:00:00+00:00,16616.52,16624.515,16615.489999999998,16623.015
2024-01-11 19:05:00+00:00,16623.525,16623.525,16602.52,16602.52
2024-01-11 19:10:00+00:00,16603.0,16617.565,16603.0,16616.48
2024-01-11 19:15:00+00:00,16616.025,16619.015,16610.984999999997,16611.445
2024-01-11 19:20:00+00:00,16612.015000000003,16614.495000000003,16606.5,16608.5
2024-01-11 19:25:00+00:00,16607.995000000003,16622.5,16607.485,16618.99
2024-01-11 19:30:00+00:00,16619.484999999997,16624.57,16610.515000000003,16612.489999999998
2024-01-11 19:35:00+00:00,16612.004999999997,16618.504999999997,16611.984999999997,16617.025
2024-01-11 19:40:00+00:00,16617.425,16624.015000000003,16615.504999999997,16615.504999999997
2024-01-11 19:45:00+00:00,16616.495000000003,16623.504999999997,16615.5,16619.98
2024-01-11 19:50:00+00:00,16620.51,16627.559999999998,16620.445,16626.0
2024-01-11 19:55:00+00:00,16625.504999999997,16633.5,16624.925,16629.5
2024-01-11 20:00:00+00:00,16629.985999999997,16631.5,16615.025,16622.004999999997
2024-01-11 20:05:00+00:00,16622.5,16624.504999999997,16618.99,16619.575
2024-01-11 20:10:00+00:00,16620.055,16624.555,16611.945,16621.489999999998
2024-01-11 20:15:00+00:00,16620.515000000003,16621.025,16608.51,16616.0
2024-01-11 20:20:00+00:00,16616.5,16635.445,16615.504999999997,16632.45
2024-01-11 20:25:00+00:00,16632.98,16643.504999999997,16632.98,16637.925
2024-01-11 20:30:00+00:00,16638.495000000003,16646.57,16637.95,16646.5
2024-01-11 20:35:00+00:00,16645.975,16646.015000000003,16632.995000000003,16635.435
2024-01-11 20:40:00+00:00,16634.98,16639.489999999998,16632.935,16636.504999999997
2024-01-11 20:45:00+00:00,16637.004999999997,16641.504999999997,16632.57,16637.5
2024-01-11 20:50:00+00:00,16636.484999999997,16640.0,16626.510000000002,16636.5
2024-01-11 20:55:00+00:00,16636.495000000003,16641.559999999998,16635.51,16637.559999999998
2024-01-11 21:00:00+00:00,16637.515,16638.405,16631.35,16633.079999999998
2024-01-11 21:05:00+00:00,16632.31,16637.085,16630.55,16635.79
2024-01-11 21:10:00+00:00,16636.605,16637.555,16634.0,16634.954999999998
2024-01-11 23:00:00+00:00,16625.915,16625.915,16613.09,16614.809999999998
2024-01-11 23:05:00+00:00,16615.7,16620.03,16614.784999999996,16620.03
2024-01-11 23:10:00+00:00,16620.96,16621.805,16619.2,16620.045000000002
2024-01-11 23:15:00+00:00,16620.96,16623.605,16619.195,16621.81
2024-01-11 23:20:00+00:00,16620.89,16622.675,16620.89,16621.805
2024-01-11 23:25:00+00:00,16622.704999999998,16628.82,16622.704999999998,16627.010000000002
2024-01-11 23:30:00+00:00,16627.895,16627.96,16622.625,16623.59
2024-01-11 23:35:00+00:00,16622.69,16622.69,16613.940000000002,16613.940000000002
2024-01-11 23:40:00+00:00,16614.735,16616.579999999998,16613.079999999998,16614.010000000002
2024-01-11 23:45:00+00:00,16614.78,16619.19,16614.0,16617.515000000003
2024-01-11 23:50:00+00:00,16617.9,16620.09,16616.54,16620.09
2024-01-11 23:55:00+00:00,16619.2,16623.655,16619.2,16620.11
2024-01-12 00:00:00+00:00,16621.795000000002,16627.059999999998,16621.795000000002,16626.275
2024-01-12 00:05:00+00:00,16625.235,16628.605,16621.78,16627.629999999997
2024-01-12 00:10:00+00:00,16628.620000000003,16628.670000000002,16623.315,16625.090000000004
2024-01-12 00:15:00+00:00,16628.510000000002,16642.01,16628.510000000002,16642.01
2024-01-12 00:20:00+00:00,16642.661,16647.075,16638.559999999998,16647.075
2024-01-12 00:25:00+00:00,16644.004999999997,16644.004999999997,16637.98,16637.98
2024-01-12 00:30:00+00:00,16638.52,16643.975,16634.425,16634.425
2024-01-12 00:35:00+00:00,16633.5,16639.015000000003,16631.484999999997,16637.489999999998
2024-01-12 00:40:00+00:00,16636.43,16636.43,16635.48,16635.559999999998
2024-01-12 00:45:00+00:00,16637.484999999997,16643.510000000002,16635.525,16641.504999999997
2024-01-12 00:50:00+00:00,16641.059999999998,16641.495000000003,16631.010000000002,16634.940000000002
2024-01-12 00:55:00+00:00,16635.52,16637.004999999997,16632.5,16634.565
2024-01-12 01:00:00+00:00,16634.075,16634.985,16626.940000000002,16626.98
2024-01-12 01:05:00+00:00,16627.504999999997,16632.504999999997,16622.440000000002,16628.059999999998
2024-01-12 01:10:00+00:00,16628.504999999997,16629.57,16626.935,16627.565
2024-01-12 01:15:00+00:00,16627.756,16630.995000000003,16624.989999999998,16630.995000000003
2024-01-12 01:20:00+00:00,16631.271,16634.565,16628.995000000003,16630.495000000003
2024-01-12 01:25:00+00:00,16631.010000000002,16634.075,16628.98,16633.489999999998
2024-01-12 01:30:00+00:00,16633.95,16638.510000000002,16631.485,16636.5
2024-01-12 01:35:00+00:00,16636.004999999997,16644.565,16636.004999999997,16638.935
2024-01-12 01:40:00+00:00,16638.445,16646.575,16638.445,16646.484999999997
2024-01-12 01:45:00+00:00,16645.57,16646.995000000003,16639.51,16642.49
2024-01-12 01:50:00+00:00,16641.995000000003,16645.07,16640.475,16641.504999999997
2024-01-12 01:55:00+00:00,16642.010000000002,16643.065,16639.440000000002,16641.495000000003
2024-01-12 02:00:00+00:00,16641.995000000003,16649.925,16641.48,16648.484999999997
2024-01-12 02:05:00+00:00,16648.004999999997,16649.025,16644.984999999997,16649.015000000003
2024-01-12 02:10:00+00:00,16648.5,16653.02,16646.484999999997,16652.48
2024-01-12 02:15:00+00:00,16651.995000000003,16653.559999999998,16646.995000000003,16647.984999999997
2024-01-12 02:20:00+00:00,16648.559999999998,16654.02,16646.940000000002,16652.559999999998
2024-01-12 02:25:00+00:00,16653.015000000003,16653.5,16650.5,16651.5
2024-01-12 02:30:00+00:00,16652.43,16654.015,16651.440000000002,16651.935
2024-01-12 02:35:00+00:00,16652.485,16652.559999999998,16650.504999999997,16651.52
2024-01-12 02:40:00+00:00,16652.0,16656.55,16650.945,16656.02
2024-01-12 02:45:00+00:00,16656.49,16660.989999999998,16655.5,16657.440000000002
2024-01-12 02:50:00+00:00,16657.984999999997,16660.07,16656.984999999997,16659.5
2024-01-12 02:55:00+00:00,16659.93,16659.93,16654.475,16655.984999999997
2024-01-12 03:00:00+00:00,16656.49,16656.989999999998,16652.0,16652.0
2024-01-12 03:05:00+00:00,16652.475,16653.510000000002,16650.5,16651.025
2024-01-12 03:10:00+00:00,16651.484999999997,16651.515000000003,16645.0,16647.0
2024-01-12 03:15:00+00:00,16646.48,16652.055,16640.0,16651.935
2024-01-12 03:20:00+00:00,16652.575,16652.935,16648.02,16648.495000000003
2024-01-12 03:25:00+00:00,16649.015,16649.5,16648.5,16648.995000000003
2024-01-12 03:30:00+00:00,16648.440000000002,16649.559999999998,16648.425,16649.445
2024-01-12 03:35:00+00:00,16649.575,16649.575,16644.489999999998,16644.489999999998
2024-01-12 03:40:00+00:00,16643.010000000002,16645.995000000003,16641.995000000003,16644.489999999998
2024-01-12 03:45:00+00:00,16644.995000000003,16648.510000000002,16643.0,16647.504999999997
2024-01-12 03:50:00+00:00,16648.059999999998,16648.059999999998,16646.43,16647.975
2024-01-12 03:55:00+00:00,16647.489999999998,16648.07,16646.48,16647.010000000002
2024-01-12 04:00:00+00:00,16647.01,16648.0,16639.445,16640.55
2024-01-12 04:05:00+00:00,16639.484999999997,16642.504999999997,16636.995000000003,16637.57
2024-01-12 04:10:00+00:00,16637.0,16639.5,16634.495000000003,16638.510000000002
2024-01-12 04:15:00+00:00,16638.015000000003,16639.075,16633.004999999997,16633.004999999997
2024-01-12 04:20:00+00:00,16633.510000000002,16636.575,16632.93,16636.575
2024-01-12 04:25:00+00:00,16635.0,16635.0,16624.995000000003,16626.565
2024-01-12 04:30:00+00:00,16626.826,16628.015000000003,16626.004999999997,16626.98
2024-01-12 04:35:00+00:00,16627.43,16636.440000000002,16627.43,16635.989999999998
2024-01-12 04:40:00+00:00,16636.565,16638.055,16635.515,16636.995000000003
2024-01-12 04:45:00+00:00,16636.484999999997,16640.5,16636.484999999997,16640.010000000002
2024-01-12 04:50:00+00:00,16639.52,16641.5,16637.945,16640.425
2024-01-12 04:55:00+00:00,16641.5,16643.52,16640.07,16640.5
2024-01-12 05:00:00+00:00,16641.43,16643.504999999997,16639.98,16641.5
2024-01-12 05:05:00+00:00,16640.010000000002,16648.5,16640.010000000002,16648.065
2024-01-12 05:10:00+00:00,16648.52,16652.575,16637.95,16638.05
2024-01-12 05:15:00+00:00,16638.495000000003,16645.515000000003,16637.995000000003,16639.0
2024-01-12 05:20:00+00:00,16639.489999999998,16642.015,16636.015,16640.95
2024-01-12 05:25:00+00:00,16641.5,16645.015000000003,16637.99,16643.504999999997
2024-01-12 05:30:00+00:00,16642.5,16648.504999999997,16642.5,16646.0
2024-01-12 05:35:00+00:00,16645.484999999997,16651.0,16645.484999999997,16648.015
2024-01-12 05:40:00+00:00,16648.55,16648.55,16644.515000000003,16645.515000000003
2024-01-12 05:45:00+00:00,16646.935,16650.0,16645.989999999998,16649.0
2024-01-12 05:50:00+00:00,16648.475,16649.07,16647.5,16648.01
2024-01-12 05:55:00+00:00,16648.484999999997,16650.55,16644.445,16646.01
2024-01-12 06:00:00+00:00,16646.57,16650.5,16639.935,16642.995000000003
2024-01-12 06:05:00+00:00,16643.510000000002,16646.55,16638.495000000003,16646.5
2024-01-12 06:10:00+00:00,16646.995000000003,16654.5,16645.5,16652.925
2024-01-12 06:15:00+00:00,16653.99,16656.059999999998,16652.935,16654.510000000002
2024-01-12 06:20:00+00:00,16655.015000000003,16657.004999999997,16653.004999999997,16656.48
2024-01-12 06:25:00+00:00,16655.559999999998,16659.004999999997,16653.495000000003,16658.43
2024-01-12 06:30:00+00:00,16658.751,16659.05,16653.425,16654.555
2024-01-12 06:35:00+00:00,16652.484999999997,16653.5,16650.004999999997,16650.004999999997
2024-01-12 06:40:00+00:00,16650.489999999998,16651.504999999997,16647.0,16650.495000000003
2024-01-12 06:45:00+00:00,16651.015000000003,16651.925,16647.98,16648.489999999998
2024-01-12 06:50:00+00:00,16647.495000000003,16656.989999999998,16647.075,16655.02
2024-01-12 06:55:00+00:00,16656.504999999997,16658.065,16654.015000000003,16657.5
2024-01-12 07:00:00+00:00,16657.751,16667.01,16650.425,16650.489999999998
2024-01-12 07:05:00+00:00,16650.05,16657.495000000003,16646.5,16647.495000000003
2024-01-12 07:10:00+00:00,16647.989999999998,16658.07,16647.5,16656.43
2024-01-12 07:15:00+00:00,16656.989999999998,16670.504999999997,16653.925,16670.504999999997
2024-01-12 07:20:00+00:00,16670.685999999998,16673.02,16660.565,16662.52
2024-01-12 07:25:00+00:00,16662.95,16665.07,16656.425,16657.004999999997
2024-01-12 07:30:00+00:00,16657.504999999997,16662.484999999997,16655.0,16655.475
2024-01-12 07:35:00+00:00,16656.004999999997,16658.02,16639.510000000002,16642.02
2024-01-12 07:40:00+00:00,16642.575,16646.995000000003,16639.484999999997,16641.004999999997
2024-01-12 07:45:00+00:00,16641.495000000003,16647.07,16634.989999999998,16634.989999999998
2024-01-12 07:50:00+00:00,16636.515000000003,16648.015000000003,16630.504999999997,16646.99
2024-01-12 07:55:00+00:00,16647.475,16655.075,16640.935,16640.935
2024-01-12 08:00:00+00:00,16641.945,16663.075,16639.0,16658.989999999998
2024-01-12 08:05:00+00:00,16658.52,16694.015000000003,16658.52,16689.935
2024-01-12 08:10:00+00:00,16689.525,16698.004999999997,16682.985,16696.5
2024-01-12 08:15:00+00:00,16696.015000000003,16707.015,16687.995000000003,16694.510000000002
2024-01-12 08:20:00+00:00,16694.01,16715.025,16685.989999999998,16712.0
2024-01-12 08:25:00+00:00,16713.010000000002,16716.0,16699.995000000003,16706.004999999997
2024-01-12 08:30:00+00:00,16707.025,16726.059999999998,16699.985,16722.51
2024-01-12 08:35:00+00:00,16723.059999999998,16725.99,16690.985,16697.43
2024-01-12 08:40:00+00:00,16698.5,16701.004999999997,16681.0,16684.489999999998
2024-01-12 08:45:00+00:00,16683.975,16690.0,16674.925,16675.425
2024-01-12 08:50:00+00:00,16675.025,16701.995000000003,16674.98,16695.995000000003
2024-01-12 08:55:00+00:00,16695.241,16707.984999999997,16693.02,16707.015
2024-01-12 09:00:00+00:00,16705.95,16711.515000000003,16697.93,16705.025
2024-01-12 09:05:00+00:00,16705.995000000003,16709.504999999997,16698.440000000002,16707.925
2024-01-12 09:10:00+00:00,16707.555,16721.52,16707.010000000002,16715.425
2024-01-12 09:15:00+00:00,16716.004999999997,16718.02,16700.984999999997,16702.004999999997
2024-01-12 09:20:00+00:00,16702.48,16704.51,16678.940000000002,16678.989999999998
2024-01-12 09:25:00+00:00,16677.95,16688.015000000003,16669.995000000003,16685.5
2024-01-12 09:30:00+00:00,16685.984999999997,16712.010000000002,16683.925,16702.510000000002
2024-01-12 09:35:00+00:00,16702.984999999997,16710.495000000003,16690.484999999997,16692.98
2024-01-12 09:40:00+00:00,16693.5,16700.075,16689.52,16697.0
2024-01-12 09:45:00+00:00,16698.0,16702.0,16689.984999999997,16699.945
2024-01-12 09:50:00+00:00,16700.575,16709.515000000003,16688.985,16689.995000000003
2024-01-12 09:55:00+00:00,16689.5,16690.925,16678.485,16682.010000000002
2024-01-12 10:00:00+00:00,16683.0,16697.525,16681.98,16693.995000000003
2024-01-12 10:05:00+00:00,16695.0,16697.004999999997,16681.0,16694.45
2024-01-12 10:10:00+00:00,16694.602000000003,16709.0,16694.602000000003,16697.065
2024-01-12 10:15:00+00:00,16697.5,16698.015000000003,16688.495000000003,16691.575
2024-01-12 10:20:00+00:00,16690.989999999998,16701.495000000003,16690.989999999998,16698.05
2024-01-12 10:25:00+00:00,16698.504999999997,16708.995000000003,16698.504999999997,16701.0
2024-01-12 10:30:00+00:00,16702.0,16702.0,16681.93,16696.975
2024-01-12 10:35:00+00:00,16697.989999999998,16702.07,16691.48,16698.48
2024-01-12 10:40:00+00:00,16699.004999999997,16699.004999999997,16686.45,16688.5
2024-01-12 10:45:00+00:00,16688.101000000002,16691.004999999997,16678.565,16678.93
2024-01-12 10:50:00+00:00,16680.0,16684.55,16675.940000000002,16678.504999999997
2024-01-12 10:55:00+00:00,16678.02,16688.010000000002,16677.495000000003,16682.010000000002
2024-01-12 11:00:00+00:00,16682.559999999998,16699.0,16680.935,16692.5
2024-01-12 11:05:00+00:00,16691.940000000002,16693.984999999997,16675.02,16676.515
2024-01-12 11:10:00+00:00,16677.010000000002,16682.02,16662.495000000003,16662.984999999997
2024-01-12 11:15:00+00:00,16663.495000000003,16670.0,16656.984999999997,16658.985
2024-01-12 11:20:00+00:00,16659.984999999997,16665.05,16650.945,16662.010000000002
2024-01-12 11:25:00+00:00,16662.49,16662.49,16652.43,16658.489999999998
2024-01-12 11:30:00+00:00,16658.004999999997,16660.485,16647.48,16653.49
2024-01-12 11:35:00+00:00,16652.98,16655.065,16645.925,16647.989999999998
2024-01-12 11:40:00+00:00,16648.989999999998,16649.995000000003,16637.01,16639.0
2024-01-12 11:45:00+00:00,16638.749,16641.555,16610.504999999997,16616.0
2024-01-12 11:50:00+00:00,16616.495000000003,16622.45,16606.52,16620.45
2024-01-12 11:55:00+00:00,16619.995000000003,16639.004999999997,16617.995000000003,16635.99
2024-01-12 12:00:00+00:00,16636.995000000003,16644.05,16633.984999999997,16639.489999999998
2024-01-12 12:05:00+00:00,16640.055,16642.515,16626.555,16628.484999999997
2024-01-12 12:10:00+00:00,16629.0,16635.510000000002,16624.0,16628.504999999997
2024-01-12 12:15:00+00:00,16628.241,16635.0,16626.984999999997,16628.0
2024-01-12 12:20:00+00:00,16627.02,16646.945,16623.0,16642.504999999997
2024-01-12 12:25:00+00:00,16641.440000000002,16652.02,16641.440000000002,16647.555
2024-01-12 12:30:00+00:00,16648.489999999998,16654.05,16645.575,16646.004999999997
2024-01-12 12:35:00+00:00,16647.004999999997,16648.995000000003,16636.95,16638.510000000002
2024-01-12 12:40:00+00:00,16639.075,16654.004999999997,16637.43,16645.010000000002
2024-01-12 12:45:00+00:00,16647.0,16647.0,16624.445,16629.555
2024-01-12 12:50:00+00:00,16631.425,16634.055,16620.989999999998,16629.995000000003
2024-01-12 12:55:00+00:00,16629.43,16636.075,16623.504999999997,16624.0
2024-01-12 13:00:00+00:00,16623.504999999997,16648.5,16621.004999999997,16641.510000000002
2024-01-12 13:05:00+00:00,16642.065,16642.065,16630.935,16635.57
2024-01-12 13:10:00+00:00,16634.945,16641.010000000002,16627.995000000003,16637.984999999997
2024-01-12 13:15:00+00:00,16637.45,16650.004999999997,16636.0,16644.45
2024-01-12 13:20:00+00:00,16644.015000000003,16647.515000000003,16637.984999999997,16643.995000000003
2024-01-12 13:25:00+00:00,16643.504999999997,16660.975,16641.984999999997,16659.5
2024-01-12 13:30:00+00:00,16658.95,16683.0,16658.95,16669.010000000002
2024-01-12 13:35:00+00:00,16669.5,16682.07,16667.504999999997,16676.495000000003
2024-01-12 13:40:00+00:00,16675.731,16679.975,16664.489999999998,16668.5
2024-01-12 13:45:00+00:00,16667.495000000003,16679.015000000003,16665.945,16679.015000000003
2024-01-12 13:50:00+00:00,16681.065,16694.02,16672.95,16694.02
2024-01-12 13:55:00+00:00,16692.0,16699.075,16684.05,16697.01
2024-01-12 14:00:00+00:00,16697.98,16702.575,16690.489999999998,16701.004999999997
2024-01-12 14:05:00+00:00,16700.495000000003,16706.0,16693.99,16697.93
2024-01-12 14:10:00+00:00,16697.5,16713.05,16696.925,16713.05
2024-01-12 14:15:00+00:00,16711.010000000002,16716.995000000003,16707.065,16709.015000000003
2024-01-12 14:20:00+00:00,16708.504999999997,16719.07,16707.975,16716.5
2024-01-12 14:25:00+00:00,16715.940000000002,16726.984999999997,16714.995000000003,16725.07
2024-01-12 14:30:00+00:00,16724.101000000002,16728.004999999997,16715.995000000003,16717.0
2024-01-12 14:35:00+00:00,16717.565,16739.435,16714.989999999998,16736.0
2024-01-12 14:40:00+00:00,16736.504999999997,16743.995000000003,16730.985,16737.015000000003
2024-01-12 14:45:00+00:00,16737.575,16752.515000000003,16736.48,16737.004999999997
2024-01-12 14:50:00+00:00,16737.489999999998,16743.45,16726.0,16728.995000000003
2024-01-12 14:55:00+00:00,16729.495000000003,16730.495000000003,16709.025,16711.510000000002
2024-01-12 15:00:00+00:00,16711.995000000003,16712.015,16694.935,16701.525
2024-01-12 15:05:00+00:00,16701.989999999998,16726.055,16701.510000000002,16720.495000000003
2024-01-12 15:10:00+00:00,16721.059999999998,16724.55,16703.504999999997,16708.504999999997
2024-01-12 15:15:00+00:00,16707.741,16721.495000000003,16693.984999999997,16694.510000000002
2024-01-12 15:20:00+00:00,16695.5,16706.995000000003,16695.495000000003,16705.525
2024-01-12 15:25:00+00:00,16706.010000000002,16707.5,16694.495000000003,16703.52
2024-01-12 15:30:00+00:00,16703.241,16708.945,16692.495000000003,16701.5
2024-01-12 15:35:00+00:00,16702.5,16705.52,16682.495000000003,16688.45
2024-01-12 15:40:00+00:00,16689.489999999998,16700.495000000003,16679.989999999998,16697.945
2024-01-12 15:45:00+00:00,16698.504999999997,16701.435,16677.984999999997,16679.510000000002
2024-01-12 15:50:00+00:00,16678.98,16682.484999999997,16664.489999999998,16666.48
2024-01-12 15:55:00+00:00,16666.010000000002,16682.515000000003,16664.435,16679.425
2024-01-12 16:00:00+00:00,16679.0,16682.484999999997,16672.575,16676.989999999998
2024-01-12 16:05:00+00:00,16677.504999999997,16687.504999999997,16670.43,16684.984999999997
2024-01-12 16:10:00+00:00,16684.731,16691.55,16674.45,16682.5
2024-01-12 16:15:00+00:00,16681.495000000003,16686.575,16673.445,16682.995000000003
2024-01-12 16:20:00+00:00,16682.711,16684.559999999998,16677.484999999997,16680.489999999998
2024-01-12 16:25:00+00:00,16680.0,16691.575,16679.935,16691.48
2024-01-12 16:30:00+00:00,16690.601000000002,16704.995000000003,16690.48,16704.515000000003
2024-01-12 16:35:00+00:00,16705.075,16705.52,16675.504999999997,16684.059999999998
2024-01-12 16:40:00+00:00,16684.525,16687.51,16678.489999999998,16684.5
2024-01-12 16:45:00+00:00,16684.014000000003,16690.025,16678.984999999997,16683.5
2024-01-12 16:50:00+00:00,16683.989999999998,16688.565,16677.51,16686.475
2024-01-12 16:55:00+00:00,16687.004999999997,16689.93,16682.440000000002,16687.5
2024-01-12 17:00:00+00:00,16688.07,16690.515000000003,16681.510000000002,16684.435
2024-01-12 17:05:00+00:00,16684.975,16692.504999999997,16684.975,16690.925
2024-01-12 17:10:00+00:00,16690.515000000003,16695.93,16688.004999999997,16692.0
2024-01-12 17:15:00+00:00,16692.504999999997,16694.5,16688.495000000003,16693.95
2024-01-12 17:20:00+00:00,16693.764000000003,16698.52,16690.989999999998,16690.989999999998
2024-01-12 17:25:00+00:00,16690.51,16693.5,16685.489999999998,16693.075
2024-01-12 17:30:00+00:00,16693.489999999998,16694.515,16688.995000000003,16693.025
2024-01-12 17:35:00+00:00,16692.495000000003,16692.510000000002,16687.51,16691.525
2024-01-12 17:40:00+00:00,16692.02,16696.004999999997,16687.984999999997,16695.575
2024-01-12 17:45:00+00:00,16695.189000000002,16695.489999999998,16690.504999999997,16693.98
2024-01-12 17:50:00+00:00,16693.759,16708.52,16692.495000000003,16706.98
2024-01-12 17:55:00+00:00,16707.515000000003,16708.45,16694.935,16700.440000000002
2024-01-12 18:00:00+00:00,16701.015000000003,16705.515000000003,16700.940000000002,16704.5
2024-01-12 18:05:00+00:00,16703.945,16706.989999999998,16700.995000000003,16706.565
2024-01-12 18:10:00+00:00,16707.065,16713.995000000003,16706.435,16710.575
2024-01-12 18:15:00+00:00,16711.015000000003,16713.510000000002,16707.995000000003,16711.5
2024-01-12 18:20:00+00:00,16712.015000000003,16718.565,16708.48,16712.985
2024-01-12 18:25:00+00:00,16713.55,16719.5,16713.45,16716.02
2024-01-12 18:30:00+00:00,16716.559999999998,16718.504999999997,16712.975,16716.489999999998
2024-01-12 18:35:00+00:00,16715.984999999997,16718.52,16711.475,16716.0
2024-01-12 18:40:00+00:00,16716.495000000003,16718.525,16714.440000000002,16717.475
2024-01-12 18:45:00+00:00,16716.984999999997,16718.475,16713.489999999998,16718.015
2024-01-12 18:50:00+00:00,16717.484999999997,16721.565,16715.45,16721.0
2024-01-12 18:55:00+00:00,16721.504999999997,16724.495000000003,16716.5,16721.004999999997
2024-01-12 19:00:00+00:00,16720.435,16722.57,16719.45,16721.5
2024-01-12 19:05:00+00:00,16721.995000000003,16722.065,16717.504999999997,16721.059999999998
2024-01-12 19:10:00+00:00,16720.525,16722.57,16717.984999999997,16720.995000000003
2024-01-12 19:15:00+00:00,16721.495000000003,16723.495000000003,16719.059999999998,16721.43
2024-01-12 19:20:00+00:00,16722.010000000002,16722.504999999997,16709.565,16717.004999999997
2024-01-12 19:25:00+00:00,16717.495000000003,16719.575,16715.48,16716.004999999997
2024-01-12 19:30:00+00:00,16716.43,16716.565,16701.984999999997,16706.01
2024-01-12 19:35:00+00:00,16705.495000000003,16709.5,16699.0,16707.515000000003
2024-01-12 19:40:00+00:00,16707.015000000003,16710.02,16703.485,16706.48
2024-01-12 19:45:00+00:00,16705.504999999997,16707.575,16703.55,16706.95
2024-01-12 19:50:00+00:00,16707.525,16711.510000000002,16705.489999999998,16707.504999999997
2024-01-12 19:55:00+00:00,16708.0,16710.515000000003,16703.485,16705.425
2024-01-12 20:00:00+00:00,16704.475,16706.525,16701.5,16703.515000000003
2024-01-12 20:05:00+00:00,16702.925,16709.575,16701.95,16704.925
2024-01-12 20:10:00+00:00,16704.559999999998,16708.025,16702.575,16705.484999999997
2024-01-12 20:15:00+00:00,16705.984999999997,16710.5,16704.484999999997,16704.484999999997
2024-01-12 20:20:00+00:00,16704.93,16706.515000000003,16695.52,16699.504999999997
2024-01-12 20:25:00+00:00,16698.984999999997,16710.515000000003,16698.440000000002,16706.995000000003
2024-01-12 20:30:00+00:00,16707.425,16713.555,16704.945,16713.555
2024-01-12 20:35:00+00:00,16712.565,16713.5,16709.05,16709.45
2024-01-12 20:40:00+00:00,16710.0,16715.51,16706.5,16714.515000000003
2024-01-12 20:45:00+00:00,16714.010000000002,16717.515000000003,16713.45,16716.489999999998
2024-01-12 20:50:00+00:00,16717.51,16717.559999999998,16712.49,16714.445
2024-01-12 20:55:00+00:00,16713.989999999998,16717.510000000002,16713.495000000003,16716.489999999998
2024-01-12 21:00:00+00:00,16715.984999999997,16715.984999999997,16715.984999999997,16715.984999999997
2024-01-15 00:00:00+00:00,16697.8,16699.559999999998,16693.405,16694.28
2024-01-15 00:05:00+00:00,16693.81,16695.165,16689.890000000003,16694.23
2024-01-15 00:10:00+00:00,16693.35,16695.085,16692.105,16695.085
2024-01-15 00:15:00+00:00,16690.975,16707.95,16690.975,16703.0
2024-01-15 00:20:00+00:00,16702.989999999998,16713.004999999997,16702.940000000002,16713.004999999997
2024-01-15 00:25:00+00:00,16712.475,16713.57,16710.49,16712.485
2024-01-15 00:30:00+00:00,16712.07,16712.504999999997,16707.95,16708.495000000003
2024-01-15 00:35:00+00:00,16709.01,16709.48,16708.440000000002,16708.98
2024-01-15 00:40:00+00:00,16708.5,16712.025,16708.475,16712.025
2024-01-15 00:45:00+00:00,16712.48,16717.575,16712.48,16714.5
2024-01-15 00:50:00+00:00,16715.504999999997,16722.425,16715.504999999997,16721.51
2024-01-15 00:55:00+00:00,16721.05,16723.055,16720.489999999998,16721.05
2024-01-15 01:00:00+00:00,16720.475,16723.510000000002,16720.475,16721.02
2024-01-15 01:05:00+00:00,16720.45,16725.015000000003,16720.435,16723.484999999997
2024-01-15 01:10:00+00:00,16723.02,16724.565,16717.0,16718.015000000003
2024-01-15 01:15:00+00:00,16718.48,16718.5,16711.565,16714.48
2024-01-15 01:20:00+00:00,16714.015000000003,16714.484999999997,16708.475,16711.075
2024-01-15 01:25:00+00:00,16711.515000000003,16713.984999999997,16708.49,16709.504999999997
2024-01-15 01:30:00+00:00,16708.515000000003,16710.565,16706.425,16709.989999999998
2024-01-15 01:35:00+00:00,16710.445,16716.065,16708.984999999997,16713.49
2024-01-15 01:40:00+00:00,16714.015000000003,16719.495000000003,16713.435,16718.98
2024-01-15 01:45:00+00:00,16718.565,16720.475,16715.935,16718.495000000003
2024-01-15 01:50:00+00:00,16718.940000000002,16723.489999999998,16718.489999999998,16722.57
2024-01-15 01:55:00+00:00,16723.075,16726.995000000003,16719.98,16725.495000000003
2024-01-15 02:00:00+00:00,16726.010000000002,16731.559999999998,16726.0,16731.559999999998
2024-01-15 02:05:00+00:00,16730.945,16732.02,16730.435,16731.489999999998
2024-01-15 02:10:00+00:00,16731.025,16733.52,16730.43,16732.565
2024-01-15 02:15:00+00:00,16732.07,16741.004999999997,16732.07,16738.995000000003
2024-01-15 02:20:00+00:00,16739.425,16742.510000000002,16738.0,16739.445
2024-01-15 02:25:00+00:00,16738.98,16741.995000000003,16738.435,16741.435
2024-01-15 02:30:00+00:00,16740.945,16742.515,16738.010000000002,16738.5
2024-01-15 02:35:00+00:00,16738.989999999998,16743.004999999997,16738.989999999998,16741.485
2024-01-15 02:40:00+00:00,16741.940000000002,16741.940000000002,16740.93,16741.5
2024-01-15 02:45:00+00:00,16743.015000000003,16743.015000000003,16738.510000000002,16738.945
2024-01-15 02:50:00+00:00,16739.515000000003,16747.059999999998,16739.0,16746.945
2024-01-15 02:55:00+00:00,16747.45,16751.55,16746.435,16751.52
2024-01-15 03:00:00+00:00,16751.995000000003,16757.945,16749.93,16750.984999999997
2024-01-15 03:05:00+00:00,16751.515,16762.940000000002,16751.515,16760.010000000002
2024-01-15 03:10:00+00:00,16761.5,16762.004999999997,16755.5,16755.5
2024-01-15 03:15:00+00:00,16756.004999999997,16759.5,16753.475,16753.484999999997
2024-01-15 03:20:00+00:00,16752.984999999997,16754.575,16752.984999999997,16754.525
2024-01-15 03:25:00+00:00,16754.935,16755.515000000003,16753.475,16754.555
2024-01-15 03:30:00+00:00,16754.273999999998,16759.5,16753.989999999998,16758.495000000003
2024-01-15 03:35:00+00:00,16759.0,16764.484999999997,16757.52,16762.43
2024-01-15 03:40:00+00:00,16759.504999999997,16768.495000000003,16759.489999999998,16766.07
2024-01-15 03:45:00+00:00,16766.495000000003,16766.995000000003,16763.989999999998,16765.5
2024-01-15 03:50:00+00:00,16766.05,16772.985,16765.995000000003,16770.98
2024-01-15 03:55:00+00:00,16771.525,16778.0,16769.0,16773.51
2024-01-15 04:00:00+00:00,16772.440000000002,16777.504999999997,16772.425,16773.485
2024-01-15 04:05:00+00:00,16772.5,16773.055,16769.559999999998,16771.49
2024-01-15 04:10:00+00:00,16771.995000000003,16784.0,16771.995000000003,16782.51
2024-01-15 04:15:00+00:00,16781.935,16785.504999999997,16780.484999999997,16781.559999999998
2024-01-15 04:20:00+00:00,16781.0,16782.575,16777.52,16780.435
2024-01-15 04:25:00+00:00,16781.055,16782.015000000003,16776.435,16777.93
2024-01-15 04:30:00+00:00,16778.495000000003,16778.575,16775.995000000003,16776.510000000002
2024-01-15 04:35:00+00:00,16777.004999999997,16781.510000000002,16776.475,16778.510000000002
2024-01-15 04:40:00+00:00,16778.015000000003,16778.99,16771.45,16774.555
2024-01-15 04:45:00+00:00,16775.0,16779.010000000002,16773.475,16778.010000000002
2024-01-15 04:50:00+00:00,16778.504999999997,16779.07,16777.5,16777.5
2024-01-15 04:55:00+00:00,16778.515000000003,16782.52,16778.489999999998,16782.515
2024-01-15 05:00:00+00:00,16783.004999999997,16783.52,16779.435,16781.559999999998
2024-01-15 05:05:00+00:00,16782.0,16782.575,16778.475,16782.48
2024-01-15 05:10:00+00:00,16782.0,16782.52,16776.45,16778.525
2024-01-15 05:15:00+00:00,16779.0,16782.010000000002,16777.995000000003,16778.510000000002
2024-01-15 05:20:00+00:00,16779.49,16779.49,16774.93,16775.055
2024-01-15 05:25:00+00:00,16775.555,16775.555,16771.495000000003,16772.5
2024-01-15 05:30:00+00:00,16773.010000000002,16773.989999999998,16767.43,16767.5
2024-01-15 05:35:00+00:00,16768.02,16773.575,16768.02,16773.52
2024-01-15 05:40:00+00:00,16772.995000000003,16773.0,16767.0,16768.575
2024-01-15 05:45:00+00:00,16767.985,16769.5,16766.98,16768.489999999998
2024-01-15 05:50:00+00:00,16769.525,16769.555,16765.49,16768.510000000002
2024-01-15 05:55:00+00:00,16769.515000000003,16769.555,16762.45,16765.504999999997
2024-01-15 06:00:00+00:00,16764.994,16769.489999999998,16764.48,16768.010000000002
2024-01-15 06:05:00+00:00,16768.495000000003,16769.995000000003,16762.575,16769.445
2024-01-15 06:10:00+00:00,16769.985,16773.984999999997,16767.49,16773.984999999997
2024-01-15 06:15:00+00:00,16774.51,16780.435,16773.0,16778.995000000003
2024-01-15 06:20:00+00:00,16778.504999999997,16781.49,16773.475,16776.45
2024-01-15 06:25:00+00:00,16776.489999999998,16776.489999999998,16772.440000000002,16773.425
2024-01-15 06:30:00+00:00,16773.010000000002,16773.515000000003,16764.5,16764.555
2024-01-15 06:35:00+00:00,16765.025,16770.495000000003,16763.495000000003,16768.515
2024-01-15 06:40:00+00:00,16767.495000000003,16770.495000000003,16764.485,16767.975
2024-01-15 06:45:00+00:00,16769.555,16772.515,16768.495000000003,16771.504999999997
2024-01-15 06:50:00+00:00,16771.0,16776.495000000003,16771.0,16775.425
2024-01-15 06:55:00+00:00,16774.93,16776.525,16771.48,16772.995000000003
2024-01-15 07:00:00+00:00,16770.945,16789.484999999997,16766.504999999997,16785.0
2024-01-15 07:05:00+00:00,16786.010000000002,16790.995000000003,16781.99,16783.0
2024-01-15 07:10:00+00:00,16782.435,16791.055,16782.435,16789.925
2024-01-15 07:15:00+00:00,16789.495000000003,16790.015,16768.984999999997,16769.975
2024-01-15 07:20:00+00:00,16770.504999999997,16772.989999999998,16759.935,16765.525
2024-01-15 07:25:00+00:00,16765.004999999997,16769.07,16762.995000000003,16765.0
2024-01-15 07:30:00+00:00,16766.5,16767.02,16749.435,16750.065
2024-01-15 07:35:00+00:00,16750.495000000003,16754.5,16734.004999999997,16734.5
2024-01-15 07:40:00+00:00,16734.015000000003,16738.515000000003,16729.95,16730.940000000002
2024-01-15 07:45:00+00:00,16732.07,16733.07,16722.515000000003,16733.055
2024-01-15 07:50:00+00:00,16733.504999999997,16738.055,16724.515,16726.5
2024-01-15 07:55:00+00:00,16725.989999999998,16731.99,16724.495000000003,16727.995000000003
2024-01-15 08:00:00+00:00,16729.075,16730.0,16708.48,16712.02
2024-01-15 08:05:00+00:00,16712.251,16735.059999999998,16711.484999999997,16734.02
2024-01-15 08:10:00+00:00,16733.510000000002,16735.015000000003,16716.989999999998,16725.504999999997
2024-01-15 08:15:00+00:00,16724.989999999998,16726.984999999997,16708.984999999997,16715.49
2024-01-15 08:20:00+00:00,16716.025,16730.075,16713.445,16723.015
2024-01-15 08:25:00+00:00,16723.495000000003,16729.075,16716.059999999998,16723.025
2024-01-15 08:30:00+00:00,16722.220999999998,16722.510000000002,16686.015,16690.0
2024-01-15 08:35:00+00:00,16689.0,16705.0,16680.984999999997,16704.055
2024-01-15 08:40:00+00:00,16705.015,16705.015,16671.995000000003,16680.004999999997
2024-01-15 08:45:00+00:00,16679.741,16683.0,16666.93,16677.010000000002
2024-01-15 08:50:00+00:00,16678.055,16682.065,16665.435,16666.015000000003
2024-01-15 08:55:00+00:00,16666.559999999998,16668.0,16642.504999999997,16645.02
2024-01-15 09:00:00+00:00,16644.504999999997,16651.055,16628.0,16651.055
2024-01-15 09:05:00+00:00,16651.5,16661.57,16646.0,16657.015
2024-01-15 09:10:00+00:00,16656.004999999997,16670.01,16652.504999999997,16666.495000000003
2024-01-15 09:15:00+00:00,16667.015000000003,16684.510000000002,16660.010000000002,16683.510000000002
2024-01-15 09:20:00+00:00,16684.0,16693.989999999998,16675.43,16687.445
2024-01-15 09:25:00+00:00,16686.995000000003,16693.004999999997,16680.510000000002,16691.52
2024-01-15 09:30:00+00:00,16691.004999999997,16694.07,16686.0,16689.075
2024-01-15 09:35:00+00:00,16688.510000000002,16691.995000000003,16673.985,16675.07
2024-01-15 09:40:00+00:00,16674.57,16676.004999999997,16657.48,16658.995000000003
2024-01-15 09:45:00+00:00,16660.010000000002,16666.059999999998,16650.995000000003,16662.5
2024-01-15 09:50:00+00:00,16661.751,16673.0,16654.0,16654.525
2024-01-15 09:55:00+00:00,16654.935,16673.565,16650.93,16673.565
2024-01-15 10:00:00+00:00,16672.489999999998,16680.010000000002,16667.989999999998,16673.435
2024-01-15 10:05:00+00:00,16674.0,16680.07,16655.945,16656.425
2024-01-15 10:10:00+00:00,16656.01,16667.010000000002,16652.975,16652.975
2024-01-15 10:15:00+00:00,16652.48,16661.004999999997,16645.495000000003,16659.0
2024-01-15 10:20:00+00:00,16659.475,16674.995000000003,16657.98,16671.495000000003
2024-01-15 10:25:00+00:00,16670.701,16673.015000000003,16655.5,16658.504999999997
2024-01-15 10:30:00+00:00,16658.241,16664.515000000003,16652.495000000003,16653.02
2024-01-15 10:35:00+00:00,16651.995000000003,16659.55,16644.0,16653.07
2024-01-15 10:40:00+00:00,16652.504999999997,16666.0,16651.004999999997,16661.495000000003
2024-01-15 10:45:00+00:00,16660.525,16664.495000000003,16649.925,16660.565
2024-01-15 10:50:00+00:00,16660.010000000002,16667.0,16658.98,16663.525
2024-01-15 10:55:00+00:00,16664.510000000002,16673.510000000002,16664.510000000002,16670.059999999998
2024-01-15 11:00:00+00:00,16669.004999999997,16673.0,16654.984999999997,16654.984999999997
2024-01-15 11:05:00+00:00,16655.211,16661.489999999998,16648.935,16659.02
2024-01-15 11:10:00+00:00,16659.475,16662.02,16653.489999999998,16655.495000000003
2024-01-15 11:15:00+00:00,16656.010000000002,16656.98,16640.925,16649.48
2024-01-15 11:20:00+00:00,16649.065,16649.065,16639.95,16640.025
2024-01-15 11:25:00+00:00,16640.48,16645.05,16633.989999999998,16639.5
2024-01-15 11:30:00+00:00,16639.211,16640.004999999997,16634.975,16636.055
2024-01-15 11:35:00+00:00,16635.101000000002,16659.995000000003,16633.935,16657.559999999998
2024-01-15 11:40:00+00:00,16657.984999999997,16668.5,16651.45,16651.45
2024-01-15 11:45:00+00:00,16652.02,16653.059999999998,16642.43,16651.015000000003
2024-01-15 11:50:00+00:00,16650.510000000002,16660.995000000003,16648.0,16655.49
2024-01-15 11:55:00+00:00,16655.935,16658.510000000002,16649.495000000003,16652.5
2024-01-15 12:00:00+00:00,16653.025,16653.06,16643.989999999998,16650.01
2024-01-15 12:05:00+00:00,16651.075,16664.010000000002,16650.985,16662.510000000002
2024-01-15 12:10:00+00:00,16663.489999999998,16664.07,16652.0,16658.5
2024-01-15 12:15:00+00:00,16658.220999999998,16663.02,16655.98,16658.525
2024-01-15 12:20:00+00:00,16657.995000000003,16664.0,16655.0,16657.525
2024-01-15 12:25:00+00:00,16656.995000000003,16661.015000000003,16654.975,16658.995000000003
2024-01-15 12:30:00+00:00,16657.995000000003,16662.52,16641.0,16641.0
2024-01-15 12:35:00+00:00,16640.504999999997,16647.015,16640.004999999997,16646.01
2024-01-15 12:40:00+00:00,16645.489999999998,16650.52,16644.004999999997,16649.995000000003
2024-01-15 12:45:00+00:00,16649.731,16656.98,16643.935,16650.925
2024-01-15 12:50:00+00:00,16650.010000000002,16652.510000000002,16642.43,16645.0
2024-01-15 12:55:00+00:00,16643.98,16643.98,16629.015000000003,16631.995000000003
2024-01-15 13:00:00+00:00,16632.504999999997,16636.0,16617.565,16618.440000000002
2024-01-15 13:05:00+00:00,16619.015000000003,16627.495000000003,16618.0,16621.57
2024-01-15 13:10:00+00:00,16622.0,16622.989999999998,16610.975,16616.065
2024-01-15 13:15:00+00:00,16614.989999999998,16631.004999999997,16610.925,16631.004999999997
2024-01-15 13:20:00+00:00,16629.559999999998,16645.510000000002,16627.984999999997,16644.995000000003
2024-01-15 13:25:00+00:00,16645.5,16649.0,16634.925,16634.925
2024-01-15 13:30:00+00:00,16635.495000000003,16640.055,16630.004999999997,16632.055
2024-01-15 13:35:00+00:00,16631.510000000002,16641.05,16631.510000000002,16636.0
2024-01-15 13:40:00+00:00,16634.984999999997,16637.004999999997,16626.940000000002,16636.495000000003
2024-01-15 13:45:00+00:00,16636.055,16642.495000000003,16633.925,16635.025
2024-01-15 13:50:00+00:00,16635.5,16638.075,16628.99,16630.484999999997
2024-01-15 13:55:00+00:00,16630.995000000003,16632.004999999997,16624.5,16629.004999999997
2024-01-15 14:00:00+00:00,16629.495000000003,16632.98,16622.05,16622.05
2024-01-15 14:05:00+00:00,16623.010000000002,16626.995000000003,16617.015,16620.93
2024-01-15 14:10:00+00:00,16620.435,16622.004999999997,16612.02,16619.0
2024-01-15 14:15:00+00:00,16618.0,16632.010000000002,16617.0,16628.425
2024-01-15 14:20:00+00:00,16628.004999999997,16628.004999999997,16615.059999999998,16617.0
2024-01-15 14:25:00+00:00,16616.5,16632.504999999997,16615.95,16632.440000000002
2024-01-15 14:30:00+00:00,16632.015,16635.075,16616.004999999997,16620.989999999998
2024-01-15 14:35:00+00:00,16621.925,16625.984999999997,16617.945,16618.489999999998
2024-01-15 14:40:00+00:00,16618.004999999997,16618.015000000003,16607.945,16610.065
2024-01-15 14:45:00+00:00,16609.0,16619.075,16608.004999999997,16618.995000000003
2024-01-15 14:50:00+00:00,16618.101000000002,16621.55,16610.510000000002,16617.504999999997
2024-01-15 14:55:00+00:00,16617.015,16636.02,16616.504999999997,16632.95
2024-01-15 15:00:00+00:00,16632.241,16632.515,16617.925,16620.989999999998
2024-01-15 15:05:00+00:00,16621.435,16637.515000000003,16620.989999999998,16636.515000000003
2024-01-15 15:10:00+00:00,16636.015000000003,16643.059999999998,16634.010000000002,16639.95
2024-01-15 15:15:00+00:00,16640.49,16644.989999999998,16639.984999999997,16643.95
2024-01-15 15:20:00+00:00,16643.720999999998,16654.0,16641.98,16653.555
2024-01-15 15:25:00+00:00,16653.015000000003,16653.015000000003,16636.925,16640.484999999997
2024-01-15 15:30:00+00:00,16641.004999999997,16642.065,16631.925,16635.445
2024-01-15 15:35:00+00:00,16636.02,16647.989999999998,16635.45,16641.995000000003
2024-01-15 15:40:00+00:00,16642.504999999997,16645.02,16636.940000000002,16637.995000000003
2024-01-15 15:45:00+00:00,16638.55,16641.025,16631.010000000002,16637.93
2024-01-15 15:50:00+00:00,16637.440000000002,16639.52,16633.933500000003,16635.4945
2024-01-15 15:55:00+00:00,16635.983500000002,16635.983500000002,16630.0,16632.489
2024-01-15 16:00:00+00:00,16632.0,16634.9835,16623.4945,16627.989
2024-01-15 16:05:00+00:00,16628.489,16632.0,16621.9835,16626.5
2024-01-15 16:10:00+00:00,16628.0,16636.05,16626.066499999997,16628.978
2024-01-15 16:15:00+00:00,16629.4945,16632.060999999998,16621.489,16627.0
2024-01-15 16:20:00+00:00,16625.9835,16627.022,16622.011,16625.5
2024-01-15 16:25:00+00:00,16626.066499999997,16629.060999999998,16623.0555,16629.0055
2024-01-15 16:30:00+00:00,16627.989,16632.0,16620.933500000003,16622.0
2024-01-15 16:35:00+00:00,16622.5,16625.5055,16617.9445,16619.989
2024-01-15 16:40:00+00:00,16620.989,16620.989,16614.978,16616.0055
2024-01-15 16:45:00+00:00,16615.0,16618.0,16611.939000000002,16614.022
2024-01-15 16:50:00+00:00,16614.5055,16617.05,16609.9945,16611.939000000002
2024-01-15 16:55:00+00:00,16612.5055,16613.0165,16611.0055,16611.989
2024-01-15 17:00:00+00:00,16612.511,16617.0055,16611.022,16615.0
2024-01-15 17:05:00+00:00,16615.478,16622.0055,16615.478,16622.0
2024-01-15 17:10:00+00:00,16621.0,16623.011,16619.0,16619.0055
2024-01-15 17:15:00+00:00,16618.5055,16623.011,16618.016499999998,16622.511
2024-01-15 17:20:00+00:00,16623.0165,16623.0165,16619.483500000002,16620.4945
2024-01-15 17:25:00+00:00,16620.9945,16622.0165,16617.9835,16621.0
2024-01-15 17:30:00+00:00,16620.433500000003,16624.022,16620.433500000003,16623.989
2024-01-15 17:35:00+00:00,16623.566499999997,16628.0,16622.939000000002,16627.989
2024-01-15 17:40:00+00:00,16627.489,16628.066499999997,16626.489,16627.5
2024-01-15 17:45:00+00:00,16627.016499999998,16628.9945,16626.9945,16628.011
2024-01-15 17:50:00+00:00,16626.989,16627.516499999998,16625.022,16627.0055
2024-01-15 17:55:00+00:00,16627.478,16629.072,16626.933500000003,16629.072
2024-01-15 18:00:00+00:00,16628.428,16629.0055,16624.9445,16624.9445
2024-01-15 18:05:00+00:00,16625.5055,16626.0055,16624.0555,16624.0555
2024-01-15 18:10:00+00:00,16624.511,16624.511,16621.939000000002,16622.4945
2024-01-15 18:15:00+00:00,16622.0,16623.060999999998,16621.989,16621.989
2024-01-15 18:20:00+00:00,16621.4945,16622.0555,16619.933500000003,16621.5055
2024-01-15 18:25:00+00:00,16620.989,16622.011,16620.9835,16620.9835
2024-01-15 18:30:00+00:00,16619.9945,16623.011,16619.9945,16622.428
2024-01-15 18:35:00+00:00,16623.0055,16626.0,16622.4945,16625.4945
2024-01-15 18:40:00+00:00,16624.9945,16626.489,16624.9945,16626.439000000002
2024-01-15 18:45:00+00:00,16626.0,16626.0,16624.489,16624.933500000003
2024-01-15 18:55:00+00:00,16624.483500000002,16625.016499999998,16623.989,16625.016499999998
2024-01-15 19:00:00+00:00,16624.060999999998,16624.060999999998,16624.060999999998,16624.060999999998
2024-01-15 19:05:00+00:00,16625.5055,16627.066499999997,16624.9945,16627.066499999997
2024-01-15 19:10:00+00:00,16627.5,16629.0055,16626.978,16629.0055
2024-01-15 19:15:00+00:00,16629.5165,16630.9945,16628.928,16630.9945
2024-01-15 19:20:00+00:00,16630.511,16631.9945,16630.0,16630.0
2024-01-15 19:25:00+00:00,16628.989,16629.433500000003,16628.022,16628.022
2024-01-15 19:30:00+00:00,16628.439000000002,16629.011,16628.433500000003,16629.0055
2024-01-15 19:35:00+00:00,16628.5,16629.066499999997,16628.5,16629.066499999997
2024-01-15 19:40:00+00:00,16629.9945,16629.9945,16628.483500000002,16628.983500000002
2024-01-15 19:45:00+00:00,16628.489,16628.489,16626.9945,16626.9945
2024-01-15 19:50:00+00:00,16626.0055,16626.0055,16620.0,16621.433500000003
2024-01-15 19:55:00+00:00,16621.0055,16622.072,16620.0,16622.072
2024-01-15 20:00:00+00:00,16622.4945,16625.0165,16622.4945,16625.0165
2024-01-15 20:05:00+00:00,16625.928,16626.0165,16625.439000000002,16625.989
2024-01-15 20:10:00+00:00,16626.4445,16626.5055,16625.511,16626.489
2024-01-15 20:15:00+00:00,16627.0,16628.489,16627.0,16628.489
2024-01-15 20:20:00+00:00,16627.9945,16627.9945,16627.9945,16627.9945
2024-01-15 20:25:00+00:00,16626.5555,16627.489,16625.978,16625.978
2024-01-15 20:30:00+00:00,16625.0555,16625.489,16623.989,16625.0
2024-01-15 20:35:00+00:00,16625.5,16626.072,16623.928,16626.011
2024-01-15 20:40:00+00:00,16625.4835,16626.9945,16624.939000000002,16626.011
2024-01-15 20:45:00+00:00,16626.983500000002,16626.983500000002,16624.9835,16625.978
2024-01-15 20:50:00+00:00,16627.022,16628.9945,16625.978,16628.9945
2024-01-15 20:55:00+00:00,16629.9945,16631.4835,16628.989,16630.0
2024-01-15 23:00:00+00:00,16632.7945,16634.5055,16618.25,16618.2945
2024-01-15 23:05:00+00:00,16617.5555,16621.816499999997,16614.733500000002,16620.110999999997
2024-01-15 23:10:00+00:00,16620.922,16623.522,16620.089,16622.761
2024-01-15 23:15:00+00:00,16623.028,16625.35,16622.628,16624.389000000003
2024-01-15 23:20:00+00:00,16625.366499999996,16626.2055,16623.328,16623.328
2024-01-15 23:25:00+00:00,16622.4945,16622.4945,16615.6,16615.6
2024-01-15 23:30:00+00:00,16616.0,16616.433500000003,16609.144500000002,16613.0055
2024-01-15 23:35:00+00:00,16613.8055,16613.8055,16611.211,16613.072
2024-01-15 23:40:00+00:00,16613.8165,16614.766499999998,16609.433500000003,16611.1945
2024-01-15 23:45:00+00:00,16611.639000000003,16612.105499999998,16609.478,16609.5
2024-01-15 23:50:00+00:00,16608.55,16612.1665,16608.55,16611.1945
2024-01-15 23:55:00+00:00,16610.472,16611.2055,16603.711,16604.6
2024-01-16 00:00:00+00:00,16603.711,16604.6,16586.1665,16592.2
2024-01-16 00:05:00+00:00,16591.3055,16592.216500000002,16587.7445,16591.3165
2024-01-16 00:10:00+00:00,16590.3835,16595.066499999997,16588.683500000003,16595.066499999997
2024-01-16 00:15:00+00:00,16618.511,16618.511,16590.5,16592.428
2024-01-16 00:20:00+00:00,16592.45,16601.483500000002,16592.45,16594.5
2024-01-16 00:25:00+00:00,16594.0055,16594.4945,16584.9835,16587.011
2024-01-16 00:30:00+00:00,16587.572,16588.489,16582.489,16582.489
2024-01-16 00:35:00+00:00,16583.0,16583.5165,16577.9835,16577.9835
2024-01-16 00:40:00+00:00,16578.433500000003,16578.478,16568.572,16570.933500000003
2024-01-16 00:45:00+00:00,16570.489,16578.5055,16570.489,16578.483500000002
2024-01-16 00:50:00+00:00,16578.0055,16578.0055,16571.4835,16571.489
2024-01-16 00:55:00+00:00,16570.933500000003,16573.060999999998,16566.5,16566.5
2024-01-16 01:00:00+00:00,16567.4445,16568.4445,16555.9945,16558.566499999997
2024-01-16 01:05:00+00:00,16558.933500000003,16559.5165,16555.5,16556.0055
2024-01-16 01:10:00+00:00,16556.511,16558.5555,16554.939000000002,16557.0
2024-01-16 01:15:00+00:00,16557.5165,16561.989,16555.4445,16557.5555
2024-01-16 01:20:00+00:00,16557.933500000003,16562.5,16555.0,16560.011
2024-01-16 01:25:00+00:00,16559.5,16568.0055,16556.4945,16568.0055
2024-01-16 01:30:00+00:00,16568.511,16573.939000000002,16566.989,16571.928
2024-01-16 01:35:00+00:00,16571.022,16581.5,16570.9945,16574.933500000003
2024-01-16 01:40:00+00:00,16574.55,16585.5,16571.016499999998,16582.5555
2024-01-16 01:45:00+00:00,16582.928,16587.566499999997,16581.5055,16583.0055
2024-01-16 01:50:00+00:00,16583.5165,16588.011,16580.5,16587.4445
2024-01-16 01:55:00+00:00,16587.983500000002,16589.0,16585.4945,16586.9835
2024-01-16 02:00:00+00:00,16587.4945,16587.511,16579.022,16580.511
2024-01-16 02:05:00+00:00,16580.9945,16594.0165,16580.9945,16589.933500000003
2024-01-16 02:10:00+00:00,16590.516499999998,16594.060999999998,16588.9835,16593.5055
2024-01-16 02:15:00+00:00,16594.060999999998,16594.066499999997,16590.939000000002,16592.0055
2024-01-16 02:20:00+00:00,16592.928,16592.928,16587.939000000002,16590.011
2024-01-16 02:25:00+00:00,16590.4945,16592.0055,16588.9945,16591.483500000002
2024-01-16 02:30:00+00:00,16591.254500000003,16591.511,16583.016499999998,16583.939000000002
2024-01-16 02:35:00+00:00,16583.45,16586.939000000002,16582.0,16582.489
2024-01-16 02:40:00+00:00,16582.0,16584.511,16581.572,16582.433500000003
2024-01-16 02:45:00+00:00,16582.0055,16582.0055,16577.9945,16578.511
2024-01-16 02:50:00+00:00,16578.95,16580.5165,16574.0165,16579.0055
2024-01-16 02:55:00+00:00,16577.939000000002,16578.5165,16571.95,16575.0055
2024-01-16 03:00:00+00:00,16575.4835,16577.011,16567.9445,16568.4835
2024-01-16 03:05:00+00:00,16568.9835,16570.572,16566.0555,16568.433500000003
2024-01-16 03:10:00+00:00,16567.478,16569.05,16565.022,16568.011
2024-01-16 03:15:00+00:00,16566.989,16568.0,16560.933500000003,16561.5055
2024-01-16 03:20:00+00:00,16562.0,16563.5555,16558.983500000002,16561.9945
2024-01-16 03:25:00+00:00,16561.4945,16564.0,16557.072,16558.0055
2024-01-16 03:30:00+00:00,16557.489,16557.9945,16554.428,16556.933500000003
2024-01-16 03:35:00+00:00,16556.5055,16561.016499999998,16550.016499999998,16552.933500000003
2024-01-16 03:40:00+00:00,16553.5,16554.022,16549.4445,16551.9835
2024-01-16 03:45:00+00:00,16552.5,16557.560999999998,16551.939000000002,16557.478
2024-01-16 03:50:00+00:00,16557.011,16559.022,16556.55,16558.4945
2024-01-16 03:55:00+00:00,16557.989,16559.489,16555.989,16555.989
2024-01-16 04:00:00+00:00,16556.5,16561.0,16553.928,16557.989
2024-01-16 04:05:00+00:00,16558.5555,16559.511,16554.0,16554.0
2024-01-16 04:10:00+00:00,16552.978,16553.066499999997,16547.4945,16551.5
2024-01-16 04:15:00+00:00,16551.95,16555.5055,16551.5555,16552.9945
2024-01-16 04:20:00+00:00,16552.5055,16554.0,16552.439000000002,16552.478
2024-01-16 04:25:00+00:00,16551.989,16555.511,16549.0055,16550.0055
2024-01-16 04:30:00+00:00,16550.5055,16552.5055,16548.9835,16552.0
2024-01-16 04:35:00+00:00,16551.516499999998,16554.0,16548.928,16550.45
2024-01-16 04:40:00+00:00,16550.0055,16550.511,16548.5,16549.022
2024-01-16 04:45:00+00:00,16548.45,16548.45,16530.9835,16535.939000000002
2024-01-16 04:50:00+00:00,16535.511,16541.0055,16534.428,16538.0055
2024-01-16 04:55:00+00:00,16539.989,16547.560999999998,16538.983500000002,16545.511
2024-01-16 05:00:00+00:00,16545.989,16546.060999999998,16537.5,16539.95
2024-01-16 05:05:00+00:00,16540.572,16546.489,16538.4945,16545.072
2024-01-16 05:10:00+00:00,16544.4945,16548.560999999998,16543.9945,16546.428
2024-01-16 05:15:00+00:00,16547.0055,16551.072,16545.489,16550.0
2024-01-16 05:20:00+00:00,16551.0,16552.9945,16542.0,16543.939000000002
2024-01-16 05:25:00+00:00,16543.5055,16552.05,16541.933500000003,16547.9945
2024-01-16 05:30:00+00:00,16548.4945,16550.0,16542.5,16543.5055
2024-01-16 05:35:00+00:00,16544.016499999998,16545.060999999998,16536.5,16538.060999999998
2024-01-16 05:40:00+00:00,16538.5,16545.011,16537.066499999997,16544.5
2024-01-16 05:45:00+00:00,16545.4945,16547.072,16543.939000000002,16546.5055
2024-01-16 05:50:00+00:00,16547.0555,16547.0555,16544.4445,16544.5
2024-01-16 05:55:00+00:00,16543.4945,16545.0,16537.011,16541.0
2024-01-16 06:00:00+00:00,16539.999,16540.0,16530.95,16533.55
2024-01-16 06:05:00+00:00,16533.260000000002,16533.511,16529.928,16533.072
2024-01-16 06:10:00+00:00,16532.5,16545.0,16531.0055,16543.0
2024-01-16 06:15:00+00:00,16543.511,16550.0,16543.016499999998,16545.022
2024-01-16 06:20:00+00:00,16546.989,16549.0,16541.4945,16543.0
2024-01-16 06:25:00+00:00,16543.4945,16549.022,16543.0055,16548.489
2024-01-16 06:30:00+00:00,16549.0055,16549.0055,16538.9445,16546.016499999998
2024-01-16 06:35:00+00:00,16545.5055,16550.016499999998,16544.9945,16548.978
2024-01-16 06:40:00+00:00,16548.522,16551.4445,16547.060999999998,16548.9835
2024-01-16 06:45:00+00:00,16548.511,16549.0,16544.983500000002,16548.0055
2024-01-16 06:50:00+00:00,16548.5055,16548.989,16534.9445,16536.9835
2024-01-16 06:55:00+00:00,16537.566499999997,16546.489,16536.5165,16545.489
2024-01-16 07:00:00+00:00,16546.011,16561.0,16534.0,16554.0
2024-01-16 07:05:00+00:00,16551.95,16551.95,16535.0055,16535.0055
2024-01-16 07:10:00+00:00,16534.011,16535.0055,16520.4945,16522.0
2024-01-16 07:15:00+00:00,16521.5055,16531.5,16519.9445,16526.933500000003
2024-01-16 07:20:00+00:00,16527.489,16541.4945,16525.483500000002,16538.489
2024-01-16 07:25:00+00:00,16541.4945,16551.55,16536.428,16545.5165
2024-01-16 07:30:00+00:00,16544.9945,16546.511,16538.5555,16541.060999999998
2024-01-16 07:35:00+00:00,16540.5165,16551.4835,16539.9445,16550.933500000003
2024-01-16 07:40:00+00:00,16551.572,16556.0,16549.5,16555.5
2024-01-16 07:45:00+00:00,16555.6935,16563.978,16553.5,16561.011
2024-01-16 07:50:00+00:00,16559.928,16575.55,16558.4445,16560.011
2024-01-16 07:55:00+00:00,16560.489,16560.5055,16544.4945,16545.05
2024-01-16 08:00:00+00:00,16545.0,16545.0,16475.516499999998,16491.9945
2024-01-16 08:05:00+00:00,16494.011,16514.989,16489.439000000002,16498.060999999998
2024-01-16 08:10:00+00:00,16497.0055,16499.511,16477.011,16479.05
2024-01-16 08:15:00+00:00,16480.0055,16506.0055,16470.4945,16490.5555
2024-01-16 08:20:00+00:00,16489.5055,16528.0055,16481.9945,16516.983500000002
2024-01-16 08:25:00+00:00,16517.45,16520.5555,16491.511,16494.9945
2024-01-16 08:30:00+00:00,16494.5,16520.522,16492.016499999998,16513.4945
2024-01-16 08:35:00+00:00,16513.989,16524.560999999998,16502.516499999998,16521.939000000002
2024-01-16 08:40:00+00:00,16522.560999999998,16523.0055,16498.483500000002,16503.933500000003
2024-01-16 08:45:00+00:00,16504.45,16534.022,16504.45,16533.0055
2024-01-16 08:50:00+00:00,16534.428,16536.489,16514.978,16531.5055
2024-01-16 08:55:00+00:00,16530.95,16532.5165,16515.060999999998,16515.060999999998
2024-01-16 09:00:00+00:00,16515.821000000004,16544.511,16515.821000000004,16538.0555
2024-01-16 09:05:00+00:00,16537.433500000003,16550.560999999998,16533.439000000002,16545.9945
2024-01-16 09:10:00+00:00,16545.723,16554.5055,16542.5,16552.989
2024-01-16 09:15:00+00:00,16552.701,16558.5,16538.9945,16546.5
2024-01-16 09:20:00+00:00,16545.745000000003,16552.05,16527.5165,16530.978
2024-01-16 09:25:00+00:00,16530.483500000002,16534.566499999997,16510.511,16512.066499999997
2024-01-16 09:30:00+00:00,16511.522,16541.022,16506.439000000002,16539.439000000002
2024-01-16 09:35:00+00:00,16539.245000000003,16540.9945,16529.5,16535.489
2024-01-16 09:40:00+00:00,16536.072,16536.072,16525.4445,16528.060999999998
2024-01-16 09:45:00+00:00,16528.489,16533.4835,16510.5,16514.928
2024-01-16 09:50:00+00:00,16513.989,16539.0,16509.489,16537.9945
2024-01-16 09:55:00+00:00,16537.433500000003,16537.433500000003,16519.5,16525.0555
2024-01-16 10:00:00+00:00,16524.245000000003,16526.572,16508.4835,16518.0
2024-01-16 10:05:00+00:00,16517.45,16519.5,16510.95,16515.511
2024-01-16 10:10:00+00:00,16514.5055,16521.5,16501.4945,16507.5
2024-01-16 10:15:00+00:00,16506.745000000003,16513.016499999998,16493.511,16501.572
2024-01-16 10:20:00+00:00,16500.511,16511.5555,16500.428,16502.572
2024-01-16 10:25:00+00:00,16502.0,16508.511,16495.5055,16500.928
2024-01-16 10:30:00+00:00,16501.489,16506.5165,16493.933500000003,16506.5
2024-01-16 10:35:00+00:00,16504.4945,16525.072,16504.4945,16524.572
2024-01-16 10:40:00+00:00,16524.245000000003,16530.066499999997,16519.433500000003,16524.4945
2024-01-16 10:45:00+00:00,16523.939000000002,16528.5055,16514.5055,16518.511
2024-01-16 10:50:00+00:00,16519.060999999998,16519.516499999998,16505.4945,16506.566499999997
2024-01-16 10:55:00+00:00,16506.245000000003,16509.0,16500.4445,16507.511
2024-01-16 11:00:00+00:00,16507.0,16512.560999999998,16499.9945,16502.0
2024-01-16 11:05:00+00:00,16500.4945,16518.9945,16499.9945,16512.011
2024-01-16 11:10:00+00:00,16511.511,16515.511,16506.439000000002,16514.016499999998
2024-01-16 11:15:00+00:00,16513.560999999998,16523.4945,16512.428,16519.011
2024-01-16 11:20:00+00:00,16519.4945,16522.5055,16506.5055,16513.478
2024-01-16 11:25:00+00:00,16513.0055,16522.066499999997,16511.983500000002,16515.516499999998
2024-01-16 11:30:00+00:00,16515.9945,16525.0,16513.55,16513.55
2024-01-16 11:35:00+00:00,16513.978,16521.522,16513.0055,16514.4835
2024-01-16 11:40:00+00:00,16515.4945,16519.5,16509.016499999998,16513.572
2024-01-16 11:45:00+00:00,16512.95,16536.572,16512.95,16536.022
2024-01-16 11:50:00+00:00,16537.0,16548.483500000002,16536.989,16544.989
2024-01-16 11:55:00+00:00,16544.0,16552.566499999997,16542.478,16552.011
2024-01-16 12:00:00+00:00,16551.55,16563.433500000003,16551.55,16558.55
2024-01-16 12:05:00+00:00,16557.439000000002,16567.522,16556.5055,16567.5
2024-01-16 12:10:00+00:00,16567.9835,16570.511,16554.5,16554.9945
2024-01-16 12:15:00+00:00,16555.5055,16562.5555,16550.433500000003,16554.016499999998
2024-01-16 12:20:00+00:00,16554.5165,16556.5,16543.0,16548.983500000002
2024-01-16 12:25:00+00:00,16549.4445,16560.560999999998,16546.4945,16556.5165
2024-01-16 12:30:00+00:00,16556.022,16565.0055,16554.9945,16557.0
2024-01-16 12:35:00+00:00,16556.0055,16572.072,16553.939000000002,16571.0
2024-01-16 12:40:00+00:00,16572.483500000002,16578.5,16566.428,16567.5
2024-01-16 12:45:00+00:00,16567.9945,16574.516499999998,16564.05,16573.478
2024-01-16 12:50:00+00:00,16574.05,16575.5165,16563.572,16570.072
2024-01-16 12:55:00+00:00,16570.5,16572.0055,16561.933500000003,16567.0555
2024-01-16 13:00:00+00:00,16567.560999999998,16571.5,16559.439000000002,16561.433500000003
2024-01-16 13:05:00+00:00,16560.5,16565.55,16555.5,16557.0555
2024-01-16 13:10:00+00:00,16556.4945,16563.572,16539.5,16539.989
2024-01-16 13:15:00+00:00,16540.4835,16558.45,16539.9945,16554.5055
2024-01-16 13:20:00+00:00,16556.011,16558.4945,16541.4945,16543.060999999998
2024-01-16 13:25:00+00:00,16542.489,16550.022,16539.516499999998,16547.9945
2024-01-16 13:30:00+00:00,16549.072,16562.5,16542.4945,16558.489
2024-01-16 13:35:00+00:00,16558.060999999998,16564.0165,16554.522,16560.4945
2024-01-16 13:40:00+00:00,16559.433500000003,16569.9945,16552.4945,16553.55
2024-01-16 13:45:00+00:00,16554.572,16555.989,16539.4945,16541.0
2024-01-16 13:50:00+00:00,16541.566499999997,16542.55,16526.0555,16534.0
2024-01-16 13:55:00+00:00,16532.489,16536.511,16520.4945,16525.560999999998
2024-01-16 14:00:00+00:00,16524.734,16536.489,16520.4945,16521.0
2024-01-16 14:05:00+00:00,16520.489,16527.428,16518.0,16527.011
2024-01-16 14:10:00+00:00,16527.489,16527.566499999997,16518.478,16524.566499999997
2024-01-16 14:15:00+00:00,16525.0,16525.55,16513.4945,16514.5
2024-01-16 14:20:00+00:00,16513.511,16520.5,16509.9945,16515.933500000003
2024-01-16 14:25:00+00:00,16516.5,16526.522,16515.489,16523.978
2024-01-16 14:30:00+00:00,16524.560999999998,16532.572,16505.483500000002,16508.511
2024-01-16 14:35:00+00:00,16509.4945,16517.566499999997,16500.928,16506.55
2024-01-16 14:40:00+00:00,16506.9945,16516.5,16498.5555,16509.0055
2024-01-16 14:45:00+00:00,16508.4945,16516.516499999998,16502.5,16513.511
2024-01-16 14:50:00+00:00,16512.4945,16527.428,16507.0,16524.511
2024-01-16 14:55:00+00:00,16524.9445,16547.489,16524.5,16547.489
2024-01-16 15:00:00+00:00,16547.9945,16555.5165,16540.0,16540.4945
2024-01-16 15:05:00+00:00,16541.5,16556.516499999998,16539.489,16555.489
2024-01-16 15:10:00+00:00,16556.0,16566.5555,16552.983500000002,16557.072
2024-01-16 15:15:00+00:00,16558.05,16573.5,16555.428,16563.0
2024-01-16 15:20:00+00:00,16563.433500000003,16572.5555,16554.5055,16563.439000000002
2024-01-16 15:25:00+00:00,16564.5,16564.5,16551.0,16553.566499999997
2024-01-16 15:30:00+00:00,16553.4945,16562.511,16550.439000000002,16561.4945
2024-01-16 15:35:00+00:00,16561.022,16566.5555,16552.433500000003,16564.483500000002
2024-01-16 15:40:00+00:00,16565.572,16582.566499999997,16564.5,16574.5
2024-01-16 15:45:00+00:00,16574.0,16581.0,16572.560999999998,16575.572
2024-01-16 15:50:00+00:00,16574.5,16580.5,16567.989,16576.95
2024-01-16 15:55:00+00:00,16577.55,16580.022,16572.45,16573.489
2024-01-16 16:00:00+00:00,16573.928,16577.4835,16534.0055,16547.989
2024-01-16 16:05:00+00:00,16547.489,16566.511,16543.933500000003,16549.439000000002
2024-01-16 16:10:00+00:00,16550.3155,16559.5055,16538.0,16549.989
2024-01-16 16:15:00+00:00,16550.428,16561.5,16545.9945,16557.0
2024-01-16 16:20:00+00:00,16556.566499999997,16573.016499999998,16556.4445,16567.511
2024-01-16 16:25:00+00:00,16568.0055,16569.5555,16554.5,16557.0055
2024-01-16 16:30:00+00:00,16557.5555,16567.9945,16556.9445,16567.95
2024-01-16 16:35:00+00:00,16568.566499999997,16569.5055,16552.983500000002,16558.483500000002
2024-01-16 16:40:00+00:00,16557.9935,16560.522,16550.489,16553.511
2024-01-16 16:45:00+00:00,16552.933500000003,16556.5165,16546.428,16550.5
2024-01-16 16:50:00+00:00,16551.45,16556.0165,16546.066499999997,16546.5
2024-01-16 16:55:00+00:00,16546.2435,16551.55,16541.0,16546.9445
2024-01-16 17:00:00+00:00,16546.4835,16548.983500000002,16538.4945,16540.989
2024-01-16 17:05:00+00:00,16540.677000000003,16542.560999999998,16529.428,16532.989
2024-01-16 17:10:00+00:00,16532.522,16540.5055,16529.939000000002,16532.5
2024-01-16 17:15:00+00:00,16533.0,16537.011,16531.4835,16531.989
2024-01-16 17:20:00+00:00,16532.560999999998,16541.560999999998,16531.4945,16537.439000000002
2024-01-16 17:25:00+00:00,16536.989,16537.5055,16519.5055,16523.928
2024-01-16 17:30:00+00:00,16524.5165,16525.4835,16514.522,16517.428
2024-01-16 17:35:00+00:00,16516.9945,16528.566499999997,16516.9945,16524.5055
2024-01-16 17:40:00+00:00,16524.011,16530.4835,16522.983500000002,16523.428
2024-01-16 17:45:00+00:00,16524.016499999998,16527.511,16517.989,16519.0
2024-01-16 17:50:00+00:00,16518.489,16526.5555,16518.439000000002,16521.5055
2024-01-16 17:55:00+00:00,16521.0,16523.566499999997,16514.933500000003,16515.928
2024-01-16 18:00:00+00:00,16516.5165,16522.011,16514.489,16521.4945
2024-01-16 18:05:00+00:00,16520.933500000003,16525.0,16520.428,16523.5055
2024-01-16 18:10:00+00:00,16524.0,16530.066499999997,16524.0,16529.4945
2024-01-16 18:15:00+00:00,16529.232500000002,16543.560999999998,16528.933500000003,16539.516499999998
2024-01-16 18:20:00+00:00,16539.011,16540.066499999997,16529.428,16534.489
2024-01-16 18:25:00+00:00,16535.066499999997,16541.011,16530.4835,16541.0
2024-01-16 18:30:00+00:00,16540.5,16545.5,16540.5,16543.983500000002
2024-01-16 18:35:00+00:00,16544.5165,16544.5165,16531.4945,16532.9445
2024-01-16 18:40:00+00:00,16532.5055,16535.489,16526.489,16527.0
2024-01-16 18:45:00+00:00,16527.5,16528.5,16523.4945,16524.9835
2024-01-16 18:50:00+00:00,16524.5055,16524.5055,16506.489,16513.4945
2024-01-16 18:55:00+00:00,16512.978,16521.4945,16511.4945,16519.0
2024-01-16 19:00:00+00:00,16519.489,16522.572,16510.489,16510.5
2024-01-16 19:05:00+00:00,16509.983500000002,16515.5055,16507.5,16508.433500000003
2024-01-16 19:10:00+00:00,16508.989,16511.5555,16503.483500000002,16506.011
2024-01-16 19:15:00+00:00,16505.5055,16507.011,16501.489,16502.0
2024-01-16 19:20:00+00:00,16502.483500000002,16511.511,16502.011,16510.5055
2024-01-16 19:25:00+00:00,16511.5,16518.560999999998,16510.428,16513.5
2024-01-16 19:30:00+00:00,16513.9945,16515.572,16508.489,16515.4945
2024-01-16 19:35:00+00:00,16515.0,16517.5555,16513.428,16514.478
2024-01-16 19:40:00+00:00,16513.95,16518.022,16512.566499999997,16516.989
2024-01-16 19:45:00+00:00,16516.572,16525.4945,16515.4945,16522.060999999998
2024-01-16 19:50:00+00:00,16522.4945,16525.489,16521.478,16523.0
2024-01-16 19:55:00+00:00,16522.0165,16526.5055,16521.483500000002,16524.978
2024-01-16 20:00:00+00:00,16524.5555,16528.511,16518.572,16519.489
2024-01-16 20:05:00+00:00,16518.928,16523.0165,16517.4835,16522.0055
2024-01-16 20:10:00+00:00,16522.4445,16525.022,16519.439000000002,16520.5
2024-01-16 20:15:00+00:00,16520.0,16525.55,16519.4945,16524.933500000003
2024-01-16 20:20:00+00:00,16525.5,16525.572,16518.489,16518.489
2024-01-16 20:25:00+00:00,16517.4945,16520.5,16513.433500000003,16516.060999999998
2024-01-16 20:30:00+00:00,16516.5055,16521.0,16515.4445,16517.0
2024-01-16 20:35:00+00:00,16516.560999999998,16520.516499999998,16514.939000000002,16518.4945
2024-01-16 20:40:00+00:00,16517.989,16521.511,16516.5,16521.5
2024-01-16 20:45:00+00:00,16521.022,16525.5,16517.45,16521.4945
2024-01-16 20:50:00+00:00,16520.9835,16530.516499999998,16520.5055,16529.5165
2024-01-16 20:55:00+00:00,16528.4945,16535.522,16527.489,16532.5
2024-01-16 21:00:00+00:00,16532.489,16540.3,16529.7945,16534.605499999998
2024-01-16 21:05:00+00:00,16533.872,16540.716500000002,16533.8,16540.716500000002
2024-01-16 21:10:00+00:00,16541.622,16541.622,16534.189000000002,16534.189000000002
2024-01-16 23:00:00+00:00,16539.878,16543.3335,16537.639000000003,16539.489
2024-01-16 23:05:00+00:00,16538.661,16540.3055,16535.989,16540.3055
2024-01-16 23:10:00+00:00,16541.266499999998,16543.733500000002,16538.5945,16538.5945
2024-01-16 23:15:00+00:00,16537.678,16539.5,16536.9055,16538.578
2024-01-16 23:20:00+00:00,16539.5,16541.272,16539.5,16541.1835
2024-01-16 23:25:00+00:00,16540.316499999997,16542.116499999996,16540.310999999998,16542.116499999996
2024-01-16 23:30:00+00:00,16541.2,16542.1665,16539.45,16539.45
2024-01-16 23:35:00+00:00,16540.3,16540.3,16538.589,16538.589
2024-01-16 23:40:00+00:00,16537.628,16537.628,16535.039,16535.039
2024-01-16 23:45:00+00:00,16534.3,16537.7165,16534.3,16537.711
2024-01-16 23:50:00+00:00,16538.610999999997,16543.810999999998,16538.610999999997,16543.8055
2024-01-16 23:55:00+00:00,16544.2055,16544.211,16541.178,16542.828
2024-01-17 00:00:00+00:00,16542.1165,16543.860999999997,16536.9,16536.9
2024-01-17 00:05:00+00:00,16535.989,16540.3,16535.1,16537.6945
2024-01-17 00:10:00+00:00,16538.672,16540.355499999998,16535.122,16537.716500000002
2024-01-17 00:15:00+00:00,16535.4445,16536.0,16513.9945,16515.511
2024-01-17 00:20:00+00:00,16515.5,16521.560999999998,16515.428,16521.560999999998
2024-01-17 00:25:00+00:00,16520.5055,16522.5,16514.95,16514.95
2024-01-17 00:30:00+00:00,16514.5055,16515.5055,16513.0055,16513.0055
2024-01-17 00:35:00+00:00,16512.433500000003,16513.0055,16512.433500000003,16512.9445
2024-01-17 00:40:00+00:00,16512.439000000002,16513.011,16505.511,16510.4945
2024-01-17 00:45:00+00:00,16510.05,16511.022,16506.489,16509.5
2024-01-17 00:50:00+00:00,16509.0055,16514.05,16506.978,16513.511
2024-01-17 00:55:00+00:00,16514.0055,16517.0,16512.5055,16513.066499999997
2024-01-17 01:00:00+00:00,16512.0055,16514.55,16510.4835,16512.0165
2024-01-17 01:05:00+00:00,16512.5055,16513.0,16507.978,16512.0555
2024-01-17 01:10:00+00:00,16512.489,16514.072,16510.928,16511.4945
2024-01-17 01:15:00+00:00,16510.989,16516.072,16510.5555,16516.072
2024-01-17 01:20:00+00:00,16516.5,16517.5,16512.989,16514.516499999998
2024-01-17 01:25:00+00:00,16515.489,16518.05,16513.4945,16517.55
2024-01-17 01:30:00+00:00,16516.511,16519.5555,16513.489,16515.9835
2024-01-17 01:35:00+00:00,16515.478,16516.022,16509.05,16510.0055
2024-01-17 01:40:00+00:00,16509.4945,16509.989,16495.9445,16497.9945
2024-01-17 01:45:00+00:00,16497.5055,16502.022,16494.5165,16501.516499999998
2024-01-17 01:50:00+00:00,16501.0,16501.989,16497.4835,16497.483500000002
2024-01-17 01:55:00+00:00,16498.0,16502.983500000002,16496.933500000003,16501.439000000002
2024-01-17 02:00:00+00:00,16500.428,16507.572,16497.560999999998,16501.0
2024-01-17 02:05:00+00:00,16501.55,16503.560999999998,16498.9445,16501.5
2024-01-17 02:10:00+00:00,16500.95,16505.45,16498.45,16498.572
2024-01-17 02:15:00+00:00,16498.0,16499.5055,16492.45,16495.489
2024-01-17 02:20:00+00:00,16494.9445,16494.9445,16490.928,16493.522
2024-01-17 02:25:00+00:00,16492.9945,16500.5,16492.0,16500.4945
2024-01-17 02:30:00+00:00,16499.0,16500.5055,16489.489,16492.011
2024-01-17 02:35:00+00:00,16491.489,16492.016499999998,16485.439000000002,16486.0
2024-01-17 02:40:00+00:00,16486.572,16490.072,16486.428,16488.511
2024-01-17 02:45:00+00:00,16488.9835,16492.05,16488.5055,16491.433500000003
2024-01-17 02:50:00+00:00,16490.4945,16492.5555,16489.939000000002,16491.5555
2024-01-17 02:55:00+00:00,16491.0555,16492.072,16485.572,16486.489
2024-01-17 03:00:00+00:00,16486.0,16488.5,16485.4445,16487.489
2024-01-17 03:05:00+00:00,16488.4945,16492.016499999998,16487.478,16491.0
2024-01-17 03:10:00+00:00,16491.5,16491.5165,16487.483500000002,16489.511
2024-01-17 03:15:00+00:00,16488.5,16489.4945,16485.45,16485.45
2024-01-17 03:20:00+00:00,16485.0055,16490.5,16484.05,16487.072
2024-01-17 03:25:00+00:00,16487.55,16488.983500000002,16483.489,16484.4945
2024-01-17 03:30:00+00:00,16483.5,16485.060999999998,16480.5,16481.511
2024-01-17 03:35:00+00:00,16481.0055,16484.55,16480.439000000002,16483.439000000002
2024-01-17 03:40:00+00:00,16484.05,16486.011,16482.522,16485.5055
2024-01-17 03:45:00+00:00,16484.9945,16486.022,16482.989,16484.489
2024-01-17 03:50:00+00:00,16485.0,16485.0055,16476.011,16479.978
2024-01-17 03:55:00+00:00,16478.511,16479.939000000002,16476.0055,16476.489
2024-01-17 04:00:00+00:00,16475.989,16476.572,16473.489,16473.489
2024-01-17 04:05:00+00:00,16473.011,16480.5,16470.983500000002,16480.5
2024-01-17 04:10:00+00:00,16479.9835,16481.0055,16478.016499999998,16480.5
2024-01-17 04:15:00+00:00,16479.989,16481.4945,16469.95,16470.989
2024-01-17 04:20:00+00:00,16470.4945,16478.5055,16470.0,16474.4945
2024-01-17 04:25:00+00:00,16475.5055,16477.05,16474.428,16476.4945
2024-01-17 04:30:00+00:00,16475.989,16478.05,16471.566499999997,16471.566499999997
2024-01-17 04:35:00+00:00,16471.0,16478.572,16471.0,16478.5
2024-01-17 04:40:00+00:00,16479.0,16481.522,16477.5,16480.489
2024-01-17 04:45:00+00:00,16481.016499999998,16488.0055,16481.0055,16487.439000000002
2024-01-17 04:50:00+00:00,16488.0,16488.4945,16482.572,16484.522
2024-01-17 04:55:00+00:00,16485.016499999998,16485.016499999998,16479.989,16483.011
2024-01-17 05:00:00+00:00,16482.5,16482.983500000002,16476.433500000003,16479.072
2024-01-17 05:05:00+00:00,16477.989,16477.989,16473.4945,16473.4945
2024-01-17 05:10:00+00:00,16474.0555,16476.489,16472.45,16474.5055
2024-01-17 05:15:00+00:00,16474.0,16474.5555,16468.9945,16470.5165
2024-01-17 05:20:00+00:00,16469.989,16472.566499999997,16468.5,16471.4445
2024-01-17 05:25:00+00:00,16470.95,16472.5555,16470.0055,16471.5555
2024-01-17 05:30:00+00:00,16471.0055,16472.0165,16463.9945,16464.5555
2024-01-17 05:35:00+00:00,16465.0,16469.560999999998,16463.45,16466.0
2024-01-17 05:40:00+00:00,16466.5055,16468.566499999997,16465.4945,16466.439000000002
2024-01-17 05:45:00+00:00,16466.0,16466.5055,16455.9835,16456.4945
2024-01-17 05:50:00+00:00,16456.060999999998,16456.560999999998,16438.5555,16438.5555
2024-01-17 05:55:00+00:00,16437.45,16441.433500000003,16432.433500000003,16434.5055
2024-01-17 06:00:00+00:00,16433.95,16438.55,16433.439000000002,16437.5055
2024-01-17 06:05:00+00:00,16437.0055,16438.516499999998,16415.478,16415.933500000003
2024-01-17 06:10:00+00:00,16415.483500000002,16417.4945,16403.0,16406.0
2024-01-17 06:15:00+00:00,16407.4945,16417.0,16405.428,16416.439000000002
2024-01-17 06:20:00+00:00,16416.2545,16418.4835,16410.5,16417.511
2024-01-17 06:25:00+00:00,16416.989,16419.060999999998,16414.428,16417.4945
2024-01-17 06:30:00+00:00,16416.9945,16417.45,16409.4945,16414.5555
2024-01-17 06:35:00+00:00,16413.983500000002,16417.522,16408.4445,16409.5
2024-01-17 06:40:00+00:00,16410.5,16412.4945,16407.066499999997,16410.5
2024-01-17 06:45:00+00:00,16409.939000000002,16415.072,16404.4835,16406.4945
2024-01-17 06:50:00+00:00,16405.933500000003,16415.5,16403.4445,16414.4835
2024-01-17 06:55:00+00:00,16414.254500000003,16418.0,16413.433500000003,16416.433500000003
2024-01-17 07:00:00+00:00,16413.428,16419.9835,16396.4835,16405.572
2024-01-17 07:05:00+00:00,16405.011,16405.511,16395.572,16403.4945
2024-01-17 07:10:00+00:00,16402.9945,16407.928,16389.428,16390.0
2024-01-17 07:15:00+00:00,16390.2565,16393.0,16375.428,16384.489
2024-01-17 07:20:00+00:00,16382.928,16399.05,16382.928,16393.5055
2024-01-17 07:25:00+00:00,16393.177000000003,16394.9445,16381.939000000002,16384.572
2024-01-17 07:30:00+00:00,16384.2545,16398.060999999998,16381.9945,16394.560999999998
2024-01-17 07:35:00+00:00,16394.227000000003,16402.066499999997,16392.983500000002,16399.9945
2024-01-17 07:40:00+00:00,16399.5,16401.0055,16374.0,16374.439000000002
2024-01-17 07:45:00+00:00,16373.95,16386.0,16373.05,16379.0
2024-01-17 07:50:00+00:00,16376.928,16395.511,16376.928,16392.45
2024-01-17 07:55:00+00:00,16392.0,16412.0055,16392.0,16409.05
2024-01-17 08:00:00+00:00,16409.45,16414.522,16388.989,16411.572
2024-01-17 08:05:00+00:00,16412.266,16414.483500000002,16374.928,16378.933500000003
2024-01-17 08:10:00+00:00,16377.101,16405.9945,16372.989000000001,16390.983500000002
2024-01-17 08:15:00+00:00,16392.0,16422.489,16380.939000000002,16421.511
2024-01-17 08:20:00+00:00,16422.4445,16422.4445,16406.9945,16415.489
2024-01-17 08:25:00+00:00,16414.5,16425.066499999997,16401.5,16419.439000000002
2024-01-17 08:30:00+00:00,16418.5,16418.5,16387.9945,16399.983500000002
2024-01-17 08:35:00+00:00,16399.0055,16428.989,16397.939000000002,16419.0055
2024-01-17 08:40:00+00:00,16419.288,16425.560999999998,16409.989,16422.066499999997
2024-01-17 08:45:00+00:00,16421.725,16435.489,16404.4945,16415.428
2024-01-17 08:50:00+00:00,16414.45,16414.45,16399.95,16412.5165
2024-01-17 08:55:00+00:00,16411.566499999997,16421.5555,16400.0165,16401.5555
2024-01-17 09:00:00+00:00,16399.989,16410.5,16389.0055,16389.511
2024-01-17 09:05:00+00:00,16388.489,16394.5,16374.939000000002,16378.983500000002
2024-01-17 09:10:00+00:00,16378.5055,16381.0,16357.516499999998,16365.0055
2024-01-17 09:15:00+00:00,16364.5,16374.9945,16353.978,16372.0
2024-01-17 09:20:00+00:00,16370.9945,16395.9945,16365.989000000001,16392.4945
2024-01-17 09:25:00+00:00,16391.723,16401.9445,16376.5,16388.989
2024-01-17 09:30:00+00:00,16388.245000000003,16397.489,16376.483499999998,16397.489
2024-01-17 09:35:00+00:00,16397.0055,16403.060999999998,16384.4445,16390.5
2024-01-17 09:40:00+00:00,16389.0,16397.011,16384.5555,16395.0055
2024-01-17 09:45:00+00:00,16396.0,16401.011,16384.0,16393.5165
2024-01-17 09:50:00+00:00,16392.5,16412.0055,16392.5,16410.0
2024-01-17 09:55:00+00:00,16409.428,16409.55,16392.0,16409.0555
2024-01-17 10:00:00+00:00,16410.011,16413.060999999998,16403.489,16406.45
2024-01-17 10:05:00+00:00,16407.254999999997,16419.0,16404.011,16404.5055
2024-01-17 10:10:00+00:00,16404.103,16418.55,16404.103,16414.0555
2024-01-17 10:15:00+00:00,16414.4945,16415.95,16406.0,16411.5555
2024-01-17 10:20:00+00:00,16413.060999999998,16417.511,16406.933500000003,16409.95
2024-01-17 10:25:00+00:00,16409.428,16412.5,16397.983500000002,16397.983500000002
2024-01-17 10:30:00+00:00,16397.223,16404.0,16391.9945,16401.0
2024-01-17 10:35:00+00:00,16400.0,16405.016499999998,16394.933500000003,16400.5
2024-01-17 10:40:00+00:00,16400.0055,16400.0055,16387.4445,16391.989
2024-01-17 10:45:00+00:00,16391.5055,16399.05,16387.478,16388.5055
2024-01-17 10:50:00+00:00,16388.9945,16408.0055,16386.933500000003,16405.560999999998
2024-01-17 10:55:00+00:00,16405.777,16407.060999999998,16392.072,16399.011
2024-01-17 11:00:00+00:00,16398.212,16406.0055,16388.933500000003,16389.489
2024-01-17 11:05:00+00:00,16388.9445,16409.011,16388.9445,16407.5555
2024-01-17 11:10:00+00:00,16406.939000000002,16409.011,16389.928,16390.483500000002
2024-01-17 11:15:00+00:00,16390.898999999998,16397.072,16385.5055,16391.05
2024-01-17 11:20:00+00:00,16391.5055,16398.0165,16385.5,16395.983500000002
2024-01-17 11:25:00+00:00,16396.5,16409.011,16392.983500000002,16405.978
2024-01-17 11:30:00+00:00,16405.433500000003,16406.989,16399.0,16406.0
2024-01-17 11:35:00+00:00,16405.4945,16414.0,16403.566499999997,16408.5055
2024-01-17 11:40:00+00:00,16408.9945,16410.066499999997,16398.0,16400.0055
2024-01-17 11:45:00+00:00,16399.478,16406.4945,16397.0,16401.511
2024-01-17 11:50:00+00:00,16402.0055,16409.060999999998,16397.95,16399.939000000002
2024-01-17 11:55:00+00:00,16400.933500000003,16406.5055,16398.4445,16406.011
2024-01-17 12:00:00+00:00,16405.745000000003,16408.0055,16394.0055,16401.5
2024-01-17 12:05:00+00:00,16402.0,16406.0055,16395.9945,16400.5555
2024-01-17 12:10:00+00:00,16400.9945,16409.0,16399.939000000002,16408.933500000003
2024-01-17 12:15:00+00:00,16409.4945,16418.072,16407.5,16411.9945
2024-01-17 12:20:00+00:00,16411.4835,16424.016499999998,16409.9835,16423.55
2024-01-17 12:25:00+00:00,16422.9945,16427.011,16415.9445,16421.016499999998
2024-01-17 12:30:00+00:00,16421.5055,16423.978,16417.428,16422.011
2024-01-17 12:35:00+00:00,16421.55,16426.011,16416.45,16418.978
2024-01-17 12:40:00+00:00,16418.566499999997,16423.5165,16411.0055,16411.9835
2024-01-17 12:45:00+00:00,16411.4445,16414.5,16405.0,16410.5055
2024-01-17 12:50:00+00:00,16411.0165,16416.0,16404.939000000002,16410.511
2024-01-17 12:55:00+00:00,16411.016499999998,16418.0,16407.989,16409.0
2024-01-17 13:00:00+00:00,16409.4945,16410.016499999998,16391.5,16391.9445
2024-01-17 13:05:00+00:00,16393.011,16404.060999999998,16389.989,16402.489
2024-01-17 13:10:00+00:00,16402.101000000002,16407.011,16400.5055,16401.939000000002
2024-01-17 13:15:00+00:00,16401.0055,16406.5555,16395.4945,16403.0055
2024-01-17 13:20:00+00:00,16402.601000000002,16413.011,16396.978,16397.9835
2024-01-17 13:25:00+00:00,16398.754999999997,16404.05,16396.928,16402.060999999998
2024-01-17 13:30:00+00:00,16400.428,16403.0055,16386.522,16400.489
2024-01-17 13:35:00+00:00,16399.489,16407.060999999998,16394.433500000003,16404.5055
2024-01-17 13:40:00+00:00,16403.712,16406.0055,16386.5055,16387.560999999998
2024-01-17 13:45:00+00:00,16387.072,16387.5055,16369.010999999999,16369.989000000001
2024-01-17 13:50:00+00:00,16371.0055,16382.4945,16366.0,16377.0055
2024-01-17 13:55:00+00:00,16377.978,16384.066499999997,16370.989000000001,16376.0
2024-01-17 14:00:00+00:00,16375.701000000001,16383.010999999999,16374.5,16382.989000000001
2024-01-17 14:05:00+00:00,16382.016499999998,16397.4445,16381.510999999999,16393.522
2024-01-17 14:10:00+00:00,16393.0055,16397.5,16384.060999999998,16395.511
2024-01-17 14:15:00+00:00,16394.072,16398.0055,16386.0,16388.939000000002
2024-01-17 14:20:00+00:00,16389.4945,16393.0055,16381.933500000003,16385.022
2024-01-17 14:25:00+00:00,16384.5,16389.0055,16381.510999999999,16384.0
2024-01-17 14:30:00+00:00,16383.601,16393.066499999997,16382.0,16382.0
2024-01-17 14:35:00+00:00,16383.016500000002,16383.016500000002,16370.944500000001,16380.010999999999
2024-01-17 14:40:00+00:00,16380.489000000001,16383.55,16367.9945,16372.489000000001
2024-01-17 14:45:00+00:00,16372.978,16376.5,16361.0,16372.0
2024-01-17 14:50:00+00:00,16372.433500000003,16373.010999999999,16354.572,16362.055499999999
2024-01-17 14:55:00+00:00,16361.516500000002,16364.05,16350.060999999998,16352.010999999999
2024-01-17 15:00:00+00:00,16352.776999999998,16372.483499999998,16343.939000000002,16364.989000000001
2024-01-17 15:05:00+00:00,16364.010999999999,16383.066499999997,16362.0055,16381.010999999999
2024-01-17 15:10:00+00:00,16380.010999999999,16384.4445,16370.516499999998,16377.516499999998
2024-01-17 15:15:00+00:00,16377.933500000003,16382.0055,16366.0,16369.4945
2024-01-17 15:20:00+00:00,16369.101,16382.478,16364.247,16380.989000000001
2024-01-17 15:25:00+00:00,16381.444500000001,16399.0,16381.016500000002,16390.011
2024-01-17 15:30:00+00:00,16389.5,16397.011,16384.0,16388.95
2024-01-17 15:35:00+00:00,16388.0,16400.011,16383.428,16400.0
2024-01-17 15:40:00+00:00,16398.983500000002,16399.939000000002,16386.928,16387.0055
2024-01-17 15:45:00+00:00,16387.45,16398.0055,16383.978,16394.066499999997
2024-01-17 15:50:00+00:00,16393.701,16399.016499999998,16384.928,16385.5055
2024-01-17 15:55:00+00:00,16386.5165,16393.0055,16381.572,16389.9945
2024-01-17 16:00:00+00:00,16389.0055,16405.572,16389.0055,16403.0
2024-01-17 16:05:00+00:00,16403.4835,16417.060999999998,16403.4835,16415.0165
2024-01-17 16:10:00+00:00,16414.511,16423.0055,16414.511,16417.066499999997
2024-01-17 16:15:00+00:00,16417.288,16421.072,16408.95,16412.0
2024-01-17 16:20:00+00:00,16412.5555,16427.0055,16412.0,16426.9945
2024-01-17 16:25:00+00:00,16427.777,16430.978,16414.566499999997,16414.566499999997
2024-01-17 16:30:00+00:00,16414.928,16426.511,16413.9445,16421.9945
2024-01-17 16:35:00+00:00,16421.4945,16431.011,16421.4945,16424.9945
2024-01-17 16:40:00+00:00,16424.516499999998,16427.0165,16420.9445,16422.4945
2024-01-17 16:45:00+00:00,16423.0165,16423.066499999997,16416.983500000002,16417.9445
2024-01-17 16:50:00+00:00,16418.511,16420.05,16412.0,16420.0055
2024-01-17 16:55:00+00:00,16419.5,16420.566499999997,16414.5,16415.011
2024-01-17 17:00:00+00:00,16415.178999999996,16419.066499999997,16412.011,16412.0165
2024-01-17 17:05:00+00:00,16413.0055,16414.072,16407.928,16408.060999999998
2024-01-17 17:10:00+00:00,16408.5055,16415.066499999997,16407.478,16411.072
2024-01-17 17:15:00+00:00,16411.572,16412.0,16405.0,16406.0055
2024-01-17 17:20:00+00:00,16404.933500000003,16409.433500000003,16400.0055,16403.0
2024-01-17 17:25:00+00:00,16402.5,16404.0055,16397.5,16399.4445
2024-01-17 17:30:00+00:00,16399.933500000003,16401.511,16395.428,16398.0
2024-01-17 17:35:00+00:00,16398.511,16398.560999999998,16392.9945,16394.0
2024-01-17 17:40:00+00:00,16393.5,16396.428,16390.0055,16392.522
2024-01-17 17:45:00+00:00,16392.0055,16400.5,16391.928,16398.489
2024-01-17 17:50:00+00:00,16399.072,16407.011,16397.978,16403.4835
2024-01-17 17:55:00+00:00,16404.0,16409.011,16400.928,16402.511
2024-01-17 18:00:00+00:00,16402.182500000003,16408.05,16400.989,16408.05
2024-01-17 18:05:00+00:00,16407.5045,16408.0,16400.483500000002,16406.011
2024-01-17 18:10:00+00:00,16406.5055,16408.0555,16400.55,16403.5
2024-01-17 18:15:00+00:00,16402.5055,16403.5055,16396.95,16400.9945
2024-01-17 18:20:00+00:00,16400.516499999998,16400.516499999998,16383.983499999998,16389.0165
2024-01-17 18:25:00+00:00,16388.489,16393.9945,16386.95,16391.0
2024-01-17 18:30:00+00:00,16389.9445,16392.55,16383.95,16384.572
2024-01-17 18:35:00+00:00,16384.066499999997,16386.060999999998,16381.0,16383.9945
2024-01-17 18:40:00+00:00,16383.489000000001,16385.0,16379.928,16383.572
2024-01-17 18:45:00+00:00,16384.0,16385.066499999997,16375.016499999998,16377.9945
2024-01-17 18:50:00+00:00,16378.5,16394.9945,16377.983499999998,16392.4945
2024-01-17 18:55:00+00:00,16392.95,16395.022,16388.0,16393.011
2024-01-17 19:00:00+00:00,16392.522,16399.0555,16390.933500000003,16396.0
2024-01-17 19:05:00+00:00,16395.022,16396.5055,16390.928,16393.5055
2024-01-17 19:10:00+00:00,16394.0055,16395.9945,16391.428,16392.0
2024-01-17 19:15:00+00:00,16392.5055,16399.0,16392.5055,16397.983500000002
2024-01-17 19:20:00+00:00,16397.5055,16410.066499999997,16396.928,16406.0
2024-01-17 19:25:00+00:00,16406.5,16409.072,16404.4945,16406.978
2024-01-17 19:30:00+00:00,16407.4945,16412.016499999998,16405.939000000002,16408.0
2024-01-17 19:35:00+00:00,16408.251,16411.05,16404.933500000003,16407.489
2024-01-17 19:40:00+00:00,16408.011,16417.0055,16407.483500000002,16415.4945
2024-01-17 19:45:00+00:00,16416.011,16416.066499999997,16410.511,16412.0
2024-01-17 19:50:00+00:00,16411.799,16414.95,16409.5,16411.439000000002
2024-01-17 19:55:00+00:00,16411.066499999997,16414.05,16409.939000000002,16411.4945
2024-01-17 20:00:00+00:00,16411.751,16414.0555,16402.9945,16404.060999999998
2024-01-17 20:05:00+00:00,16404.5,16404.5,16398.989,16398.989
2024-01-17 20:10:00+00:00,16397.9945,16400.0555,16389.428,16391.0
2024-01-17 20:15:00+00:00,16391.5055,16399.0,16391.0,16397.439000000002
2024-01-17 20:20:00+00:00,16398.011,16399.0,16392.0055,16393.4945
2024-01-17 20:25:00+00:00,16393.7565,16399.072,16393.0055,16395.522
2024-01-17 20:30:00+00:00,16395.9945,16408.55,16394.928,16407.483500000002
2024-01-17 20:35:00+00:00,16408.022,16416.0555,16407.4945,16416.0555
2024-01-17 20:40:00+00:00,16415.428,16420.011,16413.928,16414.928
2024-01-17 20:45:00+00:00,16414.55,16420.060999999998,16414.55,16414.933500000003
2024-01-17 20:50:00+00:00,16415.567499999997,16429.011,16415.567499999997,16424.022
2024-01-17 20:55:00+00:00,16425.016499999998,16429.0165,16420.989,16421.011
2024-01-17 21:00:00+00:00,16417.4945,16421.961,16413.211,16414.8335
2024-01-17 21:05:00+00:00,16414.110999999997,16414.972,16410.578,16411.511
2024-01-17 21:10:00+00:00,16411.85,16413.15,16410.539,16411.45
2024-01-17 23:00:00+00:00,16412.911,16416.822,16410.128,16410.911
2024-01-17 23:05:00+00:00,16411.810999999998,16411.810999999998,16403.9835,16404.816499999997
2024-01-17 23:10:00+00:00,16405.7165,16411.85,16404.733500000002,16411.85
2024-01-17 23:15:00+00:00,16412.6555,16422.283499999998,16411.8,16421.4055
2024-01-17 23:20:00+00:00,16420.610999999997,16423.9445,16420.610999999997,16422.316499999997
2024-01-17 23:25:00+00:00,16421.4055,16424.0555,16421.4055,16424.0
2024-01-17 23:30:00+00:00,16423.2055,16423.9835,16418.739,16419.7555
2024-01-17 23:35:00+00:00,16420.5335,16422.3,16419.628,16422.3
2024-01-17 23:40:00+00:00,16421.9,16424.0165,16420.55,16424.0
2024-01-17 23:45:00+00:00,16423.610999999997,16424.0055,16420.661,16421.4055
2024-01-17 23:50:00+00:00,16420.6,16422.355499999998,16419.6945,16420.661
2024-01-17 23:55:00+00:00,16421.4055,16422.372,16419.310999999998,16421.4055
2024-01-18 00:00:00+00:00,16420.539,16420.539,16416.128,16418.789
2024-01-18 00:05:00+00:00,16417.989,16419.75,16411.9,16417.089
2024-01-18 00:10:00+00:00,16416.1835,16420.661,16416.1835,16420.6
2024-01-18 00:15:00+00:00,16430.011,16430.0165,16424.478,16427.0055
2024-01-18 00:20:00+00:00,16426.989,16427.5555,16422.9945,16424.5555
2024-01-18 00:25:00+00:00,16423.933500000003,16423.933500000003,16422.5165,16423.4835
2024-01-18 00:30:00+00:00,16424.0,16432.439000000002,16424.0,16426.489
2024-01-18 00:35:00+00:00,16427.05,16429.572,16427.0165,16427.4945
2024-01-18 00:40:00+00:00,16428.011,16434.560999999998,16427.933500000003,16429.05
2024-01-18 00:45:00+00:00,16429.489,16439.4945,16428.928,16439.0
2024-01-18 00:50:00+00:00,16439.483500000002,16439.5,16429.0,16432.0
2024-01-18 00:55:00+00:00,16431.483500000002,16437.4945,16429.572,16437.4945
2024-01-18 01:00:00+00:00,16437.072,16437.072,16427.439000000002,16431.9835
2024-01-18 01:05:00+00:00,16431.5055,16435.5165,16427.478,16430.989
2024-01-18 01:10:00+00:00,16431.522,16437.072,16430.0,16430.989
2024-01-18 01:15:00+00:00,16430.016499999998,16432.066499999997,16426.95,16427.5
2024-01-18 01:20:00+00:00,16428.489,16430.95,16426.5055,16428.0055
2024-01-18 01:25:00+00:00,16427.5,16429.5,16418.95,16429.0
2024-01-18 01:30:00+00:00,16428.522,16429.5055,16418.0055,16418.0055
2024-01-18 01:35:00+00:00,16418.489,16426.0,16417.9835,16418.0
2024-01-18 01:40:00+00:00,16418.4835,16423.0,16416.0,16418.978
2024-01-18 01:45:00+00:00,16418.489,16421.4945,16414.989,16419.016499999998
2024-01-18 01:50:00+00:00,16418.4945,16428.016499999998,16417.011,16427.5
2024-01-18 01:55:00+00:00,16427.0055,16438.983500000002,16427.0055,16435.9445
2024-01-18 02:00:00+00:00,16435.0055,16435.511,16431.428,16433.5
2024-01-18 02:05:00+00:00,16433.0,16435.5,16430.566499999997,16433.05
2024-01-18 02:10:00+00:00,16433.45,16436.489,16432.560999999998,16435.4835
2024-01-18 02:15:00+00:00,16436.016499999998,16437.9945,16435.0,16437.928
2024-01-18 02:20:00+00:00,16437.072,16437.522,16431.428,16432.022
2024-01-18 02:25:00+00:00,16431.439000000002,16434.5055,16429.989,16433.060999999998
2024-01-18 02:30:00+00:00,16432.5555,16434.072,16430.5,16432.0
2024-01-18 02:35:00+00:00,16431.011,16433.0055,16426.9945,16426.9945
2024-01-18 02:40:00+00:00,16427.5,16429.011,16426.478,16427.511
2024-01-18 02:45:00+00:00,16427.9945,16427.9945,16425.4835,16426.0555
2024-01-18 02:50:00+00:00,16426.5,16428.0055,16426.4945,16427.433500000003
2024-01-18 02:55:00+00:00,16426.989,16426.989,16415.439000000002,16418.478
2024-01-18 03:00:00+00:00,16419.5165,16425.05,16419.5,16421.5055
2024-01-18 03:05:00+00:00,16422.0,16422.939000000002,16415.439000000002,16416.55
2024-01-18 03:10:00+00:00,16417.011,16420.55,16416.011,16419.011
2024-01-18 03:15:00+00:00,16418.0555,16425.05,16418.0555,16424.016499999998
2024-01-18 03:20:00+00:00,16424.55,16430.022,16423.989,16427.95
2024-01-18 03:25:00+00:00,16427.489,16432.022,16426.0,16428.5
2024-01-18 03:30:00+00:00,16429.011,16434.4945,16428.978,16430.989
2024-01-18 03:35:00+00:00,16431.511,16437.0,16430.516499999998,16436.55
2024-01-18 03:40:00+00:00,16435.95,16437.011,16433.0055,16433.989
2024-01-18 03:45:00+00:00,16435.0555,16437.0,16432.0555,16432.0555
2024-01-18 03:50:00+00:00,16432.560999999998,16433.989,16427.4945,16430.022
2024-01-18 03:55:00+00:00,16429.489,16429.489,16425.011,16426.016499999998
2024-01-18 04:00:00+00:00,16424.9945,16426.9945,16421.939000000002,16424.016499999998
2024-01-18 04:05:00+00:00,16424.572,16427.0055,16417.9835,16419.983500000002
2024-01-18 04:10:00+00:00,16420.55,16422.4945,16415.5055,16416.560999999998
2024-01-18 04:15:00+00:00,16415.9945,16420.0,16415.5165,16418.011
2024-01-18 04:20:00+00:00,16417.4835,16417.4835,16410.428,16415.95
2024-01-18 04:25:00+00:00,16415.478,16417.483500000002,16414.478,16415.428
2024-01-18 04:30:00+00:00,16415.933500000003,16417.016499999998,16413.0,16415.4945
2024-01-18 04:35:00+00:00,16416.011,16417.572,16412.939000000002,16415.483500000002
2024-01-18 04:40:00+00:00,16415.0055,16416.9835,16407.9945,16409.0165
2024-01-18 04:45:00+00:00,16407.989,16412.489,16407.989,16410.9835
2024-01-18 04:50:00+00:00,16411.5055,16414.95,16409.428,16413.011
2024-01-18 04:55:00+00:00,16413.5555,16414.066499999997,16410.9445,16413.0
2024-01-18 05:00:00+00:00,16413.49,16421.011,16412.9835,16416.489
2024-01-18 05:05:00+00:00,16416.0,16416.0,16410.4945,16414.011
2024-01-18 05:10:00+00:00,16413.5055,16415.522,16412.0,16415.0165
2024-01-18 05:15:00+00:00,16415.511,16417.066499999997,16414.060999999998,16416.5
2024-01-18 05:20:00+00:00,16415.9445,16417.4945,16413.5055,16415.989
2024-01-18 05:25:00+00:00,16415.5055,16417.489,16412.9945,16416.45
2024-01-18 05:30:00+00:00,16415.939000000002,16416.4945,16407.95,16411.511
2024-01-18 05:35:00+00:00,16410.989,16418.011,16408.978,16417.55
2024-01-18 05:40:00+00:00,16417.072,16417.566499999997,16415.928,16416.939000000002
2024-01-18 05:45:00+00:00,16417.4945,16417.4945,16414.5055,16417.066499999997
2024-01-18 05:50:00+00:00,16416.511,16418.9835,16415.978,16418.9835
2024-01-18 05:55:00+00:00,16420.989,16428.5,16419.483500000002,16421.9445
2024-01-18 06:00:00+00:00,16421.433500000003,16427.489,16421.433500000003,16426.011
2024-01-18 06:05:00+00:00,16427.011,16434.55,16426.011,16433.989
2024-01-18 06:10:00+00:00,16434.511,16435.511,16428.0,16428.016499999998
2024-01-18 06:15:00+00:00,16428.4945,16428.4945,16425.45,16425.478
2024-01-18 06:20:00+00:00,16426.05,16430.983500000002,16423.483500000002,16429.9945
2024-01-18 06:25:00+00:00,16430.45,16433.0165,16428.989,16431.0165
2024-01-18 06:30:00+00:00,16429.072,16431.072,16422.989,16430.522
2024-01-18 06:35:00+00:00,16430.9835,16436.939000000002,16430.0555,16436.060999999998
2024-01-18 06:40:00+00:00,16437.0,16442.439000000002,16436.483500000002,16441.0555
2024-01-18 06:45:00+00:00,16440.022,16444.9945,16439.0,16443.939000000002
2024-01-18 06:50:00+00:00,16442.983500000002,16450.0,16442.478,16448.989
2024-01-18 06:55:00+00:00,16449.4945,16450.0,16445.0,16446.0055
2024-01-18 07:00:00+00:00,16445.499,16469.45,16444.05,16469.060999999998
2024-01-18 07:05:00+00:00,16468.5,16476.566499999997,16463.5,16469.55
2024-01-18 07:10:00+00:00,16468.522,16469.016499999998,16450.55,16451.0055
2024-01-18 07:15:00+00:00,16450.439000000002,16459.9945,16448.4945,16459.9945
2024-01-18 07:20:00+00:00,16459.5,16463.978,16456.0055,16462.933500000003
2024-01-18 07:25:00+00:00,16462.55,16462.55,16451.428,16454.05
2024-01-18 07:30:00+00:00,16453.433500000003,16456.572,16446.55,16448.428
2024-01-18 07:35:00+00:00,16449.5,16449.5,16440.439000000002,16440.439000000002
2024-01-18 07:40:00+00:00,16439.511,16446.5555,16438.4835,16442.989
2024-01-18 07:45:00+00:00,16444.989,16455.572,16443.4945,16455.0165
2024-01-18 07:50:00+00:00,16455.572,16462.4945,16455.572,16455.983500000002
2024-01-18 07:55:00+00:00,16455.4445,16471.05,16454.511,16464.5
2024-01-18 08:00:00+00:00,16465.477000000003,16466.5,16433.9945,16442.0165
2024-01-18 08:05:00+00:00,16440.9945,16441.428,16422.489,16427.5055
2024-01-18 08:10:00+00:00,16428.177000000003,16448.489,16425.4835,16441.0055
2024-01-18 08:15:00+00:00,16440.0555,16455.489,16440.0555,16447.45
2024-01-18 08:20:00+00:00,16448.522,16452.5055,16437.0055,16443.933500000003
2024-01-18 08:25:00+00:00,16446.0,16461.939000000002,16441.011,16460.566499999997
2024-01-18 08:30:00+00:00,16460.0055,16463.5055,16432.0165,16438.9945
2024-01-18 08:35:00+00:00,16439.4945,16449.55,16425.0,16431.928
2024-01-18 08:40:00+00:00,16432.489,16449.060999999998,16427.511,16445.978
2024-01-18 08:45:00+00:00,16446.5555,16457.511,16446.428,16450.4945
2024-01-18 08:50:00+00:00,16450.0055,16459.516499999998,16443.0,16445.989
2024-01-18 08:55:00+00:00,16447.072,16461.45,16443.5,16458.5555
2024-01-18 09:00:00+00:00,16459.398999999998,16475.05,16459.0,16474.0
2024-01-18 09:05:00+00:00,16474.489,16476.511,16464.439000000002,16474.511
2024-01-18 09:10:00+00:00,16475.060999999998,16481.428,16463.428,16477.4945
2024-01-18 09:15:00+00:00,16477.989,16481.4445,16461.489,16465.9945
2024-01-18 09:20:00+00:00,16466.266,16475.560999999998,16463.066499999997,16474.0
2024-01-18 09:25:00+00:00,16474.483500000002,16488.016499999998,16474.483500000002,16482.022
2024-01-18 09:30:00+00:00,16482.489,16487.05,16466.5,16468.0
2024-01-18 09:35:00+00:00,16468.254999999997,16487.489,16463.489,16482.989
2024-01-18 09:40:00+00:00,16483.511,16493.522,16473.933500000003,16475.4945
2024-01-18 09:45:00+00:00,16476.0,16476.511,16469.428,16472.4445
2024-01-18 09:50:00+00:00,16471.4945,16481.0,16467.4945,16477.989
2024-01-18 09:55:00+00:00,16478.489,16479.072,16468.4945,16471.439000000002
2024-01-18 10:00:00+00:00,16470.9945,16474.0,16465.516499999998,16466.433500000003
2024-01-18 10:05:00+00:00,16467.0055,16473.022,16465.5055,16468.989
2024-01-18 10:10:00+00:00,16468.489,16469.016499999998,16453.4445,16458.489
2024-01-18 10:15:00+00:00,16458.9945,16470.5,16456.5,16469.95
2024-01-18 10:20:00+00:00,16470.398999999998,16474.9945,16461.989,16469.522
2024-01-18 10:25:00+00:00,16470.0,16478.4945,16467.5,16477.522
2024-01-18 10:30:00+00:00,16478.433500000003,16485.522,16477.45,16481.0
2024-01-18 10:35:00+00:00,16481.511,16486.989,16475.45,16483.0
2024-01-18 10:40:00+00:00,16483.439000000002,16488.4945,16480.989,16488.4945
2024-01-18 10:45:00+00:00,16489.4445,16494.5055,16484.566499999997,16489.9945
2024-01-18 10:50:00+00:00,16489.572,16500.572,16485.939000000002,16496.5
2024-01-18 10:55:00+00:00,16495.5055,16503.5165,16492.572,16503.060999999998
2024-01-18 11:00:00+00:00,16502.734,16513.522,16501.4835,16513.433500000003
2024-01-18 11:05:00+00:00,16513.0,16515.5555,16506.5055,16513.511
2024-01-18 11:10:00+00:00,16514.5,16528.5555,16513.478,16525.4835
2024-01-18 11:15:00+00:00,16526.066499999997,16528.022,16517.55,16520.989
2024-01-18 11:20:00+00:00,16521.5055,16526.566499999997,16517.489,16525.4945
2024-01-18 11:25:00+00:00,16526.0,16533.55,16516.478,16525.9945
2024-01-18 11:30:00+00:00,16525.601000000002,16531.0,16523.433500000003,16525.428
2024-01-18 11:35:00+00:00,16525.95,16532.939000000002,16524.45,16524.978
2024-01-18 11:40:00+00:00,16524.511,16534.4945,16524.433500000003,16532.4945
2024-01-18 11:45:00+00:00,16532.0055,16538.566499999997,16530.0,16530.5
2024-01-18 11:50:00+00:00,16531.5055,16536.0055,16530.978,16532.560999999998
2024-01-18 11:55:00+00:00,16533.0,16536.511,16530.478,16533.4945
2024-01-18 12:00:00+00:00,16532.701,16538.511,16531.011,16534.9945
2024-01-18 12:05:00+00:00,16535.483500000002,16550.55,16534.060999999998,16548.4945
2024-01-18 12:10:00+00:00,16549.011,16560.522,16546.489,16551.4945
2024-01-18 12:15:00+00:00,16552.478,16553.511,16541.428,16547.9835
2024-01-18 12:20:00+00:00,16548.4945,16563.0,16548.4945,16558.060999999998
2024-01-18 12:25:00+00:00,16558.5,16567.566499999997,16556.566499999997,16559.5
2024-01-18 12:30:00+00:00,16560.433500000003,16562.511,16553.4835,16554.433500000003
2024-01-18 12:35:00+00:00,16556.511,16563.5,16554.4945,16560.9835
2024-01-18 12:40:00+00:00,16561.5555,16561.5555,16552.511,16556.5
2024-01-18 12:45:00+00:00,16557.0,16559.4945,16549.4945,16549.5
2024-01-18 12:50:00+00:00,16550.066499999997,16554.489,16544.433500000003,16550.5
2024-01-18 12:55:00+00:00,16551.060999999998,16551.5,16538.4835,16540.4945
2024-01-18 13:00:00+00:00,16541.0,16544.572,16537.572,16542.022
2024-01-18 13:05:00+00:00,16542.572,16551.0555,16540.0,16546.5055
2024-01-18 13:10:00+00:00,16547.0,16551.5,16544.723,16547.5165
2024-01-18 13:15:00+00:00,16546.511,16556.4445,16546.511,16556.4445
2024-01-18 13:20:00+00:00,16555.9945,16558.572,16552.4445,16556.5165
2024-01-18 13:25:00+00:00,16555.978,16557.0055,16549.5,16551.060999999998
2024-01-18 13:30:00+00:00,16551.9945,16552.516499999998,16540.9445,16543.5165
2024-01-18 13:35:00+00:00,16544.011,16560.016499999998,16539.0055,16540.0165
2024-01-18 13:40:00+00:00,16540.428,16541.560999999998,16516.4945,16516.9945
2024-01-18 13:45:00+00:00,16516.5,16527.4945,16516.5,16522.066499999997
2024-01-18 13:50:00+00:00,16521.723,16537.5,16520.5,16532.4945
2024-01-18 13:55:00+00:00,16532.022,16532.511,16513.4945,16514.989
2024-01-18 14:00:00+00:00,16514.489,16529.983500000002,16514.489,16525.489
2024-01-18 14:05:00+00:00,16526.4945,16535.5165,16522.4835,16533.0555
2024-01-18 14:10:00+00:00,16533.4945,16549.9445,16533.0,16546.978
2024-01-18 14:15:00+00:00,16546.745000000003,16549.0555,16541.511,16542.0055
2024-01-18 14:20:00+00:00,16542.4945,16543.5,16533.4945,16535.9945
2024-01-18 14:25:00+00:00,16535.45,16540.5,16529.4945,16536.5055
2024-01-18 14:30:00+00:00,16536.0,16550.522,16533.5,16545.4945
2024-01-18 14:35:00+00:00,16546.5,16548.522,16536.560999999998,16540.989
2024-01-18 14:40:00+00:00,16541.5,16545.489,16525.5,16526.060999999998
2024-01-18 14:45:00+00:00,16525.516499999998,16547.572,16521.428,16547.572
2024-01-18 14:50:00+00:00,16548.0,16549.0165,16538.489,16545.560999999998
2024-01-18 14:55:00+00:00,16546.560999999998,16552.55,16540.489,16552.55
2024-01-18 15:00:00+00:00,16552.011,16556.5,16542.989,16544.022
2024-01-18 15:05:00+00:00,16544.560999999998,16551.522,16543.428,16543.989
2024-01-18 15:10:00+00:00,16544.5055,16558.566499999997,16541.4945,16556.4945
2024-01-18 15:15:00+00:00,16555.4945,16560.511,16546.0055,16549.0055
2024-01-18 15:20:00+00:00,16549.433500000003,16552.516499999998,16539.489,16544.5165
2024-01-18 15:25:00+00:00,16545.4945,16552.5055,16540.983500000002,16547.522
2024-01-18 15:30:00+00:00,16547.989,16557.0055,16543.9945,16554.4835
2024-01-18 15:35:00+00:00,16555.511,16575.5,16553.478,16572.478
2024-01-18 15:40:00+00:00,16572.016499999998,16580.4835,16564.4945,16571.9945
2024-01-18 15:45:00+00:00,16572.572,16572.978,16557.5055,16563.5
2024-01-18 15:50:00+00:00,16564.4835,16565.4945,16550.483500000002,16552.5
2024-01-18 15:55:00+00:00,16551.933500000003,16554.0165,16542.439000000002,16545.0
2024-01-18 16:00:00+00:00,16545.5055,16546.572,16526.978,16528.060999999998
2024-01-18 16:05:00+00:00,16528.5055,16539.522,16526.5,16535.489
2024-01-18 16:10:00+00:00,16535.9945,16552.516499999998,16535.516499999998,16551.5055
2024-01-18 16:15:00+00:00,16552.478,16564.478,16548.478,16557.4945
2024-01-18 16:20:00+00:00,16556.4945,16560.572,16555.5,16558.4945
2024-01-18 16:25:00+00:00,16559.55,16563.5055,16554.5055,16555.4945
2024-01-18 16:30:00+00:00,16554.712,16567.5555,16553.428,16567.4835
2024-01-18 16:35:00+00:00,16566.45,16576.5055,16566.433500000003,16567.0055
2024-01-18 16:40:00+00:00,16566.511,16569.4945,16560.560999999998,16561.433500000003
2024-01-18 16:45:00+00:00,16561.933500000003,16564.0555,16551.478,16554.560999999998
2024-01-18 16:50:00+00:00,16554.0055,16565.572,16553.439000000002,16562.511
2024-01-18 16:55:00+00:00,16561.933500000003,16565.5055,16558.45,16561.522
2024-01-18 17:00:00+00:00,16562.4945,16563.483500000002,16538.478,16538.983500000002
2024-01-18 17:05:00+00:00,16539.5,16544.0055,16535.5,16543.5165
2024-01-18 17:10:00+00:00,16543.989,16544.5055,16530.4445,16540.511
2024-01-18 17:15:00+00:00,16540.060999999998,16547.4835,16536.0055,16537.9945
2024-01-18 17:20:00+00:00,16537.5,16541.5055,16534.489,16536.4945
2024-01-18 17:25:00+00:00,16537.0055,16543.5055,16533.5,16543.5
2024-01-18 17:30:00+00:00,16542.4835,16542.989,16525.5,16527.9445
2024-01-18 17:35:00+00:00,16528.5,16532.5055,16524.5,16532.0165
2024-01-18 17:40:00+00:00,16531.516499999998,16537.05,16529.4445,16536.5
2024-01-18 17:45:00+00:00,16536.983500000002,16541.572,16536.983500000002,16539.572
2024-01-18 17:50:00+00:00,16539.9835,16541.0165,16532.5,16536.4945
2024-01-18 17:55:00+00:00,16536.022,16536.4835,16531.0,16535.0055
2024-01-18 18:00:00+00:00,16533.989,16533.9945,16526.4445,16528.0555
2024-01-18 18:05:00+00:00,16528.489,16532.0,16523.4945,16530.572
2024-01-18 18:10:00+00:00,16529.9945,16531.5055,16523.428,16528.989
2024-01-18 18:15:00+00:00,16528.76,16532.4945,16523.989,16527.45
2024-01-18 18:20:00+00:00,16526.9945,16530.516499999998,16522.4945,16525.428
2024-01-18 18:25:00+00:00,16524.4945,16527.566499999997,16519.483500000002,16522.0
2024-01-18 18:30:00+00:00,16521.56,16538.9945,16520.983500000002,16538.016499999998
2024-01-18 18:35:00+00:00,16538.5555,16548.072,16536.4445,16546.9945
2024-01-18 18:40:00+00:00,16547.4945,16551.55,16543.9835,16548.511
2024-01-18 18:45:00+00:00,16549.0055,16550.483500000002,16544.4835,16548.560999999998
2024-01-18 18:50:00+00:00,16548.9835,16553.0,16547.45,16549.9945
2024-01-18 18:55:00+00:00,16549.821000000004,16553.5,16549.439000000002,16549.5165
2024-01-18 19:00:00+00:00,16549.939000000002,16556.011,16547.4835,16554.5055
2024-01-18 19:05:00+00:00,16554.933500000003,16559.516499999998,16553.978,16557.5
2024-01-18 19:10:00+00:00,16557.9945,16563.011,16555.5555,16562.0055
2024-01-18 19:15:00+00:00,16562.5,16567.511,16560.0055,16561.9945
2024-01-18 19:20:00+00:00,16562.516499999998,16576.560999999998,16560.45,16573.4945
2024-01-18 19:25:00+00:00,16574.0165,16575.5555,16570.5055,16574.4945
2024-01-18 19:30:00+00:00,16575.066499999997,16579.5555,16568.483500000002,16571.022
2024-01-18 19:35:00+00:00,16570.433500000003,16574.4945,16569.5555,16570.0165
2024-01-18 19:40:00+00:00,16570.566499999997,16571.516499999998,16561.989,16562.4835
2024-01-18 19:45:00+00:00,16563.5,16569.566499999997,16559.016499999998,16567.5055
2024-01-18 19:50:00+00:00,16567.060999999998,16578.55,16566.9445,16577.489
2024-01-18 19:55:00+00:00,16577.0165,16582.011,16574.9945,16580.428
2024-01-18 20:00:00+00:00,16581.022,16583.572,16578.4945,16583.5
2024-01-18 20:05:00+00:00,16583.0165,16594.511,16582.4445,16592.978
2024-01-18 20:10:00+00:00,16592.4945,16594.05,16585.9945,16586.511
2024-01-18 20:15:00+00:00,16587.011,16591.560999999998,16585.478,16585.560999999998
2024-01-18 20:20:00+00:00,16585.989,16592.066499999997,16585.428,16588.9945
2024-01-18 20:25:00+00:00,16589.511,16592.5,16588.439000000002,16592.011
2024-01-18 20:30:00+00:00,16592.439000000002,16594.516499999998,16589.4945,16590.95
2024-01-18 20:35:00+00:00,16590.5055,16592.483500000002,16586.5,16586.5
2024-01-18 20:40:00+00:00,16586.2435,16590.989,16585.428,16590.483500000002
2024-01-18 20:45:00+00:00,16591.0,16592.572,16587.428,16591.4835
2024-01-18 20:50:00+00:00,16591.0,16601.9945,16590.439000000002,16599.0
2024-01-18 20:55:00+00:00,16598.489,16603.5055,16593.439000000002,16602.0055
2024-01-18 21:00:00+00:00,16601.9945,16602.894500000002,16589.733500000002,16594.222
2024-01-18 21:05:00+00:00,16593.25,16598.5165,16591.605499999998,16598.439000000002
2024-01-18 21:10:00+00:00,16597.7,16599.4055,16593.2945,16599.339
2024-01-18 23:00:00+00:00,16613.0,16613.0,16602.0,16602.883500000004
2024-01-18 23:05:00+00:00,16601.9945,16608.222,16601.9945,16604.739
2024-01-18 23:10:00+00:00,16603.911,16610.0165,16603.0055,16609.105499999998
2024-01-18 23:15:00+00:00,16608.627,16613.5055,16607.3445,16609.45
2024-01-18 23:20:00+00:00,16609.172,16612.5835,16609.172,16609.9945
2024-01-18 23:25:00+00:00,16610.8055,16611.6945,16609.4945,16610.0165
2024-01-18 23:30:00+00:00,16609.5,16610.8055,16606.4445,16608.2165
2024-01-18 23:35:00+00:00,16609.089,16610.855499999998,16608.1945,16609.989
2024-01-18 23:40:00+00:00,16610.816499999997,16612.8,16608.2055,16612.8
2024-01-18 23:45:00+00:00,16613.766499999998,16614.6,16608.478,16613.1
2024-01-18 23:50:00+00:00,16613.522,16622.6945,16613.5165,16620.878
2024-01-18 23:55:00+00:00,16620.55,16627.0055,16619.2,16626.078
2024-01-19 00:00:00+00:00,16625.3,16627.072,16621.739,16622.7055
2024-01-19 00:05:00+00:00,16623.5,16625.310999999998,16621.144500000002,16622.089
2024-01-19 00:10:00+00:00,16621.178,16621.178,16617.6835,16618.622
2024-01-19 00:15:00+00:00,16600.939000000002,16605.560999999998,16597.433500000003,16604.428
2024-01-19 00:20:00+00:00,16604.5055,16606.516499999998,16600.989,16603.489
2024-01-19 00:25:00+00:00,16604.0,16612.489,16604.0,16612.489
2024-01-19 00:30:00+00:00,16612.9945,16612.9945,16608.489,16610.45
2024-01-19 00:35:00+00:00,16610.699,16613.516499999998,16610.699,16613.060999999998
2024-01-19 00:40:00+00:00,16613.5,16616.022,16611.0055,16613.45
2024-01-19 00:45:00+00:00,16614.0055,16614.022,16608.9945,16609.511
2024-01-19 00:50:00+00:00,16610.016499999998,16611.0055,16607.4445,16610.45
2024-01-19 00:55:00+00:00,16611.0055,16612.511,16606.9445,16612.511
2024-01-19 01:00:00+00:00,16612.060999999998,16612.989,16608.989,16612.489
2024-01-19 01:05:00+00:00,16611.0,16611.0,16605.433500000003,16606.0
2024-01-19 01:10:00+00:00,16606.439000000002,16612.489,16606.0,16611.433500000003
2024-01-19 01:15:00+00:00,16611.989,16612.572,16601.928,16602.5
2024-01-19 01:20:00+00:00,16602.060999999998,16602.5555,16593.4945,16598.428
2024-01-19 01:25:00+00:00,16597.939000000002,16600.489,16591.511,16596.5
2024-01-19 01:30:00+00:00,16596.9945,16609.522,16596.489,16609.522
2024-01-19 01:35:00+00:00,16608.511,16609.5555,16603.433500000003,16604.5
2024-01-19 01:40:00+00:00,16604.0555,16607.5055,16603.516499999998,16603.516499999998
2024-01-19 01:45:00+00:00,16604.5555,16605.9945,16601.95,16603.072
2024-01-19 01:50:00+00:00,16602.572,16611.5,16602.572,16610.0055
2024-01-19 01:55:00+00:00,16610.572,16614.478,16608.939000000002,16613.428
2024-01-19 02:00:00+00:00,16613.011,16614.516499999998,16609.511,16610.511
2024-01-19 02:05:00+00:00,16609.5,16611.572,16607.433500000003,16609.433500000003
2024-01-19 02:10:00+00:00,16609.0,16612.072,16605.45,16612.072
2024-01-19 02:15:00+00:00,16611.483500000002,16611.566499999997,16607.05,16607.566499999997
2024-01-19 02:20:00+00:00,16608.0,16612.489,16606.5055,16610.0055
2024-01-19 02:25:00+00:00,16609.5,16611.5,16606.0055,16609.511
2024-01-19 02:30:00+00:00,16608.4445,16611.516499999998,16604.5165,16606.439000000002
2024-01-19 02:35:00+00:00,16606.9945,16609.0,16605.016499999998,16607.5
2024-01-19 02:40:00+00:00,16608.022,16609.05,16605.516499999998,16607.478
2024-01-19 02:45:00+00:00,16607.022,16615.0055,16605.566499999997,16612.5
2024-01-19 02:50:00+00:00,16613.478,16613.5555,16609.439000000002,16611.9445
2024-01-19 02:55:00+00:00,16611.489,16613.011,16608.45,16610.5
2024-01-19 03:00:00+00:00,16609.5,16614.011,16608.928,16612.483500000002
2024-01-19 03:05:00+00:00,16613.011,16614.060999999998,16611.5555,16613.0055
2024-01-19 03:10:00+00:00,16613.5,16614.5,16611.478,16611.478
2024-01-19 03:15:00+00:00,16611.0055,16614.4835,16609.5055,16610.5
2024-01-19 03:20:00+00:00,16609.4835,16610.0055,16606.433500000003,16606.572
2024-01-19 03:25:00+00:00,16607.05,16607.522,16605.4445,16607.0
2024-01-19 03:30:00+00:00,16606.55,16610.5,16605.45,16608.978
2024-01-19 03:35:00+00:00,16608.0,16610.9945,16607.4445,16610.022
2024-01-19 03:40:00+00:00,16610.516499999998,16610.516499999998,16605.4445,16608.5
2024-01-19 03:45:00+00:00,16608.9945,16609.566499999997,16605.4945,16608.939000000002
2024-01-19 03:50:00+00:00,16609.5055,16612.0165,16608.4945,16612.011
2024-01-19 03:55:00+00:00,16611.566499999997,16615.022,16611.566499999997,16614.5055
2024-01-19 04:00:00+00:00,16613.511,16614.5555,16609.0,16610.4445
2024-01-19 04:05:00+00:00,16611.478,16611.5055,16608.5,16608.5
2024-01-19 04:10:00+00:00,16609.0,16610.0,16606.516499999998,16607.5055
2024-01-19 04:15:00+00:00,16606.516499999998,16610.489,16605.489,16608.939000000002
2024-01-19 04:20:00+00:00,16609.5055,16611.522,16607.978,16609.428
2024-01-19 04:25:00+00:00,16610.0555,16610.5,16607.4945,16610.0055
2024-01-19 04:30:00+00:00,16610.5165,16610.933500000003,16606.0055,16607.5
2024-01-19 04:35:00+00:00,16607.0,16608.0165,16605.5055,16607.522
2024-01-19 04:40:00+00:00,16607.0055,16608.95,16606.483500000002,16607.933500000003
2024-01-19 04:45:00+00:00,16607.572,16609.5055,16606.989,16608.439000000002
2024-01-19 04:50:00+00:00,16608.0,16609.5555,16606.4945,16607.511
2024-01-19 04:55:00+00:00,16607.989,16609.433500000003,16606.4945,16608.5055
2024-01-19 05:00:00+00:00,16607.939000000002,16614.5165,16606.4945,16611.5
2024-01-19 05:05:00+00:00,16610.933500000003,16612.072,16608.489,16612.060999999998
2024-01-19 05:10:00+00:00,16611.511,16613.522,16610.0055,16613.011
2024-01-19 05:15:00+00:00,16613.4945,16613.55,16608.516499999998,16608.516499999998
2024-01-19 05:20:00+00:00,16609.4835,16611.5555,16607.439000000002,16608.5165
2024-01-19 05:25:00+00:00,16608.9945,16609.572,16607.4945,16608.4945
2024-01-19 05:30:00+00:00,16607.989,16609.5055,16604.5055,16606.4945
2024-01-19 05:35:00+00:00,16606.232500000002,16607.4945,16600.428,16600.478
2024-01-19 05:40:00+00:00,16601.0,16601.5555,16598.95,16599.4945
2024-01-19 05:45:00+00:00,16600.4445,16600.4945,16597.0,16598.478
2024-01-19 05:50:00+00:00,16598.011,16599.5555,16597.0165,16598.489
2024-01-19 05:55:00+00:00,16598.0055,16599.511,16594.928,16596.011
2024-01-19 06:00:00+00:00,16595.682500000003,16599.428,16591.9945,16597.928
2024-01-19 06:05:00+00:00,16597.428,16605.072,16597.066499999997,16604.5
2024-01-19 06:10:00+00:00,16605.011,16611.0055,16604.428,16609.511
2024-01-19 06:15:00+00:00,16610.0,16611.011,16604.0,16604.511
2024-01-19 06:20:00+00:00,16604.0055,16609.0,16603.0,16606.5
2024-01-19 06:25:00+00:00,16606.0555,16607.55,16604.4945,16605.5
2024-01-19 06:30:00+00:00,16604.511,16606.5055,16601.5,16603.4835
2024-01-19 06:35:00+00:00,16602.928,16609.0055,16602.0055,16607.4445
2024-01-19 06:40:00+00:00,16607.0,16610.0,16604.4945,16606.4835
2024-01-19 06:45:00+00:00,16606.0055,16606.5,16604.489,16605.5
2024-01-19 06:50:00+00:00,16606.5,16613.483500000002,16604.9945,16613.483500000002
2024-01-19 06:55:00+00:00,16613.022,16613.022,16597.4945,16598.0
2024-01-19 07:00:00+00:00,16599.0,16607.5,16598.511,16604.5055
2024-01-19 07:05:00+00:00,16604.0055,16609.5165,16597.489,16606.5
2024-01-19 07:10:00+00:00,16606.182500000003,16607.9835,16598.928,16600.489
2024-01-19 07:15:00+00:00,16599.9445,16652.560999999998,16599.4945,16650.511
2024-01-19 07:20:00+00:00,16650.0,16656.989,16632.566499999997,16635.5055
2024-01-19 07:25:00+00:00,16635.983500000002,16636.566499999997,16627.5,16636.511
2024-01-19 07:30:00+00:00,16636.0,16645.566499999997,16629.433500000003,16641.4945
2024-01-19 07:35:00+00:00,16640.522,16642.5165,16637.511,16641.0
2024-01-19 07:40:00+00:00,16641.978,16645.022,16635.516499999998,16642.560999999998
2024-01-19 07:45:00+00:00,16640.4445,16644.978,16638.0,16644.978
2024-01-19 07:50:00+00:00,16644.5,16653.4945,16644.489,16649.5
2024-01-19 07:55:00+00:00,16650.0,16650.0,16625.0055,16626.072
2024-01-19 08:00:00+00:00,16626.723,16648.489,16618.022,16647.489
2024-01-19 08:05:00+00:00,16646.983500000002,16648.572,16624.560999999998,16626.0
2024-01-19 08:10:00+00:00,16627.0165,16640.0,16622.489,16634.5
2024-01-19 08:15:00+00:00,16636.0055,16641.9835,16624.0055,16641.9835
2024-01-19 08:20:00+00:00,16641.245000000003,16646.0,16631.933500000003,16638.433500000003
2024-01-19 08:25:00+00:00,16639.0055,16640.0,16622.9945,16622.9945
2024-01-19 08:30:00+00:00,16621.9945,16625.072,16609.9945,16616.0555
2024-01-19 08:35:00+00:00,16614.933500000003,16617.4945,16603.011,16616.5055
2024-01-19 08:40:00+00:00,16616.223,16621.572,16601.5555,16607.95
2024-01-19 08:45:00+00:00,16608.5165,16619.011,16605.933500000003,16618.428
2024-01-19 08:50:00+00:00,16617.989,16625.55,16617.511,16622.5
2024-01-19 08:55:00+00:00,16622.011,16624.9945,16613.5,16624.483500000002
2024-01-19 09:00:00+00:00,16623.4445,16632.011,16617.5055,16623.511
2024-01-19 09:05:00+00:00,16623.011,16623.55,16611.9835,16619.439000000002
2024-01-19 09:10:00+00:00,16619.0,16629.022,16613.939000000002,16629.022
2024-01-19 09:15:00+00:00,16628.723,16636.5,16627.928,16633.928
2024-01-19 09:20:00+00:00,16633.511,16640.989,16628.9945,16640.011
2024-01-19 09:25:00+00:00,16640.5,16643.05,16628.0,16632.9945
2024-01-19 09:30:00+00:00,16631.9945,16633.5055,16616.9945,16618.0055
2024-01-19 09:35:00+00:00,16617.712,16617.989,16597.9835,16603.5
2024-01-19 09:40:00+00:00,16603.022,16603.022,16586.072,16591.933500000003
2024-01-19 09:45:00+00:00,16591.439000000002,16597.95,16586.0055,16592.0055
2024-01-19 09:50:00+00:00,16593.072,16601.0555,16584.95,16599.5
2024-01-19 09:55:00+00:00,16598.983500000002,16611.0,16592.9835,16611.0
2024-01-19 10:00:00+00:00,16610.701,16611.0055,16600.011,16605.0
2024-01-19 10:05:00+00:00,16603.989,16614.011,16601.939000000002,16611.011
2024-01-19 10:10:00+00:00,16611.489,16612.072,16602.9945,16602.9945
2024-01-19 10:15:00+00:00,16603.5,16604.9945,16589.939000000002,16593.0055
2024-01-19 10:20:00+00:00,16592.511,16605.0055,16591.928,16599.5
2024-01-19 10:25:00+00:00,16598.9945,16598.9945,16587.933500000003,16590.9945
2024-01-19 10:30:00+00:00,16590.5055,16597.011,16585.9835,16596.5
2024-01-19 10:35:00+00:00,16596.0055,16609.05,16595.5165,16600.989
2024-01-19 10:40:00+00:00,16601.560999999998,16605.0555,16591.489,16594.0
2024-01-19 10:45:00+00:00,16594.489,16603.0165,16591.928,16602.9945
2024-01-19 10:50:00+00:00,16603.428,16615.5,16600.4945,16612.433500000003
2024-01-19 10:55:00+00:00,16612.939000000002,16619.0165,16608.989,16610.483500000002
2024-01-19 11:00:00+00:00,16609.978,16614.0,16601.9945,16611.5
2024-01-19 11:05:00+00:00,16611.060999999998,16621.011,16611.0055,16617.5
2024-01-19 11:10:00+00:00,16617.989,16633.066499999997,16616.45,16627.95
2024-01-19 11:15:00+00:00,16627.0,16630.433500000003,16619.0,16623.5555
2024-01-19 11:20:00+00:00,16622.989,16628.933500000003,16620.983500000002,16628.522
2024-01-19 11:25:00+00:00,16628.05,16628.05,16615.9945,16619.011
2024-01-19 11:30:00+00:00,16618.55,16621.060999999998,16613.4945,16618.0055
2024-01-19 11:35:00+00:00,16616.989,16624.0165,16615.483500000002,16624.011
2024-01-19 11:40:00+00:00,16623.016499999998,16625.05,16618.939000000002,16625.022
2024-01-19 11:45:00+00:00,16625.5055,16635.0555,16624.0,16633.522
2024-01-19 11:50:00+00:00,16633.223,16633.223,16614.933500000003,16615.511
2024-01-19 11:55:00+00:00,16614.4835,16619.0555,16607.989,16609.0
2024-01-19 12:00:00+00:00,16608.016499999998,16609.0,16593.0,16607.0055
2024-01-19 12:05:00+00:00,16606.5,16609.0055,16599.5,16600.9945
2024-01-19 12:10:00+00:00,16600.5055,16609.060999999998,16598.5,16603.560999999998
2024-01-19 12:15:00+00:00,16602.989,16605.511,16593.489,16593.489
2024-01-19 12:20:00+00:00,16594.0165,16597.9945,16590.5,16592.489
2024-01-19 12:25:00+00:00,16592.011,16604.0,16590.0055,16599.989
2024-01-19 12:30:00+00:00,16600.428,16600.428,16590.0,16590.511
2024-01-19 12:35:00+00:00,16591.022,16597.0055,16585.5,16591.489
2024-01-19 12:40:00+00:00,16591.0,16596.0555,16587.4835,16595.0
2024-01-19 12:45:00+00:00,16594.566499999997,16595.060999999998,16588.011,16593.4835
2024-01-19 12:50:00+00:00,16593.989,16604.066499999997,16592.9835,16601.433500000003
2024-01-19 12:55:00+00:00,16601.928,16611.072,16600.933500000003,16609.939000000002
2024-01-19 13:00:00+00:00,16610.4445,16622.9945,16609.989,16618.989
2024-01-19 13:05:00+00:00,16618.522,16618.978,16609.511,16617.4945
2024-01-19 13:10:00+00:00,16618.05,16619.0055,16612.978,16618.016499999998
2024-01-19 13:15:00+00:00,16618.516499999998,16620.55,16609.0,16617.5
2024-01-19 13:20:00+00:00,16617.011,16620.060999999998,16602.5,16607.0
2024-01-19 13:25:00+00:00,16607.428,16607.9945,16588.522,16589.0055
2024-01-19 13:30:00+00:00,16588.016499999998,16595.4835,16581.522,16590.9945
2024-01-19 13:35:00+00:00,16591.5,16592.511,16579.060999999998,16580.4445
2024-01-19 13:40:00+00:00,16579.978,16580.983500000002,16563.928,16568.0555
2024-01-19 13:45:00+00:00,16568.489,16577.489,16566.433500000003,16568.5055
2024-01-19 13:50:00+00:00,16569.072,16573.989,16566.9945,16569.066499999997
2024-01-19 13:55:00+00:00,16567.9445,16570.0055,16553.983500000002,16556.0
2024-01-19 14:00:00+00:00,16555.245000000003,16557.5055,16549.060999999998,16557.5055
2024-01-19 14:05:00+00:00,16557.0055,16559.066499999997,16549.978,16551.0
2024-01-19 14:10:00+00:00,16551.9945,16552.0055,16542.983500000002,16547.933500000003
2024-01-19 14:15:00+00:00,16548.5,16552.072,16541.978,16545.9945
2024-01-19 14:20:00+00:00,16544.95,16560.016499999998,16542.011,16559.0
2024-01-19 14:25:00+00:00,16559.511,16559.511,16540.933500000003,16546.016499999998
2024-01-19 14:30:00+00:00,16546.5,16550.0,16534.0,16536.939000000002
2024-01-19 14:35:00+00:00,16536.723,16539.9945,16525.989,16528.0055
2024-01-19 14:40:00+00:00,16527.560999999998,16530.0055,16517.928,16524.016499999998
2024-01-19 14:45:00+00:00,16523.072,16536.072,16516.989,16532.4445
2024-01-19 14:50:00+00:00,16532.0,16544.9945,16527.0055,16541.9835
2024-01-19 14:55:00+00:00,16541.212,16553.066499999997,16540.560999999998,16553.066499999997
2024-01-19 15:00:00+00:00,16554.011,16573.0165,16543.4945,16551.511
2024-01-19 15:05:00+00:00,16550.011,16554.016499999998,16530.989,16537.5055
2024-01-19 15:10:00+00:00,16538.0,16543.983500000002,16528.933500000003,16534.933500000003
2024-01-19 15:15:00+00:00,16534.428,16546.05,16529.989,16541.5055
2024-01-19 15:20:00+00:00,16541.983500000002,16547.5,16527.0055,16532.983500000002
2024-01-19 15:25:00+00:00,16532.4945,16537.5,16527.439000000002,16536.0055
2024-01-19 15:30:00+00:00,16536.516499999998,16536.516499999998,16511.989,16516.989
2024-01-19 15:35:00+00:00,16516.516499999998,16537.066499999997,16516.516499999998,16534.516499999998
2024-01-19 15:40:00+00:00,16534.989,16547.989,16533.95,16544.066499999997
2024-01-19 15:45:00+00:00,16543.060999999998,16549.072,16535.428,16536.5055
2024-01-19 15:50:00+00:00,16536.0555,16545.0,16529.066499999997,16543.022
2024-01-19 15:55:00+00:00,16544.0055,16553.011,16541.489,16547.9945
2024-01-19 16:00:00+00:00,16548.516499999998,16554.989,16539.939000000002,16543.933500000003
2024-01-19 16:05:00+00:00,16543.723,16557.05,16540.939000000002,16555.522
2024-01-19 16:10:00+00:00,16555.9945,16567.0,16555.9945,16558.0555
2024-01-19 16:15:00+00:00,16558.5165,16565.072,16555.9835,16559.9945
2024-01-19 16:20:00+00:00,16558.566499999997,16559.060999999998,16548.933500000003,16553.9945
2024-01-19 16:25:00+00:00,16554.5,16559.0,16547.928,16552.9835
2024-01-19 16:30:00+00:00,16552.511,16555.5,16545.0,16554.939000000002
2024-01-19 16:35:00+00:00,16554.428,16555.5055,16546.05,16550.011
2024-01-19 16:40:00+00:00,16549.5055,16550.016499999998,16543.989,16547.9945
2024-01-19 16:45:00+00:00,16548.016499999998,16548.016499999998,16536.95,16539.9945
2024-01-19 16:50:00+00:00,16539.478,16549.0,16538.5,16546.939000000002
2024-01-19 16:55:00+00:00,16546.572,16555.5,16544.0,16554.928
2024-01-19 17:00:00+00:00,16555.478,16559.983500000002,16550.9445,16555.0555
2024-01-19 17:05:00+00:00,16555.939000000002,16557.5,16550.95,16553.0555
2024-01-19 17:10:00+00:00,16551.9445,16555.011,16545.989,16554.489
2024-01-19 17:15:00+00:00,16554.989,16561.0,16553.4835,16559.978
2024-01-19 17:20:00+00:00,16559.4445,16567.016499999998,16557.4835,16565.072
2024-01-19 17:25:00+00:00,16564.483500000002,16573.522,16564.483500000002,16573.522
2024-01-19 17:30:00+00:00,16573.011,16580.016499999998,16570.0,16577.560999999998
2024-01-19 17:35:00+00:00,16577.9945,16582.066499999997,16575.0,16576.011
2024-01-19 17:40:00+00:00,16576.5055,16579.060999999998,16569.928,16577.983500000002
2024-01-19 17:45:00+00:00,16577.478,16579.011,16572.9835,16576.066499999997
2024-01-19 17:50:00+00:00,16576.45,16580.05,16575.483500000002,16579.9945
2024-01-19 17:55:00+00:00,16580.45,16586.011,16579.4945,16586.011
2024-01-19 18:00:00+00:00,16585.483500000002,16586.060999999998,16575.0055,16578.0555
2024-01-19 18:05:00+00:00,16577.5,16585.0165,16576.933500000003,16582.4945
2024-01-19 18:10:00+00:00,16582.9945,16590.0,16580.95,16587.5
2024-01-19 18:15:00+00:00,16587.989,16591.060999999998,16586.433500000003,16588.0555
2024-01-19 18:20:00+00:00,16588.5,16596.060999999998,16588.4945,16594.989
2024-01-19 18:25:00+00:00,16594.489,16599.9945,16591.983500000002,16599.989
2024-01-19 18:30:00+00:00,16600.5,16604.0,16599.428,16600.560999999998
2024-01-19 18:35:00+00:00,16600.9445,16606.989,16600.939000000002,16606.060999999998
2024-01-19 18:40:00+00:00,16607.0055,16607.0055,16601.983500000002,16607.0055
2024-01-19 18:45:00+00:00,16605.928,16606.983500000002,16601.983500000002,16603.933500000003
2024-01-19 18:50:00+00:00,16604.45,16605.016499999998,16600.522,16603.511
2024-01-19 18:55:00+00:00,16603.933500000003,16610.0165,16602.978,16608.016499999998
2024-01-19 19:00:00+00:00,16608.95,16614.989,16607.4945,16613.511
2024-01-19 19:05:00+00:00,16613.928,16618.011,16611.9945,16615.95
2024-01-19 19:10:00+00:00,16616.5,16626.0,16615.983500000002,16624.9945
2024-01-19 19:15:00+00:00,16625.5055,16626.0055,16618.011,16621.5
2024-01-19 19:20:00+00:00,16621.9945,16625.016499999998,16617.989,16624.4945
2024-01-19 19:25:00+00:00,16625.0,16636.072,16624.060999999998,16626.9945
2024-01-19 19:30:00+00:00,16627.511,16627.511,16616.978,16620.0
2024-01-19 19:35:00+00:00,16619.4445,16626.05,16614.011,16624.5
2024-01-19 19:40:00+00:00,16624.983500000002,16627.05,16618.95,16622.5
2024-01-19 19:45:00+00:00,16623.0055,16626.072,16618.9445,16624.016499999998
2024-01-19 19:50:00+00:00,16625.0,16625.55,16618.4835,16621.9945
2024-01-19 19:55:00+00:00,16622.483500000002,16627.066499999997,16621.560999999998,16625.928
2024-01-19 20:00:00+00:00,16626.566499999997,16636.022,16624.4945,16632.0
2024-01-19 20:05:00+00:00,16632.5,16634.011,16626.9945,16626.9945
2024-01-19 20:10:00+00:00,16628.011,16631.066499999997,16625.0,16627.9445
2024-01-19 20:15:00+00:00,16627.5555,16631.0,16626.4835,16628.5
2024-01-19 20:20:00+00:00,16628.978,16629.5,16620.9835,16622.433500000003
2024-01-19 20:25:00+00:00,16622.072,16630.0055,16620.9835,16627.978
2024-01-19 20:30:00+00:00,16628.4445,16633.0165,16626.011,16632.5
2024-01-19 20:35:00+00:00,16633.0055,16635.022,16628.511,16628.9945
2024-01-19 20:40:00+00:00,16629.566499999997,16631.989,16624.939000000002,16625.0
2024-01-19 20:45:00+00:00,16624.0,16629.011,16624.0,16628.0
2024-01-19 20:50:00+00:00,16628.5,16631.011,16624.939000000002,16630.989
2024-01-19 20:55:00+00:00,16630.6935,16631.511,16626.933500000003,16631.428
2024-01-22 00:00:00+00:00,16639.95,16642.1945,16636.928,16639.589
2024-01-22 00:05:00+00:00,16640.489,16646.5055,16639.6,16645.6
2024-01-22 00:10:00+00:00,16644.789,16648.6,16643.878,16647.8
2024-01-22 00:15:00+00:00,16644.5555,16660.5055,16644.5555,16660.5055
2024-01-22 00:20:00+00:00,16660.9945,16661.9945,16657.428,16657.933500000003
2024-01-22 00:25:00+00:00,16658.9945,16663.4945,16657.5,16663.4945
2024-01-22 00:30:00+00:00,16664.0,16666.5055,16664.0,16666.5055
2024-01-22 00:35:00+00:00,16666.022,16670.928,16664.483500000002,16670.928
2024-01-22 00:40:00+00:00,16671.928,16686.511,16671.928,16684.489
2024-01-22 00:45:00+00:00,16683.4945,16688.5055,16680.4945,16688.066499999997
2024-01-22 00:50:00+00:00,16688.511,16696.989,16686.016499999998,16693.9445
2024-01-22 00:55:00+00:00,16694.983500000002,16701.016499999998,16694.9835,16699.989
2024-01-22 01:00:00+00:00,16699.439000000002,16705.060999999998,16694.511,16704.511
2024-01-22 01:05:00+00:00,16704.9945,16707.072,16701.489,16704.9945
2024-01-22 01:10:00+00:00,16705.4945,16705.4945,16699.060999999998,16699.5
2024-01-22 01:15:00+00:00,16700.022,16700.022,16686.989,16691.5
2024-01-22 01:20:00+00:00,16691.011,16697.9945,16691.011,16696.928
2024-01-22 01:25:00+00:00,16696.4445,16702.95,16695.939000000002,16702.0
2024-01-22 01:30:00+00:00,16700.983500000002,16704.072,16695.928,16700.4835
2024-01-22 01:35:00+00:00,16700.060999999998,16700.572,16688.45,16690.489
2024-01-22 01:40:00+00:00,16691.0,16691.0,16684.560999999998,16687.5
2024-01-22 01:45:00+00:00,16687.989,16699.9945,16687.0055,16691.072
2024-01-22 01:50:00+00:00,16691.433500000003,16691.433500000003,16683.439000000002,16686.428
2024-01-22 01:55:00+00:00,16686.0,16688.0055,16684.983500000002,16686.560999999998
2024-01-22 02:00:00+00:00,16685.989,16688.566499999997,16684.4445,16686.4945
2024-01-22 02:05:00+00:00,16686.011,16687.989,16682.0165,16683.0055
2024-01-22 02:10:00+00:00,16683.516499999998,16688.511,16683.516499999998,16687.0055
2024-01-22 02:15:00+00:00,16687.566499999997,16693.011,16687.489,16693.011
2024-01-22 02:20:00+00:00,16692.489,16693.0055,16686.489,16687.011
2024-01-22 02:25:00+00:00,16687.4945,16687.4945,16681.0055,16681.989
2024-01-22 02:30:00+00:00,16681.5055,16683.0555,16672.0,16672.0
2024-01-22 02:35:00+00:00,16671.5555,16676.0555,16671.5555,16675.572
2024-01-22 02:40:00+00:00,16675.072,16681.011,16674.928,16680.478
2024-01-22 02:45:00+00:00,16680.978,16684.05,16679.978,16682.016499999998
2024-01-22 02:50:00+00:00,16680.978,16682.011,16679.428,16681.0
2024-01-22 02:55:00+00:00,16680.0,16680.560999999998,16677.011,16680.016499999998
2024-01-22 03:00:00+00:00,16679.011,16688.0055,16679.011,16686.989
2024-01-22 03:05:00+00:00,16686.45,16686.45,16681.572,16681.983500000002
2024-01-22 03:10:00+00:00,16681.4945,16681.4945,16677.0,16678.0
2024-01-22 03:15:00+00:00,16678.483500000002,16683.011,16677.95,16682.95
2024-01-22 03:20:00+00:00,16681.989,16682.978,16678.928,16679.511
2024-01-22 03:25:00+00:00,16680.5,16688.066499999997,16679.022,16684.9445
2024-01-22 03:30:00+00:00,16685.4945,16688.5,16684.45,16687.5
2024-01-22 03:35:00+00:00,16686.4835,16688.05,16685.511,16688.016499999998
2024-01-22 03:40:00+00:00,16687.478,16690.4945,16685.5,16686.428
2024-01-22 03:45:00+00:00,16686.9445,16690.939000000002,16686.9445,16688.522
2024-01-22 03:50:00+00:00,16687.928,16688.011,16683.05,16683.928
2024-01-22 03:55:00+00:00,16683.0,16687.011,16681.933500000003,16687.011
2024-01-22 04:00:00+00:00,16688.0,16695.072,16688.0,16692.0
2024-01-22 04:05:00+00:00,16691.5165,16694.072,16691.0055,16694.072
2024-01-22 04:10:00+00:00,16693.45,16693.5055,16690.4945,16691.5055
2024-01-22 04:15:00+00:00,16691.9945,16692.9945,16689.0555,16689.0555
2024-01-22 04:20:00+00:00,16689.511,16690.072,16688.0165,16689.478
2024-01-22 04:25:00+00:00,16689.9945,16691.060999999998,16686.989,16690.560999999998
2024-01-22 04:30:00+00:00,16690.9945,16691.066499999997,16688.566499999997,16691.05
2024-01-22 04:35:00+00:00,16690.5,16691.5055,16688.9835,16689.439000000002
2024-01-22 04:40:00+00:00,16689.0055,16689.433500000003,16685.572,16687.5165
2024-01-22 04:45:00+00:00,16688.0,16688.516499999998,16687.0,16688.0055
2024-01-22 04:50:00+00:00,16688.4945,16692.5555,16688.4945,16692.0
2024-01-22 04:55:00+00:00,16691.45,16693.066499999997,16691.45,16691.989
2024-01-22 05:00:00+00:00,16692.511,16693.05,16687.928,16690.060999999998
2024-01-22 05:05:00+00:00,16689.5165,16693.511,16685.489,16692.0
2024-01-22 05:10:00+00:00,16691.4945,16692.9445,16688.566499999997,16689.0
2024-01-22 05:15:00+00:00,16689.5,16689.5555,16683.5,16683.5
2024-01-22 05:20:00+00:00,16684.060999999998,16685.9945,16681.9945,16684.9945
2024-01-22 05:25:00+00:00,16684.433500000003,16684.433500000003,16680.489,16680.9445
2024-01-22 05:30:00+00:00,16679.0055,16685.066499999997,16679.0,16685.0
2024-01-22 05:35:00+00:00,16681.511,16683.0555,16676.5,16676.5
2024-01-22 05:40:00+00:00,16675.9835,16679.5055,16673.928,16676.5555
2024-01-22 05:45:00+00:00,16676.05,16678.55,16671.989,16671.989
2024-01-22 05:50:00+00:00,16671.5045,16673.4945,16669.928,16672.066499999997
2024-01-22 05:55:00+00:00,16673.011,16673.072,16669.572,16672.05
2024-01-22 06:00:00+00:00,16671.5,16680.0555,16671.4945,16678.978
2024-01-22 06:05:00+00:00,16677.9835,16678.489,16671.95,16677.4945
2024-01-22 06:10:00+00:00,16677.0055,16680.933500000003,16675.978,16677.011
2024-01-22 06:15:00+00:00,16677.489,16681.066499999997,16676.478,16677.0055
2024-01-22 06:20:00+00:00,16677.5055,16677.5055,16664.516499999998,16665.5
2024-01-22 06:25:00+00:00,16664.978,16669.5,16664.5055,16668.566499999997
2024-01-22 06:30:00+00:00,16667.928,16670.066499999997,16664.939000000002,16667.011
2024-01-22 06:35:00+00:00,16667.9835,16669.5,16665.05,16666.0
2024-01-22 06:40:00+00:00,16665.433500000003,16666.939000000002,16661.489,16662.9835
2024-01-22 06:45:00+00:00,16662.016499999998,16664.4945,16661.5,16663.933500000003
2024-01-22 06:50:00+00:00,16663.0055,16663.522,16660.45,16662.989
2024-01-22 06:55:00+00:00,16663.489,16663.9945,16656.428,16656.9445
2024-01-22 07:00:00+00:00,16656.499,16661.0,16649.9945,16655.022
2024-01-22 07:05:00+00:00,16656.011,16662.9445,16652.0,16656.5055
2024-01-22 07:10:00+00:00,16658.5,16676.0,16657.011,16676.0
2024-01-22 07:15:00+00:00,16675.522,16686.5165,16673.072,16685.011
2024-01-22 07:20:00+00:00,16686.0,16686.0,16674.428,16682.0055
2024-01-22 07:25:00+00:00,16681.5165,16687.572,16680.5,16682.489
2024-01-22 07:30:00+00:00,16683.45,16688.5,16680.5,16682.9445
2024-01-22 07:35:00+00:00,16683.5,16685.989,16679.989,16683.428
2024-01-22 07:40:00+00:00,16682.9945,16692.0,16680.478,16691.4945
2024-01-22 07:45:00+00:00,16692.0165,16698.5,16688.4945,16690.5055
2024-01-22 07:50:00+00:00,16690.072,16697.560999999998,16685.05,16695.566499999997
2024-01-22 07:55:00+00:00,16696.55,16698.483500000002,16673.4945,16673.4945
2024-01-22 08:00:00+00:00,16672.989,16699.5,16670.9835,16681.9945
2024-01-22 08:05:00+00:00,16682.4445,16685.016499999998,16659.933500000003,16665.989
2024-01-22 08:10:00+00:00,16666.989,16692.0,16664.989,16685.95
2024-01-22 08:15:00+00:00,16686.45,16707.566499999997,16683.4945,16690.5
2024-01-22 08:20:00+00:00,16690.753,16701.060999999998,16685.5,16700.0
2024-01-22 08:25:00+00:00,16700.511,16701.202,16675.4445,16682.4945
2024-01-22 08:30:00+00:00,16681.489,16684.5055,16666.95,16667.0
2024-01-22 08:35:00+00:00,16668.5,16669.516499999998,16652.45,16658.5055
2024-01-22 08:40:00+00:00,16658.744,16667.5055,16651.428,16656.0
2024-01-22 08:45:00+00:00,16656.5165,16662.5055,16645.478,16651.428
2024-01-22 08:50:00+00:00,16650.45,16656.5,16644.5055,16644.5055
2024-01-22 08:55:00+00:00,16643.522,16663.0055,16642.0,16661.5
2024-01-22 09:00:00+00:00,16660.5,16671.95,16656.0555,16668.511
2024-01-22 09:05:00+00:00,16669.022,16669.022,16650.4945,16651.566499999997
2024-01-22 09:10:00+00:00,16650.5,16651.4445,16636.928,16640.5
2024-01-22 09:15:00+00:00,16639.0,16650.489,16637.489,16650.0055
2024-01-22 09:20:00+00:00,16650.489,16653.0,16635.9835,16639.9945
2024-01-22 09:25:00+00:00,16639.5055,16645.933500000003,16634.511,16638.9945
2024-01-22 09:30:00+00:00,16639.989,16644.560999999998,16634.478,16639.016499999998
2024-01-22 09:35:00+00:00,16639.433500000003,16641.5,16625.5,16627.0
2024-01-22 09:40:00+00:00,16627.4945,16641.45,16626.4945,16639.489
2024-01-22 09:45:00+00:00,16638.522,16640.5555,16628.978,16631.5
2024-01-22 09:50:00+00:00,16631.022,16641.4835,16629.478,16640.489
2024-01-22 09:55:00+00:00,16639.45,16640.5055,16633.5055,16636.066499999997
2024-01-22 10:00:00+00:00,16635.4445,16638.0055,16619.4835,16622.989
2024-01-22 10:05:00+00:00,16622.5055,16633.5555,16622.0,16630.522
2024-01-22 10:10:00+00:00,16631.489,16638.566499999997,16628.489,16638.566499999997
2024-01-22 10:15:00+00:00,16638.0,16638.55,16623.939000000002,16628.989
2024-01-22 10:20:00+00:00,16628.511,16629.5055,16613.511,16616.5
2024-01-22 10:25:00+00:00,16617.0,16619.5,16613.511,16616.5055
2024-01-22 10:30:00+00:00,16616.011,16617.989,16610.439000000002,16615.0055
2024-01-22 10:35:00+00:00,16614.566499999997,16616.522,16606.45,16607.516499999998
2024-01-22 10:40:00+00:00,16608.4945,16613.4445,16606.566499999997,16611.060999999998
2024-01-22 10:45:00+00:00,16611.560999999998,16623.224,16610.4945,16621.5
2024-01-22 10:50:00+00:00,16621.0,16630.0555,16619.5055,16626.5
2024-01-22 10:55:00+00:00,16625.95,16630.5,16621.5555,16628.011
2024-01-22 11:00:00+00:00,16627.511,16632.4945,16619.45,16622.4445
2024-01-22 11:05:00+00:00,16621.9445,16634.572,16621.016499999998,16631.0
2024-01-22 11:10:00+00:00,16631.4945,16635.0055,16625.433500000003,16633.4945
2024-01-22 11:15:00+00:00,16632.522,16641.5055,16632.522,16637.572
2024-01-22 11:20:00+00:00,16637.983500000002,16648.05,16634.5,16641.5
2024-01-22 11:25:00+00:00,16641.066499999997,16641.4945,16628.483500000002,16633.4945
2024-01-22 11:30:00+00:00,16634.05,16637.0,16630.05,16632.489
2024-01-22 11:35:00+00:00,16631.4945,16640.55,16631.4945,16640.55
2024-01-22 11:40:00+00:00,16639.9835,16641.0165,16630.45,16632.5555
2024-01-22 11:45:00+00:00,16632.0,16632.566499999997,16623.4835,16623.989
2024-01-22 11:50:00+00:00,16624.511,16627.5,16620.05,16624.072
2024-01-22 11:55:00+00:00,16624.572,16631.55,16620.066499999997,16620.560999999998
2024-01-22 12:00:00+00:00,16620.0555,16626.5,16620.0555,16625.4835
2024-01-22 12:05:00+00:00,16625.201,16631.5,16624.439000000002,16628.0055
2024-01-22 12:10:00+00:00,16626.5,16633.5,16622.0055,16630.5555
2024-01-22 12:15:00+00:00,16629.939000000002,16630.511,16620.483500000002,16623.060999999998
2024-01-22 12:20:00+00:00,16622.734,16627.5055,16618.4945,16618.4945
2024-01-22 12:25:00+00:00,16618.0165,16626.5165,16617.489,16622.5055
2024-01-22 12:30:00+00:00,16621.522,16630.5165,16620.433500000003,16625.5
2024-01-22 12:35:00+00:00,16624.5055,16628.275,16617.489,16617.489
2024-01-22 12:40:00+00:00,16616.5,16623.0555,16615.478,16615.478
2024-01-22 12:45:00+00:00,16614.511,16615.0,16607.478,16610.0055
2024-01-22 12:50:00+00:00,16609.522,16620.572,16609.478,16619.989
2024-01-22 12:55:00+00:00,16620.428,16621.5,16616.5055,16621.0165
2024-01-22 13:00:00+00:00,16621.511,16625.55,16617.5,16623.489
2024-01-22 13:05:00+00:00,16622.428,16626.560999999998,16619.5055,16620.5
2024-01-22 13:10:00+00:00,16621.428,16625.560999999998,16616.45,16616.45
2024-01-22 13:15:00+00:00,16616.060999999998,16620.022,16610.439000000002,16615.572
2024-01-22 13:20:00+00:00,16615.072,16617.5165,16611.978,16616.566499999997
2024-01-22 13:25:00+00:00,16615.55,16625.489,16612.4835,16624.439000000002
2024-01-22 13:30:00+00:00,16625.511,16625.511,16609.5055,16611.939000000002
2024-01-22 13:35:00+00:00,16612.489,16615.511,16608.433500000003,16609.989
2024-01-22 13:40:00+00:00,16609.428,16612.566499999997,16606.011,16609.011
2024-01-22 13:45:00+00:00,16608.712,16618.489,16606.5,16616.9945
2024-01-22 13:50:00+00:00,16616.5055,16629.022,16614.439000000002,16628.5
2024-01-22 13:55:00+00:00,16629.5,16631.5,16623.428,16627.5055
2024-01-22 14:00:00+00:00,16626.522,16630.5,16624.489,16624.489
2024-01-22 14:05:00+00:00,16625.022,16631.489,16623.428,16629.9945
2024-01-22 14:10:00+00:00,16630.511,16633.5055,16625.05,16633.489
2024-01-22 14:15:00+00:00,16634.5555,16638.572,16632.45,16637.0055
2024-01-22 14:20:00+00:00,16636.483500000002,16651.5,16636.483500000002,16644.5555
2024-01-22 14:25:00+00:00,16645.5,16650.4945,16643.483500000002,16645.0055
2024-01-22 14:30:00+00:00,16645.5055,16660.516499999998,16642.45,16659.4835
2024-01-22 14:35:00+00:00,16659.9945,16669.55,16654.489,16666.428
2024-01-22 14:40:00+00:00,16666.0,16674.4835,16655.45,16659.011
2024-01-22 14:45:00+00:00,16658.4945,16662.5,16654.478,16657.560999999998
2024-01-22 14:50:00+00:00,16658.4945,16662.560999999998,16650.439000000002,16661.4445
2024-01-22 14:55:00+00:00,16662.0,16667.560999999998,16655.439000000002,16667.428
2024-01-22 15:00:00+00:00,16668.5,16677.0,16658.428,16662.4945
2024-01-22 15:05:00+00:00,16663.5165,16675.511,16660.4445,16673.572
2024-01-22 15:10:00+00:00,16674.4945,16680.5,16668.5,16675.0
2024-01-22 15:15:00+00:00,16675.478,16681.522,16667.511,16670.489
2024-01-22 15:20:00+00:00,16671.516499999998,16676.5055,16667.428,16675.989
2024-01-22 15:25:00+00:00,16675.4445,16682.489,16673.55,16674.5
2024-01-22 15:30:00+00:00,16675.0,16678.489,16666.439000000002,16669.0
2024-01-22 15:35:00+00:00,16668.5,16673.55,16661.989,16673.4445
2024-01-22 15:40:00+00:00,16673.0055,16682.511,16671.511,16676.483500000002
2024-01-22 15:45:00+00:00,16677.5165,16680.55,16668.45,16668.45
2024-01-22 15:50:00+00:00,16667.933500000003,16678.522,16666.483500000002,16675.0
2024-01-22 15:55:00+00:00,16675.5165,16678.522,16672.4945,16674.0
2024-01-22 16:00:00+00:00,16674.5555,16675.5,16661.4945,16667.5055
2024-01-22 16:05:00+00:00,16666.9835,16673.522,16665.4945,16668.5055
2024-01-22 16:10:00+00:00,16669.572,16672.483500000002,16667.45,16671.0055
2024-01-22 16:15:00+00:00,16671.5,16679.5,16670.433500000003,16678.011
2024-01-22 16:20:00+00:00,16677.483500000002,16680.489,16673.489,16674.478
2024-01-22 16:25:00+00:00,16675.5055,16682.022,16674.483500000002,16681.478
2024-01-22 16:30:00+00:00,16680.439000000002,16685.55,16679.428,16684.489
2024-01-22 16:35:00+00:00,16683.478,16689.483500000002,16683.439000000002,16685.5
2024-01-22 16:40:00+00:00,16684.511,16689.5,16681.989,16682.511
2024-01-22 16:45:00+00:00,16683.566499999997,16687.5,16682.5055,16686.4945
2024-01-22 16:50:00+00:00,16686.0055,16688.566499999997,16681.4945,16688.516499999998
2024-01-22 16:55:00+00:00,16687.983500000002,16692.522,16686.4945,16688.5055
2024-01-22 17:00:00+00:00,16689.011,16689.566499999997,16684.439000000002,16684.439000000002
2024-01-22 17:05:00+00:00,16683.9945,16684.066499999997,16673.483500000002,16676.511
2024-01-22 17:10:00+00:00,16676.0165,16677.489,16671.489,16677.066499999997
2024-01-22 17:15:00+00:00,16676.511,16679.5,16672.511,16677.433500000003
2024-01-22 17:20:00+00:00,16678.439000000002,16683.572,16676.483500000002,16683.489
2024-01-22 17:25:00+00:00,16683.066499999997,16684.5055,16679.439000000002,16683.5055
2024-01-22 17:30:00+00:00,16684.439000000002,16687.0,16676.4945,16677.489
2024-01-22 17:35:00+00:00,16677.983500000002,16678.4945,16673.489,16677.022
2024-01-22 17:40:00+00:00,16677.4945,16678.5,16674.439000000002,16677.5
2024-01-22 17:45:00+00:00,16677.9835,16679.5055,16674.5055,16675.5
2024-01-22 17:50:00+00:00,16674.9945,16681.9945,16673.428,16678.5055
2024-01-22 17:55:00+00:00,16677.433500000003,16681.566499999997,16675.45,16678.0055
2024-01-22 18:00:00+00:00,16678.4445,16678.4445,16670.5,16672.5055
2024-01-22 18:05:00+00:00,16672.0055,16677.511,16672.0055,16673.522
2024-01-22 18:10:00+00:00,16673.9835,16680.0055,16673.9835,16679.0
2024-01-22 18:15:00+00:00,16679.516499999998,16680.511,16671.511,16671.511
2024-01-22 18:20:00+00:00,16670.560999999998,16676.572,16668.4945,16671.5
2024-01-22 18:25:00+00:00,16670.9445,16672.9945,16660.511,16662.0055
2024-01-22 18:30:00+00:00,16662.5,16666.5055,16661.428,16664.560999999998
2024-01-22 18:35:00+00:00,16663.511,16670.572,16663.0,16668.9945
2024-01-22 18:40:00+00:00,16668.572,16669.560999999998,16664.4445,16665.0
2024-01-22 18:45:00+00:00,16665.483500000002,16670.5,16664.483500000002,16668.9945
2024-01-22 18:50:00+00:00,16669.516499999998,16674.572,16668.0,16674.439000000002
2024-01-22 18:55:00+00:00,16674.2435,16674.55,16671.939000000002,16672.5055
2024-01-22 19:00:00+00:00,16673.0,16677.572,16673.0,16677.572
2024-01-22 19:05:00+00:00,16676.478,16678.072,16675.439000000002,16676.0
2024-01-22 19:10:00+00:00,16676.5,16676.572,16669.478,16670.511
2024-01-22 19:15:00+00:00,16669.928,16671.522,16661.4945,16662.5
2024-01-22 19:20:00+00:00,16661.522,16665.572,16658.433500000003,16665.0
2024-01-22 19:25:00+00:00,16665.5,16668.560999999998,16663.439000000002,16668.560999999998
2024-01-22 19:30:00+00:00,16668.0165,16670.0055,16660.0055,16661.566499999997
2024-01-22 19:35:00+00:00,16661.95,16666.989,16660.5,16666.5165
2024-01-22 19:40:00+00:00,16666.0555,16667.011,16663.9945,16664.5
2024-01-22 19:45:00+00:00,16664.072,16667.511,16662.5,16666.0
2024-01-22 19:50:00+00:00,16665.439000000002,16668.55,16663.9945,16666.5
2024-01-22 19:55:00+00:00,16666.0,16667.9945,16663.5,16665.9835
2024-01-22 20:00:00+00:00,16666.4945,16666.4945,16661.4445,16663.439000000002
2024-01-22 20:05:00+00:00,16663.022,16667.483500000002,16660.428,16666.478
2024-01-22 20:10:00+00:00,16665.9945,16672.5,16665.478,16671.5
2024-01-22 20:15:00+00:00,16671.0,16671.572,16668.5,16671.428
2024-01-22 20:20:00+00:00,16670.983500000002,16676.060999999998,16669.560999999998,16675.0
2024-01-22 20:25:00+00:00,16675.428,16683.45,16674.4945,16681.489
2024-01-22 20:30:00+00:00,16682.566499999997,16686.5055,16680.478,16683.9445
2024-01-22 20:35:00+00:00,16683.5055,16686.072,16677.45,16678.4945
2024-01-22 20:40:00+00:00,16678.9945,16681.572,16675.0165,16678.060999999998
2024-01-22 20:45:00+00:00,16678.5055,16679.0165,16673.433500000003,16674.5055
2024-01-22 20:50:00+00:00,16673.5055,16679.572,16672.4945,16674.5
2024-01-22 20:55:00+00:00,16674.983500000002,16677.516499999998,16669.433500000003,16670.011
2024-01-22 21:00:00+00:00,16669.4945,16672.0945,16663.661,16665.283499999998
2024-01-22 21:05:00+00:00,16664.45,16667.122,16664.45,16666.1945
2024-01-22 23:00:00+00:00,16669.9555,16669.9555,16660.0055,16661.7835
2024-01-22 23:05:00+00:00,16660.911,16668.6165,16660.911,16667.783499999998
2024-01-22 23:10:00+00:00,16666.9055,16668.6,16666.894500000002,16668.6
2024-01-22 23:15:00+00:00,16672.189000000002,16672.189000000002,16668.316499999997,16670.1
2024-01-22 23:20:00+00:00,16669.25,16670.1555,16668.2945,16668.2945
2024-01-22 23:25:00+00:00,16669.1945,16671.872,16669.1945,16670.889000000003
2024-01-22 23:30:00+00:00,16670.172,16674.45,16670.172,16674.4055
2024-01-22 23:35:00+00:00,16675.2055,16676.161,16673.489,16676.0835
2024-01-22 23:40:00+00:00,16675.15,16676.9665,16674.35,16676.0835
2024-01-22 23:45:00+00:00,16675.605499999998,16676.110999999997,16672.45,16673.4055
2024-01-22 23:50:00+00:00,16672.4945,16672.566499999997,16670.8,16671.5945
2024-01-22 23:55:00+00:00,16671.2,16672.511,16669.8445,16669.8445
2024-01-23 00:00:00+00:00,16670.8055,16675.9165,16670.8,16674.144500000002
2024-01-23 00:05:00+00:00,16673.4055,16675.911,16672.5,16675.911
2024-01-23 00:10:00+00:00,16675.0945,16675.105499999998,16669.9055,16670.855499999998
2024-01-23 00:15:00+00:00,16679.0055,16688.5165,16677.0,16683.4945
2024-01-23 00:20:00+00:00,16683.489,16686.489,16682.560999999998,16684.45
2024-01-23 00:25:00+00:00,16684.978,16685.5055,16681.4445,16684.5
2024-01-23 00:30:00+00:00,16685.0,16687.5165,16684.928,16686.9835
2024-01-23 00:35:00+00:00,16687.5,16689.5555,16686.5055,16687.0
2024-01-23 00:40:00+00:00,16686.489,16689.566499999997,16686.439000000002,16688.9445
2024-01-23 00:45:00+00:00,16689.428,16689.428,16688.433500000003,16688.433500000003
2024-01-23 00:50:00+00:00,16689.4945,16689.9945,16687.511,16688.4945
2024-01-23 00:55:00+00:00,16687.9945,16689.5055,16687.5,16689.5055
2024-01-23 01:00:00+00:00,16688.572,16688.572,16680.489,16681.5
2024-01-23 01:05:00+00:00,16682.011,16682.5055,16680.489,16681.5
2024-01-23 01:10:00+00:00,16681.9835,16682.0555,16673.4945,16673.4945
2024-01-23 01:15:00+00:00,16674.4945,16674.4945,16669.483500000002,16671.560999999998
2024-01-23 01:20:00+00:00,16670.560999999998,16677.511,16670.560999999998,16677.011
2024-01-23 01:25:00+00:00,16676.433500000003,16676.433500000003,16671.933500000003,16671.933500000003
2024-01-23 01:30:00+00:00,16672.5055,16673.566499999997,16666.0,16671.516499999998
2024-01-23 01:35:00+00:00,16671.0055,16674.439000000002,16666.5,16666.5
2024-01-23 01:40:00+00:00,16665.5055,16666.511,16661.428,16662.428
2024-01-23 01:45:00+00:00,16663.016499999998,16665.066499999997,16660.4445,16664.45
2024-01-23 01:50:00+00:00,16663.989,16669.0165,16663.989,16668.489
2024-01-23 01:55:00+00:00,16669.4445,16687.5165,16668.45,16681.4945
2024-01-23 02:00:00+00:00,16681.978,16687.55,16672.5,16687.55
2024-01-23 02:05:00+00:00,16687.011,16689.560999999998,16679.983500000002,16681.011
2024-01-23 02:10:00+00:00,16681.439000000002,16687.0055,16679.55,16685.5
2024-01-23 02:15:00+00:00,16686.0,16690.0,16684.489,16687.4445
2024-01-23 02:20:00+00:00,16687.9835,16690.511,16686.95,16690.05
2024-01-23 02:25:00+00:00,16689.566499999997,16696.55,16689.522,16695.5
2024-01-23 02:30:00+00:00,16696.060999999998,16696.5055,16691.4945,16692.5
2024-01-23 02:35:00+00:00,16693.060999999998,16693.5165,16688.489,16688.9945
2024-01-23 02:40:00+00:00,16689.55,16689.95,16684.0055,16686.483500000002
2024-01-23 02:45:00+00:00,16687.0055,16689.9945,16681.511,16683.566499999997
2024-01-23 02:50:00+00:00,16683.9835,16685.9945,16681.4835,16682.5055
2024-01-23 02:55:00+00:00,16681.511,16681.516499999998,16678.5,16679.0055
2024-01-23 03:00:00+00:00,16680.9945,16685.572,16680.4945,16682.511
2024-01-23 03:05:00+00:00,16682.95,16688.072,16681.0,16683.5
2024-01-23 03:10:00+00:00,16682.9945,16686.566499999997,16677.939000000002,16678.560999999998
2024-01-23 03:15:00+00:00,16678.9445,16685.566499999997,16678.933500000003,16684.9945
2024-01-23 03:20:00+00:00,16685.572,16690.566499999997,16685.0,16690.566499999997
2024-01-23 03:25:00+00:00,16689.989,16690.5055,16688.45,16688.9945
2024-01-23 03:30:00+00:00,16689.489,16690.566499999997,16688.4945,16689.0555
2024-01-23 03:35:00+00:00,16689.5,16694.560999999998,16686.522,16686.522
2024-01-23 03:40:00+00:00,16686.072,16689.522,16682.439000000002,16685.566499999997
2024-01-23 03:45:00+00:00,16686.060999999998,16689.060999999998,16682.489,16683.011
2024-01-23 03:50:00+00:00,16683.566499999997,16684.572,16680.933500000003,16681.5
2024-01-23 03:55:00+00:00,16681.0055,16684.0,16677.5,16677.939000000002
2024-01-23 04:00:00+00:00,16678.566499999997,16685.9945,16678.4445,16685.439000000002
2024-01-23 04:05:00+00:00,16684.5555,16684.560999999998,16681.4945,16681.5
2024-01-23 04:10:00+00:00,16681.928,16688.489,16681.572,16687.5
2024-01-23 04:15:00+00:00,16688.0,16688.522,16682.5,16686.0055
2024-01-23 04:20:00+00:00,16685.478,16687.522,16684.989,16687.5055
2024-01-23 04:25:00+00:00,16686.9945,16688.0,16685.439000000002,16686.45
2024-01-23 04:30:00+00:00,16686.0055,16686.0055,16681.4945,16682.5055
2024-01-23 04:35:00+00:00,16681.511,16683.5,16679.0,16682.5055
2024-01-23 04:40:00+00:00,16681.978,16683.560999999998,16681.5,16681.5165
2024-01-23 04:45:00+00:00,16682.011,16686.5,16681.566499999997,16685.5
2024-01-23 04:50:00+00:00,16686.0,16687.566499999997,16680.4945,16681.489
2024-01-23 04:55:00+00:00,16680.4945,16682.9945,16679.439000000002,16682.9945
2024-01-23 05:00:00+00:00,16682.511,16686.560999999998,16682.511,16685.483500000002
2024-01-23 05:05:00+00:00,16685.989,16688.0555,16683.478,16687.5
2024-01-23 05:10:00+00:00,16686.572,16689.511,16686.5555,16688.522
2024-01-23 05:15:00+00:00,16689.0055,16689.0055,16681.522,16684.4445
2024-01-23 05:20:00+00:00,16685.011,16687.5165,16683.55,16686.511
2024-01-23 05:25:00+00:00,16686.011,16686.572,16680.95,16683.4445
2024-01-23 05:30:00+00:00,16682.9445,16683.489,16677.072,16679.5165
2024-01-23 05:35:00+00:00,16679.9945,16683.511,16677.4445,16678.478
2024-01-23 05:40:00+00:00,16676.989,16678.511,16674.989,16675.511
2024-01-23 05:45:00+00:00,16676.0,16680.0,16675.4945,16678.489
2024-01-23 05:50:00+00:00,16679.05,16684.5165,16676.489,16682.5
2024-01-23 05:55:00+00:00,16681.978,16684.572,16681.428,16684.55
2024-01-23 06:00:00+00:00,16684.0,16688.5555,16683.5,16688.5555
2024-01-23 06:05:00+00:00,16688.933500000003,16688.933500000003,16683.978,16686.060999999998
2024-01-23 06:10:00+00:00,16686.4445,16688.072,16684.489,16686.5
2024-01-23 06:15:00+00:00,16686.95,16693.5055,16686.95,16692.4945
2024-01-23 06:20:00+00:00,16693.0165,16693.0165,16689.9945,16691.989
2024-01-23 06:25:00+00:00,16691.066499999997,16698.011,16690.95,16696.022
2024-01-23 06:30:00+00:00,16695.0055,16696.022,16690.439000000002,16695.478
2024-01-23 06:35:00+00:00,16695.9835,16700.55,16691.55,16700.5
2024-01-23 06:40:00+00:00,16700.9945,16703.011,16694.5165,16701.5055
2024-01-23 06:45:00+00:00,16701.2435,16721.566499999997,16697.4945,16718.45
2024-01-23 06:50:00+00:00,16717.4445,16717.4445,16704.478,16706.433500000003
2024-01-23 06:55:00+00:00,16704.9835,16710.5,16704.0055,16704.016499999998
2024-01-23 07:00:00+00:00,16704.989,16723.939000000002,16702.439000000002,16717.566499999997
2024-01-23 07:05:00+00:00,16717.928,16720.0,16714.0,16716.05
2024-01-23 07:10:00+00:00,16717.5,16721.0,16714.5,16720.5
2024-01-23 07:15:00+00:00,16721.0,16721.05,16713.939000000002,16715.4945
2024-01-23 07:20:00+00:00,16716.478,16717.5165,16710.9945,16714.0555
2024-01-23 07:25:00+00:00,16713.511,16717.511,16710.978,16717.511
2024-01-23 07:30:00+00:00,16717.249,16723.0555,16714.5,16721.978
2024-01-23 07:35:00+00:00,16721.4945,16736.022,16718.928,16734.989
2024-01-23 07:40:00+00:00,16734.5,16737.016499999998,16722.0,16724.939000000002
2024-01-23 07:45:00+00:00,16726.0,16731.572,16723.011,16723.9945
2024-01-23 07:50:00+00:00,16724.516499999998,16732.016499999998,16724.4835,16728.4835
2024-01-23 07:55:00+00:00,16728.989,16743.011,16727.4945,16739.522
2024-01-23 08:00:00+00:00,16739.5,16760.0,16729.0055,16731.4945
2024-01-23 08:05:00+00:00,16730.516499999998,16741.4945,16725.9445,16726.489
2024-01-23 08:10:00+00:00,16725.9945,16728.5165,16710.060999999998,16714.989
2024-01-23 08:15:00+00:00,16716.011,16717.95,16698.5555,16703.560999999998
2024-01-23 08:20:00+00:00,16703.0055,16704.5,16685.489,16685.9945
2024-01-23 08:25:00+00:00,16686.5165,16691.928,16673.9835,16678.011
2024-01-23 08:30:00+00:00,16679.0555,16687.060999999998,16675.0055,16681.45
2024-01-23 08:35:00+00:00,16682.060999999998,16682.060999999998,16651.5055,16652.978
2024-01-23 08:40:00+00:00,16652.734,16658.5055,16644.489,16651.939000000002
2024-01-23 08:45:00+00:00,16653.0165,16656.0,16645.989,16653.989
2024-01-23 08:50:00+00:00,16653.0055,16654.0055,16642.928,16651.5
2024-01-23 08:55:00+00:00,16651.9445,16656.983500000002,16643.9445,16654.0
2024-01-23 09:00:00+00:00,16654.983500000002,16664.560999999998,16653.933500000003,16654.5055
2024-01-23 09:05:00+00:00,16654.072,16665.0,16653.4445,16664.0055
2024-01-23 09:10:00+00:00,16664.489,16672.983500000002,16661.0,16669.989
2024-01-23 09:15:00+00:00,16669.212,16676.011,16663.939000000002,16670.5
2024-01-23 09:20:00+00:00,16669.95,16675.016499999998,16666.066499999997,16674.0
2024-01-23 09:25:00+00:00,16673.0055,16675.9945,16655.478,16659.0
2024-01-23 09:30:00+00:00,16658.212,16664.428,16650.0,16654.0055
2024-01-23 09:35:00+00:00,16653.522,16669.572,16651.95,16667.989
2024-01-23 09:40:00+00:00,16669.011,16674.0,16664.928,16673.989
2024-01-23 09:45:00+00:00,16673.511,16676.05,16661.9835,16667.5055
2024-01-23 09:50:00+00:00,16666.939000000002,16669.0,16659.939000000002,16664.0055
2024-01-23 09:55:00+00:00,16663.45,16672.011,16663.45,16667.9945
2024-01-23 10:00:00+00:00,16667.55,16667.55,16659.5055,16661.05
2024-01-23 10:05:00+00:00,16660.5,16661.4445,16644.5555,16645.511
2024-01-23 10:10:00+00:00,16644.9445,16646.0555,16640.5,16641.9445
2024-01-23 10:15:00+00:00,16641.0,16650.022,16639.0055,16647.989
2024-01-23 10:20:00+00:00,16648.489,16655.0165,16646.989,16653.560999999998
2024-01-23 10:25:00+00:00,16652.9945,16656.95,16649.9945,16653.022
2024-01-23 10:30:00+00:00,16652.712,16658.989,16646.0555,16647.5
2024-01-23 10:35:00+00:00,16648.011,16650.066499999997,16642.478,16644.9945
2024-01-23 10:40:00+00:00,16645.433500000003,16658.060999999998,16644.0,16652.516499999998
2024-01-23 10:45:00+00:00,16652.022,16656.511,16649.4945,16655.989
2024-01-23 10:50:00+00:00,16655.433500000003,16659.989,16650.989,16652.978
2024-01-23 10:55:00+00:00,16653.511,16659.5055,16650.939000000002,16658.933500000003
2024-01-23 11:00:00+00:00,16659.511,16663.066499999997,16653.428,16663.0055
2024-01-23 11:05:00+00:00,16663.5555,16671.022,16662.983500000002,16668.0
2024-01-23 11:10:00+00:00,16668.511,16673.072,16666.933500000003,16671.9945
2024-01-23 11:15:00+00:00,16672.5555,16672.5555,16662.939000000002,16665.5055
2024-01-23 11:20:00+00:00,16666.0,16667.572,16656.0,16663.072
2024-01-23 11:25:00+00:00,16664.0,16664.0,16655.0,16658.5
2024-01-23 11:30:00+00:00,16657.9945,16663.066499999997,16655.978,16662.55
2024-01-23 11:35:00+00:00,16663.011,16677.066499999997,16662.433500000003,16675.95
2024-01-23 11:40:00+00:00,16675.701,16677.0,16669.9945,16676.0
2024-01-23 11:45:00+00:00,16677.0,16679.011,16668.933500000003,16669.522
2024-01-23 11:50:00+00:00,16669.989,16673.0055,16667.0,16670.928
2024-01-23 11:55:00+00:00,16669.9945,16676.989,16665.939000000002,16675.989
2024-01-23 12:00:00+00:00,16676.483500000002,16676.522,16670.928,16672.5055
2024-01-23 12:05:00+00:00,16673.0,16682.066499999997,16672.011,16680.95
2024-01-23 12:10:00+00:00,16682.0,16687.0,16679.05,16683.9945
2024-01-23 12:15:00+00:00,16682.9945,16686.0055,16678.978,16683.989
2024-01-23 12:20:00+00:00,16684.4445,16689.016499999998,16683.9445,16687.05
2024-01-23 12:25:00+00:00,16687.939000000002,16689.0055,16685.9945,16688.011
2024-01-23 12:30:00+00:00,16686.9945,16689.989,16681.989,16684.95
2024-01-23 12:35:00+00:00,16684.060999999998,16684.5055,16676.928,16682.439000000002
2024-01-23 12:40:00+00:00,16683.016499999998,16686.0,16675.433500000003,16677.0055
2024-01-23 12:45:00+00:00,16676.489,16676.55,16668.022,16672.5555
2024-01-23 12:50:00+00:00,16672.0055,16680.0,16670.989,16680.0
2024-01-23 12:55:00+00:00,16680.978,16692.989,16680.978,16691.5
2024-01-23 13:00:00+00:00,16690.928,16700.066499999997,16690.928,16699.011
2024-01-23 13:05:00+00:00,16700.0,16700.0,16687.989,16688.939000000002
2024-01-23 13:10:00+00:00,16689.4945,16690.016499999998,16684.0,16684.5
2024-01-23 13:15:00+00:00,16684.9945,16689.066499999997,16682.989,16683.9945
2024-01-23 13:20:00+00:00,16683.734,16697.066499999997,16680.9835,16692.95
2024-01-23 13:25:00+00:00,16692.4835,16697.0055,16689.989,16697.0
2024-01-23 13:30:00+00:00,16697.933500000003,16698.072,16690.95,16692.0
2024-01-23 13:35:00+00:00,16691.439000000002,16699.072,16691.439000000002,16697.489
2024-01-23 13:40:00+00:00,16697.0,16701.0055,16693.928,16695.011
2024-01-23 13:45:00+00:00,16695.478,16696.0055,16681.9945,16686.9945
2024-01-23 13:50:00+00:00,16686.072,16686.989,16678.95,16682.0
2024-01-23 13:55:00+00:00,16681.712,16681.712,16670.939000000002,16672.522
2024-01-23 14:00:00+00:00,16671.601000000002,16671.601000000002,16660.9945,16662.9445
2024-01-23 14:05:00+00:00,16662.5055,16663.011,16648.0,16648.9945
2024-01-23 14:10:00+00:00,16647.9945,16653.022,16644.5055,16651.5055
2024-01-23 14:15:00+00:00,16651.0055,16651.072,16642.016499999998,16645.489
2024-01-23 14:20:00+00:00,16645.022,16645.428,16629.0,16634.0
2024-01-23 14:25:00+00:00,16635.0,16639.011,16627.983500000002,16634.989
2024-01-23 14:30:00+00:00,16635.983500000002,16644.989,16630.511,16634.0
2024-01-23 14:35:00+00:00,16634.989,16661.0,16633.0055,16655.9945
2024-01-23 14:40:00+00:00,16655.0055,16656.55,16645.983500000002,16655.516499999998
2024-01-23 14:45:00+00:00,16655.223,16659.928,16647.9945,16658.5055
2024-01-23 14:50:00+00:00,16659.0055,16665.0055,16651.0555,16661.9445
2024-01-23 14:55:00+00:00,16661.072,16664.55,16657.0,16663.0
2024-01-23 15:00:00+00:00,16662.489,16669.011,16655.5055,16660.011
2024-01-23 15:05:00+00:00,16660.5,16673.9945,16658.0055,16669.4945
2024-01-23 15:10:00+00:00,16670.0,16683.072,16668.9945,16673.4445
2024-01-23 15:15:00+00:00,16673.0055,16678.072,16671.983500000002,16676.9945
2024-01-23 15:20:00+00:00,16677.989,16682.022,16667.0,16670.072
2024-01-23 15:25:00+00:00,16669.5,16682.5165,16669.4445,16680.016499999998
2024-01-23 15:30:00+00:00,16680.9945,16680.9945,16658.9445,16661.0
2024-01-23 15:35:00+00:00,16660.5165,16663.0555,16655.483500000002,16662.0055
2024-01-23 15:40:00+00:00,16663.05,16663.933500000003,16649.0055,16649.5
2024-01-23 15:45:00+00:00,16650.0,16651.939000000002,16643.433500000003,16651.072
2024-01-23 15:50:00+00:00,16650.5055,16650.95,16631.933500000003,16637.0055
2024-01-23 15:55:00+00:00,16639.0055,16643.011,16631.9945,16632.9945
2024-01-23 16:00:00+00:00,16633.9945,16649.060999999998,16633.5,16647.0
2024-01-23 16:05:00+00:00,16646.0,16650.060999999998,16643.0,16647.5055
2024-01-23 16:10:00+00:00,16646.989,16653.0165,16643.05,16643.4445
2024-01-23 16:15:00+00:00,16643.989,16648.9945,16635.95,16636.0055
2024-01-23 16:20:00+00:00,16635.066499999997,16638.066499999997,16632.560999999998,16633.05
2024-01-23 16:25:00+00:00,16633.933500000003,16635.9945,16630.95,16635.0
2024-01-23 16:30:00+00:00,16635.0555,16635.0555,16625.928,16628.489
2024-01-23 16:35:00+00:00,16628.989,16630.060999999998,16622.95,16628.0
2024-01-23 16:40:00+00:00,16628.4445,16631.0165,16622.066499999997,16629.989
2024-01-23 16:45:00+00:00,16628.9945,16631.066499999997,16622.928,16622.928
2024-01-23 16:50:00+00:00,16623.489,16628.066499999997,16621.933500000003,16628.060999999998
2024-01-23 16:55:00+00:00,16627.5,16632.0055,16625.0,16630.989
2024-01-23 17:00:00+00:00,16630.5055,16635.022,16630.5,16631.939000000002
2024-01-23 17:05:00+00:00,16632.511,16635.0165,16629.95,16632.4945
2024-01-23 17:10:00+00:00,16632.9945,16634.0055,16630.011,16631.939000000002
2024-01-23 17:15:00+00:00,16631.511,16634.072,16630.989,16633.05
2024-01-23 17:20:00+00:00,16633.516499999998,16634.5055,16628.989,16629.0055
2024-01-23 17:25:00+00:00,16627.989,16633.95,16627.989,16633.95
2024-01-23 17:30:00+00:00,16633.011,16635.072,16630.928,16630.989
2024-01-23 17:35:00+00:00,16630.4835,16633.0055,16627.5,16631.0055
2024-01-23 17:40:00+00:00,16631.483500000002,16634.011,16628.989,16633.0055
2024-01-23 17:45:00+00:00,16633.560999999998,16639.0,16632.9835,16637.0055
2024-01-23 17:50:00+00:00,16637.5,16641.572,16635.928,16641.572
2024-01-23 17:55:00+00:00,16642.0,16648.05,16639.9445,16646.0
2024-01-23 18:00:00+00:00,16646.4945,16647.0055,16641.4835,16642.5055
2024-01-23 18:05:00+00:00,16641.928,16643.0165,16637.978,16639.0
2024-01-23 18:10:00+00:00,16639.55,16643.0,16638.989,16640.9945
2024-01-23 18:15:00+00:00,16641.489,16643.072,16639.933500000003,16641.5055
2024-01-23 18:20:00+00:00,16640.983500000002,16643.072,16639.0055,16639.011
2024-01-23 18:25:00+00:00,16638.5165,16643.011,16638.5165,16640.066499999997
2024-01-23 18:30:00+00:00,16639.483500000002,16640.511,16634.928,16639.0
2024-01-23 18:35:00+00:00,16638.0055,16640.022,16633.939000000002,16634.5055
2024-01-23 18:40:00+00:00,16634.011,16639.939000000002,16634.011,16638.9945
2024-01-23 18:45:00+00:00,16639.489,16646.0555,16638.9835,16644.55
2024-01-23 18:50:00+00:00,16644.978,16650.066499999997,16644.489,16649.011
2024-01-23 18:55:00+00:00,16649.483500000002,16650.5055,16644.4945,16648.0055
2024-01-23 19:00:00+00:00,16647.478,16648.489,16643.928,16644.5055
2024-01-23 19:05:00+00:00,16644.05,16645.066499999997,16641.95,16643.0
2024-01-23 19:10:00+00:00,16642.45,16648.5555,16641.928,16645.9945
2024-01-23 19:15:00+00:00,16645.011,16645.011,16640.011,16642.0
2024-01-23 19:20:00+00:00,16642.95,16645.5,16641.0,16644.9835
2024-01-23 19:25:00+00:00,16645.5555,16645.983500000002,16640.45,16645.0055
2024-01-23 19:30:00+00:00,16644.572,16645.072,16642.0055,16643.95
2024-01-23 19:35:00+00:00,16644.4945,16650.066499999997,16643.011,16649.0
2024-01-23 19:40:00+00:00,16649.511,16652.483500000002,16648.0055,16650.989
2024-01-23 19:45:00+00:00,16650.0055,16656.0,16650.0055,16654.011
2024-01-23 19:50:00+00:00,16653.4945,16654.011,16651.939000000002,16653.9945
2024-01-23 19:55:00+00:00,16655.0055,16657.05,16654.5055,16655.0055
2024-01-23 20:00:00+00:00,16655.439000000002,16657.989,16650.928,16653.9945
2024-01-23 20:05:00+00:00,16654.489,16658.9945,16652.928,16657.011
2024-01-23 20:10:00+00:00,16657.489,16666.011,16656.9835,16665.5055
2024-01-23 20:15:00+00:00,16664.9945,16666.483500000002,16661.011,16666.0055
2024-01-23 20:20:00+00:00,16666.511,16667.072,16663.439000000002,16663.45
2024-01-23 20:25:00+00:00,16663.0,16663.9945,16660.9945,16663.066499999997
2024-01-23 20:30:00+00:00,16661.9445,16664.0165,16659.428,16659.428
2024-01-23 20:35:00+00:00,16659.0,16659.0,16652.9445,16653.572
2024-01-23 20:40:00+00:00,16653.022,16658.066499999997,16651.4945,16656.939000000002
2024-01-23 20:45:00+00:00,16658.0055,16660.011,16654.978,16657.0
2024-01-23 20:50:00+00:00,16657.566499999997,16662.5,16657.0055,16661.0
2024-01-23 20:55:00+00:00,16660.81,16666.0555,16660.511,16663.0055
2024-01-23 21:00:00+00:00,16662.511,16672.8,16653.078,16667.610999999997
2024-01-23 21:05:00+00:00,16666.822,16669.4,16659.4945,16663.860999999997
2024-01-23 21:10:00+00:00,16662.8335,16673.1945,16662.105499999998,16673.1945
2024-01-23 23:00:00+00:00,16682.360999999997,16691.0945,16682.2945,16690.2945
2024-01-23 23:05:00+00:00,16691.116499999996,16696.110999999997,16691.1,16694.472
2024-01-23 23:10:00+00:00,16695.3055,16698.6945,16693.45,16697.072
2024-01-23 23:15:00+00:00,16696.0835,16697.8165,16692.5055,16693.394500000002
2024-01-23 23:20:00+00:00,16694.289,16696.0,16694.289,16695.989
2024-01-23 23:25:00+00:00,16695.15,16695.15,16693.394500000002,16694.3
2024-01-23 23:30:00+00:00,16695.0945,16696.022,16693.383500000004,16694.2445
2024-01-23 23:35:00+00:00,16693.4055,16696.8,16693.4055,16695.989
2024-01-23 23:40:00+00:00,16696.45,16697.689000000002,16695.0835,16695.110999999997
2024-01-23 23:45:00+00:00,16694.2835,16695.105499999998,16688.411,16689.3055
2024-01-23 23:50:00+00:00,16688.733500000002,16689.372,16688.339,16689.2445
2024-01-23 23:55:00+00:00,16690.0445,16691.0555,16689.2945,16690.089
2024-01-24 00:00:00+00:00,16689.310999999998,16690.15,16688.35,16689.3
2024-01-24 00:05:00+00:00,16688.3055,16688.3055,16682.7,16684.389000000003
2024-01-24 00:10:00+00:00,16685.310999999998,16685.310999999998,16678.9835,16679.394500000002
2024-01-24 00:15:00+00:00,16687.55,16689.489,16672.989,16683.572
2024-01-24 00:20:00+00:00,16683.5165,16685.560999999998,16682.060999999998,16684.0
2024-01-24 00:25:00+00:00,16683.560999999998,16684.489,16678.9945,16680.933500000003
2024-01-24 00:30:00+00:00,16681.433500000003,16687.9835,16681.433500000003,16684.0
2024-01-24 00:35:00+00:00,16684.478,16686.0,16682.511,16686.0
2024-01-24 00:40:00+00:00,16686.5055,16688.011,16684.983500000002,16685.9945
2024-01-24 00:45:00+00:00,16686.5055,16687.55,16685.516499999998,16686.0
2024-01-24 00:50:00+00:00,16686.5,16693.5,16686.5,16691.0
2024-01-24 00:55:00+00:00,16691.489,16697.489,16691.433500000003,16695.928
2024-01-24 01:00:00+00:00,16694.478,16695.4945,16686.478,16687.95
2024-01-24 01:05:00+00:00,16687.5,16690.5,16682.011,16682.011
2024-01-24 01:10:00+00:00,16681.5165,16692.489,16679.511,16689.022
2024-01-24 01:15:00+00:00,16689.5,16689.5,16684.9945,16687.928
2024-01-24 01:20:00+00:00,16688.95,16689.060999999998,16685.978,16686.9445
2024-01-24 01:25:00+00:00,16687.5055,16693.011,16686.0,16693.011
2024-01-24 01:30:00+00:00,16693.5555,16696.0055,16692.0,16694.0
2024-01-24 01:35:00+00:00,16693.5055,16693.5555,16689.0055,16690.0165
2024-01-24 01:40:00+00:00,16689.4945,16693.022,16688.0,16690.022
2024-01-24 01:45:00+00:00,16690.5,16691.989,16687.4945,16691.989
2024-01-24 01:50:00+00:00,16690.9945,16693.5165,16689.983500000002,16691.0
2024-01-24 01:55:00+00:00,16692.0,16693.0055,16688.9835,16691.0
2024-01-24 02:00:00+00:00,16691.5555,16692.4835,16688.928,16688.928
2024-01-24 02:05:00+00:00,16689.572,16695.483500000002,16687.939000000002,16694.9945
2024-01-24 02:10:00+00:00,16695.55,16695.55,16690.4445,16691.560999999998
2024-01-24 02:15:00+00:00,16692.483500000002,16692.483500000002,16685.978,16686.5
2024-01-24 02:20:00+00:00,16687.011,16690.55,16687.0,16688.989
2024-01-24 02:25:00+00:00,16688.4445,16693.0055,16688.0,16693.0055
2024-01-24 02:30:00+00:00,16693.5055,16698.516499999998,16691.0,16698.0
2024-01-24 02:35:00+00:00,16698.55,16701.0165,16695.989,16697.9835
2024-01-24 02:40:00+00:00,16697.4445,16700.060999999998,16696.0055,16699.5055
2024-01-24 02:45:00+00:00,16700.4945,16702.511,16698.9445,16702.0055
2024-01-24 02:50:00+00:00,16702.4835,16703.5055,16701.4835,16703.05
2024-01-24 02:55:00+00:00,16702.5555,16706.4945,16702.45,16706.4945
2024-01-24 03:00:00+00:00,16706.939000000002,16707.511,16704.511,16707.0
2024-01-24 03:05:00+00:00,16706.011,16714.016499999998,16705.933500000003,16713.9445
2024-01-24 03:10:00+00:00,16714.4445,16716.5055,16711.933500000003,16715.011
2024-01-24 03:15:00+00:00,16715.4945,16724.072,16715.0,16722.0
2024-01-24 03:20:00+00:00,16720.989,16726.0055,16720.4445,16725.5
2024-01-24 03:25:00+00:00,16726.4945,16728.55,16725.978,16725.978
2024-01-24 03:30:00+00:00,16726.5,16728.5055,16723.9945,16724.989
2024-01-24 03:35:00+00:00,16725.4445,16726.011,16714.511,16718.060999999998
2024-01-24 03:40:00+00:00,16717.4945,16719.566499999997,16717.4835,16717.928
2024-01-24 03:45:00+00:00,16718.4835,16719.5055,16714.566499999997,16716.072
2024-01-24 03:50:00+00:00,16716.5,16722.011,16715.983500000002,16720.989
2024-01-24 03:55:00+00:00,16720.439000000002,16722.572,16720.011,16722.022
2024-01-24 04:00:00+00:00,16722.560999999998,16723.516499999998,16720.9945,16720.9945
2024-01-24 04:05:00+00:00,16720.066499999997,16725.011,16720.066499999997,16723.439000000002
2024-01-24 04:10:00+00:00,16724.060999999998,16724.55,16722.45,16724.0
2024-01-24 04:15:00+00:00,16724.55,16725.522,16724.060999999998,16725.0055
2024-01-24 04:20:00+00:00,16724.022,16729.522,16724.022,16729.0
2024-01-24 04:25:00+00:00,16728.5055,16729.5,16727.978,16728.0555
2024-01-24 04:30:00+00:00,16729.0555,16729.511,16726.9945,16727.939000000002
2024-01-24 04:35:00+00:00,16726.939000000002,16730.489,16726.939000000002,16730.066499999997
2024-01-24 04:40:00+00:00,16729.4945,16731.022,16727.928,16730.989
2024-01-24 04:45:00+00:00,16731.9945,16733.566499999997,16731.0055,16731.4445
2024-01-24 04:50:00+00:00,16732.011,16733.0,16729.428,16729.428
2024-01-24 04:55:00+00:00,16729.011,16729.011,16727.5055,16728.0
2024-01-24 05:00:00+00:00,16728.511,16729.060999999998,16723.983500000002,16728.066499999997
2024-01-24 05:05:00+00:00,16728.511,16731.5165,16727.95,16730.989
2024-01-24 05:10:00+00:00,16731.5055,16732.0055,16727.9835,16730.072
2024-01-24 05:15:00+00:00,16730.4945,16731.489,16726.428,16728.0
2024-01-24 05:20:00+00:00,16727.511,16729.0055,16727.011,16727.9945
2024-01-24 05:25:00+00:00,16729.0555,16731.072,16728.0,16730.9945
2024-01-24 05:30:00+00:00,16730.55,16738.0,16730.072,16738.0
2024-01-24 05:35:00+00:00,16737.489,16738.5055,16732.511,16733.9445
2024-01-24 05:40:00+00:00,16734.522,16735.5555,16732.939000000002,16734.022
2024-01-24 05:45:00+00:00,16733.478,16735.0055,16731.933500000003,16735.0055
2024-01-24 05:50:00+00:00,16734.4445,16735.0055,16729.478,16733.0165
2024-01-24 05:55:00+00:00,16731.978,16734.072,16728.989,16730.9945
2024-01-24 06:00:00+00:00,16731.5555,16758.939000000002,16731.0,16737.0
2024-01-24 06:05:00+00:00,16737.433500000003,16743.989,16735.983500000002,16737.5
2024-01-24 06:10:00+00:00,16737.011,16742.978,16737.011,16738.0
2024-01-24 06:15:00+00:00,16738.5,16740.433500000003,16735.928,16737.0055
2024-01-24 06:20:00+00:00,16737.4945,16744.072,16735.9835,16739.9835
2024-01-24 06:25:00+00:00,16741.060999999998,16743.0,16733.989,16735.0
2024-01-24 06:30:00+00:00,16735.5055,16740.978,16730.0,16731.0055
2024-01-24 06:35:00+00:00,16732.0055,16738.0055,16729.9445,16738.0055
2024-01-24 06:40:00+00:00,16737.066499999997,16738.5,16732.45,16734.4945
2024-01-24 06:45:00+00:00,16735.066499999997,16735.5555,16731.989,16732.989
2024-01-24 06:50:00+00:00,16733.572,16740.060999999998,16733.0,16738.9445
2024-01-24 06:55:00+00:00,16738.55,16739.0,16729.928,16730.022
2024-01-24 07:00:00+00:00,16730.9945,16741.489,16729.0,16737.022
2024-01-24 07:05:00+00:00,16737.5,16748.5,16735.4945,16737.5
2024-01-24 07:10:00+00:00,16736.9945,16740.489,16732.4445,16736.5
2024-01-24 07:15:00+00:00,16736.271,16746.5,16733.5555,16739.989
2024-01-24 07:20:00+00:00,16740.483500000002,16753.066499999997,16737.5055,16750.0055
2024-01-24 07:25:00+00:00,16750.5055,16751.489,16742.0055,16749.066499999997
2024-01-24 07:30:00+00:00,16749.5555,16758.511,16748.939000000002,16751.566499999997
2024-01-24 07:35:00+00:00,16752.5165,16769.4835,16751.0555,16768.0055
2024-01-24 07:40:00+00:00,16768.511,16787.572,16764.5055,16786.072
2024-01-24 07:45:00+00:00,16786.4945,16788.560999999998,16776.022,16782.9945
2024-01-24 07:50:00+00:00,16783.5,16783.511,16760.5,16760.9945
2024-01-24 07:55:00+00:00,16761.439000000002,16771.978,16760.511,16771.978
2024-01-24 08:00:00+00:00,16771.4945,16813.022,16771.4945,16794.0
2024-01-24 08:05:00+00:00,16795.5,16814.0055,16794.5,16799.022
2024-01-24 08:10:00+00:00,16798.511,16815.016499999998,16797.016499999998,16801.989
2024-01-24 08:15:00+00:00,16803.0555,16820.5055,16792.9945,16796.05
2024-01-24 08:20:00+00:00,16796.45,16805.5555,16787.5,16788.0055
2024-01-24 08:25:00+00:00,16788.511,16791.933500000003,16777.0,16781.072
2024-01-24 08:30:00+00:00,16781.5,16808.4445,16781.5,16808.011
2024-01-24 08:35:00+00:00,16808.933500000003,16813.483500000002,16798.478,16798.478
2024-01-24 08:40:00+00:00,16797.4945,16799.5,16776.5,16776.989
2024-01-24 08:45:00+00:00,16776.489,16781.060999999998,16762.989,16775.0055
2024-01-24 08:50:00+00:00,16775.5165,16785.5055,16775.5,16784.560999999998
2024-01-24 08:55:00+00:00,16783.4945,16794.5055,16782.483500000002,16782.9945
2024-01-24 09:00:00+00:00,16782.0,16785.0,16772.4945,16773.55
2024-01-24 09:05:00+00:00,16772.989,16779.5,16767.489,16775.933500000003
2024-01-24 09:10:00+00:00,16776.5,16777.011,16765.5055,16767.011
2024-01-24 09:15:00+00:00,16766.439000000002,16773.516499999998,16764.439000000002,16771.5
2024-01-24 09:20:00+00:00,16772.0,16785.478,16772.0,16779.5
2024-01-24 09:25:00+00:00,16780.5165,16783.5,16772.939000000002,16773.0055
2024-01-24 09:30:00+00:00,16772.572,16784.939000000002,16770.4945,16784.939000000002
2024-01-24 09:35:00+00:00,16784.5055,16802.5055,16784.0,16795.483500000002
2024-01-24 09:40:00+00:00,16795.072,16805.511,16793.478,16793.5
2024-01-24 09:45:00+00:00,16794.516499999998,16797.560999999998,16778.5,16784.072
2024-01-24 09:50:00+00:00,16783.4835,16790.572,16781.0,16790.433500000003
2024-01-24 09:55:00+00:00,16790.0055,16803.5055,16790.0055,16800.016499999998
2024-01-24 10:00:00+00:00,16799.5055,16807.5055,16798.45,16800.4945
2024-01-24 10:05:00+00:00,16800.9835,16806.060999999998,16793.428,16795.439000000002
2024-01-24 10:10:00+00:00,16796.011,16805.4945,16795.4945,16795.4945
2024-01-24 10:15:00+00:00,16795.9445,16802.5165,16790.060999999998,16791.489
2024-01-24 10:20:00+00:00,16790.4945,16801.0555,16786.939000000002,16788.0165
2024-01-24 10:25:00+00:00,16788.5,16798.5165,16785.45,16797.939000000002
2024-01-24 10:30:00+00:00,16798.928,16805.5555,16796.989,16805.072
2024-01-24 10:35:00+00:00,16805.5,16806.511,16800.060999999998,16805.989
2024-01-24 10:40:00+00:00,16806.5165,16813.4945,16803.489,16804.5055
2024-01-24 10:45:00+00:00,16803.489,16807.0165,16799.428,16800.5055
2024-01-24 10:50:00+00:00,16800.0055,16802.011,16792.439000000002,16801.511
2024-01-24 10:55:00+00:00,16801.9445,16812.55,16798.011,16811.522
2024-01-24 11:00:00+00:00,16811.224,16816.072,16808.511,16815.0055
2024-01-24 11:05:00+00:00,16814.489,16825.0555,16814.428,16823.978
2024-01-24 11:10:00+00:00,16824.516499999998,16831.566499999997,16824.511,16829.489
2024-01-24 11:15:00+00:00,16828.5,16828.9835,16820.560999999998,16823.9445
2024-01-24 11:20:00+00:00,16823.560999999998,16824.522,16813.478,16821.0
2024-01-24 11:25:00+00:00,16821.439000000002,16826.4445,16819.5,16823.4445
2024-01-24 11:30:00+00:00,16824.0,16830.511,16822.5,16828.478
2024-01-24 11:35:00+00:00,16828.05,16833.572,16826.439000000002,16829.433500000003
2024-01-24 11:40:00+00:00,16830.011,16840.5055,16824.9945,16825.45
2024-01-24 11:45:00+00:00,16824.489,16828.95,16818.55,16825.989
2024-01-24 11:50:00+00:00,16825.5,16831.45,16821.066499999997,16827.9945
2024-01-24 11:55:00+00:00,16827.5,16835.5555,16825.489,16835.478
2024-01-24 12:00:00+00:00,16834.9945,16841.5,16833.933500000003,16836.560999999998
2024-01-24 12:05:00+00:00,16836.0,16846.511,16833.4945,16845.928
2024-01-24 12:10:00+00:00,16846.4445,16848.489,16841.516499999998,16841.928
2024-01-24 12:15:00+00:00,16841.511,16843.5,16836.439000000002,16837.95
2024-01-24 12:20:00+00:00,16837.4945,16845.5,16837.060999999998,16838.939000000002
2024-01-24 12:25:00+00:00,16838.5,16839.5,16831.511,16835.560999999998
2024-01-24 12:30:00+00:00,16836.011,16846.560999999998,16835.483500000002,16843.489
2024-01-24 12:35:00+00:00,16844.5055,16851.516499999998,16838.939000000002,16850.072
2024-01-24 12:40:00+00:00,16850.483500000002,16852.0055,16845.5055,16848.9945
2024-01-24 12:45:00+00:00,16848.516499999998,16861.511,16848.433500000003,16858.4945
2024-01-24 12:50:00+00:00,16858.933500000003,16868.0,16857.433500000003,16864.978
2024-01-24 12:55:00+00:00,16864.4835,16868.4945,16860.5055,16862.95
2024-01-24 13:00:00+00:00,16862.601000000002,16869.572,16861.489,16868.0055
2024-01-24 13:05:00+00:00,16867.4835,16880.478,16867.4835,16872.5
2024-01-24 13:10:00+00:00,16871.4945,16880.572,16869.4835,16870.9945
2024-01-24 13:15:00+00:00,16870.5555,16872.4835,16860.4945,16861.55
2024-01-24 13:20:00+00:00,16862.4835,16872.483500000002,16862.478,16870.4945
2024-01-24 13:25:00+00:00,16870.011,16877.55,16864.4945,16877.5
2024-01-24 13:30:00+00:00,16878.55,16884.5,16874.478,16882.5055
2024-01-24 13:35:00+00:00,16883.489,16886.5055,16873.0055,16879.0555
2024-01-24 13:40:00+00:00,16879.5555,16886.560999999998,16875.516499999998,16882.4945
2024-01-24 13:45:00+00:00,16881.5165,16891.5555,16879.016499999998,16888.433500000003
2024-01-24 13:50:00+00:00,16888.0055,16896.511,16886.5055,16894.489
2024-01-24 13:55:00+00:00,16893.5,16894.5165,16882.560999999998,16886.522
2024-01-24 14:00:00+00:00,16887.0055,16890.989,16882.5,16886.0055
2024-01-24 14:05:00+00:00,16885.4945,16888.5,16882.5555,16886.566499999997
2024-01-24 14:10:00+00:00,16886.9945,16889.4945,16882.433500000003,16888.4945
2024-01-24 14:15:00+00:00,16889.0,16897.5055,16888.4445,16896.4835
2024-01-24 14:20:00+00:00,16897.5,16900.5055,16892.511,16892.511
2024-01-24 14:25:00+00:00,16892.928,16895.516499999998,16888.0,16892.4945
2024-01-24 14:30:00+00:00,16893.0,16898.516499999998,16881.433500000003,16895.5
2024-01-24 14:35:00+00:00,16894.928,16926.0,16894.928,16910.4945
2024-01-24 14:40:00+00:00,16911.5,16919.5,16899.011,16900.5055
2024-01-24 14:45:00+00:00,16900.511,16905.016499999998,16887.511,16898.566499999997
2024-01-24 14:50:00+00:00,16897.9945,16903.45,16888.516499999998,16903.45
2024-01-24 14:55:00+00:00,16904.0,16905.572,16891.5165,16893.989
2024-01-24 15:00:00+00:00,16893.511,16898.572,16869.5,16869.5
2024-01-24 15:05:00+00:00,16870.0055,16886.560999999998,16867.989,16880.5555
2024-01-24 15:10:00+00:00,16881.4945,16885.5055,16871.5,16883.05
2024-01-24 15:15:00+00:00,16883.428,16894.5055,16880.0,16889.522
2024-01-24 15:20:00+00:00,16890.5,16891.566499999997,16875.478,16878.5
2024-01-24 15:25:00+00:00,16878.928,16890.0,16878.428,16887.4835
2024-01-24 15:30:00+00:00,16888.0055,16889.572,16872.5,16874.939000000002
2024-01-24 15:35:00+00:00,16874.560999999998,16882.5555,16869.5,16882.060999999998
2024-01-24 15:40:00+00:00,16881.723,16893.572,16872.5055,16893.428
2024-01-24 15:45:00+00:00,16893.0165,16893.439000000002,16880.560999999998,16885.0
2024-01-24 15:50:00+00:00,16885.4445,16885.4445,16874.511,16879.483500000002
2024-01-24 15:55:00+00:00,16879.212,16882.5165,16875.0,16879.45
2024-01-24 16:00:00+00:00,16880.022,16886.560999999998,16879.439000000002,16882.566499999997
2024-01-24 16:05:00+00:00,16883.5555,16883.5555,16872.5055,16878.9945
2024-01-24 16:10:00+00:00,16878.4835,16881.4945,16876.483500000002,16878.011
2024-01-24 16:15:00+00:00,16877.572,16889.566499999997,16876.439000000002,16888.989
2024-01-24 16:20:00+00:00,16889.45,16896.5,16887.4445,16894.5165
2024-01-24 16:25:00+00:00,16893.45,16896.9945,16891.433500000003,16895.5055
2024-01-24 16:30:00+00:00,16895.55,16896.5055,16890.428,16895.489
2024-01-24 16:35:00+00:00,16896.0055,16905.5055,16893.989,16903.55
2024-01-24 16:40:00+00:00,16904.5165,16911.0165,16902.428,16904.511
2024-01-24 16:45:00+00:00,16904.989,16908.066499999997,16903.0,16907.560999999998
2024-01-24 16:50:00+00:00,16908.4835,16911.560999999998,16907.428,16908.516499999998
2024-01-24 16:55:00+00:00,16908.0,16911.572,16907.428,16907.428
2024-01-24 17:00:00+00:00,16906.939000000002,16911.489,16906.489,16909.0
2024-01-24 17:05:00+00:00,16909.489,16914.522,16908.478,16914.522
2024-01-24 17:10:00+00:00,16913.989,16916.511,16906.4945,16909.55
2024-01-24 17:15:00+00:00,16908.4945,16912.0055,16905.0165,16908.489
2024-01-24 17:20:00+00:00,16908.060999999998,16910.5,16904.4445,16908.5
2024-01-24 17:25:00+00:00,16909.560999999998,16916.45,16909.45,16912.4945
2024-01-24 17:30:00+00:00,16912.989,16916.511,16910.9945,16912.5
2024-01-24 17:35:00+00:00,16913.516499999998,16914.522,16907.483500000002,16910.572
2024-01-24 17:40:00+00:00,16909.9945,16910.4945,16906.489,16909.4445
2024-01-24 17:45:00+00:00,16909.0055,16912.5055,16907.489,16912.5055
2024-01-24 17:50:00+00:00,16913.011,16918.4945,16910.983500000002,16917.5555
2024-01-24 17:55:00+00:00,16917.0165,16920.5055,16916.483500000002,16918.5055
2024-01-24 18:00:00+00:00,16918.0165,16918.5055,16904.428,16915.4835
2024-01-24 18:05:00+00:00,16914.5,16916.560999999998,16904.5055,16909.4945
2024-01-24 18:10:00+00:00,16909.0,16911.4445,16900.5055,16900.5055
2024-01-24 18:15:00+00:00,16899.572,16901.511,16895.483500000002,16898.5
2024-01-24 18:20:00+00:00,16898.05,16900.55,16894.5,16898.0055
2024-01-24 18:25:00+00:00,16897.7435,16908.016499999998,16896.4945,16905.05
2024-01-24 18:30:00+00:00,16905.439000000002,16905.5,16895.0,16898.072
2024-01-24 18:35:00+00:00,16897.566499999997,16898.939000000002,16889.439000000002,16889.439000000002
2024-01-24 18:40:00+00:00,16888.55,16894.511,16887.0555,16888.516499999998
2024-01-24 18:45:00+00:00,16887.982500000002,16891.572,16886.428,16890.5165
2024-01-24 18:50:00+00:00,16891.0,16893.022,16886.928,16892.4945
2024-01-24 18:55:00+00:00,16891.9945,16896.5055,16889.989,16895.5055
2024-01-24 19:00:00+00:00,16894.95,16896.572,16890.5,16892.4945
2024-01-24 19:05:00+00:00,16893.0,16896.566499999997,16892.439000000002,16893.0
2024-01-24 19:10:00+00:00,16892.4945,16893.0055,16883.428,16883.989
2024-01-24 19:15:00+00:00,16884.439000000002,16886.511,16882.933500000003,16884.9945
2024-01-24 19:20:00+00:00,16885.4945,16885.4945,16869.5,16872.5165
2024-01-24 19:25:00+00:00,16872.939000000002,16879.4945,16872.939000000002,16877.45
2024-01-24 19:30:00+00:00,16877.9945,16883.566499999997,16871.928,16874.483500000002
2024-01-24 19:35:00+00:00,16875.0055,16881.5165,16874.4945,16881.483500000002
2024-01-24 19:40:00+00:00,16882.066499999997,16890.566499999997,16880.989,16889.55
2024-01-24 19:45:00+00:00,16890.5055,16896.55,16890.5055,16893.939000000002
2024-01-24 19:50:00+00:00,16893.433500000003,16894.572,16888.428,16891.0
2024-01-24 19:55:00+00:00,16890.572,16890.572,16880.4945,16883.9835
2024-01-24 20:00:00+00:00,16883.566499999997,16883.566499999997,16875.428,16882.489
2024-01-24 20:05:00+00:00,16883.0555,16888.011,16882.566499999997,16883.489
2024-01-24 20:10:00+00:00,16883.989,16884.0055,16868.5,16870.5
2024-01-24 20:15:00+00:00,16869.983500000002,16870.566499999997,16863.4945,16863.4945
2024-01-24 20:20:00+00:00,16864.0,16870.522,16861.9945,16869.4945
2024-01-24 20:25:00+00:00,16869.0055,16870.489,16861.0,16864.0
2024-01-24 20:30:00+00:00,16864.5165,16871.516499999998,16861.4945,16870.478
2024-01-24 20:35:00+00:00,16871.011,16878.489,16869.4945,16875.433500000003
2024-01-24 20:40:00+00:00,16876.522,16883.0,16875.4445,16881.5
2024-01-24 20:45:00+00:00,16881.0055,16881.022,16869.4445,16870.5055
2024-01-24 20:50:00+00:00,16869.489,16869.55,16860.489,16864.5
2024-01-24 20:55:00+00:00,16865.5,16874.5055,16860.439000000002,16864.939000000002
2024-01-24 21:00:00+00:00,16865.45,16871.1,16848.789,16855.8
2024-01-24 21:05:00+00:00,16856.7055,16857.511,16844.378,16853.022
2024-01-24 21:10:00+00:00,16853.9,16862.566499999997,16852.05,16858.2
2024-01-24 23:00:00+00:00,16876.5,16880.816499999997,16864.589,16865.489
2024-01-24 23:05:00+00:00,16866.4055,16866.4055,16862.5945,16863.6165
2024-01-24 23:10:00+00:00,16864.105499999998,16866.261,16863.55,16864.511
2024-01-24 23:15:00+00:00,16863.605499999998,16865.4055,16862.822,16863.589
2024-01-24 23:20:00+00:00,16863.211,16865.4055,16861.839,16862.789
2024-01-24 23:25:00+00:00,16863.6,16863.6,16857.5835,16861.2835
2024-01-24 23:30:00+00:00,16862.144500000002,16862.978,16859.528,16862.978
2024-01-24 23:35:00+00:00,16863.889000000003,16865.610999999997,16862.128,16863.878
2024-01-24 23:40:00+00:00,16862.939000000002,16865.5445,16861.178,16862.894500000002
2024-01-24 23:45:00+00:00,16862.0,16864.6665,16860.2835,16860.3
2024-01-24 23:50:00+00:00,16861.2555,16865.5,16861.2555,16865.5
2024-01-24 23:55:00+00:00,16865.110999999997,16867.211,16864.528,16865.489
2024-01-25 00:00:00+00:00,16865.288,16865.5555,16861.2,16862.0555
2024-01-25 00:05:00+00:00,16862.483500000002,16862.9055,16856.778,16856.778
2024-01-25 00:10:00+00:00,16856.0055,16857.716500000002,16854.144500000002,16856.060999999998
2024-01-25 00:15:00+00:00,16865.011,16865.011,16853.9445,16854.5
2024-01-25 00:20:00+00:00,16854.5,16858.5165,16853.978,16857.0055
2024-01-25 00:25:00+00:00,16857.4445,16857.522,16856.928,16857.5055
2024-01-25 00:30:00+00:00,16858.5,16865.95,16857.4945,16865.4445
2024-01-25 00:35:00+00:00,16865.928,16870.5165,16860.4945,16860.5055
2024-01-25 00:40:00+00:00,16860.0,16862.45,16859.05,16859.05
2024-01-25 00:45:00+00:00,16859.989,16865.9945,16858.9945,16865.9945
2024-01-25 00:50:00+00:00,16866.4945,16869.05,16860.5,16868.9445
2024-01-25 00:55:00+00:00,16868.428,16870.511,16868.428,16869.4835
2024-01-25 01:00:00+00:00,16869.238,16872.489,16867.0055,16872.0165
2024-01-25 01:05:00+00:00,16871.5,16874.933500000003,16867.489,16867.489
2024-01-25 01:10:00+00:00,16867.011,16867.9945,16863.9835,16867.4945
2024-01-25 01:15:00+00:00,16867.016499999998,16868.0055,16858.45,16862.0165
2024-01-25 01:20:00+00:00,16861.566499999997,16863.439000000002,16855.489,16860.489
2024-01-25 01:25:00+00:00,16859.4445,16861.0055,16854.989,16856.0555
2024-01-25 01:30:00+00:00,16855.749,16856.433500000003,16848.5055,16853.522
2024-01-25 01:35:00+00:00,16853.9445,16861.5,16853.5555,16856.483500000002
2024-01-25 01:40:00+00:00,16857.0,16857.0,16848.978,16850.439000000002
2024-01-25 01:45:00+00:00,16850.299,16853.0,16845.4945,16847.4835
2024-01-25 01:50:00+00:00,16846.9835,16851.066499999997,16842.566499999997,16847.566499999997
2024-01-25 01:55:00+00:00,16848.5,16857.060999999998,16847.428,16857.060999999998
2024-01-25 02:00:00+00:00,16856.0,16863.572,16853.016499999998,16862.95
2024-01-25 02:05:00+00:00,16863.55,16867.5055,16860.511,16865.4945
2024-01-25 02:10:00+00:00,16865.0,16865.5055,16859.0055,16861.439000000002
2024-01-25 02:15:00+00:00,16862.0055,16864.5165,16859.5055,16864.4945
2024-01-25 02:20:00+00:00,16863.9945,16863.9945,16856.989,16860.989
2024-01-25 02:25:00+00:00,16861.439000000002,16864.55,16859.483500000002,16861.0
2024-01-25 02:30:00+00:00,16860.5055,16861.5,16854.989,16856.5055
2024-01-25 02:35:00+00:00,16856.0055,16857.066499999997,16854.989,16854.989
2024-01-25 02:40:00+00:00,16854.4945,16854.5055,16845.511,16845.989
2024-01-25 02:45:00+00:00,16846.483500000002,16855.9835,16844.983500000002,16855.5055
2024-01-25 02:50:00+00:00,16855.989,16857.072,16850.5,16853.0
2024-01-25 02:55:00+00:00,16853.5055,16858.933500000003,16852.983500000002,16858.0055
2024-01-25 03:00:00+00:00,16859.016499999998,16862.489,16858.428,16860.011
2024-01-25 03:05:00+00:00,16858.939000000002,16863.0055,16854.9445,16856.0555
2024-01-25 03:10:00+00:00,16856.9945,16858.0055,16853.483500000002,16853.55
2024-01-25 03:15:00+00:00,16853.0,16859.0555,16853.0,16858.428
2024-01-25 03:20:00+00:00,16858.0165,16858.511,16857.483500000002,16857.572
2024-01-25 03:25:00+00:00,16857.0,16857.0,16853.9945,16856.011
2024-01-25 03:30:00+00:00,16855.489,16859.5165,16855.4445,16857.5
2024-01-25 03:35:00+00:00,16856.5045,16857.5,16853.0,16855.5
2024-01-25 03:40:00+00:00,16855.933500000003,16856.5055,16852.939000000002,16852.983500000002
2024-01-25 03:45:00+00:00,16850.511,16851.566499999997,16848.0,16851.4945
2024-01-25 03:50:00+00:00,16852.560999999998,16854.0555,16850.433500000003,16854.0555
2024-01-25 03:55:00+00:00,16853.478,16854.072,16851.022,16851.5
2024-01-25 04:00:00+00:00,16850.989,16853.5,16850.989,16852.9835
2024-01-25 04:05:00+00:00,16853.4945,16855.572,16853.4945,16855.4445
2024-01-25 04:10:00+00:00,16855.978,16855.978,16853.060999999998,16854.560999999998
2024-01-25 04:15:00+00:00,16854.0165,16856.0,16853.0,16853.511
2024-01-25 04:20:00+00:00,16854.016499999998,16857.522,16854.0,16857.522
2024-01-25 04:25:00+00:00,16857.0,16858.072,16856.989,16857.0055
2024-01-25 04:30:00+00:00,16857.5555,16859.511,16857.0,16857.9945
2024-01-25 04:35:00+00:00,16857.5165,16859.572,16856.9835,16857.011
2024-01-25 04:40:00+00:00,16856.489,16856.489,16852.933500000003,16853.5555
2024-01-25 04:45:00+00:00,16852.572,16855.4945,16850.5,16853.4445
2024-01-25 04:50:00+00:00,16855.5555,16856.011,16853.560999999998,16853.560999999998
2024-01-25 04:55:00+00:00,16851.55,16853.55,16850.989,16853.0055
2024-01-25 05:00:00+00:00,16853.5,16856.5055,16852.0,16855.05
2024-01-25 05:05:00+00:00,16854.0,16855.5,16847.566499999997,16855.011
2024-01-25 05:10:00+00:00,16857.066499999997,16857.066499999997,16853.022,16856.5165
2024-01-25 05:15:00+00:00,16856.060999999998,16862.5165,16856.060999999998,16862.011
2024-01-25 05:20:00+00:00,16861.5555,16862.566499999997,16854.989,16855.9945
2024-01-25 05:25:00+00:00,16855.4835,16856.0055,16851.933500000003,16856.0
2024-01-25 05:30:00+00:00,16855.5,16858.928,16850.983500000002,16857.0055
2024-01-25 05:35:00+00:00,16857.4445,16858.439000000002,16855.9835,16858.011
2024-01-25 05:40:00+00:00,16857.45,16863.0,16857.45,16861.439000000002
2024-01-25 05:45:00+00:00,16861.989,16864.516499999998,16859.489,16860.4945
2024-01-25 05:50:00+00:00,16859.9945,16863.5,16856.989,16863.5
2024-01-25 05:55:00+00:00,16863.0,16865.011,16859.566499999997,16864.511
2024-01-25 06:00:00+00:00,16864.9945,16864.9945,16851.939000000002,16859.572
2024-01-25 06:05:00+00:00,16858.489,16862.489,16856.9945,16857.4945
2024-01-25 06:10:00+00:00,16857.072,16859.5,16852.066499999997,16859.5
2024-01-25 06:15:00+00:00,16858.928,16861.478,16856.939000000002,16858.4945
2024-01-25 06:20:00+00:00,16858.9445,16861.516499999998,16854.478,16855.5
2024-01-25 06:25:00+00:00,16855.011,16861.511,16853.5055,16859.5
2024-01-25 06:30:00+00:00,16859.989,16869.011,16859.5055,16868.5055
2024-01-25 06:35:00+00:00,16869.011,16874.572,16868.428,16870.5
2024-01-25 06:40:00+00:00,16871.0,16872.928,16866.4835,16869.0165
2024-01-25 06:45:00+00:00,16868.45,16868.9945,16858.5,16862.489
2024-01-25 06:50:00+00:00,16861.5,16862.983500000002,16853.5055,16856.9945
2024-01-25 06:55:00+00:00,16856.45,16865.5055,16856.45,16865.5055
2024-01-25 07:00:00+00:00,16863.923000000003,16863.923000000003,16847.066499999997,16857.5
2024-01-25 07:05:00+00:00,16856.9945,16869.5,16856.9945,16867.072
2024-01-25 07:10:00+00:00,16867.439000000002,16870.05,16864.989,16870.05
2024-01-25 07:15:00+00:00,16869.0,16873.011,16868.45,16872.928
2024-01-25 07:20:00+00:00,16873.572,16880.066499999997,16871.511,16875.072
2024-01-25 07:25:00+00:00,16875.4945,16884.933500000003,16875.4945,16879.511
2024-01-25 07:30:00+00:00,16880.0,16880.0,16869.05,16870.5
2024-01-25 07:35:00+00:00,16870.989,16871.5555,16865.05,16870.478
2024-01-25 07:40:00+00:00,16869.989,16884.9945,16869.989,16883.483500000002
2024-01-25 07:45:00+00:00,16882.560999999998,16883.511,16876.5055,16877.939000000002
2024-01-25 07:50:00+00:00,16878.5055,16880.560999999998,16875.0,16876.011
2024-01-25 07:55:00+00:00,16876.4945,16876.4945,16859.428,16860.9445
2024-01-25 08:00:00+00:00,16860.5055,16863.5165,16841.9445,16852.011
2024-01-25 08:05:00+00:00,16854.0165,16856.55,16841.95,16854.9945
2024-01-25 08:10:00+00:00,16854.723,16857.0055,16845.511,16847.022
2024-01-25 08:15:00+00:00,16847.489,16860.0055,16837.933500000003,16840.95
2024-01-25 08:20:00+00:00,16840.201,16845.011,16833.95,16833.95
2024-01-25 08:25:00+00:00,16834.522,16844.0555,16830.933500000003,16836.45
2024-01-25 08:30:00+00:00,16836.011,16843.572,16833.4945,16841.4945
2024-01-25 08:35:00+00:00,16840.511,16844.0,16836.4445,16842.011
2024-01-25 08:40:00+00:00,16842.522,16845.560999999998,16832.478,16843.4945
2024-01-25 08:45:00+00:00,16841.978,16854.016499999998,16835.95,16840.560999999998
2024-01-25 08:50:00+00:00,16839.9945,16845.0055,16832.0,16839.0055
2024-01-25 08:55:00+00:00,16838.522,16844.4945,16837.489,16842.933500000003
2024-01-25 09:00:00+00:00,16844.05,16850.072,16835.978,16841.0055
2024-01-25 09:05:00+00:00,16840.5,16841.0555,16830.0,16836.05
2024-01-25 09:10:00+00:00,16835.0,16842.560999999998,16826.983500000002,16828.060999999998
2024-01-25 09:15:00+00:00,16828.489,16834.5165,16821.9945,16823.511
2024-01-25 09:20:00+00:00,16823.016499999998,16838.989,16822.0,16828.0
2024-01-25 09:25:00+00:00,16827.245000000003,16829.4945,16822.522,16828.9835
2024-01-25 09:30:00+00:00,16828.4945,16836.572,16827.9945,16834.983500000002
2024-01-25 09:35:00+00:00,16835.9945,16842.0,16832.928,16835.5
2024-01-25 09:40:00+00:00,16835.9945,16838.5,16829.989,16837.0055
2024-01-25 09:45:00+00:00,16836.723,16842.072,16832.016499999998,16839.0165
2024-01-25 09:50:00+00:00,16838.5165,16851.572,16837.939000000002,16851.489
2024-01-25 09:55:00+00:00,16852.022,16861.0055,16848.55,16849.0055
2024-01-25 10:00:00+00:00,16850.016499999998,16850.016499999998,16834.9945,16837.0055
2024-01-25 10:05:00+00:00,16836.016499999998,16839.5,16828.9945,16832.066499999997
2024-01-25 10:10:00+00:00,16833.0,16837.489,16826.928,16836.989
2024-01-25 10:15:00+00:00,16836.212,16840.5,16825.933500000003,16831.011
2024-01-25 10:20:00+00:00,16830.428,16831.4945,16825.9945,16830.9945
2024-01-25 10:25:00+00:00,16830.5,16833.989,16823.933500000003,16829.0
2024-01-25 10:30:00+00:00,16828.0,16831.0,16813.928,16819.9945
2024-01-25 10:35:00+00:00,16819.483500000002,16829.0165,16817.0,16825.489
2024-01-25 10:40:00+00:00,16826.0,16826.0,16817.5,16824.489
2024-01-25 10:45:00+00:00,16823.933500000003,16832.0055,16818.9945,16821.5055
2024-01-25 10:50:00+00:00,16821.016499999998,16823.016499999998,16814.9945,16817.0
2024-01-25 10:55:00+00:00,16818.0555,16825.0555,16814.928,16822.9945
2024-01-25 11:00:00+00:00,16821.933500000003,16827.011,16816.95,16822.016499999998
2024-01-25 11:05:00+00:00,16821.5055,16829.9945,16816.022,16828.0055
2024-01-25 11:10:00+00:00,16828.489,16834.066499999997,16822.989,16824.989
2024-01-25 11:15:00+00:00,16824.5,16834.566499999997,16823.978,16831.5055
2024-01-25 11:20:00+00:00,16832.0,16836.522,16828.9835,16830.0
2024-01-25 11:25:00+00:00,16830.489,16830.489,16822.05,16827.566499999997
2024-01-25 11:30:00+00:00,16827.223,16828.072,16816.928,16821.022
2024-01-25 11:35:00+00:00,16820.45,16826.0165,16816.9945,16820.5
2024-01-25 11:40:00+00:00,16821.072,16823.0055,16813.989,16814.0055
2024-01-25 11:45:00+00:00,16813.746000000003,16821.066499999997,16812.060999999998,16818.060999999998
2024-01-25 11:50:00+00:00,16817.0,16821.011,16810.95,16814.0055
2024-01-25 11:55:00+00:00,16814.95,16822.0,16813.939000000002,16821.5
2024-01-25 12:00:00+00:00,16821.011,16824.066499999997,16814.989,16820.95
2024-01-25 12:05:00+00:00,16820.011,16826.066499999997,16818.5,16825.011
2024-01-25 12:10:00+00:00,16824.522,16826.9945,16816.9945,16817.428
2024-01-25 12:15:00+00:00,16817.223,16817.5555,16811.989,16814.9445
2024-01-25 12:20:00+00:00,16813.989,16815.9945,16803.9445,16806.016499999998
2024-01-25 12:25:00+00:00,16805.5555,16806.05,16800.439000000002,16805.5
2024-01-25 12:30:00+00:00,16805.9445,16805.9445,16796.0055,16802.9945
2024-01-25 12:35:00+00:00,16802.4945,16803.9445,16795.933500000003,16801.4945
2024-01-25 12:40:00+00:00,16801.989,16808.060999999998,16799.9835,16804.428
2024-01-25 12:45:00+00:00,16804.022,16805.0165,16795.45,16797.4945
2024-01-25 12:50:00+00:00,16797.9945,16801.011,16794.989,16794.9945
2024-01-25 12:55:00+00:00,16794.4945,16795.072,16791.022,16793.9945
2024-01-25 13:00:00+00:00,16795.05,16797.0555,16782.5,16786.9835
2024-01-25 13:05:00+00:00,16785.989,16797.989,16785.989,16797.989
2024-01-25 13:10:00+00:00,16798.989,16801.511,16790.9945,16800.5
2024-01-25 13:15:00+00:00,16798.989,16809.55,16796.5,16808.0055
2024-01-25 13:20:00+00:00,16807.4945,16825.0165,16804.9945,16821.433500000003
2024-01-25 13:25:00+00:00,16822.011,16838.011,16820.9835,16831.572
2024-01-25 13:30:00+00:00,16829.4945,16858.9945,16816.4945,16855.522
2024-01-25 13:35:00+00:00,16854.734,16867.0055,16850.933500000003,16862.9945
2024-01-25 13:40:00+00:00,16863.939000000002,16863.939000000002,16841.0,16846.933500000003
2024-01-25 13:45:00+00:00,16847.9835,16866.560999999998,16847.9835,16858.05
2024-01-25 13:50:00+00:00,16857.428,16877.4945,16852.0055,16876.989
2024-01-25 13:55:00+00:00,16877.5555,16880.066499999997,16857.933500000003,16859.483500000002
2024-01-25 14:00:00+00:00,16860.011,16882.0055,16857.483500000002,16878.5555
2024-01-25 14:05:00+00:00,16879.5555,16882.0,16861.9445,16869.5055
2024-01-25 14:10:00+00:00,16869.978,16898.0165,16869.0,16892.983500000002
2024-01-25 14:15:00+00:00,16893.989,16900.489,16883.0,16888.0
2024-01-25 14:20:00+00:00,16888.4945,16903.511,16886.928,16899.45
2024-01-25 14:25:00+00:00,16900.060999999998,16900.060999999998,16889.9835,16897.0555
2024-01-25 14:30:00+00:00,16897.5,16912.0055,16884.489,16901.516499999998
2024-01-25 14:35:00+00:00,16902.060999999998,16905.011,16874.933500000003,16875.433500000003
2024-01-25 14:40:00+00:00,16875.939000000002,16885.072,16860.060999999998,16866.5
2024-01-25 14:45:00+00:00,16867.0555,16882.060999999998,16862.0,16874.55
2024-01-25 14:50:00+00:00,16873.939000000002,16905.939000000002,16870.983500000002,16905.939000000002
2024-01-25 14:55:00+00:00,16906.45,16910.511,16894.0055,16898.0165
2024-01-25 15:00:00+00:00,16899.072,16906.511,16887.9945,16891.989
2024-01-25 15:05:00+00:00,16893.011,16905.011,16880.95,16904.560999999998
2024-01-25 15:10:00+00:00,16904.9445,16909.983500000002,16900.9945,16904.0
2024-01-25 15:15:00+00:00,16904.5,16909.022,16896.939000000002,16905.0
2024-01-25 15:20:00+00:00,16906.066499999997,16916.066499999997,16903.9945,16913.9445
2024-01-25 15:25:00+00:00,16914.5055,16915.016499999998,16902.9835,16905.5
2024-01-25 15:30:00+00:00,16905.978,16912.066499999997,16882.928,16883.022
2024-01-25 15:35:00+00:00,16883.5,16892.9945,16878.433500000003,16888.511
2024-01-25 15:40:00+00:00,16889.0555,16896.0055,16884.0555,16894.9445
2024-01-25 15:45:00+00:00,16895.978,16898.4945,16881.978,16882.489
2024-01-25 15:50:00+00:00,16883.011,16884.4945,16870.9835,16877.989
2024-01-25 15:55:00+00:00,16879.060999999998,16889.011,16877.0,16885.0055
2024-01-25 16:00:00+00:00,16885.439000000002,16887.978,16877.0,16879.95
2024-01-25 16:05:00+00:00,16881.0055,16895.516499999998,16879.0,16891.5555
2024-01-25 16:10:00+00:00,16891.9945,16903.0,16889.0,16902.9445
2024-01-25 16:15:00+00:00,16902.060999999998,16907.9835,16898.9835,16902.560999999998
2024-01-25 16:20:00+00:00,16902.0055,16908.066499999997,16901.011,16907.0
2024-01-25 16:25:00+00:00,16906.05,16911.439000000002,16904.0055,16910.989
2024-01-25 16:30:00+00:00,16911.928,16911.928,16901.55,16907.066499999997
2024-01-25 16:35:00+00:00,16907.5,16908.0055,16896.9945,16901.066499999997
2024-01-25 16:40:00+00:00,16901.489,16905.0,16896.9945,16901.0055
2024-01-25 16:45:00+00:00,16900.5,16904.011,16892.572,16899.9835
2024-01-25 16:50:00+00:00,16900.5,16904.0055,16898.939000000002,16901.0
2024-01-25 16:55:00+00:00,16901.5055,16902.9945,16896.939000000002,16902.0
2024-01-25 17:00:00+00:00,16903.5555,16906.4445,16893.933500000003,16895.5
2024-01-25 17:05:00+00:00,16895.939000000002,16896.011,16882.939000000002,16886.0055
2024-01-25 17:10:00+00:00,16884.95,16892.066499999997,16884.933500000003,16886.9945
2024-01-25 17:15:00+00:00,16887.4945,16902.0055,16887.0,16898.0055
2024-01-25 17:20:00+00:00,16898.489,16901.05,16894.4835,16896.511
2024-01-25 17:25:00+00:00,16896.95,16898.95,16891.4835,16896.0055
2024-01-25 17:30:00+00:00,16896.489,16897.939000000002,16887.0055,16889.978
2024-01-25 17:35:00+00:00,16889.5,16894.483500000002,16887.5055,16894.0555
2024-01-25 17:40:00+00:00,16893.4945,16896.983500000002,16892.933500000003,16896.011
2024-01-25 17:45:00+00:00,16895.489,16897.060999999998,16888.9945,16892.016499999998
2024-01-25 17:50:00+00:00,16892.989,16894.0165,16888.989,16893.060999999998
2024-01-25 17:55:00+00:00,16892.5055,16895.011,16890.939000000002,16893.0055
2024-01-25 18:00:00+00:00,16893.5165,16903.066499999997,16891.0,16899.928
2024-01-25 18:05:00+00:00,16900.483500000002,16907.560999999998,16899.939000000002,16901.989
2024-01-25 18:10:00+00:00,16902.439000000002,16905.572,16900.0055,16901.95
2024-01-25 18:15:00+00:00,16901.05,16902.0055,16887.0055,16891.0055
2024-01-25 18:20:00+00:00,16890.5055,16896.060999999998,16888.4945,16888.4945
2024-01-25 18:25:00+00:00,16888.95,16893.011,16887.489,16890.95
2024-01-25 18:30:00+00:00,16890.4945,16892.011,16884.989,16884.989
2024-01-25 18:35:00+00:00,16885.5,16891.5055,16884.933500000003,16891.011
2024-01-25 18:40:00+00:00,16891.489,16900.511,16890.9445,16898.0
2024-01-25 18:45:00+00:00,16896.933500000003,16908.0055,16894.983500000002,16899.9945
2024-01-25 18:50:00+00:00,16900.5,16901.072,16892.5,16892.5165
2024-01-25 18:55:00+00:00,16892.933500000003,16892.933500000003,16879.989,16881.0055
2024-01-25 19:00:00+00:00,16879.9945,16882.011,16872.45,16879.9945
2024-01-25 19:05:00+00:00,16879.5555,16884.0165,16875.933500000003,16881.011
2024-01-25 19:10:00+00:00,16880.5165,16888.016499999998,16880.5,16885.011
2024-01-25 19:15:00+00:00,16885.5,16890.572,16882.939000000002,16890.022
2024-01-25 19:20:00+00:00,16890.483500000002,16894.0555,16886.5,16889.060999999998
2024-01-25 19:25:00+00:00,16888.5,16898.978,16888.0,16897.4945
2024-01-25 19:30:00+00:00,16897.939000000002,16900.4945,16894.5055,16900.4835
2024-01-25 19:35:00+00:00,16901.0,16901.483500000002,16893.011,16895.4945
2024-01-25 19:40:00+00:00,16896.0055,16896.5165,16888.9945,16891.489
2024-01-25 19:45:00+00:00,16891.011,16894.0055,16889.0055,16891.072
2024-01-25 19:50:00+00:00,16890.738,16898.55,16888.022,16897.933500000003
2024-01-25 19:55:00+00:00,16898.5,16901.016499999998,16895.939000000002,16901.016499999998
2024-01-25 20:00:00+00:00,16899.983500000002,16901.989,16897.928,16900.478
2024-01-25 20:05:00+00:00,16899.9945,16902.522,16898.0055,16899.9445
2024-01-25 20:10:00+00:00,16899.4835,16901.5,16895.978,16897.489
2024-01-25 20:15:00+00:00,16898.022,16902.939000000002,16894.978,16902.939000000002
2024-01-25 20:20:00+00:00,16902.0,16904.066499999997,16899.0555,16899.066499999997
2024-01-25 20:25:00+00:00,16899.478,16902.022,16898.989,16900.978
2024-01-25 20:30:00+00:00,16900.066499999997,16910.483500000002,16897.9835,16908.022
2024-01-25 20:35:00+00:00,16908.45,16911.928,16902.4945,16905.516499999998
2024-01-25 20:40:00+00:00,16904.989,16906.072,16899.9945,16901.5555
2024-01-25 20:45:00+00:00,16900.978,16904.5055,16899.4945,16902.9945
2024-01-25 20:50:00+00:00,16904.0,16908.978,16901.928,16908.978
2024-01-25 20:55:00+00:00,16908.0,16915.0,16908.0,16913.95
2024-01-25 21:00:00+00:00,16913.566499999997,16918.3,16906.539,16911.860999999997
2024-01-25 21:05:00+00:00,16911.0,16912.7,16906.605499999998,16906.605499999998
2024-01-25 21:10:00+00:00,16907.5055,16912.689000000002,16905.810999999998,16910.9835
2024-01-25 23:00:00+00:00,16894.566499999997,16898.2555,16885.4055,16894.45
2024-01-25 23:05:00+00:00,16893.6,16897.022,16886.65,16889.289
2024-01-25 23:10:00+00:00,16888.849,16892.711,16887.5055,16890.122
2024-01-25 23:15:00+00:00,16889.2445,16890.4555,16879.589,16880.4165
2024-01-25 23:20:00+00:00,16879.6,16881.3055,16869.5335,16869.6
2024-01-25 23:25:00+00:00,16868.7055,16868.7055,16854.5335,16855.5
2024-01-25 23:30:00+00:00,16856.2945,16860.9055,16854.539,16859.144500000002
2024-01-25 23:35:00+00:00,16860.039,16865.4945,16860.039,16865.4945
2024-01-25 23:40:00+00:00,16865.1,16868.566499999997,16864.7165,16865.878
2024-01-25 23:45:00+00:00,16867.711,16869.461,16866.8055,16869.389000000003
2024-01-25 23:50:00+00:00,16870.4,16874.116499999996,16869.45,16872.3335
2024-01-25 23:55:00+00:00,16871.5,16872.4665,16868.894500000002,16868.894500000002
2024-01-26 00:00:00+00:00,16869.8055,16871.560999999998,16866.3,16871.5
2024-01-26 00:05:00+00:00,16872.4165,16872.8,16868.078,16870.722
2024-01-26 00:10:00+00:00,16870.183500000003,16872.322,16867.189000000002,16871.572
2024-01-26 00:15:00+00:00,16890.428,16895.489,16882.989,16882.989
2024-01-26 00:20:00+00:00,16882.983500000002,16883.489,16878.989,16878.989
2024-01-26 00:25:00+00:00,16879.522,16881.572,16878.9445,16881.511
2024-01-26 00:30:00+00:00,16882.511,16887.478,16882.511,16883.989
2024-01-26 00:35:00+00:00,16885.0,16892.5055,16884.0,16892.5055
2024-01-26 00:40:00+00:00,16893.5055,16893.516499999998,16890.011,16891.9945
2024-01-26 00:45:00+00:00,16892.566499999997,16896.4945,16891.05,16895.0
2024-01-26 00:50:00+00:00,16895.483500000002,16897.55,16893.939000000002,16893.9945
2024-01-26 00:55:00+00:00,16894.511,16894.511,16889.0555,16890.9945
2024-01-26 01:00:00+00:00,16891.95,16891.95,16885.55,16888.072
2024-01-26 01:05:00+00:00,16888.5555,16892.0165,16886.066499999997,16889.0
2024-01-26 01:10:00+00:00,16888.4945,16890.066499999997,16885.928,16886.433500000003
2024-01-26 01:15:00+00:00,16886.9445,16892.0165,16885.4945,16892.0165
2024-01-26 01:20:00+00:00,16891.016499999998,16901.0055,16890.928,16900.0555
2024-01-26 01:25:00+00:00,16899.0,16899.511,16893.978,16894.5
2024-01-26 01:30:00+00:00,16893.9945,16900.072,16892.95,16896.489
2024-01-26 01:35:00+00:00,16895.989,16900.060999999998,16893.933500000003,16897.0055
2024-01-26 01:40:00+00:00,16895.011,16895.522,16891.933500000003,16893.522
2024-01-26 01:45:00+00:00,16894.066499999997,16894.066499999997,16890.4445,16891.066499999997
2024-01-26 01:50:00+00:00,16890.0055,16894.072,16889.978,16894.0055
2024-01-26 01:55:00+00:00,16893.439000000002,16894.060999999998,16891.9835,16894.011
2024-01-26 02:00:00+00:00,16892.95,16899.0,16892.95,16898.0165
2024-01-26 02:05:00+00:00,16899.0165,16899.072,16896.989,16897.0
2024-01-26 02:10:00+00:00,16897.5,16905.439000000002,16896.511,16904.0055
2024-01-26 02:15:00+00:00,16905.0,16905.0,16901.483500000002,16901.989
2024-01-26 02:20:00+00:00,16901.5055,16903.011,16900.060999999998,16901.0
2024-01-26 02:25:00+00:00,16900.428,16901.983500000002,16896.95,16897.433500000003
2024-01-26 02:30:00+00:00,16897.989,16903.011,16897.939000000002,16903.011
2024-01-26 02:35:00+00:00,16902.5165,16903.9835,16900.0,16901.0
2024-01-26 02:40:00+00:00,16900.7545,16901.060999999998,16899.0055,16899.9445
2024-01-26 02:45:00+00:00,16900.9945,16900.9945,16892.5,16893.0055
2024-01-26 02:50:00+00:00,16893.9945,16894.060999999998,16888.428,16888.4445
2024-01-26 02:55:00+00:00,16888.9945,16891.0055,16887.511,16888.5055
2024-01-26 03:00:00+00:00,16888.0555,16894.0,16888.0555,16893.522
2024-01-26 03:05:00+00:00,16894.0,16894.55,16892.5,16892.560999999998
2024-01-26 03:10:00+00:00,16892.0055,16892.560999999998,16887.4945,16890.989
2024-01-26 03:15:00+00:00,16891.933500000003,16892.0165,16884.989,16888.011
2024-01-26 03:20:00+00:00,16886.9945,16888.0,16884.989,16885.066499999997
2024-01-26 03:25:00+00:00,16886.0555,16886.0555,16881.989,16881.989
2024-01-26 03:30:00+00:00,16882.511,16883.0,16880.560999999998,16881.989
2024-01-26 03:35:00+00:00,16883.0055,16883.9835,16881.45,16883.9835
2024-01-26 03:40:00+00:00,16885.560999999998,16885.560999999998,16881.95,16884.989
2024-01-26 03:45:00+00:00,16885.4945,16889.5,16884.433500000003,16889.483500000002
2024-01-26 03:50:00+00:00,16888.933500000003,16889.566499999997,16887.5055,16889.066499999997
2024-01-26 03:55:00+00:00,16888.566499999997,16888.566499999997,16884.45,16885.060999999998
2024-01-26 04:00:00+00:00,16885.928,16887.0055,16882.011,16882.439000000002
2024-01-26 04:05:00+00:00,16881.939000000002,16882.9945,16881.939000000002,16882.5055
2024-01-26 04:10:00+00:00,16883.022,16883.522,16876.4945,16877.928
2024-01-26 04:15:00+00:00,16877.511,16882.5,16876.489,16881.45
2024-01-26 04:20:00+00:00,16881.011,16883.5,16873.95,16877.060999999998
2024-01-26 04:25:00+00:00,16875.9445,16877.566499999997,16870.989,16874.0055
2024-01-26 04:30:00+00:00,16873.5,16880.0,16873.011,16876.983500000002
2024-01-26 04:35:00+00:00,16877.5055,16878.011,16874.9945,16875.5
2024-01-26 04:40:00+00:00,16876.060999999998,16877.5555,16869.9445,16871.0
2024-01-26 04:45:00+00:00,16870.0055,16870.572,16856.5055,16859.511
2024-01-26 04:50:00+00:00,16860.489,16865.0055,16858.9945,16860.0
2024-01-26 04:55:00+00:00,16861.011,16863.939000000002,16860.05,16863.939000000002
2024-01-26 05:00:00+00:00,16864.5,16869.022,16862.983500000002,16866.95
2024-01-26 05:05:00+00:00,16868.0055,16870.0055,16867.066499999997,16868.9445
2024-01-26 05:10:00+00:00,16869.5,16873.066499999997,16869.0,16873.0055
2024-01-26 05:15:00+00:00,16873.428,16877.060999999998,16873.428,16875.9945
2024-01-26 05:20:00+00:00,16876.483500000002,16876.483500000002,16872.933500000003,16875.0
2024-01-26 05:25:00+00:00,16873.939000000002,16876.9835,16870.939000000002,16872.989
2024-01-26 05:30:00+00:00,16873.572,16878.5,16873.572,16878.0
2024-01-26 05:35:00+00:00,16878.511,16882.983500000002,16878.0,16878.9945
2024-01-26 05:40:00+00:00,16879.5,16882.0055,16878.9445,16878.9945
2024-01-26 05:45:00+00:00,16879.5,16880.05,16875.072,16875.072
2024-01-26 05:50:00+00:00,16874.478,16881.989,16873.0555,16876.011
2024-01-26 05:55:00+00:00,16876.5055,16878.5055,16869.933500000003,16871.0055
2024-01-26 06:00:00+00:00,16871.522,16871.9945,16863.978,16867.0
2024-01-26 06:05:00+00:00,16866.572,16868.05,16858.4945,16858.55
2024-01-26 06:10:00+00:00,16859.0055,16859.0165,16851.9945,16852.9945
2024-01-26 06:15:00+00:00,16853.5,16859.5,16849.0,16857.011
2024-01-26 06:20:00+00:00,16857.5055,16864.0,16856.0,16859.011
2024-01-26 06:25:00+00:00,16858.428,16858.433500000003,16848.5,16850.0165
2024-01-26 06:30:00+00:00,16849.0555,16849.0555,16843.5165,16845.9945
2024-01-26 06:35:00+00:00,16845.5055,16847.5055,16842.439000000002,16846.4835
2024-01-26 06:40:00+00:00,16847.0555,16849.433500000003,16842.428,16847.060999999998
2024-01-26 06:45:00+00:00,16846.439000000002,16855.566499999997,16845.5,16848.0055
2024-01-26 06:50:00+00:00,16848.983500000002,16855.060999999998,16848.983500000002,16855.0
2024-01-26 06:55:00+00:00,16855.928,16860.4945,16855.928,16859.489
2024-01-26 07:00:00+00:00,16859.511,16873.511,16854.9945,16872.9945
2024-01-26 07:05:00+00:00,16872.5,16887.011,16871.0,16884.989
2024-01-26 07:10:00+00:00,16884.5055,16888.0055,16875.489,16878.928
2024-01-26 07:15:00+00:00,16879.522,16881.0165,16873.9945,16880.428
2024-01-26 07:20:00+00:00,16880.95,16883.060999999998,16873.95,16874.4445
2024-01-26 07:25:00+00:00,16875.0,16882.478,16873.45,16880.989
2024-01-26 07:30:00+00:00,16880.55,16881.511,16868.433500000003,16870.9945
2024-01-26 07:35:00+00:00,16870.5165,16876.9945,16869.478,16876.9945
2024-01-26 07:40:00+00:00,16876.4945,16877.483500000002,16869.5,16870.511
2024-01-26 07:45:00+00:00,16871.9835,16877.011,16866.489,16866.5055
2024-01-26 07:50:00+00:00,16865.928,16870.0555,16865.45,16867.511
2024-01-26 07:55:00+00:00,16866.478,16877.0,16864.483500000002,16873.983500000002
2024-01-26 08:00:00+00:00,16873.978,16883.0,16859.428,16874.5055
2024-01-26 08:05:00+00:00,16873.9945,16879.011,16864.928,16867.011
2024-01-26 08:10:00+00:00,16867.978,16873.522,16856.0165,16864.011
2024-01-26 08:15:00+00:00,16864.522,16868.5055,16851.4945,16855.483500000002
2024-01-26 08:20:00+00:00,16854.560999999998,16859.5,16848.0,16852.5
2024-01-26 08:25:00+00:00,16851.4945,16859.5055,16847.5,16857.511
2024-01-26 08:30:00+00:00,16858.0,16873.5055,16857.489,16867.511
2024-01-26 08:35:00+00:00,16868.0055,16881.516499999998,16866.4945,16880.5
2024-01-26 08:40:00+00:00,16881.0055,16881.5055,16862.439000000002,16870.5055
2024-01-26 08:45:00+00:00,16871.478,16883.560999999998,16867.9835,16874.5
2024-01-26 08:50:00+00:00,16875.011,16879.9835,16873.566499999997,16876.9445
2024-01-26 08:55:00+00:00,16876.572,16885.55,16872.439000000002,16881.439000000002
2024-01-26 09:00:00+00:00,16880.9945,16888.0,16875.439000000002,16876.016499999998
2024-01-26 09:05:00+00:00,16876.433500000003,16877.9945,16860.4945,16871.516499999998
2024-01-26 09:10:00+00:00,16871.066499999997,16879.566499999997,16869.516499999998,16878.0055
2024-01-26 09:15:00+00:00,16877.5,16889.5,16876.5055,16883.4835
2024-01-26 09:20:00+00:00,16884.060999999998,16899.011,16884.060999999998,16895.9945
2024-01-26 09:25:00+00:00,16896.522,16900.5555,16891.989,16897.566499999997
2024-01-26 09:30:00+00:00,16898.5,16903.511,16888.95,16896.011
2024-01-26 09:35:00+00:00,16896.45,16907.0,16895.5,16905.011
2024-01-26 09:40:00+00:00,16904.4445,16909.522,16901.4945,16908.4945
2024-01-26 09:45:00+00:00,16909.516499999998,16922.428,16908.5,16915.4945
2024-01-26 09:50:00+00:00,16916.511,16924.95,16912.5555,16922.478
2024-01-26 09:55:00+00:00,16922.011,16923.566499999997,16913.4945,16913.511
2024-01-26 10:00:00+00:00,16914.4945,16918.511,16909.433500000003,16915.066499999997
2024-01-26 10:05:00+00:00,16915.511,16919.5055,16909.989,16915.489
2024-01-26 10:10:00+00:00,16915.95,16919.511,16912.4945,16916.4945
2024-01-26 10:15:00+00:00,16917.5165,16928.572,16916.933500000003,16928.016499999998
2024-01-26 10:20:00+00:00,16928.483500000002,16934.55,16925.4835,16933.5
2024-01-26 10:25:00+00:00,16933.022,16942.0,16931.9445,16941.060999999998
2024-01-26 10:30:00+00:00,16941.397,16943.511,16938.428,16939.4945
2024-01-26 10:35:00+00:00,16939.0,16943.5165,16935.5055,16938.928
2024-01-26 10:40:00+00:00,16938.489,16953.5555,16937.4945,16947.516499999998
2024-01-26 10:45:00+00:00,16946.572,16949.072,16941.433500000003,16949.072
2024-01-26 10:50:00+00:00,16948.5,16949.4945,16929.5,16933.5055
2024-01-26 10:55:00+00:00,16933.0555,16935.560999999998,16921.9945,16923.5055
2024-01-26 11:00:00+00:00,16923.9835,16937.572,16921.5165,16933.522
2024-01-26 11:05:00+00:00,16934.0055,16939.0,16922.4445,16923.5055
2024-01-26 11:10:00+00:00,16922.489,16930.5,16922.439000000002,16923.5055
2024-01-26 11:15:00+00:00,16922.5,16926.016499999998,16921.433500000003,16925.011
2024-01-26 11:20:00+00:00,16925.4445,16940.5055,16924.489,16940.05
2024-01-26 11:25:00+00:00,16939.5,16944.5,16936.433500000003,16944.5
2024-01-26 11:30:00+00:00,16944.0,16951.4445,16941.439000000002,16944.928
2024-01-26 11:35:00+00:00,16945.478,16947.522,16929.5,16935.572
2024-01-26 11:40:00+00:00,16935.989,16939.4945,16931.5055,16936.572
2024-01-26 11:45:00+00:00,16935.939000000002,16937.5055,16931.4945,16934.489
2024-01-26 11:50:00+00:00,16934.983500000002,16941.5165,16933.45,16939.55
2024-01-26 11:55:00+00:00,16938.933500000003,16944.560999999998,16935.5,16943.016499999998
2024-01-26 12:00:00+00:00,16943.5,16961.428,16942.572,16948.5
2024-01-26 12:05:00+00:00,16947.5555,16952.5,16942.428,16951.5055
2024-01-26 12:10:00+00:00,16951.9945,16955.516499999998,16946.011,16955.066499999997
2024-01-26 12:15:00+00:00,16955.5,16956.572,16949.4945,16952.511
2024-01-26 12:20:00+00:00,16953.0055,16957.560999999998,16951.9945,16955.05
2024-01-26 12:25:00+00:00,16955.45,16962.0055,16952.5165,16961.011
2024-01-26 12:30:00+00:00,16961.45,16967.511,16958.5055,16963.5165
2024-01-26 12:35:00+00:00,16963.0055,16966.560999999998,16961.011,16965.439000000002
2024-01-26 12:40:00+00:00,16965.011,16968.560999999998,16964.4945,16964.5555
2024-01-26 12:45:00+00:00,16963.989,16968.011,16963.5055,16965.066499999997
2024-01-26 12:50:00+00:00,16964.566499999997,16967.5055,16951.5,16957.5555
2024-01-26 12:55:00+00:00,16958.428,16958.428,16947.4445,16950.95
2024-01-26 13:00:00+00:00,16951.45,16958.522,16946.989,16955.5
2024-01-26 13:05:00+00:00,16954.5,16955.5555,16949.4945,16955.5055
2024-01-26 13:10:00+00:00,16956.072,16956.55,16943.489,16949.9945
2024-01-26 13:15:00+00:00,16950.55,16951.022,16935.0,16935.483500000002
2024-01-26 13:20:00+00:00,16935.060999999998,16942.5555,16930.989,16932.072
2024-01-26 13:25:00+00:00,16932.5,16932.522,16923.9945,16929.483500000002
2024-01-26 13:30:00+00:00,16929.016499999998,16940.066499999997,16918.5055,16924.0055
2024-01-26 13:35:00+00:00,16924.4945,16934.5055,16918.45,16934.5055
2024-01-26 13:40:00+00:00,16934.0,16954.011,16933.5,16951.4945
2024-01-26 13:45:00+00:00,16951.0,16965.511,16948.9945,16964.0165
2024-01-26 13:50:00+00:00,16964.522,16965.5,16952.428,16954.0165
2024-01-26 13:55:00+00:00,16953.522,16960.5,16948.0,16956.4445
2024-01-26 14:00:00+00:00,16955.511,16957.5,16939.489,16940.0
2024-01-26 14:05:00+00:00,16939.5055,16951.5165,16938.4445,16950.0
2024-01-26 14:10:00+00:00,16950.4945,16950.572,16932.5,16933.5055
2024-01-26 14:15:00+00:00,16933.011,16942.4445,16928.4445,16929.4945
2024-01-26 14:20:00+00:00,16929.0,16940.5,16926.478,16936.4835
2024-01-26 14:25:00+00:00,16937.5055,16948.489,16935.439000000002,16944.978
2024-01-26 14:30:00+00:00,16944.701,16950.0055,16938.5,16939.5165
2024-01-26 14:35:00+00:00,16939.9445,16951.9945,16938.4945,16947.060999999998
2024-01-26 14:40:00+00:00,16947.983500000002,16948.5,16933.9445,16937.022
2024-01-26 14:45:00+00:00,16937.4945,16937.4945,16924.4945,16927.433500000003
2024-01-26 14:50:00+00:00,16927.9945,16933.5,16923.439000000002,16930.5055
2024-01-26 14:55:00+00:00,16928.5,16931.9945,16923.5055,16931.5
2024-01-26 15:00:00+00:00,16931.011,16933.5555,16924.45,16931.511
2024-01-26 15:05:00+00:00,16930.5,16941.5,16924.433500000003,16940.4945
2024-01-26 15:10:00+00:00,16941.5055,16945.55,16939.428,16942.4945
2024-01-26 15:15:00+00:00,16941.989,16941.989,16929.439000000002,16934.0055
2024-01-26 15:20:00+00:00,16934.511,16936.516499999998,16924.483500000002,16927.5
2024-01-26 15:25:00+00:00,16927.9945,16929.55,16918.439000000002,16922.483500000002
2024-01-26 15:30:00+00:00,16923.0,16937.45,16922.5,16931.5
2024-01-26 15:35:00+00:00,16931.9835,16946.522,16931.511,16941.9945
2024-01-26 15:40:00+00:00,16942.5,16951.566499999997,16938.428,16949.4445
2024-01-26 15:45:00+00:00,16948.989,16952.0,16942.4445,16942.4445
2024-01-26 15:50:00+00:00,16943.5,16956.55,16943.489,16956.0
2024-01-26 15:55:00+00:00,16956.5055,16958.560999999998,16949.428,16953.566499999997
2024-01-26 16:00:00+00:00,16952.9945,16956.560999999998,16944.516499999998,16946.5
2024-01-26 16:05:00+00:00,16945.4945,16954.516499999998,16941.4945,16951.566499999997
2024-01-26 16:10:00+00:00,16952.489,16953.5055,16945.439000000002,16946.011
2024-01-26 16:15:00+00:00,16945.572,16955.5165,16945.5055,16952.5055
2024-01-26 16:20:00+00:00,16953.511,16960.522,16950.5,16958.439000000002
2024-01-26 16:25:00+00:00,16959.489,16960.516499999998,16955.478,16959.511
2024-01-26 16:30:00+00:00,16959.566499999997,16964.522,16955.572,16961.5165
2024-01-26 16:35:00+00:00,16961.016499999998,16963.489,16948.5,16950.4945
2024-01-26 16:40:00+00:00,16951.439000000002,16955.5165,16950.45,16954.489
2024-01-26 16:45:00+00:00,16954.0,16955.5055,16950.5055,16955.4945
2024-01-26 16:50:00+00:00,16955.0555,16961.5165,16953.0,16959.4945
2024-01-26 16:55:00+00:00,16958.483500000002,16963.55,16957.478,16962.5055
2024-01-26 17:00:00+00:00,16961.928,16965.511,16961.428,16962.522
2024-01-26 17:05:00+00:00,16962.983500000002,16965.5555,16960.489,16961.483500000002
2024-01-26 17:10:00+00:00,16961.9835,16963.5055,16955.55,16962.5165
2024-01-26 17:15:00+00:00,16962.0,16963.566499999997,16960.511,16963.0165
2024-01-26 17:20:00+00:00,16962.439000000002,16964.516499999998,16958.0,16958.45
2024-01-26 17:25:00+00:00,16959.0055,16959.572,16954.5055,16958.066499999997
2024-01-26 17:30:00+00:00,16958.5,16958.5,16947.022,16947.022
2024-01-26 17:35:00+00:00,16946.81,16948.5,16932.9945,16937.011
2024-01-26 17:40:00+00:00,16936.439000000002,16940.5055,16934.5555,16938.5
2024-01-26 17:45:00+00:00,16938.0,16940.566499999997,16930.428,16930.428
2024-01-26 17:50:00+00:00,16931.522,16937.5,16929.439000000002,16936.489
2024-01-26 17:55:00+00:00,16937.0055,16937.0055,16932.428,16934.4945
2024-01-26 18:00:00+00:00,16934.238,16937.989,16929.45,16936.4945
2024-01-26 18:05:00+00:00,16935.989,16940.4945,16933.5,16939.433500000003
2024-01-26 18:10:00+00:00,16938.938000000002,16941.5,16937.4835,16937.5055
2024-01-26 18:15:00+00:00,16936.9945,16938.4945,16933.5,16934.55
2024-01-26 18:20:00+00:00,16934.933500000003,16943.060999999998,16934.4445,16942.5055
2024-01-26 18:25:00+00:00,16942.26,16945.0055,16939.489,16942.439000000002
2024-01-26 18:30:00+00:00,16943.5,16943.572,16937.95,16941.5
2024-01-26 18:35:00+00:00,16942.011,16942.560999999998,16937.483500000002,16938.928
2024-01-26 18:40:00+00:00,16938.478,16938.478,16928.439000000002,16932.4835
2024-01-26 18:45:00+00:00,16931.4945,16933.5055,16927.5,16930.439000000002
2024-01-26 18:50:00+00:00,16931.560999999998,16934.5055,16928.4445,16931.0
2024-01-26 18:55:00+00:00,16931.572,16938.5165,16929.4445,16938.5165
2024-01-26 19:00:00+00:00,16939.566499999997,16946.566499999997,16937.4835,16944.5
2024-01-26 19:05:00+00:00,16945.011,16946.55,16940.428,16942.5
2024-01-26 19:10:00+00:00,16941.933500000003,16943.4945,16939.439000000002,16941.478
2024-01-26 19:15:00+00:00,16941.05,16944.011,16939.489,16940.0
2024-01-26 19:20:00+00:00,16940.4945,16941.55,16936.428,16936.428
2024-01-26 19:25:00+00:00,16936.0,16939.4835,16935.439000000002,16937.560999999998
2024-01-26 19:30:00+00:00,16938.016499999998,16938.9835,16933.478,16935.55
2024-01-26 19:35:00+00:00,16936.566499999997,16941.5,16935.483500000002,16941.5
2024-01-26 19:40:00+00:00,16942.0555,16947.516499999998,16941.439000000002,16946.5055
2024-01-26 19:45:00+00:00,16945.928,16949.516499999998,16944.5,16947.489
2024-01-26 19:50:00+00:00,16948.0055,16953.4945,16947.95,16949.5165
2024-01-26 19:55:00+00:00,16948.95,16949.522,16943.489,16948.566499999997
2024-01-26 20:00:00+00:00,16949.566499999997,16949.566499999997,16943.439000000002,16944.072
2024-01-26 20:05:00+00:00,16943.5055,16946.066499999997,16940.983500000002,16941.5055
2024-01-26 20:10:00+00:00,16942.5,16945.511,16941.928,16945.0
2024-01-26 20:15:00+00:00,16944.433500000003,16946.572,16943.5,16943.572
2024-01-26 20:20:00+00:00,16943.011,16943.011,16933.516499999998,16938.489
2024-01-26 20:25:00+00:00,16939.011,16940.55,16932.989,16934.439000000002
2024-01-26 20:30:00+00:00,16935.011,16935.572,16931.4835,16934.5
2024-01-26 20:35:00+00:00,16934.011,16936.5555,16930.4945,16932.011
2024-01-26 20:40:00+00:00,16931.511,16935.572,16928.566499999997,16932.4945
2024-01-26 20:45:00+00:00,16933.0165,16938.016499999998,16930.95,16937.4945
2024-01-26 20:50:00+00:00,16936.489,16937.572,16933.478,16935.4445
2024-01-26 20:55:00+00:00,16936.489,16938.566499999997,16933.9945,16937.989
2024-01-29 00:00:00+00:00,16899.066499999997,16899.972,16897.289,16897.289
2024-01-29 00:05:00+00:00,16898.189000000002,16900.816499999997,16898.189000000002,16899.839
2024-01-29 00:10:00+00:00,16898.9445,16900.8165,16898.9445,16899.0055
2024-01-29 00:15:00+00:00,16919.989,16920.05,16907.9945,16913.989
2024-01-29 00:20:00+00:00,16913.95,16913.95,16911.05,16913.0165
2024-01-29 00:25:00+00:00,16912.45,16912.989,16905.5555,16905.5555
2024-01-29 00:30:00+00:00,16904.9445,16905.072,16899.983500000002,16900.511
2024-01-29 00:35:00+00:00,16900.9945,16901.072,16897.989,16899.572
2024-01-29 00:40:00+00:00,16899.939000000002,16902.433500000003,16893.5055,16894.55
2024-01-29 00:45:00+00:00,16894.060999999998,16899.0,16890.989,16896.5
2024-01-29 00:50:00+00:00,16896.0165,16899.516499999998,16895.9445,16898.522
2024-01-29 00:55:00+00:00,16899.5,16904.016499999998,16898.978,16901.516499999998
2024-01-29 01:00:00+00:00,16903.439000000002,16905.483500000002,16903.0,16905.483500000002
2024-01-29 01:05:00+00:00,16905.9945,16906.9945,16905.0,16905.4945
2024-01-29 01:10:00+00:00,16907.0,16913.05,16907.0,16911.9445
2024-01-29 01:15:00+00:00,16912.566499999997,16913.0055,16907.45,16910.5
2024-01-29 01:20:00+00:00,16910.0,16912.011,16903.5165,16909.5
2024-01-29 01:25:00+00:00,16910.4445,16917.572,16910.4445,16913.5165
2024-01-29 01:30:00+00:00,16913.95,16919.560999999998,16913.95,16918.433500000003
2024-01-29 01:35:00+00:00,16918.9945,16920.566499999997,16912.978,16917.516499999998
2024-01-29 01:40:00+00:00,16918.066499999997,16921.060999999998,16917.5055,16919.483500000002
2024-01-29 01:45:00+00:00,16919.928,16920.5055,16914.0,16914.4945
2024-01-29 01:50:00+00:00,16913.9445,16920.989,16909.9835,16914.939000000002
2024-01-29 01:55:00+00:00,16915.4945,16920.0,16915.483500000002,16916.978
2024-01-29 02:00:00+00:00,16916.771,16918.522,16913.0055,16913.5055
2024-01-29 02:05:00+00:00,16914.5,16915.489,16910.4945,16910.572
2024-01-29 02:10:00+00:00,16909.989,16910.5,16906.983500000002,16908.428
2024-01-29 02:15:00+00:00,16907.989,16909.560999999998,16905.433500000003,16905.433500000003
2024-01-29 02:20:00+00:00,16904.989,16906.5055,16900.983500000002,16906.066499999997
2024-01-29 02:25:00+00:00,16907.0055,16908.022,16905.928,16907.45
2024-01-29 02:30:00+00:00,16907.011,16907.566499999997,16904.428,16905.560999999998
2024-01-29 02:35:00+00:00,16905.5055,16905.5055,16902.4945,16903.989
2024-01-29 02:40:00+00:00,16903.5,16905.572,16902.428,16905.511
2024-01-29 02:45:00+00:00,16905.0,16905.5555,16903.0,16903.522
2024-01-29 02:50:00+00:00,16902.433500000003,16904.05,16902.428,16902.45
2024-01-29 02:55:00+00:00,16903.572,16907.566499999997,16902.483500000002,16907.566499999997
2024-01-29 03:00:00+00:00,16908.0,16914.072,16907.560999999998,16912.0055
2024-01-29 03:05:00+00:00,16911.5,16911.5055,16907.4945,16911.5055
2024-01-29 03:10:00+00:00,16910.4445,16914.5555,16910.4445,16913.511
2024-01-29 03:15:00+00:00,16912.45,16912.45,16905.0,16905.0055
2024-01-29 03:20:00+00:00,16905.511,16906.0165,16899.9835,16903.566499999997
2024-01-29 03:25:00+00:00,16902.428,16903.572,16900.9945,16902.5
2024-01-29 03:30:00+00:00,16901.95,16905.560999999998,16901.928,16902.5
2024-01-29 03:35:00+00:00,16902.05,16902.5,16899.5055,16900.489
2024-01-29 03:40:00+00:00,16901.0,16905.5,16899.9945,16905.5
2024-01-29 03:45:00+00:00,16904.933500000003,16905.5055,16902.428,16902.428
2024-01-29 03:50:00+00:00,16903.4945,16904.016499999998,16901.428,16901.489
2024-01-29 03:55:00+00:00,16902.0,16905.55,16902.0,16905.022
2024-01-29 04:00:00+00:00,16905.511,16906.566499999997,16903.9945,16904.4945
2024-01-29 04:05:00+00:00,16904.05,16905.4835,16903.978,16904.511
2024-01-29 04:10:00+00:00,16904.016499999998,16907.9945,16903.4445,16904.489
2024-01-29 04:15:00+00:00,16904.0055,16905.0055,16902.4445,16903.511
2024-01-29 04:20:00+00:00,16902.45,16905.5,16902.428,16905.433500000003
2024-01-29 04:25:00+00:00,16905.016499999998,16906.060999999998,16903.45,16904.439000000002
2024-01-29 04:30:00+00:00,16905.060999999998,16905.060999999998,16903.4445,16905.011
2024-01-29 04:35:00+00:00,16904.428,16905.5055,16904.428,16904.55
2024-01-29 04:40:00+00:00,16904.9945,16906.489,16902.9445,16905.4945
2024-01-29 04:45:00+00:00,16906.05,16906.5055,16905.439000000002,16905.4445
2024-01-29 04:50:00+00:00,16906.566499999997,16906.572,16904.511,16904.511
2024-01-29 04:55:00+00:00,16902.4945,16903.5555,16901.483500000002,16901.5055
2024-01-29 05:00:00+00:00,16902.0055,16906.511,16902.0055,16905.011
2024-01-29 05:05:00+00:00,16904.5165,16904.5555,16899.5,16900.478
2024-01-29 05:10:00+00:00,16899.989,16903.072,16899.928,16901.489
2024-01-29 05:15:00+00:00,16901.0055,16902.522,16899.511,16901.4945
2024-01-29 05:20:00+00:00,16901.983500000002,16902.5,16898.9445,16899.433500000003
2024-01-29 05:25:00+00:00,16899.95,16904.572,16899.439000000002,16902.55
2024-01-29 05:30:00+00:00,16902.983500000002,16906.933500000003,16902.983500000002,16905.55
2024-01-29 05:35:00+00:00,16906.05,16907.560999999998,16904.433500000003,16907.560999999998
2024-01-29 05:40:00+00:00,16910.5,16910.560999999998,16905.0555,16906.4835
2024-01-29 05:45:00+00:00,16905.9945,16907.072,16904.9835,16905.5055
2024-01-29 05:50:00+00:00,16906.022,16906.9945,16904.9945,16905.428
2024-01-29 05:55:00+00:00,16906.011,16907.5055,16904.9945,16906.9835
2024-01-29 06:00:00+00:00,16910.4445,16910.511,16906.05,16907.5165
2024-01-29 06:05:00+00:00,16908.4945,16913.511,16907.5,16912.0055
2024-01-29 06:10:00+00:00,16912.489,16912.566499999997,16909.4945,16910.4945
2024-01-29 06:15:00+00:00,16911.5055,16915.5165,16911.5055,16914.5055
2024-01-29 06:20:00+00:00,16913.9945,16914.572,16909.5055,16910.5
2024-01-29 06:25:00+00:00,16910.0,16910.516499999998,16905.011,16906.0055
2024-01-29 06:30:00+00:00,16905.4945,16912.0,16904.439000000002,16911.5055
2024-01-29 06:35:00+00:00,16911.066499999997,16912.0,16906.983500000002,16907.4945
2024-01-29 06:40:00+00:00,16906.489,16909.0055,16906.439000000002,16907.5055
2024-01-29 06:45:00+00:00,16908.066499999997,16916.022,16907.522,16915.95
2024-01-29 06:50:00+00:00,16915.522,16919.0055,16913.4445,16917.45
2024-01-29 06:55:00+00:00,16918.0,16918.0,16912.9835,16914.066499999997
2024-01-29 07:00:00+00:00,16913.427000000003,16920.060999999998,16907.95,16920.060999999998
2024-01-29 07:05:00+00:00,16919.011,16925.55,16916.489,16916.489
2024-01-29 07:10:00+00:00,16916.177000000003,16917.022,16909.0,16916.5
2024-01-29 07:15:00+00:00,16916.0,16924.5165,16916.0,16922.0
2024-01-29 07:20:00+00:00,16921.55,16926.95,16919.0,16924.489
2024-01-29 07:25:00+00:00,16925.0055,16926.478,16918.933500000003,16926.0
2024-01-29 07:30:00+00:00,16925.5055,16927.933500000003,16918.9945,16919.0055
2024-01-29 07:35:00+00:00,16919.9945,16921.011,16917.933500000003,16918.9945
2024-01-29 07:40:00+00:00,16918.5055,16919.011,16916.928,16918.5
2024-01-29 07:45:00+00:00,16918.933500000003,16920.022,16912.0,16912.9945
2024-01-29 07:50:00+00:00,16913.511,16917.0055,16911.011,16912.0055
2024-01-29 07:55:00+00:00,16912.439000000002,16920.0,16910.9835,16914.5165
2024-01-29 08:00:00+00:00,16915.0055,16925.511,16911.9945,16924.428
2024-01-29 08:05:00+00:00,16924.989,16926.05,16906.0055,16914.5
2024-01-29 08:10:00+00:00,16914.066499999997,16918.011,16908.011,16912.439000000002
2024-01-29 08:15:00+00:00,16912.0,16914.478,16905.011,16907.428
2024-01-29 08:20:00+00:00,16906.939000000002,16917.0,16903.978,16914.0
2024-01-29 08:25:00+00:00,16913.5,16919.483500000002,16906.9445,16907.4445
2024-01-29 08:30:00+00:00,16907.9945,16919.0165,16906.9945,16919.0
2024-01-29 08:35:00+00:00,16918.101000000002,16918.566499999997,16903.939000000002,16914.5165
2024-01-29 08:40:00+00:00,16913.933500000003,16915.0,16904.0555,16906.989
2024-01-29 08:45:00+00:00,16906.0,16908.0,16896.0,16898.989
2024-01-29 08:50:00+00:00,16898.701,16899.0055,16886.0,16889.5
2024-01-29 08:55:00+00:00,16889.060999999998,16893.011,16878.933500000003,16878.9945
2024-01-29 09:00:00+00:00,16879.439000000002,16892.9445,16877.95,16886.55
2024-01-29 09:05:00+00:00,16886.0,16896.022,16882.9835,16894.511
2024-01-29 09:10:00+00:00,16894.072,16899.9945,16885.9445,16887.072
2024-01-29 09:15:00+00:00,16886.45,16887.983500000002,16872.0055,16875.5055
2024-01-29 09:20:00+00:00,16875.234,16883.011,16873.989,16876.022
2024-01-29 09:25:00+00:00,16876.989,16881.5055,16868.9835,16875.478
2024-01-29 09:30:00+00:00,16875.101000000002,16877.978,16865.9445,16874.5555
2024-01-29 09:35:00+00:00,16873.989,16883.9835,16869.0,16873.022
2024-01-29 09:40:00+00:00,16872.060999999998,16872.060999999998,16861.0055,16866.4945
2024-01-29 09:45:00+00:00,16866.939000000002,16876.0555,16866.939000000002,16876.0555
2024-01-29 09:50:00+00:00,16875.022,16875.066499999997,16857.933500000003,16860.0
2024-01-29 09:55:00+00:00,16859.522,16871.0055,16858.9945,16870.522
2024-01-29 10:00:00+00:00,16870.212,16877.011,16859.5,16875.478
2024-01-29 10:05:00+00:00,16874.978,16879.072,16871.4835,16875.9945
2024-01-29 10:10:00+00:00,16876.5,16881.989,16871.9445,16875.522
2024-01-29 10:15:00+00:00,16875.05,16881.0555,16870.0,16871.4945
2024-01-29 10:20:00+00:00,16870.933500000003,16876.066499999997,16870.933500000003,16874.5165
2024-01-29 10:25:00+00:00,16874.933500000003,16882.5055,16870.989,16878.978
2024-01-29 10:30:00+00:00,16878.55,16879.0165,16871.0165,16872.4945
2024-01-29 10:35:00+00:00,16872.05,16875.011,16868.9445,16874.5
2024-01-29 10:40:00+00:00,16874.0,16883.060999999998,16873.933500000003,16882.516499999998
2024-01-29 10:45:00+00:00,16883.011,16886.016499999998,16880.933500000003,16885.0165
2024-01-29 10:50:00+00:00,16883.978,16885.05,16878.0,16879.5165
2024-01-29 10:55:00+00:00,16880.0055,16888.060999999998,16879.016499999998,16886.022
2024-01-29 11:00:00+00:00,16886.989,16888.072,16875.9945,16881.4945
2024-01-29 11:05:00+00:00,16881.933500000003,16889.9945,16880.928,16884.0555
2024-01-29 11:10:00+00:00,16884.5,16890.989,16879.978,16890.060999999998
2024-01-29 11:15:00+00:00,16890.560999999998,16893.072,16886.066499999997,16891.0
2024-01-29 11:20:00+00:00,16891.9835,16893.016499999998,16887.011,16891.4945
2024-01-29 11:25:00+00:00,16891.0,16893.066499999997,16888.989,16891.522
2024-01-29 11:30:00+00:00,16892.0,16892.0,16886.939000000002,16889.011
2024-01-29 11:35:00+00:00,16888.601000000002,16891.011,16883.928,16891.011
2024-01-29 11:40:00+00:00,16890.5055,16891.060999999998,16884.95,16888.0
2024-01-29 11:45:00+00:00,16888.478,16892.989,16886.45,16886.989
2024-01-29 11:50:00+00:00,16887.489,16891.060999999998,16886.9945,16889.0165
2024-01-29 11:55:00+00:00,16888.511,16892.0055,16879.4945,16881.0165
2024-01-29 12:00:00+00:00,16881.4945,16888.928,16881.4945,16888.0
2024-01-29 12:05:00+00:00,16888.5,16888.5,16879.95,16884.9945
2024-01-29 12:10:00+00:00,16884.4945,16885.016499999998,16875.9445,16876.933500000003
2024-01-29 12:15:00+00:00,16877.566499999997,16881.072,16871.9945,16875.5
2024-01-29 12:20:00+00:00,16875.9445,16878.0,16869.978,16871.9945
2024-01-29 12:25:00+00:00,16872.928,16883.0,16872.5,16879.5
2024-01-29 12:30:00+00:00,16878.516499999998,16880.5,16874.4945,16877.4835
2024-01-29 12:35:00+00:00,16876.9835,16879.9445,16870.478,16879.4945
2024-01-29 12:40:00+00:00,16879.066499999997,16880.5055,16874.428,16875.5
2024-01-29 12:45:00+00:00,16876.0555,16879.566499999997,16866.95,16867.5055
2024-01-29 12:50:00+00:00,16866.989,16868.516499999998,16860.5165,16865.9445
2024-01-29 12:55:00+00:00,16866.4945,16870.9945,16863.489,16864.9945
2024-01-29 13:00:00+00:00,16864.601000000002,16874.489,16864.433500000003,16871.05
2024-01-29 13:05:00+00:00,16870.4445,16875.0055,16868.05,16870.516499999998
2024-01-29 13:10:00+00:00,16871.0055,16873.572,16867.4945,16872.0
2024-01-29 13:15:00+00:00,16871.478,16874.55,16868.478,16869.511
2024-01-29 13:20:00+00:00,16868.433500000003,16872.55,16863.489,16865.066499999997
2024-01-29 13:25:00+00:00,16864.55,16874.489,16864.072,16870.989
2024-01-29 13:30:00+00:00,16870.601000000002,16876.566499999997,16868.5,16872.5055
2024-01-29 13:35:00+00:00,16871.55,16877.489,16870.4835,16876.939000000002
2024-01-29 13:40:00+00:00,16876.4945,16880.55,16868.478,16868.9945
2024-01-29 13:45:00+00:00,16868.4945,16877.439000000002,16867.489,16868.011
2024-01-29 13:50:00+00:00,16868.5055,16877.5055,16867.989,16877.0165
2024-01-29 13:55:00+00:00,16876.4835,16880.572,16875.4945,16878.5
2024-01-29 14:00:00+00:00,16879.5055,16879.5055,16873.511,16878.4945
2024-01-29 14:05:00+00:00,16879.45,16892.439000000002,16879.0055,16887.511
2024-01-29 14:10:00+00:00,16888.4835,16889.5,16881.4945,16884.55
2024-01-29 14:15:00+00:00,16885.016499999998,16893.05,16883.489,16891.5
2024-01-29 14:20:00+00:00,16892.0055,16900.560999999998,16890.4945,16895.5555
2024-01-29 14:25:00+00:00,16896.072,16901.5555,16895.5,16900.939000000002
2024-01-29 14:30:00+00:00,16901.4945,16907.5555,16896.478,16904.433500000003
2024-01-29 14:35:00+00:00,16904.0,16915.5555,16904.0,16911.5055
2024-01-29 14:40:00+00:00,16912.4945,16924.4445,16910.433500000003,16921.4945
2024-01-29 14:45:00+00:00,16922.066499999997,16924.5,16913.5555,16924.011
2024-01-29 14:50:00+00:00,16924.439000000002,16930.572,16921.5055,16929.489
2024-01-29 14:55:00+00:00,16930.5555,16933.522,16918.483500000002,16921.560999999998
2024-01-29 15:00:00+00:00,16922.5,16923.560999999998,16909.4445,16913.5055
2024-01-29 15:05:00+00:00,16913.928,16923.489,16913.478,16923.4835
2024-01-29 15:10:00+00:00,16924.05,16926.5,16920.5,16926.433500000003
2024-01-29 15:15:00+00:00,16925.566499999997,16929.4945,16923.489,16924.560999999998
2024-01-29 15:20:00+00:00,16923.9945,16927.45,16917.5,16920.511
2024-01-29 15:25:00+00:00,16921.0165,16923.522,16914.516499999998,16920.511
2024-01-29 15:30:00+00:00,16921.433500000003,16924.478,16906.516499999998,16914.95
2024-01-29 15:35:00+00:00,16914.560999999998,16929.4945,16912.511,16927.0555
2024-01-29 15:40:00+00:00,16927.5,16929.5,16920.489,16923.5055
2024-01-29 15:45:00+00:00,16924.0055,16928.4835,16920.5055,16921.55
2024-01-29 15:50:00+00:00,16920.433500000003,16926.022,16913.45,16925.4945
2024-01-29 15:55:00+00:00,16925.0055,16927.522,16915.928,16919.9945
2024-01-29 16:00:00+00:00,16920.5,16927.0,16919.5055,16924.478
2024-01-29 16:05:00+00:00,16925.4835,16926.516499999998,16920.5,16924.5055
2024-01-29 16:10:00+00:00,16924.989,16936.566499999997,16924.4445,16935.0055
2024-01-29 16:15:00+00:00,16934.428,16937.4835,16931.989,16935.5
2024-01-29 16:20:00+00:00,16935.933500000003,16937.511,16927.5,16928.4945
2024-01-29 16:25:00+00:00,16929.433500000003,16938.5,16926.439000000002,16936.439000000002
2024-01-29 16:30:00+00:00,16937.5055,16942.5055,16936.489,16941.428
2024-01-29 16:35:00+00:00,16941.939000000002,16945.572,16939.4945,16943.516499999998
2024-01-29 16:40:00+00:00,16943.989,16945.9945,16942.0,16945.572
2024-01-29 16:45:00+00:00,16946.0,16948.55,16941.489,16941.511
2024-01-29 16:50:00+00:00,16942.016499999998,16944.5055,16940.060999999998,16943.5
2024-01-29 16:55:00+00:00,16942.489,16942.511,16939.433500000003,16940.5
2024-01-29 17:00:00+00:00,16940.928,16941.5055,16936.489,16936.489
2024-01-29 17:05:00+00:00,16935.5,16937.5055,16931.433500000003,16931.433500000003
2024-01-29 17:10:00+00:00,16932.511,16934.522,16930.489,16931.5
2024-01-29 17:15:00+00:00,16930.478,16933.5,16928.439000000002,16929.5
2024-01-29 17:20:00+00:00,16929.0,16933.5055,16927.439000000002,16932.560999999998
2024-01-29 17:25:00+00:00,16931.9445,16934.55,16930.5165,16933.4945
2024-01-29 17:30:00+00:00,16934.0,16936.572,16932.572,16934.5055
2024-01-29 17:35:00+00:00,16934.016499999998,16937.5165,16934.016499999998,16937.516499999998
2024-01-29 17:40:00+00:00,16937.433500000003,16937.572,16932.45,16932.566499999997
2024-01-29 17:45:00+00:00,16933.5,16933.5,16928.4445,16929.489
2024-01-29 17:50:00+00:00,16929.011,16933.072,16928.478,16932.4445
2024-01-29 17:55:00+00:00,16933.0055,16937.5055,16932.478,16935.489
2024-01-29 18:00:00+00:00,16935.989,16936.016499999998,16929.4945,16931.5555
2024-01-29 18:05:00+00:00,16932.433500000003,16935.0055,16930.928,16934.428
2024-01-29 18:10:00+00:00,16933.933500000003,16934.566499999997,16931.928,16934.05
2024-01-29 18:15:00+00:00,16934.5165,16934.572,16929.939000000002,16930.566499999997
2024-01-29 18:20:00+00:00,16929.5055,16933.4945,16929.45,16932.511
2024-01-29 18:25:00+00:00,16932.9445,16934.511,16932.433500000003,16933.5
2024-01-29 18:30:00+00:00,16933.0055,16934.572,16932.439000000002,16933.4945
2024-01-29 18:35:00+00:00,16934.016499999998,16935.566499999997,16933.5055,16935.0
2024-01-29 18:40:00+00:00,16934.4945,16937.5165,16934.4945,16936.4945
2024-01-29 18:45:00+00:00,16937.0,16937.572,16936.4945,16937.511
2024-01-29 18:50:00+00:00,16937.0055,16937.0055,16930.45,16931.489
2024-01-29 18:55:00+00:00,16931.95,16932.5,16930.439000000002,16931.066499999997
2024-01-29 19:00:00+00:00,16931.5,16934.560999999998,16929.4445,16933.478
2024-01-29 19:05:00+00:00,16934.016499999998,16936.511,16934.0,16936.511
2024-01-29 19:10:00+00:00,16936.9835,16942.522,16935.9945,16941.511
2024-01-29 19:15:00+00:00,16942.011,16944.560999999998,16939.5555,16940.483500000002
2024-01-29 19:20:00+00:00,16940.011,16944.566499999997,16940.011,16944.0055
2024-01-29 19:25:00+00:00,16944.4945,16945.5555,16942.939000000002,16944.572
2024-01-29 19:30:00+00:00,16945.0,16946.483500000002,16941.4835,16943.428
2024-01-29 19:35:00+00:00,16944.022,16947.560999999998,16943.4445,16946.0
2024-01-29 19:40:00+00:00,16946.5,16949.572,16946.0055,16948.516499999998
2024-01-29 19:45:00+00:00,16948.2435,16949.566499999997,16944.5,16944.5
2024-01-29 19:50:00+00:00,16944.989,16947.560999999998,16944.483500000002,16945.5
2024-01-29 19:55:00+00:00,16945.066499999997,16950.4945,16944.95,16948.0055
2024-01-29 20:00:00+00:00,16948.4945,16967.0,16948.4945,16965.428
2024-01-29 20:05:00+00:00,16964.9945,16974.511,16963.4945,16966.560999999998
2024-01-29 20:10:00+00:00,16966.939000000002,16973.5165,16966.439000000002,16970.522
2024-01-29 20:15:00+00:00,16970.983500000002,16984.0,16970.5165,16984.0
2024-01-29 20:20:00+00:00,16984.572,16994.5,16984.5,16994.4945
2024-01-29 20:25:00+00:00,16996.428,17004.989,16993.511,16994.5
2024-01-29 20:30:00+00:00,16995.489,17001.560999999998,16994.5,16997.4835
2024-01-29 20:35:00+00:00,16998.489,16999.072,16990.4445,16991.428
2024-01-29 20:40:00+00:00,16990.566499999997,16994.560999999998,16990.011,16993.022
2024-01-29 20:45:00+00:00,16992.5055,16992.5055,16985.4945,16988.489
2024-01-29 20:50:00+00:00,16989.511,16996.5,16987.489,16991.9945
2024-01-29 20:55:00+00:00,16991.4445,16996.478,16991.0055,16994.5
2024-01-29 21:00:00+00:00,16994.066499999997,16996.2,16978.411,16978.411
2024-01-29 21:05:00+00:00,16979.2055,16982.716500000002,16975.8055,16977.45
2024-01-29 21:10:00+00:00,16976.772,16986.472,16976.772,16986.389000000003
2024-01-29 23:00:00+00:00,16989.8835,16998.5055,16985.211,16997.7555
2024-01-29 23:05:00+00:00,16998.428,17001.116499999996,16997.6835,16998.516499999998
2024-01-29 23:10:00+00:00,16998.9945,17000.3,16993.394500000002,16995.178
2024-01-29 23:15:00+00:00,16994.849,16996.1665,16993.5,16994.778
2024-01-29 23:20:00+00:00,16994.378,16998.7055,16994.378,16996.728
2024-01-29 23:25:00+00:00,16998.428,16999.394500000002,16997.65,16998.122
2024-01-29 23:30:00+00:00,16997.7,16999.4,16996.789,16996.789
2024-01-29 23:35:00+00:00,16996.0,16996.0,16996.0,16996.0
2024-01-29 23:40:00+00:00,16995.989,16996.8,16992.5,16992.5
2024-01-29 23:45:00+00:00,16991.605499999998,16994.222,16990.789,16993.4
2024-01-29 23:50:00+00:00,16992.483500000002,16993.4055,16992.483500000002,16992.522
2024-01-29 23:55:00+00:00,16992.9165,16995.116499999996,16992.9165,16995.105499999998
2024-01-30 00:00:00+00:00,16994.716500000002,16996.060999999998,16992.489,16995.4555
2024-01-30 00:05:00+00:00,16995.789,16996.2165,16992.7835,16992.8
2024-01-30 00:10:00+00:00,16991.1,16994.5055,16990.1945,16993.55
2024-01-30 00:15:00+00:00,16985.5555,17000.95,16985.5555,17000.5
2024-01-30 00:20:00+00:00,17000.489,17009.439000000002,17000.489,17007.4835
2024-01-30 00:25:00+00:00,17007.9945,17010.0,17006.511,17006.511
2024-01-30 00:30:00+00:00,17005.95,17007.522,17003.560999999998,17005.522
2024-01-30 00:35:00+00:00,17004.522,17004.522,17003.0555,17003.5
2024-01-30 00:40:00+00:00,17003.0,17003.95,17000.489,17001.016499999998
2024-01-30 00:45:00+00:00,17000.749,17004.95,16999.478,17002.4445
2024-01-30 00:50:00+00:00,17002.0,17002.0,16998.428,16999.0055
2024-01-30 00:55:00+00:00,16998.428,16999.5,16996.5,16997.489
2024-01-30 01:00:00+00:00,16998.0,17000.0055,16995.4945,16998.516499999998
2024-01-30 01:05:00+00:00,16998.011,17004.011,16996.933500000003,17004.011
2024-01-30 01:10:00+00:00,17004.5,17007.5055,17003.4945,17004.933500000003
2024-01-30 01:15:00+00:00,17005.4445,17005.511,17000.433500000003,17002.511
2024-01-30 01:20:00+00:00,17001.5,17003.566499999997,17001.0,17002.4945
2024-01-30 01:25:00+00:00,17001.428,17006.011,16999.5,17004.928
2024-01-30 01:30:00+00:00,17004.522,17004.522,16998.939000000002,17003.511
2024-01-30 01:35:00+00:00,17004.0,17004.5,17000.4945,17003.5055
2024-01-30 01:40:00+00:00,17003.0,17003.489,16995.45,16996.4945
2024-01-30 01:45:00+00:00,16996.9445,17001.0055,16995.928,17000.4945
2024-01-30 01:50:00+00:00,17001.5,17002.511,16999.483500000002,17000.4445
2024-01-30 01:55:00+00:00,17000.0055,17001.5055,16997.511,16997.5165
2024-01-30 02:00:00+00:00,16997.060999999998,16997.060999999998,16992.428,16996.522
2024-01-30 02:05:00+00:00,16995.9945,16998.5055,16995.5555,16997.483500000002
2024-01-30 02:10:00+00:00,16998.4945,17000.5055,16996.511,17000.066499999997
2024-01-30 02:15:00+00:00,16999.511,17000.5,16997.428,16998.0055
2024-01-30 02:20:00+00:00,16997.478,17001.489,16997.0,16998.5
2024-01-30 02:25:00+00:00,16998.989,17000.0555,16995.433500000003,16996.5
2024-01-30 02:30:00+00:00,16996.0,16999.516499999998,16995.4945,16997.4945
2024-01-30 02:35:00+00:00,16998.060999999998,17000.5165,16996.489,16999.511
2024-01-30 02:40:00+00:00,16998.989,17000.572,16998.483500000002,17000.5
2024-01-30 02:45:00+00:00,17000.016499999998,17002.4945,16999.516499999998,17001.5055
2024-01-30 02:50:00+00:00,17001.9945,17002.560999999998,16999.4945,17001.5165
2024-01-30 02:55:00+00:00,17002.0055,17002.0055,16998.0,17000.9945
2024-01-30 03:00:00+00:00,17000.5,17001.5,16998.989,17000.4445
2024-01-30 03:05:00+00:00,17000.060999999998,17002.566499999997,16999.939000000002,17001.5
2024-01-30 03:10:00+00:00,17001.0,17001.4945,16997.4945,16997.55
2024-01-30 03:15:00+00:00,16997.928,17000.5,16997.5055,16999.511
2024-01-30 03:20:00+00:00,16998.5,16999.483500000002,16995.9445,16998.4945
2024-01-30 03:25:00+00:00,16998.0,17002.4945,16997.5055,17000.5
2024-01-30 03:30:00+00:00,17001.572,17001.572,16994.516499999998,16998.516499999998
2024-01-30 03:35:00+00:00,16999.522,16999.566499999997,16996.4835,16997.4945
2024-01-30 03:40:00+00:00,16998.560999999998,17000.0,16997.433500000003,16999.489
2024-01-30 03:45:00+00:00,16999.011,16999.011,16995.5055,16996.516499999998
2024-01-30 03:50:00+00:00,16995.9945,16997.5555,16992.572,16992.572
2024-01-30 03:55:00+00:00,16992.0055,16993.0,16990.0,16990.5
2024-01-30 04:00:00+00:00,16991.0055,16992.9945,16989.928,16992.9945
2024-01-30 04:05:00+00:00,16992.516499999998,16992.9835,16991.439000000002,16992.05
2024-01-30 04:10:00+00:00,16992.439000000002,16997.478,16992.439000000002,16997.0
2024-01-30 04:15:00+00:00,16997.4945,16998.072,16996.928,16997.4445
2024-01-30 04:20:00+00:00,16998.511,17000.566499999997,16998.511,17000.55
2024-01-30 04:25:00+00:00,16999.95,17000.566499999997,16997.45,16999.0165
2024-01-30 04:30:00+00:00,16998.5,17001.511,16998.011,17000.5
2024-01-30 04:35:00+00:00,17001.011,17001.011,16997.0,16997.5
2024-01-30 04:40:00+00:00,16996.989,16997.572,16995.9945,16996.0
2024-01-30 04:45:00+00:00,16995.4945,16996.983500000002,16994.989,16995.5
2024-01-30 04:50:00+00:00,16995.9945,16996.978,16994.928,16995.5
2024-01-30 04:55:00+00:00,16995.9445,16996.011,16995.428,16995.428
2024-01-30 05:00:00+00:00,16996.022,16997.522,16994.439000000002,16997.0
2024-01-30 05:05:00+00:00,16996.5165,16998.022,16995.45,16997.5
2024-01-30 05:10:00+00:00,16997.016499999998,16998.989,16996.483500000002,16997.4945
2024-01-30 05:15:00+00:00,16997.0,16998.566499999997,16996.4945,16997.560999999998
2024-01-30 05:20:00+00:00,16997.9945,17000.928,16997.011,17000.5
2024-01-30 05:25:00+00:00,16999.9835,17004.560999999998,16999.4945,17004.560999999998
2024-01-30 05:30:00+00:00,17005.5,17007.5,17003.011,17005.989
2024-01-30 05:35:00+00:00,17006.5055,17008.489,17005.433500000003,17005.9835
2024-01-30 05:40:00+00:00,17006.45,17009.5555,17004.5055,17006.0055
2024-01-30 05:45:00+00:00,17005.5555,17007.4945,17005.428,17006.45
2024-01-30 05:50:00+00:00,17006.0555,17007.0,17001.4945,17001.4945
2024-01-30 05:55:00+00:00,17002.4945,17003.522,17000.978,17002.478
2024-01-30 06:00:00+00:00,17001.439000000002,17006.011,17001.439000000002,17006.0
2024-01-30 06:05:00+00:00,17005.566499999997,17005.9945,17002.4445,17003.4945
2024-01-30 06:10:00+00:00,17003.939000000002,17004.489,17001.489,17002.511
2024-01-30 06:15:00+00:00,17002.933500000003,17002.933500000003,16998.9945,16999.4945
2024-01-30 06:20:00+00:00,16998.478,16998.478,16993.9945,16995.0055
2024-01-30 06:25:00+00:00,16994.5,16997.5555,16991.939000000002,16996.55
2024-01-30 06:30:00+00:00,16997.066499999997,16999.989,16993.5,16996.066499999997
2024-01-30 06:35:00+00:00,16995.5055,17000.560999999998,16995.428,16995.5
2024-01-30 06:40:00+00:00,16994.939000000002,16997.9945,16985.9835,16986.5555
2024-01-30 06:45:00+00:00,16987.0,16987.066499999997,16983.928,16984.489
2024-01-30 06:50:00+00:00,16985.011,16986.978,16983.022,16983.439000000002
2024-01-30 06:55:00+00:00,16983.939000000002,16986.5,16982.9835,16985.4445
2024-01-30 07:00:00+00:00,16984.9945,16994.522,16981.55,16990.433500000003
2024-01-30 07:05:00+00:00,16989.5,16991.522,16987.9945,16989.5
2024-01-30 07:10:00+00:00,16989.9945,16992.0555,16982.989,16983.5055
2024-01-30 07:15:00+00:00,16983.0165,16991.511,16982.489,16987.4945
2024-01-30 07:20:00+00:00,16987.95,16993.0,16987.483500000002,16990.983500000002
2024-01-30 07:25:00+00:00,16988.9835,16992.0055,16986.478,16991.9945
2024-01-30 07:30:00+00:00,16993.066499999997,16996.5055,16992.011,16995.011
2024-01-30 07:35:00+00:00,16996.0,16996.489,16988.933500000003,16994.066499999997
2024-01-30 07:40:00+00:00,16994.566499999997,17001.0555,16993.978,16998.566499999997
2024-01-30 07:45:00+00:00,16998.9445,17001.433500000003,16995.9835,16996.4945
2024-01-30 07:50:00+00:00,16996.9445,17006.0,16993.989,17005.478
2024-01-30 07:55:00+00:00,17006.022,17013.072,17003.9835,17006.928
2024-01-30 08:00:00+00:00,17007.0,17016.483500000002,16987.4945,16995.0
2024-01-30 08:05:00+00:00,16994.060999999998,17001.5165,16978.4945,16980.4945
2024-01-30 08:10:00+00:00,16981.0055,16982.511,16956.978,16956.989
2024-01-30 08:15:00+00:00,16956.4445,16973.072,16956.4445,16968.5555
2024-01-30 08:20:00+00:00,16967.511,16972.072,16956.5055,16964.022
2024-01-30 08:25:00+00:00,16965.0165,16967.0555,16953.5055,16961.0165
2024-01-30 08:30:00+00:00,16961.560999999998,16981.0055,16960.928,16981.0055
2024-01-30 08:35:00+00:00,16980.0,16984.0055,16972.989,16982.5555
2024-01-30 08:40:00+00:00,16982.928,16983.0165,16966.4445,16975.5
2024-01-30 08:45:00+00:00,16974.9445,16979.9445,16959.9835,16959.9945
2024-01-30 08:50:00+00:00,16960.433500000003,16964.05,16955.0,16956.989
2024-01-30 08:55:00+00:00,16957.5055,16971.016499999998,16957.5055,16965.489
2024-01-30 09:00:00+00:00,16964.9945,16969.55,16953.978,16963.522
2024-01-30 09:05:00+00:00,16963.0,16976.428,16961.9945,16976.428
2024-01-30 09:10:00+00:00,16975.9945,16978.066499999997,16963.489,16968.9445
2024-01-30 09:15:00+00:00,16970.011,16971.9945,16953.989,16953.989
2024-01-30 09:20:00+00:00,16954.5,16965.560999999998,16949.489,16957.4945
2024-01-30 09:25:00+00:00,16958.4945,16958.9945,16948.4445,16953.0
2024-01-30 09:30:00+00:00,16952.0055,16966.9945,16951.989,16964.511
2024-01-30 09:35:00+00:00,16963.55,16963.55,16956.989,16957.0
2024-01-30 09:40:00+00:00,16957.983500000002,16966.011,16954.566499999997,16965.4945
2024-01-30 09:45:00+00:00,16965.0,16967.0165,16959.511,16963.0
2024-01-30 09:50:00+00:00,16963.5,16967.0055,16959.4945,16962.022
2024-01-30 09:55:00+00:00,16962.560999999998,16968.060999999998,16961.0,16964.989
2024-01-30 10:00:00+00:00,16964.0,16967.0165,16960.989,16966.0
2024-01-30 10:05:00+00:00,16965.011,16967.011,16954.933500000003,16960.5555
2024-01-30 10:10:00+00:00,16961.489,16965.566499999997,16959.928,16962.011
2024-01-30 10:15:00+00:00,16962.95,16975.016499999998,16961.989,16973.4945
2024-01-30 10:20:00+00:00,16973.9945,16975.011,16962.0055,16963.0055
2024-01-30 10:25:00+00:00,16964.0165,16974.022,16964.0165,16969.572
2024-01-30 10:30:00+00:00,16970.0055,16979.011,16965.4945,16978.933500000003
2024-01-30 10:35:00+00:00,16980.0055,16983.066499999997,16976.939000000002,16977.0055
2024-01-30 10:40:00+00:00,16977.4945,16977.4945,16971.939000000002,16972.072
2024-01-30 10:45:00+00:00,16973.0055,16973.0055,16964.522,16969.0055
2024-01-30 10:50:00+00:00,16970.4945,16973.0,16958.9445,16964.511
2024-01-30 10:55:00+00:00,16964.0,16971.022,16961.011,16970.011
2024-01-30 11:00:00+00:00,16969.489,16971.0,16962.0,16965.45
2024-01-30 11:05:00+00:00,16966.0055,16968.0,16958.0,16966.011
2024-01-30 11:10:00+00:00,16965.0,16969.0,16961.933500000003,16964.9945
2024-01-30 11:15:00+00:00,16964.489,16971.0,16963.983500000002,16965.983500000002
2024-01-30 11:20:00+00:00,16967.072,16968.5,16959.0,16960.939000000002
2024-01-30 11:25:00+00:00,16960.511,16963.983500000002,16957.5,16963.0
2024-01-30 11:30:00+00:00,16963.5,16976.011,16962.933500000003,16971.483500000002
2024-01-30 11:35:00+00:00,16972.066499999997,16973.060999999998,16966.0,16969.989
2024-01-30 11:40:00+00:00,16969.516499999998,16970.55,16966.9945,16969.4945
2024-01-30 11:45:00+00:00,16970.011,16974.928,16967.95,16974.428
2024-01-30 11:50:00+00:00,16973.95,16980.9835,16973.95,16980.489
2024-01-30 11:55:00+00:00,16980.933500000003,16981.0055,16974.9445,16980.016499999998
2024-01-30 12:00:00+00:00,16980.0,16986.989,16978.0,16982.9835
2024-01-30 12:05:00+00:00,16984.072,16984.983500000002,16975.9445,16977.060999999998
2024-01-30 12:10:00+00:00,16978.0055,16979.5055,16971.95,16977.016499999998
2024-01-30 12:15:00+00:00,16977.483500000002,16977.5055,16970.928,16973.511
2024-01-30 12:20:00+00:00,16974.0055,16975.560999999998,16969.9445,16970.0
2024-01-30 12:25:00+00:00,16969.566499999997,16977.983500000002,16967.978,16976.0055
2024-01-30 12:30:00+00:00,16974.989,16976.0,16967.989,16969.522
2024-01-30 12:35:00+00:00,16969.101000000002,16969.101000000002,16961.939000000002,16963.9835
2024-01-30 12:40:00+00:00,16963.4945,16963.572,16954.011,16954.9945
2024-01-30 12:45:00+00:00,16956.072,16963.0,16953.4945,16959.511
2024-01-30 12:50:00+00:00,16959.011,16965.0055,16959.011,16963.072
2024-01-30 12:55:00+00:00,16963.4835,16966.011,16959.0,16961.939000000002
2024-01-30 13:00:00+00:00,16963.0555,16965.016499999998,16950.016499999998,16953.928
2024-01-30 13:05:00+00:00,16954.989,16962.011,16953.0,16956.0
2024-01-30 13:10:00+00:00,16956.5055,16956.5055,16946.5055,16954.072
2024-01-30 13:15:00+00:00,16953.245000000003,16960.9835,16949.45,16960.05
2024-01-30 13:20:00+00:00,16960.511,16962.0055,16949.9945,16950.0
2024-01-30 13:25:00+00:00,16950.5,16963.9945,16950.5,16960.4945
2024-01-30 13:30:00+00:00,16961.0,16973.0055,16959.0,16968.989
2024-01-30 13:35:00+00:00,16969.983500000002,16975.066499999997,16965.0,16975.066499999997
2024-01-30 13:40:00+00:00,16976.0,16980.0055,16968.9835,16969.5
2024-01-30 13:45:00+00:00,16968.4945,16972.0055,16964.4445,16971.489
2024-01-30 13:50:00+00:00,16971.95,16984.0555,16971.0055,16981.016499999998
2024-01-30 13:55:00+00:00,16981.9945,16985.066499999997,16979.5555,16980.0
2024-01-30 14:00:00+00:00,16979.0,16985.0555,16972.9945,16984.0
2024-01-30 14:05:00+00:00,16983.5,16985.560999999998,16975.489,16979.0055
2024-01-30 14:10:00+00:00,16978.011,16982.0,16974.928,16979.011
2024-01-30 14:15:00+00:00,16980.511,16982.0055,16969.4945,16970.011
2024-01-30 14:20:00+00:00,16968.933500000003,16980.0165,16968.933500000003,16979.928
2024-01-30 14:25:00+00:00,16979.5055,16982.9945,16969.489,16971.5165
2024-01-30 14:30:00+00:00,16972.0055,16977.066499999997,16961.983500000002,16967.066499999997
2024-01-30 14:35:00+00:00,16968.55,16969.978,16953.989,16955.072
2024-01-30 14:40:00+00:00,16956.05,16961.0165,16952.0055,16959.45
2024-01-30 14:45:00+00:00,16958.978,16967.011,16957.060999999998,16966.072
2024-01-30 14:50:00+00:00,16966.95,16974.066499999997,16965.95,16972.9945
2024-01-30 14:55:00+00:00,16971.989,16977.9945,16968.011,16971.478
2024-01-30 15:00:00+00:00,16972.566499999997,16974.4945,16950.489,16960.9945
2024-01-30 15:05:00+00:00,16961.989,16965.9835,16956.989,16963.9835
2024-01-30 15:10:00+00:00,16965.066499999997,16968.0055,16952.022,16954.9445
2024-01-30 15:15:00+00:00,16953.9835,16957.0555,16949.9945,16957.0555
2024-01-30 15:20:00+00:00,16956.511,16960.0,16952.9945,16957.0165
2024-01-30 15:25:00+00:00,16956.489,16959.5165,16946.989,16957.933500000003
2024-01-30 15:30:00+00:00,16958.939000000002,16962.0,16955.928,16960.9945
2024-01-30 15:35:00+00:00,16962.011,16966.060999999998,16956.5055,16957.5
2024-01-30 15:40:00+00:00,16957.0,16961.022,16954.0,16956.0
2024-01-30 15:45:00+00:00,16955.245000000003,16962.0,16950.0165,16960.0165
2024-01-30 15:50:00+00:00,16959.0,16959.0,16952.4945,16955.0055
2024-01-30 15:55:00+00:00,16955.566499999997,16957.072,16953.928,16954.5
2024-01-30 16:00:00+00:00,16955.072,16968.989,16953.989,16967.5
2024-01-30 16:05:00+00:00,16967.939000000002,16971.55,16960.989,16963.011
2024-01-30 16:10:00+00:00,16962.516499999998,16969.022,16961.572,16969.022
2024-01-30 16:15:00+00:00,16969.9945,16972.9945,16965.928,16967.0
2024-01-30 16:20:00+00:00,16965.928,16974.9445,16965.928,16970.0165
2024-01-30 16:25:00+00:00,16971.0055,16975.928,16969.978,16974.989
2024-01-30 16:30:00+00:00,16975.016499999998,16977.072,16973.95,16975.0055
2024-01-30 16:35:00+00:00,16974.5055,16977.478,16973.933500000003,16975.511
2024-01-30 16:40:00+00:00,16975.989,16977.066499999997,16974.928,16976.011
2024-01-30 16:45:00+00:00,16976.4445,16979.060999999998,16974.95,16977.0
2024-01-30 16:50:00+00:00,16977.428,16979.072,16976.978,16979.0
2024-01-30 16:55:00+00:00,16979.572,16980.511,16978.45,16978.9835
2024-01-30 17:00:00+00:00,16979.55,16980.0555,16975.928,16975.983500000002
2024-01-30 17:05:00+00:00,16976.5,16978.9945,16974.939000000002,16978.011
2024-01-30 17:10:00+00:00,16977.5055,16978.072,16974.989,16975.9945
2024-01-30 17:15:00+00:00,16974.989,16974.989,16968.0055,16970.066499999997
2024-01-30 17:20:00+00:00,16970.5055,16975.05,16968.55,16968.989
2024-01-30 17:25:00+00:00,16968.05,16969.989,16964.939000000002,16966.011
2024-01-30 17:30:00+00:00,16965.0055,16965.016499999998,16955.0,16957.989
2024-01-30 17:35:00+00:00,16957.45,16960.5055,16955.95,16958.939000000002
2024-01-30 17:40:00+00:00,16959.489,16962.428,16959.489,16960.9945
2024-01-30 17:45:00+00:00,16961.4945,16964.489,16961.016499999998,16962.989
2024-01-30 17:50:00+00:00,16963.489,16963.5555,16958.933500000003,16962.489
2024-01-30 17:55:00+00:00,16962.0,16963.05,16956.933500000003,16958.0165
2024-01-30 18:00:00+00:00,16957.55,16958.989,16955.0,16956.9945
2024-01-30 18:05:00+00:00,16957.560999999998,16961.0555,16957.560999999998,16960.5
2024-01-30 18:10:00+00:00,16960.0165,16964.0555,16959.9445,16963.939000000002
2024-01-30 18:15:00+00:00,16964.4445,16967.511,16963.928,16967.022
2024-01-30 18:20:00+00:00,16966.5,16970.011,16965.933500000003,16966.989
2024-01-30 18:25:00+00:00,16966.5055,16972.0,16966.4945,16970.9835
2024-01-30 18:30:00+00:00,16971.483500000002,16972.989,16968.928,16971.55
2024-01-30 18:35:00+00:00,16972.011,16972.011,16968.511,16969.9835
2024-01-30 18:40:00+00:00,16970.5055,16972.5,16966.9445,16969.0055
2024-01-30 18:45:00+00:00,16969.511,16970.0055,16966.933500000003,16966.9445
2024-01-30 18:50:00+00:00,16967.511,16968.5055,16962.978,16964.0
2024-01-30 18:55:00+00:00,16964.4445,16967.9945,16963.0055,16964.0165
2024-01-30 19:00:00+00:00,16964.483500000002,16968.5555,16964.483500000002,16965.0
2024-01-30 19:05:00+00:00,16965.5555,16966.0165,16961.5,16963.9835
2024-01-30 19:10:00+00:00,16964.5,16971.022,16962.939000000002,16970.0055
2024-01-30 19:15:00+00:00,16969.433500000003,16971.4945,16966.939000000002,16968.95
2024-01-30 19:20:00+00:00,16968.439000000002,16975.066499999997,16968.439000000002,16973.989
2024-01-30 19:25:00+00:00,16974.989,16975.978,16972.433500000003,16973.511
2024-01-30 19:30:00+00:00,16974.05,16976.9445,16972.0,16976.0165
2024-01-30 19:35:00+00:00,16976.5055,16976.511,16972.9445,16973.511
2024-01-30 19:40:00+00:00,16973.9945,16977.0055,16972.011,16976.0055
2024-01-30 19:45:00+00:00,16975.560999999998,16977.0555,16974.428,16975.9445
2024-01-30 19:50:00+00:00,16976.478,16977.05,16974.933500000003,16975.928
2024-01-30 19:55:00+00:00,16975.5055,16978.072,16974.928,16975.989
2024-01-30 20:00:00+00:00,16975.5165,16977.016499999998,16970.483500000002,16971.511
2024-01-30 20:05:00+00:00,16970.9945,16973.560999999998,16968.0055,16972.983500000002
2024-01-30 20:10:00+00:00,16973.511,16978.5555,16973.511,16974.978
2024-01-30 20:15:00+00:00,16974.7545,16976.022,16971.978,16975.066499999997
2024-01-30 20:20:00+00:00,16975.428,16977.016499999998,16974.933500000003,16975.9945
2024-01-30 20:25:00+00:00,16976.4835,16981.0555,16976.4835,16978.011
2024-01-30 20:30:00+00:00,16979.066499999997,16979.066499999997,16969.5,16970.511
2024-01-30 20:35:00+00:00,16970.016499999998,16972.066499999997,16968.989,16970.428
2024-01-30 20:40:00+00:00,16969.983500000002,16974.066499999997,16967.983500000002,16970.478
2024-01-30 20:45:00+00:00,16970.249,16974.0165,16969.9445,16970.9945
2024-01-30 20:50:00+00:00,16970.011,16974.0,16966.983500000002,16968.516499999998
2024-01-30 20:55:00+00:00,16969.0,16970.5555,16966.978,16968.0
2024-01-30 21:00:00+00:00,16967.0945,16977.7945,16938.0945,16945.1555
2024-01-30 21:05:00+00:00,16946.75,16956.360999999997,16940.728,16947.4555
2024-01-30 21:10:00+00:00,16948.211,16967.35,16948.211,16966.5
2024-01-30 23:00:00+00:00,16915.5055,16940.95,16910.3055,16927.716500000002
2024-01-30 23:05:00+00:00,16928.122,16935.9945,16926.8,16934.228
2024-01-30 23:10:00+00:00,16935.2555,16935.2555,16928.360999999997,16929.266499999998
2024-01-30 23:15:00+00:00,16928.3165,16935.366499999996,16927.4,16932.6835
2024-01-30 23:20:00+00:00,16933.5945,16936.2555,16920.8055,16920.8055
2024-01-30 23:25:00+00:00,16921.239,16927.689000000002,16919.0835,16919.0835
2024-01-30 23:30:00+00:00,16919.45,16926.0055,16919.089,16924.2945
2024-01-30 23:35:00+00:00,16924.6945,16924.6945,16919.8445,16921.639000000003
2024-01-30 23:40:00+00:00,16922.4945,16926.866499999996,16922.4945,16924.855499999998
2024-01-30 23:45:00+00:00,16925.7555,16927.4665,16921.0835,16922.072
2024-01-30 23:50:00+00:00,16921.1665,16923.7,16919.394500000002,16922.866499999996
2024-01-30 23:55:00+00:00,16923.7,16925.122,16920.228,16924.355499999998
2024-01-31 00:00:00+00:00,16925.105499999998,16931.211,16925.105499999998,16929.9945
2024-01-31 00:05:00+00:00,16929.2055,16931.7,16925.3,16928.7
2024-01-31 00:10:00+00:00,16929.2055,16932.1945,16927.9665,16928.7165
2024-01-31 00:15:00+00:00,16957.0,16957.0,16946.989,16950.0555
2024-01-31 00:20:00+00:00,16950.011,16953.011,16949.9835,16952.0055
2024-01-31 00:25:00+00:00,16951.060999999998,16952.011,16948.0,16948.928
2024-01-31 00:30:00+00:00,16948.4445,16955.5,16947.0,16947.5
2024-01-31 00:35:00+00:00,16946.978,16947.5055,16945.978,16946.9445
2024-01-31 00:40:00+00:00,16947.5055,16947.560999999998,16942.511,16942.9945
2024-01-31 00:45:00+00:00,16942.572,16946.9945,16941.9835,16946.5
2024-01-31 00:50:00+00:00,16946.978,16947.572,16945.0,16945.4945
2024-01-31 00:55:00+00:00,16944.928,16945.511,16941.95,16942.989
2024-01-31 01:00:00+00:00,16943.516499999998,16945.066499999997,16939.428,16941.011
2024-01-31 01:05:00+00:00,16941.5165,16942.9835,16938.439000000002,16939.45
2024-01-31 01:10:00+00:00,16940.0,16942.0,16938.522,16941.0
2024-01-31 01:15:00+00:00,16941.9945,16945.0165,16941.9445,16942.95
2024-01-31 01:20:00+00:00,16943.439000000002,16945.5055,16939.989,16941.011
2024-01-31 01:25:00+00:00,16941.4945,16942.016499999998,16933.989,16935.572
2024-01-31 01:30:00+00:00,16936.0,16937.05,16934.483500000002,16936.4445
2024-01-31 01:35:00+00:00,16937.0055,16945.0,16934.439000000002,16943.0055
2024-01-31 01:40:00+00:00,16943.5,16946.011,16941.5055,16943.55
2024-01-31 01:45:00+00:00,16943.0055,16945.066499999997,16942.0165,16943.0055
2024-01-31 01:50:00+00:00,16944.011,16947.5055,16941.0555,16941.989
2024-01-31 01:55:00+00:00,16942.933500000003,16943.983500000002,16937.928,16939.011
2024-01-31 02:00:00+00:00,16938.45,16940.9945,16934.9445,16935.9445
2024-01-31 02:05:00+00:00,16935.478,16940.566499999997,16935.478,16940.0
2024-01-31 02:10:00+00:00,16939.522,16940.560999999998,16937.978,16937.989
2024-01-31 02:15:00+00:00,16938.989,16945.5,16937.989,16941.9835
2024-01-31 02:20:00+00:00,16943.0,16946.0165,16943.0,16943.989
2024-01-31 02:25:00+00:00,16943.5,16945.011,16942.0055,16944.5055
2024-01-31 02:30:00+00:00,16943.939000000002,16946.060999999998,16942.939000000002,16946.0
2024-01-31 02:35:00+00:00,16945.5055,16945.5055,16943.0,16944.978
2024-01-31 02:40:00+00:00,16946.0,16948.572,16945.489,16946.0055
2024-01-31 02:45:00+00:00,16947.05,16947.989,16945.9445,16947.0
2024-01-31 02:50:00+00:00,16947.489,16949.45,16946.489,16949.45
2024-01-31 02:55:00+00:00,16948.5,16950.489,16946.95,16949.05
2024-01-31 03:00:00+00:00,16948.433500000003,16956.9945,16948.433500000003,16956.011
2024-01-31 03:05:00+00:00,16954.9835,16957.011,16954.0,16955.983500000002
2024-01-31 03:10:00+00:00,16956.5055,16956.5055,16950.9945,16953.5055
2024-01-31 03:15:00+00:00,16952.522,16955.989,16952.433500000003,16955.989
2024-01-31 03:20:00+00:00,16956.4945,16956.5,16954.011,16954.5055
2024-01-31 03:25:00+00:00,16955.011,16956.5555,16954.983500000002,16954.989
2024-01-31 03:30:00+00:00,16955.489,16956.5055,16953.072,16955.5555
2024-01-31 03:35:00+00:00,16956.0,16956.572,16953.978,16954.55
2024-01-31 03:40:00+00:00,16955.072,16960.5055,16953.9445,16959.989
2024-01-31 03:45:00+00:00,16959.5055,16961.566499999997,16959.016499999998,16961.066499999997
2024-01-31 03:50:00+00:00,16960.4945,16961.5555,16959.933500000003,16960.5055
2024-01-31 03:55:00+00:00,16960.016499999998,16961.566499999997,16958.95,16961.566499999997
2024-01-31 04:00:00+00:00,16960.989,16964.489,16959.928,16964.489
2024-01-31 04:05:00+00:00,16965.5,16966.572,16963.516499999998,16964.511
2024-01-31 04:10:00+00:00,16964.0555,16966.011,16962.0,16966.011
2024-01-31 04:15:00+00:00,16965.5,16966.011,16963.011,16964.066499999997
2024-01-31 04:20:00+00:00,16964.5,16964.5,16961.933500000003,16962.939000000002
2024-01-31 04:25:00+00:00,16963.560999999998,16963.560999999998,16962.0,16962.011
2024-01-31 04:30:00+00:00,16962.4445,16964.5055,16961.978,16963.9835
2024-01-31 04:35:00+00:00,16963.5,16969.0555,16961.489,16967.566499999997
2024-01-31 04:40:00+00:00,16968.0,16969.566499999997,16966.989,16968.9835
2024-01-31 04:45:00+00:00,16968.5,16972.0555,16968.022,16970.9945
2024-01-31 04:50:00+00:00,16971.5055,16972.572,16969.072,16969.072
2024-01-31 04:55:00+00:00,16968.478,16970.016499999998,16967.0555,16970.016499999998
2024-01-31 05:00:00+00:00,16969.5055,16973.066499999997,16968.5,16970.9945
2024-01-31 05:05:00+00:00,16971.511,16972.0,16964.989,16964.989
2024-01-31 05:10:00+00:00,16965.5555,16966.566499999997,16963.978,16966.0555
2024-01-31 05:15:00+00:00,16965.483500000002,16967.5055,16962.928,16967.5055
2024-01-31 05:20:00+00:00,16967.0055,16975.011,16966.4835,16974.0
2024-01-31 05:25:00+00:00,16974.5,16975.0055,16971.939000000002,16973.511
2024-01-31 05:30:00+00:00,16972.933500000003,16972.933500000003,16967.0,16967.0
2024-01-31 05:35:00+00:00,16965.9445,16970.0,16965.9445,16968.0555
2024-01-31 05:40:00+00:00,16967.4945,16968.072,16966.55,16967.0555
2024-01-31 05:45:00+00:00,16966.5,16966.511,16962.989,16963.9945
2024-01-31 05:50:00+00:00,16963.5055,16966.5165,16963.5055,16964.933500000003
2024-01-31 05:55:00+00:00,16965.478,16971.0,16965.478,16970.439000000002
2024-01-31 06:00:00+00:00,16970.0,16973.511,16969.0,16972.9945
2024-01-31 06:05:00+00:00,16972.5555,16972.5555,16969.983500000002,16970.9835
2024-01-31 06:10:00+00:00,16970.4945,16973.0,16970.4945,16972.0055
2024-01-31 06:15:00+00:00,16971.5,16971.5165,16965.95,16965.95
2024-01-31 06:20:00+00:00,16966.5,16969.0,16964.933500000003,16965.511
2024-01-31 06:25:00+00:00,16966.0055,16966.55,16963.572,16964.0
2024-01-31 06:30:00+00:00,16963.511,16964.444,16959.478,16959.9945
2024-01-31 06:35:00+00:00,16960.428,16966.0055,16958.060999999998,16963.072
2024-01-31 06:40:00+00:00,16962.4945,16963.489,16950.9945,16950.9945
2024-01-31 06:45:00+00:00,16951.522,16954.572,16949.5055,16951.011
2024-01-31 06:50:00+00:00,16950.4445,16952.066499999997,16946.439000000002,16947.0
2024-01-31 06:55:00+00:00,16947.55,16948.5,16942.0,16944.989
2024-01-31 07:00:00+00:00,16944.5,16956.072,16933.511,16953.511
2024-01-31 07:05:00+00:00,16954.439000000002,16958.0,16952.95,16958.0
2024-01-31 07:10:00+00:00,16958.5555,16965.9945,16956.0,16965.0
2024-01-31 07:15:00+00:00,16965.566499999997,16965.566499999997,16958.9835,16965.5
2024-01-31 07:20:00+00:00,16965.0,16969.5055,16962.0,16968.983500000002
2024-01-31 07:25:00+00:00,16968.5,16975.489,16966.9945,16975.060999999998
2024-01-31 07:30:00+00:00,16975.4945,16980.5165,16972.0,16980.516499999998
2024-01-31 07:35:00+00:00,16979.5,16980.5,16974.05,16975.4835
2024-01-31 07:40:00+00:00,16975.011,16975.5165,16968.978,16970.0
2024-01-31 07:45:00+00:00,16971.2655,16983.511,16971.0,16983.511
2024-01-31 07:50:00+00:00,16983.0,16988.066499999997,16975.516499999998,16976.0
2024-01-31 07:55:00+00:00,16975.4445,16976.489,16960.933500000003,16970.05
2024-01-31 08:00:00+00:00,16973.0055,16977.566499999997,16965.489,16976.5
2024-01-31 08:05:00+00:00,16977.0165,16982.5555,16964.928,16965.0555
2024-01-31 08:10:00+00:00,16964.511,16966.5165,16952.5,16958.4945
2024-01-31 08:15:00+00:00,16958.928,16971.5055,16956.511,16965.5055
2024-01-31 08:20:00+00:00,16966.572,16981.489,16964.433500000003,16979.016499999998
2024-01-31 08:25:00+00:00,16979.5,16986.55,16977.5,16979.560999999998
2024-01-31 08:30:00+00:00,16980.5,16986.4945,16979.5055,16984.5165
2024-01-31 08:35:00+00:00,16985.5055,16993.5555,16981.489,16989.0055
2024-01-31 08:40:00+00:00,16988.5,16990.989,16980.5,16980.5
2024-01-31 08:45:00+00:00,16981.4945,16988.522,16976.933500000003,16979.0
2024-01-31 08:50:00+00:00,16979.511,16987.928,16977.4945,16986.983500000002
2024-01-31 08:55:00+00:00,16986.072,16992.4945,16981.478,16986.0555
2024-01-31 09:00:00+00:00,16985.478,16987.572,16966.4945,16975.560999999998
2024-01-31 09:05:00+00:00,16975.928,16976.5055,16963.428,16967.522
2024-01-31 09:10:00+00:00,16968.072,16970.522,16961.0055,16966.9945
2024-01-31 09:15:00+00:00,16967.428,16970.522,16957.428,16957.428
2024-01-31 09:20:00+00:00,16956.511,16962.5555,16950.5,16959.433500000003
2024-01-31 09:25:00+00:00,16958.5055,16959.0,16948.5,16952.933500000003
2024-01-31 09:30:00+00:00,16953.5,16960.0055,16949.516499999998,16950.522
2024-01-31 09:35:00+00:00,16951.5055,16951.511,16941.072,16943.439000000002
2024-01-31 09:40:00+00:00,16943.223,16951.511,16937.511,16949.989
2024-01-31 09:45:00+00:00,16949.701,16950.516499999998,16938.5,16947.5
2024-01-31 09:50:00+00:00,16948.489,16954.5055,16940.4945,16950.428
2024-01-31 09:55:00+00:00,16949.983500000002,16950.5165,16943.4945,16944.5
2024-01-31 10:00:00+00:00,16944.9835,16947.4945,16938.483500000002,16946.5055
2024-01-31 10:05:00+00:00,16947.0,16950.566499999997,16944.0,16950.4835
2024-01-31 10:10:00+00:00,16950.0,16954.4945,16947.5,16949.478
2024-01-31 10:15:00+00:00,16949.0,16958.4945,16948.489,16950.489
2024-01-31 10:20:00+00:00,16951.0,16954.5055,16949.433500000003,16954.011
2024-01-31 10:25:00+00:00,16954.5,16954.5,16940.428,16940.9945
2024-01-31 10:30:00+00:00,16940.55,16946.572,16935.5,16942.478
2024-01-31 10:35:00+00:00,16941.989,16943.511,16930.4945,16930.5165
2024-01-31 10:40:00+00:00,16930.0,16934.511,16928.478,16931.45
2024-01-31 10:45:00+00:00,16930.9945,16943.5,16930.9945,16939.016499999998
2024-01-31 10:50:00+00:00,16939.55,16942.489,16937.478,16941.483500000002
2024-01-31 10:55:00+00:00,16941.9945,16948.560999999998,16941.9945,16944.928
2024-01-31 11:00:00+00:00,16945.5055,16945.5055,16938.4945,16939.5
2024-01-31 11:05:00+00:00,16940.511,16951.0,16940.511,16946.9945
2024-01-31 11:10:00+00:00,16947.5055,16948.5165,16941.5,16947.511
2024-01-31 11:15:00+00:00,16946.983500000002,16956.4945,16946.983500000002,16956.4945
2024-01-31 11:20:00+00:00,16957.0,16964.978,16955.478,16963.511
2024-01-31 11:25:00+00:00,16963.0555,16970.5055,16963.0555,16965.439000000002
2024-01-31 11:30:00+00:00,16965.9835,16969.060999999998,16962.5,16968.0055
2024-01-31 11:35:00+00:00,16967.489,16969.5,16964.428,16965.489
2024-01-31 11:40:00+00:00,16964.989,16971.55,16962.95,16971.483500000002
2024-01-31 11:45:00+00:00,16971.0,16976.45,16968.45,16969.522
2024-01-31 11:50:00+00:00,16969.0,16975.011,16968.428,16973.572
2024-01-31 11:55:00+00:00,16973.234,16975.5,16966.0165,16967.016499999998
2024-01-31 12:00:00+00:00,16967.522,16971.572,16961.5,16962.560999999998
2024-01-31 12:05:00+00:00,16961.4945,16971.516499999998,16961.4945,16964.0
2024-01-31 12:10:00+00:00,16964.4835,16968.55,16961.9835,16966.9945
2024-01-31 12:15:00+00:00,16967.566499999997,16970.5,16963.483500000002,16965.4835
2024-01-31 12:20:00+00:00,16965.072,16968.5,16955.439000000002,16956.0
2024-01-31 12:25:00+00:00,16956.5055,16957.4835,16948.433500000003,16950.933500000003
2024-01-31 12:30:00+00:00,16950.566499999997,16957.511,16946.989,16955.0165
2024-01-31 12:35:00+00:00,16954.4835,16955.516499999998,16946.560999999998,16948.4445
2024-01-31 12:40:00+00:00,16948.989,16954.511,16947.489,16950.5555
2024-01-31 12:45:00+00:00,16950.245000000003,16963.4945,16949.0055,16960.5055
2024-01-31 12:50:00+00:00,16959.5,16968.9945,16958.5,16967.0
2024-01-31 12:55:00+00:00,16967.5055,16972.55,16966.522,16969.5555
2024-01-31 13:00:00+00:00,16970.4945,16976.5,16966.483500000002,16966.483500000002
2024-01-31 13:05:00+00:00,16965.489,16969.5055,16959.5055,16963.5
2024-01-31 13:10:00+00:00,16963.9945,16966.5055,16959.428,16962.011
2024-01-31 13:15:00+00:00,16966.5055,16974.0555,16961.5,16972.4945
2024-01-31 13:20:00+00:00,16973.9945,16978.5,16971.4945,16978.4445
2024-01-31 13:25:00+00:00,16977.734,16977.734,16970.9945,16972.489
2024-01-31 13:30:00+00:00,16973.511,16980.066499999997,16966.0055,16970.4945
2024-01-31 13:35:00+00:00,16970.0,16970.55,16950.5,16957.5
2024-01-31 13:40:00+00:00,16957.011,16969.0,16954.4945,16954.4945
2024-01-31 13:45:00+00:00,16953.439000000002,16965.253,16947.9945,16958.4945
2024-01-31 13:50:00+00:00,16959.0165,16964.478,16953.4445,16958.05
2024-01-31 13:55:00+00:00,16958.5165,16961.572,16954.439000000002,16956.0
2024-01-31 14:00:00+00:00,16955.734,16956.489,16941.9445,16947.4945
2024-01-31 14:05:00+00:00,16948.5055,16952.5055,16941.428,16949.989
2024-01-31 14:10:00+00:00,16950.4945,16954.4945,16942.522,16952.433500000003
2024-01-31 14:15:00+00:00,16951.4945,16951.560999999998,16943.4945,16945.511
2024-01-31 14:20:00+00:00,16946.522,16951.572,16945.928,16950.0
2024-01-31 14:25:00+00:00,16950.516499999998,16958.5165,16948.928,16952.55
2024-01-31 14:30:00+00:00,16952.9945,16954.572,16945.0,16948.983500000002
2024-01-31 14:35:00+00:00,16949.5,16960.989,16948.489,16955.45
2024-01-31 14:40:00+00:00,16955.234,16958.0055,16946.983500000002,16946.983500000002
2024-01-31 14:45:00+00:00,16946.4945,16947.4945,16929.4945,16938.489
2024-01-31 14:50:00+00:00,16939.522,16942.489,16930.45,16932.978
2024-01-31 14:55:00+00:00,16932.4835,16939.511,16930.428,16935.9945
2024-01-31 15:00:00+00:00,16935.212,16937.5,16909.011,16910.05
2024-01-31 15:05:00+00:00,16909.5,16916.560999999998,16904.511,16912.9945
2024-01-31 15:10:00+00:00,16913.439000000002,16914.511,16895.4835,16895.5055
2024-01-31 15:15:00+00:00,16894.566499999997,16913.4835,16894.566499999997,16905.489
2024-01-31 15:20:00+00:00,16906.511,16910.072,16902.45,16905.483500000002
2024-01-31 15:25:00+00:00,16905.9835,16920.066499999997,16905.5,16911.011
2024-01-31 15:30:00+00:00,16911.45,16919.511,16910.489,16914.4945
2024-01-31 15:35:00+00:00,16914.9945,16915.5,16899.433500000003,16903.989
2024-01-31 15:40:00+00:00,16903.734,16909.5055,16898.983500000002,16903.55
2024-01-31 15:45:00+00:00,16901.5,16911.05,16896.0555,16907.0
2024-01-31 15:50:00+00:00,16906.601000000002,16907.4945,16893.4945,16893.4945
2024-01-31 15:55:00+00:00,16894.5,16900.5555,16883.4445,16892.511
2024-01-31 16:00:00+00:00,16892.511,16910.5055,16889.478,16910.5055
2024-01-31 16:05:00+00:00,16909.483500000002,16920.5055,16906.489,16920.428
2024-01-31 16:10:00+00:00,16921.4945,16921.4945,16914.9945,16920.5
2024-01-31 16:15:00+00:00,16919.5,16923.572,16917.489,16920.572
2024-01-31 16:20:00+00:00,16919.4945,16920.5165,16910.4835,16910.4945
2024-01-31 16:25:00+00:00,16911.5,16913.45,16890.4835,16896.560999999998
2024-01-31 16:30:00+00:00,16895.428,16904.566499999997,16894.489,16902.483500000002
2024-01-31 16:35:00+00:00,16901.5055,16906.489,16897.478,16901.072
2024-01-31 16:40:00+00:00,16900.5055,16901.560999999998,16894.4445,16898.478
2024-01-31 16:45:00+00:00,16897.483500000002,16906.5,16897.4445,16903.989
2024-01-31 16:50:00+00:00,16904.560999999998,16904.560999999998,16898.4945,16900.522
2024-01-31 16:55:00+00:00,16901.016499999998,16907.516499999998,16899.989,16905.511
2024-01-31 17:00:00+00:00,16906.0,16915.5555,16904.5,16915.483500000002
2024-01-31 17:05:00+00:00,16914.978,16918.9445,16914.478,16918.4945
2024-01-31 17:10:00+00:00,16919.0,16919.566499999997,16911.55,16912.4835
2024-01-31 17:15:00+00:00,16913.0,16914.566499999997,16909.433500000003,16912.511
2024-01-31 17:20:00+00:00,16911.9945,16916.572,16911.95,16916.0
2024-01-31 17:25:00+00:00,16915.489,16922.566499999997,16915.489,16922.489
2024-01-31 17:30:00+00:00,16921.989,16922.4945,16886.4945,16886.4945
2024-01-31 17:35:00+00:00,16885.439000000002,16886.511,16849.5,16862.516499999998
2024-01-31 17:40:00+00:00,16861.5055,16872.5555,16855.066499999997,16868.511
2024-01-31 17:45:00+00:00,16867.572,16871.5555,16863.4945,16870.55
2024-01-31 17:50:00+00:00,16870.939000000002,16880.560999999998,16870.4945,16878.5
2024-01-31 17:55:00+00:00,16878.983500000002,16891.011,16876.45,16888.9945
2024-01-31 18:00:00+00:00,16889.4945,16891.4945,16884.489,16886.0
2024-01-31 18:05:00+00:00,16886.5,16890.433500000003,16885.433500000003,16886.5
2024-01-31 18:10:00+00:00,16885.428,16887.060999999998,16877.489,16882.489
2024-01-31 18:15:00+00:00,16883.5055,16891.4945,16882.566499999997,16890.483500000002
2024-01-31 18:20:00+00:00,16891.45,16891.522,16876.4945,16877.5055
2024-01-31 18:25:00+00:00,16878.016499999998,16881.560999999998,16872.928,16877.483500000002
2024-01-31 18:30:00+00:00,16876.9945,16885.05,16875.478,16881.5055
2024-01-31 18:35:00+00:00,16881.011,16882.5055,16878.428,16879.022
2024-01-31 18:40:00+00:00,16878.699,16884.566499999997,16878.5,16883.4945
2024-01-31 18:45:00+00:00,16883.011,16893.55,16881.95,16892.928
2024-01-31 18:50:00+00:00,16892.677000000003,16893.0555,16885.5055,16886.0
2024-01-31 18:55:00+00:00,16886.483500000002,16886.566499999997,16879.011,16883.5165
2024-01-31 19:00:00+00:00,16883.2545,16885.5,16863.0165,16876.011
2024-01-31 19:05:00+00:00,16876.5055,16887.566499999997,16867.483500000002,16878.989
2024-01-31 19:10:00+00:00,16878.5165,16888.5055,16873.933500000003,16876.4945
2024-01-31 19:15:00+00:00,16877.011,16881.0055,16869.5055,16871.5
2024-01-31 19:20:00+00:00,16870.45,16875.5055,16859.5,16865.989
2024-01-31 19:25:00+00:00,16865.4945,16873.572,16862.428,16871.5555
2024-01-31 19:30:00+00:00,16870.999,16887.5,16866.0165,16881.5055
2024-01-31 19:35:00+00:00,16882.0,16906.05,16868.4945,16901.55
2024-01-31 19:40:00+00:00,16901.249,16920.9445,16900.939000000002,16914.0055
2024-01-31 19:45:00+00:00,16914.4945,16924.989,16896.983500000002,16898.989
2024-01-31 19:50:00+00:00,16898.5055,16900.566499999997,16872.4945,16885.989
2024-01-31 19:55:00+00:00,16885.483500000002,16891.9945,16868.9445,16870.489
2024-01-31 20:00:00+00:00,16871.511,16872.483500000002,16814.5,16822.0
2024-01-31 20:05:00+00:00,16822.5,16823.066499999997,16791.9445,16818.0055
2024-01-31 20:10:00+00:00,16817.432500000003,16823.489,16806.5055,16815.9445
2024-01-31 20:15:00+00:00,16814.4835,16826.022,16800.9835,16803.0055
2024-01-31 20:20:00+00:00,16803.489,16830.5055,16800.439000000002,16822.0055
2024-01-31 20:25:00+00:00,16821.4445,16830.95,16816.55,16823.0555
2024-01-31 20:30:00+00:00,16821.4945,16826.511,16802.428,16803.939000000002
2024-01-31 20:35:00+00:00,16803.433500000003,16811.5,16795.9445,16809.0165
2024-01-31 20:40:00+00:00,16808.478,16816.0055,16803.45,16805.560999999998
2024-01-31 20:45:00+00:00,16806.011,16811.5555,16802.5055,16805.572
2024-01-31 20:50:00+00:00,16804.511,16809.5055,16798.433500000003,16807.511
2024-01-31 20:55:00+00:00,16808.5165,16813.05,16803.45,16811.072
2024-01-31 21:00:00+00:00,16810.489,16824.5165,16801.85,16824.5165
2024-01-31 21:05:00+00:00,16825.4165,16830.65,16810.5945,16813.261
2024-01-31 21:10:00+00:00,16814.110999999997,16821.172,16812.411,16816.644500000002
2024-01-31 23:00:00+00:00,16831.578,16834.216500000002,16823.3835,16827.3055
2024-01-31 23:05:00+00:00,16826.4055,16828.25,16822.978,16825.605499999998
2024-01-31 23:10:00+00:00,16826.4,16832.516499999998,16825.5945,16831.6
2024-01-31 23:15:00+00:00,16832.039,16839.5945,16831.589,16837.0
2024-01-31 23:20:00+00:00,16836.0835,16837.0055,16831.728,16834.328
2024-01-31 23:25:00+00:00,16834.8055,16840.522,16834.328,16839.605499999998
2024-01-31 23:30:00+00:00,16838.689000000002,16839.5945,16834.189000000002,16834.2
2024-01-31 23:35:00+00:00,16835.0945,16838.661,16835.0945,16836.783499999998
2024-01-31 23:40:00+00:00,16836.0,16836.011,16835.1165,16836.011
2024-01-31 23:45:00+00:00,16836.789,16838.5445,16832.216500000002,16835.6945
2024-01-31 23:50:00+00:00,16836.55,16838.355499999998,16835.7,16836.6
2024-01-31 23:55:00+00:00,16837.483500000002,16837.5555,16833.9945,16835.7
