Datetime,Open,High,Low,Close
2024-06-03 00:00:00+00:00,18594.089,18618.722,18592.355499999998,18617.911
2024-06-03 00:05:00+00:00,18618.372,18622.322,18616.1,18621.411
2024-06-03 00:10:00+00:00,18620.878,18633.6945,18617.0,18629.3165
2024-06-03 00:15:00+00:00,18612.4945,18634.566499999997,18609.5,18631.0
2024-06-03 00:20:00+00:00,18631.478,18638.5,18627.516499999998,18637.489
2024-06-03 00:25:00+00:00,18638.0165,18644.989,18637.439000000002,18644.5
2024-06-03 00:30:00+00:00,18640.989,18644.45,18639.5055,18644.011
2024-06-03 00:35:00+00:00,18643.572,18643.572,18633.9445,18636.433500000003
2024-06-03 00:40:00+00:00,18636.0555,18636.489,18632.05,18632.9945
2024-06-03 00:45:00+00:00,18635.95,18638.489,18634.511,18637.5165
2024-06-03 00:50:00+00:00,18638.0,18643.066499999997,18638.0,18643.0165
2024-06-03 00:55:00+00:00,18643.4945,18646.011,18643.483500000002,18645.0
2024-06-03 01:00:00+00:00,18643.989,18652.978,18643.989,18648.5165
2024-06-03 01:05:00+00:00,18649.05,18649.05,18642.566499999997,18644.5
2024-06-03 01:10:00+00:00,18645.05,18646.5,18641.989,18644.066499999997
2024-06-03 01:15:00+00:00,18643.016499999998,18646.016499999998,18642.939000000002,18643.983500000002
2024-06-03 01:20:00+00:00,18641.0555,18642.5555,18640.0,18642.5555
2024-06-03 01:25:00+00:00,18641.989,18646.0555,18641.989,18645.5165
2024-06-03 01:30:00+00:00,18644.983500000002,18647.05,18640.011,18642.0
2024-06-03 01:35:00+00:00,18642.45,18652.0,18641.011,18642.5
2024-06-03 01:40:00+00:00,18644.5055,18653.5,18644.478,18653.5
2024-06-03 01:45:00+00:00,18653.989,18655.511,18648.5165,18650.5055
2024-06-03 01:50:00+00:00,18650.9945,18652.5,18648.989,18649.933500000003
2024-06-03 01:55:00+00:00,18649.5,18655.011,18649.5,18651.483500000002
2024-06-03 02:00:00+00:00,18652.0055,18660.016499999998,18652.0055,18655.983500000002
2024-06-03 02:05:00+00:00,18655.4945,18659.0055,18652.933500000003,18654.483500000002
2024-06-03 02:10:00+00:00,18654.9835,18660.5165,18654.560999999998,18659.5555
2024-06-03 02:15:00+00:00,18659.978,18660.0,18657.511,18658.55
2024-06-03 02:20:00+00:00,18657.4945,18658.511,18653.5,18657.989
2024-06-03 02:25:00+00:00,18657.511,18658.489,18657.5055,18657.5555
2024-06-03 02:30:00+00:00,18656.978,18658.9945,18652.439000000002,18656.516499999998
2024-06-03 02:35:00+00:00,18655.9945,18658.939000000002,18652.5055,18653.5
2024-06-03 02:40:00+00:00,18653.9445,18655.483500000002,18652.989,18654.05
2024-06-03 02:45:00+00:00,18654.489,18655.5,18651.489,18652.95
2024-06-03 02:50:00+00:00,18655.0165,18656.011,18653.978,18655.011
2024-06-03 02:55:00+00:00,18654.4945,18655.983500000002,18653.0,18655.0055
2024-06-03 03:00:00+00:00,18655.483500000002,18657.433500000003,18654.928,18657.433500000003
2024-06-03 03:05:00+00:00,18657.95,18665.060999999998,18657.95,18665.060999999998
2024-06-03 03:10:00+00:00,18663.5055,18669.55,18661.989,18663.989
2024-06-03 03:15:00+00:00,18663.516499999998,18669.0,18657.0,18659.478
2024-06-03 03:20:00+00:00,18660.0055,18660.5,18656.9945,18659.9945
2024-06-03 03:25:00+00:00,18659.483500000002,18660.0,18654.483500000002,18656.566499999997
2024-06-03 03:30:00+00:00,18655.9945,18656.516499999998,18651.011,18652.483500000002
2024-06-03 03:35:00+00:00,18653.511,18655.9945,18652.0,18653.016499999998
2024-06-03 03:40:00+00:00,18653.516499999998,18656.0055,18647.0055,18653.4945
2024-06-03 03:45:00+00:00,18654.011,18657.489,18653.4945,18655.483500000002
2024-06-03 03:50:00+00:00,18656.489,18659.978,18654.066499999997,18654.5055
2024-06-03 03:55:00+00:00,18655.022,18657.511,18651.95,18656.522
2024-06-03 04:00:00+00:00,18655.4945,18657.516499999998,18654.439000000002,18655.511
2024-06-03 04:05:00+00:00,18655.933500000003,18657.066499999997,18655.5,18656.572
2024-06-03 04:10:00+00:00,18655.928,18655.928,18653.9445,18654.0055
2024-06-03 04:15:00+00:00,18654.489,18655.0,18653.5055,18654.072
2024-06-03 04:20:00+00:00,18654.45,18659.05,18654.45,18657.5055
2024-06-03 04:25:00+00:00,18658.05,18661.939000000002,18656.428,18656.428
2024-06-03 04:30:00+00:00,18656.9945,18662.522,18656.522,18660.022
2024-06-03 04:35:00+00:00,18660.5,18663.060999999998,18658.5055,18661.511
2024-06-03 04:40:00+00:00,18660.939000000002,18661.4945,18657.5,18658.0
2024-06-03 04:45:00+00:00,18658.5055,18669.0,18657.9445,18665.5
2024-06-03 04:50:00+00:00,18664.9945,18668.5,18662.983500000002,18666.0055
2024-06-03 04:55:00+00:00,18665.0,18667.5165,18660.0,18662.511
2024-06-03 05:00:00+00:00,18662.0,18666.5,18657.0055,18657.5055
2024-06-03 05:05:00+00:00,18658.5,18661.0555,18656.939000000002,18660.4945
2024-06-03 05:10:00+00:00,18661.066499999997,18664.933500000003,18655.9445,18664.933500000003
2024-06-03 05:15:00+00:00,18665.983500000002,18666.022,18664.0,18665.4835
2024-06-03 05:20:00+00:00,18665.9945,18667.016499999998,18657.489,18657.4945
2024-06-03 05:25:00+00:00,18658.022,18658.072,18653.0165,18654.439000000002
2024-06-03 05:30:00+00:00,18655.5,18660.9945,18654.95,18658.489
2024-06-03 05:35:00+00:00,18657.989,18659.060999999998,18654.011,18654.4945
2024-06-03 05:40:00+00:00,18653.9945,18655.439000000002,18650.011,18652.4945
2024-06-03 05:45:00+00:00,18652.0,18652.0,18642.522,18643.989
2024-06-03 05:50:00+00:00,18643.5,18661.516499999998,18643.5,18658.478
2024-06-03 05:55:00+00:00,18659.5055,18661.011,18653.0,18654.9835
2024-06-03 06:00:00+00:00,18655.489,18686.9835,18655.489,18684.439000000002
2024-06-03 06:05:00+00:00,18685.560999999998,18694.572,18679.45,18684.022
2024-06-03 06:10:00+00:00,18683.016499999998,18687.0055,18653.9445,18659.0055
2024-06-03 06:15:00+00:00,18655.978,18677.0,18654.928,18669.0055
2024-06-03 06:20:00+00:00,18667.95,18669.0,18656.4945,18662.939000000002
2024-06-03 06:25:00+00:00,18662.45,18669.5165,18657.011,18663.9445
2024-06-03 06:30:00+00:00,18664.4945,18676.4945,18662.511,18672.0
2024-06-03 06:35:00+00:00,18673.0055,18686.511,18671.4945,18679.0
2024-06-03 06:40:00+00:00,18679.239999999998,18684.0055,18661.989,18662.989
2024-06-03 06:45:00+00:00,18662.566499999997,18670.022,18660.928,18667.011
2024-06-03 06:50:00+00:00,18668.0055,18668.483500000002,18658.0,18659.9445
2024-06-03 06:55:00+00:00,18659.5,18664.0055,18647.55,18647.9445
2024-06-03 07:00:00+00:00,18651.5055,18701.060999999998,18651.5055,18676.95
2024-06-03 07:05:00+00:00,18678.0055,18689.5055,18671.0055,18688.572
2024-06-03 07:10:00+00:00,18690.0,18690.516499999998,18662.5,18663.0055
2024-06-03 07:15:00+00:00,18662.5,18662.5,18640.5,18645.511
2024-06-03 07:20:00+00:00,18646.0555,18646.0555,18623.478,18626.511
2024-06-03 07:25:00+00:00,18628.072,18634.0,18609.0055,18615.5
2024-06-03 07:30:00+00:00,18616.0065,18624.011,18598.566499999997,18599.072
2024-06-03 07:35:00+00:00,18599.428,18612.9945,18596.016499999998,18607.016499999998
2024-06-03 07:40:00+00:00,18606.5165,18610.0055,18593.928,18604.489
2024-06-03 07:45:00+00:00,18606.072999999997,18626.0055,18605.478,18612.0
2024-06-03 07:50:00+00:00,18611.572,18611.572,18595.989,18600.0555
2024-06-03 07:55:00+00:00,18598.933500000003,18607.5555,18586.9945,18588.5055
2024-06-03 08:00:00+00:00,18587.95,18617.989,18582.478,18617.989
2024-06-03 08:05:00+00:00,18617.5165,18620.5,18607.0055,18614.4945
2024-06-03 08:10:00+00:00,18615.5,18636.560999999998,18612.0,18635.489
2024-06-03 08:15:00+00:00,18634.5,18637.9945,18615.983500000002,18633.516499999998
2024-06-03 08:20:00+00:00,18633.262,18637.072,18627.0055,18629.0
2024-06-03 08:25:00+00:00,18628.572,18649.428,18626.489,18647.989
2024-06-03 08:30:00+00:00,18648.5055,18679.5055,18648.0165,18677.428
2024-06-03 08:35:00+00:00,18677.0055,18684.511,18673.5,18676.511
2024-06-03 08:40:00+00:00,18676.989,18683.016499999998,18662.060999999998,18662.060999999998
2024-06-03 08:45:00+00:00,18661.066499999997,18681.9945,18657.983500000002,18680.9835
2024-06-03 08:50:00+00:00,18682.0,18682.5055,18672.4945,18679.0055
2024-06-03 08:55:00+00:00,18679.5,18680.566499999997,18665.022,18666.989
2024-06-03 09:00:00+00:00,18667.9445,18672.4445,18655.45,18660.0
2024-06-03 09:05:00+00:00,18659.4945,18672.060999999998,18658.9945,18665.022
2024-06-03 09:10:00+00:00,18664.0055,18665.0,18644.5,18647.011
2024-06-03 09:15:00+00:00,18647.5,18650.011,18636.478,18641.989
2024-06-03 09:20:00+00:00,18641.511,18641.511,18629.511,18635.0
2024-06-03 09:25:00+00:00,18635.5,18645.928,18634.0055,18640.989
2024-06-03 09:30:00+00:00,18642.0055,18642.0055,18628.5,18639.05
2024-06-03 09:35:00+00:00,18639.4945,18641.022,18628.489,18640.489
2024-06-03 09:40:00+00:00,18639.5,18642.4945,18632.928,18637.433500000003
2024-06-03 09:45:00+00:00,18638.516499999998,18640.5055,18616.483500000002,18623.560999999998
2024-06-03 09:50:00+00:00,18624.5055,18646.0,18619.928,18645.0055
2024-06-03 09:55:00+00:00,18645.9945,18649.5055,18633.55,18645.983500000002
2024-06-03 10:00:00+00:00,18647.016499999998,18656.95,18641.0555,18648.066499999997
2024-06-03 10:05:00+00:00,18649.0055,18652.0,18640.522,18647.5055
2024-06-03 10:10:00+00:00,18647.0,18654.0055,18643.983500000002,18652.011
2024-06-03 10:15:00+00:00,18651.0055,18653.066499999997,18643.939000000002,18646.5
2024-06-03 10:20:00+00:00,18645.5555,18659.572,18644.978,18655.4945
2024-06-03 10:25:00+00:00,18656.0165,18658.928,18649.0,18652.0
2024-06-03 10:30:00+00:00,18652.5165,18654.560999999998,18640.566499999997,18646.060999999998
2024-06-03 10:35:00+00:00,18645.566499999997,18650.5,18640.989,18649.483500000002
2024-06-03 10:40:00+00:00,18650.066499999997,18650.066499999997,18640.0,18640.0
2024-06-03 10:45:00+00:00,18639.5,18643.5,18636.5165,18636.9945
2024-06-03 10:50:00+00:00,18637.511,18638.560999999998,18630.4945,18636.5
2024-06-03 10:55:00+00:00,18635.9945,18642.5,18633.4945,18634.0055
2024-06-03 11:00:00+00:00,18634.989,18652.05,18634.0,18644.560999999998
2024-06-03 11:05:00+00:00,18643.989,18643.989,18629.433500000003,18635.939000000002
2024-06-03 11:10:00+00:00,18635.4945,18644.0,18635.4945,18640.0055
2024-06-03 11:15:00+00:00,18639.566499999997,18642.0,18634.5055,18635.5055
2024-06-03 11:20:00+00:00,18636.0055,18636.0055,18624.5055,18624.928
2024-06-03 11:25:00+00:00,18626.0,18626.0,18610.439000000002,18613.478
2024-06-03 11:30:00+00:00,18613.939000000002,18629.4945,18613.939000000002,18629.0055
2024-06-03 11:35:00+00:00,18629.522,18632.011,18618.4445,18632.011
2024-06-03 11:40:00+00:00,18631.560999999998,18637.989,18626.9945,18627.9445
2024-06-03 11:45:00+00:00,18628.5055,18630.060999999998,18618.9445,18628.4945
2024-06-03 11:50:00+00:00,18628.933500000003,18630.0555,18623.989,18627.95
2024-06-03 11:55:00+00:00,18627.511,18630.0165,18622.989,18627.95
2024-06-03 12:00:00+00:00,18629.9945,18632.489,18624.5055,18631.560999999998
2024-06-03 12:05:00+00:00,18632.001,18636.489,18629.9835,18632.989
2024-06-03 12:10:00+00:00,18633.433500000003,18636.522,18626.016499999998,18635.439000000002
2024-06-03 12:15:00+00:00,18634.989,18640.511,18632.9945,18633.9835
2024-06-03 12:20:00+00:00,18634.989,18646.0055,18634.4945,18644.566499999997
2024-06-03 12:25:00+00:00,18644.05,18646.572,18639.0055,18640.011
2024-06-03 12:30:00+00:00,18640.511,18650.5,18639.0,18647.5
2024-06-03 12:35:00+00:00,18647.9945,18666.483500000002,18647.4445,18664.989
2024-06-03 12:40:00+00:00,18665.5165,18670.516499999998,18661.522,18662.560999999998
2024-06-03 12:45:00+00:00,18661.4445,18671.489,18661.4445,18671.0
2024-06-03 12:50:00+00:00,18671.4945,18681.0555,18671.4945,18680.0165
2024-06-03 12:55:00+00:00,18680.4945,18685.9945,18674.5,18676.0
2024-06-03 13:00:00+00:00,18676.566499999997,18681.566499999997,18668.5,18669.511
2024-06-03 13:05:00+00:00,18669.95,18673.011,18662.5055,18671.5055
2024-06-03 13:10:00+00:00,18670.9945,18675.522,18659.5,18662.5
2024-06-03 13:15:00+00:00,18661.5,18673.5055,18660.989,18665.978
2024-06-03 13:20:00+00:00,18664.0,18683.0,18658.5055,18680.933500000003
2024-06-03 13:25:00+00:00,18682.011,18695.5,18679.939000000002,18695.0055
2024-06-03 13:30:00+00:00,18694.5555,18697.433500000003,18680.4835,18696.0
2024-06-03 13:35:00+00:00,18696.483500000002,18697.511,18684.489,18690.0
2024-06-03 13:40:00+00:00,18690.511,18699.45,18685.9445,18685.9445
2024-06-03 13:45:00+00:00,18686.5,18690.9945,18679.933500000003,18684.9945
2024-06-03 13:50:00+00:00,18684.0,18684.5,18640.572,18647.939000000002
2024-06-03 13:55:00+00:00,18646.4835,18648.060999999998,18620.55,18648.0
2024-06-03 14:00:00+00:00,18652.066499999997,18691.0,18652.066499999997,18668.060999999998
2024-06-03 14:05:00+00:00,18669.016499999998,18675.072,18631.4945,18633.0
2024-06-03 14:10:00+00:00,18634.0,18653.0,18631.4445,18646.939000000002
2024-06-03 14:15:00+00:00,18648.0,18653.4445,18637.933500000003,18648.060999999998
2024-06-03 14:20:00+00:00,18647.4945,18648.9945,18630.5,18635.5555
2024-06-03 14:25:00+00:00,18635.9945,18643.011,18633.928,18635.489
2024-06-03 14:30:00+00:00,18636.5055,18636.5055,18618.478,18620.0055
2024-06-03 14:35:00+00:00,18619.5165,18619.5165,18598.0,18610.95
2024-06-03 14:40:00+00:00,18610.0,18620.5055,18603.933500000003,18615.9945
2024-06-03 14:45:00+00:00,18614.9445,18616.0,18588.489,18590.0
2024-06-03 14:50:00+00:00,18590.983500000002,18600.0555,18590.0165,18599.0
2024-06-03 14:55:00+00:00,18598.05,18604.483500000002,18590.572,18600.989
2024-06-03 15:00:00+00:00,18601.560999999998,18603.060999999998,18581.5055,18582.0
2024-06-03 15:05:00+00:00,18582.4945,18603.5555,18575.060999999998,18603.0555
2024-06-03 15:10:00+00:00,18603.5165,18607.016499999998,18593.5,18602.939000000002
2024-06-03 15:15:00+00:00,18603.5555,18609.0055,18596.439000000002,18607.939000000002
2024-06-03 15:20:00+00:00,18608.489,18613.45,18605.0055,18608.0055
2024-06-03 15:25:00+00:00,18607.011,18613.572,18603.4945,18611.5055
2024-06-03 15:30:00+00:00,18610.022,18611.5,18603.511,18606.9945
2024-06-03 15:35:00+00:00,18605.989,18622.489,18605.45,18609.5055
2024-06-03 15:40:00+00:00,18608.0055,18609.483500000002,18594.5055,18601.4945
2024-06-03 15:45:00+00:00,18600.566499999997,18604.5055,18587.4445,18588.4445
2024-06-03 15:50:00+00:00,18589.5055,18596.933500000003,18583.4835,18592.072
2024-06-03 15:55:00+00:00,18591.4945,18592.0055,18577.489,18580.0
2024-06-03 16:00:00+00:00,18580.522,18586.011,18570.489,18575.566499999997
2024-06-03 16:05:00+00:00,18576.5055,18576.566499999997,18563.428,18568.9445
2024-06-03 16:10:00+00:00,18569.560999999998,18575.489,18533.489,18539.5055
2024-06-03 16:15:00+00:00,18540.478,18557.0055,18535.0055,18535.5
2024-06-03 16:20:00+00:00,18534.978,18542.978,18529.5,18534.9945
2024-06-03 16:25:00+00:00,18534.478,18541.489,18530.560999999998,18534.4945
2024-06-03 16:30:00+00:00,18535.0,18536.5555,18519.5,18522.5165
2024-06-03 16:35:00+00:00,18523.016499999998,18542.983500000002,18520.489,18542.072
2024-06-03 16:40:00+00:00,18541.5,18543.428,18530.478,18533.511
2024-06-03 16:45:00+00:00,18532.522,18541.516499999998,18529.0055,18538.5
2024-06-03 16:50:00+00:00,18538.05,18538.05,18516.4445,18536.011
2024-06-03 16:55:00+00:00,18536.5555,18539.066499999997,18531.9445,18533.0
2024-06-03 17:00:00+00:00,18532.511,18532.511,18520.9945,18521.4945
2024-06-03 17:05:00+00:00,18521.0055,18531.5,18518.428,18519.0555
2024-06-03 17:10:00+00:00,18518.489,18519.022,18503.45,18518.55
2024-06-03 17:15:00+00:00,18519.516499999998,18534.5055,18516.939000000002,18531.0
2024-06-03 17:20:00+00:00,18530.4945,18541.016499999998,18529.511,18532.560999999998
2024-06-03 17:25:00+00:00,18533.011,18543.489,18530.478,18543.022
2024-06-03 17:30:00+00:00,18542.5,18550.0055,18541.0,18544.011
2024-06-03 17:35:00+00:00,18544.2455,18552.060999999998,18539.5055,18547.483500000002
2024-06-03 17:40:00+00:00,18547.016499999998,18556.0055,18546.4835,18553.4945
2024-06-03 17:45:00+00:00,18553.072,18555.0055,18542.9945,18544.9945
2024-06-03 17:50:00+00:00,18544.522,18544.522,18534.522,18539.072
2024-06-03 17:55:00+00:00,18539.4445,18541.511,18532.9945,18540.511
2024-06-03 18:00:00+00:00,18541.0,18550.022,18538.511,18550.022
2024-06-03 18:05:00+00:00,18549.4835,18552.55,18543.95,18547.0055
2024-06-03 18:10:00+00:00,18547.5,18549.5055,18528.978,18529.983500000002
2024-06-03 18:15:00+00:00,18529.45,18543.5555,18529.0,18541.9835
2024-06-03 18:20:00+00:00,18541.4945,18553.9945,18539.95,18550.5
2024-06-03 18:25:00+00:00,18550.016499999998,18554.511,18540.4945,18540.9945
2024-06-03 18:30:00+00:00,18541.5555,18548.978,18540.95,18546.4945
2024-06-03 18:35:00+00:00,18545.5055,18550.0055,18543.072,18549.511
2024-06-03 18:40:00+00:00,18549.983500000002,18557.4945,18544.483500000002,18545.0
2024-06-03 18:45:00+00:00,18544.511,18552.0055,18542.511,18547.0055
2024-06-03 18:50:00+00:00,18547.5555,18547.5555,18533.0055,18536.05
2024-06-03 18:55:00+00:00,18535.0,18544.5055,18532.433500000003,18543.928
2024-06-03 19:00:00+00:00,18543.0055,18551.989,18540.9945,18547.0055
2024-06-03 19:05:00+00:00,18547.483500000002,18549.5,18540.9445,18542.978
2024-06-03 19:10:00+00:00,18541.9945,18553.072,18540.4945,18550.95
2024-06-03 19:15:00+00:00,18551.511,18555.4445,18548.0,18555.4445
2024-06-03 19:20:00+00:00,18555.0,18559.511,18550.4945,18556.0055
2024-06-03 19:25:00+00:00,18556.489,18560.0055,18553.4835,18554.5055
2024-06-03 19:30:00+00:00,18556.5,18561.522,18548.4445,18561.0555
2024-06-03 19:35:00+00:00,18560.5,18561.522,18550.95,18552.9945
2024-06-03 19:40:00+00:00,18553.572,18562.4445,18550.5,18559.0
2024-06-03 19:45:00+00:00,18559.5,18569.4945,18558.4945,18569.0555
2024-06-03 19:50:00+00:00,18569.262,18573.011,18563.0,18572.0055
2024-06-03 19:55:00+00:00,18571.489,18578.9945,18563.55,18573.072
2024-06-03 20:00:00+00:00,18573.922,18580.016499999998,18567.644500000002,18572.989
2024-06-03 20:05:00+00:00,18572.0945,18579.161,18569.5165,18575.589
2024-06-03 20:10:00+00:00,18576.428,18580.072,18576.428,18579.1
2024-06-03 22:05:00+00:00,18576.110999999997,18577.0,18575.2445,18576.161
2024-06-03 22:10:00+00:00,18577.011,18577.011,18576.089,18576.110999999997
2024-06-03 22:15:00+00:00,18577.0055,18577.0055,18573.511,18574.394500000002
2024-06-03 22:20:00+00:00,18573.511,18579.6,18573.511,18579.6
2024-06-03 22:25:00+00:00,18578.8165,18579.5945,18577.9055,18579.5945
2024-06-03 22:30:00+00:00,18580.5055,18584.911,18579.605499999998,18584.011
2024-06-03 22:35:00+00:00,18583.222,18584.961,18583.211,18584.922
2024-06-03 22:40:00+00:00,18584.0,18584.0,18577.9055,18579.6
2024-06-03 22:45:00+00:00,18580.439000000002,18581.389000000003,18578.739,18580.5055
2024-06-03 22:50:00+00:00,18580.939000000002,18581.461,18577.8335,18579.6
2024-06-03 22:55:00+00:00,18580.522,18581.4555,18578.8,18578.85
2024-06-03 23:00:00+00:00,18577.9,18581.394500000002,18577.9,18579.55
2024-06-03 23:05:00+00:00,18580.511,18582.2945,18579.610999999997,18580.4945
2024-06-03 23:10:00+00:00,18581.4665,18581.4665,18579.5335,18579.6
2024-06-03 23:15:00+00:00,18580.105499999998,18582.355499999998,18578.7445,18580.478
2024-06-03 23:20:00+00:00,18581.328,18582.3055,18578.778,18580.478
2024-06-03 23:25:00+00:00,18578.789,18578.8055,18577.066499999997,18577.8835
2024-06-03 23:30:00+00:00,18577.0055,18577.9555,18576.9445,18577.066499999997
2024-06-03 23:35:00+00:00,18577.839,18577.9055,18576.1,18576.1
2024-06-03 23:40:00+00:00,18575.289,18575.289,18570.05,18571.683500000003
2024-06-03 23:45:00+00:00,18570.9165,18571.689000000002,18569.089,18570.011
2024-06-03 23:50:00+00:00,18569.1665,18572.605499999998,18567.3445,18568.2165
2024-06-03 23:55:00+00:00,18567.4055,18568.261,18565.5945,18567.4
2024-06-04 00:00:00+00:00,18568.189000000002,18577.066499999997,18568.189000000002,18575.2945
2024-06-04 00:05:00+00:00,18574.3835,18578.728,18572.589,18578.728
2024-06-04 00:10:00+00:00,18577.9,18584.6,18577.0,18584.6
2024-06-04 00:15:00+00:00,18590.0,18593.4945,18576.439000000002,18577.9945
2024-06-04 00:20:00+00:00,18578.0,18584.016499999998,18574.4945,18584.016499999998
2024-06-04 00:25:00+00:00,18584.4945,18584.4945,18578.0,18581.0
2024-06-04 00:30:00+00:00,18581.501,18586.5,18579.95,18585.9945
2024-06-04 00:35:00+00:00,18586.511,18590.072,18585.0,18585.989
2024-06-04 00:40:00+00:00,18587.566499999997,18587.566499999997,18582.478,18584.9945
2024-06-04 00:45:00+00:00,18585.5,18585.5055,18579.9945,18583.9945
2024-06-04 00:50:00+00:00,18582.983500000002,18585.989,18580.011,18585.5
2024-06-04 00:55:00+00:00,18585.978,18586.072,18580.978,18584.95
2024-06-04 01:00:00+00:00,18585.489,18585.572,18578.072,18581.011
2024-06-04 01:05:00+00:00,18581.572,18581.572,18572.45,18573.978
2024-06-04 01:10:00+00:00,18573.5,18574.989,18570.989,18574.0
2024-06-04 01:15:00+00:00,18573.066499999997,18573.433500000003,18570.95,18572.0
2024-06-04 01:20:00+00:00,18572.5,18574.060999999998,18571.0,18571.928
2024-06-04 01:25:00+00:00,18572.511,18573.428,18570.9945,18572.516499999998
2024-06-04 01:30:00+00:00,18573.0,18575.0,18570.5,18571.0055
2024-06-04 01:35:00+00:00,18572.0,18578.0,18570.9945,18578.0
2024-06-04 01:40:00+00:00,18578.433500000003,18584.489,18578.433500000003,18583.4835
2024-06-04 01:45:00+00:00,18583.05,18583.060999999998,18578.95,18578.978
2024-06-04 01:50:00+00:00,18579.433500000003,18584.0,18576.989,18581.522
2024-06-04 01:55:00+00:00,18585.072,18588.5555,18581.0,18581.016499999998
2024-06-04 02:00:00+00:00,18581.439000000002,18582.9445,18574.928,18580.05
2024-06-04 02:05:00+00:00,18580.566499999997,18584.989,18579.989,18583.5
2024-06-04 02:10:00+00:00,18583.9945,18584.072,18580.978,18581.016499999998
2024-06-04 02:15:00+00:00,18580.749,18582.022,18577.928,18580.0555
2024-06-04 02:20:00+00:00,18579.511,18582.0,18576.9945,18582.0
2024-06-04 02:25:00+00:00,18582.5055,18585.522,18580.0,18580.072
2024-06-04 02:30:00+00:00,18580.2345,18582.928,18578.0,18580.933500000003
2024-06-04 02:35:00+00:00,18581.5,18582.0555,18577.0,18579.483500000002
2024-06-04 02:40:00+00:00,18579.0,18581.0055,18577.439000000002,18581.0055
2024-06-04 02:45:00+00:00,18580.4945,18581.0555,18577.45,18580.0055
2024-06-04 02:50:00+00:00,18580.439000000002,18581.983500000002,18579.5055,18579.928
2024-06-04 02:55:00+00:00,18580.5055,18580.5055,18576.0055,18579.0
2024-06-04 03:00:00+00:00,18579.4945,18579.4945,18572.4445,18574.4945
2024-06-04 03:05:00+00:00,18573.511,18579.016499999998,18569.989,18579.016499999998
2024-06-04 03:10:00+00:00,18577.9445,18578.522,18576.5,18576.928
2024-06-04 03:15:00+00:00,18577.572,18577.572,18572.0,18572.0
2024-06-04 03:20:00+00:00,18571.489,18573.4945,18569.983500000002,18571.9945
2024-06-04 03:25:00+00:00,18571.478,18571.478,18559.978,18561.0555
2024-06-04 03:30:00+00:00,18562.022,18571.989,18562.022,18570.5055
2024-06-04 03:35:00+00:00,18571.0555,18572.5,18567.489,18570.0055
2024-06-04 03:40:00+00:00,18570.5,18571.05,18568.0,18569.55
2024-06-04 03:45:00+00:00,18570.022,18576.0,18568.0055,18574.560999999998
2024-06-04 03:50:00+00:00,18568.433500000003,18572.95,18567.5055,18572.0165
2024-06-04 03:55:00+00:00,18572.5165,18572.983500000002,18571.0165,18571.0165
2024-06-04 04:00:00+00:00,18570.016499999998,18570.978,18566.022,18568.989
2024-06-04 04:05:00+00:00,18568.5,18572.983500000002,18568.0165,18570.989
2024-06-04 04:10:00+00:00,18570.5055,18570.516499999998,18570.0,18570.516499999998
2024-06-04 04:15:00+00:00,18570.011,18576.5055,18570.011,18574.0055
2024-06-04 04:20:00+00:00,18574.45,18579.0,18571.989,18578.011
2024-06-04 04:25:00+00:00,18577.511,18578.066499999997,18573.9945,18576.4835
2024-06-04 04:30:00+00:00,18576.0055,18579.511,18575.939000000002,18578.989
2024-06-04 04:35:00+00:00,18577.9945,18581.5,18576.978,18579.9835
2024-06-04 04:40:00+00:00,18580.4945,18581.4945,18578.0165,18579.011
2024-06-04 04:45:00+00:00,18577.483500000002,18578.016499999998,18576.0555,18576.4945
2024-06-04 04:50:00+00:00,18576.0,18576.566499999997,18571.489,18573.011
2024-06-04 04:55:00+00:00,18573.489,18575.0,18569.9835,18572.439000000002
2024-06-04 05:00:00+00:00,18573.060999999998,18576.439000000002,18570.4945,18575.478
2024-06-04 05:05:00+00:00,18574.4945,18574.4945,18567.0,18571.489
2024-06-04 05:10:00+00:00,18571.0055,18573.516499999998,18569.989,18572.5055
2024-06-04 05:15:00+00:00,18572.060999999998,18577.5165,18571.928,18577.0
2024-06-04 05:20:00+00:00,18577.560999999998,18578.511,18570.9445,18571.0
2024-06-04 05:25:00+00:00,18571.5,18572.5,18568.978,18571.5
2024-06-04 05:30:00+00:00,18572.5055,18572.5055,18559.9945,18562.5055
2024-06-04 05:35:00+00:00,18559.989,18565.933500000003,18557.511,18559.0
2024-06-04 05:40:00+00:00,18559.5,18565.066499999997,18557.522,18564.9945
2024-06-04 05:45:00+00:00,18566.511,18578.0055,18566.511,18575.0055
2024-06-04 05:50:00+00:00,18575.5,18577.511,18561.978,18568.0
2024-06-04 05:55:00+00:00,18568.433500000003,18575.522,18566.022,18571.05
2024-06-04 06:00:00+00:00,18570.5055,18570.572,18551.9835,18558.9945
2024-06-04 06:05:00+00:00,18557.022,18560.011,18554.022,18555.0555
2024-06-04 06:10:00+00:00,18554.55,18556.5,18549.9945,18553.9835
2024-06-04 06:15:00+00:00,18554.5555,18554.5555,18548.511,18549.5
2024-06-04 06:20:00+00:00,18550.511,18554.5,18545.4445,18546.572
2024-06-04 06:25:00+00:00,18545.428,18545.4835,18533.483500000002,18535.5
2024-06-04 06:30:00+00:00,18534.5,18536.4945,18519.0055,18531.5
2024-06-04 06:35:00+00:00,18532.483500000002,18532.511,18518.9945,18529.5
2024-06-04 06:40:00+00:00,18530.4945,18532.428,18523.4835,18529.483500000002
2024-06-04 06:45:00+00:00,18531.9945,18533.433500000003,18527.45,18531.011
2024-06-04 06:50:00+00:00,18530.511,18541.983500000002,18528.489,18533.566499999997
2024-06-04 06:55:00+00:00,18532.5055,18549.572,18530.5055,18549.5555
2024-06-04 07:00:00+00:00,18548.723,18560.5,18534.5,18553.5
2024-06-04 07:05:00+00:00,18554.478,18554.478,18533.4945,18537.55
2024-06-04 07:10:00+00:00,18537.245000000003,18541.5055,18520.989,18538.0
2024-06-04 07:15:00+00:00,18537.4945,18540.439000000002,18523.022,18524.5
2024-06-04 07:20:00+00:00,18523.933500000003,18523.933500000003,18498.222,18506.189000000002
2024-06-04 07:25:00+00:00,18508.2,18513.211,18498.628,18502.189000000002
2024-06-04 07:30:00+00:00,18501.689000000002,18512.216500000002,18488.65,18507.183500000003
2024-06-04 07:35:00+00:00,18506.7055,18533.7,18506.7055,18533.216500000002
2024-06-04 07:40:00+00:00,18532.7555,18548.2,18526.2,18548.2
2024-06-04 07:45:00+00:00,18547.639000000003,18554.2,18541.2,18542.272
2024-06-04 07:50:00+00:00,18543.689000000002,18552.683500000003,18538.722,18542.2
2024-06-04 07:55:00+00:00,18541.65,18542.2,18526.2,18533.1945
2024-06-04 08:00:00+00:00,18532.189000000002,18533.216500000002,18508.7,18517.6835
2024-06-04 08:05:00+00:00,18518.183500000003,18530.2555,18512.7055,18524.139000000003
2024-06-04 08:10:00+00:00,18525.189000000002,18525.189000000002,18493.2,18499.178
2024-06-04 08:15:00+00:00,18500.261,18508.2,18494.7055,18498.222
2024-06-04 08:20:00+00:00,18497.7,18511.272,18495.711,18504.2
2024-06-04 08:25:00+00:00,18504.7055,18504.7055,18485.7,18497.189000000002
2024-06-04 08:30:00+00:00,18498.772,18507.211,18478.128,18478.133500000004
2024-06-04 08:35:00+00:00,18477.7165,18479.7055,18465.272,18472.678
2024-06-04 08:40:00+00:00,18472.272,18477.2,18465.2,18476.2
2024-06-04 08:45:00+00:00,18475.689000000002,18482.266499999998,18465.3835,18466.9055
2024-06-04 08:50:00+00:00,18465.883500000004,18466.9,18439.394500000002,18445.911
2024-06-04 08:55:00+00:00,18444.8445,18447.894500000002,18434.9055,18438.4055
2024-06-04 09:00:00+00:00,18439.4055,18447.461,18404.911,18405.828
2024-06-04 09:05:00+00:00,18406.3835,18422.894500000002,18397.4055,18397.839
2024-06-04 09:10:00+00:00,18398.9,18414.45,18398.9,18406.922
2024-06-04 09:15:00+00:00,18405.9555,18405.9555,18383.4165,18386.894500000002
2024-06-04 09:20:00+00:00,18386.4055,18396.889000000003,18373.383500000004,18387.339
2024-06-04 09:25:00+00:00,18386.4,18403.894500000002,18385.894500000002,18391.394500000002
2024-06-04 09:30:00+00:00,18393.894500000002,18407.894500000002,18390.9,18390.9
2024-06-04 09:35:00+00:00,18391.472,18405.394500000002,18383.878,18405.394500000002
2024-06-04 09:40:00+00:00,18404.4055,18407.411,18388.4,18395.389000000003
2024-06-04 09:45:00+00:00,18394.378,18398.411,18373.9,18387.4165
2024-06-04 09:50:00+00:00,18386.4055,18389.922,18379.3835,18381.4
2024-06-04 09:55:00+00:00,18382.9,18397.889000000003,18380.889000000003,18388.95
2024-06-04 10:00:00+00:00,18389.3445,18389.3445,18371.894500000002,18377.4055
2024-06-04 10:05:00+00:00,18376.389000000003,18376.889000000003,18362.3835,18362.9165
2024-06-04 10:10:00+00:00,18361.8335,18384.4,18361.3335,18384.394500000002
2024-06-04 10:15:00+00:00,18387.883500000004,18402.894500000002,18384.383500000004,18401.4
2024-06-04 10:20:00+00:00,18400.9,18402.4,18390.378,18397.3335
2024-06-04 10:25:00+00:00,18397.889000000003,18402.894500000002,18390.4,18390.9055
2024-06-04 10:30:00+00:00,18390.4055,18399.9165,18387.4055,18398.9555
2024-06-04 10:35:00+00:00,18399.4055,18405.4,18396.339,18396.35
2024-06-04 10:40:00+00:00,18394.894500000002,18397.9,18380.889000000003,18383.394500000002
2024-06-04 10:45:00+00:00,18383.889000000003,18389.4055,18380.378,18381.389000000003
2024-06-04 10:50:00+00:00,18381.9555,18394.911,18378.911,18389.9165
2024-06-04 10:55:00+00:00,18390.389000000003,18394.394500000002,18383.3835,18392.461
2024-06-04 11:00:00+00:00,18392.8445,18411.389000000003,18392.411,18411.389000000003
2024-06-04 11:05:00+00:00,18410.9,18412.411,18403.35,18411.911
2024-06-04 11:10:00+00:00,18411.4055,18419.9665,18407.839,18416.839
2024-06-04 11:15:00+00:00,18416.328,18429.894500000002,18414.878,18426.3835
2024-06-04 11:20:00+00:00,18427.378,18430.839,18423.35,18425.4665
2024-06-04 11:25:00+00:00,18424.972,18433.4,18423.9055,18424.394500000002
2024-06-04 11:30:00+00:00,18423.9055,18442.4165,18421.95,18440.4555
2024-06-04 11:35:00+00:00,18441.411,18451.4555,18438.911,18450.9
2024-06-04 11:40:00+00:00,18450.4,18463.4165,18446.85,18463.4165
2024-06-04 11:45:00+00:00,18463.9055,18466.411,18456.328,18460.339
2024-06-04 11:50:00+00:00,18460.645500000002,18475.922,18456.9,18474.894500000002
2024-06-04 11:55:00+00:00,18474.4,18484.4,18470.472,18481.339
2024-06-04 12:00:00+00:00,18480.889000000003,18484.394500000002,18465.394500000002,18470.4055
2024-06-04 12:05:00+00:00,18469.9,18478.911,18468.8445,18477.9
2024-06-04 12:10:00+00:00,18477.389000000003,18481.922,18469.889000000003,18479.394500000002
2024-06-04 12:15:00+00:00,18479.9555,18490.911,18477.9,18489.3445
2024-06-04 12:20:00+00:00,18490.411,18492.4,18483.45,18484.9055
2024-06-04 12:25:00+00:00,18485.9055,18494.9555,18484.8445,18486.411
2024-06-04 12:30:00+00:00,18485.9665,18498.9,18485.389000000003,18497.4
2024-06-04 12:35:00+00:00,18498.4,18500.4665,18494.394500000002,18494.45
2024-06-04 12:40:00+00:00,18493.911,18500.472,18490.411,18499.389000000003
2024-06-04 12:45:00+00:00,18499.883500000004,18507.894500000002,18498.389000000003,18503.9055
2024-06-04 12:50:00+00:00,18503.389000000003,18512.4555,18497.0,18500.511
2024-06-04 12:55:00+00:00,18498.5055,18506.439000000002,18489.928,18506.439000000002
2024-06-04 13:00:00+00:00,18507.5055,18509.5555,18491.566499999997,18491.566499999997
2024-06-04 13:05:00+00:00,18491.011,18502.489,18488.978,18499.016499999998
2024-06-04 13:10:00+00:00,18499.5055,18517.4835,18495.989,18495.989
2024-06-04 13:15:00+00:00,18495.016499999998,18509.5,18491.439000000002,18503.978
2024-06-04 13:20:00+00:00,18503.5055,18511.0,18500.0055,18510.489
2024-06-04 13:25:00+00:00,18510.9945,18517.9945,18502.5,18505.5055
2024-06-04 13:30:00+00:00,18504.95,18510.511,18493.489,18494.489
2024-06-04 13:35:00+00:00,18493.4945,18499.05,18483.566499999997,18490.9945
2024-06-04 13:40:00+00:00,18491.489,18512.4945,18486.511,18508.022
2024-06-04 13:45:00+00:00,18507.4945,18528.0165,18507.0,18518.5
2024-06-04 13:50:00+00:00,18519.489,18528.5,18504.489,18504.489
2024-06-04 13:55:00+00:00,18505.0,18517.5,18498.5,18517.0055
2024-06-04 14:00:00+00:00,18504.989,18541.5055,18503.072,18513.439000000002
2024-06-04 14:05:00+00:00,18512.5,18523.560999999998,18500.4945,18512.0555
2024-06-04 14:10:00+00:00,18511.511,18524.5555,18501.9445,18509.55
2024-06-04 14:15:00+00:00,18508.5555,18517.011,18497.060999999998,18505.439000000002
2024-06-04 14:20:00+00:00,18506.5055,18511.560999999998,18472.939000000002,18472.939000000002
2024-06-04 14:25:00+00:00,18471.489,18486.4945,18470.928,18475.978
2024-06-04 14:30:00+00:00,18475.5055,18490.9835,18467.0,18468.489
2024-06-04 14:35:00+00:00,18470.011,18470.560999999998,18449.0055,18464.5055
2024-06-04 14:40:00+00:00,18464.9835,18476.572,18464.9835,18472.5
2024-06-04 14:45:00+00:00,18471.933500000003,18475.5165,18448.4445,18448.4445
2024-06-04 14:50:00+00:00,18450.0055,18453.016499999998,18437.45,18444.928
2024-06-04 14:55:00+00:00,18444.560999999998,18444.560999999998,18423.489,18427.522
2024-06-04 15:00:00+00:00,18428.0,18437.566499999997,18424.45,18428.989
2024-06-04 15:05:00+00:00,18429.433500000003,18435.5165,18418.0,18428.511
2024-06-04 15:10:00+00:00,18429.439000000002,18434.5555,18418.0555,18421.439000000002
2024-06-04 15:15:00+00:00,18420.9945,18436.0,18419.5165,18434.433500000003
2024-06-04 15:20:00+00:00,18434.9945,18437.978,18428.9945,18434.0055
2024-06-04 15:25:00+00:00,18433.5555,18437.0055,18415.5165,18416.5
2024-06-04 15:30:00+00:00,18417.0,18418.066499999997,18390.0,18398.511
2024-06-04 15:35:00+00:00,18402.566499999997,18407.572,18394.5055,18400.4945
2024-06-04 15:40:00+00:00,18401.066499999997,18406.511,18394.483500000002,18404.572
2024-06-04 15:45:00+00:00,18404.0165,18410.928,18394.5055,18399.483500000002
2024-06-04 15:50:00+00:00,18400.0055,18404.489,18396.428,18398.983500000002
2024-06-04 15:55:00+00:00,18399.5,18401.4945,18386.9945,18389.011
2024-06-04 16:00:00+00:00,18389.5055,18398.066499999997,18379.989,18396.511
2024-06-04 16:05:00+00:00,18395.4945,18399.011,18381.5055,18385.5555
2024-06-04 16:10:00+00:00,18386.428,18397.478,18383.5,18396.0165
2024-06-04 16:15:00+00:00,18395.522,18400.0,18391.566499999997,18394.9445
2024-06-04 16:20:00+00:00,18394.4945,18404.072,18393.9945,18403.511
2024-06-04 16:25:00+00:00,18404.0165,18424.022,18402.989,18419.55
2024-06-04 16:30:00+00:00,18418.4945,18419.5,18408.433500000003,18413.433500000003
2024-06-04 16:35:00+00:00,18414.05,18415.5055,18406.4945,18414.05
2024-06-04 16:40:00+00:00,18413.433500000003,18428.978,18410.45,18426.9945
2024-06-04 16:45:00+00:00,18427.489,18436.5165,18425.489,18432.439000000002
2024-06-04 16:50:00+00:00,18432.0,18432.566499999997,18410.0055,18419.072
2024-06-04 16:55:00+00:00,18419.5055,18428.011,18419.489,18424.489
2024-06-04 17:00:00+00:00,18423.9945,18426.5055,18415.5,18421.4945
2024-06-04 17:05:00+00:00,18422.5,18423.016499999998,18405.0055,18411.011
2024-06-04 17:10:00+00:00,18412.511,18423.928,18410.4445,18421.560999999998
2024-06-04 17:15:00+00:00,18421.0,18427.5555,18418.4445,18426.428
2024-06-04 17:20:00+00:00,18427.0,18431.0055,18421.9835,18421.9835
2024-06-04 17:25:00+00:00,18421.489,18438.0,18413.439000000002,18437.45
2024-06-04 17:30:00+00:00,18437.9945,18441.5555,18420.978,18422.989
2024-06-04 17:35:00+00:00,18422.489,18429.011,18419.489,18428.5
2024-06-04 17:40:00+00:00,18427.928,18437.0,18427.928,18428.5165
2024-06-04 17:45:00+00:00,18428.751,18436.0,18428.751,18434.0055
2024-06-04 17:50:00+00:00,18434.5,18439.489,18433.4945,18438.5
2024-06-04 17:55:00+00:00,18438.989,18443.0055,18431.0,18433.560999999998
2024-06-04 18:00:00+00:00,18434.522,18438.5555,18431.066499999997,18438.478
2024-06-04 18:05:00+00:00,18438.0,18440.55,18433.978,18439.55
2024-06-04 18:10:00+00:00,18439.060999999998,18447.511,18437.433500000003,18445.511
2024-06-04 18:15:00+00:00,18445.983500000002,18462.428,18445.4945,18461.0165
2024-06-04 18:20:00+00:00,18461.5,18478.011,18460.9835,18475.989
2024-06-04 18:25:00+00:00,18477.066499999997,18478.983500000002,18463.428,18474.0165
2024-06-04 18:30:00+00:00,18474.95,18476.572,18464.016499999998,18464.5055
2024-06-04 18:35:00+00:00,18465.0,18469.016499999998,18459.478,18462.428
2024-06-04 18:40:00+00:00,18461.978,18472.0,18460.5055,18469.9945
2024-06-04 18:45:00+00:00,18470.5,18474.060999999998,18468.0,18471.5
2024-06-04 18:50:00+00:00,18472.4945,18473.560999999998,18466.478,18468.5
2024-06-04 18:55:00+00:00,18467.4835,18470.489,18458.5055,18459.566499999997
2024-06-04 19:00:00+00:00,18460.5,18462.0555,18434.4445,18439.439000000002
2024-06-04 19:05:00+00:00,18438.9945,18443.489,18430.5055,18440.5055
2024-06-04 19:10:00+00:00,18440.9945,18450.0,18439.928,18441.483500000002
2024-06-04 19:15:00+00:00,18441.939000000002,18451.566499999997,18440.0055,18447.511
2024-06-04 19:20:00+00:00,18446.5055,18456.483500000002,18444.478,18456.483500000002
2024-06-04 19:25:00+00:00,18455.933500000003,18459.489,18452.5,18457.9945
2024-06-04 19:30:00+00:00,18457.0055,18459.5,18446.483500000002,18451.489
2024-06-04 19:35:00+00:00,18451.060999999998,18453.0,18441.483500000002,18446.4945
2024-06-04 19:40:00+00:00,18447.0,18467.0055,18446.978,18466.4445
2024-06-04 19:45:00+00:00,18465.5,18468.5165,18455.4945,18462.0
2024-06-04 19:50:00+00:00,18462.95,18473.0,18462.95,18468.0
2024-06-04 19:55:00+00:00,18468.489,18469.0,18459.9445,18461.4835
2024-06-04 20:00:00+00:00,18460.5,18463.15,18449.183500000003,18455.289
2024-06-04 20:05:00+00:00,18456.05,18463.116499999996,18453.5555,18460.566499999997
2024-06-04 20:10:00+00:00,18461.383500000004,18466.610999999997,18461.383500000004,18462.1945
2024-06-04 22:05:00+00:00,18462.566499999997,18462.566499999997,18453.7835,18456.411
2024-06-04 22:10:00+00:00,18457.3055,18459.9055,18457.3055,18458.1
2024-06-04 22:15:00+00:00,18459.060999999998,18460.716500000002,18458.110999999997,18459.0
2024-06-04 22:20:00+00:00,18459.9665,18462.4945,18459.894500000002,18462.478
2024-06-04 22:25:00+00:00,18461.589,18462.5165,18460.711,18462.5
2024-06-04 22:30:00+00:00,18461.5835,18463.4,18461.5835,18463.389000000003
2024-06-04 22:35:00+00:00,18463.7945,18467.644500000002,18463.328,18467.633500000004
2024-06-04 22:40:00+00:00,18466.810999999998,18467.7,18465.1,18466.011
2024-06-04 22:45:00+00:00,18466.7945,18472.110999999997,18466.7945,18471.222
2024-06-04 22:50:00+00:00,18470.366499999996,18472.9945,18470.366499999996,18472.1165
2024-06-04 22:55:00+00:00,18472.989,18474.766499999998,18472.933500000003,18474.639000000003
2024-06-04 23:00:00+00:00,18475.6,18480.739,18475.539,18480.739
2024-06-04 23:05:00+00:00,18479.85,18488.7055,18479.85,18486.922
2024-06-04 23:10:00+00:00,18486.0055,18488.711,18485.989,18487.011
2024-06-04 23:15:00+00:00,18487.9555,18487.9555,18482.633500000004,18484.394500000002
2024-06-04 23:20:00+00:00,18483.5055,18483.5055,18478.3,18478.3
2024-06-04 23:25:00+00:00,18477.472,18480.172,18476.5945,18479.1945
2024-06-04 23:30:00+00:00,18480.089,18486.2055,18479.1835,18486.2055
2024-06-04 23:35:00+00:00,18487.011,18487.011,18480.95,18481.394500000002
2024-06-04 23:40:00+00:00,18481.778,18481.85,18478.310999999998,18478.310999999998
2024-06-04 23:45:00+00:00,18479.2,18482.678,18478.2945,18482.65
2024-06-04 23:50:00+00:00,18482.2,18484.461,18480.039,18483.560999999998
2024-06-04 23:55:00+00:00,18484.3835,18486.6165,18484.3835,18486.139000000003
2024-06-05 00:00:00+00:00,18486.989,18487.0,18482.633500000004,18484.411
2024-06-05 00:05:00+00:00,18485.360999999997,18485.366499999996,18480.894500000002,18483.489
2024-06-05 00:10:00+00:00,18484.472,18486.1835,18482.6945,18486.1835
2024-06-05 00:15:00+00:00,18477.4945,18492.572,18474.483500000002,18490.011
2024-06-05 00:20:00+00:00,18490.0055,18494.0165,18485.428,18494.0165
2024-06-05 00:25:00+00:00,18494.5165,18494.5165,18485.511,18493.0055
2024-06-05 00:30:00+00:00,18493.439000000002,18495.983500000002,18487.9945,18494.983500000002
2024-06-05 00:35:00+00:00,18494.0055,18496.511,18494.0055,18494.0165
2024-06-05 00:40:00+00:00,18495.978,18495.978,18484.0,18484.5
2024-06-05 00:45:00+00:00,18485.011,18489.0055,18485.011,18487.478
2024-06-05 00:50:00+00:00,18487.0055,18487.989,18479.4945,18479.4945
2024-06-05 00:55:00+00:00,18479.989,18482.983500000002,18476.9945,18478.511
2024-06-05 01:00:00+00:00,18479.0055,18483.0055,18475.978,18478.4945
2024-06-05 01:05:00+00:00,18479.0165,18479.522,18475.939000000002,18476.489
2024-06-05 01:10:00+00:00,18475.983500000002,18476.516499999998,18470.0,18473.072
2024-06-05 01:15:00+00:00,18474.016499999998,18478.5165,18473.478,18473.478
2024-06-05 01:20:00+00:00,18472.933500000003,18472.989,18466.483500000002,18469.5555
2024-06-05 01:25:00+00:00,18469.0,18473.5165,18468.5,18473.5165
2024-06-05 01:30:00+00:00,18472.9445,18477.4945,18471.0555,18474.478
2024-06-05 01:35:00+00:00,18474.9945,18479.511,18473.0055,18474.433500000003
2024-06-05 01:40:00+00:00,18476.511,18491.0165,18474.483500000002,18491.0165
2024-06-05 01:45:00+00:00,18491.516499999998,18503.066499999997,18491.516499999998,18500.483500000002
2024-06-05 01:50:00+00:00,18499.4835,18504.011,18497.489,18497.560999999998
2024-06-05 01:55:00+00:00,18498.0,18507.5055,18498.0,18507.489
2024-06-05 02:00:00+00:00,18507.0,18510.45,18499.5055,18500.4945
2024-06-05 02:05:00+00:00,18499.5,18504.522,18497.5055,18501.4945
2024-06-05 02:10:00+00:00,18502.0055,18505.9445,18501.072,18505.9445
2024-06-05 02:15:00+00:00,18505.0,18505.5055,18502.45,18504.566499999997
2024-06-05 02:20:00+00:00,18504.9945,18505.05,18503.0055,18503.4835
2024-06-05 02:25:00+00:00,18502.9945,18505.4945,18500.489,18500.9835
2024-06-05 02:30:00+00:00,18502.0,18507.5055,18499.983500000002,18502.489
2024-06-05 02:35:00+00:00,18502.0055,18505.072,18502.0055,18503.9945
2024-06-05 02:40:00+00:00,18503.489,18504.066499999997,18500.9945,18503.489
2024-06-05 02:45:00+00:00,18503.0555,18505.022,18499.9945,18502.5
2024-06-05 02:50:00+00:00,18502.0,18502.5555,18499.016499999998,18499.989
2024-06-05 02:55:00+00:00,18500.5055,18500.5055,18497.0,18498.4945
2024-06-05 03:00:00+00:00,18499.072,18500.9445,18494.9445,18496.4945
2024-06-05 03:05:00+00:00,18496.0165,18499.066499999997,18495.5,18497.428
2024-06-05 03:10:00+00:00,18496.9945,18499.4835,18496.0,18497.55
2024-06-05 03:15:00+00:00,18497.011,18498.522,18496.4945,18496.5165
2024-06-05 03:20:00+00:00,18496.0555,18498.016499999998,18494.978,18498.016499999998
2024-06-05 03:25:00+00:00,18497.4945,18498.0,18495.9945,18497.5
2024-06-05 03:30:00+00:00,18498.066499999997,18501.928,18497.489,18501.928
2024-06-05 03:35:00+00:00,18500.489,18501.989,18500.489,18501.4445
2024-06-05 03:40:00+00:00,18500.428,18501.0055,18500.428,18500.5
2024-06-05 03:45:00+00:00,18499.989,18500.9945,18497.989,18497.989
2024-06-05 03:50:00+00:00,18497.566499999997,18499.522,18496.9945,18498.066499999997
2024-06-05 03:55:00+00:00,18496.933500000003,18499.511,18496.433500000003,18499.433500000003
2024-06-05 04:00:00+00:00,18499.95,18502.989,18499.5055,18502.0055
2024-06-05 04:05:00+00:00,18503.011,18505.0,18500.489,18500.489
2024-06-05 04:10:00+00:00,18501.060999999998,18503.478,18501.060999999998,18502.983500000002
2024-06-05 04:15:00+00:00,18503.5,18504.983500000002,18501.4945,18502.5
2024-06-05 04:20:00+00:00,18503.5055,18504.011,18502.066499999997,18502.5165
2024-06-05 04:25:00+00:00,18503.5055,18507.511,18503.5055,18506.983500000002
2024-06-05 04:30:00+00:00,18507.433500000003,18512.060999999998,18507.016499999998,18511.45
2024-06-05 04:35:00+00:00,18511.072,18511.072,18507.9445,18508.5
2024-06-05 04:40:00+00:00,18508.9945,18512.0555,18508.9945,18512.0555
2024-06-05 04:45:00+00:00,18512.428,18515.011,18508.0,18510.522
2024-06-05 04:50:00+00:00,18511.072,18512.989,18511.072,18512.989
2024-06-05 04:55:00+00:00,18512.5,18516.05,18505.072,18508.4945
2024-06-05 05:00:00+00:00,18507.011,18515.5555,18503.0,18515.022
2024-06-05 05:05:00+00:00,18515.5055,18521.439000000002,18511.511,18521.060999999998
2024-06-05 05:10:00+00:00,18521.428,18527.9945,18519.0055,18520.572
2024-06-05 05:15:00+00:00,18521.066499999997,18522.478,18515.5,18516.4445
2024-06-05 05:20:00+00:00,18517.0055,18521.022,18515.5,18520.011
2024-06-05 05:25:00+00:00,18519.489,18520.060999999998,18515.011,18518.572
2024-06-05 05:30:00+00:00,18518.983500000002,18520.0555,18515.9945,18515.9945
2024-06-05 05:35:00+00:00,18517.0,18518.016499999998,18512.4445,18513.522
2024-06-05 05:40:00+00:00,18513.933500000003,18515.5,18509.978,18515.016499999998
2024-06-05 05:45:00+00:00,18514.011,18514.511,18511.0,18511.0
2024-06-05 05:50:00+00:00,18511.433500000003,18514.433500000003,18508.928,18514.433500000003
2024-06-05 05:55:00+00:00,18514.011,18528.0055,18513.5,18523.5
2024-06-05 06:00:00+00:00,18523.5055,18528.5,18513.983500000002,18519.5165
2024-06-05 06:05:00+00:00,18519.0,18522.989,18511.0,18518.066499999997
2024-06-05 06:10:00+00:00,18518.428,18520.0055,18509.9945,18513.0
2024-06-05 06:15:00+00:00,18512.4445,18526.0,18512.4445,18525.989
2024-06-05 06:20:00+00:00,18526.516499999998,18528.439000000002,18515.939000000002,18522.0055
2024-06-05 06:25:00+00:00,18523.011,18525.9945,18506.989,18508.022
2024-06-05 06:30:00+00:00,18507.5055,18519.0555,18506.5,18513.0
2024-06-05 06:35:00+00:00,18513.989,18520.066499999997,18512.45,18516.011
2024-06-05 06:40:00+00:00,18516.4945,18521.522,18514.4945,18515.5055
2024-06-05 06:45:00+00:00,18514.516499999998,18517.9945,18505.439000000002,18505.439000000002
2024-06-05 06:50:00+00:00,18504.011,18508.060999999998,18501.933500000003,18505.011
2024-06-05 06:55:00+00:00,18504.0165,18520.4945,18504.0165,18514.516499999998
2024-06-05 07:00:00+00:00,18512.928,18535.522,18509.0555,18515.983500000002
2024-06-05 07:05:00+00:00,18517.0,18521.483500000002,18491.489,18495.066499999997
2024-06-05 07:10:00+00:00,18494.5055,18500.5,18485.439000000002,18493.4945
2024-06-05 07:15:00+00:00,18492.5,18511.5055,18492.5,18500.9945
2024-06-05 07:20:00+00:00,18501.572,18515.95,18499.5,18508.511
2024-06-05 07:25:00+00:00,18509.5165,18512.5,18492.0,18510.9945
2024-06-05 07:30:00+00:00,18511.478,18523.4945,18507.022,18516.011
2024-06-05 07:35:00+00:00,18517.072,18520.011,18510.433500000003,18517.978
2024-06-05 07:40:00+00:00,18517.4835,18523.0555,18507.933500000003,18509.011
2024-06-05 07:45:00+00:00,18508.4945,18517.5555,18507.489,18513.9945
2024-06-05 07:50:00+00:00,18514.5,18526.5,18512.9945,18523.066499999997
2024-06-05 07:55:00+00:00,18522.4945,18528.5055,18507.4945,18509.9835
2024-06-05 08:00:00+00:00,18511.0055,18527.489,18509.5055,18519.5165
2024-06-05 08:05:00+00:00,18520.0055,18529.0,18517.0,18518.0055
2024-06-05 08:10:00+00:00,18517.060999999998,18519.0,18506.428,18512.989
2024-06-05 08:15:00+00:00,18512.522,18514.95,18492.5055,18493.489
2024-06-05 08:20:00+00:00,18493.0165,18496.0055,18484.4445,18491.0555
2024-06-05 08:25:00+00:00,18490.4945,18504.0055,18488.978,18496.022
2024-06-05 08:30:00+00:00,18494.928,18516.060999999998,18493.022,18512.933500000003
2024-06-05 08:35:00+00:00,18512.05,18520.066499999997,18508.9945,18520.0
2024-06-05 08:40:00+00:00,18519.5055,18520.95,18515.0,18515.5
2024-06-05 08:45:00+00:00,18516.0,18517.5165,18508.4945,18509.989
2024-06-05 08:50:00+00:00,18509.0555,18518.4945,18506.933500000003,18514.0555
2024-06-05 08:55:00+00:00,18513.522,18513.989,18498.066499999997,18499.5
2024-06-05 09:00:00+00:00,18500.4945,18511.9945,18498.5,18510.5
2024-06-05 09:05:00+00:00,18511.0055,18516.011,18507.428,18514.5055
2024-06-05 09:10:00+00:00,18513.989,18516.5,18504.0055,18504.0055
2024-06-05 09:15:00+00:00,18502.9945,18510.05,18495.0055,18507.0055
2024-06-05 09:20:00+00:00,18508.0,18509.066499999997,18500.5,18507.560999999998
2024-06-05 09:25:00+00:00,18508.0,18508.5,18503.5,18507.066499999997
2024-06-05 09:30:00+00:00,18507.511,18516.0,18507.428,18515.489
2024-06-05 09:35:00+00:00,18516.0,18518.511,18511.4945,18517.5165
2024-06-05 09:40:00+00:00,18517.0055,18518.066499999997,18505.489,18511.011
2024-06-05 09:45:00+00:00,18510.566499999997,18513.066499999997,18505.4835,18510.989
2024-06-05 09:50:00+00:00,18510.489,18524.0055,18510.489,18523.5165
2024-06-05 09:55:00+00:00,18523.9945,18529.5055,18519.928,18528.9835
2024-06-05 10:00:00+00:00,18529.5055,18534.0,18527.0,18528.4445
2024-06-05 10:05:00+00:00,18528.9445,18530.0555,18522.439000000002,18530.0
2024-06-05 10:10:00+00:00,18531.072,18539.572,18531.0,18539.572
2024-06-05 10:15:00+00:00,18540.5555,18546.511,18540.478,18544.4945
2024-06-05 10:20:00+00:00,18544.978,18549.572,18537.9835,18544.95
2024-06-05 10:25:00+00:00,18545.489,18549.45,18543.4445,18549.05
2024-06-05 10:30:00+00:00,18549.5,18566.0,18548.5,18563.428
2024-06-05 10:35:00+00:00,18564.4945,18566.011,18557.489,18557.489
2024-06-05 10:40:00+00:00,18558.560999999998,18561.560999999998,18549.5,18549.5
2024-06-05 10:45:00+00:00,18550.5165,18561.011,18550.5165,18560.4945
2024-06-05 10:50:00+00:00,18560.011,18565.978,18559.0055,18562.011
2024-06-05 10:55:00+00:00,18562.4835,18563.516499999998,18554.978,18555.0
2024-06-05 11:00:00+00:00,18554.566499999997,18557.983500000002,18548.989,18553.0
2024-06-05 11:05:00+00:00,18552.5,18558.5555,18551.9835,18552.95
2024-06-05 11:10:00+00:00,18552.5,18567.5,18552.0555,18567.0055
2024-06-05 11:15:00+00:00,18566.572,18571.05,18561.433500000003,18562.928
2024-06-05 11:20:00+00:00,18562.5055,18566.5055,18559.9835,18564.0555
2024-06-05 11:25:00+00:00,18563.489,18578.0555,18562.9445,18577.566499999997
2024-06-05 11:30:00+00:00,18578.011,18596.5555,18576.5055,18589.483500000002
2024-06-05 11:35:00+00:00,18589.05,18597.0555,18587.5,18596.428
2024-06-05 11:40:00+00:00,18596.928,18603.011,18592.0,18592.0
2024-06-05 11:45:00+00:00,18592.511,18603.489,18591.5,18602.05
2024-06-05 11:50:00+00:00,18601.5555,18610.0055,18601.0,18608.5
2024-06-05 11:55:00+00:00,18607.9945,18608.511,18601.433500000003,18603.0
2024-06-05 12:00:00+00:00,18602.5,18608.4835,18601.0,18605.439000000002
2024-06-05 12:05:00+00:00,18604.0555,18613.5165,18603.489,18609.0
2024-06-05 12:10:00+00:00,18608.560999999998,18613.511,18602.5,18604.4835
2024-06-05 12:15:00+00:00,18605.4945,18608.011,18583.489,18587.5165
2024-06-05 12:20:00+00:00,18587.995499999997,18596.522,18587.995499999997,18594.060999999998
2024-06-05 12:25:00+00:00,18593.483500000002,18601.0555,18592.489,18596.9445
2024-06-05 12:30:00+00:00,18596.483500000002,18604.072,18587.45,18602.45
2024-06-05 12:35:00+00:00,18601.572,18608.989,18600.478,18607.989
2024-06-05 12:40:00+00:00,18607.4835,18616.522,18604.0,18616.478
2024-06-05 12:45:00+00:00,18615.95,18619.0,18611.4945,18612.511
2024-06-05 12:50:00+00:00,18613.0,18622.060999999998,18612.566499999997,18619.9945
2024-06-05 12:55:00+00:00,18619.0,18620.439000000002,18614.5,18616.0
2024-06-05 13:00:00+00:00,18615.0055,18625.022,18614.9835,18623.4945
2024-06-05 13:05:00+00:00,18623.011,18625.072,18619.560999999998,18622.9445
2024-06-05 13:10:00+00:00,18622.4445,18624.489,18613.428,18613.483500000002
2024-06-05 13:15:00+00:00,18612.983500000002,18617.560999999998,18608.489,18614.928
2024-06-05 13:20:00+00:00,18615.511,18621.0055,18612.4945,18615.5055
2024-06-05 13:25:00+00:00,18615.989,18618.572,18606.5,18607.5165
2024-06-05 13:30:00+00:00,18608.275,18608.55,18590.489,18593.011
2024-06-05 13:35:00+00:00,18592.511,18597.0055,18584.4945,18585.0
2024-06-05 13:40:00+00:00,18585.933500000003,18585.933500000003,18564.560999999998,18573.95
2024-06-05 13:45:00+00:00,18574.9445,18577.0055,18549.566499999997,18549.989
2024-06-05 13:50:00+00:00,18549.0055,18560.0055,18534.9945,18558.4945
2024-06-05 13:55:00+00:00,18558.0,18558.483500000002,18548.060999999998,18554.489
2024-06-05 14:00:00+00:00,18555.0165,18558.95,18515.011,18552.05
2024-06-05 14:05:00+00:00,18551.483500000002,18553.022,18522.0,18523.433500000003
2024-06-05 14:10:00+00:00,18522.4945,18545.05,18522.4945,18535.489
2024-06-05 14:15:00+00:00,18535.011,18549.9945,18531.0,18537.0055
2024-06-05 14:20:00+00:00,18537.4945,18559.0055,18536.4945,18554.9835
2024-06-05 14:25:00+00:00,18556.0165,18566.939000000002,18546.0,18547.0055
2024-06-05 14:30:00+00:00,18547.516499999998,18559.433500000003,18541.516499999998,18556.5055
2024-06-05 14:35:00+00:00,18557.0055,18564.560999999998,18546.989,18547.011
2024-06-05 14:40:00+00:00,18547.4835,18563.016499999998,18547.4835,18557.0
2024-06-05 14:45:00+00:00,18557.5,18558.0555,18544.45,18546.0
2024-06-05 14:50:00+00:00,18545.483500000002,18556.489,18540.9835,18555.0
2024-06-05 14:55:00+00:00,18554.5555,18565.511,18550.483500000002,18554.072
2024-06-05 15:00:00+00:00,18554.5065,18569.0,18554.5,18563.9945
2024-06-05 15:05:00+00:00,18562.95,18569.566499999997,18556.978,18557.439000000002
2024-06-05 15:10:00+00:00,18557.978,18577.4945,18557.4445,18577.022
2024-06-05 15:15:00+00:00,18577.5055,18581.05,18571.933500000003,18578.9945
2024-06-05 15:20:00+00:00,18578.5,18579.978,18571.95,18574.45
2024-06-05 15:25:00+00:00,18575.072,18579.5,18568.5055,18570.522
2024-06-05 15:30:00+00:00,18571.489,18578.45,18566.45,18577.428
2024-06-05 15:35:00+00:00,18577.983500000002,18590.95,18575.439000000002,18587.5
2024-06-05 15:40:00+00:00,18586.9835,18598.560999999998,18582.9445,18595.0
2024-06-05 15:45:00+00:00,18595.5165,18598.5055,18590.0,18596.428
2024-06-05 15:50:00+00:00,18597.066499999997,18597.478,18590.489,18595.0555
2024-06-05 15:55:00+00:00,18594.0,18601.566499999997,18592.0055,18596.928
2024-06-05 16:00:00+00:00,18595.9835,18597.072,18592.478,18595.022
2024-06-05 16:05:00+00:00,18594.5,18594.5,18586.4945,18588.4445
2024-06-05 16:10:00+00:00,18588.0055,18597.5555,18587.4945,18592.0165
2024-06-05 16:15:00+00:00,18591.5055,18592.011,18586.933500000003,18589.0
2024-06-05 16:20:00+00:00,18588.55,18589.05,18582.4945,18583.55
2024-06-05 16:25:00+00:00,18583.9835,18585.5555,18579.939000000002,18585.5055
2024-06-05 16:30:00+00:00,18586.0165,18593.4945,18585.0,18593.011
2024-06-05 16:35:00+00:00,18592.489,18601.483500000002,18592.489,18599.0
2024-06-05 16:40:00+00:00,18599.572,18602.011,18594.45,18594.978
2024-06-05 16:45:00+00:00,18595.511,18598.516499999998,18591.428,18597.022
2024-06-05 16:50:00+00:00,18597.511,18601.5,18594.5,18597.066499999997
2024-06-05 16:55:00+00:00,18596.4445,18596.4445,18589.5,18589.5
2024-06-05 17:00:00+00:00,18591.4945,18595.511,18589.5,18594.0
2024-06-05 17:05:00+00:00,18593.566499999997,18598.5555,18592.4445,18592.9945
2024-06-05 17:10:00+00:00,18593.5,18595.072,18591.489,18592.5165
2024-06-05 17:15:00+00:00,18591.939000000002,18593.560999999998,18586.9445,18587.489
2024-06-05 17:20:00+00:00,18587.9445,18587.9445,18579.5055,18584.989
2024-06-05 17:25:00+00:00,18584.4945,18590.4445,18580.939000000002,18590.0055
2024-06-05 17:30:00+00:00,18590.5,18593.55,18588.4945,18590.05
2024-06-05 17:35:00+00:00,18589.5555,18594.4945,18589.5555,18592.983500000002
2024-06-05 17:40:00+00:00,18593.5165,18597.560999999998,18587.066499999997,18593.0
2024-06-05 17:45:00+00:00,18593.433500000003,18595.0055,18589.989,18595.0
2024-06-05 17:50:00+00:00,18594.5,18596.011,18593.428,18596.0
2024-06-05 17:55:00+00:00,18595.4945,18599.0055,18594.933500000003,18598.989
2024-06-05 18:00:00+00:00,18598.5555,18603.5,18596.95,18602.433500000003
2024-06-05 18:05:00+00:00,18601.989,18602.0055,18598.072,18601.989
2024-06-05 18:10:00+00:00,18601.5055,18603.011,18598.983500000002,18600.0
2024-06-05 18:15:00+00:00,18599.439000000002,18602.5,18598.5055,18599.9945
2024-06-05 18:20:00+00:00,18600.511,18602.572,18596.511,18602.0055
2024-06-05 18:25:00+00:00,18601.801,18614.5165,18600.433500000003,18614.511
2024-06-05 18:30:00+00:00,18613.9445,18622.522,18612.4835,18619.511
2024-06-05 18:35:00+00:00,18618.978,18623.0055,18618.928,18621.060999999998
2024-06-05 18:40:00+00:00,18621.45,18626.516499999998,18619.45,18624.511
2024-06-05 18:45:00+00:00,18623.933500000003,18626.5,18622.433500000003,18623.4945
2024-06-05 18:50:00+00:00,18624.0165,18629.566499999997,18624.011,18628.5055
2024-06-05 18:55:00+00:00,18627.489,18628.489,18622.5,18624.989
2024-06-05 19:00:00+00:00,18624.483500000002,18631.5,18622.439000000002,18626.511
2024-06-05 19:05:00+00:00,18626.989,18629.011,18626.4835,18628.560999999998
2024-06-05 19:10:00+00:00,18628.0055,18633.0055,18627.060999999998,18631.9445
2024-06-05 19:15:00+00:00,18631.5055,18633.05,18629.428,18630.4945
2024-06-05 19:20:00+00:00,18629.989,18630.478,18626.0,18627.989
2024-06-05 19:25:00+00:00,18627.433500000003,18627.433500000003,18618.5,18619.5
2024-06-05 19:30:00+00:00,18618.511,18620.016499999998,18614.989,18619.0055
2024-06-05 19:35:00+00:00,18619.4835,18626.9835,18618.989,18626.978
2024-06-05 19:40:00+00:00,18626.5055,18630.0055,18619.983500000002,18621.439000000002
2024-06-05 19:45:00+00:00,18622.011,18623.522,18619.483500000002,18623.5
2024-06-05 19:50:00+00:00,18623.0,18638.016499999998,18619.9945,18637.011
2024-06-05 19:55:00+00:00,18637.560999999998,18640.0055,18629.928,18638.489
2024-06-05 20:00:00+00:00,18637.5835,18638.5055,18621.089,18621.110999999997
2024-06-05 20:05:00+00:00,18621.5055,18631.5555,18621.0835,18631.5165
2024-06-05 20:10:00+00:00,18630.766499999998,18631.511,18624.528,18624.528
2024-06-05 22:05:00+00:00,18647.9,18648.7165,18644.8165,18646.172
2024-06-05 22:10:00+00:00,18645.3,18647.060999999998,18642.610999999997,18643.4945
2024-06-05 22:15:00+00:00,18642.672,18645.3,18642.6,18643.5
2024-06-05 22:20:00+00:00,18644.411,18646.172,18641.8055,18643.4945
2024-06-05 22:25:00+00:00,18642.5945,18643.522,18640.0055,18640.9
2024-06-05 22:30:00+00:00,18641.8055,18645.3055,18640.8835,18645.283499999998
2024-06-05 22:35:00+00:00,18646.1,18655.761,18645.3,18654.378
2024-06-05 22:40:00+00:00,18654.8055,18656.6555,18653.0945,18656.5945
2024-06-05 22:45:00+00:00,18655.678,18660.122,18654.8055,18658.2945
2024-06-05 22:50:00+00:00,18659.2,18660.122,18656.5945,18658.3055
2024-06-05 22:55:00+00:00,18657.839,18659.2165,18657.328,18658.310999999998
2024-06-05 23:00:00+00:00,18659.128,18665.355499999998,18659.128,18664.422
2024-06-05 23:05:00+00:00,18665.310999999998,18666.122,18660.05,18660.9055
2024-06-05 23:10:00+00:00,18661.8,18662.711,18659.2,18661.7945
2024-06-05 23:15:00+00:00,18660.9055,18662.65,18660.1,18661.872
2024-06-05 23:20:00+00:00,18660.889000000003,18661.728,18660.889000000003,18660.9
2024-06-05 23:25:00+00:00,18660.039,18660.161,18656.661,18659.2165
2024-06-05 23:30:00+00:00,18658.322,18660.1,18656.105499999998,18657.45
2024-06-05 23:35:00+00:00,18658.360999999997,18658.360999999997,18657.339,18657.411
2024-06-05 23:40:00+00:00,18656.5945,18656.672,18655.678,18656.5445
2024-06-05 23:45:00+00:00,18657.4,18658.372,18657.3835,18657.4
2024-06-05 23:50:00+00:00,18656.589,18659.2165,18655.6945,18658.278
2024-06-05 23:55:00+00:00,18657.422,18658.289,18657.394500000002,18657.394500000002
2024-06-06 00:00:00+00:00,18656.5335,18656.6555,18653.0945,18653.0945
2024-06-06 00:05:00+00:00,18653.9945,18655.772,18652.144500000002,18652.2
2024-06-06 00:10:00+00:00,18653.0945,18654.394500000002,18651.339,18652.139000000003
2024-06-06 00:15:00+00:00,18648.0,18648.0,18628.5,18635.5055
2024-06-06 00:20:00+00:00,18635.983500000002,18639.4945,18635.516499999998,18639.483500000002
2024-06-06 00:25:00+00:00,18637.978,18646.060999999998,18635.9945,18643.5055
2024-06-06 00:30:00+00:00,18644.066499999997,18644.5,18636.928,18636.928
2024-06-06 00:35:00+00:00,18636.5,18637.0,18631.572,18632.0
2024-06-06 00:40:00+00:00,18632.4945,18644.011,18632.4945,18642.989
2024-06-06 00:45:00+00:00,18643.433500000003,18645.066499999997,18641.989,18645.066499999997
2024-06-06 00:50:00+00:00,18645.9945,18649.016499999998,18643.978,18647.9945
2024-06-06 00:55:00+00:00,18647.011,18652.4445,18647.011,18652.0
2024-06-06 01:00:00+00:00,18651.4945,18652.9945,18647.011,18650.4945
2024-06-06 01:05:00+00:00,18651.016499999998,18656.5055,18649.9945,18652.566499999997
2024-06-06 01:10:00+00:00,18653.022,18659.011,18649.55,18654.9945
2024-06-06 01:15:00+00:00,18655.5055,18663.0165,18654.9835,18663.0165
2024-06-06 01:20:00+00:00,18662.0,18663.5,18656.9945,18660.0
2024-06-06 01:25:00+00:00,18660.55,18661.072,18651.989,18652.9945
2024-06-06 01:30:00+00:00,18653.4945,18657.5055,18653.05,18655.066499999997
2024-06-06 01:35:00+00:00,18655.566499999997,18656.5055,18651.9835,18651.9835
2024-06-06 01:40:00+00:00,18651.5,18651.5,18647.483500000002,18648.572
2024-06-06 01:45:00+00:00,18651.511,18655.55,18651.511,18654.939000000002
2024-06-06 01:50:00+00:00,18655.5055,18659.9945,18654.989,18659.511
2024-06-06 01:55:00+00:00,18658.489,18659.9945,18655.0555,18655.4945
2024-06-06 02:00:00+00:00,18653.4835,18656.072,18649.9835,18655.5165
2024-06-06 02:05:00+00:00,18655.0,18655.0,18643.933500000003,18643.933500000003
2024-06-06 02:10:00+00:00,18644.478,18651.072,18644.478,18648.4945
2024-06-06 02:15:00+00:00,18649.0165,18650.9445,18646.989,18646.989
2024-06-06 02:20:00+00:00,18647.5055,18651.022,18647.5055,18649.072
2024-06-06 02:25:00+00:00,18649.5055,18650.0055,18643.433500000003,18646.060999999998
2024-06-06 02:30:00+00:00,18646.5,18647.428,18645.572,18645.928
2024-06-06 02:35:00+00:00,18646.489,18646.9945,18644.489,18645.9945
2024-06-06 02:40:00+00:00,18646.5,18647.511,18644.439000000002,18646.95
2024-06-06 02:45:00+00:00,18647.4445,18647.511,18644.572,18645.0555
2024-06-06 02:50:00+00:00,18645.522,18645.522,18643.928,18644.016499999998
2024-06-06 02:55:00+00:00,18644.5055,18645.978,18642.9835,18642.9835
2024-06-06 03:00:00+00:00,18643.9945,18652.5,18642.9945,18651.433500000003
2024-06-06 03:05:00+00:00,18651.0,18651.0,18647.928,18650.5
2024-06-06 03:10:00+00:00,18651.0,18651.0,18648.4445,18650.4445
2024-06-06 03:15:00+00:00,18651.0,18653.4945,18651.0,18652.016499999998
2024-06-06 03:20:00+00:00,18652.516499999998,18656.4945,18651.060999999998,18651.060999999998
2024-06-06 03:25:00+00:00,18651.5,18656.022,18650.978,18654.989
2024-06-06 03:30:00+00:00,18655.511,18655.511,18651.933500000003,18653.011
2024-06-06 03:35:00+00:00,18653.511,18654.011,18653.05,18654.011
2024-06-06 03:40:00+00:00,18653.511,18653.928,18650.45,18650.989
2024-06-06 03:45:00+00:00,18652.060999999998,18654.011,18652.0055,18654.011
2024-06-06 03:50:00+00:00,18653.511,18653.511,18651.5,18651.9945
2024-06-06 03:55:00+00:00,18650.989,18652.05,18648.989,18648.989
2024-06-06 04:00:00+00:00,18648.0,18648.0,18647.433500000003,18647.433500000003
2024-06-06 04:05:00+00:00,18647.0055,18649.560999999998,18646.5,18648.9945
2024-06-06 04:10:00+00:00,18647.45,18647.45,18644.489,18644.978
2024-06-06 04:15:00+00:00,18643.9835,18649.4445,18643.9835,18646.989
2024-06-06 04:20:00+00:00,18647.983500000002,18649.45,18647.0,18647.989
2024-06-06 04:25:00+00:00,18648.55,18650.0,18647.05,18649.5055
2024-06-06 04:30:00+00:00,18649.0,18649.511,18646.522,18647.022
2024-06-06 04:35:00+00:00,18647.5055,18649.0555,18646.5,18646.5
2024-06-06 04:40:00+00:00,18646.0165,18646.0165,18643.5055,18643.5055
2024-06-06 04:45:00+00:00,18642.989,18645.5,18642.428,18644.0055
2024-06-06 04:50:00+00:00,18643.428,18644.0055,18642.983500000002,18644.0
2024-06-06 04:55:00+00:00,18644.5,18645.0165,18644.5,18645.0165
2024-06-06 05:00:00+00:00,18644.5055,18644.928,18638.478,18638.516499999998
2024-06-06 05:05:00+00:00,18640.4945,18640.9945,18638.4945,18640.511
2024-06-06 05:10:00+00:00,18640.928,18650.0055,18640.928,18647.9445
2024-06-06 05:15:00+00:00,18646.9835,18649.0,18642.4445,18643.011
2024-06-06 05:20:00+00:00,18642.45,18642.45,18637.4945,18637.560999999998
2024-06-06 05:25:00+00:00,18638.0555,18641.05,18635.9945,18640.5055
2024-06-06 05:30:00+00:00,18639.9945,18644.5055,18638.95,18643.560999999998
2024-06-06 05:35:00+00:00,18643.9835,18644.0555,18638.4835,18642.0
2024-06-06 05:40:00+00:00,18641.560999999998,18643.5,18637.478,18639.5
2024-06-06 05:45:00+00:00,18638.439000000002,18641.060999999998,18636.489,18640.5
2024-06-06 05:50:00+00:00,18639.511,18640.439000000002,18629.489,18632.011
2024-06-06 05:55:00+00:00,18631.4945,18632.9945,18623.9445,18624.5055
2024-06-06 06:00:00+00:00,18623.9945,18630.9945,18610.5,18620.066499999997
2024-06-06 06:05:00+00:00,18620.4835,18627.5055,18617.511,18620.55
2024-06-06 06:10:00+00:00,18620.0,18630.5165,18617.489,18625.5055
2024-06-06 06:15:00+00:00,18624.9945,18625.55,18615.011,18619.428
2024-06-06 06:20:00+00:00,18618.433500000003,18627.5,18618.0055,18627.5
2024-06-06 06:25:00+00:00,18626.011,18632.511,18626.011,18628.483500000002
2024-06-06 06:30:00+00:00,18629.0555,18629.989,18618.4445,18621.5555
2024-06-06 06:35:00+00:00,18620.9835,18631.5,18620.9835,18623.560999999998
2024-06-06 06:40:00+00:00,18623.0,18632.9835,18620.489,18632.516499999998
2024-06-06 06:45:00+00:00,18632.0055,18640.483500000002,18632.0055,18637.489
2024-06-06 06:50:00+00:00,18638.0,18651.0165,18636.5,18651.0165
2024-06-06 06:55:00+00:00,18650.511,18671.4445,18647.5555,18668.0055
2024-06-06 07:00:00+00:00,18667.201,18686.5,18665.5,18675.0
2024-06-06 07:05:00+00:00,18673.5055,18689.072,18664.011,18684.5055
2024-06-06 07:10:00+00:00,18684.483500000002,18708.989,18684.433500000003,18707.011
2024-06-06 07:15:00+00:00,18706.45,18728.939000000002,18704.511,18727.511
2024-06-06 07:20:00+00:00,18728.0065,18730.5165,18719.9445,18721.5
2024-06-06 07:25:00+00:00,18722.5,18726.5,18718.4835,18724.5055
2024-06-06 07:30:00+00:00,18725.5055,18729.022,18719.5,18725.0055
2024-06-06 07:35:00+00:00,18724.489,18734.511,18722.4445,18734.478
2024-06-06 07:40:00+00:00,18735.0055,18738.0,18723.5055,18723.5055
2024-06-06 07:45:00+00:00,18723.0,18729.989,18718.489,18729.5055
2024-06-06 07:50:00+00:00,18728.933500000003,18749.5,18726.072,18745.5555
2024-06-06 07:55:00+00:00,18745.011,18771.428,18740.928,18764.5055
2024-06-06 08:00:00+00:00,18765.022,18778.0055,18753.0,18773.5055
2024-06-06 08:05:00+00:00,18774.0165,18783.928,18768.016499999998,18770.978
2024-06-06 08:10:00+00:00,18771.489,18775.0,18759.478,18768.5
2024-06-06 08:15:00+00:00,18767.989,18779.011,18767.511,18774.4945
2024-06-06 08:20:00+00:00,18775.0055,18786.016499999998,18772.9945,18779.011
2024-06-06 08:25:00+00:00,18778.451,18780.4945,18767.0,18770.0
2024-06-06 08:30:00+00:00,18769.55,18776.022,18761.9835,18764.066499999997
2024-06-06 08:35:00+00:00,18764.201,18768.0,18752.9945,18754.0
2024-06-06 08:40:00+00:00,18754.4945,18755.5,18738.9835,18739.9945
2024-06-06 08:45:00+00:00,18738.989,18740.5055,18726.428,18729.011
2024-06-06 08:50:00+00:00,18730.011,18736.5055,18723.428,18735.5
2024-06-06 08:55:00+00:00,18734.5055,18734.5055,18719.9945,18725.9445
2024-06-06 09:00:00+00:00,18726.267499999998,18736.022,18723.0,18724.011
2024-06-06 09:05:00+00:00,18723.4445,18733.572,18721.5055,18731.0055
2024-06-06 09:10:00+00:00,18731.516499999998,18736.5555,18723.0,18726.5555
2024-06-06 09:15:00+00:00,18727.4945,18733.9835,18727.4945,18729.989
2024-06-06 09:20:00+00:00,18730.5055,18731.011,18716.9945,18720.489
2024-06-06 09:25:00+00:00,18719.95,18720.5055,18705.9445,18713.489
2024-06-06 09:30:00+00:00,18714.5,18716.0055,18710.011,18715.0
2024-06-06 09:35:00+00:00,18714.5055,18715.0055,18707.4445,18711.45
2024-06-06 09:40:00+00:00,18710.572,18710.572,18702.0,18708.483500000002
2024-06-06 09:45:00+00:00,18707.0055,18708.983500000002,18701.978,18705.511
2024-06-06 09:50:00+00:00,18704.9835,18705.511,18694.5055,18703.5055
2024-06-06 09:55:00+00:00,18703.9945,18715.022,18703.9945,18707.9945
2024-06-06 10:00:00+00:00,18708.5055,18708.9945,18693.989,18696.5055
2024-06-06 10:05:00+00:00,18696.9835,18699.516499999998,18690.4945,18698.0055
2024-06-06 10:10:00+00:00,18697.511,18697.511,18691.511,18694.4835
2024-06-06 10:15:00+00:00,18694.011,18696.4945,18687.5,18692.489
2024-06-06 10:20:00+00:00,18691.45,18692.0055,18688.4835,18689.489
2024-06-06 10:25:00+00:00,18689.0,18700.011,18687.989,18694.928
2024-06-06 10:30:00+00:00,18693.4835,18699.9945,18691.511,18698.95
2024-06-06 10:35:00+00:00,18699.489,18706.066499999997,18698.989,18705.511
2024-06-06 10:40:00+00:00,18704.9945,18711.011,18700.939000000002,18702.9945
2024-06-06 10:45:00+00:00,18705.5,18712.060999999998,18705.4945,18708.0
2024-06-06 10:50:00+00:00,18707.483500000002,18711.011,18704.978,18710.566499999997
2024-06-06 10:55:00+00:00,18710.983500000002,18720.5055,18710.478,18718.989
2024-06-06 11:00:00+00:00,18718.5,18722.0,18715.011,18718.5
2024-06-06 11:05:00+00:00,18719.016499999998,18724.0055,18717.489,18721.5055
2024-06-06 11:10:00+00:00,18722.022,18728.011,18717.9945,18718.5555
2024-06-06 11:15:00+00:00,18718.9945,18721.516499999998,18714.989,18716.9945
2024-06-06 11:20:00+00:00,18716.5055,18727.489,18716.5055,18725.989
2024-06-06 11:25:00+00:00,18725.5,18726.9945,18719.9945,18719.9945
2024-06-06 11:30:00+00:00,18720.560999999998,18723.5,18705.5055,18706.0
2024-06-06 11:35:00+00:00,18708.011,18712.55,18707.0,18707.5
2024-06-06 11:40:00+00:00,18708.5055,18711.4945,18703.5,18703.5
2024-06-06 11:45:00+00:00,18702.9945,18703.489,18695.9945,18701.4945
2024-06-06 11:50:00+00:00,18700.9445,18703.489,18699.072,18703.011
2024-06-06 11:55:00+00:00,18702.478,18712.5055,18701.011,18710.511
2024-06-06 12:00:00+00:00,18710.2565,18716.011,18702.060999999998,18715.5555
2024-06-06 12:05:00+00:00,18715.0,18715.0,18703.516499999998,18707.511
2024-06-06 12:10:00+00:00,18707.0165,18710.572,18702.989,18709.0055
2024-06-06 12:15:00+00:00,18708.0,18718.566499999997,18674.011,18691.4835
2024-06-06 12:20:00+00:00,18693.522,18696.016499999998,18661.9945,18662.5
2024-06-06 12:25:00+00:00,18661.5055,18661.5055,18646.5,18650.5
2024-06-06 12:30:00+00:00,18652.428,18668.5055,18647.560999999998,18648.5055
2024-06-06 12:35:00+00:00,18647.5055,18648.0,18620.989,18622.516499999998
2024-06-06 12:40:00+00:00,18621.9945,18643.0555,18616.5,18642.511
2024-06-06 12:45:00+00:00,18642.9945,18646.4445,18633.016499999998,18636.45
2024-06-06 12:50:00+00:00,18635.978,18664.9945,18630.4945,18660.45
2024-06-06 12:55:00+00:00,18661.4945,18679.560999999998,18660.4445,18678.478
2024-06-06 13:00:00+00:00,18679.5,18681.5,18650.511,18661.522
2024-06-06 13:05:00+00:00,18661.0055,18664.0165,18651.0055,18656.483500000002
2024-06-06 13:10:00+00:00,18655.489,18659.5055,18630.489,18647.572
2024-06-06 13:15:00+00:00,18646.011,18653.4945,18638.939000000002,18644.4835
2024-06-06 13:20:00+00:00,18644.0,18656.989,18643.5055,18654.5555
2024-06-06 13:25:00+00:00,18655.511,18663.439000000002,18648.4945,18648.4945
2024-06-06 13:30:00+00:00,18649.5055,18653.572,18641.483500000002,18652.978
2024-06-06 13:35:00+00:00,18653.511,18663.522,18650.4945,18654.9945
2024-06-06 13:40:00+00:00,18654.428,18661.572,18649.983500000002,18661.511
2024-06-06 13:45:00+00:00,18662.489,18669.0,18653.433500000003,18658.5
2024-06-06 13:50:00+00:00,18659.0,18659.0,18632.4945,18643.489
2024-06-06 13:55:00+00:00,18643.0165,18651.566499999997,18638.9945,18642.489
2024-06-06 14:00:00+00:00,18642.0055,18645.566499999997,18628.0055,18633.5
2024-06-06 14:05:00+00:00,18632.4945,18644.511,18629.983500000002,18642.511
2024-06-06 14:10:00+00:00,18643.060999999998,18653.55,18641.5,18645.5
2024-06-06 14:15:00+00:00,18644.5,18651.060999999998,18641.489,18648.066499999997
2024-06-06 14:20:00+00:00,18648.9945,18665.516499999998,18646.483500000002,18662.011
2024-06-06 14:25:00+00:00,18661.0055,18662.011,18648.511,18651.0
2024-06-06 14:30:00+00:00,18649.560999999998,18661.016499999998,18646.45,18651.4945
2024-06-06 14:35:00+00:00,18652.4835,18658.011,18648.489,18651.5555
2024-06-06 14:40:00+00:00,18650.522,18655.989,18646.439000000002,18650.5
2024-06-06 14:45:00+00:00,18649.516499999998,18652.55,18638.483500000002,18643.489
2024-06-06 14:50:00+00:00,18642.989,18642.989,18627.489,18636.4445
2024-06-06 14:55:00+00:00,18637.0055,18643.9945,18629.939000000002,18629.989
2024-06-06 15:00:00+00:00,18629.4945,18633.566499999997,18625.433500000003,18628.4945
2024-06-06 15:05:00+00:00,18628.989,18641.928,18626.4445,18641.5555
2024-06-06 15:10:00+00:00,18640.478,18647.0055,18639.066499999997,18643.5555
2024-06-06 15:15:00+00:00,18642.9945,18651.989,18641.9835,18650.478
2024-06-06 15:20:00+00:00,18650.983500000002,18651.572,18638.9945,18639.560999999998
2024-06-06 15:25:00+00:00,18639.0055,18646.9945,18638.0055,18645.95
2024-06-06 15:30:00+00:00,18645.5055,18655.9945,18642.9945,18650.0
2024-06-06 15:35:00+00:00,18650.4945,18657.0555,18648.428,18651.560999999998
2024-06-06 15:40:00+00:00,18652.0,18654.9945,18647.0,18647.983500000002
2024-06-06 15:45:00+00:00,18649.0055,18652.5165,18645.989,18646.983500000002
2024-06-06 15:50:00+00:00,18648.0,18651.95,18642.933500000003,18645.566499999997
2024-06-06 15:55:00+00:00,18645.939000000002,18645.939000000002,18639.0055,18642.9835
2024-06-06 16:00:00+00:00,18643.566499999997,18644.572,18640.0165,18643.0
2024-06-06 16:05:00+00:00,18642.489,18645.511,18639.95,18643.5055
2024-06-06 16:10:00+00:00,18643.0555,18643.5555,18637.428,18637.560999999998
2024-06-06 16:15:00+00:00,18637.928,18641.4835,18629.433500000003,18638.060999999998
2024-06-06 16:20:00+00:00,18637.45,18639.0,18630.933500000003,18635.933500000003
2024-06-06 16:25:00+00:00,18635.511,18636.5,18628.5,18632.511
2024-06-06 16:30:00+00:00,18633.5055,18633.5055,18627.9945,18630.4945
2024-06-06 16:35:00+00:00,18630.060999999998,18631.5,18622.5,18624.45
2024-06-06 16:40:00+00:00,18625.0,18626.5165,18621.989,18624.5
2024-06-06 16:45:00+00:00,18625.0,18630.522,18624.4945,18626.511
2024-06-06 16:50:00+00:00,18627.072,18629.566499999997,18625.95,18627.511
2024-06-06 16:55:00+00:00,18627.016499999998,18629.566499999997,18624.5555,18628.560999999998
2024-06-06 17:00:00+00:00,18627.5,18630.072,18625.928,18629.989
2024-06-06 17:05:00+00:00,18629.5,18629.5,18623.928,18625.560999999998
2024-06-06 17:10:00+00:00,18625.0,18631.072,18625.0,18629.5
2024-06-06 17:15:00+00:00,18629.989,18633.516499999998,18627.4945,18632.9945
2024-06-06 17:20:00+00:00,18633.4445,18644.022,18630.0,18642.9445
2024-06-06 17:25:00+00:00,18642.560999999998,18647.0,18640.933500000003,18644.489
2024-06-06 17:30:00+00:00,18645.072,18646.05,18641.428,18643.0055
2024-06-06 17:35:00+00:00,18642.489,18646.05,18641.428,18644.066499999997
2024-06-06 17:40:00+00:00,18643.5,18644.4945,18638.45,18640.560999999998
2024-06-06 17:45:00+00:00,18639.989,18642.022,18636.9835,18638.0055
2024-06-06 17:50:00+00:00,18637.5,18641.0,18636.05,18640.0
2024-06-06 17:55:00+00:00,18640.439000000002,18641.022,18636.928,18637.072
2024-06-06 18:00:00+00:00,18637.55,18639.989,18632.516499999998,18632.516499999998
2024-06-06 18:05:00+00:00,18631.511,18631.511,18603.45,18603.45
2024-06-06 18:10:00+00:00,18603.05,18612.572,18597.989,18609.566499999997
2024-06-06 18:15:00+00:00,18609.0,18617.4945,18603.4945,18613.4945
2024-06-06 18:20:00+00:00,18613.011,18619.5,18609.983500000002,18616.511
2024-06-06 18:25:00+00:00,18616.072,18622.011,18613.95,18618.5055
2024-06-06 18:30:00+00:00,18619.0055,18620.55,18610.5,18620.0055
2024-06-06 18:35:00+00:00,18620.522,18623.0055,18618.011,18621.9445
2024-06-06 18:40:00+00:00,18622.5,18631.933500000003,18621.989,18628.066499999997
2024-06-06 18:45:00+00:00,18628.522,18636.022,18628.4835,18634.0055
2024-06-06 18:50:00+00:00,18634.4945,18641.016499999998,18634.011,18639.489
2024-06-06 18:55:00+00:00,18638.983500000002,18641.566499999997,18635.9445,18636.0165
2024-06-06 19:00:00+00:00,18636.45,18639.0555,18632.989,18639.0555
2024-06-06 19:05:00+00:00,18638.522,18644.0055,18637.928,18640.433500000003
2024-06-06 19:10:00+00:00,18639.989,18643.5555,18634.0055,18636.0
2024-06-06 19:15:00+00:00,18635.0055,18639.072,18635.0055,18638.428
2024-06-06 19:20:00+00:00,18637.989,18637.989,18631.483500000002,18632.9835
2024-06-06 19:25:00+00:00,18632.5165,18637.983500000002,18628.9945,18637.0
2024-06-06 19:30:00+00:00,18637.933500000003,18637.933500000003,18630.5165,18631.5555
2024-06-06 19:35:00+00:00,18631.011,18633.066499999997,18625.9945,18630.0
2024-06-06 19:40:00+00:00,18629.0,18630.511,18625.428,18629.0
2024-06-06 19:45:00+00:00,18628.439000000002,18635.0055,18624.939000000002,18633.0165
2024-06-06 19:50:00+00:00,18633.511,18637.511,18628.9945,18634.066499999997
2024-06-06 19:55:00+00:00,18633.433500000003,18636.0,18629.4835,18634.572
2024-06-06 20:00:00+00:00,18635.0,18635.0,18617.5835,18623.939000000002
2024-06-06 20:05:00+00:00,18625.6945,18630.9555,18623.933500000003,18628.35
2024-06-06 20:10:00+00:00,18629.1945,18630.9055,18626.610999999997,18627.4
2024-06-06 22:05:00+00:00,18630.828,18632.766499999998,18628.289,18628.289
2024-06-06 22:10:00+00:00,18628.85,18632.7055,18628.310999999998,18632.15
2024-06-06 22:15:00+00:00,18631.789,18633.5055,18630.828,18632.689000000002
2024-06-06 22:20:00+00:00,18633.1,18633.4945,18631.75,18632.6945
2024-06-06 22:25:00+00:00,18631.855499999998,18632.7,18631.855499999998,18632.7
2024-06-06 22:30:00+00:00,18633.4945,18634.422,18632.6945,18633.9945
2024-06-06 22:35:00+00:00,18633.4945,18638.7835,18633.4945,18636.978
2024-06-06 22:40:00+00:00,18637.572,18639.661,18637.572,18639.539
2024-06-06 22:45:00+00:00,18638.8,18638.8,18636.989,18637.883500000004
2024-06-06 22:50:00+00:00,18636.9445,18639.1835,18636.9445,18638.810999999998
2024-06-06 22:55:00+00:00,18638.2945,18638.2945,18637.889000000003,18637.889000000003
2024-06-06 23:00:00+00:00,18637.428,18638.8,18635.3,18636.222
2024-06-06 23:05:00+00:00,18636.6,18637.011,18634.810999999998,18636.2
2024-06-06 23:10:00+00:00,18636.589,18638.855499999998,18636.15,18637.911
2024-06-06 23:15:00+00:00,18638.278,18639.55,18637.839,18638.789
2024-06-06 23:20:00+00:00,18637.9165,18638.810999999998,18637.8335,18638.7945
2024-06-06 23:25:00+00:00,18637.922,18640.5,18635.528,18635.528
2024-06-06 23:30:00+00:00,18635.183500000003,18635.6165,18632.989,18633.9165
2024-06-06 23:35:00+00:00,18633.5055,18633.9,18632.261,18632.261
2024-06-06 23:40:00+00:00,18631.7,18633.066499999997,18631.25,18632.189000000002
2024-06-06 23:45:00+00:00,18631.689000000002,18632.211,18631.278,18631.772
2024-06-06 23:50:00+00:00,18632.2,18633.894500000002,18631.278,18631.6945
2024-06-06 23:55:00+00:00,18632.2,18633.8445,18631.228,18633.066499999997
2024-06-07 00:00:00+00:00,18633.511,18637.4555,18632.939000000002,18636.4945
2024-06-07 00:05:00+00:00,18635.6,18635.889000000003,18630.461,18632.310999999998
2024-06-07 00:10:00+00:00,18631.3835,18634.066499999997,18631.3835,18633.211
2024-06-07 00:15:00+00:00,18630.933500000003,18640.0,18621.511,18633.978
2024-06-07 00:20:00+00:00,18633.9945,18633.9945,18632.4945,18633.989
2024-06-07 00:25:00+00:00,18633.511,18633.511,18621.5055,18626.011
2024-06-07 00:30:00+00:00,18625.428,18625.428,18621.0055,18622.933500000003
2024-06-07 00:35:00+00:00,18623.433500000003,18628.0,18623.433500000003,18627.0
2024-06-07 00:40:00+00:00,18626.0,18629.4945,18624.011,18628.433500000003
2024-06-07 00:45:00+00:00,18627.989,18634.522,18627.989,18632.478
2024-06-07 00:50:00+00:00,18632.011,18632.011,18629.0,18631.978
2024-06-07 00:55:00+00:00,18631.0,18632.0,18630.433500000003,18630.478
2024-06-07 01:00:00+00:00,18631.022,18635.5,18624.522,18625.0055
2024-06-07 01:05:00+00:00,18627.066499999997,18630.4945,18623.572,18629.516499999998
2024-06-07 01:10:00+00:00,18629.983500000002,18635.5,18629.511,18633.5
2024-06-07 01:15:00+00:00,18632.989,18637.4945,18631.4945,18634.9945
2024-06-07 01:20:00+00:00,18634.5165,18634.989,18630.433500000003,18633.989
2024-06-07 01:25:00+00:00,18633.072,18635.0555,18629.566499999997,18635.0555
2024-06-07 01:30:00+00:00,18633.9945,18633.9945,18628.9945,18632.066499999997
2024-06-07 01:35:00+00:00,18631.5,18632.0055,18631.0,18631.489
2024-06-07 01:40:00+00:00,18631.016499999998,18634.5555,18630.511,18630.939000000002
2024-06-07 01:45:00+00:00,18631.5555,18633.5,18630.489,18632.4945
2024-06-07 01:50:00+00:00,18632.9945,18632.9945,18632.428,18632.5
2024-06-07 01:55:00+00:00,18629.516499999998,18630.560999999998,18627.9945,18630.560999999998
2024-06-07 02:00:00+00:00,18627.572,18628.5555,18626.433500000003,18627.9945
2024-06-07 02:05:00+00:00,18628.566499999997,18629.572,18627.5055,18627.5055
2024-06-07 02:10:00+00:00,18628.511,18630.4945,18628.5055,18630.4945
2024-06-07 02:15:00+00:00,18630.0,18631.0555,18630.0,18630.4835
2024-06-07 02:20:00+00:00,18631.0055,18635.011,18630.5,18635.011
2024-06-07 02:25:00+00:00,18634.5165,18634.9835,18633.0,18633.511
2024-06-07 02:30:00+00:00,18633.983500000002,18635.439000000002,18633.511,18633.511
2024-06-07 02:35:00+00:00,18634.0,18634.9945,18633.560999999998,18634.9945
2024-06-07 02:40:00+00:00,18634.489,18635.9945,18634.433500000003,18635.9945
2024-06-07 02:45:00+00:00,18635.439000000002,18639.016499999998,18635.439000000002,18638.5
2024-06-07 02:50:00+00:00,18639.5055,18640.9945,18636.5,18636.5
2024-06-07 02:55:00+00:00,18635.5055,18635.5055,18633.478,18634.5055
2024-06-07 03:00:00+00:00,18635.0,18635.0,18633.5,18634.511
2024-06-07 03:05:00+00:00,18635.5,18635.5,18635.011,18635.011
2024-06-07 03:10:00+00:00,18634.489,18634.489,18630.939000000002,18631.489
2024-06-07 03:15:00+00:00,18632.5055,18633.560999999998,18632.5055,18633.433500000003
2024-06-07 03:20:00+00:00,18633.0055,18633.0055,18630.511,18630.511
2024-06-07 03:25:00+00:00,18630.95,18631.5555,18630.95,18631.5555
2024-06-07 03:30:00+00:00,18632.439000000002,18633.011,18631.4945,18631.516499999998
2024-06-07 03:35:00+00:00,18632.5165,18632.5165,18631.5,18631.5
2024-06-07 03:40:00+00:00,18631.7565,18632.5165,18629.489,18632.011
2024-06-07 03:45:00+00:00,18632.433500000003,18633.566499999997,18631.5,18632.978
2024-06-07 03:50:00+00:00,18632.516499999998,18632.516499999998,18629.483500000002,18629.483500000002
2024-06-07 03:55:00+00:00,18630.0555,18630.0555,18629.45,18629.45
2024-06-07 04:00:00+00:00,18631.0055,18634.511,18631.0055,18634.4945
2024-06-07 04:05:00+00:00,18635.478,18635.478,18632.5,18633.5055
2024-06-07 04:10:00+00:00,18634.4945,18634.4945,18634.4945,18634.4945
2024-06-07 04:20:00+00:00,18630.9945,18632.939000000002,18630.011,18630.489
2024-06-07 04:25:00+00:00,18630.9445,18632.572,18630.433500000003,18632.522
2024-06-07 04:30:00+00:00,18631.428,18631.428,18627.5,18627.5
2024-06-07 04:35:00+00:00,18627.011,18628.433500000003,18627.011,18628.433500000003
2024-06-07 04:40:00+00:00,18628.9445,18630.5165,18628.439000000002,18628.439000000002
2024-06-07 04:45:00+00:00,18628.0,18628.5165,18626.989,18628.5165
2024-06-07 04:50:00+00:00,18628.933500000003,18634.489,18628.933500000003,18632.4945
2024-06-07 04:55:00+00:00,18632.978,18634.572,18632.978,18634.072
2024-06-07 05:00:00+00:00,18637.0055,18637.978,18633.989,18634.060999999998
2024-06-07 05:05:00+00:00,18634.5,18635.0055,18631.4445,18635.0
2024-06-07 05:10:00+00:00,18635.5,18636.022,18631.0,18631.9835
2024-06-07 05:15:00+00:00,18632.55,18634.022,18632.0,18633.5
2024-06-07 05:20:00+00:00,18633.989,18636.0,18631.511,18634.983500000002
2024-06-07 05:25:00+00:00,18635.4835,18636.5,18635.0,18635.4945
2024-06-07 05:30:00+00:00,18635.9835,18639.011,18635.9835,18636.560999999998
2024-06-07 05:35:00+00:00,18636.0055,18640.560999999998,18631.95,18633.0
2024-06-07 05:40:00+00:00,18633.933500000003,18634.9445,18629.483500000002,18632.0055
2024-06-07 05:45:00+00:00,18632.5,18634.0055,18626.011,18628.489
2024-06-07 05:50:00+00:00,18629.478,18629.478,18622.428,18623.0555
2024-06-07 05:55:00+00:00,18623.4945,18627.011,18621.566499999997,18622.9835
2024-06-07 06:00:00+00:00,18622.5055,18623.933500000003,18611.5,18619.4945
2024-06-07 06:05:00+00:00,18620.516499999998,18630.072,18618.05,18621.989
2024-06-07 06:10:00+00:00,18622.4835,18623.011,18613.5165,18618.011
2024-06-07 06:15:00+00:00,18618.4945,18623.0,18616.95,18617.0
2024-06-07 06:20:00+00:00,18618.0,18628.989,18618.0,18628.989
2024-06-07 06:25:00+00:00,18629.5,18636.983500000002,18628.0,18635.066499999997
2024-06-07 06:30:00+00:00,18635.5,18637.4945,18632.928,18634.9945
2024-06-07 06:35:00+00:00,18635.5055,18646.45,18635.0,18643.0
2024-06-07 06:40:00+00:00,18643.939000000002,18644.45,18638.989,18640.022
2024-06-07 06:45:00+00:00,18640.4945,18642.439000000002,18636.489,18641.55
2024-06-07 06:50:00+00:00,18640.933500000003,18652.9445,18640.5,18651.5555
2024-06-07 06:55:00+00:00,18651.978,18653.5055,18614.928,18615.060999999998
2024-06-07 07:00:00+00:00,18621.989,18643.060999999998,18617.9945,18623.066499999997
2024-06-07 07:05:00+00:00,18624.0055,18624.0055,18609.016499999998,18613.4835
2024-06-07 07:10:00+00:00,18613.0,18620.016499999998,18607.983500000002,18616.516499999998
2024-06-07 07:15:00+00:00,18616.0165,18623.4945,18612.5,18615.0055
2024-06-07 07:20:00+00:00,18614.4945,18616.0055,18589.95,18596.0
2024-06-07 07:25:00+00:00,18595.4835,18595.4835,18575.9945,18582.011
2024-06-07 07:30:00+00:00,18580.989,18587.0,18574.928,18581.5055
2024-06-07 07:35:00+00:00,18581.9445,18581.9445,18569.022,18572.011
2024-06-07 07:40:00+00:00,18570.072,18595.5555,18570.072,18593.989
2024-06-07 07:45:00+00:00,18593.5165,18596.0055,18572.989,18573.55
2024-06-07 07:50:00+00:00,18572.4445,18584.4945,18570.5055,18583.978
2024-06-07 07:55:00+00:00,18583.516499999998,18585.989,18577.428,18583.0
2024-06-07 08:00:00+00:00,18582.011,18586.428,18575.066499999997,18576.983500000002
2024-06-07 08:05:00+00:00,18575.989,18579.4955,18566.433500000003,18570.0055
2024-06-07 08:10:00+00:00,18569.560999999998,18576.572,18566.0,18574.0055
2024-06-07 08:15:00+00:00,18572.9835,18579.5055,18569.9945,18578.016499999998
2024-06-07 08:20:00+00:00,18577.428,18579.439000000002,18559.978,18564.560999999998
2024-06-07 08:25:00+00:00,18566.428,18578.0165,18564.511,18571.95
2024-06-07 08:30:00+00:00,18570.9945,18570.9945,18559.4945,18562.0
2024-06-07 08:35:00+00:00,18561.5,18562.066499999997,18547.489,18550.5
2024-06-07 08:40:00+00:00,18550.066499999997,18552.5055,18532.978,18534.5165
2024-06-07 08:45:00+00:00,18535.5,18539.516499999998,18524.0,18524.489
2024-06-07 08:50:00+00:00,18523.489,18524.0,18506.9445,18513.0055
2024-06-07 08:55:00+00:00,18512.0055,18514.4945,18504.0,18514.072
2024-06-07 09:00:00+00:00,18513.5055,18523.516499999998,18511.9945,18521.933500000003
2024-06-07 09:05:00+00:00,18521.0555,18523.066499999997,18498.933500000003,18503.0
2024-06-07 09:10:00+00:00,18503.516499999998,18511.489,18501.0,18510.072
2024-06-07 09:15:00+00:00,18508.9835,18508.9835,18487.5055,18487.9945
2024-06-07 09:20:00+00:00,18488.489,18499.428,18487.989,18495.011
2024-06-07 09:25:00+00:00,18494.5,18512.0,18492.4945,18511.0055
2024-06-07 09:30:00+00:00,18510.511,18511.566499999997,18504.439000000002,18505.95
2024-06-07 09:35:00+00:00,18506.566499999997,18521.983500000002,18504.989,18517.933500000003
2024-06-07 09:40:00+00:00,18516.478,18517.9945,18505.4945,18507.9445
2024-06-07 09:45:00+00:00,18508.433500000003,18526.0,18508.433500000003,18525.478
2024-06-07 09:50:00+00:00,18523.560999999998,18526.0,18505.516499999998,18507.989
2024-06-07 09:55:00+00:00,18506.522,18516.372,18501.7835,18515.355499999998
2024-06-07 10:00:00+00:00,18514.7835,18526.8,18512.783499999998,18524.289
2024-06-07 10:05:00+00:00,18525.3,18526.855499999998,18508.228,18511.372
2024-06-07 10:10:00+00:00,18510.822,18510.822,18495.8,18501.866499999996
2024-06-07 10:15:00+00:00,18500.733500000002,18501.8,18493.7445,18497.728
2024-06-07 10:20:00+00:00,18496.739,18500.8,18495.233500000002,18500.8
2024-06-07 10:25:00+00:00,18499.8,18508.8,18496.289,18503.289
2024-06-07 10:30:00+00:00,18503.860999999997,18509.8055,18497.7445,18506.228
2024-06-07 10:35:00+00:00,18505.7945,18507.810999999998,18501.372,18507.8055
2024-06-07 10:40:00+00:00,18507.233500000002,18508.7945,18492.2945,18493.810999999998
2024-06-07 10:45:00+00:00,18493.233500000002,18494.322,18478.278,18481.310999999998
2024-06-07 10:50:00+00:00,18480.8055,18491.8055,18476.789,18483.855499999998
2024-06-07 10:55:00+00:00,18483.2945,18485.8165,18470.366499999996,18473.3165
2024-06-07 11:00:00+00:00,18472.8055,18483.2945,18467.239,18479.7945
2024-06-07 11:05:00+00:00,18480.8165,18483.25,18473.228,18480.75
2024-06-07 11:10:00+00:00,18480.2945,18480.2945,18461.8,18461.8
2024-06-07 11:15:00+00:00,18461.7945,18478.2945,18461.7945,18469.7445
2024-06-07 11:20:00+00:00,18468.8,18469.316499999997,18454.3,18457.3
2024-06-07 11:25:00+00:00,18457.8,18465.810999999998,18452.8,18464.283499999998
2024-06-07 11:30:00+00:00,18463.7945,18480.25,18463.25,18471.75
2024-06-07 11:35:00+00:00,18470.866499999996,18478.8055,18463.360999999997,18476.3
2024-06-07 11:40:00+00:00,18477.2835,18489.322,18474.822,18474.822
2024-06-07 11:45:00+00:00,18475.3,18477.3,18455.7835,18472.3
2024-06-07 11:50:00+00:00,18472.7945,18485.366499999996,18472.7945,18483.8165
2024-06-07 11:55:00+00:00,18484.289,18486.728,18480.789,18482.728
2024-06-07 12:00:00+00:00,18483.7835,18497.360999999997,18481.8,18487.789
2024-06-07 12:05:00+00:00,18487.25,18497.3,18481.3,18495.789
2024-06-07 12:10:00+00:00,18494.366499999996,18501.822,18490.2445,18500.810999999998
2024-06-07 12:15:00+00:00,18500.316499999997,18502.289,18491.75,18498.778
2024-06-07 12:20:00+00:00,18499.355499999998,18510.778,18498.7945,18505.2945
2024-06-07 12:25:00+00:00,18505.8,18514.8055,18503.8,18510.739
2024-06-07 12:30:00+00:00,18511.355499999998,18521.8,18444.372,18474.8165
2024-06-07 12:35:00+00:00,18473.8,18506.733500000002,18469.75,18487.8055
2024-06-07 12:40:00+00:00,18486.8165,18487.810999999998,18431.8055,18437.8
2024-06-07 12:45:00+00:00,18438.739,18461.8,18421.728,18459.789
2024-06-07 12:50:00+00:00,18460.283499999998,18483.728,18458.8,18461.8055
2024-06-07 12:55:00+00:00,18463.2945,18480.866499999996,18460.778,18462.85
2024-06-07 13:00:00+00:00,18461.7945,18498.289,18455.3,18497.8
2024-06-07 13:05:00+00:00,18498.25,18508.816499999997,18494.35,18504.789
2024-06-07 13:10:00+00:00,18504.289,18508.8055,18494.8,18495.783499999998
2024-06-07 13:15:00+00:00,18496.739,18529.289,18494.7835,18522.728
2024-06-07 13:20:00+00:00,18521.789,18524.8055,18494.2945,18502.322
2024-06-07 13:25:00+00:00,18502.8,18516.8,18502.8,18507.728
2024-06-07 13:30:00+00:00,18507.316499999997,18507.8,18486.2835,18487.789
2024-06-07 13:35:00+00:00,18488.25,18494.8055,18481.25,18490.7945
2024-06-07 13:40:00+00:00,18489.7945,18532.8,18486.8,18531.3055
2024-06-07 13:45:00+00:00,18530.3055,18546.3,18529.366499999996,18545.728
2024-06-07 13:50:00+00:00,18546.3,18562.866499999996,18533.7945,18536.316499999997
2024-06-07 13:55:00+00:00,18535.822,18538.310999999998,18520.372,18537.2945
2024-06-07 14:00:00+00:00,18538.3055,18556.778,18535.322,18541.789
2024-06-07 14:05:00+00:00,18542.289,18558.310999999998,18537.355499999998,18556.822
2024-06-07 14:10:00+00:00,18555.3055,18569.239,18546.739,18559.283499999998
2024-06-07 14:15:00+00:00,18558.733500000002,18566.35,18556.7835,18566.35
2024-06-07 14:20:00+00:00,18564.8,18578.3,18561.7445,18571.810999999998
2024-06-07 14:25:00+00:00,18571.2445,18580.2945,18567.8055,18575.7945
2024-06-07 14:30:00+00:00,18575.3055,18577.85,18565.7945,18574.860999999997
2024-06-07 14:35:00+00:00,18576.3,18591.3055,18574.7445,18588.3055
2024-06-07 14:40:00+00:00,18587.85,18602.3055,18587.85,18596.872
2024-06-07 14:45:00+00:00,18597.2945,18605.2945,18590.7945,18592.360999999997
2024-06-07 14:50:00+00:00,18591.7945,18595.35,18574.733500000002,18577.822
2024-06-07 14:55:00+00:00,18578.355499999998,18581.8055,18563.816499999997,18569.8165
2024-06-07 15:00:00+00:00,18569.278,18569.278,18552.2945,18559.8055
2024-06-07 15:05:00+00:00,18560.8055,18562.355499999998,18546.3055,18549.778
2024-06-07 15:10:00+00:00,18549.3,18560.310999999998,18545.8055,18559.8
2024-06-07 15:15:00+00:00,18558.810999999998,18564.8165,18553.8,18559.372
2024-06-07 15:20:00+00:00,18559.7945,18561.872,18552.8,18560.816499999997
2024-06-07 15:25:00+00:00,18561.2835,18563.739,18553.228,18556.75
2024-06-07 15:30:00+00:00,18557.3165,18563.8,18552.2835,18554.2945
2024-06-07 15:35:00+00:00,18555.25,18557.872,18549.228,18555.855499999998
2024-06-07 15:40:00+00:00,18557.310999999998,18560.8,18551.7945,18554.7945
2024-06-07 15:45:00+00:00,18555.310999999998,18563.8,18553.728,18562.2945
2024-06-07 15:50:00+00:00,18562.810999999998,18566.355499999998,18560.8,18564.25
2024-06-07 15:55:00+00:00,18564.810999999998,18569.8055,18562.233500000002,18566.85
2024-06-07 16:00:00+00:00,18568.366499999996,18568.366499999996,18556.278,18562.810999999998
2024-06-07 16:05:00+00:00,18562.3,18570.855499999998,18558.2445,18568.789
2024-06-07 16:10:00+00:00,18568.355499999998,18574.8055,18567.233500000002,18567.322
2024-06-07 16:15:00+00:00,18567.8055,18574.355499999998,18567.733500000002,18574.355499999998
2024-06-07 16:20:00+00:00,18573.789,18574.360999999997,18570.310999999998,18574.355499999998
2024-06-07 16:25:00+00:00,18573.8,18575.8,18571.778,18575.783499999998
2024-06-07 16:30:00+00:00,18576.310999999998,18580.310999999998,18564.783499999998,18565.3055
2024-06-07 16:35:00+00:00,18565.7445,18569.866499999996,18562.855499999998,18566.3
2024-06-07 16:40:00+00:00,18566.872,18571.75,18562.239,18568.2835
2024-06-07 16:45:00+00:00,18567.783499999998,18568.360999999997,18557.228,18563.85
2024-06-07 16:50:00+00:00,18562.85,18579.310999999998,18562.85,18579.310999999998
2024-06-07 16:55:00+00:00,18579.789,18588.8,18579.228,18587.233500000002
2024-06-07 17:00:00+00:00,18586.810999999998,18587.322,18573.8,18575.810999999998
2024-06-07 17:05:00+00:00,18575.35,18580.366499999996,18574.778,18576.7945
2024-06-07 17:10:00+00:00,18577.278,18586.85,18574.728,18582.7835
2024-06-07 17:15:00+00:00,18582.3055,18589.2945,18581.8,18588.310999999998
2024-06-07 17:20:00+00:00,18587.8055,18595.3,18585.233500000002,18593.872
2024-06-07 17:25:00+00:00,18593.3,18594.3,18578.3055,18581.310999999998
2024-06-07 17:30:00+00:00,18581.8,18586.316499999997,18579.233500000002,18582.8
2024-06-07 17:35:00+00:00,18583.278,18584.860999999997,18577.25,18580.2945
2024-06-07 17:40:00+00:00,18579.8,18580.2945,18571.7945,18577.316499999997
2024-06-07 17:45:00+00:00,18577.789,18578.2945,18572.289,18575.7945
2024-06-07 17:50:00+00:00,18576.289,18580.872,18574.85,18575.8
2024-06-07 17:55:00+00:00,18575.3055,18579.3,18569.7945,18569.7945
2024-06-07 18:00:00+00:00,18568.810999999998,18572.316499999997,18551.322,18552.783499999998
2024-06-07 18:05:00+00:00,18553.289,18555.860999999997,18538.8055,18543.789
2024-06-07 18:10:00+00:00,18542.8055,18546.366499999996,18530.283499999998,18531.2945
2024-06-07 18:15:00+00:00,18530.810999999998,18541.739,18529.228,18536.3055
2024-06-07 18:20:00+00:00,18535.8055,18552.8,18534.289,18548.8055
2024-06-07 18:25:00+00:00,18549.872,18561.8165,18547.75,18556.283499999998
2024-06-07 18:30:00+00:00,18556.733500000002,18561.322,18553.783499999998,18555.2445
2024-06-07 18:35:00+00:00,18554.822,18562.355499999998,18553.8055,18560.360999999997
2024-06-07 18:40:00+00:00,18560.8,18568.366499999996,18559.7445,18567.289
2024-06-07 18:45:00+00:00,18567.85,18569.3,18563.2945,18566.35
2024-06-07 18:50:00+00:00,18565.733500000002,18567.360999999997,18558.228,18564.3
2024-06-07 18:55:00+00:00,18563.7945,18564.872,18560.783499999998,18562.7835
2024-06-07 19:00:00+00:00,18562.316499999997,18566.778,18555.2945,18562.355499999998
2024-06-07 19:05:00+00:00,18561.789,18563.360999999997,18550.8,18552.25
2024-06-07 19:10:00+00:00,18552.8055,18556.8055,18540.728,18550.3055
2024-06-07 19:15:00+00:00,18550.7945,18560.8055,18546.7945,18548.289
2024-06-07 19:20:00+00:00,18547.8055,18552.860999999997,18540.310999999998,18550.3
2024-06-07 19:25:00+00:00,18549.8055,18559.8,18547.3,18556.7445
2024-06-07 19:30:00+00:00,18556.3,18560.25,18552.7445,18553.855499999998
2024-06-07 19:35:00+00:00,18553.289,18554.85,18544.783499999998,18546.278
2024-06-07 19:40:00+00:00,18546.810999999998,18551.278,18541.7945,18545.278
2024-06-07 19:45:00+00:00,18544.789,18546.8,18539.3,18543.35
2024-06-07 19:50:00+00:00,18541.228,18547.789,18536.7835,18542.7945
2024-06-07 19:55:00+00:00,18543.2445,18549.278,18542.8,18548.8055
2024-06-10 00:00:00+00:00,18489.911,18501.1945,18489.911,18497.7055
2024-06-10 00:05:00+00:00,18498.110999999997,18499.3835,18491.578,18492.483500000002
2024-06-10 00:10:00+00:00,18491.65,18492.439000000002,18486.3,18486.316499999997
2024-06-10 00:15:00+00:00,18516.322,18521.283499999998,18497.3,18508.8
2024-06-10 00:20:00+00:00,18508.810999999998,18514.778,18504.8,18512.322
2024-06-10 00:25:00+00:00,18511.810999999998,18513.8055,18506.316499999997,18507.8055
2024-06-10 00:30:00+00:00,18512.25,18520.3055,18510.789,18518.25
2024-06-10 00:35:00+00:00,18519.8165,18519.8165,18513.8055,18516.860999999997
2024-06-10 00:40:00+00:00,18515.289,18524.3165,18514.7445,18523.7945
2024-06-10 00:45:00+00:00,18524.3165,18524.3165,18518.3055,18519.233500000002
2024-06-10 00:50:00+00:00,18518.810999999998,18519.3,18516.310999999998,18517.25
2024-06-10 00:55:00+00:00,18517.7945,18522.872,18517.7945,18522.2945
2024-06-10 01:00:00+00:00,18520.355499999998,18521.228,18518.7945,18519.2835
2024-06-10 01:05:00+00:00,18519.8055,18522.789,18516.860999999997,18517.283499999998
2024-06-10 01:10:00+00:00,18517.866499999996,18521.2945,18515.239,18515.860999999997
2024-06-10 01:15:00+00:00,18516.360999999997,18517.8,18512.778,18513.789
2024-06-10 01:20:00+00:00,18512.728,18514.316499999997,18512.3,18512.872
2024-06-10 01:25:00+00:00,18512.3165,18514.289,18507.360999999997,18512.3
2024-06-10 01:30:00+00:00,18512.739,18515.733500000002,18511.322,18511.322
2024-06-10 01:35:00+00:00,18510.3,18510.8,18508.355499999998,18508.855499999998
2024-06-10 01:40:00+00:00,18508.25,18513.8,18507.2945,18510.7945
2024-06-10 01:45:00+00:00,18511.2945,18511.728,18505.3055,18506.2945
2024-06-10 01:50:00+00:00,18502.816499999997,18505.728,18501.3055,18504.816499999997
2024-06-10 01:55:00+00:00,18507.372,18508.3,18504.789,18505.8055
2024-06-10 02:00:00+00:00,18505.2945,18505.2945,18496.789,18499.816499999997
2024-06-10 02:05:00+00:00,18500.3,18502.860999999997,18499.816499999997,18499.8165
2024-06-10 02:10:00+00:00,18499.3055,18502.2945,18497.360999999997,18501.822
2024-06-10 02:15:00+00:00,18502.310999999998,18511.8055,18502.310999999998,18509.810999999998
2024-06-10 02:20:00+00:00,18510.3055,18515.2945,18510.3055,18511.810999999998
2024-06-10 02:25:00+00:00,18511.3,18511.3,18504.8055,18506.816499999997
2024-06-10 02:30:00+00:00,18506.366499999996,18509.228,18506.233500000002,18508.8
2024-06-10 02:35:00+00:00,18507.8165,18513.3055,18507.8165,18511.855499999998
2024-06-10 02:40:00+00:00,18511.310999999998,18511.310999999998,18508.289,18508.289
2024-06-10 02:45:00+00:00,18508.8055,18511.810999999998,18508.372,18511.810999999998
2024-06-10 02:50:00+00:00,18512.2945,18512.789,18509.7445,18509.8165
2024-06-10 02:55:00+00:00,18510.322,18512.7945,18508.728,18511.872
2024-06-10 03:00:00+00:00,18512.3165,18514.3,18511.8,18514.2945
2024-06-10 03:05:00+00:00,18514.7835,18519.3055,18514.7835,18518.8055
2024-06-10 03:10:00+00:00,18519.3,18524.860999999997,18518.789,18524.7945
2024-06-10 03:15:00+00:00,18524.310999999998,18525.35,18523.2945,18523.7945
2024-06-10 03:20:00+00:00,18523.3,18523.3,18521.2945,18521.8055
2024-06-10 03:25:00+00:00,18521.3,18521.816499999997,18521.3,18521.3055
2024-06-10 03:30:00+00:00,18520.8055,18521.7945,18519.3055,18519.8
2024-06-10 03:35:00+00:00,18519.3,18519.3,18513.866499999996,18516.8
2024-06-10 03:40:00+00:00,18515.8,18516.860999999997,18510.8,18514.7835
2024-06-10 03:45:00+00:00,18516.855499999998,18518.789,18513.75,18514.3165
2024-06-10 03:50:00+00:00,18515.8,18515.860999999997,18513.816499999997,18514.8055
2024-06-10 03:55:00+00:00,18515.733500000002,18515.733500000002,18510.316499999997,18512.810999999998
2024-06-10 04:00:00+00:00,18513.3055,18513.3055,18508.789,18509.2945
2024-06-10 04:05:00+00:00,18509.8,18509.8,18506.8,18507.8055
2024-06-10 04:10:00+00:00,18508.239,18508.8055,18507.289,18507.3
2024-06-10 04:15:00+00:00,18506.7945,18508.310999999998,18503.810999999998,18505.8055
2024-06-10 04:20:00+00:00,18505.2945,18508.3,18505.2945,18505.8
2024-06-10 04:25:00+00:00,18506.25,18506.75,18503.810999999998,18504.855499999998
2024-06-10 04:30:00+00:00,18503.872,18507.8,18503.8055,18504.872
2024-06-10 04:35:00+00:00,18504.228,18508.3,18504.228,18506.366499999996
2024-06-10 04:40:00+00:00,18505.8055,18509.228,18504.7945,18508.810999999998
2024-06-10 04:45:00+00:00,18508.366499999996,18512.3055,18508.366499999996,18509.85
2024-06-10 04:50:00+00:00,18509.3055,18513.310999999998,18509.3055,18512.810999999998
2024-06-10 04:55:00+00:00,18512.316499999997,18512.316499999997,18506.2445,18507.8
2024-06-10 05:00:00+00:00,18507.316499999997,18511.3,18504.2445,18511.3
2024-06-10 05:05:00+00:00,18508.7945,18512.8,18505.866499999996,18510.85
2024-06-10 05:10:00+00:00,18511.322,18516.7445,18511.322,18515.7945
2024-06-10 05:15:00+00:00,18515.316499999997,18516.283499999998,18511.8055,18514.810999999998
2024-06-10 05:20:00+00:00,18514.278,18515.3,18510.7945,18513.2835
2024-06-10 05:25:00+00:00,18514.789,18514.789,18511.35,18512.872
2024-06-10 05:30:00+00:00,18513.316499999997,18515.3165,18511.3055,18514.860999999997
2024-06-10 05:35:00+00:00,18515.822,18515.822,18509.789,18511.372
2024-06-10 05:40:00+00:00,18512.360999999997,18512.360999999997,18507.778,18510.3
2024-06-10 05:45:00+00:00,18510.8055,18514.316499999997,18507.3,18507.3
2024-06-10 05:50:00+00:00,18507.8055,18508.810999999998,18502.3,18504.733500000002
2024-06-10 05:55:00+00:00,18505.2945,18508.2945,18497.278,18500.310999999998
2024-06-10 06:00:00+00:00,18499.2945,18500.855499999998,18463.289,18463.289
2024-06-10 06:05:00+00:00,18463.866499999996,18470.366499999996,18450.283499999998,18462.3055
2024-06-10 06:10:00+00:00,18460.816499999997,18481.233500000002,18459.2945,18479.283499999998
2024-06-10 06:15:00+00:00,18478.366499999996,18482.778,18467.3,18467.3055
2024-06-10 06:20:00+00:00,18468.3,18472.3055,18455.8055,18458.233500000002
2024-06-10 06:25:00+00:00,18458.8055,18467.2945,18458.3,18463.310999999998
2024-06-10 06:30:00+00:00,18462.067499999997,18467.310999999998,18457.289,18467.310999999998
2024-06-10 06:35:00+00:00,18466.8,18473.2945,18461.228,18465.3165
2024-06-10 06:40:00+00:00,18463.2945,18473.855499999998,18463.2945,18468.2945
2024-06-10 06:45:00+00:00,18467.7445,18470.316499999997,18449.3165,18458.372
2024-06-10 06:50:00+00:00,18457.355499999998,18464.8,18447.789,18459.372
2024-06-10 06:55:00+00:00,18458.289,18462.855499999998,18435.322,18452.278
2024-06-10 07:00:00+00:00,18455.801,18469.810999999998,18367.366499999996,18430.3
2024-06-10 07:05:00+00:00,18429.3,18446.2945,18419.810999999998,18437.355499999998
2024-06-10 07:10:00+00:00,18435.8,18435.8,18409.278,18428.7945
2024-06-10 07:15:00+00:00,18430.3055,18443.228,18412.310999999998,18418.233500000002
2024-06-10 07:20:00+00:00,18418.545000000002,18432.366499999996,18415.310999999998,18431.283499999998
2024-06-10 07:25:00+00:00,18432.8165,18454.8,18420.233500000002,18447.310999999998
2024-06-10 07:30:00+00:00,18449.3,18454.3055,18431.7945,18448.3165
2024-06-10 07:35:00+00:00,18447.789,18452.278,18420.8055,18431.233500000002
2024-06-10 07:40:00+00:00,18432.7445,18435.310999999998,18424.873,18429.278
2024-06-10 07:45:00+00:00,18428.8,18443.85,18414.3,18435.3
2024-06-10 07:50:00+00:00,18434.289,18463.7445,18430.2445,18453.3
2024-06-10 07:55:00+00:00,18454.228,18462.322,18449.233500000002,18458.289
2024-06-10 08:00:00+00:00,18457.310999999998,18466.310999999998,18442.816499999997,18449.2945
2024-06-10 08:05:00+00:00,18449.8165,18450.289,18421.289,18422.366499999996
2024-06-10 08:10:00+00:00,18421.8055,18445.8,18420.739,18438.3
2024-06-10 08:15:00+00:00,18437.860999999997,18439.360999999997,18419.289,18427.3055
2024-06-10 08:20:00+00:00,18428.310999999998,18439.739,18428.283499999998,18434.2945
2024-06-10 08:25:00+00:00,18434.3055,18442.310999999998,18423.7445,18425.3
2024-06-10 08:30:00+00:00,18424.401,18449.3055,18420.8,18449.2835
2024-06-10 08:35:00+00:00,18448.3,18451.310999999998,18430.2945,18434.3165
2024-06-10 08:40:00+00:00,18433.372,18439.2945,18427.810999999998,18431.310999999998
2024-06-10 08:45:00+00:00,18429.228,18433.372,18421.3,18422.3055
2024-06-10 08:50:00+00:00,18421.2945,18423.855499999998,18407.810999999998,18410.2945
2024-06-10 08:55:00+00:00,18411.233500000002,18411.233500000002,18403.3055,18406.289
2024-06-10 09:00:00+00:00,18404.7835,18417.3,18398.3,18399.8
2024-06-10 09:05:00+00:00,18400.75,18400.75,18383.228,18396.289
2024-06-10 09:10:00+00:00,18395.7835,18396.3055,18386.278,18388.3
2024-06-10 09:15:00+00:00,18387.512,18395.7835,18379.278,18379.278
2024-06-10 09:20:00+00:00,18378.289,18385.8,18361.233500000002,18363.3
2024-06-10 09:25:00+00:00,18361.789,18372.3,18356.75,18370.372
2024-06-10 09:30:00+00:00,18370.001,18389.8165,18367.2835,18385.2445
2024-06-10 09:35:00+00:00,18384.25,18384.25,18370.3,18378.75
2024-06-10 09:40:00+00:00,18377.7945,18389.310999999998,18376.872,18376.872
2024-06-10 09:45:00+00:00,18376.322,18377.360999999997,18366.310999999998,18370.3
2024-06-10 09:50:00+00:00,18369.3055,18381.2835,18367.283499999998,18379.25
2024-06-10 09:55:00+00:00,18376.855499999998,18387.360999999997,18374.3055,18385.855499999998
2024-06-10 10:00:00+00:00,18385.3,18390.360999999997,18374.228,18383.2945
2024-06-10 10:05:00+00:00,18383.739,18396.855499999998,18380.2945,18392.3055
2024-06-10 10:10:00+00:00,18391.2945,18395.55,18384.511,18386.560999999998
2024-06-10 10:15:00+00:00,18387.0055,18408.060999999998,18386.9835,18408.060999999998
2024-06-10 10:20:00+00:00,18407.483500000002,18408.5,18398.0,18406.0055
2024-06-10 10:25:00+00:00,18405.0,18420.022,18403.0,18416.9945
2024-06-10 10:30:00+00:00,18416.478,18438.5165,18410.9835,18437.9945
2024-06-10 10:35:00+00:00,18439.5,18443.011,18421.4945,18428.9835
2024-06-10 10:40:00+00:00,18429.95,18431.4945,18423.978,18425.9945
2024-06-10 10:45:00+00:00,18425.5,18442.060999999998,18422.489,18435.978
2024-06-10 10:50:00+00:00,18436.428,18443.0555,18435.0165,18443.0555
2024-06-10 10:55:00+00:00,18445.0055,18446.4945,18429.933500000003,18431.0
2024-06-10 11:00:00+00:00,18430.933500000003,18439.439000000002,18427.989,18431.939000000002
2024-06-10 11:05:00+00:00,18431.212,18442.0055,18430.9945,18434.989
2024-06-10 11:10:00+00:00,18434.4945,18446.989,18434.4945,18446.989
2024-06-10 11:15:00+00:00,18446.428,18454.489,18444.4945,18453.05
2024-06-10 11:20:00+00:00,18453.5,18455.978,18449.989,18455.0165
2024-06-10 11:25:00+00:00,18455.5,18462.5,18454.0,18462.016499999998
2024-06-10 11:30:00+00:00,18461.5,18463.9945,18454.4945,18459.066499999997
2024-06-10 11:35:00+00:00,18459.5,18462.511,18454.439000000002,18461.45
2024-06-10 11:40:00+00:00,18462.0,18462.572,18455.989,18457.066499999997
2024-06-10 11:45:00+00:00,18457.178999999996,18468.489,18452.433500000003,18464.0055
2024-06-10 11:50:00+00:00,18464.522,18464.522,18458.978,18459.5555
2024-06-10 11:55:00+00:00,18459.0,18463.9445,18454.928,18456.4945
2024-06-10 12:00:00+00:00,18456.0,18466.060999999998,18454.483500000002,18462.95
2024-06-10 12:05:00+00:00,18464.5,18472.9445,18460.95,18471.016499999998
2024-06-10 12:10:00+00:00,18471.566499999997,18477.511,18469.4945,18469.511
2024-06-10 12:15:00+00:00,18469.9445,18473.060999999998,18461.0,18465.978
2024-06-10 12:20:00+00:00,18464.4445,18473.9945,18460.478,18463.983500000002
2024-06-10 12:25:00+00:00,18463.483500000002,18474.5555,18459.5055,18470.5
2024-06-10 12:30:00+00:00,18470.978,18477.928,18465.9445,18474.0
2024-06-10 12:35:00+00:00,18474.95,18476.4835,18460.9945,18462.0
2024-06-10 12:40:00+00:00,18461.0055,18463.572,18456.5055,18457.4445
2024-06-10 12:45:00+00:00,18457.989,18462.5055,18451.4945,18452.011
2024-06-10 12:50:00+00:00,18452.2565,18452.2565,18437.928,18438.989
2024-06-10 12:55:00+00:00,18439.4945,18439.4945,18424.989,18430.428
2024-06-10 13:00:00+00:00,18429.9945,18439.511,18427.9835,18431.9945
2024-06-10 13:05:00+00:00,18433.0055,18435.516499999998,18427.0055,18430.0
2024-06-10 13:10:00+00:00,18430.4945,18432.0055,18420.016499999998,18421.0
2024-06-10 13:15:00+00:00,18420.0,18428.066499999997,18411.5,18414.0165
2024-06-10 13:20:00+00:00,18413.4945,18416.5055,18407.4835,18413.011
2024-06-10 13:25:00+00:00,18411.933500000003,18422.060999999998,18410.928,18419.4945
2024-06-10 13:30:00+00:00,18418.45,18421.0165,18403.489,18403.95
2024-06-10 13:35:00+00:00,18404.2455,18421.566499999997,18397.433500000003,18410.0555
2024-06-10 13:40:00+00:00,18410.317499999997,18427.0555,18405.060999999998,18425.016499999998
2024-06-10 13:45:00+00:00,18424.5555,18432.5055,18416.939000000002,18425.05
2024-06-10 13:50:00+00:00,18424.4945,18438.511,18423.5,18434.572
2024-06-10 13:55:00+00:00,18435.9945,18447.478,18434.989,18439.9945
2024-06-10 14:00:00+00:00,18439.066499999997,18443.566499999997,18428.928,18436.0
2024-06-10 14:05:00+00:00,18435.201,18446.9835,18432.428,18436.022
2024-06-10 14:10:00+00:00,18437.0055,18443.983500000002,18428.95,18433.5
2024-06-10 14:15:00+00:00,18434.051,18450.011,18433.0,18439.0
2024-06-10 14:20:00+00:00,18439.989,18450.572,18439.989,18442.066499999997
2024-06-10 14:25:00+00:00,18442.5,18448.072,18439.939000000002,18443.5055
2024-06-10 14:30:00+00:00,18444.5,18454.016499999998,18438.9445,18453.5
2024-06-10 14:35:00+00:00,18452.928,18458.511,18448.5,18450.066499999997
2024-06-10 14:40:00+00:00,18450.983500000002,18457.072,18449.0,18450.0055
2024-06-10 14:45:00+00:00,18450.4945,18455.5055,18446.478,18452.978
2024-06-10 14:50:00+00:00,18452.4945,18463.989,18452.4945,18458.5
2024-06-10 14:55:00+00:00,18458.066499999997,18458.066499999997,18443.45,18450.0
2024-06-10 15:00:00+00:00,18450.19,18458.0555,18446.0,18450.0165
2024-06-10 15:05:00+00:00,18450.478,18465.489,18447.4445,18463.483500000002
2024-06-10 15:10:00+00:00,18462.989,18471.5,18457.5,18471.05
2024-06-10 15:15:00+00:00,18470.428,18476.4945,18467.5165,18476.4945
2024-06-10 15:20:00+00:00,18475.933500000003,18483.5055,18473.511,18478.5
2024-06-10 15:25:00+00:00,18477.983500000002,18490.5165,18477.428,18489.5055
2024-06-10 15:30:00+00:00,18490.5555,18500.516499999998,18490.195499999998,18494.45
2024-06-10 15:35:00+00:00,18492.4945,18500.55,18490.5,18496.989
2024-06-10 15:40:00+00:00,18496.566499999997,18504.4945,18496.566499999997,18503.0
2024-06-10 15:45:00+00:00,18503.5,18503.5,18494.439000000002,18494.483500000002
2024-06-10 15:50:00+00:00,18495.428,18502.5,18495.428,18499.5055
2024-06-10 15:55:00+00:00,18499.939000000002,18503.511,18491.95,18496.066499999997
2024-06-10 16:00:00+00:00,18496.2565,18497.516499999998,18487.4835,18489.572
2024-06-10 16:05:00+00:00,18489.0,18490.9945,18486.989,18489.05
2024-06-10 16:10:00+00:00,18488.5,18495.0055,18488.5,18495.0055
2024-06-10 16:15:00+00:00,18495.4945,18499.016499999998,18493.989,18493.989
2024-06-10 16:20:00+00:00,18493.5555,18497.511,18488.4445,18489.989
2024-06-10 16:25:00+00:00,18489.489,18491.016499999998,18485.5055,18490.0055
2024-06-10 16:30:00+00:00,18490.262,18493.566499999997,18489.0,18491.989
2024-06-10 16:35:00+00:00,18491.572,18491.572,18488.060999999998,18490.011
2024-06-10 16:40:00+00:00,18489.522,18496.0055,18488.939000000002,18496.0055
2024-06-10 16:45:00+00:00,18496.9445,18497.0,18488.9835,18492.5
2024-06-10 16:50:00+00:00,18492.7565,18495.5055,18492.0,18492.978
2024-06-10 16:55:00+00:00,18493.483500000002,18494.572,18492.566499999997,18494.066499999997
2024-06-10 17:00:00+00:00,18493.011,18494.0,18484.0055,18493.9445
2024-06-10 17:05:00+00:00,18492.933500000003,18497.433500000003,18489.939000000002,18491.4945
2024-06-10 17:10:00+00:00,18490.489,18494.5,18488.0,18491.5
2024-06-10 17:15:00+00:00,18490.939000000002,18490.939000000002,18484.939000000002,18489.0
2024-06-10 17:20:00+00:00,18488.4945,18492.511,18488.4945,18489.0
2024-06-10 17:25:00+00:00,18490.4445,18491.022,18483.560999999998,18485.489
2024-06-10 17:30:00+00:00,18485.7345,18490.5055,18483.511,18489.4835
2024-06-10 17:35:00+00:00,18490.0,18491.011,18487.5,18488.022
2024-06-10 17:40:00+00:00,18488.489,18497.016499999998,18488.489,18496.5
2024-06-10 17:45:00+00:00,18495.9445,18521.011,18495.9445,18517.05
2024-06-10 17:50:00+00:00,18517.439000000002,18518.560999999998,18506.428,18511.5555
2024-06-10 17:55:00+00:00,18510.983500000002,18511.55,18505.428,18507.428
2024-06-10 18:00:00+00:00,18508.428,18508.55,18502.0055,18505.516499999998
2024-06-10 18:05:00+00:00,18505.939000000002,18513.933500000003,18504.5,18506.4445
2024-06-10 18:10:00+00:00,18506.011,18508.5,18503.5055,18507.516499999998
2024-06-10 18:15:00+00:00,18507.9945,18511.5165,18504.439000000002,18505.5165
2024-06-10 18:20:00+00:00,18505.0,18508.5055,18501.016499999998,18505.489
2024-06-10 18:25:00+00:00,18505.989,18508.0,18500.011,18502.933500000003
2024-06-10 18:30:00+00:00,18502.5055,18508.0,18501.433500000003,18507.566499999997
2024-06-10 18:35:00+00:00,18507.933500000003,18519.511,18507.478,18512.4835
2024-06-10 18:40:00+00:00,18512.767499999998,18519.060999999998,18512.489,18514.5
2024-06-10 18:45:00+00:00,18515.5055,18519.5,18514.933500000003,18519.45
2024-06-10 18:50:00+00:00,18519.011,18523.5055,18518.5555,18520.511
2024-06-10 18:55:00+00:00,18521.0055,18522.060999999998,18518.9945,18520.0055
2024-06-10 19:00:00+00:00,18520.511,18528.5,18519.0055,18524.983500000002
2024-06-10 19:05:00+00:00,18525.4445,18525.9945,18522.0,18523.0055
2024-06-10 19:10:00+00:00,18522.4945,18530.4945,18521.989,18528.5555
2024-06-10 19:15:00+00:00,18529.011,18530.560999999998,18521.95,18523.5055
2024-06-10 19:20:00+00:00,18523.9945,18530.560999999998,18523.4945,18524.011
2024-06-10 19:25:00+00:00,18523.572,18526.0055,18521.989,18525.522
2024-06-10 19:30:00+00:00,18524.483500000002,18524.483500000002,18514.5165,18516.439000000002
2024-06-10 19:35:00+00:00,18516.0055,18519.5555,18514.4945,18514.4945
2024-06-10 19:40:00+00:00,18514.928,18519.522,18513.0,18514.560999999998
2024-06-10 19:45:00+00:00,18514.0055,18514.566499999997,18510.978,18511.060999999998
2024-06-10 19:50:00+00:00,18510.5055,18519.516499999998,18509.428,18517.55
2024-06-10 19:55:00+00:00,18517.0,18525.0165,18513.439000000002,18525.0
2024-06-10 20:00:00+00:00,18525.201,18527.261,18509.0335,18509.0945
2024-06-10 20:05:00+00:00,18509.989,18510.8,18503.828,18503.828
2024-06-10 20:10:00+00:00,18504.8165,18504.8165,18497.0055,18501.2945
2024-06-10 22:05:00+00:00,18519.339,18519.35,18517.6665,18518.560999999998
2024-06-10 22:10:00+00:00,18519.383500000004,18522.011,18518.428,18521.105499999998
2024-06-10 22:15:00+00:00,18520.189000000002,18520.189000000002,18516.8,18516.8
2024-06-10 22:20:00+00:00,18515.9055,18517.6555,18515.4945,18516.728
2024-06-10 22:25:00+00:00,18517.605499999998,18519.45,18517.605499999998,18518.5
2024-06-10 22:30:00+00:00,18517.610999999997,18518.883500000004,18516.783499999998,18518.883500000004
2024-06-10 22:35:00+00:00,18518.566499999997,18519.4,18518.4445,18518.489
2024-06-10 22:40:00+00:00,18517.5945,18518.5,18515.8335,18515.8335
2024-06-10 22:45:00+00:00,18515.1165,18516.855499999998,18515.1,18515.1
2024-06-10 22:50:00+00:00,18515.8445,18515.8445,18515.1665,18515.1665
2024-06-10 22:55:00+00:00,18514.2555,18515.9,18514.133500000004,18514.1835
2024-06-10 23:00:00+00:00,18514.640000000003,18515.911,18511.5945,18512.5055
2024-06-10 23:05:00+00:00,18513.3,18513.3,18510.6835,18511.610999999997
2024-06-10 23:10:00+00:00,18511.261,18511.6,18503.733500000002,18504.7
2024-06-10 23:15:00+00:00,18504.25,18505.610999999997,18502.0445,18505.589
2024-06-10 23:20:00+00:00,18504.644500000002,18506.339,18502.989,18504.689000000002
2024-06-10 23:25:00+00:00,18503.860999999997,18504.6945,18500.339,18500.339
2024-06-10 23:30:00+00:00,18499.511,18502.161,18499.511,18502.0835
2024-06-10 23:35:00+00:00,18503.011,18503.060999999998,18501.7055,18502.928
2024-06-10 23:40:00+00:00,18503.411,18503.872,18501.2,18501.2
2024-06-10 23:45:00+00:00,18502.161,18506.461,18501.139000000003,18505.6665
2024-06-10 23:50:00+00:00,18506.472,18508.089,18505.55,18505.6
2024-06-10 23:55:00+00:00,18504.7,18505.661,18503.8055,18504.761
2024-06-11 00:00:00+00:00,18503.7945,18505.5945,18500.4,18502.1555
2024-06-11 00:05:00+00:00,18501.216500000002,18501.222,18497.7835,18497.8055
2024-06-11 00:10:00+00:00,18498.7,18499.572,18497.7835,18499.516499999998
2024-06-11 00:15:00+00:00,18524.011,18524.011,18505.022,18507.572
2024-06-11 00:20:00+00:00,18507.489,18510.489,18506.5055,18510.489
2024-06-11 00:25:00+00:00,18511.0055,18514.5055,18509.989,18509.989
2024-06-11 00:30:00+00:00,18510.511,18512.0055,18501.0,18504.433500000003
2024-06-11 00:35:00+00:00,18505.9945,18512.060999999998,18504.489,18506.9945
2024-06-11 00:40:00+00:00,18507.55,18509.428,18505.5055,18506.489
2024-06-11 00:45:00+00:00,18507.011,18509.066499999997,18505.483500000002,18505.989
2024-06-11 00:50:00+00:00,18506.489,18507.0,18504.9945,18505.9945
2024-06-11 00:55:00+00:00,18505.433500000003,18506.0555,18501.060999999998,18501.928
2024-06-11 01:00:00+00:00,18501.478,18503.0555,18500.939000000002,18502.011
2024-06-11 01:05:00+00:00,18501.433500000003,18508.489,18500.011,18506.0165
2024-06-11 01:10:00+00:00,18506.511,18507.0055,18501.0055,18501.55
2024-06-11 01:15:00+00:00,18501.9945,18503.0,18495.439000000002,18497.072
2024-06-11 01:20:00+00:00,18497.5,18502.4835,18497.0,18500.022
2024-06-11 01:25:00+00:00,18499.5555,18500.511,18497.428,18498.060999999998
2024-06-11 01:30:00+00:00,18497.55,18501.0,18497.55,18500.5555
2024-06-11 01:35:00+00:00,18499.9945,18506.933500000003,18499.439000000002,18505.983500000002
2024-06-11 01:40:00+00:00,18505.5055,18505.983500000002,18500.5165,18505.060999999998
2024-06-11 01:45:00+00:00,18505.516499999998,18506.0165,18501.989,18502.0
2024-06-11 01:50:00+00:00,18502.989,18502.9945,18501.928,18502.011
2024-06-11 01:55:00+00:00,18501.05,18505.0,18500.489,18504.0165
2024-06-11 02:00:00+00:00,18503.489,18504.0055,18496.0,18499.0055
2024-06-11 02:05:00+00:00,18500.011,18500.011,18495.9945,18497.0
2024-06-11 02:10:00+00:00,18496.489,18500.0165,18496.489,18498.0
2024-06-11 02:15:00+00:00,18497.55,18500.4445,18495.989,18499.9945
2024-06-11 02:20:00+00:00,18501.989,18503.0,18499.0055,18499.983500000002
2024-06-11 02:25:00+00:00,18498.9835,18499.9445,18498.9835,18499.9445
2024-06-11 02:30:00+00:00,18500.5055,18500.5055,18495.9835,18496.011
2024-06-11 02:35:00+00:00,18496.5,18499.066499999997,18496.5,18497.9835
2024-06-11 02:40:00+00:00,18498.511,18498.9835,18496.0555,18496.0555
2024-06-11 02:45:00+00:00,18495.0055,18495.066499999997,18493.9835,18494.989
2024-06-11 02:50:00+00:00,18495.933500000003,18495.933500000003,18491.516499999998,18491.9445
2024-06-11 02:55:00+00:00,18492.5,18494.516499999998,18491.4835,18492.0
2024-06-11 03:00:00+00:00,18493.0,18495.928,18492.4835,18494.989
2024-06-11 03:05:00+00:00,18496.0,18496.0,18493.0165,18493.9835
2024-06-11 03:10:00+00:00,18494.483500000002,18494.9835,18493.011,18493.011
2024-06-11 03:15:00+00:00,18491.983500000002,18491.989,18487.5,18490.0055
2024-06-11 03:20:00+00:00,18488.9945,18492.0,18488.9945,18492.0
2024-06-11 03:25:00+00:00,18491.511,18492.9835,18490.439000000002,18490.989
2024-06-11 03:30:00+00:00,18490.4945,18491.4945,18488.489,18489.428
2024-06-11 03:35:00+00:00,18489.0,18489.566499999997,18487.439000000002,18488.0
2024-06-11 03:40:00+00:00,18488.516499999998,18494.5055,18488.5,18494.5055
2024-06-11 03:45:00+00:00,18495.060999999998,18498.566499999997,18495.060999999998,18498.05
2024-06-11 03:50:00+00:00,18498.4835,18500.4835,18497.928,18499.55
2024-06-11 03:55:00+00:00,18500.011,18502.566499999997,18499.0055,18501.9945
2024-06-11 04:00:00+00:00,18501.5055,18501.9945,18496.489,18497.0
2024-06-11 04:05:00+00:00,18496.4945,18496.511,18494.9445,18496.511
2024-06-11 04:10:00+00:00,18497.45,18501.0055,18497.45,18500.9945
2024-06-11 04:15:00+00:00,18500.4945,18502.0055,18497.5055,18501.516499999998
2024-06-11 04:20:00+00:00,18500.516499999998,18503.011,18500.516499999998,18501.933500000003
2024-06-11 04:25:00+00:00,18502.5,18502.5,18500.989,18501.928
2024-06-11 04:30:00+00:00,18499.566499999997,18502.5055,18498.4945,18498.4945
2024-06-11 04:35:00+00:00,18497.933500000003,18499.022,18497.0165,18498.066499999997
2024-06-11 04:40:00+00:00,18498.928,18500.978,18497.989,18497.989
2024-06-11 04:45:00+00:00,18498.511,18500.9945,18498.066499999997,18500.0555
2024-06-11 04:50:00+00:00,18499.516499999998,18501.566499999997,18499.428,18501.566499999997
2024-06-11 04:55:00+00:00,18502.05,18502.478,18496.9445,18499.060999999998
2024-06-11 05:00:00+00:00,18500.0,18500.0,18494.928,18498.45
2024-06-11 05:05:00+00:00,18497.989,18498.572,18495.5,18495.5
2024-06-11 05:10:00+00:00,18496.011,18503.5,18495.478,18502.989
2024-06-11 05:15:00+00:00,18502.4945,18505.9835,18500.983500000002,18500.983500000002
2024-06-11 05:20:00+00:00,18501.928,18502.5555,18500.4945,18500.933500000003
2024-06-11 05:25:00+00:00,18500.5055,18501.95,18500.4835,18501.572
2024-06-11 05:30:00+00:00,18499.9445,18500.0055,18495.5,18495.5165
2024-06-11 05:35:00+00:00,18494.9945,18498.572,18494.9945,18498.45
2024-06-11 05:40:00+00:00,18497.55,18501.55,18496.4945,18501.5055
2024-06-11 05:45:00+00:00,18501.011,18503.5165,18497.516499999998,18502.016499999998
2024-06-11 05:50:00+00:00,18502.489,18502.489,18494.511,18497.983500000002
2024-06-11 05:55:00+00:00,18497.516499999998,18508.433500000003,18497.4945,18508.433500000003
2024-06-11 06:00:00+00:00,18509.016499999998,18530.989,18508.511,18530.989
2024-06-11 06:05:00+00:00,18531.489,18535.439000000002,18526.0,18533.0055
2024-06-11 06:10:00+00:00,18532.489,18538.0055,18527.9835,18531.4945
2024-06-11 06:15:00+00:00,18530.516499999998,18543.933500000003,18530.4835,18542.5055
2024-06-11 06:20:00+00:00,18543.066499999997,18549.5055,18540.4835,18549.5055
2024-06-11 06:25:00+00:00,18550.5055,18550.5055,18542.0165,18546.5165
2024-06-11 06:30:00+00:00,18545.9445,18551.55,18544.0,18545.0
2024-06-11 06:35:00+00:00,18544.4945,18545.572,18532.95,18536.4945
2024-06-11 06:40:00+00:00,18534.516499999998,18535.5,18525.0055,18527.516499999998
2024-06-11 06:45:00+00:00,18529.483500000002,18533.428,18527.439000000002,18529.5
2024-06-11 06:50:00+00:00,18529.9945,18533.011,18528.9945,18529.4945
2024-06-11 06:55:00+00:00,18527.489,18529.483500000002,18521.0055,18521.4945
2024-06-11 07:00:00+00:00,18521.5055,18533.5,18513.483500000002,18528.978
2024-06-11 07:05:00+00:00,18529.978,18541.489,18527.511,18540.5
2024-06-11 07:10:00+00:00,18539.601000000002,18541.5055,18510.989,18511.433500000003
2024-06-11 07:15:00+00:00,18512.051,18516.0055,18498.989,18511.483500000002
2024-06-11 07:20:00+00:00,18510.560999999998,18523.066499999997,18506.5055,18518.0055
2024-06-11 07:25:00+00:00,18517.4445,18525.511,18510.4945,18517.0055
2024-06-11 07:30:00+00:00,18517.928,18536.439000000002,18516.9445,18526.5055
2024-06-11 07:35:00+00:00,18525.989,18539.0,18525.4945,18536.989
2024-06-11 07:40:00+00:00,18537.4945,18539.5055,18519.9945,18521.5055
2024-06-11 07:45:00+00:00,18521.016499999998,18525.072,18502.939000000002,18512.0
2024-06-11 07:50:00+00:00,18511.489,18521.022,18504.9945,18511.5055
2024-06-11 07:55:00+00:00,18513.0165,18515.939000000002,18501.511,18503.4835
2024-06-11 08:00:00+00:00,18503.016499999998,18507.511,18495.0,18501.0
2024-06-11 08:05:00+00:00,18500.5555,18500.978,18488.5,18492.5555
2024-06-11 08:10:00+00:00,18491.511,18518.560999999998,18488.95,18516.489
2024-06-11 08:15:00+00:00,18517.0555,18526.4945,18514.566499999997,18518.5
2024-06-11 08:20:00+00:00,18519.0,18521.55,18497.489,18497.4945
2024-06-11 08:25:00+00:00,18497.066499999997,18512.560999999998,18491.9945,18512.516499999998
2024-06-11 08:30:00+00:00,18512.678999999996,18513.560999999998,18496.4945,18498.5
2024-06-11 08:35:00+00:00,18497.939000000002,18505.433500000003,18482.989,18486.978
2024-06-11 08:40:00+00:00,18486.212,18490.5,18479.4835,18480.4945
2024-06-11 08:45:00+00:00,18481.022,18482.433500000003,18447.566499999997,18459.55
2024-06-11 08:50:00+00:00,18458.9945,18469.4945,18457.011,18469.4945
2024-06-11 08:55:00+00:00,18470.951,18477.5,18449.4945,18458.5
2024-06-11 09:00:00+00:00,18458.989,18476.5055,18441.489,18475.5
2024-06-11 09:05:00+00:00,18476.5165,18491.560999999998,18470.572,18471.516499999998
2024-06-11 09:10:00+00:00,18470.0055,18478.5055,18454.55,18458.9945
2024-06-11 09:15:00+00:00,18458.234,18462.072,18436.928,18437.4945
2024-06-11 09:20:00+00:00,18438.001,18442.4945,18429.0055,18437.4945
2024-06-11 09:25:00+00:00,18437.739999999998,18440.060999999998,18423.4445,18431.5055
2024-06-11 09:30:00+00:00,18430.0055,18443.5,18420.489,18422.5055
2024-06-11 09:35:00+00:00,18423.439000000002,18427.511,18411.428,18422.433500000003
2024-06-11 09:40:00+00:00,18422.0,18427.05,18414.4445,18417.0055
2024-06-11 09:45:00+00:00,18416.428,18423.4835,18398.0,18409.5165
2024-06-11 09:50:00+00:00,18408.0,18432.5,18380.011,18398.439000000002
2024-06-11 09:55:00+00:00,18399.511,18399.983500000002,18368.939000000002,18370.489
2024-06-11 10:00:00+00:00,18369.4945,18386.4945,18351.9835,18377.5055
2024-06-11 10:05:00+00:00,18376.522,18381.4945,18364.45,18370.511
2024-06-11 10:10:00+00:00,18369.478,18376.55,18357.5,18361.5
2024-06-11 10:15:00+00:00,18361.0,18384.5165,18361.0,18378.566499999997
2024-06-11 10:20:00+00:00,18377.511,18378.5,18361.4945,18366.4835
2024-06-11 10:25:00+00:00,18365.5055,18385.5055,18365.5055,18372.439000000002
2024-06-11 10:30:00+00:00,18372.7345,18395.5055,18367.4835,18395.5055
2024-06-11 10:35:00+00:00,18394.478,18401.511,18387.983500000002,18400.5055
2024-06-11 10:40:00+00:00,18401.433500000003,18402.522,18387.439000000002,18388.9945
2024-06-11 10:45:00+00:00,18389.2565,18395.5055,18372.439000000002,18376.5
2024-06-11 10:50:00+00:00,18377.5,18399.5,18377.5,18390.5055
2024-06-11 10:55:00+00:00,18391.4445,18397.072,18383.483500000002,18394.4945
2024-06-11 11:00:00+00:00,18394.483500000002,18395.511,18373.060999999998,18374.0055
2024-06-11 11:05:00+00:00,18374.478,18375.511,18354.939000000002,18357.483500000002
2024-06-11 11:10:00+00:00,18357.983500000002,18370.478,18353.0055,18357.9945
2024-06-11 11:15:00+00:00,18357.4835,18364.566499999997,18348.489,18363.4945
2024-06-11 11:20:00+00:00,18362.5,18365.489,18351.5,18353.5055
2024-06-11 11:25:00+00:00,18352.483500000002,18361.522,18346.066499999997,18354.5
2024-06-11 11:30:00+00:00,18353.9945,18354.989,18339.560999999998,18343.4445
2024-06-11 11:35:00+00:00,18342.9945,18345.433500000003,18319.939000000002,18322.560999999998
2024-06-11 11:40:00+00:00,18322.022,18334.9945,18313.572,18324.5
2024-06-11 11:45:00+00:00,18323.511,18335.5,18318.5,18335.439000000002
2024-06-11 11:50:00+00:00,18336.4835,18338.560999999998,18323.016499999998,18338.4945
2024-06-11 11:55:00+00:00,18337.4835,18352.072,18334.4945,18340.560999999998
2024-06-11 12:00:00+00:00,18339.712,18364.0555,18335.489,18361.5055
2024-06-11 12:05:00+00:00,18362.45,18365.5165,18348.05,18349.5
2024-06-11 12:10:00+00:00,18349.0,18366.0165,18344.566499999997,18365.55
2024-06-11 12:15:00+00:00,18367.016499999998,18368.0,18349.45,18355.4445
2024-06-11 12:20:00+00:00,18356.011,18360.0,18350.483500000002,18356.55
2024-06-11 12:25:00+00:00,18356.0055,18358.5165,18348.4445,18352.5055
2024-06-11 12:30:00+00:00,18350.989,18365.5165,18350.989,18354.4445
2024-06-11 12:35:00+00:00,18353.489,18361.989,18353.478,18360.566499999997
2024-06-11 12:40:00+00:00,18361.4445,18379.989,18360.5055,18377.5165
2024-06-11 12:45:00+00:00,18378.9835,18384.072,18367.5,18370.0055
2024-06-11 12:50:00+00:00,18369.489,18370.5165,18336.5,18342.45
2024-06-11 12:55:00+00:00,18342.066499999997,18351.489,18332.0055,18350.5555
2024-06-11 13:00:00+00:00,18350.5555,18373.5,18345.5,18368.55
2024-06-11 13:05:00+00:00,18367.428,18379.5165,18363.5,18376.5
2024-06-11 13:10:00+00:00,18375.4945,18383.55,18374.0,18378.516499999998
2024-06-11 13:15:00+00:00,18377.928,18389.9945,18377.489,18384.566499999997
2024-06-11 13:20:00+00:00,18384.989,18388.511,18373.5,18378.516499999998
2024-06-11 13:25:00+00:00,18378.55,18383.9945,18372.5,18382.5
2024-06-11 13:30:00+00:00,18382.1955,18386.516499999998,18359.5055,18370.511
2024-06-11 13:35:00+00:00,18370.0055,18371.066499999997,18340.433500000003,18350.5
2024-06-11 13:40:00+00:00,18350.0055,18352.0,18323.5,18325.566499999997
2024-06-11 13:45:00+00:00,18325.0,18325.433500000003,18276.428,18288.516499999998
2024-06-11 13:50:00+00:00,18287.5,18329.483500000002,18277.933500000003,18321.428
2024-06-11 13:55:00+00:00,18320.5,18350.5,18316.9945,18350.5
2024-06-11 14:00:00+00:00,18346.989,18356.572,18326.489,18338.489
2024-06-11 14:05:00+00:00,18337.45,18357.0165,18336.978,18356.5
2024-06-11 14:10:00+00:00,18355.933500000003,18366.433500000003,18345.5055,18350.560999999998
2024-06-11 14:15:00+00:00,18351.511,18362.933500000003,18342.5055,18350.4945
2024-06-11 14:20:00+00:00,18351.5555,18356.560999999998,18342.0055,18350.4445
2024-06-11 14:25:00+00:00,18350.017499999998,18359.560999999998,18343.428,18350.4945
2024-06-11 14:30:00+00:00,18351.5,18371.566499999997,18342.0055,18371.566499999997
2024-06-11 14:35:00+00:00,18370.566499999997,18375.45,18363.489,18369.5165
2024-06-11 14:40:00+00:00,18370.0055,18395.572,18368.4445,18389.4445
2024-06-11 14:45:00+00:00,18388.066499999997,18389.511,18374.4945,18388.572
2024-06-11 14:50:00+00:00,18389.433500000003,18396.5165,18386.4945,18390.45
2024-06-11 14:55:00+00:00,18391.0,18396.428,18383.4445,18386.4445
2024-06-11 15:00:00+00:00,18385.511,18390.0,18376.011,18377.4945
2024-06-11 15:05:00+00:00,18378.011,18383.489,18372.072,18377.511
2024-06-11 15:10:00+00:00,18378.5,18380.572,18363.5,18366.572
2024-06-11 15:15:00+00:00,18368.011,18378.0055,18366.072,18376.0
2024-06-11 15:20:00+00:00,18376.262,18382.066499999997,18375.983500000002,18381.4445
2024-06-11 15:25:00+00:00,18380.4445,18382.0,18372.0055,18375.439000000002
2024-06-11 15:30:00+00:00,18375.6955,18381.989,18368.011,18369.5055
2024-06-11 15:35:00+00:00,18368.016499999998,18375.011,18352.989,18354.989
2024-06-11 15:40:00+00:00,18354.522,18357.983500000002,18344.022,18351.5555
2024-06-11 15:45:00+00:00,18351.066499999997,18353.566499999997,18346.4835,18348.511
2024-06-11 15:50:00+00:00,18348.983500000002,18351.5055,18340.478,18349.983500000002
2024-06-11 15:55:00+00:00,18350.5055,18350.9945,18346.05,18347.483500000002
2024-06-11 16:00:00+00:00,18346.5,18355.55,18343.989,18354.0
2024-06-11 16:05:00+00:00,18353.428,18359.55,18352.0055,18355.489
2024-06-11 16:10:00+00:00,18356.4445,18367.0555,18353.989,18367.0
2024-06-11 16:15:00+00:00,18366.4445,18367.560999999998,18349.4945,18350.4945
2024-06-11 16:20:00+00:00,18350.9945,18352.011,18345.4945,18350.483500000002
2024-06-11 16:25:00+00:00,18349.928,18359.0,18349.011,18358.511
2024-06-11 16:30:00+00:00,18358.989,18366.0555,18357.511,18366.0555
2024-06-11 16:35:00+00:00,18365.489,18368.55,18362.439000000002,18367.0
2024-06-11 16:40:00+00:00,18367.5165,18377.0055,18366.0,18376.0165
2024-06-11 16:45:00+00:00,18374.5555,18378.011,18369.4945,18372.4945
2024-06-11 16:50:00+00:00,18371.55,18376.0,18370.5,18373.928
2024-06-11 16:55:00+00:00,18373.439000000002,18377.566499999997,18373.0,18377.072
2024-06-11 17:00:00+00:00,18377.511,18381.560999999998,18367.439000000002,18379.5
2024-06-11 17:05:00+00:00,18378.9945,18384.5,18377.560999999998,18379.5165
2024-06-11 17:10:00+00:00,18379.0,18385.989,18378.439000000002,18382.483500000002
2024-06-11 17:15:00+00:00,18382.95,18387.0055,18380.4945,18384.060999999998
2024-06-11 17:20:00+00:00,18384.522,18385.983500000002,18376.5,18377.483500000002
2024-06-11 17:25:00+00:00,18378.5,18380.0055,18376.439000000002,18378.5
2024-06-11 17:30:00+00:00,18377.516499999998,18387.989,18377.5055,18387.439000000002
2024-06-11 17:35:00+00:00,18387.05,18391.5555,18383.983500000002,18391.5555
2024-06-11 17:40:00+00:00,18392.5,18392.5,18384.4945,18389.511
2024-06-11 17:45:00+00:00,18389.9445,18391.55,18388.933500000003,18390.566499999997
2024-06-11 17:50:00+00:00,18391.0,18398.933500000003,18390.011,18396.516499999998
2024-06-11 17:55:00+00:00,18395.9945,18397.511,18393.928,18395.511
2024-06-11 18:00:00+00:00,18394.511,18398.4945,18389.45,18396.45
2024-06-11 18:05:00+00:00,18397.0,18397.0,18383.5055,18387.483500000002
2024-06-11 18:10:00+00:00,18388.0055,18397.522,18386.489,18397.522
2024-06-11 18:15:00+00:00,18396.9835,18408.560999999998,18396.0,18407.5555
2024-06-11 18:20:00+00:00,18407.983500000002,18412.060999999998,18406.483500000002,18408.516499999998
2024-06-11 18:25:00+00:00,18409.0055,18414.5555,18406.0,18412.4945
2024-06-11 18:30:00+00:00,18413.5,18423.572,18410.9945,18414.489
2024-06-11 18:35:00+00:00,18414.933500000003,18414.933500000003,18408.511,18412.9945
2024-06-11 18:40:00+00:00,18413.516499999998,18419.011,18406.9945,18407.55
2024-06-11 18:45:00+00:00,18408.0,18412.0055,18406.983500000002,18407.511
2024-06-11 18:50:00+00:00,18406.572,18411.4945,18403.983500000002,18405.4445
2024-06-11 18:55:00+00:00,18405.933500000003,18410.489,18405.439000000002,18410.489
2024-06-11 19:00:00+00:00,18411.066499999997,18418.5,18408.433500000003,18416.5055
2024-06-11 19:05:00+00:00,18417.072,18417.9835,18404.489,18409.011
2024-06-11 19:10:00+00:00,18408.4945,18408.572,18398.511,18400.4945
2024-06-11 19:15:00+00:00,18400.0,18403.95,18396.511,18397.4945
2024-06-11 19:20:00+00:00,18396.572,18400.5555,18393.439000000002,18398.572
2024-06-11 19:25:00+00:00,18397.9945,18397.9945,18390.0,18390.5055
2024-06-11 19:30:00+00:00,18389.5,18391.572,18387.0,18391.439000000002
2024-06-11 19:35:00+00:00,18390.55,18391.066499999997,18384.011,18386.566499999997
2024-06-11 19:40:00+00:00,18387.566499999997,18388.483500000002,18378.5,18382.9945
2024-06-11 19:45:00+00:00,18382.5,18383.989,18366.5,18367.483500000002
2024-06-11 19:50:00+00:00,18366.4945,18379.4945,18365.0,18379.0
2024-06-11 19:55:00+00:00,18378.4945,18387.5165,18376.9445,18385.5555
2024-06-11 20:00:00+00:00,18385.0,18385.9055,18372.9835,18380.7055
2024-06-11 20:05:00+00:00,18379.9555,18383.35,18375.266499999998,18381.622
2024-06-11 20:10:00+00:00,18380.7,18391.816499999997,18379.911,18389.372
2024-06-11 22:05:00+00:00,18381.1,18381.105499999998,18378.4945,18378.4945
2024-06-11 22:10:00+00:00,18379.394500000002,18382.066499999997,18378.5,18382.066499999997
2024-06-11 22:15:00+00:00,18381.110999999997,18384.511,18377.25,18384.511
2024-06-11 22:20:00+00:00,18384.116499999996,18386.211,18383.766499999998,18386.211
2024-06-11 22:25:00+00:00,18387.161,18387.9,18387.039,18387.1665
2024-06-11 22:30:00+00:00,18387.894500000002,18390.5165,18387.105499999998,18389.6665
2024-06-11 22:35:00+00:00,18390.5055,18390.5055,18387.883500000004,18388.783499999998
2024-06-11 22:40:00+00:00,18387.85,18388.8,18387.0945,18388.789
2024-06-11 22:45:00+00:00,18389.6,18391.422,18389.6,18390.5
2024-06-11 22:50:00+00:00,18391.389000000003,18393.0945,18391.3835,18391.3835
2024-06-11 22:55:00+00:00,18392.1945,18394.789,18391.4,18394.7445
2024-06-11 23:00:00+00:00,18395.5945,18401.589,18395.5945,18400.7945
2024-06-11 23:05:00+00:00,18399.9555,18402.605499999998,18399.9555,18400.9165
2024-06-11 23:10:00+00:00,18401.8165,18402.6,18399.933500000003,18399.933500000003
2024-06-11 23:15:00+00:00,18400.911,18400.9555,18399.983500000002,18400.9055
2024-06-11 23:20:00+00:00,18399.989,18400.0,18399.222,18400.0
2024-06-11 23:25:00+00:00,18400.522,18401.8,18400.011,18400.911
2024-06-11 23:30:00+00:00,18401.8055,18401.8055,18398.3,18398.3
2024-06-11 23:35:00+00:00,18399.216500000002,18400.9,18398.310999999998,18400.0
2024-06-11 23:40:00+00:00,18399.211,18399.211,18398.289,18398.310999999998
2024-06-11 23:45:00+00:00,18397.489,18398.360999999997,18391.511,18392.378
2024-06-11 23:50:00+00:00,18393.2055,18395.733500000002,18392.7945,18395.733500000002
2024-06-11 23:55:00+00:00,18396.189000000002,18396.6,18393.189000000002,18394.0945
2024-06-12 00:00:00+00:00,18393.178,18397.572,18391.511,18396.672
2024-06-12 00:05:00+00:00,18395.816499999997,18397.560999999998,18392.789,18393.2
2024-06-12 00:10:00+00:00,18394.0835,18394.1,18392.328,18392.328
2024-06-12 00:15:00+00:00,18394.5055,18410.011,18394.5055,18407.5055
2024-06-12 00:20:00+00:00,18407.5555,18408.0,18395.5055,18397.983500000002
2024-06-12 00:25:00+00:00,18396.9945,18406.0,18395.9945,18396.489
2024-06-12 00:30:00+00:00,18397.0,18399.5055,18393.5055,18397.511
2024-06-12 00:35:00+00:00,18400.0,18400.4945,18393.9945,18398.4835
2024-06-12 00:40:00+00:00,18399.572,18402.5,18398.5555,18401.5055
2024-06-12 00:45:00+00:00,18401.933500000003,18401.933500000003,18398.428,18398.989
2024-06-12 00:50:00+00:00,18398.69,18399.478,18392.983500000002,18396.433500000003
2024-06-12 00:55:00+00:00,18397.516499999998,18403.0,18396.483500000002,18402.478
2024-06-12 01:00:00+00:00,18403.0165,18405.5165,18402.05,18402.511
2024-06-12 01:05:00+00:00,18403.4835,18406.478,18401.560999999998,18403.522
2024-06-12 01:10:00+00:00,18402.5,18403.0055,18399.5555,18400.5
2024-06-12 01:15:00+00:00,18401.0055,18401.5055,18396.5,18397.572
2024-06-12 01:20:00+00:00,18398.4945,18402.0555,18398.428,18401.511
2024-06-12 01:25:00+00:00,18400.928,18402.05,18398.5055,18399.489
2024-06-12 01:30:00+00:00,18400.0,18411.5165,18399.5,18410.5555
2024-06-12 01:35:00+00:00,18409.511,18411.0055,18406.5055,18407.0055
2024-06-12 01:40:00+00:00,18406.5,18413.0,18406.5,18411.572
2024-06-12 01:45:00+00:00,18410.9945,18413.0555,18409.9835,18410.4835
2024-06-12 01:50:00+00:00,18410.011,18416.072,18408.5055,18411.5055
2024-06-12 01:55:00+00:00,18411.0,18411.433500000003,18404.4445,18405.9835
2024-06-12 02:00:00+00:00,18406.45,18411.0,18406.45,18409.5055
2024-06-12 02:05:00+00:00,18408.5165,18410.0,18407.928,18407.928
2024-06-12 02:10:00+00:00,18408.511,18408.511,18401.489,18406.0055
2024-06-12 02:15:00+00:00,18406.478,18408.0055,18402.5,18402.5
2024-06-12 02:20:00+00:00,18403.5,18404.4945,18402.483500000002,18404.060999999998
2024-06-12 02:25:00+00:00,18404.4945,18405.0,18401.4945,18401.9945
2024-06-12 02:30:00+00:00,18402.560999999998,18407.072,18402.560999999998,18404.989
2024-06-12 02:35:00+00:00,18403.983500000002,18404.4945,18400.439000000002,18400.439000000002
2024-06-12 02:40:00+00:00,18401.0555,18404.55,18400.5,18404.55
2024-06-12 02:45:00+00:00,18405.5,18409.5,18405.5,18408.5555
2024-06-12 02:50:00+00:00,18409.428,18412.0,18408.560999999998,18408.560999999998
2024-06-12 02:55:00+00:00,18407.4945,18409.5055,18406.4835,18406.483500000002
2024-06-12 03:00:00+00:00,18406.0,18411.4945,18405.572,18408.9945
2024-06-12 03:05:00+00:00,18410.522,18410.522,18407.433500000003,18407.4945
2024-06-12 03:10:00+00:00,18408.0055,18409.066499999997,18406.016499999998,18406.560999999998
2024-06-12 03:15:00+00:00,18407.5,18409.9945,18406.478,18409.0
2024-06-12 03:20:00+00:00,18408.011,18410.989,18407.0055,18410.989
2024-06-12 03:25:00+00:00,18410.55,18414.978,18410.55,18413.4945
2024-06-12 03:30:00+00:00,18416.0055,18421.011,18416.0055,18419.9945
2024-06-12 03:35:00+00:00,18420.5,18420.5,18417.022,18419.0055
2024-06-12 03:40:00+00:00,18419.5055,18421.4945,18418.0555,18419.022
2024-06-12 03:45:00+00:00,18419.5,18419.5,18418.5055,18419.016499999998
2024-06-12 03:50:00+00:00,18418.516499999998,18423.0055,18418.516499999998,18422.011
2024-06-12 03:55:00+00:00,18421.478,18425.489,18420.9835,18421.9945
2024-06-12 04:00:00+00:00,18419.933500000003,18429.072,18419.933500000003,18426.4945
2024-06-12 04:05:00+00:00,18427.5055,18428.522,18425.478,18425.478
2024-06-12 04:10:00+00:00,18425.0,18425.0,18421.933500000003,18422.5
2024-06-12 04:15:00+00:00,18422.011,18424.5,18422.011,18423.45
2024-06-12 04:20:00+00:00,18424.011,18425.45,18423.566499999997,18423.566499999997
2024-06-12 04:25:00+00:00,18423.95,18425.011,18423.511,18424.5
2024-06-12 04:30:00+00:00,18423.9945,18423.9945,18422.5555,18423.4945
2024-06-12 04:35:00+00:00,18423.978,18423.978,18421.9945,18422.522
2024-06-12 04:40:00+00:00,18422.0,18422.55,18422.0,18422.5
2024-06-12 04:45:00+00:00,18421.989,18421.989,18419.511,18419.9835
2024-06-12 04:50:00+00:00,18421.0,18421.0,18418.0,18418.0
2024-06-12 04:55:00+00:00,18418.4945,18420.0055,18414.489,18419.4835
2024-06-12 05:00:00+00:00,18419.016499999998,18421.022,18417.939000000002,18418.939000000002
2024-06-12 05:05:00+00:00,18418.560999999998,18418.560999999998,18413.978,18415.5
2024-06-12 05:10:00+00:00,18416.0,18416.5555,18414.95,18416.5555
2024-06-12 05:15:00+00:00,18416.9945,18421.511,18416.9945,18420.5
2024-06-12 05:20:00+00:00,18421.05,18425.4945,18419.45,18423.0
2024-06-12 05:25:00+00:00,18422.5,18424.011,18420.5,18423.489
2024-06-12 05:30:00+00:00,18423.0,18429.55,18423.0,18429.011
2024-06-12 05:35:00+00:00,18428.0055,18431.0,18427.0055,18428.0165
2024-06-12 05:40:00+00:00,18427.0,18430.4945,18424.9835,18425.011
2024-06-12 05:45:00+00:00,18426.0555,18438.989,18424.566499999997,18432.566499999997
2024-06-12 05:50:00+00:00,18433.511,18442.066499999997,18431.483500000002,18442.066499999997
2024-06-12 05:55:00+00:00,18442.4945,18446.489,18435.939000000002,18441.5
2024-06-12 06:00:00+00:00,18441.989,18452.55,18434.989,18448.989
2024-06-12 06:05:00+00:00,18448.4445,18455.016499999998,18448.060999999998,18450.9945
2024-06-12 06:10:00+00:00,18450.483500000002,18455.4835,18449.560999999998,18451.978
2024-06-12 06:15:00+00:00,18453.0,18465.989,18453.0,18465.060999999998
2024-06-12 06:20:00+00:00,18465.5055,18470.433500000003,18461.55,18470.0055
2024-06-12 06:25:00+00:00,18470.516499999998,18472.066499999997,18461.933500000003,18463.0
2024-06-12 06:30:00+00:00,18464.0055,18469.066499999997,18456.566499999997,18456.928
2024-06-12 06:35:00+00:00,18456.5,18462.511,18456.0,18461.0
2024-06-12 06:40:00+00:00,18460.489,18462.060999999998,18446.066499999997,18450.011
2024-06-12 06:45:00+00:00,18449.483500000002,18462.522,18449.478,18459.989
2024-06-12 06:50:00+00:00,18458.478,18462.0055,18452.989,18456.928
2024-06-12 06:55:00+00:00,18456.511,18460.0555,18443.5055,18444.522
2024-06-12 07:00:00+00:00,18447.0055,18461.0,18434.0555,18444.0
2024-06-12 07:05:00+00:00,18445.0,18450.0,18433.9945,18440.989
2024-06-12 07:10:00+00:00,18442.0055,18458.0,18436.5055,18454.989
2024-06-12 07:15:00+00:00,18454.5055,18467.0,18447.0055,18462.9835
2024-06-12 07:20:00+00:00,18462.072,18476.011,18459.0,18464.9835
2024-06-12 07:25:00+00:00,18466.011,18481.011,18454.9445,18481.011
2024-06-12 07:30:00+00:00,18479.9835,18489.511,18477.016499999998,18485.9945
2024-06-12 07:35:00+00:00,18486.251,18496.9945,18485.9835,18494.4835
2024-06-12 07:40:00+00:00,18493.939000000002,18495.066499999997,18473.483500000002,18490.566499999997
2024-06-12 07:45:00+00:00,18488.516499999998,18493.072,18480.05,18482.0
2024-06-12 07:50:00+00:00,18483.0055,18486.566499999997,18474.0,18485.022
2024-06-12 07:55:00+00:00,18484.4945,18489.0,18479.511,18481.0
2024-06-12 08:00:00+00:00,18480.101000000002,18490.989,18471.0055,18477.0055
2024-06-12 08:05:00+00:00,18477.5,18477.5,18466.511,18472.511
2024-06-12 08:10:00+00:00,18472.0,18489.0,18471.989,18481.066499999997
2024-06-12 08:15:00+00:00,18480.0055,18482.9945,18468.245000000003,18471.011
2024-06-12 08:20:00+00:00,18470.4835,18479.489,18465.9835,18466.989
2024-06-12 08:25:00+00:00,18466.5055,18466.5055,18447.939000000002,18450.928
2024-06-12 08:30:00+00:00,18450.5055,18464.572,18444.4945,18460.0055
2024-06-12 08:35:00+00:00,18459.022,18472.9945,18456.5055,18462.060999999998
2024-06-12 08:40:00+00:00,18462.2455,18468.978,18456.4835,18458.433500000003
2024-06-12 08:45:00+00:00,18458.928999999996,18470.516499999998,18453.989,18465.011
2024-06-12 08:50:00+00:00,18466.4945,18470.016499999998,18455.9945,18455.9945
2024-06-12 08:55:00+00:00,18454.072,18459.0,18444.05,18446.9945
2024-06-12 09:00:00+00:00,18445.5,18449.9835,18439.0055,18446.939000000002
2024-06-12 09:05:00+00:00,18446.483500000002,18454.0555,18442.0165,18442.0165
2024-06-12 09:10:00+00:00,18443.439000000002,18452.439000000002,18440.4945,18441.9945
2024-06-12 09:15:00+00:00,18443.0055,18449.016499999998,18441.4445,18442.072
2024-06-12 09:20:00+00:00,18441.5,18444.072,18432.016499999998,18435.0
2024-06-12 09:25:00+00:00,18434.011,18437.0,18428.4945,18434.0
2024-06-12 09:30:00+00:00,18433.511,18433.511,18421.511,18424.989
2024-06-12 09:35:00+00:00,18423.4945,18441.0055,18423.4945,18439.989
2024-06-12 09:40:00+00:00,18439.511,18453.016499999998,18438.5,18452.5
2024-06-12 09:45:00+00:00,18452.016499999998,18464.428,18447.989,18461.0
2024-06-12 09:50:00+00:00,18461.933500000003,18469.0055,18458.0055,18464.989
2024-06-12 09:55:00+00:00,18464.4835,18467.989,18452.0,18452.0
2024-06-12 10:00:00+00:00,18451.0055,18455.511,18447.939000000002,18451.011
2024-06-12 10:05:00+00:00,18449.989,18459.572,18445.489,18459.0
2024-06-12 10:10:00+00:00,18458.4945,18469.4945,18457.560999999998,18464.9945
2024-06-12 10:15:00+00:00,18464.0,18483.011,18462.011,18480.55
2024-06-12 10:20:00+00:00,18481.9945,18481.9945,18466.9945,18472.0
2024-06-12 10:25:00+00:00,18472.511,18476.5165,18466.483500000002,18466.9945
2024-06-12 10:30:00+00:00,18468.05,18470.5055,18462.511,18464.0055
2024-06-12 10:35:00+00:00,18464.566499999997,18472.439000000002,18463.05,18464.0055
2024-06-12 10:40:00+00:00,18464.5,18468.572,18459.939000000002,18462.0
2024-06-12 10:45:00+00:00,18462.483500000002,18467.011,18458.928,18458.928
2024-06-12 10:50:00+00:00,18458.0,18466.0,18457.5055,18465.072
2024-06-12 10:55:00+00:00,18465.433500000003,18469.016499999998,18455.95,18462.5055
2024-06-12 11:00:00+00:00,18462.989,18471.05,18462.428,18469.0
2024-06-12 11:05:00+00:00,18469.489,18473.066499999997,18462.9945,18468.0
2024-06-12 11:10:00+00:00,18468.483500000002,18478.072,18463.989,18468.0
2024-06-12 11:15:00+00:00,18467.5,18471.022,18460.489,18460.9945
2024-06-12 11:20:00+00:00,18462.989,18471.022,18461.989,18470.9835
2024-06-12 11:25:00+00:00,18472.072,18479.989,18469.4835,18479.0165
2024-06-12 11:30:00+00:00,18480.0555,18482.5,18469.011,18477.060999999998
2024-06-12 11:35:00+00:00,18477.4945,18487.560999999998,18476.978,18487.0055
2024-06-12 11:40:00+00:00,18486.5055,18505.4945,18485.928,18494.989
2024-06-12 11:45:00+00:00,18495.5,18495.989,18486.489,18487.439000000002
2024-06-12 11:50:00+00:00,18486.4835,18491.011,18475.983500000002,18487.0
2024-06-12 11:55:00+00:00,18486.489,18493.511,18483.9445,18493.0
2024-06-12 12:00:00+00:00,18492.489,18504.483500000002,18488.9445,18502.0055
2024-06-12 12:05:00+00:00,18502.178999999996,18504.0,18488.5,18498.95
2024-06-12 12:10:00+00:00,18498.5,18503.45,18493.9445,18503.022
2024-06-12 12:15:00+00:00,18503.9945,18509.5,18497.95,18500.9945
2024-06-12 12:20:00+00:00,18501.212,18503.5055,18487.939000000002,18490.5055
2024-06-12 12:25:00+00:00,18489.5,18494.05,18475.978,18480.0
2024-06-12 12:30:00+00:00,18480.0555,18615.45,18478.9945,18575.016499999998
2024-06-12 12:35:00+00:00,18575.978,18598.0,18551.9945,18580.0055
2024-06-12 12:40:00+00:00,18580.989,18581.066499999997,18548.978,18557.45
2024-06-12 12:45:00+00:00,18557.7455,18583.05,18547.016499999998,18578.0
2024-06-12 12:50:00+00:00,18577.0165,18592.5,18575.478,18586.05
2024-06-12 12:55:00+00:00,18585.101000000002,18588.928,18573.0,18583.516499999998
2024-06-12 13:00:00+00:00,18583.566499999997,18592.939000000002,18571.9445,18586.066499999997
2024-06-12 13:05:00+00:00,18585.060999999998,18605.011,18583.483500000002,18601.939000000002
2024-06-12 13:10:00+00:00,18600.9945,18610.989,18600.9945,18606.4445
2024-06-12 13:15:00+00:00,18607.0055,18613.4445,18582.933500000003,18587.0555
2024-06-12 13:20:00+00:00,18588.0,18601.011,18586.9835,18599.0
2024-06-12 13:25:00+00:00,18599.311999999998,18603.4445,18590.072,18592.0055
2024-06-12 13:30:00+00:00,18591.212,18596.9945,18582.489,18586.0
2024-06-12 13:35:00+00:00,18584.989,18596.0555,18577.0,18589.95
2024-06-12 13:40:00+00:00,18589.0,18627.428,18587.0055,18627.0055
2024-06-12 13:45:00+00:00,18627.978,18639.5,18619.9445,18639.428
2024-06-12 13:50:00+00:00,18640.5165,18648.5555,18634.572,18636.989
2024-06-12 13:55:00+00:00,18637.4455,18648.5,18628.439000000002,18631.9945
2024-06-12 14:00:00+00:00,18632.262,18637.0165,18626.4945,18635.489
2024-06-12 14:05:00+00:00,18636.489,18638.5055,18624.939000000002,18629.011
2024-06-12 14:10:00+00:00,18627.9835,18643.5165,18625.9445,18642.0055
2024-06-12 14:15:00+00:00,18642.9945,18648.016499999998,18635.989,18642.933500000003
2024-06-12 14:20:00+00:00,18644.0055,18644.0055,18628.928,18637.0055
2024-06-12 14:25:00+00:00,18637.989,18650.989,18637.0,18645.989
2024-06-12 14:30:00+00:00,18645.560999999998,18647.511,18635.9945,18645.072
2024-06-12 14:35:00+00:00,18643.4945,18652.483500000002,18637.428,18649.0055
2024-06-12 14:40:00+00:00,18649.4955,18651.989,18628.5055,18632.0055
2024-06-12 14:45:00+00:00,18631.022,18634.989,18626.4835,18629.0055
2024-06-12 14:50:00+00:00,18628.511,18630.05,18613.011,18623.0
2024-06-12 14:55:00+00:00,18622.5,18630.45,18619.983500000002,18623.011
2024-06-12 15:00:00+00:00,18623.989,18632.0555,18620.4945,18627.439000000002
2024-06-12 15:05:00+00:00,18628.0,18631.983500000002,18620.9945,18624.5055
2024-06-12 15:10:00+00:00,18625.5,18625.989,18616.433500000003,18618.011
2024-06-12 15:15:00+00:00,18618.9945,18632.989,18613.05,18631.5
2024-06-12 15:20:00+00:00,18631.016499999998,18639.55,18628.989,18639.55
2024-06-12 15:25:00+00:00,18638.712,18648.011,18634.511,18643.939000000002
2024-06-12 15:30:00+00:00,18644.4445,18645.5,18632.9835,18633.0
2024-06-12 15:35:00+00:00,18632.0165,18634.478,18621.9945,18623.978
2024-06-12 15:40:00+00:00,18624.178999999996,18630.0,18622.433500000003,18625.4445
2024-06-12 15:45:00+00:00,18627.011,18629.0,18623.928,18627.5055
2024-06-12 15:50:00+00:00,18627.0,18629.516499999998,18618.5165,18626.939000000002
2024-06-12 15:55:00+00:00,18627.0,18632.4945,18624.939000000002,18630.5055
2024-06-12 16:00:00+00:00,18630.0055,18633.072,18625.066499999997,18632.489
2024-06-12 16:05:00+00:00,18632.0055,18638.489,18629.933500000003,18637.45
2024-06-12 16:10:00+00:00,18635.9945,18639.060999999998,18635.939000000002,18636.9945
2024-06-12 16:15:00+00:00,18636.5555,18642.566499999997,18634.933500000003,18638.428
2024-06-12 16:20:00+00:00,18639.0165,18641.5165,18634.939000000002,18638.489
2024-06-12 16:25:00+00:00,18638.989,18640.516499999998,18631.9945,18631.9945
2024-06-12 16:30:00+00:00,18631.511,18637.0055,18630.0055,18630.566499999997
2024-06-12 16:35:00+00:00,18631.011,18633.0055,18627.516499999998,18632.016499999998
2024-06-12 16:40:00+00:00,18632.989,18640.072,18632.0055,18639.511
2024-06-12 16:45:00+00:00,18638.933500000003,18642.022,18637.95,18638.0055
2024-06-12 16:50:00+00:00,18636.989,18640.0,18632.566499999997,18632.566499999997
2024-06-12 16:55:00+00:00,18631.5,18638.011,18630.5055,18638.011
2024-06-12 17:00:00+00:00,18638.5,18646.9835,18637.0,18644.05
2024-06-12 17:05:00+00:00,18644.5555,18644.5555,18636.560999999998,18639.5
2024-06-12 17:10:00+00:00,18638.9945,18643.572,18637.978,18641.05
2024-06-12 17:15:00+00:00,18640.572,18647.5055,18640.05,18647.011
2024-06-12 17:20:00+00:00,18647.5055,18649.0055,18647.0,18648.5165
2024-06-12 17:25:00+00:00,18648.0055,18652.4945,18644.5555,18644.5555
2024-06-12 17:30:00+00:00,18643.5,18645.4945,18626.5055,18635.5
2024-06-12 17:35:00+00:00,18635.745499999997,18643.5,18635.745499999997,18640.4945
2024-06-12 17:40:00+00:00,18639.4945,18640.511,18628.489,18629.0055
2024-06-12 17:45:00+00:00,18629.566499999997,18637.5,18628.9445,18636.9945
2024-06-12 17:50:00+00:00,18638.0,18640.983500000002,18633.983500000002,18640.983500000002
2024-06-12 17:55:00+00:00,18640.489,18643.066499999997,18630.9945,18637.5
2024-06-12 18:00:00+00:00,18638.489,18640.560999999998,18599.95,18609.05
2024-06-12 18:05:00+00:00,18608.011,18623.939000000002,18605.489,18623.939000000002
2024-06-12 18:10:00+00:00,18625.0,18632.0165,18616.9945,18625.939000000002
2024-06-12 18:15:00+00:00,18627.011,18636.9945,18624.928,18629.939000000002
2024-06-12 18:20:00+00:00,18630.928,18631.9445,18621.9945,18623.45
2024-06-12 18:25:00+00:00,18623.983500000002,18636.9945,18623.983500000002,18633.072
2024-06-12 18:30:00+00:00,18633.9835,18644.066499999997,18620.0055,18630.05
2024-06-12 18:35:00+00:00,18631.05,18638.983500000002,18612.9945,18638.983500000002
2024-06-12 18:40:00+00:00,18636.989,18639.9445,18613.5,18621.0
2024-06-12 18:45:00+00:00,18621.5565,18622.072,18607.928,18611.9945
2024-06-12 18:50:00+00:00,18611.0,18621.072,18603.011,18614.939000000002
2024-06-12 18:55:00+00:00,18614.55,18634.0555,18611.978,18629.9945
2024-06-12 19:00:00+00:00,18628.989,18642.483500000002,18628.0,18633.011
2024-06-12 19:05:00+00:00,18632.5,18640.072,18625.428,18635.95
2024-06-12 19:10:00+00:00,18635.767499999998,18644.0,18630.9945,18637.0
2024-06-12 19:15:00+00:00,18636.572,18647.0165,18634.933500000003,18645.522
2024-06-12 19:20:00+00:00,18644.978,18651.989,18615.0165,18615.489
2024-06-12 19:25:00+00:00,18614.989,18621.511,18593.4835,18600.978
2024-06-12 19:30:00+00:00,18601.2345,18604.0055,18583.9945,18595.5055
2024-06-12 19:35:00+00:00,18594.45,18610.0055,18588.439000000002,18589.9945
2024-06-12 19:40:00+00:00,18588.9945,18593.989,18577.95,18585.95
2024-06-12 19:45:00+00:00,18585.438000000002,18607.4945,18581.0555,18603.011
2024-06-12 19:50:00+00:00,18603.262,18613.978,18593.4945,18610.011
2024-06-12 19:55:00+00:00,18610.5165,18630.489,18605.5055,18618.05
2024-06-12 20:00:00+00:00,18617.5,18623.516499999998,18608.028,18608.911
2024-06-12 20:05:00+00:00,18609.8055,18621.860999999997,18609.8055,18620.0945
2024-06-12 20:10:00+00:00,18620.8335,18621.8165,18613.189000000002,18613.222
2024-06-12 22:05:00+00:00,18641.2055,18642.9,18641.2055,18641.9945
2024-06-12 22:10:00+00:00,18641.2055,18644.6,18635.6,18641.211
2024-06-12 22:15:00+00:00,18642.016499999998,18643.016499999998,18637.8,18643.016499999998
2024-06-12 22:20:00+00:00,18643.85,18647.810999999998,18643.85,18647.2945
2024-06-12 22:25:00+00:00,18648.2945,18649.2,18644.9,18644.9
2024-06-12 22:30:00+00:00,18645.789,18646.672,18644.883500000004,18646.539
2024-06-12 22:35:00+00:00,18646.189000000002,18646.622,18644.839,18645.789
2024-06-12 22:40:00+00:00,18645.2945,18645.739,18643.2,18644.839
2024-06-12 22:45:00+00:00,18644.439000000002,18644.889000000003,18643.128,18644.889000000003
2024-06-12 22:50:00+00:00,18644.0,18645.728,18644.0,18644.9
2024-06-12 22:55:00+00:00,18644.4945,18644.4945,18640.5945,18640.65
2024-06-12 23:00:00+00:00,18641.428,18641.560999999998,18638.889000000003,18638.922
2024-06-12 23:05:00+00:00,18638.0555,18640.610999999997,18633.7055,18640.5445
2024-06-12 23:10:00+00:00,18641.511,18644.9165,18639.8,18643.978
2024-06-12 23:15:00+00:00,18644.85,18644.85,18642.372,18643.9445
2024-06-12 23:20:00+00:00,18643.222,18644.9665,18643.189000000002,18644.9665
2024-06-12 23:25:00+00:00,18644.0,18644.0,18642.3,18643.939000000002
2024-06-12 23:30:00+00:00,18643.133500000004,18644.0055,18640.578,18643.2055
2024-06-12 23:35:00+00:00,18642.3055,18643.928,18642.289,18643.15
2024-06-12 23:40:00+00:00,18644.0,18644.0555,18642.25,18643.9945
2024-06-12 23:45:00+00:00,18644.8835,18645.8165,18643.989,18644.011
2024-06-12 23:50:00+00:00,18644.9665,18648.3165,18644.0,18646.5945
2024-06-12 23:55:00+00:00,18645.7445,18646.5945,18644.8335,18646.55
2024-06-13 00:00:00+00:00,18646.2045,18650.078,18644.894500000002,18646.6
2024-06-13 00:05:00+00:00,18647.089,18649.216500000002,18643.5165,18646.105499999998
2024-06-13 00:10:00+00:00,18646.9,18646.9,18643.4945,18645.261
2024-06-13 00:15:00+00:00,18637.060999999998,18637.060999999998,18618.4945,18626.478
2024-06-13 00:20:00+00:00,18626.489,18632.072,18615.989,18623.0
2024-06-13 00:25:00+00:00,18623.572,18624.9945,18618.066499999997,18618.9945
2024-06-13 00:30:00+00:00,18617.983500000002,18625.989,18616.9835,18625.45
2024-06-13 00:35:00+00:00,18624.9445,18625.5055,18621.4945,18622.45
2024-06-13 00:40:00+00:00,18622.9945,18624.989,18619.0055,18619.0055
2024-06-13 00:45:00+00:00,18619.5,18619.5,18613.0,18615.989
2024-06-13 00:50:00+00:00,18615.5,18619.5,18613.5165,18619.5
2024-06-13 00:55:00+00:00,18619.011,18621.5,18618.022,18619.0
2024-06-13 01:00:00+00:00,18620.0165,18623.072,18619.0165,18621.0
2024-06-13 01:05:00+00:00,18620.5055,18622.022,18615.489,18618.011
2024-06-13 01:10:00+00:00,18617.5,18619.072,18616.45,18617.9445
2024-06-13 01:15:00+00:00,18618.55,18623.4445,18617.983500000002,18621.0055
2024-06-13 01:20:00+00:00,18620.760000000002,18621.0,18616.9945,18616.9945
2024-06-13 01:25:00+00:00,18616.428,18617.072,18613.0,18616.011
2024-06-13 01:30:00+00:00,18617.0,18625.05,18617.0,18618.978
2024-06-13 01:35:00+00:00,18619.439000000002,18623.0165,18618.4945,18618.4945
2024-06-13 01:40:00+00:00,18618.9945,18621.016499999998,18617.022,18620.9945
2024-06-13 01:45:00+00:00,18620.511,18621.4945,18615.566499999997,18617.45
2024-06-13 01:50:00+00:00,18616.0055,18619.5,18613.9945,18616.511
2024-06-13 01:55:00+00:00,18617.0165,18622.4945,18616.55,18621.0
2024-06-13 02:00:00+00:00,18620.489,18621.05,18617.5,18621.05
2024-06-13 02:05:00+00:00,18620.560999999998,18621.55,18619.989,18621.0
2024-06-13 02:10:00+00:00,18620.439000000002,18624.5,18619.4445,18620.978
2024-06-13 02:15:00+00:00,18621.516499999998,18621.516499999998,18614.489,18618.9945
2024-06-13 02:20:00+00:00,18618.4835,18618.4835,18615.022,18616.55
2024-06-13 02:25:00+00:00,18613.5,18615.5055,18606.95,18606.95
2024-06-13 02:30:00+00:00,18607.983500000002,18609.4835,18607.95,18609.0
2024-06-13 02:35:00+00:00,18608.5,18608.5,18602.989,18603.928
2024-06-13 02:40:00+00:00,18603.4835,18608.511,18603.022,18606.478
2024-06-13 02:45:00+00:00,18606.939000000002,18607.483500000002,18603.0,18605.5
2024-06-13 02:50:00+00:00,18606.066499999997,18606.478,18604.978,18606.0055
2024-06-13 02:55:00+00:00,18606.5055,18609.5055,18606.0055,18609.5055
2024-06-13 03:00:00+00:00,18606.489,18608.072,18604.433500000003,18607.0055
2024-06-13 03:05:00+00:00,18606.489,18608.572,18605.011,18606.933500000003
2024-06-13 03:10:00+00:00,18606.81,18608.011,18604.4945,18606.011
2024-06-13 03:15:00+00:00,18606.5055,18609.489,18606.5055,18608.0
2024-06-13 03:20:00+00:00,18607.478,18610.0555,18607.428,18609.05
2024-06-13 03:25:00+00:00,18608.572,18610.9835,18608.016499999998,18609.928
2024-06-13 03:30:00+00:00,18609.428,18611.928,18609.0,18609.011
2024-06-13 03:35:00+00:00,18609.478,18611.5055,18607.9945,18609.928
2024-06-13 03:40:00+00:00,18610.4945,18614.4945,18610.0,18613.5055
2024-06-13 03:45:00+00:00,18613.939000000002,18615.566499999997,18611.4945,18614.9945
2024-06-13 03:50:00+00:00,18614.5555,18615.55,18613.45,18614.5555
2024-06-13 03:55:00+00:00,18615.0165,18615.516499999998,18614.4945,18614.4945
2024-06-13 04:00:00+00:00,18615.522,18615.522,18613.45,18614.5
2024-06-13 04:05:00+00:00,18614.0055,18614.5055,18614.0055,18614.5055
2024-06-13 04:10:00+00:00,18613.9945,18614.5,18611.0055,18611.45
2024-06-13 04:15:00+00:00,18610.95,18612.572,18610.489,18610.5
2024-06-13 04:20:00+00:00,18609.0,18609.4835,18607.4945,18607.4945
2024-06-13 04:25:00+00:00,18605.478,18605.511,18602.989,18604.4945
2024-06-13 04:30:00+00:00,18605.072,18614.560999999998,18605.072,18613.511
2024-06-13 04:35:00+00:00,18614.011,18615.489,18613.0055,18613.939000000002
2024-06-13 04:40:00+00:00,18614.5055,18614.55,18613.5165,18613.5165
2024-06-13 04:45:00+00:00,18614.511,18622.511,18614.511,18620.5055
2024-06-13 04:50:00+00:00,18619.0,18621.5,18618.5055,18619.9445
2024-06-13 04:55:00+00:00,18620.5,18623.016499999998,18619.933500000003,18621.983500000002
2024-06-13 05:00:00+00:00,18621.511,18621.511,18616.0165,18616.0165
2024-06-13 05:05:00+00:00,18616.5,18616.5055,18614.0,18616.072
2024-06-13 05:10:00+00:00,18616.560999999998,18619.0165,18615.4445,18618.566499999997
2024-06-13 05:15:00+00:00,18617.489,18617.489,18604.4945,18605.060999999998
2024-06-13 05:20:00+00:00,18605.5055,18605.5055,18602.989,18604.011
2024-06-13 05:25:00+00:00,18603.5,18603.566499999997,18599.516499999998,18603.0
2024-06-13 05:30:00+00:00,18602.5,18602.5,18598.072,18599.9945
2024-06-13 05:35:00+00:00,18600.511,18604.516499999998,18600.0055,18601.5055
2024-06-13 05:40:00+00:00,18601.9445,18603.5,18598.939000000002,18599.5
2024-06-13 05:45:00+00:00,18600.0,18600.5,18592.560999999998,18595.5
2024-06-13 05:50:00+00:00,18595.9945,18596.011,18591.928,18592.5555
2024-06-13 05:55:00+00:00,18591.0,18592.9945,18584.989,18588.5055
2024-06-13 06:00:00+00:00,18588.751,18591.060999999998,18572.55,18576.9945
2024-06-13 06:05:00+00:00,18577.511,18601.5055,18576.5,18600.0055
2024-06-13 06:10:00+00:00,18600.439000000002,18603.5055,18597.0055,18599.4945
2024-06-13 06:15:00+00:00,18600.0,18601.066499999997,18592.939000000002,18597.5
2024-06-13 06:20:00+00:00,18597.9945,18611.511,18596.5055,18607.5
2024-06-13 06:25:00+00:00,18606.4945,18609.0,18595.978,18607.511
2024-06-13 06:30:00+00:00,18607.739999999998,18618.5055,18604.489,18614.516499999998
2024-06-13 06:35:00+00:00,18614.9835,18628.0055,18614.4445,18623.4445
2024-06-13 06:40:00+00:00,18623.0,18624.560999999998,18621.0055,18623.5
2024-06-13 06:45:00+00:00,18624.95,18628.016499999998,18617.5,18618.4945
2024-06-13 06:50:00+00:00,18619.566499999997,18620.483500000002,18614.45,18614.5
2024-06-13 06:55:00+00:00,18616.5,18618.55,18609.989,18614.9445
2024-06-13 07:00:00+00:00,18614.989,18614.989,18587.05,18596.989
2024-06-13 07:05:00+00:00,18596.223,18601.022,18586.011,18590.939000000002
2024-06-13 07:10:00+00:00,18591.5055,18597.9945,18576.433500000003,18593.511
2024-06-13 07:15:00+00:00,18595.560999999998,18596.439000000002,18571.5,18572.5555
2024-06-13 07:20:00+00:00,18573.489,18581.5165,18568.939000000002,18573.5055
2024-06-13 07:25:00+00:00,18572.978,18582.0555,18569.05,18576.5
2024-06-13 07:30:00+00:00,18575.9945,18582.439000000002,18565.060999999998,18578.428
2024-06-13 07:35:00+00:00,18579.277,18580.483500000002,18551.5055,18556.433500000003
2024-06-13 07:40:00+00:00,18556.0055,18567.9445,18549.928,18565.511
2024-06-13 07:45:00+00:00,18566.5165,18579.9945,18563.95,18564.5
2024-06-13 07:50:00+00:00,18565.4945,18567.022,18547.433500000003,18547.511
2024-06-13 07:55:00+00:00,18546.4945,18550.9945,18532.933500000003,18534.989
2024-06-13 08:00:00+00:00,18535.489,18535.489,18515.0,18523.011
2024-06-13 08:05:00+00:00,18522.060999999998,18526.9945,18511.0165,18522.060999999998
2024-06-13 08:10:00+00:00,18522.766,18523.933500000003,18499.9445,18499.9445
2024-06-13 08:15:00+00:00,18500.489,18504.022,18490.5165,18500.0055
2024-06-13 08:20:00+00:00,18499.0165,18501.0,18486.0165,18498.522
2024-06-13 08:25:00+00:00,18497.428,18503.022,18486.933500000003,18490.989
2024-06-13 08:30:00+00:00,18490.478,18491.560999999998,18475.9945,18484.0
2024-06-13 08:35:00+00:00,18483.516499999998,18499.511,18479.4945,18496.5555
2024-06-13 08:40:00+00:00,18497.0,18499.022,18483.433500000003,18485.9945
2024-06-13 08:45:00+00:00,18486.55,18492.511,18475.439000000002,18483.489
2024-06-13 08:50:00+00:00,18482.55,18488.428,18476.566499999997,18476.566499999997
2024-06-13 08:55:00+00:00,18476.223,18496.978,18475.4945,18495.05
2024-06-13 09:00:00+00:00,18495.478,18504.522,18492.55,18503.5
2024-06-13 09:05:00+00:00,18504.0,18514.560999999998,18494.022,18496.55
2024-06-13 09:10:00+00:00,18496.766,18499.55,18486.428,18499.433500000003
2024-06-13 09:15:00+00:00,18499.0055,18501.4945,18479.978,18486.928
2024-06-13 09:20:00+00:00,18486.4945,18487.4835,18462.572,18463.4945
2024-06-13 09:25:00+00:00,18463.766,18467.0,18450.9445,18453.0
2024-06-13 09:30:00+00:00,18453.5,18453.5,18436.5,18448.5
2024-06-13 09:35:00+00:00,18448.95,18451.516499999998,18436.0,18441.55
2024-06-13 09:40:00+00:00,18441.234,18443.011,18433.978,18438.428
2024-06-13 09:45:00+00:00,18437.433500000003,18446.566499999997,18427.478,18428.9945
2024-06-13 09:50:00+00:00,18430.0055,18437.0555,18424.0,18426.566499999997
2024-06-13 09:55:00+00:00,18427.0165,18441.9945,18422.433500000003,18437.511
2024-06-13 10:00:00+00:00,18439.05,18446.983500000002,18432.511,18437.011
2024-06-13 10:05:00+00:00,18437.5,18437.55,18415.0555,18418.5055
2024-06-13 10:10:00+00:00,18417.5055,18417.5055,18403.011,18403.489
2024-06-13 10:15:00+00:00,18405.9945,18409.0055,18385.989,18397.5
2024-06-13 10:20:00+00:00,18396.511,18416.016499999998,18394.4945,18413.522
2024-06-13 10:25:00+00:00,18412.439000000002,18431.0,18412.439000000002,18425.9945
2024-06-13 10:30:00+00:00,18425.747,18429.5555,18412.0,18414.5
2024-06-13 10:35:00+00:00,18415.978,18418.9945,18411.433500000003,18416.066499999997
2024-06-13 10:40:00+00:00,18415.4945,18423.516499999998,18413.511,18418.4945
2024-06-13 10:45:00+00:00,18417.516499999998,18423.5055,18414.5,18421.489
2024-06-13 10:50:00+00:00,18420.5055,18426.9945,18411.4945,18418.489
2024-06-13 10:55:00+00:00,18418.0055,18430.0055,18418.0055,18422.4835
2024-06-13 11:00:00+00:00,18421.45,18427.511,18417.989,18421.4835
2024-06-13 11:05:00+00:00,18421.011,18434.5055,18420.4445,18432.0
2024-06-13 11:10:00+00:00,18432.483500000002,18447.5,18428.45,18446.983500000002
2024-06-13 11:15:00+00:00,18447.566499999997,18455.4945,18439.011,18440.5
2024-06-13 11:20:00+00:00,18439.989,18441.0,18425.511,18432.983500000002
2024-06-13 11:25:00+00:00,18432.55,18438.478,18426.5,18434.928
2024-06-13 11:30:00+00:00,18433.9945,18439.572,18427.516499999998,18428.5
2024-06-13 11:35:00+00:00,18427.933500000003,18438.572,18424.989,18427.989
2024-06-13 11:40:00+00:00,18428.5,18434.5,18423.5,18429.511
2024-06-13 11:45:00+00:00,18428.989,18438.5055,18424.0,18435.5165
2024-06-13 11:50:00+00:00,18436.0055,18437.016499999998,18428.428,18432.5055
2024-06-13 11:55:00+00:00,18432.0055,18433.4835,18424.0,18429.5
2024-06-13 12:00:00+00:00,18429.9945,18441.560999999998,18427.978,18430.55
2024-06-13 12:05:00+00:00,18429.9945,18434.072,18424.9835,18431.95
2024-06-13 12:10:00+00:00,18431.511,18450.072,18431.511,18442.489
2024-06-13 12:15:00+00:00,18443.066499999997,18445.0055,18429.5055,18429.5055
2024-06-13 12:20:00+00:00,18430.511,18440.9945,18428.95,18436.483500000002
2024-06-13 12:25:00+00:00,18436.734,18445.072,18431.4945,18442.516499999998
2024-06-13 12:30:00+00:00,18442.489,18480.011,18436.5165,18471.95
2024-06-13 12:35:00+00:00,18471.560999999998,18475.011,18443.5,18443.5
2024-06-13 12:40:00+00:00,18442.5055,18456.511,18441.989,18453.0165
2024-06-13 12:45:00+00:00,18453.4945,18463.5055,18434.933500000003,18437.5055
2024-06-13 12:50:00+00:00,18436.522,18457.5165,18432.0,18455.489
2024-06-13 12:55:00+00:00,18454.5,18457.0055,18431.4945,18432.5
2024-06-13 13:00:00+00:00,18431.55,18442.5055,18427.5055,18429.478
2024-06-13 13:05:00+00:00,18428.45,18435.072,18410.428,18411.5
2024-06-13 13:10:00+00:00,18412.489,18429.483500000002,18412.489,18422.5
2024-06-13 13:15:00+00:00,18421.939000000002,18433.566499999997,18417.489,18419.011
2024-06-13 13:20:00+00:00,18418.5,18428.572,18411.5,18425.0
2024-06-13 13:25:00+00:00,18424.05,18433.072,18422.4445,18427.4945
2024-06-13 13:30:00+00:00,18426.516499999998,18431.439000000002,18409.0,18413.5
2024-06-13 13:35:00+00:00,18414.478,18416.522,18402.011,18411.560999999998
2024-06-13 13:40:00+00:00,18412.012,18413.989,18386.511,18387.5
2024-06-13 13:45:00+00:00,18386.933500000003,18387.989,18371.4445,18373.0
2024-06-13 13:50:00+00:00,18372.4945,18377.5055,18359.428,18365.4945
2024-06-13 13:55:00+00:00,18364.723,18365.5055,18344.489,18349.5055
2024-06-13 14:00:00+00:00,18350.011,18360.511,18345.983500000002,18350.478
2024-06-13 14:05:00+00:00,18350.9945,18369.0165,18341.978,18361.489
2024-06-13 14:10:00+00:00,18360.4945,18360.4945,18326.5555,18326.5555
2024-06-13 14:15:00+00:00,18325.9945,18334.066499999997,18322.978,18327.5
2024-06-13 14:20:00+00:00,18326.5555,18330.566499999997,18308.5055,18313.483500000002
2024-06-13 14:25:00+00:00,18314.5055,18320.066499999997,18295.9445,18308.4945
2024-06-13 14:30:00+00:00,18307.9945,18313.5055,18281.516499999998,18288.05
2024-06-13 14:35:00+00:00,18287.072,18324.072,18284.5555,18324.0
2024-06-13 14:40:00+00:00,18323.428,18323.428,18304.9445,18317.478
2024-06-13 14:45:00+00:00,18318.4945,18321.066499999997,18296.489,18305.9945
2024-06-13 14:50:00+00:00,18305.016499999998,18309.489,18297.989,18299.0
2024-06-13 14:55:00+00:00,18299.5,18305.5,18291.0055,18294.066499999997
2024-06-13 15:00:00+00:00,18293.428,18294.489,18277.9945,18278.989
2024-06-13 15:05:00+00:00,18279.560999999998,18287.5055,18271.4945,18274.9445
2024-06-13 15:10:00+00:00,18275.3065,18283.5555,18258.0055,18264.0
2024-06-13 15:15:00+00:00,18264.201,18267.9945,18254.0555,18264.433500000003
2024-06-13 15:20:00+00:00,18265.0,18273.511,18250.9445,18273.5
2024-06-13 15:25:00+00:00,18272.566499999997,18278.5055,18262.0555,18264.5055
2024-06-13 15:30:00+00:00,18265.5055,18273.011,18259.0055,18271.05
2024-06-13 15:35:00+00:00,18271.4945,18271.4945,18258.4835,18261.5
2024-06-13 15:40:00+00:00,18261.2345,18270.9945,18259.928,18268.511
2024-06-13 15:45:00+00:00,18268.7565,18269.060999999998,18254.5555,18263.939000000002
2024-06-13 15:50:00+00:00,18264.55,18266.0,18258.9945,18260.0555
2024-06-13 15:55:00+00:00,18259.572,18261.5055,18253.0,18254.560999999998
2024-06-13 16:00:00+00:00,18254.0055,18254.0055,18229.0,18237.572
2024-06-13 16:05:00+00:00,18238.0165,18251.55,18237.072,18245.5
2024-06-13 16:10:00+00:00,18244.5,18256.0055,18242.55,18252.5165
2024-06-13 16:15:00+00:00,18251.478,18252.511,18237.5,18247.0
2024-06-13 16:20:00+00:00,18247.5055,18252.489,18240.95,18244.55
2024-06-13 16:25:00+00:00,18243.9945,18245.066499999997,18237.022,18240.4945
2024-06-13 16:30:00+00:00,18240.7565,18260.0165,18237.45,18259.5
2024-06-13 16:35:00+00:00,18258.5055,18262.483500000002,18253.989,18259.4945
2024-06-13 16:40:00+00:00,18260.0165,18264.55,18256.5555,18264.0
2024-06-13 16:45:00+00:00,18264.19,18270.4945,18253.928,18258.4945
2024-06-13 16:50:00+00:00,18257.5,18270.0555,18252.439000000002,18265.5055
2024-06-13 16:55:00+00:00,18265.0,18266.0,18255.011,18256.428
2024-06-13 17:00:00+00:00,18257.4945,18271.989,18255.4835,18264.0055
2024-06-13 17:05:00+00:00,18264.5165,18271.0555,18264.5055,18268.0
2024-06-13 17:10:00+00:00,18269.0,18277.5055,18265.9945,18274.05
2024-06-13 17:15:00+00:00,18273.5,18273.511,18262.011,18264.022
2024-06-13 17:20:00+00:00,18263.4945,18267.4945,18261.9945,18266.933500000003
2024-06-13 17:25:00+00:00,18266.478,18272.5055,18264.489,18269.55
2024-06-13 17:30:00+00:00,18270.0,18272.0,18260.928,18262.489
2024-06-13 17:35:00+00:00,18262.0,18265.9945,18257.939000000002,18265.511
2024-06-13 17:40:00+00:00,18265.9445,18272.016499999998,18265.9445,18270.072
2024-06-13 17:45:00+00:00,18270.45,18274.05,18265.978,18273.983500000002
2024-06-13 17:50:00+00:00,18274.4945,18278.572,18272.983500000002,18276.478
2024-06-13 17:55:00+00:00,18277.0055,18278.0055,18268.9945,18272.011
2024-06-13 18:00:00+00:00,18272.5555,18275.489,18265.983500000002,18266.439000000002
2024-06-13 18:05:00+00:00,18267.011,18284.011,18265.9835,18283.5055
2024-06-13 18:10:00+00:00,18283.989,18287.066499999997,18280.0165,18281.5
2024-06-13 18:15:00+00:00,18281.0055,18285.560999999998,18278.0,18281.0055
2024-06-13 18:20:00+00:00,18281.5,18287.0055,18280.5055,18286.511
2024-06-13 18:25:00+00:00,18285.9445,18291.5055,18285.9445,18290.0055
2024-06-13 18:30:00+00:00,18289.5165,18293.011,18289.4945,18290.939000000002
2024-06-13 18:35:00+00:00,18291.483500000002,18292.4945,18282.989,18284.5
2024-06-13 18:40:00+00:00,18285.0,18294.011,18285.0,18292.511
2024-06-13 18:45:00+00:00,18293.0,18295.572,18290.022,18293.0
2024-06-13 18:50:00+00:00,18292.5,18297.9945,18290.5055,18295.0
2024-06-13 18:55:00+00:00,18294.511,18298.4945,18293.9445,18296.989
2024-06-13 19:00:00+00:00,18296.0165,18310.011,18294.011,18307.4445
2024-06-13 19:05:00+00:00,18308.016499999998,18310.983500000002,18299.5,18303.989
2024-06-13 19:10:00+00:00,18304.489,18304.5,18293.5,18294.066499999997
2024-06-13 19:15:00+00:00,18293.428,18299.939000000002,18289.5165,18299.939000000002
2024-06-13 19:20:00+00:00,18301.5055,18305.5,18300.489,18303.5
2024-06-13 19:25:00+00:00,18303.989,18304.511,18297.5055,18297.9835
2024-06-13 19:30:00+00:00,18297.428,18302.066499999997,18295.45,18300.5055
2024-06-13 19:35:00+00:00,18300.9835,18302.511,18296.4945,18300.983500000002
2024-06-13 19:40:00+00:00,18301.522,18307.0165,18299.489,18301.989
2024-06-13 19:45:00+00:00,18301.433500000003,18305.928,18295.983500000002,18297.0
2024-06-13 19:50:00+00:00,18296.5065,18304.95,18292.9945,18300.066499999997
2024-06-13 19:55:00+00:00,18300.2345,18303.5,18292.95,18292.95
2024-06-13 20:00:00+00:00,18293.489,18298.272,18287.3055,18296.489
2024-06-13 20:05:00+00:00,18296.9455,18312.5,18291.5,18291.5
2024-06-13 20:10:00+00:00,18290.7555,18294.922,18289.739,18291.1
2024-06-13 22:05:00+00:00,18275.610999999997,18280.25,18275.178,18279.05
2024-06-13 22:10:00+00:00,18279.4165,18284.4445,18278.5835,18282.872
2024-06-13 22:15:00+00:00,18281.9945,18285.360999999997,18281.0945,18283.5945
2024-06-13 22:20:00+00:00,18282.860999999997,18288.711,18282.860999999997,18288.711
2024-06-13 22:25:00+00:00,18289.483500000002,18290.4055,18286.661,18286.661
2024-06-13 22:30:00+00:00,18286.261,18288.6835,18284.45,18284.7
2024-06-13 22:35:00+00:00,18285.6835,18285.6835,18282.266499999998,18283.939000000002
2024-06-13 22:40:00+00:00,18284.85,18285.722,18283.983500000002,18285.722
2024-06-13 22:45:00+00:00,18286.572,18288.261,18285.711,18285.711
2024-06-13 22:50:00+00:00,18284.783499999998,18284.872,18283.2,18284.872
2024-06-13 22:55:00+00:00,18285.689000000002,18285.689000000002,18283.211,18284.0055
2024-06-13 23:00:00+00:00,18284.390000000003,18286.5,18282.283499999998,18282.3055
2024-06-13 23:05:00+00:00,18281.5,18282.2945,18279.0,18281.483500000002
2024-06-13 23:10:00+00:00,18280.589,18282.310999999998,18278.989,18282.310999999998
2024-06-13 23:15:00+00:00,18283.222,18286.5055,18281.428,18285.683500000003
2024-06-13 23:20:00+00:00,18286.0835,18286.560999999998,18285.772,18286.5055
2024-06-13 23:25:00+00:00,18285.761,18287.472,18285.7,18286.4945
2024-06-13 23:30:00+00:00,18287.378,18288.25,18285.6945,18288.183500000003
2024-06-13 23:35:00+00:00,18287.4055,18287.8,18284.8,18284.8
2024-06-13 23:40:00+00:00,18284.011,18287.411,18284.011,18287.4055
2024-06-13 23:45:00+00:00,18288.2055,18290.716500000002,18285.7,18289.878
2024-06-13 23:50:00+00:00,18289.0,18289.9,18286.483500000002,18287.810999999998
2024-06-13 23:55:00+00:00,18288.211,18289.9555,18287.3335,18288.2055
2024-06-14 00:00:00+00:00,18286.5,18292.4165,18284.7445,18291.589
2024-06-14 00:05:00+00:00,18291.7955,18292.0,18287.389000000003,18289.35
2024-06-14 00:10:00+00:00,18288.9165,18290.261,18286.8,18289.461
2024-06-14 00:15:00+00:00,18298.0165,18302.9945,18287.9945,18287.9945
2024-06-14 00:20:00+00:00,18287.9445,18295.566499999997,18287.9445,18290.95
2024-06-14 00:25:00+00:00,18290.572,18295.022,18289.478,18293.4945
2024-06-14 00:30:00+00:00,18294.0555,18294.5055,18290.572,18292.511
2024-06-14 00:35:00+00:00,18293.0,18294.933500000003,18291.5,18293.011
2024-06-14 00:40:00+00:00,18293.262,18293.572,18288.4945,18289.511
2024-06-14 00:45:00+00:00,18289.9945,18292.0,18286.5555,18286.989
2024-06-14 00:50:00+00:00,18287.428,18291.5165,18285.5055,18285.5055
2024-06-14 00:55:00+00:00,18285.022,18289.011,18285.022,18288.011
2024-06-14 01:00:00+00:00,18287.566499999997,18288.5,18282.0,18287.4945
2024-06-14 01:05:00+00:00,18286.989,18286.989,18280.9835,18285.5
2024-06-14 01:10:00+00:00,18284.511,18290.5,18284.511,18290.5
2024-06-14 01:15:00+00:00,18289.433500000003,18290.5055,18285.483500000002,18286.5055
2024-06-14 01:20:00+00:00,18285.5055,18285.5055,18283.9445,18284.933500000003
2024-06-14 01:25:00+00:00,18287.0,18287.4445,18283.522,18285.478
2024-06-14 01:30:00+00:00,18285.939000000002,18290.511,18281.0165,18282.5555
2024-06-14 01:35:00+00:00,18284.572,18289.0165,18281.9445,18285.511
2024-06-14 01:40:00+00:00,18285.0055,18287.4945,18285.0055,18286.060999999998
2024-06-14 01:45:00+00:00,18285.011,18292.978,18285.011,18292.560999999998
2024-06-14 01:50:00+00:00,18293.0,18300.511,18291.9945,18298.433500000003
2024-06-14 01:55:00+00:00,18299.560999999998,18302.572,18298.4835,18302.572
2024-06-14 02:00:00+00:00,18302.989,18302.989,18297.439000000002,18299.4945
2024-06-14 02:05:00+00:00,18299.933500000003,18304.483500000002,18298.439000000002,18303.5055
2024-06-14 02:10:00+00:00,18302.478,18307.489,18302.478,18303.9835
2024-06-14 02:15:00+00:00,18302.5,18308.0555,18302.0,18304.5
2024-06-14 02:20:00+00:00,18302.0,18302.0,18298.4945,18298.4945
2024-06-14 02:25:00+00:00,18297.4835,18302.428,18297.0,18302.428
2024-06-14 02:30:00+00:00,18301.511,18304.0,18299.5,18303.5
2024-06-14 02:35:00+00:00,18303.933500000003,18305.9945,18302.4945,18304.522
2024-06-14 02:40:00+00:00,18303.5,18308.983500000002,18303.5,18307.566499999997
2024-06-14 02:45:00+00:00,18306.989,18309.4945,18306.4445,18308.011
2024-06-14 02:50:00+00:00,18308.511,18314.55,18307.9945,18313.4445
2024-06-14 02:55:00+00:00,18314.0,18314.0,18312.489,18312.489
2024-06-14 03:00:00+00:00,18311.511,18313.011,18311.511,18312.439000000002
2024-06-14 03:05:00+00:00,18312.9445,18313.5,18312.5,18312.5
2024-06-14 03:10:00+00:00,18312.022,18314.5055,18308.5055,18314.5055
2024-06-14 03:15:00+00:00,18313.9445,18313.9445,18309.9945,18310.9945
2024-06-14 03:20:00+00:00,18310.4945,18318.0555,18309.95,18317.989
2024-06-14 03:25:00+00:00,18316.5055,18317.9945,18314.9945,18315.428
2024-06-14 03:30:00+00:00,18314.9945,18316.022,18309.5,18311.4445
2024-06-14 03:35:00+00:00,18310.5055,18313.483500000002,18308.933500000003,18313.483500000002
2024-06-14 03:40:00+00:00,18314.428,18315.5,18313.95,18314.072
2024-06-14 03:45:00+00:00,18313.0,18314.9945,18313.0,18313.989
2024-06-14 03:50:00+00:00,18314.4945,18317.989,18310.95,18312.9945
2024-06-14 03:55:00+00:00,18313.55,18319.9945,18313.4445,18317.011
2024-06-14 04:00:00+00:00,18317.5,18317.522,18316.0,18316.0555
2024-06-14 04:05:00+00:00,18314.939000000002,18316.428,18314.55,18314.55
2024-06-14 04:10:00+00:00,18315.0055,18315.011,18314.489,18315.011
2024-06-14 04:15:00+00:00,18314.511,18315.011,18311.433500000003,18311.433500000003
2024-06-14 04:20:00+00:00,18311.0055,18315.4445,18310.978,18314.439000000002
2024-06-14 04:25:00+00:00,18313.511,18314.433500000003,18313.4945,18313.4945
2024-06-14 04:30:00+00:00,18312.55,18313.428,18308.5055,18309.4945
2024-06-14 04:35:00+00:00,18308.989,18312.5055,18308.989,18310.511
2024-06-14 04:40:00+00:00,18309.989,18313.066499999997,18309.489,18310.5
2024-06-14 04:45:00+00:00,18309.95,18310.0055,18305.516499999998,18306.55
2024-06-14 04:50:00+00:00,18306.0055,18310.5055,18305.9945,18310.5055
2024-06-14 04:55:00+00:00,18309.0,18310.933500000003,18306.9945,18309.066499999997
2024-06-14 05:00:00+00:00,18309.45,18313.95,18307.9835,18313.483500000002
2024-06-14 05:05:00+00:00,18312.933500000003,18314.05,18310.0055,18314.011
2024-06-14 05:10:00+00:00,18313.428,18314.060999999998,18308.5,18308.5
2024-06-14 05:15:00+00:00,18310.0165,18314.516499999998,18309.5,18314.516499999998
2024-06-14 05:20:00+00:00,18315.478,18315.5555,18312.066499999997,18314.5
2024-06-14 05:25:00+00:00,18314.178999999996,18317.0055,18312.939000000002,18316.0
2024-06-14 05:30:00+00:00,18316.5,18326.0,18314.9445,18322.433500000003
2024-06-14 05:35:00+00:00,18321.939000000002,18327.0,18321.939000000002,18326.483500000002
2024-06-14 05:40:00+00:00,18326.9945,18328.989,18326.0055,18326.983500000002
2024-06-14 05:45:00+00:00,18327.428,18332.0055,18326.011,18330.0555
2024-06-14 05:50:00+00:00,18330.4835,18341.522,18327.989,18338.0055
2024-06-14 05:55:00+00:00,18337.011,18339.560999999998,18327.5,18329.5055
2024-06-14 06:00:00+00:00,18328.928,18346.566499999997,18324.939000000002,18333.5165
2024-06-14 06:05:00+00:00,18333.0555,18339.05,18323.5055,18323.989
2024-06-14 06:10:00+00:00,18324.5555,18329.9945,18323.4445,18329.9945
2024-06-14 06:15:00+00:00,18328.0055,18337.0055,18327.9835,18332.0555
2024-06-14 06:20:00+00:00,18331.0165,18341.522,18330.489,18339.0
2024-06-14 06:25:00+00:00,18338.5,18339.9945,18324.9945,18327.478
2024-06-14 06:30:00+00:00,18328.55,18332.9445,18322.522,18324.0555
2024-06-14 06:35:00+00:00,18323.522,18323.522,18293.0,18293.0
2024-06-14 06:40:00+00:00,18292.4945,18297.0,18284.05,18287.060999999998
2024-06-14 06:45:00+00:00,18287.1845,18294.05,18277.0,18277.0
2024-06-14 06:50:00+00:00,18276.011,18286.0,18266.9945,18283.0
2024-06-14 06:55:00+00:00,18282.489,18288.489,18269.572,18271.0055
2024-06-14 07:00:00+00:00,18269.011,18308.5,18269.011,18275.0055
2024-06-14 07:05:00+00:00,18276.011,18280.011,18254.9445,18255.9945
2024-06-14 07:10:00+00:00,18254.9445,18258.072,18227.0,18227.0
2024-06-14 07:15:00+00:00,18226.9945,18235.0055,18203.5055,18219.0055
2024-06-14 07:20:00+00:00,18220.0055,18249.5,18216.5,18226.0
2024-06-14 07:25:00+00:00,18227.0055,18255.0055,18224.245000000003,18252.016499999998
2024-06-14 07:30:00+00:00,18252.983500000002,18274.5055,18248.0165,18265.4945
2024-06-14 07:35:00+00:00,18264.9945,18269.060999999998,18246.0055,18246.978
2024-06-14 07:40:00+00:00,18245.4945,18258.060999999998,18239.5055,18249.0055
2024-06-14 07:45:00+00:00,18247.0,18248.433500000003,18214.4945,18218.011
2024-06-14 07:50:00+00:00,18217.0165,18237.066499999997,18215.4445,18222.9945
2024-06-14 07:55:00+00:00,18222.516499999998,18241.011,18203.0,18203.0
2024-06-14 08:00:00+00:00,18201.0,18218.022,18170.011,18172.9945
2024-06-14 08:05:00+00:00,18172.011,18179.0,18149.0,18169.011
2024-06-14 08:10:00+00:00,18168.0,18184.989,18160.939000000002,18182.939000000002
2024-06-14 08:15:00+00:00,18183.9445,18206.9445,18181.022,18181.022
2024-06-14 08:20:00+00:00,18180.5,18181.072,18147.516499999998,18148.0055
2024-06-14 08:25:00+00:00,18147.245000000003,18152.0055,18133.5055,18148.0
2024-06-14 08:30:00+00:00,18147.428,18170.433500000003,18146.95,18154.0165
2024-06-14 08:35:00+00:00,18154.511,18174.516499999998,18152.989,18173.9445
2024-06-14 08:40:00+00:00,18173.234,18192.978,18159.9835,18172.072
2024-06-14 08:45:00+00:00,18171.201,18172.5055,18147.489,18156.0
2024-06-14 08:50:00+00:00,18154.939000000002,18168.9835,18151.428,18159.0055
2024-06-14 08:55:00+00:00,18157.45,18172.011,18144.928,18147.0
2024-06-14 09:00:00+00:00,18148.012,18173.05,18147.0055,18170.983500000002
2024-06-14 09:05:00+00:00,18169.5055,18170.066499999997,18146.933500000003,18154.5
2024-06-14 09:10:00+00:00,18154.0,18172.4945,18150.983500000002,18155.9945
2024-06-14 09:15:00+00:00,18154.45,18162.4835,18135.4445,18148.933500000003
2024-06-14 09:20:00+00:00,18149.489,18159.0555,18130.5,18133.9945
2024-06-14 09:25:00+00:00,18133.989,18145.0,18130.9945,18133.928
2024-06-14 09:30:00+00:00,18134.560999999998,18134.560999999998,18096.011,18096.511
2024-06-14 09:35:00+00:00,18097.5,18107.483500000002,18080.978,18087.9835
2024-06-14 09:40:00+00:00,18089.5055,18095.522,18068.45,18073.072
2024-06-14 09:45:00+00:00,18071.05,18098.066499999997,18071.05,18080.95
2024-06-14 09:50:00+00:00,18082.060999999998,18101.983500000002,18070.55,18071.0055
2024-06-14 09:55:00+00:00,18070.9945,18079.0,18060.4445,18060.95
2024-06-14 10:00:00+00:00,18060.5055,18062.011,18008.939000000002,18017.939000000002
2024-06-14 10:05:00+00:00,18016.5055,18049.011,18016.0,18042.989
2024-06-14 10:10:00+00:00,18041.572,18050.060999999998,18017.511,18017.511
2024-06-14 10:15:00+00:00,18018.5,18028.0055,18004.9945,18011.478
2024-06-14 10:20:00+00:00,18010.9835,18020.0055,17989.9835,18000.5165
2024-06-14 10:25:00+00:00,18000.989,18019.072,17984.5555,18017.9945
2024-06-14 10:30:00+00:00,18017.489,18037.0,18016.933500000003,18028.011
2024-06-14 10:35:00+00:00,18027.245000000003,18047.516499999998,18025.0055,18034.511
2024-06-14 10:40:00+00:00,18032.95,18040.989,18024.978,18034.016499999998
2024-06-14 10:45:00+00:00,18034.5065,18037.560999999998,18027.95,18031.011
2024-06-14 10:50:00+00:00,18030.0165,18039.011,18023.9945,18033.9945
2024-06-14 10:55:00+00:00,18033.489,18037.022,18003.933500000003,18016.0
2024-06-14 11:00:00+00:00,18016.5,18019.5555,18001.989,18007.011
2024-06-14 11:05:00+00:00,18009.5,18009.5,17978.989,17989.933500000003
2024-06-14 11:10:00+00:00,17990.433500000003,18007.9945,17980.928,18000.016499999998
2024-06-14 11:15:00+00:00,17998.939000000002,18000.5,17979.022,17982.9945
2024-06-14 11:20:00+00:00,17982.439000000002,18025.5,17982.439000000002,18024.4945
2024-06-14 11:25:00+00:00,18024.0555,18042.489,18020.0,18039.4445
2024-06-14 11:30:00+00:00,18039.989,18091.5555,18035.95,18088.9445
2024-06-14 11:35:00+00:00,18088.0055,18113.0,18062.022,18062.022
2024-06-14 11:40:00+00:00,18060.9945,18068.978,18054.933500000003,18057.066499999997
2024-06-14 11:45:00+00:00,18058.066499999997,18069.5,18053.95,18065.022
2024-06-14 11:50:00+00:00,18066.5055,18066.5055,18041.928,18055.5
2024-06-14 11:55:00+00:00,18054.939000000002,18055.572,18018.4945,18026.0
2024-06-14 12:00:00+00:00,18025.072,18035.072,18021.9835,18023.016499999998
2024-06-14 12:05:00+00:00,18021.95,18033.0555,18014.978,18024.9945
2024-06-14 12:10:00+00:00,18024.0,18034.5,18009.978,18014.933500000003
2024-06-14 12:15:00+00:00,18016.0055,18027.983500000002,18006.9945,18026.4945
2024-06-14 12:20:00+00:00,18027.511,18055.989,18027.511,18055.45
2024-06-14 12:25:00+00:00,18054.601000000002,18067.0,18051.9945,18058.95
2024-06-14 12:30:00+00:00,18058.489,18065.483500000002,18033.5055,18037.433500000003
2024-06-14 12:35:00+00:00,18037.0,18059.5055,18032.4945,18057.511
2024-06-14 12:40:00+00:00,18057.0,18059.5165,18043.4945,18055.4835
2024-06-14 12:45:00+00:00,18054.5055,18066.011,18040.0,18040.511
2024-06-14 12:50:00+00:00,18041.060999999998,18046.511,18031.0,18041.522
2024-06-14 12:55:00+00:00,18040.0165,18044.5,18036.9945,18039.4445
2024-06-14 13:00:00+00:00,18041.5055,18051.5055,18037.433500000003,18048.428
2024-06-14 13:05:00+00:00,18048.9955,18054.0,18031.5055,18042.45
2024-06-14 13:10:00+00:00,18040.516499999998,18043.5165,18027.072,18033.433500000003
2024-06-14 13:15:00+00:00,18034.5055,18038.4945,18024.572,18024.989
2024-06-14 13:20:00+00:00,18024.516499999998,18028.5165,18015.439000000002,18021.5
2024-06-14 13:25:00+00:00,18022.0065,18024.5,18012.5,18022.5055
2024-06-14 13:30:00+00:00,18023.4445,18038.928,18022.5,18030.5
2024-06-14 13:35:00+00:00,18031.5,18063.9835,18024.5,18063.433500000003
2024-06-14 13:40:00+00:00,18063.9835,18078.511,18042.022,18048.489
2024-06-14 13:45:00+00:00,18049.9945,18053.511,18035.45,18036.511
2024-06-14 13:50:00+00:00,18034.9835,18035.55,18011.45,18012.428
2024-06-14 13:55:00+00:00,18014.5,18030.433500000003,18009.5,18029.066499999997
2024-06-14 14:00:00+00:00,18029.0,18029.0,17975.0055,17986.4945
2024-06-14 14:05:00+00:00,17987.4835,18004.0555,17980.489,17986.428
2024-06-14 14:10:00+00:00,17986.978,17999.0,17973.4945,17976.5055
2024-06-14 14:15:00+00:00,17977.4945,18013.0,17976.55,18009.45
2024-06-14 14:20:00+00:00,18008.939000000002,18017.433500000003,17987.5055,17990.572
2024-06-14 14:25:00+00:00,17989.522,17991.5055,17971.4445,17988.5
2024-06-14 14:30:00+00:00,17989.572999999997,17993.439000000002,17955.428,17974.5
2024-06-14 14:35:00+00:00,17973.572,17976.5165,17956.45,17957.489
2024-06-14 14:40:00+00:00,17956.701,17962.4945,17949.511,17959.489
2024-06-14 14:45:00+00:00,17958.566499999997,17978.983500000002,17958.566499999997,17971.489
2024-06-14 14:50:00+00:00,17972.5,17991.5055,17969.016499999998,17989.5055
2024-06-14 14:55:00+00:00,17990.4945,18000.9945,17980.478,17990.4945
2024-06-14 15:00:00+00:00,17989.712,18005.928,17977.489,17988.989
2024-06-14 15:05:00+00:00,17990.4945,17991.522,17968.428,17970.4945
2024-06-14 15:10:00+00:00,17971.011,17999.566499999997,17970.4835,17997.5165
2024-06-14 15:15:00+00:00,17997.9345,18011.522,17994.439000000002,18010.560999999998
2024-06-14 15:20:00+00:00,18009.011,18024.511,18004.5,18023.55
2024-06-14 15:25:00+00:00,18023.989,18029.560999999998,18008.45,18020.489
2024-06-14 15:30:00+00:00,18020.751,18030.572,18009.489,18014.483500000002
2024-06-14 15:35:00+00:00,18013.478,18016.0555,18002.983500000002,18009.511
2024-06-14 15:40:00+00:00,18009.022,18012.4945,17994.978,17999.4945
2024-06-14 15:45:00+00:00,18000.011,18001.5,17985.478,17990.5165
2024-06-14 15:50:00+00:00,17990.022,17999.566499999997,17986.4945,17997.489
2024-06-14 15:55:00+00:00,17997.9945,18016.5055,17997.016499999998,18015.489
2024-06-14 16:00:00+00:00,18014.9945,18016.511,17999.428,17999.428
2024-06-14 16:05:00+00:00,18000.5165,18006.560999999998,17996.428,18003.55
2024-06-14 16:10:00+00:00,18004.0,18019.022,18003.478,18014.5555
2024-06-14 16:15:00+00:00,18015.5,18015.5,18000.928,18003.978
2024-06-14 16:20:00+00:00,18004.5055,18008.9945,18003.9945,18007.0055
2024-06-14 16:25:00+00:00,18006.5055,18007.560999999998,17987.983500000002,17989.560999999998
2024-06-14 16:30:00+00:00,17990.0,17997.489,17985.011,17997.489
2024-06-14 16:35:00+00:00,17996.928,18011.022,17996.928,18010.439000000002
2024-06-14 16:40:00+00:00,18010.0055,18012.5,18002.0055,18011.511
2024-06-14 16:45:00+00:00,18012.0055,18015.016499999998,18000.9945,18005.0055
2024-06-14 16:50:00+00:00,18005.560999999998,18011.566499999997,17998.511,18001.5
2024-06-14 16:55:00+00:00,18002.4445,18010.5,18001.55,18008.4945
2024-06-14 17:00:00+00:00,18009.011,18016.572,18008.45,18010.5055
2024-06-14 17:05:00+00:00,18011.522,18019.566499999997,18009.9945,18016.5055
2024-06-14 17:10:00+00:00,18016.9945,18019.489,18013.572,18016.5
2024-06-14 17:15:00+00:00,18015.511,18022.5055,18009.5,18011.566499999997
2024-06-14 17:20:00+00:00,18012.066499999997,18016.511,18004.9945,18009.060999999998
2024-06-14 17:25:00+00:00,18009.4945,18021.522,18008.95,18011.5055
2024-06-14 17:30:00+00:00,18011.989,18015.5,18008.989,18014.5
2024-06-14 17:35:00+00:00,18013.95,18018.933500000003,18012.5,18014.989
2024-06-14 17:40:00+00:00,18015.5055,18015.5055,18002.9945,18006.489
2024-06-14 17:45:00+00:00,18007.433500000003,18013.4835,18003.0555,18003.511
2024-06-14 17:50:00+00:00,18004.0,18004.0,17993.483500000002,18000.9445
2024-06-14 17:55:00+00:00,18001.4835,18001.4835,17989.4945,17994.478
2024-06-14 18:00:00+00:00,17994.9945,17995.566499999997,17982.439000000002,17991.55
2024-06-14 18:05:00+00:00,17991.983500000002,17997.0055,17980.5055,17982.5
2024-06-14 18:10:00+00:00,17983.4945,17985.433500000003,17975.989,17976.989
2024-06-14 18:15:00+00:00,17976.489,17990.016499999998,17975.9445,17988.9945
2024-06-14 18:20:00+00:00,17989.5055,17998.4945,17985.4945,17997.478
2024-06-14 18:25:00+00:00,17998.489,18005.5,17993.05,17994.4835
2024-06-14 18:30:00+00:00,17995.060999999998,17996.5165,17990.0055,17995.5
2024-06-14 18:35:00+00:00,17996.0055,17996.0055,17990.072,17992.0
2024-06-14 18:40:00+00:00,17991.516499999998,18000.5,17985.4945,18000.5
2024-06-14 18:45:00+00:00,18000.9945,18002.483500000002,17994.4445,17996.516499999998
2024-06-14 18:50:00+00:00,17997.0555,18006.0,17996.5,18005.072
2024-06-14 18:55:00+00:00,18005.511,18005.511,17991.9945,17998.5
2024-06-14 19:00:00+00:00,17998.072,18004.5,17994.5,18004.5
2024-06-14 19:05:00+00:00,18004.0055,18006.989,18001.05,18003.4445
2024-06-14 19:10:00+00:00,18002.5,18003.516499999998,17994.5,17999.0
2024-06-14 19:15:00+00:00,17998.45,18001.433500000003,17993.5,17995.483500000002
2024-06-14 19:20:00+00:00,17994.522,17998.5055,17992.5,17998.5055
2024-06-14 19:25:00+00:00,17997.983500000002,18001.4835,17993.511,18000.9945
2024-06-14 19:30:00+00:00,17999.55,18000.4945,17994.0,17995.9945
2024-06-14 19:35:00+00:00,17995.4445,17999.566499999997,17990.0,17990.0
2024-06-14 19:40:00+00:00,17989.0,17990.560999999998,17983.5055,17985.522
2024-06-14 19:45:00+00:00,17986.072,17988.4445,17981.011,17982.05
2024-06-14 19:50:00+00:00,17981.478,17983.9445,17975.939000000002,17977.511
2024-06-14 19:55:00+00:00,17976.9945,18008.0,17976.011,18004.011
2024-06-17 00:00:00+00:00,18009.2845,18011.216500000002,18007.789,18010.3
2024-06-17 00:05:00+00:00,18009.9165,18010.355499999998,18005.328,18006.2
2024-06-17 00:10:00+00:00,18005.3835,18006.2055,18003.7055,18005.3445
2024-06-17 00:15:00+00:00,18019.0055,18040.0,18011.45,18018.0055
2024-06-17 00:20:00+00:00,18018.05,18021.516499999998,18001.5,18002.511
2024-06-17 00:25:00+00:00,18001.4935,18023.0,18000.4945,18022.5055
2024-06-17 00:30:00+00:00,18024.001,18041.4945,18021.989,18041.4945
2024-06-17 00:35:00+00:00,18040.983500000002,18044.511,18037.011,18042.066499999997
2024-06-17 00:40:00+00:00,18042.251,18046.0555,18039.4945,18039.9945
2024-06-17 00:45:00+00:00,18039.5,18045.489,18037.5555,18042.5055
2024-06-17 00:50:00+00:00,18042.022,18051.5,18040.0055,18049.483500000002
2024-06-17 00:55:00+00:00,18049.0,18053.433500000003,18047.0055,18049.5
2024-06-17 01:00:00+00:00,18049.060999999998,18049.060999999998,18033.55,18037.511
2024-06-17 01:05:00+00:00,18037.9945,18041.0,18036.4945,18040.5055
2024-06-17 01:10:00+00:00,18039.572,18041.022,18031.428,18032.511
2024-06-17 01:15:00+00:00,18032.0,18040.511,18028.483500000002,18040.511
2024-06-17 01:20:00+00:00,18041.0055,18043.566499999997,18037.989,18040.5
2024-06-17 01:25:00+00:00,18040.0055,18044.011,18040.0055,18041.022
2024-06-17 01:30:00+00:00,18042.4945,18050.5165,18041.489,18049.978
2024-06-17 01:35:00+00:00,18049.0,18057.428,18049.0,18055.933500000003
2024-06-17 01:40:00+00:00,18057.5,18057.5,18049.939000000002,18055.428
2024-06-17 01:45:00+00:00,18056.0055,18058.489,18054.478,18057.5
2024-06-17 01:50:00+00:00,18056.5,18057.5055,18053.5,18056.9835
2024-06-17 01:55:00+00:00,18056.5055,18071.5055,18055.516499999998,18068.511
2024-06-17 02:00:00+00:00,18068.0,18079.016499999998,18065.511,18075.011
2024-06-17 02:05:00+00:00,18073.522,18078.4445,18072.483500000002,18073.4945
2024-06-17 02:10:00+00:00,18074.0,18079.0,18073.928,18079.0
2024-06-17 02:15:00+00:00,18077.9945,18078.933500000003,18075.433500000003,18077.5
2024-06-17 02:20:00+00:00,18076.989,18078.066499999997,18068.5,18068.5
2024-06-17 02:25:00+00:00,18069.0,18070.511,18061.016499999998,18062.55
2024-06-17 02:30:00+00:00,18063.072,18069.011,18061.0,18068.572
2024-06-17 02:35:00+00:00,18067.5055,18071.0,18066.511,18070.4945
2024-06-17 02:40:00+00:00,18069.566499999997,18070.5,18063.4945,18066.489
2024-06-17 02:45:00+00:00,18065.433500000003,18066.5165,18062.566499999997,18062.939000000002
2024-06-17 02:50:00+00:00,18062.5055,18063.55,18054.9945,18061.4945
2024-06-17 02:55:00+00:00,18061.9945,18061.9945,18055.0055,18057.989
2024-06-17 03:00:00+00:00,18057.4945,18060.0555,18057.4945,18059.5165
2024-06-17 03:05:00+00:00,18059.016499999998,18062.0055,18059.016499999998,18062.0055
2024-06-17 03:10:00+00:00,18061.4945,18061.9945,18058.5,18061.566499999997
2024-06-17 03:15:00+00:00,18060.572,18063.016499999998,18060.5,18063.016499999998
2024-06-17 03:20:00+00:00,18062.4945,18067.4945,18062.4945,18066.0055
2024-06-17 03:25:00+00:00,18066.4945,18067.572,18066.439000000002,18067.511
2024-06-17 03:30:00+00:00,18068.0,18069.5055,18066.572,18068.489
2024-06-17 03:35:00+00:00,18067.989,18067.989,18064.5,18065.4835
2024-06-17 03:40:00+00:00,18063.95,18065.511,18060.928,18063.428
2024-06-17 03:45:00+00:00,18063.739999999998,18068.511,18063.739999999998,18067.433500000003
2024-06-17 03:50:00+00:00,18066.4945,18068.0,18063.45,18064.478
2024-06-17 03:55:00+00:00,18063.978,18065.489,18061.511,18064.5
2024-06-17 04:00:00+00:00,18064.989,18064.989,18059.433500000003,18063.55
2024-06-17 04:05:00+00:00,18064.511,18064.511,18059.439000000002,18059.439000000002
2024-06-17 04:10:00+00:00,18058.983500000002,18060.9945,18058.5,18059.4945
2024-06-17 04:15:00+00:00,18060.022,18062.9945,18059.478,18062.439000000002
2024-06-17 04:20:00+00:00,18063.572,18064.489,18063.4835,18063.489
2024-06-17 04:25:00+00:00,18062.5,18067.4835,18061.428,18067.4835
2024-06-17 04:30:00+00:00,18068.0,18068.016499999998,18066.489,18067.0
2024-06-17 04:35:00+00:00,18066.4945,18066.95,18064.428,18064.478
2024-06-17 04:40:00+00:00,18064.989,18065.016499999998,18063.4945,18063.4945
2024-06-17 04:50:00+00:00,18063.0165,18063.0165,18059.5,18059.5
2024-06-17 04:55:00+00:00,18058.5,18058.5,18052.0165,18053.9445
2024-06-17 05:00:00+00:00,18053.4835,18054.060999999998,18051.011,18052.5
2024-06-17 05:05:00+00:00,18053.4945,18059.5,18050.5055,18058.478
2024-06-17 05:10:00+00:00,18058.9945,18063.0,18058.9945,18061.5
2024-06-17 05:15:00+00:00,18060.5,18064.933500000003,18060.5,18063.5055
2024-06-17 05:20:00+00:00,18063.0,18063.5055,18060.95,18061.4945
2024-06-17 05:25:00+00:00,18061.05,18061.489,18055.989,18058.011
2024-06-17 05:30:00+00:00,18057.511,18073.5,18056.0165,18069.9945
2024-06-17 05:35:00+00:00,18070.483500000002,18083.489,18070.483500000002,18076.511
2024-06-17 05:40:00+00:00,18077.5055,18083.511,18075.4445,18081.933500000003
2024-06-17 05:45:00+00:00,18081.5555,18081.5555,18077.4945,18078.489
2024-06-17 05:50:00+00:00,18079.522,18079.522,18064.45,18071.478
2024-06-17 05:55:00+00:00,18072.0055,18079.5055,18071.4945,18079.4945
2024-06-17 06:00:00+00:00,18079.95,18085.0,18035.4945,18055.489
2024-06-17 06:05:00+00:00,18054.566499999997,18060.5,18039.5,18048.0165
2024-06-17 06:10:00+00:00,18048.5555,18065.060999999998,18040.989,18061.0055
2024-06-17 06:15:00+00:00,18060.0,18060.522,18039.933500000003,18045.978
2024-06-17 06:20:00+00:00,18045.439000000002,18075.5555,18036.516499999998,18074.060999999998
2024-06-17 06:25:00+00:00,18074.483500000002,18079.5,18064.9835,18073.011
2024-06-17 06:30:00+00:00,18072.0165,18078.011,18062.9945,18076.0055
2024-06-17 06:35:00+00:00,18076.501,18109.572,18067.939000000002,18106.989
2024-06-17 06:40:00+00:00,18106.5,18106.5,18081.9945,18084.9445
2024-06-17 06:45:00+00:00,18084.0055,18092.05,18084.0055,18085.9945
2024-06-17 06:50:00+00:00,18085.483500000002,18090.5055,18066.011,18072.933500000003
2024-06-17 06:55:00+00:00,18073.989,18094.478,18071.489,18090.489
2024-06-17 07:00:00+00:00,18089.011,18101.939000000002,18074.928,18090.060999999998
2024-06-17 07:05:00+00:00,18090.5,18117.5,18086.9945,18105.0
2024-06-17 07:10:00+00:00,18104.5,18112.9945,18094.95,18105.989
2024-06-17 07:15:00+00:00,18105.560999999998,18134.9945,18097.489,18133.9945
2024-06-17 07:20:00+00:00,18133.0,18142.011,18123.022,18133.011
2024-06-17 07:25:00+00:00,18133.489,18143.0055,18115.0555,18127.9945
2024-06-17 07:30:00+00:00,18129.022,18148.0165,18125.0,18125.0
2024-06-17 07:35:00+00:00,18125.5055,18130.072,18081.983500000002,18081.983500000002
2024-06-17 07:40:00+00:00,18081.449,18086.511,18072.4835,18075.439000000002
2024-06-17 07:45:00+00:00,18074.011,18089.0555,18063.9945,18088.5055
2024-06-17 07:50:00+00:00,18089.4945,18091.45,18064.4945,18065.4945
2024-06-17 07:55:00+00:00,18066.5,18083.9945,18060.5,18075.55
2024-06-17 08:00:00+00:00,18074.45,18089.511,18070.566499999997,18082.5165
2024-06-17 08:05:00+00:00,18083.433500000003,18103.5055,18070.5055,18100.5055
2024-06-17 08:10:00+00:00,18102.011,18105.95,18083.4445,18083.4445
2024-06-17 08:15:00+00:00,18083.0045,18098.95,18076.4945,18096.489
2024-06-17 08:20:00+00:00,18097.05,18097.511,18074.4445,18084.5
2024-06-17 08:25:00+00:00,18084.0055,18089.022,18080.522,18086.489
2024-06-17 08:30:00+00:00,18085.988,18085.988,18054.989,18057.489
2024-06-17 08:35:00+00:00,18057.011,18073.0,18055.989,18060.511
2024-06-17 08:40:00+00:00,18060.0,18062.0,18030.45,18032.55
2024-06-17 08:45:00+00:00,18032.31,18043.5,18019.022,18028.560999999998
2024-06-17 08:50:00+00:00,18029.516499999998,18031.5165,18014.516499999998,18020.55
2024-06-17 08:55:00+00:00,18019.4945,18021.511,18008.9945,18018.5
2024-06-17 09:00:00+00:00,18017.978,18033.489,18013.4945,18033.489
2024-06-17 09:05:00+00:00,18032.522,18047.9945,18030.489,18032.5055
2024-06-17 09:10:00+00:00,18032.933500000003,18044.0055,18026.483500000002,18028.483500000002
2024-06-17 09:15:00+00:00,18029.5165,18033.489,18022.011,18032.511
2024-06-17 09:20:00+00:00,18031.428,18041.5,18028.478,18036.5055
2024-06-17 09:25:00+00:00,18037.249,18048.560999999998,18032.0,18034.428
2024-06-17 09:30:00+00:00,18034.751,18053.016499999998,18032.989,18049.566499999997
2024-06-17 09:35:00+00:00,18048.433500000003,18048.9445,18037.45,18038.016499999998
2024-06-17 09:40:00+00:00,18039.5055,18043.5,18032.060999999998,18033.5165
2024-06-17 09:45:00+00:00,18034.011,18052.4945,18032.483500000002,18049.4945
2024-06-17 09:50:00+00:00,18049.939000000002,18052.55,18042.483500000002,18044.572
2024-06-17 09:55:00+00:00,18044.951,18048.489,18033.4945,18034.489
2024-06-17 10:00:00+00:00,18035.022,18037.933500000003,18015.066499999997,18015.066499999997
2024-06-17 10:05:00+00:00,18014.511,18019.5165,18000.4945,18000.511
2024-06-17 10:10:00+00:00,18002.072,18008.428,17991.989,18000.55
2024-06-17 10:15:00+00:00,18000.0055,18000.5555,17970.4945,17973.4445
2024-06-17 10:20:00+00:00,17973.0,17983.9945,17969.478,17979.516499999998
2024-06-17 10:25:00+00:00,17980.0055,17988.511,17975.483500000002,17987.5
2024-06-17 10:30:00+00:00,17988.483500000002,18012.05,17988.483500000002,18010.433500000003
2024-06-17 10:35:00+00:00,18011.483500000002,18024.489,18009.511,18015.4945
2024-06-17 10:40:00+00:00,18014.978,18019.5165,18012.560999999998,18017.4945
2024-06-17 10:45:00+00:00,18017.9835,18022.489,18011.516499999998,18016.4945
2024-06-17 10:50:00+00:00,18015.95,18021.060999999998,18007.4945,18009.483500000002
2024-06-17 10:55:00+00:00,18009.0,18013.5555,18003.483500000002,18011.439000000002
2024-06-17 11:00:00+00:00,18012.560999999998,18031.489,18011.0,18025.428
2024-06-17 11:05:00+00:00,18026.572,18034.566499999997,18026.4835,18032.0165
2024-06-17 11:10:00+00:00,18032.5055,18034.572,18018.933500000003,18023.489
2024-06-17 11:15:00+00:00,18024.5,18033.566499999997,18023.4945,18030.511
2024-06-17 11:20:00+00:00,18031.478,18041.9445,18027.5,18037.5
2024-06-17 11:25:00+00:00,18036.989,18049.522,18029.5165,18042.511
2024-06-17 11:30:00+00:00,18043.0055,18044.478,18031.511,18036.428
2024-06-17 11:35:00+00:00,18037.45,18043.55,18020.522,18042.516499999998
2024-06-17 11:40:00+00:00,18043.511,18045.5,18038.4445,18041.072
2024-06-17 11:45:00+00:00,18042.066499999997,18046.0055,18038.478,18043.5055
2024-06-17 11:50:00+00:00,18043.0155,18048.4945,18038.0055,18044.5
2024-06-17 11:55:00+00:00,18043.4945,18056.5555,18040.066499999997,18054.5055
2024-06-17 12:00:00+00:00,18054.9455,18058.4445,18047.5,18052.560999999998
2024-06-17 12:05:00+00:00,18051.489,18059.560999999998,18051.489,18056.478
2024-06-17 12:10:00+00:00,18057.489,18061.5055,18047.9945,18051.522
2024-06-17 12:15:00+00:00,18049.9945,18051.5055,18037.4445,18042.0
2024-06-17 12:20:00+00:00,18042.428,18047.4445,18033.511,18033.511
2024-06-17 12:25:00+00:00,18034.011,18040.560999999998,18033.0055,18035.933500000003
2024-06-17 12:30:00+00:00,18035.4945,18038.5055,18026.9835,18029.511
2024-06-17 12:35:00+00:00,18031.5055,18032.560999999998,18016.9945,18017.5
2024-06-17 12:40:00+00:00,18018.0,18018.95,18007.572,18009.022
2024-06-17 12:45:00+00:00,18009.483500000002,18018.5055,18007.4945,18011.511
2024-06-17 12:50:00+00:00,18012.0055,18023.566499999997,18011.5,18023.566499999997
2024-06-17 12:55:00+00:00,18023.0055,18036.9835,18020.928,18036.489
2024-06-17 13:00:00+00:00,18037.0,18049.4445,18036.4835,18041.566499999997
2024-06-17 13:05:00+00:00,18042.9445,18050.989,18042.489,18048.5165
2024-06-17 13:10:00+00:00,18047.4945,18055.5055,18045.428,18053.5055
2024-06-17 13:15:00+00:00,18054.5,18066.5055,18050.4835,18063.439000000002
2024-06-17 13:20:00+00:00,18063.0,18065.5555,18053.9945,18059.55
2024-06-17 13:25:00+00:00,18058.566499999997,18073.9835,18058.4945,18070.4945
2024-06-17 13:30:00+00:00,18071.060999999998,18073.483500000002,18046.0555,18061.45
2024-06-17 13:35:00+00:00,18060.489,18080.9945,18060.45,18070.560999999998
2024-06-17 13:40:00+00:00,18069.5,18073.489,18058.9945,18068.4835
2024-06-17 13:45:00+00:00,18068.979,18083.0,18059.9835,18061.5
2024-06-17 13:50:00+00:00,18063.022,18080.5,18058.0,18060.5
2024-06-17 13:55:00+00:00,18061.4945,18067.4945,18046.5,18046.5
2024-06-17 14:00:00+00:00,18053.0165,18054.45,18011.478,18026.511
2024-06-17 14:05:00+00:00,18026.762,18029.566499999997,18011.9945,18026.5
2024-06-17 14:10:00+00:00,18024.489,18035.572,18022.511,18032.9945
2024-06-17 14:15:00+00:00,18033.4945,18038.4945,18026.5165,18030.433500000003
2024-06-17 14:20:00+00:00,18031.4445,18036.566499999997,18025.4945,18035.428
2024-06-17 14:25:00+00:00,18035.989,18046.55,18032.022,18039.566499999997
2024-06-17 14:30:00+00:00,18040.95,18052.511,18034.439000000002,18052.511
2024-06-17 14:35:00+00:00,18053.0165,18056.989,18047.4835,18049.511
2024-06-17 14:40:00+00:00,18048.478,18058.05,18043.433500000003,18054.0165
2024-06-17 14:45:00+00:00,18053.55,18057.9945,18049.989,18054.55
2024-06-17 14:50:00+00:00,18054.9945,18063.060999999998,18053.5,18058.4945
2024-06-17 14:55:00+00:00,18059.011,18076.511,18058.45,18071.5055
2024-06-17 15:00:00+00:00,18071.271,18079.560999999998,18069.5,18075.060999999998
2024-06-17 15:05:00+00:00,18075.5,18082.478,18070.55,18076.072
2024-06-17 15:10:00+00:00,18076.4945,18082.5165,18073.0,18077.0
2024-06-17 15:15:00+00:00,18076.6935,18084.0055,18074.0,18075.5
2024-06-17 15:20:00+00:00,18075.011,18077.4945,18069.983500000002,18074.5055
2024-06-17 15:25:00+00:00,18074.9945,18079.072,18072.928,18074.489
2024-06-17 15:30:00+00:00,18074.0055,18087.516499999998,18074.0055,18079.560999999998
2024-06-17 15:35:00+00:00,18078.989,18079.5055,18071.45,18073.511
2024-06-17 15:40:00+00:00,18073.072,18074.9945,18069.489,18071.5555
2024-06-17 15:45:00+00:00,18071.238,18074.011,18065.066499999997,18065.989
2024-06-17 15:50:00+00:00,18067.0055,18069.5055,18060.060999999998,18060.55
2024-06-17 15:55:00+00:00,18060.016499999998,18068.0,18058.9835,18063.5555
2024-06-17 16:00:00+00:00,18062.933500000003,18073.0,18062.4945,18069.5055
2024-06-17 16:05:00+00:00,18070.5055,18071.511,18070.011,18070.5
2024-06-17 16:10:00+00:00,18071.016499999998,18078.5555,18070.5,18077.5165
2024-06-17 16:15:00+00:00,18077.066499999997,18078.566499999997,18073.9945,18075.011
2024-06-17 16:20:00+00:00,18075.489,18085.5055,18074.011,18084.4835
2024-06-17 16:25:00+00:00,18085.022999999997,18095.072,18081.5,18094.933500000003
2024-06-17 16:30:00+00:00,18095.5,18099.0055,18092.989,18096.489
2024-06-17 16:35:00+00:00,18095.5055,18098.0055,18090.5,18092.511
2024-06-17 16:40:00+00:00,18091.5,18095.4835,18090.5,18091.516499999998
2024-06-17 16:45:00+00:00,18092.5055,18100.5055,18092.011,18099.989
2024-06-17 16:50:00+00:00,18100.5,18103.066499999997,18094.4835,18096.072
2024-06-17 16:55:00+00:00,18095.489,18098.516499999998,18092.560999999998,18094.0555
2024-06-17 17:00:00+00:00,18094.5,18098.566499999997,18091.439000000002,18098.511
2024-06-17 17:05:00+00:00,18097.9835,18099.511,18095.9835,18099.511
2024-06-17 17:10:00+00:00,18099.016499999998,18099.55,18094.5055,18096.5165
2024-06-17 17:15:00+00:00,18096.983500000002,18108.511,18096.55,18108.511
2024-06-17 17:20:00+00:00,18108.9835,18112.5,18102.933500000003,18105.478
2024-06-17 17:25:00+00:00,18105.9945,18109.011,18105.45,18108.0055
2024-06-17 17:30:00+00:00,18108.262,18120.9835,18107.9445,18120.011
2024-06-17 17:35:00+00:00,18120.4945,18129.4835,18120.4445,18128.511
2024-06-17 17:40:00+00:00,18128.2435,18130.489,18122.478,18122.489
2024-06-17 17:45:00+00:00,18123.0055,18127.0055,18122.439000000002,18126.022
2024-06-17 17:50:00+00:00,18126.560999999998,18137.0,18126.560999999998,18136.5055
2024-06-17 17:55:00+00:00,18137.0165,18137.572,18131.489,18135.5
2024-06-17 18:00:00+00:00,18135.817499999997,18143.066499999997,18133.9945,18141.5
2024-06-17 18:05:00+00:00,18141.2435,18155.933500000003,18141.0055,18155.5555
2024-06-17 18:10:00+00:00,18156.060999999998,18158.0165,18137.9445,18137.9445
2024-06-17 18:15:00+00:00,18137.682500000003,18147.011,18131.478,18135.9835
2024-06-17 18:20:00+00:00,18136.5055,18140.566499999997,18133.060999999998,18138.433500000003
2024-06-17 18:25:00+00:00,18138.9835,18145.5165,18135.489,18142.011
2024-06-17 18:30:00+00:00,18142.511,18147.5,18139.95,18143.439000000002
2024-06-17 18:35:00+00:00,18143.011,18145.022,18141.428,18144.511
2024-06-17 18:40:00+00:00,18144.928,18145.011,18139.928,18139.928
2024-06-17 18:45:00+00:00,18140.5055,18141.5165,18133.0,18138.5055
2024-06-17 18:50:00+00:00,18137.489,18138.4945,18134.0,18135.4945
2024-06-17 18:55:00+00:00,18135.0165,18139.566499999997,18131.9445,18139.0055
2024-06-17 19:00:00+00:00,18138.522,18145.572,18136.489,18143.5
2024-06-17 19:05:00+00:00,18143.011,18151.516499999998,18141.95,18151.516499999998
2024-06-17 19:10:00+00:00,18153.511,18161.0165,18152.45,18159.5
2024-06-17 19:15:00+00:00,18159.011,18159.011,18144.4945,18158.5055
2024-06-17 19:20:00+00:00,18157.5055,18161.511,18154.983500000002,18156.5055
2024-06-17 19:25:00+00:00,18157.0055,18160.5555,18153.489,18160.5
2024-06-17 19:30:00+00:00,18158.9945,18159.0555,18154.0,18157.489
2024-06-17 19:35:00+00:00,18157.0,18158.0555,18151.4945,18154.989
2024-06-17 19:40:00+00:00,18156.0,18163.0,18154.428,18154.428
2024-06-17 19:45:00+00:00,18154.177000000003,18154.55,18143.428,18149.5
2024-06-17 19:50:00+00:00,18147.983500000002,18150.989,18136.9945,18140.560999999998
2024-06-17 19:55:00+00:00,18139.5,18154.566499999997,18137.0055,18151.9445
2024-06-17 20:00:00+00:00,18152.572,18153.3165,18137.75,18139.35
2024-06-17 20:05:00+00:00,18140.1945,18142.7165,18139.411,18140.978
2024-06-17 20:10:00+00:00,18141.911,18146.0055,18140.95,18145.172
2024-06-17 22:05:00+00:00,18170.894500000002,18173.472,18170.05,18173.45
2024-06-17 22:10:00+00:00,18174.216500000002,18174.216500000002,18169.289,18170.089
2024-06-17 22:15:00+00:00,18169.3,18176.1945,18169.3,18174.2055
2024-06-17 22:20:00+00:00,18174.928,18178.372,18174.1835,18178.372
2024-06-17 22:25:00+00:00,18179.1,18179.1,18174.2165,18174.2165
2024-06-17 22:30:00+00:00,18173.394500000002,18174.589,18168.9055,18170.1
2024-06-17 22:35:00+00:00,18171.639000000003,18171.711,18168.489,18169.25
2024-06-17 22:40:00+00:00,18168.5,18173.4165,18168.5,18172.610999999997
2024-06-17 22:45:00+00:00,18173.4055,18173.4055,18170.0335,18170.078
2024-06-17 22:50:00+00:00,18170.961,18171.9165,18169.5,18170.3
2024-06-17 22:55:00+00:00,18171.0945,18171.922,18170.3,18171.1
2024-06-17 23:00:00+00:00,18171.489,18174.461,18170.289,18170.289
2024-06-17 23:05:00+00:00,18169.489,18170.711,18167.860999999997,18169.0055
2024-06-17 23:10:00+00:00,18168.6665,18168.6665,18163.810999999998,18164.2055
2024-06-17 23:15:00+00:00,18163.789,18164.928,18162.433500000003,18164.15
2024-06-17 23:20:00+00:00,18164.933500000003,18176.5555,18164.189000000002,18172.728
2024-06-17 23:25:00+00:00,18173.2,18173.2,18170.7055,18172.4
2024-06-17 23:30:00+00:00,18171.928,18175.222,18171.928,18173.939000000002
2024-06-17 23:35:00+00:00,18174.778,18176.105499999998,18174.4555,18174.789
2024-06-17 23:40:00+00:00,18174.072,18174.072,18170.6945,18172.066499999997
2024-06-17 23:45:00+00:00,18171.6665,18174.072,18170.7,18173.261
2024-06-17 23:50:00+00:00,18172.4665,18173.25,18170.6835,18171.6665
2024-06-17 23:55:00+00:00,18172.4,18174.0055,18171.6,18171.6
2024-06-18 00:00:00+00:00,18170.644500000002,18172.4165,18168.3,18172.4165
2024-06-18 00:05:00+00:00,18171.5445,18172.394500000002,18168.2945,18168.2945
2024-06-18 00:10:00+00:00,18167.878,18167.878,18164.978,18166.5835
2024-06-18 00:15:00+00:00,18161.0,18179.060999999998,18158.566499999997,18175.5
2024-06-18 00:20:00+00:00,18175.5055,18178.5,18174.5555,18174.5555
2024-06-18 00:25:00+00:00,18175.5055,18179.5,18175.45,18176.566499999997
2024-06-18 00:30:00+00:00,18175.9945,18176.5,18164.0165,18170.9945
2024-06-18 00:35:00+00:00,18171.572,18172.05,18162.0,18164.5055
2024-06-18 00:40:00+00:00,18166.5165,18172.4835,18164.4945,18172.4835
2024-06-18 00:45:00+00:00,18171.939000000002,18171.939000000002,18161.9945,18163.433500000003
2024-06-18 00:50:00+00:00,18163.9445,18168.0,18163.9445,18167.428
2024-06-18 00:55:00+00:00,18166.022,18166.022,18151.9445,18151.9445
2024-06-18 01:00:00+00:00,18153.566499999997,18154.572,18148.522,18152.5055
2024-06-18 01:05:00+00:00,18153.011,18155.0055,18142.0,18142.489
2024-06-18 01:10:00+00:00,18141.5,18142.978,18135.989,18140.489
2024-06-18 01:15:00+00:00,18139.5055,18142.5,18135.072,18140.5165
2024-06-18 01:20:00+00:00,18141.0,18141.511,18133.0,18134.4945
2024-06-18 01:25:00+00:00,18135.0055,18139.489,18135.0055,18138.489
2024-06-18 01:30:00+00:00,18139.0,18146.9945,18139.0,18145.0
2024-06-18 01:35:00+00:00,18144.4945,18144.4945,18140.0055,18142.022
2024-06-18 01:40:00+00:00,18141.439000000002,18141.560999999998,18135.939000000002,18136.5555
2024-06-18 01:45:00+00:00,18136.95,18140.511,18135.0,18135.0
2024-06-18 01:50:00+00:00,18134.4835,18141.0,18132.4945,18137.433500000003
2024-06-18 01:55:00+00:00,18137.0,18137.439000000002,18124.011,18126.9445
2024-06-18 02:00:00+00:00,18126.4945,18129.428,18125.939000000002,18127.0
2024-06-18 02:05:00+00:00,18128.05,18132.55,18127.4445,18131.0
2024-06-18 02:10:00+00:00,18131.511,18141.5,18131.0055,18137.5
2024-06-18 02:15:00+00:00,18137.066499999997,18138.560999999998,18132.95,18136.4445
2024-06-18 02:20:00+00:00,18135.5,18137.0555,18131.516499999998,18136.522
2024-06-18 02:25:00+00:00,18137.428,18140.072,18137.428,18137.433500000003
2024-06-18 02:30:00+00:00,18137.989,18140.5055,18137.989,18140.5055
2024-06-18 02:35:00+00:00,18141.0165,18141.4835,18139.428,18141.4835
2024-06-18 02:40:00+00:00,18140.933500000003,18141.572,18137.5,18138.5
2024-06-18 02:45:00+00:00,18138.0,18138.4945,18136.933500000003,18137.4945
2024-06-18 02:50:00+00:00,18137.978,18138.989,18137.489,18138.0055
2024-06-18 02:55:00+00:00,18137.511,18143.0165,18136.9445,18142.4945
2024-06-18 03:00:00+00:00,18141.522,18141.522,18137.5,18137.9945
2024-06-18 03:05:00+00:00,18137.5,18140.55,18137.5,18138.483500000002
2024-06-18 03:10:00+00:00,18139.0055,18143.95,18138.4445,18141.560999999998
2024-06-18 03:15:00+00:00,18141.9945,18143.0165,18141.060999999998,18141.516499999998
2024-06-18 03:20:00+00:00,18142.0055,18143.511,18141.5555,18142.560999999998
2024-06-18 03:25:00+00:00,18142.95,18143.978,18140.489,18140.489
2024-06-18 03:30:00+00:00,18139.511,18139.511,18136.0165,18136.0165
2024-06-18 03:35:00+00:00,18135.489,18135.4945,18133.5055,18135.4945
2024-06-18 03:40:00+00:00,18137.0,18140.566499999997,18134.989,18137.5
2024-06-18 03:45:00+00:00,18137.928,18139.572,18135.439000000002,18138.489
2024-06-18 03:50:00+00:00,18139.4945,18140.0055,18138.428,18140.0055
2024-06-18 03:55:00+00:00,18140.5,18142.428,18140.5,18141.928
2024-06-18 04:00:00+00:00,18143.060999999998,18148.5,18142.0055,18147.0055
2024-06-18 04:05:00+00:00,18147.928,18148.5165,18146.5,18148.5165
2024-06-18 04:10:00+00:00,18147.516499999998,18147.516499999998,18145.483500000002,18145.483500000002
2024-06-18 04:15:00+00:00,18144.9945,18148.5165,18144.9945,18145.4945
2024-06-18 04:20:00+00:00,18145.0,18145.0055,18143.5,18144.011
2024-06-18 04:25:00+00:00,18143.4835,18143.4835,18140.428,18141.4945
2024-06-18 04:30:00+00:00,18141.95,18141.95,18136.4945,18136.4945
2024-06-18 04:35:00+00:00,18136.933500000003,18139.9835,18136.022,18139.5055
2024-06-18 04:40:00+00:00,18139.939000000002,18140.978,18139.45,18139.45
2024-06-18 04:45:00+00:00,18140.066499999997,18140.066499999997,18137.0,18137.4835
2024-06-18 04:50:00+00:00,18138.016499999998,18138.483500000002,18136.0,18138.066499999997
2024-06-18 04:55:00+00:00,18137.4835,18138.072,18128.989,18137.5
2024-06-18 05:00:00+00:00,18138.011,18138.011,18130.0555,18132.0055
2024-06-18 05:05:00+00:00,18130.4945,18135.0,18130.0555,18132.4945
2024-06-18 05:10:00+00:00,18133.0,18134.05,18131.5,18133.5165
2024-06-18 05:15:00+00:00,18134.0055,18137.5,18134.0055,18136.5055
2024-06-18 05:20:00+00:00,18136.739999999998,18139.060999999998,18136.4945,18137.0165
2024-06-18 05:25:00+00:00,18137.5,18145.5,18137.5,18144.5
2024-06-18 05:30:00+00:00,18144.701,18146.0055,18142.9945,18144.0
2024-06-18 05:35:00+00:00,18144.428,18157.5,18143.9945,18154.489
2024-06-18 05:40:00+00:00,18154.989,18156.989,18146.016499999998,18147.483500000002
2024-06-18 05:45:00+00:00,18146.5055,18152.0055,18144.939000000002,18150.9945
2024-06-18 05:50:00+00:00,18151.522,18161.0,18150.011,18160.072
2024-06-18 05:55:00+00:00,18161.5055,18164.483500000002,18160.0555,18163.978
2024-06-18 06:00:00+00:00,18165.001,18204.0055,18165.001,18191.0055
2024-06-18 06:05:00+00:00,18189.9945,18194.0,18182.0,18192.989
2024-06-18 06:10:00+00:00,18194.072,18195.066499999997,18179.489,18179.928
2024-06-18 06:15:00+00:00,18179.516499999998,18199.016499999998,18179.516499999998,18196.072
2024-06-18 06:20:00+00:00,18197.989,18203.4835,18197.016499999998,18203.4835
2024-06-18 06:25:00+00:00,18204.0555,18209.0,18194.0055,18195.0055
2024-06-18 06:30:00+00:00,18194.5,18201.9945,18193.983500000002,18196.978
2024-06-18 06:35:00+00:00,18198.0,18201.511,18188.9945,18188.9945
2024-06-18 06:40:00+00:00,18188.433500000003,18193.928,18182.9945,18192.989
2024-06-18 06:45:00+00:00,18192.489,18192.5165,18185.95,18189.978
2024-06-18 06:50:00+00:00,18187.5055,18188.933500000003,18176.933500000003,18176.933500000003
2024-06-18 06:55:00+00:00,18176.5055,18193.0,18174.9945,18187.549
2024-06-18 07:00:00+00:00,18188.9445,18212.4945,18188.9445,18196.9945
2024-06-18 07:05:00+00:00,18199.016499999998,18202.478,18182.483500000002,18193.9945
2024-06-18 07:10:00+00:00,18195.05,18196.511,18183.0055,18190.989
2024-06-18 07:15:00+00:00,18192.0,18194.060999999998,18159.5055,18169.066499999997
2024-06-18 07:20:00+00:00,18168.488,18183.9555,18167.978,18178.328
2024-06-18 07:25:00+00:00,18179.394500000002,18180.472,18153.383500000004,18155.4055
2024-06-18 07:30:00+00:00,18154.4,18164.4665,18154.394500000002,18158.3835
2024-06-18 07:35:00+00:00,18157.95,18167.9165,18150.3835,18161.911
2024-06-18 07:40:00+00:00,18161.383500000004,18168.972,18152.4,18161.472
2024-06-18 07:45:00+00:00,18162.411,18167.472,18155.4055,18155.461
2024-06-18 07:50:00+00:00,18155.85,18158.394500000002,18132.4,18134.4
2024-06-18 07:55:00+00:00,18133.4,18136.389000000003,18117.8835,18121.4055
2024-06-18 08:00:00+00:00,18120.9155,18122.9665,18110.828,18111.4665
2024-06-18 08:05:00+00:00,18111.9055,18118.9,18105.9,18113.839
2024-06-18 08:10:00+00:00,18114.9555,18115.9,18097.4165,18099.4
2024-06-18 08:15:00+00:00,18099.651,18108.4555,18095.4,18101.9
2024-06-18 08:20:00+00:00,18100.9,18105.889000000003,18074.389000000003,18075.339
2024-06-18 08:25:00+00:00,18075.9,18083.9665,18071.894500000002,18077.339
2024-06-18 08:30:00+00:00,18077.9055,18089.85,18077.9055,18082.4
2024-06-18 08:35:00+00:00,18081.9,18085.889000000003,18070.894500000002,18083.3835
2024-06-18 08:40:00+00:00,18082.4055,18083.911,18073.828,18082.911
2024-06-18 08:45:00+00:00,18082.394500000002,18099.389000000003,18080.389000000003,18095.394500000002
2024-06-18 08:50:00+00:00,18095.889000000003,18115.4,18095.394500000002,18114.4
2024-06-18 08:55:00+00:00,18112.9,18118.4,18096.9,18097.328
2024-06-18 09:00:00+00:00,18097.1435,18116.9665,18096.9665,18110.4055
2024-06-18 09:05:00+00:00,18111.9065,18124.4,18106.9165,18116.35
2024-06-18 09:10:00+00:00,18117.4165,18145.4055,18117.4165,18141.894500000002
2024-06-18 09:15:00+00:00,18142.4175,18147.4665,18129.95,18136.389000000003
2024-06-18 09:20:00+00:00,18137.394500000002,18155.461,18132.9055,18147.394500000002
2024-06-18 09:25:00+00:00,18148.339,18153.4055,18131.339,18131.4055
2024-06-18 09:30:00+00:00,18130.4,18137.828,18117.4055,18118.9
2024-06-18 09:35:00+00:00,18119.3835,18131.4,18115.9,18125.889000000003
2024-06-18 09:40:00+00:00,18125.389000000003,18140.9165,18121.3335,18136.394500000002
2024-06-18 09:45:00+00:00,18135.411,18147.4165,18134.828,18144.3835
2024-06-18 09:50:00+00:00,18143.389000000003,18154.4665,18139.85,18143.389000000003
2024-06-18 09:55:00+00:00,18143.9,18147.45,18133.9,18137.894500000002
2024-06-18 10:00:00+00:00,18137.4,18142.411,18132.422,18133.8835
2024-06-18 10:05:00+00:00,18134.411,18137.9555,18122.9,18124.389000000003
2024-06-18 10:10:00+00:00,18123.889000000003,18124.4665,18115.389000000003,18120.4
2024-06-18 10:15:00+00:00,18120.8835,18137.4165,18119.889000000003,18136.422
2024-06-18 10:20:00+00:00,18135.911,18143.4,18128.4,18142.472
2024-06-18 10:25:00+00:00,18141.4,18153.4,18138.378,18153.4
2024-06-18 10:30:00+00:00,18152.4,18164.394500000002,18148.4,18152.35
2024-06-18 10:35:00+00:00,18153.4165,18160.394500000002,18151.3445,18152.394500000002
2024-06-18 10:40:00+00:00,18154.3445,18157.389000000003,18147.9665,18151.394500000002
2024-06-18 10:45:00+00:00,18151.1435,18153.9055,18140.378,18144.394500000002
2024-06-18 10:50:00+00:00,18144.3435,18149.45,18139.898999999998,18141.4
2024-06-18 10:55:00+00:00,18141.839,18146.35,18132.389000000003,18137.411
2024-06-18 11:00:00+00:00,18136.4,18138.411,18118.339,18119.394500000002
2024-06-18 11:05:00+00:00,18118.461,18124.472,18117.3335,18121.3335
2024-06-18 11:10:00+00:00,18119.4055,18119.4055,18105.8835,18111.883500000004
2024-06-18 11:15:00+00:00,18111.404499999997,18118.4665,18106.422,18116.4055
2024-06-18 11:20:00+00:00,18116.9,18118.4555,18107.394500000002,18110.4665
2024-06-18 11:25:00+00:00,18111.411,18112.4165,18097.422,18104.4
2024-06-18 11:30:00+00:00,18103.4,18106.411,18099.45,18102.4055
2024-06-18 11:35:00+00:00,18103.4665,18103.972,18095.889000000003,18099.4
2024-06-18 11:40:00+00:00,18099.9,18102.422,18088.4055,18100.35
2024-06-18 11:45:00+00:00,18100.722999999998,18106.3335,18097.394500000002,18106.3335
2024-06-18 11:50:00+00:00,18105.461,18106.4,18094.9,18097.3835
2024-06-18 11:55:00+00:00,18098.35,18100.422,18090.4055,18097.4
2024-06-18 12:00:00+00:00,18096.961,18105.472,18093.378,18105.4055
2024-06-18 12:05:00+00:00,18105.578999999998,18113.411,18102.4665,18110.35
2024-06-18 12:10:00+00:00,18111.4165,18113.45,18102.95,18103.422
2024-06-18 12:15:00+00:00,18101.389000000003,18116.422,18101.3445,18110.4555
2024-06-18 12:20:00+00:00,18110.578999999998,18119.328,18103.378,18118.9055
2024-06-18 12:25:00+00:00,18119.4665,18119.4665,18107.389000000003,18107.389000000003
2024-06-18 12:30:00+00:00,18110.911,18130.328,18091.9045,18098.8935
2024-06-18 12:35:00+00:00,18098.961,18100.8435,18078.398999999998,18096.388
2024-06-18 12:40:00+00:00,18095.398999999998,18096.46,18084.388,18088.3825
2024-06-18 12:45:00+00:00,18088.904499999997,18114.8935,18086.3935,18112.4545
2024-06-18 12:50:00+00:00,18111.8825,18130.4045,18109.327,18128.471
2024-06-18 12:55:00+00:00,18126.921000000002,18129.971,18113.3825,18117.409999999996
2024-06-18 13:00:00+00:00,18116.398999999998,18116.398999999998,18096.8825,18097.404499999997
2024-06-18 13:05:00+00:00,18096.398999999998,18098.91,18086.398999999998,18095.421000000002
2024-06-18 13:10:00+00:00,18095.8935,18098.421000000002,18085.398999999998,18094.888
2024-06-18 13:15:00+00:00,18095.3935,18102.449,18090.91,18098.4655
2024-06-18 13:20:00+00:00,18096.9545,18103.46,18094.898999999998,18103.46
2024-06-18 13:25:00+00:00,18103.1435,18107.398999999998,18098.3935,18105.3435
2024-06-18 13:30:00+00:00,18104.9155,18111.471,18100.398999999998,18109.409999999996
2024-06-18 13:35:00+00:00,18108.877,18130.888,18105.338,18125.398999999998
2024-06-18 13:40:00+00:00,18125.838,18141.921000000002,18110.404499999997,18117.471
2024-06-18 13:45:00+00:00,18116.398999999998,18117.327,18100.421000000002,18107.4545
2024-06-18 13:50:00+00:00,18108.3935,18117.449,18104.3935,18116.377
2024-06-18 13:55:00+00:00,18115.838,18118.4545,18096.888,18100.388
2024-06-18 14:00:00+00:00,18099.96,18112.398999999998,18098.8435,18106.4545
2024-06-18 14:05:00+00:00,18105.888,18109.471,18097.3325,18102.377
2024-06-18 14:10:00+00:00,18103.166,18106.3325,18098.398999999998,18102.327
2024-06-18 14:15:00+00:00,18104.332000000002,18122.46,18103.3325,18121.3325
2024-06-18 14:20:00+00:00,18122.409999999996,18133.46,18120.898999999998,18121.398999999998
2024-06-18 14:25:00+00:00,18120.327,18128.3825,18119.898999999998,18126.46
2024-06-18 14:30:00+00:00,18124.9155,18142.388,18119.8825,18140.4045
2024-06-18 14:35:00+00:00,18139.388,18145.91,18132.388,18144.3825
2024-06-18 14:40:00+00:00,18144.838,18144.838,18130.9655,18132.398999999998
2024-06-18 14:45:00+00:00,18131.909999999996,18139.4655,18128.327,18134.398999999998
2024-06-18 14:50:00+00:00,18133.971,18136.3325,18119.3935,18123.449
2024-06-18 14:55:00+00:00,18124.177,18128.3935,18117.9155,18125.3935
2024-06-18 15:00:00+00:00,18125.8935,18127.404499999997,18113.898999999998,18114.91
2024-06-18 15:05:00+00:00,18115.41,18122.388,18111.3825,18119.349
2024-06-18 15:10:00+00:00,18119.8935,18128.3825,18119.377,18124.471
2024-06-18 15:15:00+00:00,18125.3935,18132.898999999998,18124.46,18125.3825
2024-06-18 15:20:00+00:00,18125.8325,18126.4155,18118.398999999998,18124.398999999998
2024-06-18 15:25:00+00:00,18124.4,18129.904499999997,18118.327,18127.404499999997
2024-06-18 15:30:00+00:00,18126.4155,18133.909999999996,18126.388,18130.388
2024-06-18 15:35:00+00:00,18130.877,18143.888,18129.898999999998,18138.8825
2024-06-18 15:40:00+00:00,18139.3935,18142.8935,18137.398999999998,18142.8935
2024-06-18 15:45:00+00:00,18142.41,18151.46,18142.3935,18146.3935
2024-06-18 15:50:00+00:00,18147.449,18149.398999999998,18142.41,18144.404499999997
2024-06-18 15:55:00+00:00,18143.8325,18151.4155,18141.388,18150.971
2024-06-18 16:00:00+00:00,18149.8435,18158.904499999997,18149.8435,18158.904499999997
2024-06-18 16:05:00+00:00,18159.349,18164.898999999998,18157.3825,18162.421000000002
2024-06-18 16:10:00+00:00,18162.148999999998,18163.398999999998,18150.8825,18151.904499999997
2024-06-18 16:15:00+00:00,18151.404499999997,18155.4155,18149.377,18151.398999999998
2024-06-18 16:20:00+00:00,18152.404499999997,18155.4155,18150.388,18155.3825
2024-06-18 16:25:00+00:00,18155.8825,18160.377,18153.327,18154.327
2024-06-18 16:30:00+00:00,18154.328,18157.9155,18151.4045,18157.398999999998
2024-06-18 16:35:00+00:00,18156.9045,18161.471,18156.398999999998,18159.3825
2024-06-18 16:40:00+00:00,18158.921000000002,18161.4545,18155.888,18156.388
2024-06-18 16:45:00+00:00,18156.9655,18157.4655,18151.398999999998,18156.9655
2024-06-18 16:50:00+00:00,18157.377,18166.398999999998,18157.377,18164.327
2024-06-18 16:55:00+00:00,18165.404499999997,18171.4545,18164.327,18169.46
2024-06-18 17:00:00+00:00,18169.1325,18172.898999999998,18157.327,18161.3935
2024-06-18 17:05:00+00:00,18160.3825,18169.471,18156.41,18168.404499999997
2024-06-18 17:10:00+00:00,18168.2045,18169.3935,18161.398999999998,18169.3935
2024-06-18 17:15:00+00:00,18170.3935,18174.827,18165.3935,18174.827
2024-06-18 17:20:00+00:00,18175.398999999998,18178.398999999998,18170.398999999998,18172.398999999998
2024-06-18 17:25:00+00:00,18171.898999999998,18173.421000000002,18168.838,18172.388
2024-06-18 17:30:00+00:00,18171.898999999998,18172.409999999996,18167.3935,18171.4655
2024-06-18 17:35:00+00:00,18170.8435,18177.338,18170.8435,18174.404499999997
2024-06-18 17:40:00+00:00,18174.4165,18176.9045,18172.388,18176.3825
2024-06-18 17:45:00+00:00,18176.96,18182.921000000002,18176.898999999998,18182.3325
2024-06-18 17:50:00+00:00,18182.8935,18184.971,18176.898999999998,18176.96
2024-06-18 17:55:00+00:00,18176.398999999998,18176.898999999998,18171.404499999997,18172.9155
2024-06-18 18:00:00+00:00,18171.898999999998,18172.41,18144.91,18154.3935
2024-06-18 18:05:00+00:00,18154.904499999997,18161.4545,18153.388,18160.471
2024-06-18 18:10:00+00:00,18160.8935,18169.904499999997,18160.8935,18162.398999999998
2024-06-18 18:15:00+00:00,18162.971,18162.971,18149.404499999997,18154.838
2024-06-18 18:20:00+00:00,18154.404499999997,18159.949,18153.398999999998,18153.398999999998
2024-06-18 18:25:00+00:00,18153.971,18158.849,18150.9155,18153.4155
2024-06-18 18:30:00+00:00,18152.409999999996,18157.4155,18152.388,18157.3325
2024-06-18 18:35:00+00:00,18156.3935,18156.949,18152.3325,18153.8935
2024-06-18 18:40:00+00:00,18154.398999999998,18156.4155,18151.827,18152.9045
2024-06-18 18:45:00+00:00,18153.398999999998,18155.398999999998,18151.349,18152.8935
2024-06-18 18:50:00+00:00,18153.338,18154.898999999998,18149.41,18152.41
2024-06-18 18:55:00+00:00,18152.8935,18152.904499999997,18146.96,18149.46
2024-06-18 19:00:00+00:00,18148.4155,18150.388,18135.8935,18140.4155
2024-06-18 19:05:00+00:00,18139.849,18139.849,18134.398999999998,18137.398999999998
2024-06-18 19:10:00+00:00,18137.909999999996,18141.398999999998,18134.8935,18139.4045
2024-06-18 19:15:00+00:00,18139.4,18143.949,18139.3325,18141.9155
2024-06-18 19:20:00+00:00,18141.46,18144.9045,18140.8325,18144.8935
2024-06-18 19:25:00+00:00,18144.3825,18153.9655,18143.3935,18151.898999999998
2024-06-18 19:30:00+00:00,18152.8935,18159.3935,18148.3325,18158.838
2024-06-18 19:35:00+00:00,18159.4155,18159.9655,18155.888,18158.9155
2024-06-18 19:40:00+00:00,18158.4155,18163.398999999998,18157.971,18159.421000000002
2024-06-18 19:45:00+00:00,18159.9155,18160.41,18151.898999999998,18151.898999999998
2024-06-18 19:50:00+00:00,18152.888,18162.3935,18150.338,18161.898999999998
2024-06-18 19:55:00+00:00,18161.16,18161.898999999998,18154.388,18155.888
2024-06-18 20:00:00+00:00,18155.088,18157.51,18142.777000000002,18148.61
2024-06-18 20:05:00+00:00,18149.398999999998,18155.16,18146.0825,18155.0825
2024-06-18 20:10:00+00:00,18154.299,18159.2045,18153.4935,18157.5155
2024-06-18 22:05:00+00:00,18163.4945,18163.516499999998,18161.789,18161.8
2024-06-18 22:10:00+00:00,18162.644500000002,18164.3055,18162.644500000002,18164.289
2024-06-18 22:15:00+00:00,18163.489,18164.3,18163.489,18164.3
2024-06-18 22:20:00+00:00,18165.839,18166.711,18164.228,18165.089
2024-06-18 22:25:00+00:00,18164.31,18165.077,18164.31,18165.077
2024-06-18 22:30:00+00:00,18164.688000000002,18170.86,18164.227000000003,18170.8155
2024-06-18 22:35:00+00:00,18171.599,18176.488,18171.2655,18174.8935
2024-06-18 22:40:00+00:00,18175.71,18175.7155,18172.549,18174.0935
2024-06-18 22:45:00+00:00,18174.888,18175.71,18174.088,18174.0935
2024-06-18 22:50:00+00:00,18173.638,18174.898999999998,18173.227000000003,18174.049
2024-06-18 22:55:00+00:00,18174.96,18174.96,18174.0935,18174.91
2024-06-18 23:00:00+00:00,18174.4935,18174.4935,18170.871000000003,18172.499
2024-06-18 23:05:00+00:00,18172.971,18173.349,18171.5325,18172.488
2024-06-18 23:10:00+00:00,18171.527000000002,18173.309999999998,18171.527000000002,18173.309999999998
2024-06-18 23:15:00+00:00,18172.56,18172.56,18170.7435,18172.4935
2024-06-18 23:20:00+00:00,18171.6155,18172.571000000004,18169.199,18169.999
2024-06-18 23:25:00+00:00,18169.2045,18169.9935,18166.7155,18168.388
2024-06-18 23:30:00+00:00,18167.999,18168.46,18166.682500000003,18166.699
2024-06-18 23:35:00+00:00,18167.6045,18168.398999999998,18165.0435,18167.6045
2024-06-18 23:40:00+00:00,18168.3935,18169.9935,18167.5325,18169.1325
2024-06-18 23:45:00+00:00,18169.538,18170.0545,18168.338,18170.010000000002
2024-06-18 23:50:00+00:00,18169.127,18170.871000000003,18169.127,18170.7825
2024-06-18 23:55:00+00:00,18170.010000000002,18170.8655,18169.2045,18169.2045
2024-06-19 00:00:00+00:00,18168.398999999998,18170.0545,18165.099,18165.971
2024-06-19 00:05:00+00:00,18166.371000000003,18167.6155,18165.0825,18165.9155
2024-06-19 00:10:00+00:00,18165.099,18165.96,18163.449,18163.499
2024-06-19 00:15:00+00:00,18151.898999999998,18171.8935,18151.898999999998,18164.909999999996
2024-06-19 00:20:00+00:00,18164.898999999998,18164.898999999998,18144.4155,18147.404499999997
2024-06-19 00:25:00+00:00,18147.8935,18149.898999999998,18139.4655,18140.338
2024-06-19 00:30:00+00:00,18139.898999999998,18145.404499999997,18135.904499999997,18140.3435
2024-06-19 00:35:00+00:00,18141.4155,18142.3435,18134.3435,18137.398999999998
2024-06-19 00:40:00+00:00,18136.8435,18141.8935,18136.827,18139.3935
2024-06-19 00:45:00+00:00,18139.96,18142.46,18139.377,18142.46
2024-06-19 00:50:00+00:00,18142.898999999998,18143.421000000002,18134.4045,18135.46
2024-06-19 00:55:00+00:00,18134.471,18137.971,18133.8935,18136.46
2024-06-19 01:00:00+00:00,18135.388,18137.398999999998,18131.877,18132.398999999998
2024-06-19 01:05:00+00:00,18132.8935,18137.404499999997,18131.849,18135.8435
2024-06-19 01:10:00+00:00,18134.971,18134.971,18130.8325,18131.8935
2024-06-19 01:15:00+00:00,18131.6655,18136.388,18131.398999999998,18134.398999999998
2024-06-19 01:20:00+00:00,18133.8935,18137.41,18133.449,18134.904499999997
2024-06-19 01:25:00+00:00,18135.41,18135.8935,18132.9045,18134.41
2024-06-19 01:30:00+00:00,18133.877,18138.898999999998,18133.877,18138.898999999998
2024-06-19 01:35:00+00:00,18137.9045,18139.904499999997,18136.849,18139.471
2024-06-19 01:40:00+00:00,18139.8325,18144.921000000002,18139.3935,18144.398999999998
2024-06-19 01:45:00+00:00,18144.91,18144.91,18143.338,18143.338
2024-06-19 01:50:00+00:00,18143.888,18144.888,18140.4155,18140.46
2024-06-19 01:55:00+00:00,18139.91,18141.96,18139.91,18141.398999999998
2024-06-19 02:00:00+00:00,18141.888,18143.3935,18140.349,18141.3935
2024-06-19 02:05:00+00:00,18141.877,18141.877,18140.904499999997,18140.904499999997
2024-06-19 02:10:00+00:00,18140.46,18140.8935,18140.388,18140.3935
2024-06-19 02:15:00+00:00,18141.3935,18146.409999999996,18141.3935,18144.377
2024-06-19 02:20:00+00:00,18145.388,18145.4655,18143.909999999996,18144.904499999997
2024-06-19 02:25:00+00:00,18145.41,18145.909999999996,18143.398999999998,18145.909999999996
2024-06-19 02:30:00+00:00,18144.909999999996,18147.904499999997,18143.849,18147.3825
2024-06-19 02:35:00+00:00,18148.3935,18148.3935,18145.827,18145.827
2024-06-19 02:40:00+00:00,18145.388,18145.388,18141.8325,18142.41
2024-06-19 02:45:00+00:00,18141.921000000002,18144.9545,18140.91,18142.398999999998
2024-06-19 02:50:00+00:00,18141.8325,18142.3935,18140.904499999997,18141.3935
2024-06-19 02:55:00+00:00,18140.8325,18140.8325,18136.3825,18136.3825
2024-06-19 03:00:00+00:00,18136.888,18138.8825,18136.388,18138.398999999998
2024-06-19 03:05:00+00:00,18137.91,18138.4545,18137.388,18138.4545
2024-06-19 03:10:00+00:00,18137.909999999996,18138.377,18137.404499999997,18138.377
2024-06-19 03:15:00+00:00,18137.8935,18137.8935,18133.827,18135.3825
2024-06-19 03:20:00+00:00,18134.904499999997,18134.904499999997,18133.449,18133.449
2024-06-19 03:25:00+00:00,18134.388,18134.388,18134.388,18134.388
2024-06-19 03:30:00+00:00,18133.327,18133.949,18132.3935,18132.3935
2024-06-19 03:35:00+00:00,18132.971,18132.971,18130.3935,18130.91
2024-06-19 03:40:00+00:00,18131.398999999998,18131.91,18130.827,18130.8935
2024-06-19 03:45:00+00:00,18129.9155,18129.9155,18129.377,18129.377
2024-06-19 03:50:00+00:00,18128.398999999998,18129.398999999998,18128.398999999998,18128.898999999998
2024-06-19 03:55:00+00:00,18129.898999999998,18131.888,18129.898999999998,18131.398999999998
2024-06-19 04:00:00+00:00,18131.9045,18132.404499999997,18131.388,18132.404499999997
2024-06-19 04:05:00+00:00,18132.21,18132.404499999997,18131.888,18131.888
2024-06-19 04:10:00+00:00,18131.9545,18132.398999999998,18131.9545,18132.398999999998
2024-06-19 04:15:00+00:00,18131.9165,18131.9165,18126.3935,18126.3935
2024-06-19 04:20:00+00:00,18125.909999999996,18129.4155,18123.921000000002,18125.398999999998
2024-06-19 04:25:00+00:00,18125.96,18127.404499999997,18124.377,18127.404499999997
2024-06-19 04:30:00+00:00,18127.888,18128.9045,18122.8825,18125.404499999997
2024-06-19 04:35:00+00:00,18124.8825,18125.449,18123.8825,18124.398999999998
2024-06-19 04:40:00+00:00,18123.8825,18124.898999999998,18121.8435,18123.388
2024-06-19 04:45:00+00:00,18123.8935,18127.46,18123.8935,18126.898999999998
2024-06-19 04:50:00+00:00,18126.4655,18127.327,18125.8935,18125.8935
2024-06-19 04:55:00+00:00,18126.398999999998,18128.8325,18125.949,18127.377
2024-06-19 05:00:00+00:00,18126.8935,18126.971,18120.328,18124.898999999998
2024-06-19 05:05:00+00:00,18124.3935,18124.898999999998,18120.8325,18123.398999999998
2024-06-19 05:10:00+00:00,18123.8935,18126.41,18121.8825,18124.398999999998
2024-06-19 05:15:00+00:00,18124.9655,18125.8325,18119.3935,18121.349
2024-06-19 05:20:00+00:00,18120.898999999998,18121.898999999998,18120.3935,18121.327
2024-06-19 05:25:00+00:00,18121.9655,18121.9655,18119.888,18120.3935
2024-06-19 05:30:00+00:00,18120.971,18125.46,18120.827,18124.398999999998
2024-06-19 05:35:00+00:00,18125.3825,18134.96,18125.3825,18134.96
2024-06-19 05:40:00+00:00,18135.8325,18140.8935,18135.8325,18138.404499999997
2024-06-19 05:45:00+00:00,18139.398999999998,18139.9045,18136.3935,18139.838
2024-06-19 05:50:00+00:00,18139.338,18161.9545,18139.338,18161.9155
2024-06-19 05:55:00+00:00,18162.3325,18164.404499999997,18149.388,18152.4155
2024-06-19 06:00:00+00:00,18153.59,18171.4655,18148.327,18150.898999999998
2024-06-19 06:05:00+00:00,18149.3935,18153.91,18140.971,18142.904499999997
2024-06-19 06:10:00+00:00,18143.971,18144.404499999997,18134.9045,18138.8935
2024-06-19 06:15:00+00:00,18137.338,18137.849,18131.3435,18132.8825
2024-06-19 06:20:00+00:00,18132.377,18132.8325,18125.404499999997,18127.849
2024-06-19 06:25:00+00:00,18128.404499999997,18131.398999999998,18124.8825,18129.338
2024-06-19 06:30:00+00:00,18129.9655,18138.8935,18127.349,18138.8935
2024-06-19 06:35:00+00:00,18138.4655,18138.4655,18124.8825,18127.898999999998
2024-06-19 06:40:00+00:00,18127.398999999998,18135.9655,18126.904499999997,18132.96
2024-06-19 06:45:00+00:00,18132.46,18132.91,18122.8935,18127.838
2024-06-19 06:50:00+00:00,18128.41,18130.3825,18124.909999999996,18124.909999999996
2024-06-19 06:55:00+00:00,18125.9545,18138.898999999998,18125.9545,18138.898999999998
2024-06-19 07:00:00+00:00,18138.839,18143.9545,18109.8435,18110.8935
2024-06-19 07:05:00+00:00,18109.904499999997,18130.904499999997,18106.8325,18130.904499999997
2024-06-19 07:10:00+00:00,18131.166,18131.9045,18109.8825,18109.8825
2024-06-19 07:15:00+00:00,18108.8935,18109.877,18082.904499999997,18086.404499999997
2024-06-19 07:20:00+00:00,18085.4155,18085.8825,18066.849,18084.377
2024-06-19 07:25:00+00:00,18083.898999999998,18101.91,18081.898999999998,18097.96
2024-06-19 07:30:00+00:00,18099.898999999998,18108.96,18091.888,18098.404499999997
2024-06-19 07:35:00+00:00,18098.099,18106.9545,18088.888,18095.404499999997
2024-06-19 07:40:00+00:00,18096.404499999997,18101.471,18082.898999999998,18094.8325
2024-06-19 07:45:00+00:00,18097.3935,18119.349,18096.904499999997,18112.898999999998
2024-06-19 07:50:00+00:00,18111.827,18117.888,18100.904499999997,18101.9045
2024-06-19 07:55:00+00:00,18102.91,18117.9155,18101.3935,18114.9155
2024-06-19 08:00:00+00:00,18116.9655,18125.904499999997,18115.888,18119.849
2024-06-19 08:05:00+00:00,18118.888,18133.91,18118.421000000002,18124.888
2024-06-19 08:10:00+00:00,18125.898999999998,18127.398999999998,18105.3825,18108.449
2024-06-19 08:15:00+00:00,18108.8935,18114.338,18099.877,18103.8935
2024-06-19 08:20:00+00:00,18104.398999999998,18107.9155,18092.898999999998,18100.9545
2024-06-19 08:25:00+00:00,18100.327,18102.904499999997,18092.8935,18096.8825
2024-06-19 08:30:00+00:00,18097.3935,18097.3935,18082.398999999998,18090.838
2024-06-19 08:35:00+00:00,18090.449,18091.898999999998,18082.3935,18082.3935
2024-06-19 08:40:00+00:00,18081.471,18086.8325,18074.888,18078.3435
2024-06-19 08:45:00+00:00,18077.9045,18083.9155,18057.898999999998,18061.91
2024-06-19 08:50:00+00:00,18062.4155,18069.971,18052.4,18059.9555
2024-06-19 08:55:00+00:00,18060.4,18079.9165,18060.4,18071.4
2024-06-19 09:00:00+00:00,18069.9055,18087.9665,18067.839,18087.828
2024-06-19 09:05:00+00:00,18087.4,18093.45,18078.839,18087.95
2024-06-19 09:10:00+00:00,18086.4055,18097.4165,18085.894500000002,18095.9165
2024-06-19 09:15:00+00:00,18094.9,18098.389000000003,18085.4,18085.461
2024-06-19 09:20:00+00:00,18083.389000000003,18088.894500000002,18078.8445,18081.3835
2024-06-19 09:25:00+00:00,18080.889000000003,18085.3335,18074.383500000004,18083.889000000003
2024-06-19 09:30:00+00:00,18083.4165,18085.911,18069.889000000003,18077.85
2024-06-19 09:35:00+00:00,18076.85,18079.9555,18067.889000000003,18068.461
2024-06-19 09:40:00+00:00,18067.4055,18075.4055,18062.894500000002,18071.889000000003
2024-06-19 09:45:00+00:00,18071.9665,18088.911,18069.878,18084.9555
2024-06-19 09:50:00+00:00,18086.472,18099.9165,18085.889000000003,18094.889000000003
2024-06-19 09:55:00+00:00,18094.4,18095.422,18084.889000000003,18088.961
2024-06-19 10:00:00+00:00,18087.145,18099.9165,18086.9,18092.4055
2024-06-19 10:05:00+00:00,18090.9165,18096.9055,18087.894500000002,18094.894500000002
2024-06-19 10:10:00+00:00,18095.9665,18096.472,18085.472,18090.911
2024-06-19 10:15:00+00:00,18091.422,18100.911,18087.461,18087.911
2024-06-19 10:20:00+00:00,18086.4665,18087.911,18075.8335,18077.889000000003
2024-06-19 10:25:00+00:00,18076.9,18080.9555,18074.839,18076.9
2024-06-19 10:30:00+00:00,18077.4555,18087.9165,18075.894500000002,18085.9555
2024-06-19 10:35:00+00:00,18085.461,18086.9,18073.9,18076.411
2024-06-19 10:40:00+00:00,18075.9,18085.9165,18075.8335,18084.961
2024-06-19 10:45:00+00:00,18085.151,18090.9055,18085.151,18086.894500000002
2024-06-19 10:50:00+00:00,18087.412,18101.911,18086.85,18098.35
2024-06-19 10:55:00+00:00,18097.894500000002,18098.9555,18087.4165,18093.8835
2024-06-19 11:00:00+00:00,18094.1565,18099.4055,18089.889000000003,18097.9165
2024-06-19 11:05:00+00:00,18096.911,18100.9,18093.9055,18095.889000000003
2024-06-19 11:10:00+00:00,18095.411,18103.894500000002,18092.8445,18100.9
2024-06-19 11:15:00+00:00,18101.394500000002,18102.4165,18090.4055,18091.9165
2024-06-19 11:20:00+00:00,18092.389000000003,18097.911,18090.394500000002,18092.4
2024-06-19 11:25:00+00:00,18092.9,18102.9,18092.4055,18099.839
2024-06-19 11:30:00+00:00,18100.9055,18103.9555,18094.328,18102.961
2024-06-19 11:35:00+00:00,18102.4055,18118.3335,18100.878,18117.389000000003
2024-06-19 11:40:00+00:00,18116.9055,18119.4665,18107.9,18108.883500000004
2024-06-19 11:45:00+00:00,18109.839,18116.4,18105.328,18106.911
2024-06-19 11:50:00+00:00,18107.394500000002,18115.95,18106.9,18113.8335
2024-06-19 11:55:00+00:00,18114.9,18114.911,18103.394500000002,18104.9055
2024-06-19 12:00:00+00:00,18105.9055,18110.9055,18090.828,18091.9055
2024-06-19 12:05:00+00:00,18090.972,18094.35,18084.95,18085.411
2024-06-19 12:10:00+00:00,18084.394500000002,18088.4,18081.472,18083.9055
2024-06-19 12:15:00+00:00,18083.394500000002,18083.95,18075.911,18078.8335
2024-06-19 12:20:00+00:00,18079.8835,18080.972,18074.3445,18075.911
2024-06-19 12:25:00+00:00,18074.961,18090.383500000004,18074.9,18086.8835
2024-06-19 12:30:00+00:00,18087.35,18089.4055,18083.394500000002,18087.394500000002
2024-06-19 12:35:00+00:00,18087.9165,18102.389000000003,18084.95,18101.8335
2024-06-19 12:40:00+00:00,18102.9665,18106.961,18097.8445,18099.4
2024-06-19 12:45:00+00:00,18100.4055,18100.889000000003,18092.894500000002,18092.9665
2024-06-19 12:50:00+00:00,18092.472,18093.828,18086.339,18089.85
2024-06-19 12:55:00+00:00,18089.9,18093.972,18085.839,18087.911
2024-06-19 13:00:00+00:00,18088.45,18098.9165,18088.45,18094.961
2024-06-19 13:05:00+00:00,18095.401,18100.3835,18090.85,18100.3835
2024-06-19 13:10:00+00:00,18099.894500000002,18105.961,18099.894500000002,18101.911
2024-06-19 13:15:00+00:00,18102.472,18105.972,18096.85,18105.9055
2024-06-19 13:20:00+00:00,18104.8445,18107.8335,18096.9555,18101.9055
2024-06-19 13:25:00+00:00,18102.922,18110.922,18101.883500000004,18110.894500000002
2024-06-19 13:30:00+00:00,18111.4665,18111.9055,18088.3335,18097.35
2024-06-19 13:35:00+00:00,18097.9,18099.95,18082.339,18082.894500000002
2024-06-19 13:40:00+00:00,18080.472,18086.328,18072.378,18084.878
2024-06-19 13:45:00+00:00,18084.4,18088.389000000003,18077.894500000002,18086.883500000004
2024-06-19 13:50:00+00:00,18087.9165,18090.922,18083.9,18089.4
2024-06-19 13:55:00+00:00,18088.4,18092.8835,18081.9,18082.894500000002
2024-06-19 14:00:00+00:00,18083.001,18100.422,18080.4665,18099.9
2024-06-19 14:05:00+00:00,18100.9,18109.461,18099.378,18102.9
2024-06-19 14:10:00+00:00,18103.4055,18106.9555,18101.828,18105.9665
2024-06-19 14:15:00+00:00,18105.4,18106.9055,18091.4,18091.9
2024-06-19 14:20:00+00:00,18090.623,18094.961,18087.389000000003,18087.95
2024-06-19 14:25:00+00:00,18088.328,18092.9165,18081.9,18089.394500000002
2024-06-19 14:30:00+00:00,18089.889000000003,18089.889000000003,18080.9,18085.383500000004
2024-06-19 14:35:00+00:00,18084.411,18091.8445,18079.383500000004,18082.883500000004
2024-06-19 14:40:00+00:00,18081.911,18088.4055,18079.883500000004,18087.9055
2024-06-19 14:45:00+00:00,18086.889000000003,18090.95,18077.4,18080.922
2024-06-19 14:50:00+00:00,18080.961,18089.8445,18078.472,18087.9055
2024-06-19 14:55:00+00:00,18087.4055,18090.911,18085.889000000003,18089.95
2024-06-19 15:00:00+00:00,18089.9165,18089.9165,18083.4,18084.911
2024-06-19 15:05:00+00:00,18084.389000000003,18086.9555,18080.394500000002,18081.961
2024-06-19 15:10:00+00:00,18082.4555,18088.95,18080.911,18086.911
2024-06-19 15:15:00+00:00,18086.35,18087.4,18074.828,18075.85
2024-06-19 15:20:00+00:00,18074.889000000003,18077.9555,18062.328,18063.889000000003
2024-06-19 15:25:00+00:00,18062.972,18070.45,18062.883500000004,18069.9055
2024-06-19 15:30:00+00:00,18070.389000000003,18074.4,18064.411,18071.911
2024-06-19 15:35:00+00:00,18070.911,18076.472,18070.394500000002,18072.4165
2024-06-19 15:40:00+00:00,18071.8445,18073.9,18068.389000000003,18072.95
2024-06-19 15:45:00+00:00,18072.394500000002,18079.4665,18072.394500000002,18076.9
2024-06-19 15:50:00+00:00,18077.3335,18080.4165,18074.3835,18074.9555
2024-06-19 15:55:00+00:00,18075.911,18075.911,18066.911,18067.3335
2024-06-19 16:00:00+00:00,18067.8955,18068.394500000002,18065.85,18065.9665
2024-06-19 16:05:00+00:00,18065.3835,18065.3835,18056.411,18061.95
2024-06-19 16:10:00+00:00,18061.4,18066.889000000003,18060.9055,18064.894500000002
2024-06-19 16:15:00+00:00,18065.889000000003,18066.411,18058.411,18059.9165
2024-06-19 16:20:00+00:00,18060.9055,18062.328,18059.4055,18060.378
2024-06-19 16:25:00+00:00,18060.9,18063.394500000002,18058.394500000002,18063.3335
2024-06-19 16:30:00+00:00,18064.35,18064.35,18058.9,18061.95
2024-06-19 16:35:00+00:00,18062.411,18062.411,18058.4,18058.961
2024-06-19 16:40:00+00:00,18056.3335,18060.4,18056.3335,18060.4
2024-06-19 16:45:00+00:00,18060.894500000002,18060.894500000002,18057.95,18059.911
2024-06-19 16:50:00+00:00,18059.422,18060.4555,18058.894500000002,18059.9
2024-06-19 16:55:00+00:00,18059.3445,18063.4055,18059.3445,18062.9
2024-06-19 17:00:00+00:00,18062.328,18063.422,18062.328,18062.95
2024-06-19 17:05:00+00:00,18063.339,18064.9055,18063.339,18063.828
2024-06-19 17:10:00+00:00,18064.4165,18067.4555,18064.4165,18067.45
2024-06-19 17:15:00+00:00,18066.339,18069.3445,18066.339,18067.4165
2024-06-19 17:20:00+00:00,18066.828,18068.911,18066.4165,18066.9
2024-06-19 17:25:00+00:00,18067.911,18067.911,18066.9165,18066.9165
2024-06-19 17:30:00+00:00,18067.328,18067.4,18066.922,18066.972
2024-06-19 17:35:00+00:00,18065.9,18065.9,18065.9,18065.9
2024-06-19 17:40:00+00:00,18065.411,18065.961,18064.828,18064.85
2024-06-19 17:45:00+00:00,18064.4055,18064.4055,18064.4055,18064.4055
2024-06-19 17:50:00+00:00,18064.9,18064.9,18064.9,18064.9
2024-06-19 17:55:00+00:00,18064.4055,18065.9,18064.4055,18065.9
2024-06-19 18:00:00+00:00,18066.472,18066.472,18064.8335,18065.894500000002
2024-06-19 18:05:00+00:00,18065.339,18065.9,18065.339,18065.9
2024-06-19 18:10:00+00:00,18065.4055,18066.911,18065.4055,18066.328
2024-06-19 18:15:00+00:00,18066.894500000002,18067.394500000002,18066.894500000002,18067.394500000002
2024-06-19 18:20:00+00:00,18068.461,18068.461,18067.394500000002,18068.4165
2024-06-19 18:30:00+00:00,18069.4555,18070.422,18068.9165,18068.9165
2024-06-19 18:40:00+00:00,18067.389000000003,18067.9,18067.389000000003,18067.9
2024-06-19 18:45:00+00:00,18067.378,18069.461,18067.378,18069.461
2024-06-19 18:50:00+00:00,18068.961,18069.394500000002,18067.9555,18068.8835
2024-06-19 18:55:00+00:00,18068.45,18068.911,18068.45,18068.911
2024-06-19 19:00:00+00:00,18068.4,18068.4,18068.4,18068.4
2024-06-19 19:05:00+00:00,18069.4055,18069.4055,18066.9665,18066.9665
2024-06-19 19:10:00+00:00,18067.3445,18067.8445,18066.839,18067.411
2024-06-19 19:15:00+00:00,18068.3335,18069.461,18068.3335,18068.883500000004
2024-06-19 19:20:00+00:00,18068.411,18068.894500000002,18068.411,18068.894500000002
2024-06-19 19:25:00+00:00,18068.45,18068.961,18068.378,18068.389000000003
2024-06-19 19:30:00+00:00,18067.9,18068.4165,18066.9165,18067.9
2024-06-19 19:35:00+00:00,18067.378,18069.472,18067.378,18069.472
2024-06-19 19:40:00+00:00,18068.889000000003,18071.4055,18068.889000000003,18070.4055
2024-06-19 19:45:00+00:00,18071.35,18076.911,18070.9,18076.4665
2024-06-19 19:50:00+00:00,18076.9055,18087.4,18076.9055,18086.9055
2024-06-19 19:55:00+00:00,18086.4,18090.9,18082.9055,18084.461
2024-06-19 20:00:00+00:00,18083.839,18083.839,18082.9,18082.9
2024-06-19 22:05:00+00:00,18068.2,18070.144500000002,18065.0,18065.7445
2024-06-19 22:10:00+00:00,18066.5945,18068.022,18064.0055,18067.933500000003
2024-06-19 22:15:00+00:00,18068.8165,18071.3055,18067.989,18070.5165
2024-06-19 22:20:00+00:00,18069.761,18070.4945,18067.2,18068.0
2024-06-19 22:25:00+00:00,18067.2,18068.05,18064.728,18067.211
2024-06-19 22:30:00+00:00,18066.4055,18067.139000000003,18064.05,18066.389000000003
2024-06-19 22:35:00+00:00,18065.5945,18066.3835,18064.8,18066.3835
2024-06-19 22:40:00+00:00,18065.9945,18068.072,18065.5945,18065.5945
2024-06-19 22:45:00+00:00,18064.8,18066.4555,18064.8,18065.610999999997
2024-06-19 22:50:00+00:00,18066.394500000002,18066.394500000002,18064.810999999998,18064.810999999998
2024-06-19 22:55:00+00:00,18064.0055,18064.8055,18063.939000000002,18064.0
2024-06-19 23:00:00+00:00,18064.7445,18067.989,18064.7445,18067.989
2024-06-19 23:05:00+00:00,18067.128,18067.6,18065.605499999998,18066.394500000002
2024-06-19 23:10:00+00:00,18066.866499999996,18068.0555,18066.422,18067.133500000004
2024-06-19 23:15:00+00:00,18066.394500000002,18067.222,18066.394500000002,18066.4
2024-06-19 23:20:00+00:00,18067.189000000002,18067.9945,18067.139000000003,18067.939000000002
2024-06-19 23:25:00+00:00,18067.2,18068.816499999997,18067.2,18068.816499999997
2024-06-19 23:30:00+00:00,18067.989,18068.860999999997,18067.9835,18068.0055
2024-06-19 23:35:00+00:00,18068.4165,18070.489,18068.4165,18068.789
2024-06-19 23:40:00+00:00,18067.989,18069.7055,18067.989,18068.011
2024-06-19 23:45:00+00:00,18067.222,18067.9445,18067.2055,18067.25
2024-06-19 23:50:00+00:00,18067.5835,18069.772,18067.1835,18069.6945
2024-06-19 23:55:00+00:00,18069.272,18070.5555,18068.789,18069.7055
2024-06-20 00:00:00+00:00,18070.4945,18072.972,18069.628,18072.839
2024-06-20 00:05:00+00:00,18073.2945,18073.761,18072.078,18073.689000000002
2024-06-20 00:10:00+00:00,18072.894500000002,18082.75,18072.894500000002,18082.689000000002
2024-06-20 00:15:00+00:00,18083.45,18092.389000000003,18082.878,18089.9165
2024-06-20 00:20:00+00:00,18088.8445,18091.4665,18086.4,18088.9
2024-06-20 00:25:00+00:00,18088.394500000002,18093.878,18087.839,18093.383500000004
2024-06-20 00:30:00+00:00,18091.922,18092.9055,18085.894500000002,18087.4
2024-06-20 00:35:00+00:00,18088.411,18088.411,18082.3445,18088.3445
2024-06-20 00:40:00+00:00,18087.9,18087.9,18075.894500000002,18075.894500000002
2024-06-20 00:45:00+00:00,18076.8835,18096.894500000002,18076.8835,18096.894500000002
2024-06-20 00:50:00+00:00,18095.9055,18102.389000000003,18094.3335,18094.3335
2024-06-20 00:55:00+00:00,18094.961,18095.839,18092.878,18095.4
2024-06-20 01:00:00+00:00,18095.9,18101.8445,18094.4,18099.3335
2024-06-20 01:05:00+00:00,18099.894500000002,18100.883500000004,18099.461,18099.461
2024-06-20 01:10:00+00:00,18098.894500000002,18100.4055,18096.8335,18097.4665
2024-06-20 01:15:00+00:00,18096.839,18098.9555,18094.394500000002,18097.4
2024-06-20 01:20:00+00:00,18100.45,18104.839,18100.45,18102.9165
2024-06-20 01:25:00+00:00,18103.422,18104.3445,18101.4,18101.4
2024-06-20 01:30:00+00:00,18100.922,18101.9,18099.9055,18100.889000000003
2024-06-20 01:35:00+00:00,18100.3835,18102.839,18099.889000000003,18101.4
2024-06-20 01:40:00+00:00,18102.140000000003,18102.894500000002,18099.8335,18100.911
2024-06-20 01:45:00+00:00,18100.389000000003,18101.4165,18100.389000000003,18101.411
2024-06-20 01:50:00+00:00,18100.911,18101.4055,18100.422,18101.4
2024-06-20 01:55:00+00:00,18100.894500000002,18101.9555,18095.889000000003,18095.889000000003
2024-06-20 02:00:00+00:00,18095.389000000003,18095.389000000003,18089.3835,18089.894500000002
2024-06-20 02:05:00+00:00,18091.9,18092.4165,18089.894500000002,18089.9
2024-06-20 02:10:00+00:00,18088.889000000003,18089.8335,18086.378,18086.8335
2024-06-20 02:15:00+00:00,18086.389000000003,18086.389000000003,18082.8445,18085.3835
2024-06-20 02:20:00+00:00,18084.894500000002,18088.911,18083.9165,18088.911
2024-06-20 02:25:00+00:00,18089.389000000003,18090.45,18088.889000000003,18090.45
2024-06-20 02:30:00+00:00,18089.9,18090.4,18088.389000000003,18088.894500000002
2024-06-20 02:35:00+00:00,18089.328,18089.894500000002,18084.911,18084.911
2024-06-20 02:40:00+00:00,18085.972,18085.972,18081.389000000003,18082.394500000002
2024-06-20 02:45:00+00:00,18081.828,18082.35,18081.828,18082.35
2024-06-20 03:00:00+00:00,18082.9,18083.4165,18082.8445,18082.8445
2024-06-20 03:05:00+00:00,18086.339,18093.4055,18086.339,18093.4055
2024-06-20 03:10:00+00:00,18092.9165,18094.4055,18092.4,18093.9
2024-06-20 03:15:00+00:00,18091.9,18093.889000000003,18091.4165,18091.4165
2024-06-20 03:20:00+00:00,18094.4555,18094.4555,18092.4055,18092.9
2024-06-20 03:25:00+00:00,18093.4,18093.4665,18092.878,18092.9
2024-06-20 03:30:00+00:00,18093.394500000002,18093.4665,18092.883500000004,18092.95
2024-06-20 03:40:00+00:00,18093.4055,18093.889000000003,18092.883500000004,18092.883500000004
2024-06-20 03:45:00+00:00,18095.922,18105.9165,18095.922,18105.4055
2024-06-20 03:50:00+00:00,18105.889000000003,18116.411,18105.889000000003,18115.411
2024-06-20 03:55:00+00:00,18116.35,18140.35,18114.911,18130.889000000003
2024-06-20 04:00:00+00:00,18130.4,18130.4,18114.383500000004,18120.9
2024-06-20 04:05:00+00:00,18123.339,18124.389000000003,18118.389000000003,18118.95
2024-06-20 04:10:00+00:00,18118.394500000002,18123.4555,18117.35,18123.4555
2024-06-20 04:15:00+00:00,18122.4,18125.922,18121.4,18125.922
2024-06-20 04:20:00+00:00,18126.4,18134.4665,18124.394500000002,18133.961
2024-06-20 04:25:00+00:00,18131.9055,18140.4055,18131.4,18138.422
2024-06-20 04:30:00+00:00,18137.894500000002,18137.894500000002,18129.911,18130.389000000003
2024-06-20 04:35:00+00:00,18129.911,18130.889000000003,18128.894500000002,18129.9055
2024-06-20 04:40:00+00:00,18130.3835,18131.9555,18129.394500000002,18129.394500000002
2024-06-20 04:45:00+00:00,18130.95,18130.95,18121.4,18126.394500000002
2024-06-20 04:50:00+00:00,18124.9,18127.9055,18124.8835,18127.9055
2024-06-20 04:55:00+00:00,18128.411,18130.9,18123.889000000003,18123.889000000003
2024-06-20 05:00:00+00:00,18123.4055,18141.339,18121.8335,18140.828
2024-06-20 05:05:00+00:00,18140.378,18141.95,18132.4055,18134.411
2024-06-20 05:10:00+00:00,18133.889000000003,18134.4,18130.889000000003,18131.472
2024-06-20 05:15:00+00:00,18130.8335,18132.411,18129.9,18130.85
2024-06-20 05:20:00+00:00,18131.894500000002,18132.394500000002,18124.911,18125.883500000004
2024-06-20 05:25:00+00:00,18125.389000000003,18126.394500000002,18121.383500000004,18125.9
2024-06-20 05:30:00+00:00,18125.4665,18126.4055,18125.4665,18125.9665
2024-06-20 05:35:00+00:00,18124.894500000002,18132.394500000002,18124.828,18131.4055
2024-06-20 05:40:00+00:00,18131.9,18140.8835,18131.9,18138.4
2024-06-20 05:45:00+00:00,18137.894500000002,18140.394500000002,18137.394500000002,18139.4055
2024-06-20 05:50:00+00:00,18138.472,18139.3335,18121.378,18122.3445
2024-06-20 05:55:00+00:00,18124.9665,18126.9165,18123.9,18126.8835
2024-06-20 06:00:00+00:00,18124.35,18126.389000000003,18107.883500000004,18117.9055
2024-06-20 06:05:00+00:00,18118.9055,18124.4,18115.878,18123.378
2024-06-20 06:10:00+00:00,18123.9665,18128.45,18122.4665,18128.394500000002
2024-06-20 06:15:00+00:00,18128.972,18135.911,18128.972,18134.4055
2024-06-20 06:20:00+00:00,18136.339,18148.389000000003,18132.4055,18143.472
2024-06-20 06:25:00+00:00,18143.911,18146.9165,18134.4,18135.3445
2024-06-20 06:30:00+00:00,18134.9,18135.472,18113.4055,18113.4055
2024-06-20 06:35:00+00:00,18112.4055,18121.411,18111.4055,18113.35
2024-06-20 06:40:00+00:00,18114.45,18122.9555,18113.383500000004,18117.389000000003
2024-06-20 06:45:00+00:00,18118.383500000004,18122.4165,18114.8335,18120.4
2024-06-20 06:50:00+00:00,18119.894500000002,18120.4055,18115.4055,18120.4055
2024-06-20 06:55:00+00:00,18119.394500000002,18121.45,18110.389000000003,18110.389000000003
2024-06-20 07:00:00+00:00,18110.662,18133.894500000002,18105.85,18131.394500000002
2024-06-20 07:05:00+00:00,18130.601000000002,18154.394500000002,18128.3335,18148.4055
2024-06-20 07:10:00+00:00,18149.394500000002,18154.95,18144.339,18145.339
2024-06-20 07:15:00+00:00,18146.3335,18172.9,18144.4055,18157.911
2024-06-20 07:20:00+00:00,18156.878,18161.4555,18140.394500000002,18153.339
2024-06-20 07:25:00+00:00,18153.8445,18178.9,18153.8445,18178.35
2024-06-20 07:30:00+00:00,18178.662,18211.9165,18177.9555,18187.3445
2024-06-20 07:35:00+00:00,18188.4,18192.394500000002,18182.328,18186.339
2024-06-20 07:40:00+00:00,18187.894500000002,18196.4,18171.3835,18173.9055
2024-06-20 07:45:00+00:00,18174.394500000002,18182.4165,18171.922,18173.3835
2024-06-20 07:50:00+00:00,18173.95,18180.5165,18157.016499999998,18160.928
2024-06-20 07:55:00+00:00,18162.0055,18167.55,18152.0,18164.489
2024-06-20 08:00:00+00:00,18164.489,18183.566499999997,18156.9445,18171.989
2024-06-20 08:05:00+00:00,18171.060999999998,18184.4945,18169.05,18180.522
2024-06-20 08:10:00+00:00,18180.9945,18184.0055,18168.478,18182.489
2024-06-20 08:15:00+00:00,18182.751,18187.522,18173.4945,18178.439000000002
2024-06-20 08:20:00+00:00,18178.983500000002,18185.560999999998,18170.478,18170.489
2024-06-20 08:25:00+00:00,18169.5,18172.072,18154.489,18156.989
2024-06-20 08:30:00+00:00,18156.5,18161.0,18142.0055,18146.933500000003
2024-06-20 08:35:00+00:00,18146.066499999997,18151.0555,18139.978,18142.9945
2024-06-20 08:40:00+00:00,18143.55,18169.016499999998,18143.060999999998,18169.016499999998
2024-06-20 08:45:00+00:00,18169.5,18177.060999999998,18155.511,18156.5055
2024-06-20 08:50:00+00:00,18156.767499999998,18167.066499999997,18149.4445,18167.066499999997
2024-06-20 08:55:00+00:00,18168.0,18170.511,18159.933500000003,18166.983500000002
2024-06-20 09:00:00+00:00,18167.5,18177.989,18163.928,18171.9945
2024-06-20 09:05:00+00:00,18173.011,18176.572,18167.0,18174.05
2024-06-20 09:10:00+00:00,18174.489,18185.928,18166.5055,18168.0
2024-06-20 09:15:00+00:00,18167.478,18169.45,18156.011,18165.011
2024-06-20 09:20:00+00:00,18165.489,18172.572,18158.928,18170.95
2024-06-20 09:25:00+00:00,18171.989,18183.0,18167.989,18182.0055
2024-06-20 09:30:00+00:00,18183.022,18184.4945,18169.0055,18179.9945
2024-06-20 09:35:00+00:00,18180.928,18180.983500000002,18165.989,18170.016499999998
2024-06-20 09:40:00+00:00,18170.989,18177.0,18166.022,18176.928
2024-06-20 09:45:00+00:00,18177.5165,18192.989,18177.5,18190.4445
2024-06-20 09:50:00+00:00,18190.0,18192.066499999997,18176.060999999998,18180.9945
2024-06-20 09:55:00+00:00,18181.989,18190.0,18181.989,18187.05
2024-06-20 10:00:00+00:00,18186.5055,18196.0,18183.439000000002,18191.022
2024-06-20 10:05:00+00:00,18191.5,18191.978,18182.9945,18188.011
2024-06-20 10:10:00+00:00,18189.060999999998,18200.060999999998,18187.933500000003,18199.0055
2024-06-20 10:15:00+00:00,18200.0,18208.516499999998,18194.9945,18195.9835
2024-06-20 10:20:00+00:00,18196.511,18200.522,18188.939000000002,18195.989
2024-06-20 10:25:00+00:00,18196.522,18202.511,18190.0,18192.0
2024-06-20 10:30:00+00:00,18192.4945,18193.0,18173.511,18183.989
2024-06-20 10:35:00+00:00,18183.5,18184.0165,18169.9835,18170.5055
2024-06-20 10:40:00+00:00,18170.95,18181.566499999997,18163.928,18177.0
2024-06-20 10:45:00+00:00,18177.522999999997,18182.0,18166.933500000003,18172.0165
2024-06-20 10:50:00+00:00,18172.572,18180.983500000002,18171.0,18171.0
2024-06-20 10:55:00+00:00,18171.4945,18171.560999999998,18157.428,18160.0555
2024-06-20 11:00:00+00:00,18159.560999999998,18169.45,18152.511,18168.011
2024-06-20 11:05:00+00:00,18167.5555,18177.0055,18158.45,18158.516499999998
2024-06-20 11:10:00+00:00,18158.69,18170.022,18156.439000000002,18166.5055
2024-06-20 11:15:00+00:00,18165.9945,18172.011,18157.933500000003,18160.95
2024-06-20 11:20:00+00:00,18160.4445,18163.0055,18147.989,18149.011
2024-06-20 11:25:00+00:00,18148.5055,18167.011,18146.989,18165.0
2024-06-20 11:30:00+00:00,18164.0555,18164.0555,18145.4945,18149.566499999997
2024-06-20 11:35:00+00:00,18149.95,18162.9945,18148.928,18160.9945
2024-06-20 11:40:00+00:00,18159.5055,18161.5,18155.9835,18161.060999999998
2024-06-20 11:45:00+00:00,18161.95,18164.978,18147.0055,18155.5055
2024-06-20 11:50:00+00:00,18154.516499999998,18156.5,18144.928,18156.5
2024-06-20 11:55:00+00:00,18155.5055,18166.011,18153.989,18154.9835
2024-06-20 12:00:00+00:00,18154.561999999998,18162.0055,18153.5055,18161.011
2024-06-20 12:05:00+00:00,18160.5055,18161.0055,18151.478,18157.5
2024-06-20 12:10:00+00:00,18156.011,18156.011,18144.022,18144.022
2024-06-20 12:15:00+00:00,18143.066499999997,18155.0055,18142.95,18154.9835
2024-06-20 12:20:00+00:00,18155.011,18155.011,18148.978,18152.989
2024-06-20 12:25:00+00:00,18153.5,18157.0055,18146.989,18152.5
2024-06-20 12:30:00+00:00,18151.0,18151.0,18135.978,18139.5
2024-06-20 12:35:00+00:00,18141.0,18146.5,18139.439000000002,18141.989
2024-06-20 12:40:00+00:00,18141.762,18141.762,18122.933500000003,18123.4945
2024-06-20 12:45:00+00:00,18123.016499999998,18137.016499999998,18118.928,18131.0
2024-06-20 12:50:00+00:00,18129.0555,18143.4945,18125.95,18142.566499999997
2024-06-20 12:55:00+00:00,18141.989,18141.989,18120.560999999998,18129.011
2024-06-20 13:00:00+00:00,18129.0,18130.428,18116.511,18127.489
2024-06-20 13:05:00+00:00,18126.928,18131.060999999998,18124.0055,18130.9445
2024-06-20 13:10:00+00:00,18130.245000000003,18130.245000000003,18119.989,18127.4945
2024-06-20 13:15:00+00:00,18126.4945,18136.489,18126.0055,18136.489
2024-06-20 13:20:00+00:00,18134.745000000003,18146.489,18132.0555,18146.489
2024-06-20 13:25:00+00:00,18146.0055,18153.0055,18145.478,18147.0
2024-06-20 13:30:00+00:00,18145.0165,18152.5555,18129.478,18150.55
2024-06-20 13:35:00+00:00,18149.9945,18172.0055,18149.489,18170.433500000003
2024-06-20 13:40:00+00:00,18169.439000000002,18185.0055,18167.928,18183.9445
2024-06-20 13:45:00+00:00,18185.0055,18197.939000000002,18184.016499999998,18197.4945
2024-06-20 13:50:00+00:00,18197.011,18203.5165,18191.745000000003,18194.433500000003
2024-06-20 13:55:00+00:00,18193.989,18202.5,18192.428,18197.55
2024-06-20 14:00:00+00:00,18197.9835,18207.060999999998,18190.072,18196.489
2024-06-20 14:05:00+00:00,18195.723,18200.060999999998,18179.0,18179.0055
2024-06-20 14:10:00+00:00,18177.978,18183.0055,18165.0,18179.560999999998
2024-06-20 14:15:00+00:00,18179.011,18197.0165,18174.5,18188.0055
2024-06-20 14:20:00+00:00,18188.0,18197.5,18182.4945,18189.4945
2024-06-20 14:25:00+00:00,18189.0,18204.4445,18188.4835,18202.0
2024-06-20 14:30:00+00:00,18201.5055,18213.0055,18199.939000000002,18202.433500000003
2024-06-20 14:35:00+00:00,18202.983500000002,18215.0555,18196.5,18214.478
2024-06-20 14:40:00+00:00,18213.433500000003,18213.9945,18193.011,18207.5
2024-06-20 14:45:00+00:00,18208.0055,18214.0,18201.978,18210.433500000003
2024-06-20 14:50:00+00:00,18210.022,18229.0,18209.072,18228.5
2024-06-20 14:55:00+00:00,18227.978,18245.5055,18227.0555,18243.5
2024-06-20 15:00:00+00:00,18243.9445,18251.511,18237.978,18238.9945
2024-06-20 15:05:00+00:00,18238.5,18241.55,18232.9945,18241.011
2024-06-20 15:10:00+00:00,18240.201,18250.066499999997,18237.939000000002,18248.9945
2024-06-20 15:15:00+00:00,18249.522999999997,18250.060999999998,18230.0555,18231.5
2024-06-20 15:20:00+00:00,18231.0165,18238.5,18229.9835,18230.989
2024-06-20 15:25:00+00:00,18231.5065,18242.0055,18229.5,18238.4945
2024-06-20 15:30:00+00:00,18237.489,18252.978,18236.933500000003,18252.439000000002
2024-06-20 15:35:00+00:00,18251.016499999998,18256.0055,18244.933500000003,18250.011
2024-06-20 15:40:00+00:00,18250.5,18262.0,18249.9945,18256.511
2024-06-20 15:45:00+00:00,18256.011,18257.433500000003,18242.511,18242.989
2024-06-20 15:50:00+00:00,18244.0,18255.5,18243.0,18248.016499999998
2024-06-20 15:55:00+00:00,18248.5,18249.0555,18243.983500000002,18244.4835
2024-06-20 16:00:00+00:00,18244.0055,18249.011,18240.933500000003,18241.5555
2024-06-20 16:05:00+00:00,18242.0,18250.066499999997,18241.928,18241.928
2024-06-20 16:10:00+00:00,18242.262,18246.5165,18235.0055,18246.5165
2024-06-20 16:15:00+00:00,18247.511,18253.511,18240.489,18241.066499999997
2024-06-20 16:20:00+00:00,18240.489,18242.0555,18219.978,18221.5
2024-06-20 16:25:00+00:00,18220.9445,18231.9945,18214.0055,18214.511
2024-06-20 16:30:00+00:00,18215.060999999998,18215.060999999998,18205.9445,18212.022
2024-06-20 16:35:00+00:00,18211.0,18219.0,18208.0,18216.5055
2024-06-20 16:40:00+00:00,18217.0055,18231.5555,18215.9945,18228.0
2024-06-20 16:45:00+00:00,18228.483500000002,18234.066499999997,18224.5,18228.0555
2024-06-20 16:50:00+00:00,18228.5,18238.483500000002,18225.566499999997,18226.9835
2024-06-20 16:55:00+00:00,18227.428,18232.9445,18223.428,18228.5055
2024-06-20 17:00:00+00:00,18228.066499999997,18228.066499999997,18214.45,18215.5055
2024-06-20 17:05:00+00:00,18215.9945,18219.5,18204.978,18207.5
2024-06-20 17:10:00+00:00,18207.0055,18222.072,18205.95,18216.933500000003
2024-06-20 17:15:00+00:00,18218.016499999998,18224.0,18214.5,18214.572
2024-06-20 17:20:00+00:00,18215.016499999998,18217.511,18208.9835,18214.011
2024-06-20 17:25:00+00:00,18214.5,18215.0055,18207.95,18215.0055
2024-06-20 17:30:00+00:00,18214.55,18220.489,18205.428,18209.4945
2024-06-20 17:35:00+00:00,18208.989,18212.05,18202.9835,18207.0055
2024-06-20 17:40:00+00:00,18206.4945,18226.0,18206.4945,18224.5055
2024-06-20 17:45:00+00:00,18224.989,18227.0555,18213.428,18215.072
2024-06-20 17:50:00+00:00,18215.5055,18229.0555,18213.4945,18224.5555
2024-06-20 17:55:00+00:00,18224.011,18234.428,18223.428,18228.05
2024-06-20 18:00:00+00:00,18228.2565,18244.4945,18227.9945,18244.4945
2024-06-20 18:05:00+00:00,18244.9945,18251.5,18243.489,18250.95
2024-06-20 18:10:00+00:00,18250.5,18251.022,18241.4945,18248.489
2024-06-20 18:15:00+00:00,18247.9945,18251.572,18245.0055,18245.0055
2024-06-20 18:20:00+00:00,18245.4945,18250.439000000002,18240.9945,18250.060999999998
2024-06-20 18:25:00+00:00,18250.483500000002,18255.566499999997,18243.989,18252.0
2024-06-20 18:30:00+00:00,18252.251,18258.5,18249.478,18251.5055
2024-06-20 18:35:00+00:00,18250.9945,18253.011,18237.9945,18243.011
2024-06-20 18:40:00+00:00,18243.4945,18248.0055,18239.989,18245.4945
2024-06-20 18:45:00+00:00,18245.011,18249.060999999998,18240.0,18247.983500000002
2024-06-20 18:50:00+00:00,18248.5,18250.9945,18243.928,18247.0055
2024-06-20 18:55:00+00:00,18247.322999999997,18249.983500000002,18238.9945,18241.066499999997
2024-06-20 19:00:00+00:00,18242.017499999998,18243.478,18225.55,18231.511
2024-06-20 19:05:00+00:00,18231.751,18237.0,18226.572,18234.4835
2024-06-20 19:10:00+00:00,18235.478,18238.5055,18229.511,18237.5055
2024-06-20 19:15:00+00:00,18236.9445,18237.4835,18229.0,18230.489
2024-06-20 19:20:00+00:00,18231.0555,18233.0165,18224.489,18231.0
2024-06-20 19:25:00+00:00,18230.9445,18248.022,18230.5055,18247.0
2024-06-20 19:30:00+00:00,18245.0,18253.05,18238.45,18252.511
2024-06-20 19:35:00+00:00,18252.0055,18253.989,18237.55,18241.0
2024-06-20 19:40:00+00:00,18240.560999999998,18254.011,18239.95,18250.933500000003
2024-06-20 19:45:00+00:00,18250.566499999997,18254.011,18246.522,18249.0055
2024-06-20 19:50:00+00:00,18251.0555,18256.989,18247.989,18254.5
2024-06-20 19:55:00+00:00,18254.0165,18254.0165,18239.05,18248.5
2024-06-20 20:00:00+00:00,18248.066499999997,18248.8,18227.2,18236.4055
2024-06-20 20:05:00+00:00,18237.1945,18245.566499999997,18237.1945,18243.866499999996
2024-06-20 20:10:00+00:00,18244.766499999998,18244.766499999998,18232.25,18232.25
2024-06-20 22:05:00+00:00,18249.4835,18250.3,18246.928,18249.572
2024-06-20 22:10:00+00:00,18249.972,18251.266499999998,18249.45,18251.144500000002
2024-06-20 22:15:00+00:00,18250.278,18252.860999999997,18249.489,18251.266499999998
2024-06-20 22:20:00+00:00,18251.610999999997,18252.816499999997,18248.7055,18249.572
2024-06-20 22:25:00+00:00,18248.766499999998,18251.2,18248.628,18250.3165
2024-06-20 22:30:00+00:00,18249.8335,18251.2165,18247.733500000002,18248.7055
2024-06-20 22:35:00+00:00,18247.8165,18249.1555,18246.9945,18247.0
2024-06-20 22:40:00+00:00,18247.389000000003,18247.8055,18247.0,18247.0055
2024-06-20 22:45:00+00:00,18246.178,18247.011,18246.178,18246.2055
2024-06-20 22:50:00+00:00,18246.983500000002,18247.8055,18245.289,18247.8055
2024-06-20 22:55:00+00:00,18247.066499999997,18248.7055,18246.9945,18248.6945
2024-06-20 23:00:00+00:00,18249.5,18251.178,18248.639000000003,18251.178
2024-06-20 23:05:00+00:00,18250.3055,18251.139000000003,18247.75,18247.75
2024-06-20 23:10:00+00:00,18248.678,18253.6835,18247.7945,18252.7945
2024-06-20 23:15:00+00:00,18253.716500000002,18256.1665,18252.7445,18255.289
2024-06-20 23:20:00+00:00,18256.05,18256.9945,18256.05,18256.1
2024-06-20 23:25:00+00:00,18255.2445,18257.0165,18254.428,18254.428
2024-06-20 23:30:00+00:00,18255.239,18255.360999999997,18252.0055,18253.772
2024-06-20 23:35:00+00:00,18252.810999999998,18253.772,18251.978,18253.6945
2024-06-20 23:40:00+00:00,18252.810999999998,18254.489,18247.728,18249.116499999996
2024-06-20 23:45:00+00:00,18249.522,18251.2,18246.933500000003,18247.7945
2024-06-20 23:50:00+00:00,18248.360999999997,18252.7945,18248.360999999997,18251.25
2024-06-20 23:55:00+00:00,18251.55,18255.3,18251.266499999998,18253.7055
2024-06-21 00:00:00+00:00,18252.8055,18256.672,18248.7,18250.289
2024-06-21 00:05:00+00:00,18249.9055,18252.810999999998,18249.9055,18251.222
2024-06-21 00:10:00+00:00,18251.6555,18252.016499999998,18247.0555,18247.0555
2024-06-21 00:15:00+00:00,18251.989,18251.989,18236.022,18237.9835
2024-06-21 00:20:00+00:00,18238.022,18244.5055,18237.5,18239.572
2024-06-21 00:25:00+00:00,18239.9945,18240.0055,18235.428,18237.4945
2024-06-21 00:30:00+00:00,18239.066499999997,18243.572,18238.4835,18239.5
2024-06-21 00:35:00+00:00,18239.9835,18240.9945,18234.9835,18235.439000000002
2024-06-21 00:40:00+00:00,18235.0,18235.0,18224.5,18225.016499999998
2024-06-21 00:45:00+00:00,18225.4445,18228.483500000002,18224.072,18224.072
2024-06-21 00:50:00+00:00,18223.516499999998,18223.933500000003,18218.433500000003,18221.483500000002
2024-06-21 00:55:00+00:00,18221.066499999997,18221.066499999997,18219.05,18219.5165
2024-06-21 01:00:00+00:00,18220.0165,18227.0,18220.0165,18224.0
2024-06-21 01:05:00+00:00,18224.4835,18224.4945,18219.489,18223.928
2024-06-21 01:10:00+00:00,18224.5555,18225.5165,18223.5,18223.560999999998
2024-06-21 01:15:00+00:00,18222.4945,18227.0,18221.0055,18225.0
2024-06-21 01:20:00+00:00,18224.0055,18231.5055,18224.0055,18229.011
2024-06-21 01:25:00+00:00,18228.489,18229.05,18227.933500000003,18229.05
2024-06-21 01:30:00+00:00,18229.483500000002,18231.0,18225.0055,18225.0055
2024-06-21 01:35:00+00:00,18225.439000000002,18228.066499999997,18224.4945,18228.0
2024-06-21 01:40:00+00:00,18228.511,18228.560999999998,18227.45,18228.4945
2024-06-21 01:45:00+00:00,18228.060999999998,18228.060999999998,18223.4835,18223.4835
2024-06-21 01:50:00+00:00,18223.9945,18225.489,18222.0,18225.489
2024-06-21 01:55:00+00:00,18225.0055,18225.0055,18225.0055,18225.0055
2024-06-21 02:00:00+00:00,18226.0,18228.0,18224.0,18227.0055
2024-06-21 02:05:00+00:00,18227.2565,18228.560999999998,18225.483500000002,18227.483500000002
2024-06-21 02:10:00+00:00,18228.022,18228.022,18226.522,18227.5055
2024-06-21 02:15:00+00:00,18227.011,18227.5055,18226.45,18227.5055
2024-06-21 02:20:00+00:00,18227.011,18227.011,18223.4945,18223.5
2024-06-21 02:25:00+00:00,18223.9945,18224.072,18221.928,18224.072
2024-06-21 02:30:00+00:00,18223.5055,18228.9945,18223.022,18228.9945
2024-06-21 02:35:00+00:00,18228.011,18228.011,18227.5055,18227.939000000002
2024-06-21 02:40:00+00:00,18227.489,18229.066499999997,18227.0055,18229.066499999997
2024-06-21 02:45:00+00:00,18227.9945,18231.0,18227.4445,18231.0
2024-06-21 02:50:00+00:00,18230.428,18231.0555,18229.939000000002,18230.489
2024-06-21 02:55:00+00:00,18230.983500000002,18231.016499999998,18230.072,18230.522
2024-06-21 03:00:00+00:00,18230.95,18233.0,18230.5,18232.511
2024-06-21 03:10:00+00:00,18232.0055,18235.5555,18231.0,18235.5555
2024-06-21 03:15:00+00:00,18236.0,18239.428,18235.5165,18239.428
2024-06-21 03:20:00+00:00,18240.0,18240.4945,18235.4945,18236.011
2024-06-21 03:25:00+00:00,18236.4445,18243.478,18236.4445,18240.989
2024-06-21 03:30:00+00:00,18239.011,18239.483500000002,18238.0055,18239.0165
2024-06-21 03:35:00+00:00,18238.511,18240.522,18235.0055,18238.9945
2024-06-21 03:40:00+00:00,18238.5555,18238.5555,18238.5555,18238.5555
2024-06-21 03:45:00+00:00,18238.072,18238.072,18234.0,18234.0
2024-06-21 03:50:00+00:00,18235.433500000003,18235.4945,18234.428,18235.011
2024-06-21 03:55:00+00:00,18234.983500000002,18234.983500000002,18234.983500000002,18234.983500000002
2024-06-21 04:00:00+00:00,18235.489,18237.060999999998,18235.0,18237.060999999998
2024-06-21 04:05:00+00:00,18236.483500000002,18236.5055,18231.511,18231.511
2024-06-21 04:10:00+00:00,18231.0165,18231.5055,18229.95,18230.511
2024-06-21 04:15:00+00:00,18231.0,18233.55,18229.428,18233.55
2024-06-21 04:20:00+00:00,18234.0055,18234.5165,18233.0055,18233.0055
2024-06-21 04:25:00+00:00,18232.489,18234.0,18232.439000000002,18234.0
2024-06-21 04:30:00+00:00,18233.4945,18233.5,18231.9945,18232.0
2024-06-21 04:35:00+00:00,18232.566499999997,18234.011,18231.9945,18233.983500000002
2024-06-21 04:40:00+00:00,18238.560999999998,18240.5,18230.933500000003,18233.516499999998
2024-06-21 04:45:00+00:00,18233.751,18237.928,18233.0055,18237.511
2024-06-21 04:50:00+00:00,18237.0055,18237.5,18236.45,18236.45
2024-06-21 04:55:00+00:00,18237.5555,18242.011,18235.95,18241.5
2024-06-21 05:00:00+00:00,18241.9945,18243.0555,18239.95,18241.5
2024-06-21 05:05:00+00:00,18242.0055,18246.5,18241.022,18246.5
2024-06-21 05:10:00+00:00,18246.0,18247.011,18244.011,18244.072
2024-06-21 05:15:00+00:00,18244.5055,18247.5555,18243.9945,18246.0
2024-06-21 05:20:00+00:00,18245.5,18249.0055,18244.5055,18248.566499999997
2024-06-21 05:25:00+00:00,18249.0055,18251.0,18245.9945,18249.5
2024-06-21 05:30:00+00:00,18249.978,18254.0055,18249.0,18254.0055
2024-06-21 05:35:00+00:00,18253.5,18253.5,18249.5055,18249.5055
2024-06-21 05:40:00+00:00,18248.5,18249.55,18245.433500000003,18245.433500000003
2024-06-21 05:45:00+00:00,18245.928,18246.5055,18243.483500000002,18244.011
2024-06-21 05:50:00+00:00,18244.511,18249.0,18243.0,18249.0
2024-06-21 05:55:00+00:00,18249.933500000003,18256.022,18249.933500000003,18255.4945
2024-06-21 06:00:00+00:00,18255.701,18256.022,18239.0,18240.5
2024-06-21 06:05:00+00:00,18239.9445,18247.0055,18239.9445,18244.5165
2024-06-21 06:10:00+00:00,18243.989,18251.5,18242.566499999997,18250.011
2024-06-21 06:15:00+00:00,18250.4445,18255.9945,18247.9945,18253.0055
2024-06-21 06:20:00+00:00,18252.4835,18255.016499999998,18247.9835,18252.0
2024-06-21 06:25:00+00:00,18251.478,18255.05,18247.983500000002,18249.0055
2024-06-21 06:30:00+00:00,18248.5055,18251.989,18247.489,18250.9445
2024-06-21 06:35:00+00:00,18250.5,18250.5,18245.439000000002,18248.011
2024-06-21 06:40:00+00:00,18249.0,18249.0,18238.989,18239.0
2024-06-21 06:45:00+00:00,18238.483500000002,18241.4945,18232.978,18233.978
2024-06-21 06:50:00+00:00,18233.55,18233.55,18227.439000000002,18229.433500000003
2024-06-21 06:55:00+00:00,18228.95,18234.989,18228.95,18230.066499999997
2024-06-21 07:00:00+00:00,18228.939000000002,18234.05,18207.978,18222.011
2024-06-21 07:05:00+00:00,18221.5,18237.0055,18216.989,18223.9835
2024-06-21 07:10:00+00:00,18226.0,18234.516499999998,18222.060999999998,18231.939000000002
2024-06-21 07:15:00+00:00,18231.989,18242.5055,18226.0,18229.933500000003
2024-06-21 07:20:00+00:00,18231.0,18232.566499999997,18215.0055,18217.0
2024-06-21 07:25:00+00:00,18217.5555,18231.9445,18211.5555,18219.483500000002
2024-06-21 07:30:00+00:00,18219.439000000002,18221.4445,18190.983500000002,18201.9945
2024-06-21 07:35:00+00:00,18200.9945,18207.989,18192.45,18203.489
2024-06-21 07:40:00+00:00,18205.478,18221.572,18204.9445,18220.5
2024-06-21 07:45:00+00:00,18219.764000000003,18225.0055,18210.016499999998,18210.016499999998
2024-06-21 07:50:00+00:00,18209.9945,18212.5555,18188.560999999998,18190.5055
2024-06-21 07:55:00+00:00,18191.489,18221.489,18191.489,18221.483500000002
2024-06-21 08:00:00+00:00,18220.712,18234.4945,18208.483500000002,18234.4945
2024-06-21 08:05:00+00:00,18235.4945,18237.560999999998,18219.4945,18220.5
2024-06-21 08:10:00+00:00,18224.989,18234.45,18217.5,18221.433500000003
2024-06-21 08:15:00+00:00,18220.511,18222.511,18204.9835,18211.0055
2024-06-21 08:20:00+00:00,18210.5055,18211.5,18197.5055,18204.428
2024-06-21 08:25:00+00:00,18205.0,18211.0055,18203.5055,18207.0555
2024-06-21 08:30:00+00:00,18206.478,18207.5,18179.4945,18193.9945
2024-06-21 08:35:00+00:00,18193.55,18194.5055,18181.433500000003,18183.4945
2024-06-21 08:40:00+00:00,18182.489,18198.522,18173.428,18197.5055
2024-06-21 08:45:00+00:00,18195.928,18197.572,18185.433500000003,18193.511
2024-06-21 08:50:00+00:00,18192.978,18197.55,18169.0055,18174.4945
2024-06-21 08:55:00+00:00,18175.989999999998,18178.511,18159.522,18164.5555
2024-06-21 09:00:00+00:00,18163.4945,18177.483500000002,18162.060999999998,18172.5055
2024-06-21 09:05:00+00:00,18173.489,18174.5165,18163.4945,18172.511
2024-06-21 09:10:00+00:00,18172.0055,18178.5,18135.0055,18139.511
2024-06-21 09:15:00+00:00,18139.817499999997,18155.5,18132.928,18143.4945
2024-06-21 09:20:00+00:00,18142.0555,18161.439000000002,18137.433500000003,18159.5
2024-06-21 09:25:00+00:00,18158.933500000003,18167.511,18155.4945,18166.489
2024-06-21 09:30:00+00:00,18164.572,18170.45,18156.5,18169.489
2024-06-21 09:35:00+00:00,18168.933500000003,18184.0,18168.478,18182.939000000002
2024-06-21 09:40:00+00:00,18182.5,18187.489,18160.511,18163.489
2024-06-21 09:45:00+00:00,18162.5,18170.45,18152.4835,18170.45
2024-06-21 09:50:00+00:00,18169.516499999998,18174.989,18152.5165,18166.560999999998
2024-06-21 09:55:00+00:00,18166.011,18166.5555,18148.4945,18157.489
2024-06-21 10:00:00+00:00,18157.0,18162.560999999998,18143.5,18145.939000000002
2024-06-21 10:05:00+00:00,18146.5,18157.5165,18143.5,18149.5055
2024-06-21 10:10:00+00:00,18149.9445,18152.5,18143.560999999998,18152.0
2024-06-21 10:15:00+00:00,18151.4835,18162.072,18140.4445,18141.9945
2024-06-21 10:20:00+00:00,18142.428,18150.5,18135.4945,18146.0055
2024-06-21 10:25:00+00:00,18144.511,18146.516499999998,18126.4945,18128.4945
2024-06-21 10:30:00+00:00,18128.0,18128.516499999998,18116.0555,18127.5165
2024-06-21 10:35:00+00:00,18128.4835,18142.5055,18125.712,18142.5055
2024-06-21 10:40:00+00:00,18141.522,18150.5055,18140.439000000002,18148.4445
2024-06-21 10:45:00+00:00,18147.712,18154.5055,18144.9835,18146.5
2024-06-21 10:50:00+00:00,18148.0165,18157.55,18147.5,18154.566499999997
2024-06-21 10:55:00+00:00,18155.428,18163.4445,18151.9835,18160.5055
2024-06-21 11:00:00+00:00,18161.560999999998,18185.0055,18156.5,18184.511
2024-06-21 11:05:00+00:00,18185.0,18188.5055,18178.983500000002,18181.566499999997
2024-06-21 11:10:00+00:00,18182.022,18183.522,18162.489,18163.5
2024-06-21 11:15:00+00:00,18163.0,18172.4945,18163.0,18163.5
2024-06-21 11:20:00+00:00,18162.0,18170.5055,18158.45,18160.511
2024-06-21 11:25:00+00:00,18160.939000000002,18181.522,18160.4835,18179.5
2024-06-21 11:30:00+00:00,18178.4945,18179.060999999998,18164.011,18164.489
2024-06-21 11:35:00+00:00,18163.5055,18166.989,18159.5,18163.4835
2024-06-21 11:40:00+00:00,18162.701,18167.478,18157.489,18160.4835
2024-06-21 11:45:00+00:00,18161.45,18167.5555,18154.983500000002,18156.439000000002
2024-06-21 11:50:00+00:00,18155.5055,18156.5055,18145.45,18145.5055
2024-06-21 11:55:00+00:00,18146.516499999998,18150.5055,18145.478,18146.511
2024-06-21 12:00:00+00:00,18146.0,18161.55,18143.5,18152.9835
2024-06-21 12:05:00+00:00,18152.478,18160.4445,18150.0055,18156.5055
2024-06-21 12:10:00+00:00,18155.9445,18157.522,18147.933500000003,18150.0
2024-06-21 12:15:00+00:00,18149.483500000002,18158.5,18146.016499999998,18146.016499999998
2024-06-21 12:20:00+00:00,18145.560999999998,18145.560999999998,18128.5555,18128.5555
2024-06-21 12:25:00+00:00,18130.451,18136.9945,18129.5165,18136.489
2024-06-21 12:30:00+00:00,18137.522,18143.55,18132.433500000003,18141.4835
2024-06-21 12:35:00+00:00,18140.55,18147.072,18138.5055,18142.5555
2024-06-21 12:40:00+00:00,18142.0,18142.0,18132.516499999998,18138.4835
2024-06-21 12:45:00+00:00,18139.511,18161.060999999998,18138.5,18160.5
2024-06-21 12:50:00+00:00,18159.433500000003,18169.439000000002,18159.433500000003,18167.439000000002
2024-06-21 12:55:00+00:00,18168.066499999997,18171.5,18159.933500000003,18164.4945
2024-06-21 13:00:00+00:00,18165.0055,18169.5555,18157.5,18159.572
2024-06-21 13:05:00+00:00,18159.011,18160.5,18149.072,18151.478
2024-06-21 13:10:00+00:00,18152.0,18160.511,18150.5,18160.511
2024-06-21 13:15:00+00:00,18159.928,18167.428,18158.489,18165.5
2024-06-21 13:20:00+00:00,18165.011,18167.5,18156.5,18157.45
2024-06-21 13:25:00+00:00,18158.55,18160.5,18147.0165,18151.560999999998
2024-06-21 13:30:00+00:00,18150.066499999997,18153.433500000003,18138.066499999997,18142.566499999997
2024-06-21 13:35:00+00:00,18141.489,18142.572,18123.0,18123.5
2024-06-21 13:40:00+00:00,18122.989,18123.0,18087.5055,18104.011
2024-06-21 13:45:00+00:00,18103.566499999997,18111.489,18090.5,18110.4445
2024-06-21 13:50:00+00:00,18110.5,18117.5055,18103.5055,18105.560999999998
2024-06-21 13:55:00+00:00,18106.0555,18131.5555,18106.0555,18130.9835
2024-06-21 14:00:00+00:00,18131.229,18153.489,18129.5055,18135.511
2024-06-21 14:05:00+00:00,18134.712,18151.5555,18134.072,18151.5555
2024-06-21 14:10:00+00:00,18150.9945,18164.5,18148.989,18164.5
2024-06-21 14:15:00+00:00,18165.022999999997,18174.0,18154.5,18164.428
2024-06-21 14:20:00+00:00,18163.511,18176.0,18163.489,18174.5055
2024-06-21 14:25:00+00:00,18173.928999999996,18184.560999999998,18167.4945,18178.55
2024-06-21 14:30:00+00:00,18178.9945,18179.066499999997,18169.066499999997,18172.4945
2024-06-21 14:35:00+00:00,18172.995499999997,18190.5055,18172.995499999997,18176.516499999998
2024-06-21 14:40:00+00:00,18176.9445,18194.0055,18176.0,18191.428
2024-06-21 14:45:00+00:00,18191.751,18204.9945,18191.511,18198.516499999998
2024-06-21 14:50:00+00:00,18197.928,18206.5,18197.428,18206.5
2024-06-21 14:55:00+00:00,18207.4945,18223.55,18204.9835,18208.5555
2024-06-21 15:00:00+00:00,18207.5,18218.522,18205.5,18205.5555
2024-06-21 15:05:00+00:00,18204.712,18209.483500000002,18186.5055,18188.5
2024-06-21 15:10:00+00:00,18188.745499999997,18197.5,18184.433500000003,18184.511
2024-06-21 15:15:00+00:00,18185.072999999997,18195.483500000002,18180.0,18194.9945
2024-06-21 15:20:00+00:00,18195.4835,18195.511,18189.489,18189.5555
2024-06-21 15:25:00+00:00,18189.9945,18193.4835,18179.05,18182.522
2024-06-21 15:30:00+00:00,18181.745000000003,18181.745000000003,18144.9945,18149.989
2024-06-21 15:35:00+00:00,18148.0055,18173.4945,18148.0055,18159.0
2024-06-21 15:40:00+00:00,18159.5055,18169.0,18156.566499999997,18161.95
2024-06-21 15:45:00+00:00,18161.566499999997,18175.522,18159.933500000003,18175.522
2024-06-21 15:50:00+00:00,18175.9945,18187.5,18172.516499999998,18187.5
2024-06-21 15:55:00+00:00,18186.511,18188.511,18180.4945,18188.511
2024-06-21 16:00:00+00:00,18189.251,18194.060999999998,18187.0,18193.5555
2024-06-21 16:05:00+00:00,18192.9835,18193.5,18184.9945,18188.489
2024-06-21 16:10:00+00:00,18189.5,18191.060999999998,18185.0,18185.0
2024-06-21 16:15:00+00:00,18184.516499999998,18191.4945,18184.511,18190.5
2024-06-21 16:20:00+00:00,18189.978,18192.55,18184.5,18184.5
2024-06-21 16:25:00+00:00,18184.011,18188.489,18182.489,18184.55
2024-06-21 16:30:00+00:00,18185.0055,18186.060999999998,18177.489,18182.0
2024-06-21 16:35:00+00:00,18181.5555,18182.0555,18177.5055,18178.511
2024-06-21 16:40:00+00:00,18179.0,18184.0,18177.5,18177.5
2024-06-21 16:45:00+00:00,18178.489,18179.05,18170.928,18171.5055
2024-06-21 16:50:00+00:00,18171.0055,18206.511,18166.439000000002,18206.511
2024-06-21 16:55:00+00:00,18204.45,18205.5,18187.5,18193.5055
2024-06-21 17:00:00+00:00,18192.4445,18194.011,18186.0,18190.5055
2024-06-21 17:05:00+00:00,18190.978,18190.978,18182.566499999997,18185.5055
2024-06-21 17:10:00+00:00,18184.9835,18188.011,18183.4945,18185.5055
2024-06-21 17:15:00+00:00,18186.0055,18188.983500000002,18183.011,18183.5
2024-06-21 17:20:00+00:00,18182.9945,18187.516499999998,18178.4945,18178.4945
2024-06-21 17:25:00+00:00,18177.478,18184.560999999998,18177.478,18181.0
2024-06-21 17:30:00+00:00,18180.511,18182.05,18176.989,18178.5
2024-06-21 17:35:00+00:00,18178.751,18181.9945,18173.4945,18181.560999999998
2024-06-21 17:40:00+00:00,18180.983500000002,18182.572,18178.022,18181.433500000003
2024-06-21 17:45:00+00:00,18180.516499999998,18186.566499999997,18180.511,18186.566499999997
2024-06-21 17:50:00+00:00,18187.060999999998,18194.0,18186.0055,18193.572
2024-06-21 17:55:00+00:00,18194.072,18194.072,18183.4945,18183.4945
2024-06-21 18:00:00+00:00,18181.511,18184.5,18180.4835,18182.489
2024-06-21 18:05:00+00:00,18183.060999999998,18186.5055,18180.0055,18185.566499999997
2024-06-21 18:10:00+00:00,18185.0055,18191.0,18184.928,18188.522
2024-06-21 18:15:00+00:00,18189.566499999997,18196.5055,18189.566499999997,18193.05
2024-06-21 18:20:00+00:00,18192.5055,18199.066499999997,18189.572,18194.0
2024-06-21 18:25:00+00:00,18195.011,18199.9945,18192.433500000003,18197.4835
2024-06-21 18:30:00+00:00,18197.011,18197.5165,18190.928,18193.511
2024-06-21 18:35:00+00:00,18192.989,18194.560999999998,18186.4445,18189.483500000002
2024-06-21 18:40:00+00:00,18189.7565,18192.0055,18186.928,18191.489
2024-06-21 18:45:00+00:00,18191.989,18195.566499999997,18191.489,18192.483500000002
2024-06-21 18:50:00+00:00,18191.983500000002,18193.511,18187.5055,18191.5
2024-06-21 18:55:00+00:00,18190.511,18194.45,18189.989,18192.05
2024-06-21 19:00:00+00:00,18191.566499999997,18196.928,18189.489,18196.5
2024-06-21 19:05:00+00:00,18197.011,18200.928,18190.9945,18191.4945
2024-06-21 19:10:00+00:00,18191.0055,18192.5555,18187.4445,18189.0
2024-06-21 19:15:00+00:00,18188.522,18194.989,18188.522,18190.5165
2024-06-21 19:20:00+00:00,18189.95,18192.4945,18187.4945,18191.5555
2024-06-21 19:25:00+00:00,18190.478,18190.522,18186.483500000002,18187.5
2024-06-21 19:30:00+00:00,18186.983500000002,18191.511,18184.933500000003,18190.478
2024-06-21 19:35:00+00:00,18189.989,18194.5055,18186.5,18186.5
2024-06-21 19:40:00+00:00,18185.428,18187.0055,18178.4835,18182.022
2024-06-21 19:45:00+00:00,18181.516499999998,18182.5165,18174.0,18177.4835
2024-06-21 19:50:00+00:00,18177.978,18188.5555,18177.4945,18183.066499999997
2024-06-21 19:55:00+00:00,18181.9835,18189.5,18177.478,18185.522
2024-06-21 20:00:00+00:00,18185.0555,18185.0555,18185.0555,18185.0555
2024-06-24 00:00:00+00:00,18198.2945,18199.366499999996,18194.95,18199.366499999996
2024-06-24 00:05:00+00:00,18198.4055,18198.4055,18195.828,18198.394500000002
2024-06-24 00:10:00+00:00,18197.9945,18200.172,18197.6,18198.378
2024-06-24 00:15:00+00:00,18197.95,18207.5055,18197.489,18201.4945
2024-06-24 00:20:00+00:00,18201.428,18202.428,18194.0,18200.4445
2024-06-24 00:25:00+00:00,18200.0,18204.0055,18199.560999999998,18202.989
2024-06-24 00:30:00+00:00,18202.478,18207.0165,18202.478,18207.0165
2024-06-24 00:35:00+00:00,18203.9945,18207.511,18203.9945,18207.011
2024-06-24 00:40:00+00:00,18205.5,18207.0,18205.5,18207.0
2024-06-24 00:45:00+00:00,18207.516499999998,18208.011,18206.983500000002,18207.05
2024-06-24 00:50:00+00:00,18203.439000000002,18203.4445,18199.433500000003,18202.5055
2024-06-24 00:55:00+00:00,18202.989,18202.989,18197.4945,18197.4945
2024-06-24 01:00:00+00:00,18197.939000000002,18199.566499999997,18193.9945,18193.9945
2024-06-24 01:05:00+00:00,18194.5555,18194.5555,18183.4945,18185.9945
2024-06-24 01:10:00+00:00,18186.5,18186.5,18147.983500000002,18149.983500000002
2024-06-24 01:15:00+00:00,18150.939000000002,18151.478,18125.478,18128.5
2024-06-24 01:20:00+00:00,18128.933500000003,18143.489,18124.428,18140.933500000003
2024-06-24 01:25:00+00:00,18141.5,18157.011,18141.5,18154.516499999998
2024-06-24 01:30:00+00:00,18155.5055,18158.5,18142.516499999998,18148.5165
2024-06-24 01:35:00+00:00,18145.0165,18155.022,18142.011,18150.016499999998
2024-06-24 01:40:00+00:00,18151.0,18155.060999999998,18151.0,18155.060999999998
2024-06-24 01:45:00+00:00,18155.501,18162.5,18155.428,18162.5
2024-06-24 01:50:00+00:00,18162.072,18162.072,18153.933500000003,18153.933500000003
2024-06-24 01:55:00+00:00,18154.989,18163.511,18154.989,18163.05
2024-06-24 02:00:00+00:00,18162.4835,18163.566499999997,18160.522,18162.933500000003
2024-06-24 02:05:00+00:00,18163.572,18165.5055,18163.5555,18163.9945
2024-06-24 02:10:00+00:00,18162.0165,18162.0165,18157.433500000003,18158.0
2024-06-24 02:15:00+00:00,18157.433500000003,18163.0,18157.433500000003,18159.489
2024-06-24 02:20:00+00:00,18158.989,18159.516499999998,18153.989,18159.011
2024-06-24 02:25:00+00:00,18159.322999999997,18163.489,18158.9445,18159.522
2024-06-24 02:30:00+00:00,18160.0,18163.4945,18160.0,18162.4445
2024-06-24 02:35:00+00:00,18161.0,18161.433500000003,18152.4835,18159.989
2024-06-24 02:40:00+00:00,18159.5055,18161.0,18159.428,18159.428
2024-06-24 02:45:00+00:00,18160.0165,18160.0165,18151.9945,18153.072
2024-06-24 02:50:00+00:00,18153.5055,18157.9945,18152.933500000003,18157.9945
2024-06-24 02:55:00+00:00,18157.060999999998,18157.4945,18153.978,18153.978
2024-06-24 03:00:00+00:00,18156.5165,18156.5165,18148.9445,18154.9945
2024-06-24 03:05:00+00:00,18154.5,18154.5,18151.9835,18152.989
2024-06-24 03:10:00+00:00,18153.45,18157.05,18153.45,18157.05
2024-06-24 03:15:00+00:00,18156.511,18157.928,18156.0,18157.566499999997
2024-06-24 03:20:00+00:00,18156.933500000003,18157.05,18155.933500000003,18156.5555
2024-06-24 03:25:00+00:00,18156.9835,18164.9445,18156.9835,18163.016499999998
2024-06-24 03:30:00+00:00,18163.4945,18167.0165,18160.5055,18161.9445
2024-06-24 03:35:00+00:00,18161.55,18162.572,18159.9945,18160.4945
2024-06-24 03:40:00+00:00,18160.0055,18161.5055,18159.522,18159.522
2024-06-24 03:45:00+00:00,18158.939000000002,18158.939000000002,18158.939000000002,18158.939000000002
2024-06-24 03:50:00+00:00,18157.0055,18157.0055,18154.5,18154.5
2024-06-24 03:55:00+00:00,18153.9945,18154.5,18150.928,18150.928
2024-06-24 04:00:00+00:00,18151.5555,18153.989,18150.011,18150.011
2024-06-24 04:05:00+00:00,18150.983500000002,18152.5555,18150.9835,18151.022
2024-06-24 04:10:00+00:00,18151.5165,18158.522,18149.489,18158.522
2024-06-24 04:15:00+00:00,18156.989,18160.4945,18156.989,18158.0165
2024-06-24 04:20:00+00:00,18156.572,18158.4945,18156.072,18157.0165
2024-06-24 04:25:00+00:00,18155.4945,18158.478,18154.4945,18157.928
2024-06-24 04:30:00+00:00,18158.572,18163.5055,18158.572,18163.0
2024-06-24 04:35:00+00:00,18162.4945,18163.5,18160.511,18163.5
2024-06-24 04:40:00+00:00,18165.489,18170.022,18165.0,18166.5055
2024-06-24 04:45:00+00:00,18166.9945,18170.489,18165.4945,18169.5
2024-06-24 04:50:00+00:00,18169.0055,18170.060999999998,18165.428,18165.428
2024-06-24 04:55:00+00:00,18162.45,18162.45,18153.489,18162.05
2024-06-24 05:00:00+00:00,18162.2455,18174.489,18162.2455,18171.5
2024-06-24 05:05:00+00:00,18172.011,18174.9445,18170.428,18173.933500000003
2024-06-24 05:10:00+00:00,18174.4945,18176.4945,18165.011,18166.939000000002
2024-06-24 05:15:00+00:00,18167.5,18168.5,18163.933500000003,18166.566499999997
2024-06-24 05:20:00+00:00,18164.5,18165.011,18162.511,18163.9945
2024-06-24 05:25:00+00:00,18164.4945,18170.9945,18164.4945,18170.5055
2024-06-24 05:30:00+00:00,18169.5055,18178.511,18167.989,18176.489
2024-06-24 05:35:00+00:00,18177.489,18179.0,18172.5,18177.5
2024-06-24 05:40:00+00:00,18177.9945,18182.0555,18177.933500000003,18179.4945
2024-06-24 05:45:00+00:00,18179.978,18184.5,18178.522,18184.5
2024-06-24 05:50:00+00:00,18184.751,18203.5,18184.751,18198.0
2024-06-24 05:55:00+00:00,18197.5055,18205.072,18195.989,18198.4945
2024-06-24 06:00:00+00:00,18201.5,18220.022,18191.9835,18214.983500000002
2024-06-24 06:05:00+00:00,18216.0,18221.4945,18209.5,18221.4945
2024-06-24 06:10:00+00:00,18220.9445,18227.511,18212.428,18223.478
2024-06-24 06:15:00+00:00,18223.8065,18225.0055,18217.4945,18219.566499999997
2024-06-24 06:20:00+00:00,18220.011,18224.0,18212.5055,18218.4945
2024-06-24 06:25:00+00:00,18219.060999999998,18220.5,18210.9835,18219.0
2024-06-24 06:30:00+00:00,18219.522,18224.933500000003,18206.9945,18207.989
2024-06-24 06:35:00+00:00,18207.511,18209.0055,18205.5,18208.060999999998
2024-06-24 06:40:00+00:00,18209.0,18214.9945,18205.989,18206.95
2024-06-24 06:45:00+00:00,18205.989,18206.9945,18195.9945,18195.9945
2024-06-24 06:50:00+00:00,18198.0555,18200.428,18191.933500000003,18196.983500000002
2024-06-24 06:55:00+00:00,18197.933500000003,18214.989,18197.933500000003,18205.9835
2024-06-24 07:00:00+00:00,18207.939000000002,18232.5,18203.928,18227.0
2024-06-24 07:05:00+00:00,18226.011,18227.011,18206.989,18216.9835
2024-06-24 07:10:00+00:00,18217.4835,18218.566499999997,18201.9945,18213.0
2024-06-24 07:15:00+00:00,18214.0055,18214.0055,18195.5,18209.511
2024-06-24 07:20:00+00:00,18208.05,18218.05,18199.511,18200.072
2024-06-24 07:25:00+00:00,18200.560999999998,18204.516499999998,18185.9945,18188.0555
2024-06-24 07:30:00+00:00,18188.5055,18203.072,18176.0,18203.072
2024-06-24 07:35:00+00:00,18204.072,18214.989,18199.9445,18212.011
2024-06-24 07:40:00+00:00,18212.5,18231.0555,18210.983500000002,18225.011
2024-06-24 07:45:00+00:00,18224.245000000003,18248.060999999998,18212.933500000003,18247.05
2024-06-24 07:50:00+00:00,18246.016499999998,18259.0055,18244.9445,18252.05
2024-06-24 07:55:00+00:00,18252.4945,18264.989,18250.5,18256.4945
2024-06-24 08:00:00+00:00,18256.0,18285.5055,18256.0,18269.511
2024-06-24 08:05:00+00:00,18269.9945,18302.522,18269.4835,18291.9945
2024-06-24 08:10:00+00:00,18293.0,18297.0,18278.483500000002,18278.483500000002
2024-06-24 08:15:00+00:00,18278.9445,18290.0,18268.0,18269.072
2024-06-24 08:20:00+00:00,18272.011,18285.0055,18270.989,18283.4835
2024-06-24 08:25:00+00:00,18283.016499999998,18285.5055,18266.9835,18274.9945
2024-06-24 08:30:00+00:00,18275.483500000002,18275.483500000002,18256.9445,18257.0
2024-06-24 08:35:00+00:00,18258.0165,18260.072,18249.978,18259.9835
2024-06-24 08:40:00+00:00,18259.489,18272.0055,18254.428,18270.011
2024-06-24 08:45:00+00:00,18269.011,18285.060999999998,18263.489,18272.9945
2024-06-24 08:50:00+00:00,18272.45,18282.928,18260.939000000002,18263.939000000002
2024-06-24 08:55:00+00:00,18265.4955,18274.989,18265.4955,18268.0
2024-06-24 09:00:00+00:00,18267.0055,18282.0055,18265.4945,18277.0055
2024-06-24 09:05:00+00:00,18278.572,18292.0555,18276.4945,18291.5
2024-06-24 09:10:00+00:00,18291.433500000003,18296.989,18286.4945,18287.989
2024-06-24 09:15:00+00:00,18288.478,18288.478,18266.522,18276.989
2024-06-24 09:20:00+00:00,18277.567499999997,18279.0055,18270.0055,18270.0055
2024-06-24 09:25:00+00:00,18269.516499999998,18277.011,18269.4945,18277.0
2024-06-24 09:30:00+00:00,18276.489,18276.489,18246.95,18252.939000000002
2024-06-24 09:35:00+00:00,18253.5055,18255.0,18241.939000000002,18244.0
2024-06-24 09:40:00+00:00,18244.439000000002,18246.0,18237.95,18244.989
2024-06-24 09:45:00+00:00,18244.0055,18244.072,18234.989,18238.011
2024-06-24 09:50:00+00:00,18237.560999999998,18245.0555,18233.9445,18235.0
2024-06-24 09:55:00+00:00,18233.9945,18248.05,18231.928,18246.511
2024-06-24 10:00:00+00:00,18246.0,18258.9945,18244.0165,18257.0
2024-06-24 10:05:00+00:00,18257.5,18260.95,18251.5,18258.011
2024-06-24 10:10:00+00:00,18259.05,18266.072,18257.5,18257.989
2024-06-24 10:15:00+00:00,18258.5055,18265.55,18256.928,18257.0555
2024-06-24 10:20:00+00:00,18256.45,18258.0055,18240.0165,18250.016499999998
2024-06-24 10:25:00+00:00,18249.060999999998,18256.011,18239.9945,18254.4445
2024-06-24 10:30:00+00:00,18254.072,18260.0555,18246.0165,18246.0165
2024-06-24 10:35:00+00:00,18245.4445,18283.5,18244.011,18257.0165
2024-06-24 10:40:00+00:00,18255.9945,18269.022,18252.9945,18265.0
2024-06-24 10:45:00+00:00,18264.433500000003,18273.572,18262.939000000002,18270.572
2024-06-24 10:50:00+00:00,18271.0,18274.928,18259.483500000002,18274.5555
2024-06-24 10:55:00+00:00,18273.933500000003,18282.511,18269.9945,18279.5165
2024-06-24 11:00:00+00:00,18276.983500000002,18292.45,18276.939000000002,18291.989
2024-06-24 11:05:00+00:00,18292.45,18297.939000000002,18277.05,18279.0055
2024-06-24 11:10:00+00:00,18278.4945,18287.989,18278.4945,18284.989
2024-06-24 11:15:00+00:00,18285.511,18286.016499999998,18271.0,18274.95
2024-06-24 11:20:00+00:00,18275.4945,18286.011,18270.5,18272.978
2024-06-24 11:25:00+00:00,18272.072,18277.5,18265.011,18269.011
2024-06-24 11:30:00+00:00,18268.5,18272.489,18264.928,18269.478
2024-06-24 11:35:00+00:00,18270.928,18281.011,18270.928,18279.989
2024-06-24 11:40:00+00:00,18279.201,18290.4945,18278.989,18283.0165
2024-06-24 11:45:00+00:00,18285.0,18287.011,18281.0,18282.939000000002
2024-06-24 11:50:00+00:00,18281.9945,18290.928,18274.4445,18275.9945
2024-06-24 11:55:00+00:00,18276.560999999998,18284.95,18274.978,18275.0
2024-06-24 12:00:00+00:00,18274.5555,18278.0,18253.0165,18254.060999999998
2024-06-24 12:05:00+00:00,18254.9835,18266.011,18252.0,18261.016499999998
2024-06-24 12:10:00+00:00,18264.0,18264.0,18256.5,18259.9945
2024-06-24 12:15:00+00:00,18260.489,18265.0055,18256.0055,18262.0
2024-06-24 12:20:00+00:00,18260.989,18278.0,18260.5055,18276.0555
2024-06-24 12:25:00+00:00,18276.428,18279.0055,18270.9835,18270.9835
2024-06-24 12:30:00+00:00,18273.933500000003,18277.016499999998,18265.560999999998,18265.560999999998
2024-06-24 12:35:00+00:00,18264.712,18266.0055,18250.05,18251.011
2024-06-24 12:40:00+00:00,18251.483500000002,18265.4835,18249.011,18255.9835
2024-06-24 12:45:00+00:00,18255.066499999997,18265.0055,18254.9945,18258.072
2024-06-24 12:50:00+00:00,18256.9945,18271.0055,18252.9945,18268.933500000003
2024-06-24 12:55:00+00:00,18268.433500000003,18271.9835,18261.0,18264.011
2024-06-24 13:00:00+00:00,18265.0055,18279.066499999997,18264.933500000003,18277.0055
2024-06-24 13:05:00+00:00,18278.0555,18282.511,18271.9945,18281.978
2024-06-24 13:10:00+00:00,18281.011,18283.072,18261.0,18263.0
2024-06-24 13:15:00+00:00,18262.560999999998,18273.439000000002,18258.9945,18273.022
2024-06-24 13:20:00+00:00,18272.0,18282.0,18271.983500000002,18275.939000000002
2024-06-24 13:25:00+00:00,18273.9945,18278.011,18266.983500000002,18277.9945
2024-06-24 13:30:00+00:00,18279.011,18281.072,18268.983500000002,18269.0
2024-06-24 13:35:00+00:00,18270.0,18292.511,18269.9835,18292.511
2024-06-24 13:40:00+00:00,18292.928,18293.5,18273.9835,18275.9445
2024-06-24 13:45:00+00:00,18275.0055,18313.016499999998,18273.983500000002,18310.9945
2024-06-24 13:50:00+00:00,18310.4845,18349.0,18310.4845,18339.9945
2024-06-24 13:55:00+00:00,18340.560999999998,18347.489,18335.928,18337.9835
2024-06-24 14:00:00+00:00,18338.495499999997,18348.478,18337.4835,18341.0555
2024-06-24 14:05:00+00:00,18340.55,18351.0055,18325.0,18350.0055
2024-06-24 14:10:00+00:00,18350.5,18352.566499999997,18332.0,18344.9945
2024-06-24 14:15:00+00:00,18345.517499999998,18350.4445,18327.489,18336.022
2024-06-24 14:20:00+00:00,18340.060999999998,18354.0555,18337.9445,18352.989
2024-06-24 14:25:00+00:00,18353.572,18356.5165,18326.522,18328.939000000002
2024-06-24 14:30:00+00:00,18328.234,18342.0,18326.060999999998,18329.489
2024-06-24 14:35:00+00:00,18329.05,18345.989,18327.0,18345.0
2024-06-24 14:40:00+00:00,18344.234,18347.0165,18337.011,18338.989
2024-06-24 14:45:00+00:00,18338.517499999998,18343.022,18323.066499999997,18324.0
2024-06-24 14:50:00+00:00,18323.011,18327.9835,18315.0,18326.478
2024-06-24 14:55:00+00:00,18326.011,18342.5165,18326.011,18339.0165
2024-06-24 15:00:00+00:00,18340.0,18345.011,18334.489,18338.939000000002
2024-06-24 15:05:00+00:00,18338.060999999998,18341.0,18330.989,18334.011
2024-06-24 15:10:00+00:00,18333.011,18340.55,18331.939000000002,18338.0
2024-06-24 15:15:00+00:00,18339.5055,18344.489,18334.95,18342.522
2024-06-24 15:20:00+00:00,18343.011,18343.016499999998,18336.0,18338.0
2024-06-24 15:25:00+00:00,18337.4945,18346.05,18335.0555,18342.011
2024-06-24 15:30:00+00:00,18342.5165,18346.4945,18335.9835,18337.9835
2024-06-24 15:35:00+00:00,18337.5,18338.011,18326.9445,18335.0
2024-06-24 15:40:00+00:00,18335.511,18336.0165,18327.0,18327.0
2024-06-24 15:45:00+00:00,18327.5055,18330.0055,18322.0,18324.55
2024-06-24 15:50:00+00:00,18324.939000000002,18329.011,18323.9835,18325.9835
2024-06-24 15:55:00+00:00,18326.9945,18326.9945,18321.989,18324.45
2024-06-24 16:00:00+00:00,18324.011,18324.011,18317.4945,18319.5
2024-06-24 16:05:00+00:00,18317.4835,18319.478,18314.5055,18318.0055
2024-06-24 16:10:00+00:00,18317.5055,18318.5055,18313.433500000003,18315.0055
2024-06-24 16:15:00+00:00,18316.0165,18322.0555,18314.928,18320.978
2024-06-24 16:20:00+00:00,18320.4835,18324.0055,18317.939000000002,18321.9445
2024-06-24 16:25:00+00:00,18323.060999999998,18323.060999999998,18316.4835,18318.989
2024-06-24 16:30:00+00:00,18318.483500000002,18322.0,18317.9835,18318.928
2024-06-24 16:35:00+00:00,18319.572,18321.5,18317.489,18319.522
2024-06-24 16:40:00+00:00,18320.0555,18321.072,18315.939000000002,18319.0
2024-06-24 16:45:00+00:00,18317.978,18319.066499999997,18313.566499999997,18314.928
2024-06-24 16:50:00+00:00,18314.5055,18316.066499999997,18311.9945,18311.9945
2024-06-24 16:55:00+00:00,18312.5,18313.066499999997,18301.95,18305.9445
2024-06-24 17:00:00+00:00,18304.0,18306.9945,18300.9945,18302.95
2024-06-24 17:05:00+00:00,18302.5,18303.989,18242.9945,18247.011
2024-06-24 17:10:00+00:00,18246.45,18257.0,18237.5055,18247.0
2024-06-24 17:15:00+00:00,18246.0,18251.0165,18232.933500000003,18240.9835
2024-06-24 17:20:00+00:00,18242.0165,18242.022,18223.933500000003,18225.9945
2024-06-24 17:25:00+00:00,18225.5055,18242.4835,18224.55,18236.022
2024-06-24 17:30:00+00:00,18235.489,18237.5555,18217.989,18218.9945
2024-06-24 17:35:00+00:00,18219.428,18255.989,18218.9835,18255.478
2024-06-24 17:40:00+00:00,18254.45,18255.489,18238.939000000002,18239.9945
2024-06-24 17:45:00+00:00,18239.4945,18244.011,18230.933500000003,18232.5
2024-06-24 17:50:00+00:00,18232.989,18234.05,18223.011,18230.978
2024-06-24 17:55:00+00:00,18231.5,18245.0,18227.0555,18229.9835
2024-06-24 18:00:00+00:00,18229.572,18229.572,18220.478,18223.9945
2024-06-24 18:05:00+00:00,18222.9945,18228.928,18217.060999999998,18221.066499999997
2024-06-24 18:10:00+00:00,18220.428,18220.428,18212.060999999998,18215.0
2024-06-24 18:15:00+00:00,18214.5,18224.0,18214.5,18220.011
2024-06-24 18:20:00+00:00,18219.572,18230.489,18218.933500000003,18227.9445
2024-06-24 18:25:00+00:00,18227.489,18228.072,18217.5,18222.989
2024-06-24 18:30:00+00:00,18222.5055,18224.5,18220.0,18220.060999999998
2024-06-24 18:35:00+00:00,18220.978,18227.022,18220.978,18224.5
2024-06-24 18:40:00+00:00,18224.0,18228.5165,18222.0055,18228.5165
2024-06-24 18:45:00+00:00,18229.0555,18238.0,18226.989,18235.45
2024-06-24 18:50:00+00:00,18235.9945,18240.5165,18235.011,18238.0
2024-06-24 18:55:00+00:00,18238.5,18244.0,18235.483500000002,18243.011
2024-06-24 19:00:00+00:00,18241.9445,18246.0,18235.5,18235.5
2024-06-24 19:05:00+00:00,18236.0,18244.0,18236.0,18241.9835
2024-06-24 19:10:00+00:00,18241.0,18242.066499999997,18232.433500000003,18232.939000000002
2024-06-24 19:15:00+00:00,18232.5,18233.022,18224.016499999998,18226.0055
2024-06-24 19:20:00+00:00,18225.522,18229.560999999998,18222.428,18224.9945
2024-06-24 19:25:00+00:00,18224.489,18231.478,18224.428,18227.0
2024-06-24 19:30:00+00:00,18227.5055,18234.060999999998,18225.522,18231.5
2024-06-24 19:35:00+00:00,18231.9945,18235.0555,18229.9945,18232.0055
2024-06-24 19:40:00+00:00,18232.5055,18234.4445,18225.060999999998,18229.939000000002
2024-06-24 19:45:00+00:00,18230.5,18231.0055,18215.5055,18220.439000000002
2024-06-24 19:50:00+00:00,18221.0055,18226.05,18216.511,18216.511
2024-06-24 19:55:00+00:00,18215.4945,18218.9945,18202.55,18210.4945
2024-06-24 20:00:00+00:00,18210.060999999998,18211.761,18193.25,18207.5055
2024-06-24 20:05:00+00:00,18206.689000000002,18216.6945,18205.8055,18213.3055
2024-06-24 20:10:00+00:00,18214.133500000004,18214.133500000004,18207.4835,18212.566499999997
2024-06-24 22:05:00+00:00,18219.678,18220.5,18217.128,18220.0445
2024-06-24 22:10:00+00:00,18219.6835,18220.4835,18215.478,18218.85
2024-06-24 22:15:00+00:00,18219.6835,18222.2055,18217.989,18220.428
2024-06-24 22:20:00+00:00,18221.2945,18223.0,18220.4945,18221.3
2024-06-24 22:25:00+00:00,18220.9,18222.1945,18220.9,18222.1835
2024-06-24 22:30:00+00:00,18222.6,18224.7555,18221.2945,18224.7555
2024-06-24 22:35:00+00:00,18223.816499999997,18224.2945,18221.239,18223.0055
2024-06-24 22:40:00+00:00,18222.2,18223.733500000002,18221.322,18221.322
2024-06-24 22:45:00+00:00,18220.489,18222.989,18220.489,18222.5445
2024-06-24 22:50:00+00:00,18222.1945,18223.860999999997,18222.1835,18223.8055
2024-06-24 22:55:00+00:00,18223.0055,18223.4,18221.310999999998,18221.310999999998
2024-06-24 23:00:00+00:00,18220.516499999998,18220.516499999998,18219.628,18220.5
2024-06-24 23:05:00+00:00,18221.316499999997,18224.7,18221.316499999997,18224.689000000002
2024-06-24 23:10:00+00:00,18225.560999999998,18225.560999999998,18222.989,18223.7945
2024-06-24 23:15:00+00:00,18224.6945,18225.566499999997,18223.733500000002,18223.733500000002
2024-06-24 23:20:00+00:00,18224.3,18226.3,18223.8055,18226.3
2024-06-24 23:25:00+00:00,18227.216500000002,18228.066499999997,18225.5055,18225.5055
2024-06-24 23:30:00+00:00,18226.2835,18228.022,18226.233500000002,18227.222
2024-06-24 23:35:00+00:00,18226.3,18226.322,18224.289,18225.428
2024-06-24 23:40:00+00:00,18225.9,18226.310999999998,18223.016499999998,18223.816499999997
2024-06-24 23:45:00+00:00,18222.95,18227.261,18222.95,18226.366499999996
2024-06-24 23:50:00+00:00,18225.911,18228.810999999998,18225.489,18228.810999999998
2024-06-24 23:55:00+00:00,18228.328,18228.872,18227.178,18228.3835
2024-06-25 00:00:00+00:00,18228.0,18228.855499999998,18224.7,18224.7
2024-06-25 00:05:00+00:00,18225.572,18227.216500000002,18223.8055,18224.7
2024-06-25 00:10:00+00:00,18225.5165,18226.866499999996,18224.628,18224.628
2024-06-25 00:15:00+00:00,18223.433500000003,18232.560999999998,18195.5,18195.9945
2024-06-25 00:20:00+00:00,18195.9945,18201.0,18189.511,18191.439000000002
2024-06-25 00:25:00+00:00,18190.989,18196.5055,18190.989,18196.0055
2024-06-25 00:30:00+00:00,18196.516499999998,18196.989,18188.439000000002,18194.433500000003
2024-06-25 00:35:00+00:00,18195.0055,18195.0055,18194.022,18194.022
2024-06-25 00:40:00+00:00,18194.55,18194.55,18192.0,18192.5
2024-06-25 00:45:00+00:00,18193.0,18194.5055,18188.4945,18190.5055
2024-06-25 00:50:00+00:00,18190.95,18192.95,18189.939000000002,18191.928
2024-06-25 00:55:00+00:00,18192.511,18192.511,18182.5,18183.9945
2024-06-25 01:00:00+00:00,18184.516499999998,18184.933500000003,18181.0,18181.489
2024-06-25 01:05:00+00:00,18180.95,18186.566499999997,18178.5055,18184.072
2024-06-25 01:10:00+00:00,18184.5055,18192.4945,18184.5055,18188.016499999998
2024-06-25 01:15:00+00:00,18191.011,18191.011,18180.983500000002,18184.45
2024-06-25 01:20:00+00:00,18186.522,18193.489,18185.511,18192.0555
2024-06-25 01:25:00+00:00,18192.983500000002,18196.45,18192.983500000002,18194.511
2024-06-25 01:30:00+00:00,18198.4945,18202.5,18198.4945,18202.5
2024-06-25 01:35:00+00:00,18201.928,18203.072,18197.4945,18202.0165
2024-06-25 01:40:00+00:00,18202.5,18204.45,18201.9945,18204.45
2024-06-25 01:45:00+00:00,18203.9945,18212.066499999997,18203.9945,18211.45
2024-06-25 01:50:00+00:00,18209.489,18211.0,18206.05,18207.0055
2024-06-25 01:55:00+00:00,18207.178999999996,18209.560999999998,18207.178999999996,18208.0
2024-06-25 02:00:00+00:00,18208.511,18208.511,18205.5,18205.989
2024-06-25 02:05:00+00:00,18203.572,18208.0,18203.5,18206.95
2024-06-25 02:10:00+00:00,18207.4945,18213.0,18205.45,18212.511
2024-06-25 02:15:00+00:00,18211.989,18213.989,18210.5,18213.989
2024-06-25 02:20:00+00:00,18213.45,18213.489,18211.4835,18211.5
2024-06-25 02:25:00+00:00,18210.5,18212.0,18209.0055,18209.5055
2024-06-25 02:30:00+00:00,18209.989,18211.0,18207.9945,18207.9945
2024-06-25 02:35:00+00:00,18209.0055,18212.5,18208.0,18212.4945
2024-06-25 02:45:00+00:00,18211.0055,18211.0055,18211.0055,18211.0055
2024-06-25 02:50:00+00:00,18209.0,18209.933500000003,18209.0,18209.0055
2024-06-25 02:55:00+00:00,18208.5055,18209.433500000003,18207.9945,18207.9945
2024-06-25 03:00:00+00:00,18209.011,18209.489,18208.0,18208.5
2024-06-25 03:05:00+00:00,18207.989,18210.989,18207.989,18210.989
2024-06-25 03:10:00+00:00,18211.4835,18216.4835,18211.4835,18215.4835
2024-06-25 03:15:00+00:00,18214.989,18214.989,18212.511,18212.511
2024-06-25 03:20:00+00:00,18213.072,18220.5,18212.9945,18220.05
2024-06-25 03:25:00+00:00,18219.511,18220.05,18218.516499999998,18218.9445
2024-06-25 03:30:00+00:00,18218.5,18218.5,18216.478,18217.011
2024-06-25 03:35:00+00:00,18216.5055,18216.5055,18211.5,18211.5
2024-06-25 03:40:00+00:00,18211.9445,18216.511,18211.489,18216.511
2024-06-25 03:45:00+00:00,18215.928,18223.9945,18215.928,18223.9945
2024-06-25 03:50:00+00:00,18227.0165,18229.933500000003,18226.5,18228.572
2024-06-25 03:55:00+00:00,18226.933500000003,18234.0,18226.933500000003,18231.011
2024-06-25 04:00:00+00:00,18230.433500000003,18230.433500000003,18223.9945,18227.560999999998
2024-06-25 04:05:00+00:00,18228.0,18229.9945,18226.939000000002,18229.4835
2024-06-25 04:10:00+00:00,18229.022,18229.566499999997,18228.4945,18228.4945
2024-06-25 04:15:00+00:00,18228.939000000002,18228.939000000002,18218.5055,18218.928
2024-06-25 04:20:00+00:00,18219.489,18220.5055,18219.489,18220.5055
2024-06-25 04:25:00+00:00,18222.55,18224.016499999998,18222.55,18223.0055
2024-06-25 04:30:00+00:00,18223.489,18224.439000000002,18218.95,18224.439000000002
2024-06-25 04:35:00+00:00,18224.072,18237.0,18224.072,18230.511
2024-06-25 04:40:00+00:00,18229.511,18239.511,18227.9945,18235.0055
2024-06-25 04:45:00+00:00,18232.0,18233.022,18225.5,18225.5
2024-06-25 04:50:00+00:00,18225.983500000002,18229.511,18225.983500000002,18229.511
2024-06-25 04:55:00+00:00,18229.9835,18240.566499999997,18228.928,18240.5055
2024-06-25 05:00:00+00:00,18239.983500000002,18240.572,18235.978,18238.55
2024-06-25 05:05:00+00:00,18238.0055,18240.489,18234.9945,18239.983500000002
2024-06-25 05:10:00+00:00,18239.560999999998,18239.560999999998,18233.928,18233.989
2024-06-25 05:15:00+00:00,18232.978,18235.0,18232.060999999998,18234.0
2024-06-25 05:20:00+00:00,18234.5,18237.5555,18229.478,18236.011
2024-06-25 05:25:00+00:00,18236.5,18236.5,18229.4445,18231.978
2024-06-25 05:30:00+00:00,18230.9945,18235.566499999997,18230.011,18234.4445
2024-06-25 05:35:00+00:00,18234.989,18240.072,18232.928,18239.0555
2024-06-25 05:40:00+00:00,18238.9445,18253.0055,18238.5,18252.511
2024-06-25 05:45:00+00:00,18253.060999999998,18254.5,18233.939000000002,18236.0055
2024-06-25 05:50:00+00:00,18239.0,18252.511,18237.9945,18250.072
2024-06-25 05:55:00+00:00,18249.55,18249.928,18232.9945,18236.478
2024-06-25 06:00:00+00:00,18236.951,18237.5,18203.9835,18217.011
2024-06-25 06:05:00+00:00,18217.572,18220.516499999998,18207.4445,18207.978
2024-06-25 06:10:00+00:00,18207.439000000002,18209.95,18191.566499999997,18191.566499999997
2024-06-25 06:15:00+00:00,18192.483500000002,18196.0055,18186.4445,18191.560999999998
2024-06-25 06:20:00+00:00,18189.989,18189.989,18171.9445,18182.439000000002
2024-06-25 06:25:00+00:00,18182.060999999998,18184.5,18174.5165,18181.5
2024-06-25 06:30:00+00:00,18182.511,18191.511,18179.478,18190.066499999997
2024-06-25 06:35:00+00:00,18190.95,18191.522,18182.989,18186.511
2024-06-25 06:40:00+00:00,18187.483500000002,18196.5,18181.4835,18193.511
2024-06-25 06:45:00+00:00,18193.0055,18196.011,18183.5,18186.439000000002
2024-06-25 06:50:00+00:00,18186.9945,18189.511,18180.5,18182.511
2024-06-25 06:55:00+00:00,18183.05,18185.0055,18170.5,18170.5
2024-06-25 07:00:00+00:00,18170.439000000002,18183.483500000002,18142.4945,18155.55
2024-06-25 07:05:00+00:00,18156.0565,18159.516499999998,18139.4445,18156.4445
2024-06-25 07:10:00+00:00,18155.5,18159.5,18125.516499999998,18128.5
2024-06-25 07:15:00+00:00,18128.011,18138.5055,18120.0055,18121.516499999998
2024-06-25 07:20:00+00:00,18120.4945,18146.5,18112.511,18130.5
2024-06-25 07:25:00+00:00,18129.4945,18129.511,18102.560999999998,18113.522
2024-06-25 07:30:00+00:00,18112.9945,18130.5555,18108.4835,18130.5555
2024-06-25 07:35:00+00:00,18130.0055,18138.5,18110.9945,18115.9945
2024-06-25 07:40:00+00:00,18115.022,18125.522,18092.95,18092.95
2024-06-25 07:45:00+00:00,18093.4345,18103.560999999998,18080.939000000002,18084.072
2024-06-25 07:50:00+00:00,18084.022,18101.560999999998,18077.022,18094.5055
2024-06-25 07:55:00+00:00,18093.989,18098.0,18084.5,18090.0
2024-06-25 08:00:00+00:00,18089.101000000002,18095.0555,18075.0555,18093.9945
2024-06-25 08:05:00+00:00,18092.9835,18106.55,18085.4835,18092.989
2024-06-25 08:10:00+00:00,18092.511,18101.939000000002,18092.05,18098.9445
2024-06-25 08:15:00+00:00,18098.016499999998,18108.5165,18092.4945,18104.016499999998
2024-06-25 08:20:00+00:00,18105.011,18118.011,18100.939000000002,18110.0
2024-06-25 08:25:00+00:00,18111.0165,18119.0055,18105.0,18106.0
2024-06-25 08:30:00+00:00,18105.5,18123.560999999998,18100.9835,18123.0
2024-06-25 08:35:00+00:00,18122.0555,18123.5,18109.05,18114.5055
2024-06-25 08:40:00+00:00,18116.060999999998,18121.0,18086.4445,18086.5
2024-06-25 08:45:00+00:00,18085.9945,18094.511,18083.4945,18091.05
2024-06-25 08:50:00+00:00,18089.989,18104.4945,18083.5,18103.4445
2024-06-25 08:55:00+00:00,18103.016499999998,18125.5055,18102.45,18122.489
2024-06-25 09:00:00+00:00,18123.011,18130.5,18103.989,18110.5055
2024-06-25 09:05:00+00:00,18109.5055,18112.516499999998,18095.4945,18105.522
2024-06-25 09:10:00+00:00,18104.5,18105.572,18094.5,18104.522
2024-06-25 09:15:00+00:00,18103.978,18114.5055,18102.45,18109.55
2024-06-25 09:20:00+00:00,18110.4835,18128.5,18109.489,18124.572
2024-06-25 09:25:00+00:00,18123.9945,18134.5055,18123.9945,18131.5
2024-06-25 09:30:00+00:00,18131.9945,18144.5055,18131.95,18142.0555
2024-06-25 09:35:00+00:00,18142.239999999998,18149.478,18140.933500000003,18145.433500000003
2024-06-25 09:40:00+00:00,18145.05,18147.0,18135.0,18139.0
2024-06-25 09:45:00+00:00,18139.983500000002,18154.0,18138.989,18145.05
2024-06-25 09:50:00+00:00,18145.989,18153.060999999998,18143.0,18143.939000000002
2024-06-25 09:55:00+00:00,18142.989,18146.5,18134.983500000002,18137.9945
2024-06-25 10:00:00+00:00,18139.0055,18146.0555,18128.9945,18128.9945
2024-06-25 10:05:00+00:00,18127.439000000002,18133.060999999998,18115.5055,18117.016499999998
2024-06-25 10:10:00+00:00,18117.0,18133.060999999998,18117.0,18129.516499999998
2024-06-25 10:15:00+00:00,18130.0055,18140.0,18128.9445,18133.522
2024-06-25 10:20:00+00:00,18132.511,18136.9945,18128.016499999998,18131.478
2024-06-25 10:25:00+00:00,18131.0555,18137.483500000002,18126.95,18130.572
2024-06-25 10:30:00+00:00,18130.989,18131.4835,18122.9945,18127.4945
2024-06-25 10:35:00+00:00,18126.5555,18131.5,18124.428,18129.0
2024-06-25 10:40:00+00:00,18128.5,18132.5,18124.0055,18129.4945
2024-06-25 10:45:00+00:00,18127.566499999997,18129.011,18119.5055,18125.5
2024-06-25 10:50:00+00:00,18124.011,18131.4945,18123.511,18124.478
2024-06-25 10:55:00+00:00,18124.9445,18139.5055,18124.572,18136.5
2024-06-25 11:00:00+00:00,18137.5055,18155.072,18137.5055,18153.478
2024-06-25 11:05:00+00:00,18154.5055,18154.5055,18143.489,18144.5165
2024-06-25 11:10:00+00:00,18144.511,18151.516499999998,18140.011,18150.4945
2024-06-25 11:15:00+00:00,18151.5,18164.489,18141.0,18161.428
2024-06-25 11:20:00+00:00,18162.0,18168.0055,18143.4945,18143.5165
2024-06-25 11:25:00+00:00,18144.5,18156.5555,18138.5055,18156.5555
2024-06-25 11:30:00+00:00,18155.489,18155.489,18144.489,18151.560999999998
2024-06-25 11:35:00+00:00,18152.4835,18154.566499999997,18145.489,18145.489
2024-06-25 11:40:00+00:00,18146.428,18146.428,18129.478,18131.511
2024-06-25 11:45:00+00:00,18130.4945,18133.5055,18123.0165,18129.511
2024-06-25 11:50:00+00:00,18130.0,18136.511,18126.4835,18133.566499999997
2024-06-25 11:55:00+00:00,18135.5,18138.983500000002,18132.433500000003,18134.5
2024-06-25 12:00:00+00:00,18134.0055,18138.5165,18130.933500000003,18135.4835
2024-06-25 12:05:00+00:00,18135.989,18143.522,18130.4445,18132.5
2024-06-25 12:10:00+00:00,18133.5,18134.5055,18119.489,18128.483500000002
2024-06-25 12:15:00+00:00,18127.5165,18134.5055,18125.4945,18133.516499999998
2024-06-25 12:20:00+00:00,18134.511,18144.5,18132.4945,18144.5
2024-06-25 12:25:00+00:00,18144.9945,18148.511,18142.433500000003,18144.5555
2024-06-25 12:30:00+00:00,18143.5,18148.989,18132.9945,18146.0
2024-06-25 12:35:00+00:00,18146.939000000002,18156.55,18146.522,18153.489
2024-06-25 12:40:00+00:00,18154.5,18158.45,18145.566499999997,18147.489
2024-06-25 12:45:00+00:00,18146.95,18152.489,18139.9945,18140.5055
2024-06-25 12:50:00+00:00,18139.712,18144.989,18132.5055,18139.489
2024-06-25 12:55:00+00:00,18139.0055,18148.522,18138.0,18146.5055
2024-06-25 13:00:00+00:00,18145.5,18147.522,18140.433500000003,18146.5555
2024-06-25 13:05:00+00:00,18145.428,18149.516499999998,18141.978,18142.489
2024-06-25 13:10:00+00:00,18143.4445,18149.4945,18134.9945,18135.489
2024-06-25 13:15:00+00:00,18136.066499999997,18136.066499999997,18125.933500000003,18127.5055
2024-06-25 13:20:00+00:00,18128.4945,18136.55,18123.95,18133.5
2024-06-25 13:25:00+00:00,18132.428,18133.066499999997,18120.516499999998,18121.516499999998
2024-06-25 13:30:00+00:00,18120.723,18124.4945,18104.489,18107.011
2024-06-25 13:35:00+00:00,18107.251,18122.4945,18100.5,18118.433500000003
2024-06-25 13:40:00+00:00,18119.4945,18128.511,18113.439000000002,18122.5055
2024-06-25 13:45:00+00:00,18121.511,18138.4445,18116.439000000002,18136.511
2024-06-25 13:50:00+00:00,18136.745499999997,18157.572,18134.45,18138.566499999997
2024-06-25 13:55:00+00:00,18139.0,18140.522,18129.4945,18131.0165
2024-06-25 14:00:00+00:00,18131.9445,18148.572,18131.45,18144.511
2024-06-25 14:05:00+00:00,18145.572,18150.5,18134.0055,18134.5
2024-06-25 14:10:00+00:00,18134.995499999997,18160.9945,18132.5055,18156.5
2024-06-25 14:15:00+00:00,18156.5,18161.5,18143.9445,18146.439000000002
2024-06-25 14:20:00+00:00,18145.712,18159.0555,18138.989,18155.022
2024-06-25 14:25:00+00:00,18154.5,18166.560999999998,18154.5,18160.516499999998
2024-06-25 14:30:00+00:00,18161.4945,18180.5,18161.4945,18172.933500000003
2024-06-25 14:35:00+00:00,18171.989,18177.566499999997,18163.5055,18168.5165
2024-06-25 14:40:00+00:00,18168.712,18178.560999999998,18168.428,18172.489
2024-06-25 14:45:00+00:00,18171.712,18175.0555,18155.0055,18157.0555
2024-06-25 14:50:00+00:00,18157.501,18163.5055,18150.439000000002,18159.5
2024-06-25 14:55:00+00:00,18159.928,18161.4835,18145.4835,18155.05
2024-06-25 15:00:00+00:00,18154.4445,18161.011,18149.0055,18154.566499999997
2024-06-25 15:05:00+00:00,18154.0565,18156.95,18149.439000000002,18152.511
2024-06-25 15:10:00+00:00,18151.5,18165.022,18150.4945,18164.5
2024-06-25 15:15:00+00:00,18165.5,18170.4945,18162.978,18164.5
2024-06-25 15:20:00+00:00,18163.489,18168.572,18154.989,18156.45
2024-06-25 15:25:00+00:00,18157.511,18160.489,18151.95,18158.0165
2024-06-25 15:30:00+00:00,18159.229,18172.95,18158.928,18172.511
2024-06-25 15:35:00+00:00,18173.4835,18174.5,18167.0,18169.5165
2024-06-25 15:40:00+00:00,18170.939000000002,18175.572,18168.4945,18174.433500000003
2024-06-25 15:45:00+00:00,18174.99,18183.05,18174.99,18178.55
2024-06-25 15:50:00+00:00,18178.072,18179.5,18173.5,18178.0165
2024-06-25 15:55:00+00:00,18178.483500000002,18179.511,18176.0165,18177.022
2024-06-25 16:00:00+00:00,18176.522,18179.072,18173.4945,18176.0055
2024-06-25 16:05:00+00:00,18175.428,18180.566499999997,18175.428,18176.5
2024-06-25 16:10:00+00:00,18175.9835,18177.4445,18171.428,18173.5
2024-06-25 16:15:00+00:00,18173.989,18174.0,18163.516499999998,18167.5055
2024-06-25 16:20:00+00:00,18166.560999999998,18166.560999999998,18156.0055,18160.5
2024-06-25 16:25:00+00:00,18160.011,18162.983500000002,18157.978,18159.5055
2024-06-25 16:30:00+00:00,18158.428,18158.428,18150.978,18152.0
2024-06-25 16:35:00+00:00,18151.0555,18161.95,18150.4835,18161.560999999998
2024-06-25 16:40:00+00:00,18162.5,18162.5555,18154.0055,18157.522
2024-06-25 16:45:00+00:00,18156.5,18167.439000000002,18151.5055,18166.433500000003
2024-06-25 16:50:00+00:00,18167.022,18167.022,18157.516499999998,18164.5555
2024-06-25 16:55:00+00:00,18163.989,18170.511,18163.4445,18170.511
2024-06-25 17:00:00+00:00,18170.022,18171.0,18163.0055,18166.072
2024-06-25 17:05:00+00:00,18166.4945,18177.011,18161.572,18175.5055
2024-06-25 17:10:00+00:00,18175.011,18180.5055,18174.4945,18179.5
2024-06-25 17:15:00+00:00,18178.4445,18179.522,18175.566499999997,18177.4945
2024-06-25 17:20:00+00:00,18177.989,18180.516499999998,18173.433500000003,18180.5
2024-06-25 17:25:00+00:00,18181.4945,18189.9945,18179.9945,18189.9945
2024-06-25 17:30:00+00:00,18190.9955,18192.0555,18185.483500000002,18187.566499999997
2024-06-25 17:35:00+00:00,18186.516499999998,18191.011,18185.4445,18188.5165
2024-06-25 17:40:00+00:00,18187.989,18194.511,18187.989,18190.011
2024-06-25 17:45:00+00:00,18191.572,18194.560999999998,18187.5165,18192.0
2024-06-25 17:50:00+00:00,18191.522,18194.939000000002,18186.55,18190.0055
2024-06-25 17:55:00+00:00,18189.4945,18192.55,18188.4945,18190.566499999997
2024-06-25 18:00:00+00:00,18190.762,18191.5,18186.489,18190.4945
2024-06-25 18:05:00+00:00,18189.9945,18192.0165,18187.489,18190.5
2024-06-25 18:10:00+00:00,18190.739999999998,18196.511,18187.95,18188.5
2024-06-25 18:15:00+00:00,18189.0,18193.022,18186.4945,18189.9835
2024-06-25 18:20:00+00:00,18188.989,18192.4945,18187.9835,18192.4945
2024-06-25 18:25:00+00:00,18193.566499999997,18201.560999999998,18193.439000000002,18201.560999999998
2024-06-25 18:30:00+00:00,18201.983500000002,18201.983500000002,18192.933500000003,18193.4945
2024-06-25 18:35:00+00:00,18193.0,18195.572,18189.560999999998,18192.4945
2024-06-25 18:40:00+00:00,18192.989,18199.428,18192.4945,18198.428
2024-06-25 18:45:00+00:00,18199.5555,18199.5555,18187.560999999998,18193.4445
2024-06-25 18:50:00+00:00,18192.522,18195.516499999998,18191.95,18193.489
2024-06-25 18:55:00+00:00,18194.0055,18198.9945,18192.011,18195.4945
2024-06-25 19:00:00+00:00,18195.9835,18198.9835,18193.4945,18198.0
2024-06-25 19:05:00+00:00,18198.5555,18203.4945,18196.511,18199.511
2024-06-25 19:10:00+00:00,18198.989,18202.511,18197.989,18198.511
2024-06-25 19:15:00+00:00,18199.522,18206.011,18199.522,18204.0055
2024-06-25 19:20:00+00:00,18204.433500000003,18208.0,18201.4945,18206.478
2024-06-25 19:25:00+00:00,18206.0555,18208.5055,18202.05,18208.45
2024-06-25 19:30:00+00:00,18207.428,18207.989,18201.511,18203.439000000002
2024-06-25 19:35:00+00:00,18202.560999999998,18208.0,18201.9835,18205.939000000002
2024-06-25 19:40:00+00:00,18205.5055,18207.522,18197.928,18199.4945
2024-06-25 19:45:00+00:00,18199.011,18204.511,18198.5055,18200.989
2024-06-25 19:50:00+00:00,18199.9945,18204.011,18196.983500000002,18202.522
2024-06-25 19:55:00+00:00,18200.989,18203.0555,18191.928,18193.9445
2024-06-25 20:00:00+00:00,18192.9945,18196.3,18182.2,18185.428
2024-06-25 20:05:00+00:00,18184.7055,18192.2555,18183.8445,18189.75
2024-06-25 20:10:00+00:00,18190.489,18192.989,18188.0,18188.961
2024-06-25 22:05:00+00:00,18195.3,18198.65,18195.3,18198.6
2024-06-25 22:10:00+00:00,18199.566499999997,18200.366499999996,18197.7445,18197.7445
2024-06-25 22:15:00+00:00,18198.6,18202.8055,18197.7835,18200.289
2024-06-25 22:20:00+00:00,18201.039,18202.072,18200.278,18201.05
2024-06-25 22:25:00+00:00,18202.022,18202.022,18200.228,18200.3
2024-06-25 22:30:00+00:00,18199.478,18199.894500000002,18193.7055,18193.7055
2024-06-25 22:35:00+00:00,18192.728,18195.644500000002,18192.0,18193.633500000004
2024-06-25 22:40:00+00:00,18193.35,18196.1945,18192.728,18196.1945
2024-06-25 22:45:00+00:00,18196.605499999998,18197.0165,18195.239,18196.128
2024-06-25 22:50:00+00:00,18195.3165,18198.5835,18195.3165,18198.183500000003
2024-06-25 22:55:00+00:00,18197.778,18199.1,18197.778,18198.6
2024-06-25 23:00:00+00:00,18199.105499999998,18199.5055,18196.2055,18197.05
2024-06-25 23:05:00+00:00,18196.211,18197.011,18194.4945,18196.272
2024-06-25 23:10:00+00:00,18196.9945,18197.0,18196.1945,18196.2
2024-06-25 23:15:00+00:00,18196.5835,18197.0055,18196.189000000002,18196.2055
2024-06-25 23:20:00+00:00,18195.3055,18195.3055,18191.978,18193.766499999998
2024-06-25 23:25:00+00:00,18194.55,18196.2055,18192.7945,18196.178
2024-06-25 23:30:00+00:00,18195.366499999996,18196.9945,18195.25,18195.310999999998
2024-06-25 23:35:00+00:00,18194.5055,18194.5165,18193.644500000002,18193.7
2024-06-25 23:40:00+00:00,18192.728,18194.4835,18192.728,18193.7
2024-06-25 23:45:00+00:00,18194.0835,18194.560999999998,18190.394500000002,18191.9835
2024-06-25 23:50:00+00:00,18192.8055,18192.8055,18190.339,18191.2055
2024-06-25 23:55:00+00:00,18190.4,18192.733500000002,18190.4,18191.1945
2024-06-26 00:00:00+00:00,18190.411,18192.011,18189.439000000002,18191.178
2024-06-26 00:05:00+00:00,18192.0,18192.0055,18188.766499999998,18190.328
2024-06-26 00:10:00+00:00,18189.522,18190.422,18184.911,18188.189000000002
2024-06-26 00:15:00+00:00,18202.433500000003,18202.433500000003,18183.4945,18198.428
2024-06-26 00:20:00+00:00,18198.433500000003,18204.5165,18196.9945,18204.5165
2024-06-26 00:25:00+00:00,18205.066499999997,18212.011,18205.066499999997,18211.5055
2024-06-26 00:30:00+00:00,18210.0055,18213.016499999998,18209.5555,18212.978
2024-06-26 00:35:00+00:00,18210.989,18213.0055,18210.072,18210.072
2024-06-26 00:40:00+00:00,18211.5,18212.0055,18205.0055,18205.560999999998
2024-06-26 00:45:00+00:00,18205.0,18210.022,18204.933500000003,18208.989
2024-06-26 00:50:00+00:00,18208.5,18216.4945,18207.5,18216.4945
2024-06-26 00:55:00+00:00,18215.5055,18223.572,18215.5055,18218.011
2024-06-26 01:00:00+00:00,18217.566499999997,18217.9945,18205.9945,18207.0
2024-06-26 01:05:00+00:00,18206.5,18216.0055,18206.5,18208.939000000002
2024-06-26 01:10:00+00:00,18208.5,18209.5055,18208.011,18208.939000000002
2024-06-26 01:15:00+00:00,18207.978,18215.0055,18207.978,18214.5
2024-06-26 01:20:00+00:00,18214.0055,18219.0,18214.0055,18219.0
2024-06-26 01:25:00+00:00,18219.511,18222.511,18219.511,18220.5
2024-06-26 01:30:00+00:00,18221.4945,18227.45,18221.0,18225.5055
2024-06-26 01:35:00+00:00,18224.9945,18225.5555,18219.489,18219.5
2024-06-26 01:40:00+00:00,18221.5055,18223.011,18220.5,18222.4945
2024-06-26 01:45:00+00:00,18221.022,18226.489,18221.022,18223.0165
2024-06-26 01:50:00+00:00,18221.011,18227.0,18220.0055,18227.0
2024-06-26 01:55:00+00:00,18227.483500000002,18232.4945,18227.483500000002,18230.560999999998
2024-06-26 02:00:00+00:00,18231.0,18235.5055,18230.439000000002,18234.5
2024-06-26 02:05:00+00:00,18234.989,18238.0,18233.483500000002,18235.0055
2024-06-26 02:10:00+00:00,18235.45,18235.478,18233.439000000002,18233.439000000002
2024-06-26 02:15:00+00:00,18232.9835,18232.9835,18228.511,18229.0055
2024-06-26 02:20:00+00:00,18229.560999999998,18230.0555,18223.4945,18224.5055
2024-06-26 02:25:00+00:00,18224.939000000002,18227.4945,18224.511,18226.0
2024-06-26 02:30:00+00:00,18225.060999999998,18225.060999999998,18221.5,18223.0055
2024-06-26 02:35:00+00:00,18222.511,18222.511,18219.45,18219.9945
2024-06-26 02:40:00+00:00,18219.489,18219.939000000002,18218.439000000002,18218.439000000002
2024-06-26 02:45:00+00:00,18218.0055,18220.011,18218.0055,18220.011
2024-06-26 02:50:00+00:00,18220.55,18222.9945,18220.55,18220.9445
2024-06-26 02:55:00+00:00,18220.511,18221.066499999997,18220.4445,18220.4445
2024-06-26 03:00:00+00:00,18220.939000000002,18222.989,18220.939000000002,18222.989
2024-06-26 03:05:00+00:00,18224.4945,18225.489,18224.4945,18225.489
2024-06-26 03:15:00+00:00,18225.0055,18225.072,18221.4945,18224.572
2024-06-26 03:20:00+00:00,18225.022,18225.522,18220.989,18220.989
2024-06-26 03:25:00+00:00,18222.011,18224.022,18222.011,18222.989
2024-06-26 03:30:00+00:00,18222.5055,18224.4945,18221.439000000002,18221.439000000002
2024-06-26 03:35:00+00:00,18222.011,18222.5055,18218.5055,18220.45
2024-06-26 03:40:00+00:00,18219.989,18220.989,18218.489,18219.5055
2024-06-26 03:45:00+00:00,18218.9945,18220.511,18218.9945,18219.5
2024-06-26 03:50:00+00:00,18218.9835,18219.560999999998,18218.428,18218.428
2024-06-26 03:55:00+00:00,18218.989,18221.011,18218.989,18220.4445
2024-06-26 04:00:00+00:00,18219.4945,18219.9445,18216.489,18219.5055
2024-06-26 04:05:00+00:00,18218.0555,18218.5,18214.9945,18215.4945
2024-06-26 04:10:00+00:00,18216.522,18216.522,18216.0,18216.0055
2024-06-26 04:15:00+00:00,18214.0055,18214.989,18211.5055,18214.5
2024-06-26 04:20:00+00:00,18215.0,18217.0055,18215.0,18216.489
2024-06-26 04:25:00+00:00,18219.5165,18225.5555,18219.5165,18224.9945
2024-06-26 04:30:00+00:00,18225.4945,18235.989,18225.428,18229.5055
2024-06-26 04:35:00+00:00,18229.989,18232.95,18229.0,18230.989
2024-06-26 04:40:00+00:00,18231.5,18232.516499999998,18230.0055,18231.9945
2024-06-26 04:45:00+00:00,18231.4945,18237.566499999997,18231.4945,18235.566499999997
2024-06-26 04:50:00+00:00,18236.4945,18237.433500000003,18231.5055,18233.0
2024-06-26 04:55:00+00:00,18232.0,18232.5,18231.05,18231.05
2024-06-26 05:00:00+00:00,18231.5,18235.989,18230.560999999998,18234.516499999998
2024-06-26 05:05:00+00:00,18235.0555,18236.516499999998,18234.5,18236.4945
2024-06-26 05:10:00+00:00,18235.5,18236.5555,18233.011,18235.0
2024-06-26 05:15:00+00:00,18234.5,18235.5055,18233.4945,18234.4945
2024-06-26 05:20:00+00:00,18235.5,18237.066499999997,18234.9835,18237.0
2024-06-26 05:25:00+00:00,18236.0,18238.011,18235.560999999998,18237.0055
2024-06-26 05:30:00+00:00,18236.5,18243.060999999998,18236.5,18242.978
2024-06-26 05:35:00+00:00,18242.5055,18254.4945,18242.5,18252.0
2024-06-26 05:40:00+00:00,18253.0,18258.511,18252.0,18252.0
2024-06-26 05:45:00+00:00,18252.301,18266.489,18251.989,18258.489
2024-06-26 05:50:00+00:00,18258.7565,18260.489,18252.5555,18252.939000000002
2024-06-26 05:55:00+00:00,18253.928,18264.489,18253.0055,18264.011
2024-06-26 06:00:00+00:00,18263.478,18276.516499999998,18261.05,18271.5555
2024-06-26 06:05:00+00:00,18271.0055,18281.978,18268.9445,18278.4945
2024-06-26 06:10:00+00:00,18277.9445,18279.989,18272.9945,18277.0555
2024-06-26 06:15:00+00:00,18275.989,18289.022,18275.989,18281.933500000003
2024-06-26 06:20:00+00:00,18282.433500000003,18288.0,18280.989,18281.4835
2024-06-26 06:25:00+00:00,18282.522,18291.4945,18282.522,18283.939000000002
2024-06-26 06:30:00+00:00,18285.060999999998,18295.5,18283.983500000002,18283.983500000002
2024-06-26 06:35:00+00:00,18283.5555,18289.0055,18277.989,18284.05
2024-06-26 06:40:00+00:00,18284.4835,18289.0055,18279.989,18283.0055
2024-06-26 06:45:00+00:00,18284.939000000002,18284.939000000002,18268.4945,18275.939000000002
2024-06-26 06:50:00+00:00,18277.560999999998,18286.5055,18276.978,18281.011
2024-06-26 06:55:00+00:00,18279.0055,18289.05,18275.983500000002,18275.983500000002
2024-06-26 07:00:00+00:00,18274.95,18302.05,18274.0165,18280.0055
2024-06-26 07:05:00+00:00,18281.0,18288.939000000002,18269.0555,18287.5055
2024-06-26 07:10:00+00:00,18288.4945,18306.011,18287.9945,18301.989
2024-06-26 07:15:00+00:00,18301.0055,18321.0055,18301.0055,18317.060999999998
2024-06-26 07:20:00+00:00,18318.0165,18333.5,18312.5,18328.4945
2024-06-26 07:25:00+00:00,18327.983500000002,18336.978,18318.928,18333.989
2024-06-26 07:30:00+00:00,18333.212,18340.5555,18324.928,18328.5055
2024-06-26 07:35:00+00:00,18329.428,18350.55,18327.939000000002,18346.0
2024-06-26 07:40:00+00:00,18346.501,18359.5055,18344.0055,18355.928
2024-06-26 07:45:00+00:00,18356.989,18366.516499999998,18353.989,18360.0
2024-06-26 07:50:00+00:00,18360.2455,18365.0,18345.522,18347.060999999998
2024-06-26 07:55:00+00:00,18348.011,18360.9945,18338.4945,18359.016499999998
2024-06-26 08:00:00+00:00,18357.978,18366.560999999998,18344.9945,18347.0
2024-06-26 08:05:00+00:00,18348.0,18356.011,18344.5,18353.011
2024-06-26 08:10:00+00:00,18353.45,18354.011,18337.939000000002,18339.0
2024-06-26 08:15:00+00:00,18340.0,18346.9945,18331.5,18334.011
2024-06-26 08:20:00+00:00,18334.4445,18335.072,18315.433500000003,18315.9945
2024-06-26 08:25:00+00:00,18315.011,18324.016499999998,18313.95,18321.016499999998
2024-06-26 08:30:00+00:00,18320.5055,18334.011,18317.072,18332.0165
2024-06-26 08:35:00+00:00,18333.0,18334.0,18320.4945,18326.989
2024-06-26 08:40:00+00:00,18327.5,18346.022,18323.05,18341.978
2024-06-26 08:45:00+00:00,18342.9945,18343.0055,18331.933500000003,18331.933500000003
2024-06-26 08:50:00+00:00,18332.5055,18336.0,18325.522,18330.428
2024-06-26 08:55:00+00:00,18330.983500000002,18330.983500000002,18309.5055,18315.0
2024-06-26 09:00:00+00:00,18312.9945,18312.9945,18305.511,18308.0
2024-06-26 09:05:00+00:00,18306.9945,18316.0,18302.928,18306.0555
2024-06-26 09:10:00+00:00,18305.066499999997,18305.9945,18293.428,18295.9835
2024-06-26 09:15:00+00:00,18295.05,18299.9445,18288.511,18297.060999999998
2024-06-26 09:20:00+00:00,18298.0555,18302.0165,18291.928,18299.072
2024-06-26 09:25:00+00:00,18300.0055,18300.0055,18282.9445,18287.989
2024-06-26 09:30:00+00:00,18287.4945,18288.511,18275.0,18285.9945
2024-06-26 09:35:00+00:00,18284.983500000002,18286.9945,18267.0055,18271.0
2024-06-26 09:40:00+00:00,18271.483500000002,18273.939000000002,18263.4445,18268.0
2024-06-26 09:45:00+00:00,18266.989,18274.0055,18262.989,18267.433500000003
2024-06-26 09:50:00+00:00,18266.978,18269.4835,18260.9945,18265.483500000002
2024-06-26 09:55:00+00:00,18265.011,18270.9945,18262.016499999998,18266.989
2024-06-26 10:00:00+00:00,18266.072,18266.072,18248.989,18251.072
2024-06-26 10:05:00+00:00,18250.072,18257.0555,18249.5055,18252.9945
2024-06-26 10:10:00+00:00,18253.2565,18262.0055,18246.989,18248.0
2024-06-26 10:15:00+00:00,18246.5555,18247.060999999998,18235.9945,18241.9945
2024-06-26 10:20:00+00:00,18241.0,18241.566499999997,18223.011,18226.9945
2024-06-26 10:25:00+00:00,18226.5165,18226.5165,18208.983500000002,18219.989
2024-06-26 10:30:00+00:00,18219.016499999998,18219.016499999998,18206.4835,18215.95
2024-06-26 10:35:00+00:00,18215.0165,18217.066499999997,18196.5,18196.989
2024-06-26 10:40:00+00:00,18196.5,18207.933500000003,18193.939000000002,18203.9945
2024-06-26 10:45:00+00:00,18203.489,18205.983500000002,18196.560999999998,18205.983500000002
2024-06-26 10:50:00+00:00,18205.0,18208.4945,18199.4835,18205.939000000002
2024-06-26 10:55:00+00:00,18206.5,18214.0,18203.989,18206.0
2024-06-26 11:00:00+00:00,18206.5555,18206.5555,18189.0055,18198.989
2024-06-26 11:05:00+00:00,18197.989,18199.4945,18173.4445,18178.011
2024-06-26 11:10:00+00:00,18179.066499999997,18197.5055,18172.4945,18193.0055
2024-06-26 11:15:00+00:00,18191.989,18198.022,18180.933500000003,18188.989
2024-06-26 11:20:00+00:00,18190.4445,18190.9445,18172.9445,18174.0
2024-06-26 11:25:00+00:00,18172.95,18174.05,18161.478,18164.0
2024-06-26 11:30:00+00:00,18164.95,18164.95,18154.0,18157.5
2024-06-26 11:35:00+00:00,18157.0,18162.560999999998,18147.011,18148.989
2024-06-26 11:40:00+00:00,18148.489,18156.511,18141.9445,18150.060999999998
2024-06-26 11:45:00+00:00,18149.433500000003,18154.5,18139.933500000003,18144.0555
2024-06-26 11:50:00+00:00,18142.9945,18144.0,18136.4835,18142.060999999998
2024-06-26 11:55:00+00:00,18140.5055,18144.511,18130.933500000003,18143.066499999997
2024-06-26 12:00:00+00:00,18141.764000000003,18143.0,18127.9945,18139.0
2024-06-26 12:05:00+00:00,18138.0,18139.05,18126.9945,18129.066499999997
2024-06-26 12:10:00+00:00,18128.433500000003,18128.433500000003,18097.9445,18102.0
2024-06-26 12:15:00+00:00,18101.489,18112.989,18097.5055,18103.0055
2024-06-26 12:20:00+00:00,18102.016499999998,18124.0055,18101.011,18118.060999999998
2024-06-26 12:25:00+00:00,18117.5,18118.9945,18102.0055,18103.511
2024-06-26 12:30:00+00:00,18103.0055,18114.0555,18095.066499999997,18107.989
2024-06-26 12:35:00+00:00,18106.0,18108.933500000003,18092.016499999998,18092.022
2024-06-26 12:40:00+00:00,18090.478,18104.5,18085.928,18099.989
2024-06-26 12:45:00+00:00,18100.45,18100.45,18080.433500000003,18084.0055
2024-06-26 12:50:00+00:00,18083.4945,18084.0055,18063.0055,18064.016499999998
2024-06-26 12:55:00+00:00,18063.489,18071.072,18056.0,18061.5165
2024-06-26 13:00:00+00:00,18060.989,18066.05,18045.0,18061.928
2024-06-26 13:05:00+00:00,18062.495499999997,18068.572,18052.4945,18052.9445
2024-06-26 13:10:00+00:00,18052.478,18074.0165,18046.989,18072.9945
2024-06-26 13:15:00+00:00,18073.989,18081.0555,18069.4945,18080.016499999998
2024-06-26 13:20:00+00:00,18079.0055,18079.5055,18063.0,18063.933500000003
2024-06-26 13:25:00+00:00,18063.5,18089.5,18062.489,18088.933500000003
2024-06-26 13:30:00+00:00,18088.5,18098.011,18073.978,18098.011
2024-06-26 13:35:00+00:00,18097.5,18103.9445,18085.0,18086.0
2024-06-26 13:40:00+00:00,18087.9835,18106.072,18086.9835,18100.0055
2024-06-26 13:45:00+00:00,18099.060999999998,18118.022,18099.060999999998,18117.0055
2024-06-26 13:50:00+00:00,18118.0055,18137.5165,18117.0055,18129.011
2024-06-26 13:55:00+00:00,18129.5,18145.0,18129.5,18139.5055
2024-06-26 14:00:00+00:00,18138.4835,18145.072,18128.439000000002,18143.011
2024-06-26 14:05:00+00:00,18144.5065,18162.066499999997,18143.0,18158.0
2024-06-26 14:10:00+00:00,18158.9945,18164.066499999997,18144.928,18144.989
2024-06-26 14:15:00+00:00,18147.0,18152.4945,18144.933500000003,18148.928
2024-06-26 14:20:00+00:00,18147.9945,18163.0055,18145.989,18159.011
2024-06-26 14:25:00+00:00,18160.0165,18166.9945,18142.0055,18142.9945
2024-06-26 14:30:00+00:00,18143.989,18152.9945,18138.0055,18144.572
2024-06-26 14:35:00+00:00,18143.0,18147.5,18136.9835,18144.011
2024-06-26 14:40:00+00:00,18144.928,18151.9835,18136.5055,18147.0055
2024-06-26 14:45:00+00:00,18146.4445,18159.5,18141.95,18153.05
2024-06-26 14:50:00+00:00,18153.928,18164.928,18150.9945,18164.0055
2024-06-26 14:55:00+00:00,18164.4445,18175.5,18160.939000000002,18168.4945
2024-06-26 15:00:00+00:00,18168.989,18179.0,18160.9835,18163.428
2024-06-26 15:05:00+00:00,18163.0,18165.939000000002,18148.0,18151.55
2024-06-26 15:10:00+00:00,18150.978,18152.0,18130.05,18146.9445
2024-06-26 15:15:00+00:00,18148.0,18154.072,18145.939000000002,18152.6165
2024-06-26 15:20:00+00:00,18153.6,18166.616499999996,18152.610999999997,18165.578
2024-06-26 15:25:00+00:00,18164.589,18171.610999999997,18162.528,18164.6
2024-06-26 15:30:00+00:00,18165.605499999998,18165.605499999998,18158.039,18158.589
2024-06-26 15:35:00+00:00,18157.55,18162.6,18146.589,18150.6
2024-06-26 15:40:00+00:00,18151.6555,18160.6,18150.610999999997,18159.589
2024-06-26 15:45:00+00:00,18160.5945,18170.5835,18160.089,18169.6
2024-06-26 15:50:00+00:00,18170.539,18180.5335,18164.6665,18180.5335
2024-06-26 15:55:00+00:00,18179.6,18180.078,18171.110999999997,18176.6165
2024-06-26 16:00:00+00:00,18176.1,18177.0835,18169.05,18173.589
2024-06-26 16:05:00+00:00,18172.6,18180.172,18172.028,18176.0945
2024-06-26 16:10:00+00:00,18176.589,18176.65,18166.1555,18171.6555
2024-06-26 16:15:00+00:00,18171.851000000002,18174.589,18168.6,18172.661
2024-06-26 16:20:00+00:00,18172.1,18175.5445,18162.1165,18164.161
2024-06-26 16:25:00+00:00,18164.605499999998,18176.5945,18164.5445,18172.6
2024-06-26 16:30:00+00:00,18171.589,18172.6,18168.089,18170.6665
2024-06-26 16:35:00+00:00,18170.1,18172.589,18160.6,18165.622
2024-06-26 16:40:00+00:00,18166.105499999998,18170.605499999998,18159.1,18160.65
2024-06-26 16:45:00+00:00,18161.6,18162.5945,18150.539,18153.0445
2024-06-26 16:50:00+00:00,18152.5945,18164.6555,18152.5945,18161.661
2024-06-26 16:55:00+00:00,18162.110999999997,18173.0335,18160.605499999998,18169.0335
2024-06-26 17:00:00+00:00,18167.912,18167.912,18160.6,18164.5835
2024-06-26 17:05:00+00:00,18165.528,18165.528,18157.0945,18161.5445
2024-06-26 17:10:00+00:00,18162.028,18171.0335,18162.028,18169.6165
2024-06-26 17:15:00+00:00,18169.1,18169.1,18153.622,18153.622
2024-06-26 17:20:00+00:00,18154.610999999997,18163.589,18149.5835,18154.672
2024-06-26 17:25:00+00:00,18154.1,18159.6,18153.589,18159.6
2024-06-26 17:30:00+00:00,18160.6,18162.672,18157.5945,18162.5945
2024-06-26 17:35:00+00:00,18161.661,18164.110999999997,18158.610999999997,18161.5945
2024-06-26 17:40:00+00:00,18162.172,18163.6665,18157.122,18161.6
2024-06-26 17:45:00+00:00,18161.110999999997,18163.078,18159.05,18160.589
2024-06-26 17:50:00+00:00,18161.161,18163.65,18157.610999999997,18163.65
2024-06-26 17:55:00+00:00,18164.1,18169.5945,18163.589,18167.6
2024-06-26 18:00:00+00:00,18167.110999999997,18167.110999999997,18161.610999999997,18164.605499999998
2024-06-26 18:05:00+00:00,18163.589,18167.6,18162.6,18166.5945
2024-06-26 18:10:00+00:00,18167.1,18168.6,18164.539,18167.672
2024-06-26 18:15:00+00:00,18168.5945,18169.672,18163.605499999998,18164.55
2024-06-26 18:20:00+00:00,18162.589,18171.6,18162.589,18171.6
2024-06-26 18:25:00+00:00,18171.172,18171.605499999998,18165.605499999998,18168.616499999996
2024-06-26 18:30:00+00:00,18169.105499999998,18171.089,18166.1,18169.55
2024-06-26 18:35:00+00:00,18169.116499999996,18169.6,18159.6,18159.6
2024-06-26 18:40:00+00:00,18159.0335,18165.5945,18155.078,18164.6
2024-06-26 18:45:00+00:00,18163.5945,18174.605499999998,18162.6,18172.105499999998
2024-06-26 18:50:00+00:00,18171.5945,18172.5835,18166.089,18166.5335
2024-06-26 18:55:00+00:00,18166.15,18166.622,18162.589,18163.5835
2024-06-26 19:00:00+00:00,18164.589,18164.6165,18152.5945,18159.672
2024-06-26 19:05:00+00:00,18159.110999999997,18164.172,18157.5945,18158.5945
2024-06-26 19:10:00+00:00,18158.0945,18159.1,18153.5945,18158.589
2024-06-26 19:15:00+00:00,18158.105499999998,18161.028,18156.1,18156.5945
2024-06-26 19:20:00+00:00,18155.5945,18161.5445,18153.089,18161.15
2024-06-26 19:25:00+00:00,18161.605499999998,18164.672,18160.605499999998,18163.5945
2024-06-26 19:30:00+00:00,18164.578,18165.15,18161.605499999998,18164.578
2024-06-26 19:35:00+00:00,18165.1165,18169.15,18163.5945,18166.0945
2024-06-26 19:40:00+00:00,18165.5445,18165.605499999998,18157.0835,18162.5945
2024-06-26 19:45:00+00:00,18161.028,18161.105499999998,18155.089,18158.1665
2024-06-26 19:50:00+00:00,18158.5945,18181.1,18158.5945,18179.6
2024-06-26 19:55:00+00:00,18180.1,18187.172,18165.0945,18165.0945
2024-06-26 20:00:00+00:00,18164.3,18164.3,18122.9055,18151.072
2024-06-26 20:05:00+00:00,18151.9055,18161.8055,18146.839,18149.4165
2024-06-26 20:10:00+00:00,18150.2055,18150.261,18137.7945,18137.822
2024-06-26 22:05:00+00:00,18148.3165,18150.011,18146.605499999998,18146.605499999998
2024-06-26 22:10:00+00:00,18147.439000000002,18151.589,18146.605499999998,18146.605499999998
2024-06-26 22:15:00+00:00,18147.0945,18148.2945,18146.55,18147.5555
2024-06-26 22:20:00+00:00,18148.322,18149.15,18141.683500000003,18142.55
2024-06-26 22:25:00+00:00,18142.089,18144.2,18139.2,18139.6
2024-06-26 22:30:00+00:00,18140.0165,18142.516499999998,18139.261,18139.5835
2024-06-26 22:35:00+00:00,18139.989,18139.989,18132.55,18135.039
2024-06-26 22:40:00+00:00,18134.5835,18136.6945,18130.478,18131.75
2024-06-26 22:45:00+00:00,18132.5445,18136.8835,18131.1,18136.8835
2024-06-26 22:50:00+00:00,18136.0835,18136.1555,18134.3335,18135.539
2024-06-26 22:55:00+00:00,18136.1165,18136.122,18134.328,18135.2055
2024-06-26 23:00:00+00:00,18134.3835,18135.216500000002,18131.922,18132.6945
2024-06-26 23:05:00+00:00,18132.310999999998,18133.605499999998,18124.9055,18126.560999999998
2024-06-26 23:10:00+00:00,18126.0945,18127.8055,18125.233500000002,18125.233500000002
2024-06-26 23:15:00+00:00,18125.633500000004,18127.822,18117.2445,18118.2055
2024-06-26 23:20:00+00:00,18117.372,18117.7945,18112.411,18114.9
2024-06-26 23:25:00+00:00,18115.289,18117.366499999996,18114.9,18116.5
2024-06-26 23:30:00+00:00,18116.089,18116.116499999996,18112.3335,18112.3335
2024-06-26 23:35:00+00:00,18113.1945,18115.7,18112.3335,18114.0055
2024-06-26 23:40:00+00:00,18114.2065,18115.772,18111.516499999998,18115.772
2024-06-26 23:45:00+00:00,18115.35,18118.9835,18114.9055,18118.9835
2024-06-26 23:50:00+00:00,18119.728,18120.610999999997,18117.289,18117.289
2024-06-26 23:55:00+00:00,18116.894500000002,18119.011,18116.4945,18118.144500000002
2024-06-27 00:00:00+00:00,18117.310999999998,18118.2,18113.933500000003,18117.289
2024-06-27 00:05:00+00:00,18117.860999999997,18117.860999999997,18112.411,18116.011
2024-06-27 00:10:00+00:00,18116.461,18116.461,18113.55,18115.2055
2024-06-27 00:15:00+00:00,18123.539,18123.539,18103.6,18106.5945
2024-06-27 00:20:00+00:00,18108.0945,18120.1165,18100.0945,18112.605499999998
2024-06-27 00:25:00+00:00,18112.0835,18112.610999999997,18106.605499999998,18111.6165
2024-06-27 00:30:00+00:00,18110.5945,18118.6165,18108.5835,18111.5945
2024-06-27 00:35:00+00:00,18111.15,18111.15,18094.0335,18094.5945
2024-06-27 00:40:00+00:00,18094.1,18104.5945,18092.1165,18103.0945
2024-06-27 00:45:00+00:00,18100.110999999997,18100.6555,18087.5445,18095.605499999998
2024-06-27 00:50:00+00:00,18096.1555,18098.5835,18093.661,18097.6
2024-06-27 00:55:00+00:00,18099.105499999998,18106.5835,18098.5835,18104.6
2024-06-27 01:00:00+00:00,18103.605499999998,18111.116499999996,18103.605499999998,18108.605499999998
2024-06-27 01:05:00+00:00,18111.65,18112.6,18108.605499999998,18110.1165
2024-06-27 01:10:00+00:00,18111.5445,18117.0445,18110.0445,18110.0445
2024-06-27 01:15:00+00:00,18110.589,18117.589,18109.0335,18115.610999999997
2024-06-27 01:20:00+00:00,18115.851000000002,18118.589,18111.05,18114.0945
2024-06-27 01:25:00+00:00,18114.605499999998,18126.1555,18114.605499999998,18123.161
2024-06-27 01:30:00+00:00,18123.2955,18133.078,18123.2955,18132.6
2024-06-27 01:35:00+00:00,18132.15,18132.6165,18122.610999999997,18122.610999999997
2024-06-27 01:40:00+00:00,18122.15,18124.172,18121.672,18122.5835
2024-06-27 01:45:00+00:00,18125.65,18131.122,18125.0445,18126.1
2024-06-27 01:50:00+00:00,18125.0945,18128.6,18125.0945,18128.116499999996
2024-06-27 01:55:00+00:00,18127.589,18132.5945,18127.589,18132.089
2024-06-27 02:00:00+00:00,18132.578,18139.172,18131.661,18139.172
2024-06-27 02:05:00+00:00,18138.5945,18144.6,18137.089,18143.110999999997
2024-06-27 02:10:00+00:00,18140.1665,18141.605499999998,18132.105499999998,18136.172
2024-06-27 02:15:00+00:00,18135.605499999998,18135.605499999998,18130.610999999997,18130.6165
2024-06-27 02:20:00+00:00,18131.0335,18133.105499999998,18131.0335,18132.089
2024-06-27 02:25:00+00:00,18132.610999999997,18132.610999999997,18132.610999999997,18132.610999999997
2024-06-27 02:30:00+00:00,18130.6,18130.6,18123.610999999997,18124.6165
2024-06-27 02:35:00+00:00,18124.0945,18124.0945,18123.528,18123.528
2024-06-27 02:40:00+00:00,18122.6,18123.028,18121.0835,18121.528
2024-06-27 02:45:00+00:00,18124.5945,18129.15,18124.039,18127.1
2024-06-27 02:50:00+00:00,18127.616499999996,18127.616499999996,18123.5945,18124.0945
2024-06-27 03:00:00+00:00,18124.605499999998,18124.605499999998,18124.1,18124.6
2024-06-27 03:05:00+00:00,18124.089,18124.528,18124.0335,18124.122
2024-06-27 03:10:00+00:00,18124.6665,18124.6665,18124.6665,18124.6665
2024-06-27 03:20:00+00:00,18125.0445,18134.5945,18125.0445,18128.589
2024-06-27 03:25:00+00:00,18129.5945,18133.589,18129.5945,18133.589
2024-06-27 03:30:00+00:00,18133.15,18135.5945,18132.0445,18135.5945
2024-06-27 03:35:00+00:00,18131.589,18136.610999999997,18130.610999999997,18136.6
2024-06-27 03:40:00+00:00,18136.110999999997,18136.65,18132.5835,18134.6
2024-06-27 03:45:00+00:00,18135.161,18135.161,18130.1555,18130.6
2024-06-27 03:50:00+00:00,18131.0835,18131.605499999998,18130.1,18130.55
2024-06-27 03:55:00+00:00,18130.1555,18130.1555,18121.078,18121.578
2024-06-27 04:00:00+00:00,18122.1,18124.0335,18120.6,18123.110999999997
2024-06-27 04:05:00+00:00,18122.605499999998,18122.605499999998,18120.610999999997,18121.105499999998
2024-06-27 04:10:00+00:00,18120.672,18120.672,18119.105499999998,18119.105499999998
2024-06-27 04:15:00+00:00,18119.5945,18124.539,18119.5945,18124.116499999996
2024-06-27 04:20:00+00:00,18124.6165,18128.610999999997,18124.0945,18128.610999999997
2024-06-27 04:25:00+00:00,18128.1555,18128.6,18125.6165,18128.6
2024-06-27 04:30:00+00:00,18129.15,18129.15,18127.1,18127.5945
2024-06-27 04:35:00+00:00,18128.0445,18129.0835,18127.589,18128.622
2024-06-27 04:40:00+00:00,18128.105499999998,18128.605499999998,18128.0835,18128.0835
2024-06-27 04:45:00+00:00,18129.1,18136.5835,18129.089,18135.589
2024-06-27 04:50:00+00:00,18137.1,18138.5945,18134.528,18134.528
2024-06-27 04:55:00+00:00,18135.5835,18145.1,18134.028,18144.105499999998
2024-06-27 05:00:00+00:00,18145.5335,18147.6165,18140.0945,18147.528
2024-06-27 05:05:00+00:00,18148.0945,18149.172,18137.122,18137.122
2024-06-27 05:10:00+00:00,18138.105499999998,18141.65,18137.110999999997,18140.5945
2024-06-27 05:15:00+00:00,18140.1,18145.5945,18139.05,18144.1555
2024-06-27 05:20:00+00:00,18144.610999999997,18145.605499999998,18144.0835,18145.6
2024-06-27 05:25:00+00:00,18145.0835,18150.0945,18145.0835,18148.6665
2024-06-27 05:30:00+00:00,18149.605499999998,18156.1,18146.0945,18156.1
2024-06-27 05:35:00+00:00,18156.6,18162.028,18156.0445,18161.1165
2024-06-27 05:40:00+00:00,18162.105499999998,18171.6,18162.105499999998,18165.605499999998
2024-06-27 05:45:00+00:00,18165.110999999997,18171.6555,18162.5835,18170.65
2024-06-27 05:50:00+00:00,18171.6,18173.6665,18168.161,18171.0835
2024-06-27 05:55:00+00:00,18170.105499999998,18179.672,18161.0945,18161.0945
2024-06-27 06:00:00+00:00,18164.105499999998,18182.1,18164.105499999998,18174.6
2024-06-27 06:05:00+00:00,18173.105499999998,18180.116499999996,18169.089,18174.1555
2024-06-27 06:10:00+00:00,18174.589,18183.1,18173.589,18177.605499999998
2024-06-27 06:15:00+00:00,18178.6,18187.161,18176.65,18181.6
2024-06-27 06:20:00+00:00,18182.089,18191.1,18179.661,18180.1665
2024-06-27 06:25:00+00:00,18180.622,18185.5335,18177.122,18185.5335
2024-06-27 06:30:00+00:00,18185.1,18186.0835,18176.1,18177.05
2024-06-27 06:35:00+00:00,18177.5835,18177.5835,18166.578,18171.172
2024-06-27 06:40:00+00:00,18171.65,18173.0945,18164.0945,18167.1665
2024-06-27 06:45:00+00:00,18165.945,18174.105499999998,18162.110999999997,18174.105499999998
2024-06-27 06:50:00+00:00,18175.1065,18178.605499999998,18171.089,18177.078
2024-06-27 06:55:00+00:00,18177.528,18179.589,18165.0945,18165.0945
2024-06-27 07:00:00+00:00,18166.5455,18200.6665,18166.5455,18189.116499999996
2024-06-27 07:05:00+00:00,18191.122,18204.610999999997,18180.0445,18203.1
2024-06-27 07:10:00+00:00,18202.311999999998,18219.0945,18197.1,18219.0945
2024-06-27 07:15:00+00:00,18218.65,18239.0945,18215.6,18237.105499999998
2024-06-27 07:20:00+00:00,18238.1665,18238.1665,18216.1,18225.0445
2024-06-27 07:25:00+00:00,18226.610999999997,18226.610999999997,18206.605499999998,18214.105499999998
2024-06-27 07:30:00+00:00,18214.589,18228.078,18202.5835,18205.0945
2024-06-27 07:35:00+00:00,18205.5945,18218.172,18198.116499999996,18218.1
2024-06-27 07:40:00+00:00,18216.0835,18219.122,18203.1,18213.0945
2024-06-27 07:45:00+00:00,18212.105499999998,18226.1,18208.0445,18225.1
2024-06-27 07:50:00+00:00,18223.345,18231.028,18217.1,18219.122
2024-06-27 07:55:00+00:00,18220.1,18227.1555,18210.116499999996,18214.1
2024-06-27 08:00:00+00:00,18213.201,18214.605499999998,18197.0945,18210.661
2024-06-27 08:05:00+00:00,18211.15,18212.1,18190.105499999998,18193.05
2024-06-27 08:10:00+00:00,18190.5445,18202.5945,18186.528,18201.105499999998
2024-06-27 08:15:00+00:00,18202.105499999998,18202.539,18183.528,18188.039
2024-06-27 08:20:00+00:00,18186.110999999997,18192.095500000003,18170.105499999998,18171.028
2024-06-27 08:25:00+00:00,18171.29,18176.0945,18156.6,18173.089
2024-06-27 08:30:00+00:00,18173.1,18178.110999999997,18165.605499999998,18165.605499999998
2024-06-27 08:35:00+00:00,18166.15,18168.1665,18151.0945,18153.105499999998
2024-06-27 08:40:00+00:00,18150.875,18163.1665,18147.0835,18159.0945
2024-06-27 08:45:00+00:00,18160.0945,18175.028,18152.116499999996,18173.1
2024-06-27 08:50:00+00:00,18173.089,18177.105499999998,18161.1,18175.0945
2024-06-27 08:55:00+00:00,18175.5835,18184.0945,18174.028,18182.5445
2024-06-27 09:00:00+00:00,18181.1555,18182.172,18172.610999999997,18174.1665
2024-06-27 09:05:00+00:00,18173.301,18178.0445,18153.0945,18157.0835
2024-06-27 09:10:00+00:00,18155.622,18166.110999999997,18148.1555,18164.122
2024-06-27 09:15:00+00:00,18165.0835,18185.1,18159.116499999996,18182.1
2024-06-27 09:20:00+00:00,18180.0835,18181.161,18164.039,18167.1
2024-06-27 09:25:00+00:00,18166.6,18175.089,18165.0335,18167.05
2024-06-27 09:30:00+00:00,18166.605499999998,18169.1165,18152.0835,18154.078
2024-06-27 09:35:00+00:00,18154.65,18173.5945,18153.6,18164.589
2024-06-27 09:40:00+00:00,18162.845,18164.610999999997,18148.539,18148.6
2024-06-27 09:45:00+00:00,18149.172,18153.5835,18141.5945,18149.5945
2024-06-27 09:50:00+00:00,18148.6,18151.616499999996,18142.539,18146.622
2024-06-27 09:55:00+00:00,18147.0955,18152.672,18141.539,18148.578
2024-06-27 10:00:00+00:00,18147.55,18168.616499999996,18144.622,18162.5945
2024-06-27 10:05:00+00:00,18164.105499999998,18176.161,18161.610999999997,18166.6
2024-06-27 10:10:00+00:00,18166.105499999998,18169.65,18151.0945,18154.5945
2024-06-27 10:15:00+00:00,18153.605499999998,18160.605499999998,18149.589,18152.622
2024-06-27 10:20:00+00:00,18150.661,18163.116499999996,18149.6,18162.0945
2024-06-27 10:25:00+00:00,18163.110999999997,18177.105499999998,18159.172,18171.172
2024-06-27 10:30:00+00:00,18170.201,18176.0945,18162.110999999997,18170.6
2024-06-27 10:35:00+00:00,18170.105499999998,18175.6555,18165.1,18171.1165
2024-06-27 10:40:00+00:00,18170.1165,18173.0945,18165.610999999997,18170.0945
2024-06-27 10:45:00+00:00,18170.610999999997,18173.161,18164.1,18171.0835
2024-06-27 10:50:00+00:00,18170.6,18174.172,18166.1,18172.039
2024-06-27 10:55:00+00:00,18171.6665,18183.1,18171.6665,18183.1
2024-06-27 11:00:00+00:00,18182.301,18193.116499999996,18176.089,18192.1
2024-06-27 11:05:00+00:00,18189.105499999998,18189.105499999998,18174.55,18181.589
2024-06-27 11:10:00+00:00,18180.078,18184.1,18164.6,18170.6
2024-06-27 11:15:00+00:00,18171.172,18184.161,18169.1,18176.116499999996
2024-06-27 11:20:00+00:00,18175.811999999998,18179.1,18167.05,18179.1
2024-06-27 11:25:00+00:00,18178.6165,18194.1,18174.1165,18193.1
2024-06-27 11:30:00+00:00,18192.0945,18212.616499999996,18191.6665,18212.6
2024-06-27 11:35:00+00:00,18211.6165,18218.1,18206.539,18209.589
2024-06-27 11:40:00+00:00,18209.1,18213.5945,18200.5945,18202.6
2024-06-27 11:45:00+00:00,18203.65,18211.605499999998,18200.539,18209.6
2024-06-27 11:50:00+00:00,18208.078,18210.6,18200.6665,18204.5945
2024-06-27 11:55:00+00:00,18205.5835,18209.172,18198.5945,18200.616499999996
2024-06-27 12:00:00+00:00,18199.1,18210.589,18197.028,18201.589
2024-06-27 12:05:00+00:00,18200.610999999997,18202.6555,18193.0835,18201.589
2024-06-27 12:10:00+00:00,18202.55,18205.110999999997,18199.6,18200.5835
2024-06-27 12:15:00+00:00,18199.610999999997,18201.05,18189.105499999998,18189.5945
2024-06-27 12:20:00+00:00,18188.834,18192.172,18186.6,18187.672
2024-06-27 12:25:00+00:00,18185.589,18200.5945,18185.1,18196.589
2024-06-27 12:30:00+00:00,18193.110999999997,18211.0945,18188.6,18207.1
2024-06-27 12:35:00+00:00,18206.672,18211.5835,18201.610999999997,18202.1665
2024-06-27 12:40:00+00:00,18200.323,18203.122,18191.0945,18194.172
2024-06-27 12:45:00+00:00,18194.661,18195.6,18164.5445,18173.1
2024-06-27 12:50:00+00:00,18172.323,18189.089,18171.0335,18178.0945
2024-06-27 12:55:00+00:00,18177.589,18193.605499999998,18173.6165,18187.345
2024-06-27 13:00:00+00:00,18187.1,18200.105499999998,18179.089,18195.0835
2024-06-27 13:05:00+00:00,18195.601000000002,18200.1165,18192.5335,18200.1165
2024-06-27 13:10:00+00:00,18199.078,18206.528,18196.610999999997,18201.1
2024-06-27 13:15:00+00:00,18201.5835,18205.1555,18198.0335,18203.1
2024-06-27 13:20:00+00:00,18202.301,18211.605499999998,18197.089,18205.1555
2024-06-27 13:25:00+00:00,18207.15,18214.610999999997,18207.1165,18210.0835
2024-06-27 13:30:00+00:00,18208.0945,18210.539,18195.0335,18202.0335
2024-06-27 13:35:00+00:00,18203.122,18225.105499999998,18201.0945,18222.116499999996
2024-06-27 13:40:00+00:00,18221.311999999998,18238.089,18220.05,18223.039
2024-06-27 13:45:00+00:00,18222.1,18234.15,18218.0835,18219.05
2024-06-27 13:50:00+00:00,18218.301,18220.1555,18201.0945,18214.1665
2024-06-27 13:55:00+00:00,18213.610999999997,18225.105499999998,18210.05,18221.610999999997
2024-06-27 14:00:00+00:00,18221.0945,18233.6,18219.110999999997,18231.0945
2024-06-27 14:05:00+00:00,18232.039,18253.1165,18232.039,18250.528
2024-06-27 14:10:00+00:00,18249.701,18265.161,18247.578,18265.089
2024-06-27 14:15:00+00:00,18264.672,18265.539,18243.5945,18244.1165
2024-06-27 14:20:00+00:00,18242.6,18253.161,18235.05,18246.5945
2024-06-27 14:25:00+00:00,18247.0945,18250.05,18235.5945,18246.1665
2024-06-27 14:30:00+00:00,18244.6,18250.122,18239.105499999998,18250.1
2024-06-27 14:35:00+00:00,18250.897,18252.6,18243.039,18246.116499999996
2024-06-27 14:40:00+00:00,18245.55,18248.5945,18233.089,18237.605499999998
2024-06-27 14:45:00+00:00,18238.1,18239.105499999998,18212.1,18215.089
2024-06-27 14:50:00+00:00,18214.6,18215.1,18200.578,18204.1
2024-06-27 14:55:00+00:00,18205.105499999998,18209.15,18201.122,18207.105499999998
2024-06-27 15:00:00+00:00,18206.110999999997,18210.1,18192.0945,18195.089
2024-06-27 15:05:00+00:00,18196.6,18203.1555,18184.5945,18192.15
2024-06-27 15:10:00+00:00,18191.6555,18194.610999999997,18178.0945,18188.589
2024-06-27 15:15:00+00:00,18189.0455,18210.1555,18187.0945,18207.0945
2024-06-27 15:20:00+00:00,18206.528,18207.0945,18197.6,18202.078
2024-06-27 15:25:00+00:00,18201.1665,18207.1555,18192.1,18200.1
2024-06-27 15:30:00+00:00,18201.0835,18207.089,18191.105499999998,18204.0335
2024-06-27 15:35:00+00:00,18204.2955,18209.110999999997,18199.6,18207.5945
2024-06-27 15:40:00+00:00,18207.05,18211.1,18201.122,18206.105499999998
2024-06-27 15:45:00+00:00,18206.589,18221.078,18204.1665,18221.078
2024-06-27 15:50:00+00:00,18220.0335,18222.6665,18214.5945,18218.105499999998
2024-06-27 15:55:00+00:00,18217.610999999997,18230.589,18216.5335,18225.6
2024-06-27 16:00:00+00:00,18224.5945,18229.589,18220.539,18228.0835
2024-06-27 16:05:00+00:00,18228.6,18235.610999999997,18227.589,18233.105499999998
2024-06-27 16:10:00+00:00,18232.605499999998,18240.089,18231.110999999997,18239.5945
2024-06-27 16:15:00+00:00,18239.089,18241.589,18233.1,18236.105499999998
2024-06-27 16:20:00+00:00,18235.6,18243.5445,18234.5945,18243.161
2024-06-27 16:25:00+00:00,18242.6,18247.6,18239.0445,18245.105499999998
2024-06-27 16:30:00+00:00,18245.6,18251.1665,18244.5835,18248.105499999998
2024-06-27 16:35:00+00:00,18247.610999999997,18250.5945,18240.0945,18241.6
2024-06-27 16:40:00+00:00,18241.122,18242.6,18236.105499999998,18241.1665
2024-06-27 16:45:00+00:00,18240.5835,18244.15,18236.110999999997,18236.6
2024-06-27 16:50:00+00:00,18236.0835,18247.539,18235.578,18242.028
2024-06-27 16:55:00+00:00,18242.578,18246.1,18238.105499999998,18238.6
2024-06-27 17:00:00+00:00,18238.1,18246.105499999998,18236.5835,18242.028
2024-06-27 17:05:00+00:00,18241.6,18247.1555,18239.1,18242.15
2024-06-27 17:10:00+00:00,18243.172,18243.172,18235.622,18237.1665
2024-06-27 17:15:00+00:00,18236.605499999998,18237.5445,18229.161,18229.161
2024-06-27 17:20:00+00:00,18230.116499999996,18238.1165,18228.078,18237.6165
2024-06-27 17:25:00+00:00,18238.1,18239.5445,18234.1,18236.528
2024-06-27 17:30:00+00:00,18236.0945,18236.1165,18227.089,18229.6
2024-06-27 17:35:00+00:00,18230.1,18234.578,18229.528,18233.089
2024-06-27 17:40:00+00:00,18232.6,18234.6,18227.589,18228.589
2024-06-27 17:45:00+00:00,18229.105499999998,18231.105499999998,18227.105499999998,18228.110999999997
2024-06-27 17:50:00+00:00,18227.122,18228.089,18221.528,18226.661
2024-06-27 17:55:00+00:00,18227.116499999996,18229.1,18218.610999999997,18218.610999999997
2024-06-27 18:00:00+00:00,18217.605499999998,18218.1,18198.6,18209.0945
2024-06-27 18:05:00+00:00,18208.1,18211.6665,18203.089,18207.110999999997
2024-06-27 18:10:00+00:00,18206.6,18209.1,18200.0335,18200.0335
2024-06-27 18:15:00+00:00,18201.110999999997,18204.5945,18192.039,18199.622
2024-06-27 18:20:00+00:00,18199.0945,18200.622,18195.0835,18200.105499999998
2024-06-27 18:25:00+00:00,18199.05,18200.110999999997,18195.122,18197.1
2024-06-27 18:30:00+00:00,18196.172,18204.672,18191.089,18204.1
2024-06-27 18:35:00+00:00,18203.172,18206.1165,18198.0945,18202.578
2024-06-27 18:40:00+00:00,18203.0835,18208.5945,18202.610999999997,18205.1
2024-06-27 18:45:00+00:00,18205.589,18217.0945,18204.578,18216.589
2024-06-27 18:50:00+00:00,18216.1,18222.0445,18215.0945,18221.1
2024-06-27 18:55:00+00:00,18221.55,18222.122,18214.6555,18219.105499999998
2024-06-27 19:00:00+00:00,18218.5945,18222.5945,18217.5835,18221.0335
2024-06-27 19:05:00+00:00,18220.5945,18222.622,18216.1,18220.161
2024-06-27 19:10:00+00:00,18219.528,18226.528,18219.028,18226.161
2024-06-27 19:15:00+00:00,18228.6555,18228.6555,18222.1,18222.610999999997
2024-06-27 19:20:00+00:00,18222.0945,18228.172,18222.0945,18226.116499999996
2024-06-27 19:25:00+00:00,18225.622,18230.161,18224.6,18229.0835
2024-06-27 19:30:00+00:00,18229.301,18230.610999999997,18226.0335,18226.0835
2024-06-27 19:35:00+00:00,18226.5835,18230.0945,18222.578,18227.605499999998
2024-06-27 19:40:00+00:00,18227.028,18230.5945,18225.0445,18226.610999999997
2024-06-27 19:45:00+00:00,18227.6,18231.661,18225.1555,18227.1
2024-06-27 19:50:00+00:00,18226.0945,18231.172,18223.1,18224.0945
2024-06-27 19:55:00+00:00,18223.05,18238.0945,18223.05,18238.0945
2024-06-27 20:00:00+00:00,18238.089,18243.55,18234.339,18241.810999999998
2024-06-27 20:05:00+00:00,18241.0055,18250.0835,18235.1945,18245.2055
2024-06-27 20:10:00+00:00,18245.9945,18246.872,18241.7945,18242.6945
2024-06-27 22:05:00+00:00,18237.189000000002,18240.9055,18237.189000000002,18240.489
2024-06-27 22:10:00+00:00,18240.883500000004,18242.272,18240.5,18241.3
2024-06-27 22:15:00+00:00,18240.483500000002,18241.2945,18240.483500000002,18241.2445
2024-06-27 22:20:00+00:00,18241.716500000002,18243.7945,18240.9,18243.7945
2024-06-27 22:25:00+00:00,18244.178,18248.422,18243.783499999998,18247.933500000003
2024-06-27 22:30:00+00:00,18247.105499999998,18249.672,18247.105499999998,18249.5445
2024-06-27 22:35:00+00:00,18250.478,18251.289,18248.7835,18249.6
2024-06-27 22:40:00+00:00,18250.0,18250.55,18249.5835,18250.511
2024-06-27 22:45:00+00:00,18251.3,18253.972,18251.3,18253.0835
2024-06-27 22:50:00+00:00,18252.3,18253.8335,18249.105499999998,18249.105499999998
2024-06-27 22:55:00+00:00,18248.2835,18248.2835,18246.6,18246.610999999997
2024-06-27 23:00:00+00:00,18247.5055,18249.5,18247.5055,18249.161
2024-06-27 23:05:00+00:00,18248.289,18250.872,18248.289,18249.95
2024-06-27 23:10:00+00:00,18250.389000000003,18250.389000000003,18249.972,18249.972
2024-06-27 23:20:00+00:00,18250.872,18252.411,18250.872,18252.4
2024-06-27 23:25:00+00:00,18252.0555,18253.35,18251.5335,18253.35
2024-06-27 23:30:00+00:00,18252.4,18254.894500000002,18252.328,18254.894500000002
2024-06-27 23:35:00+00:00,18255.2945,18255.866499999996,18254.089,18254.9
2024-06-27 23:40:00+00:00,18254.078,18254.911,18254.078,18254.911
2024-06-27 23:45:00+00:00,18254.4835,18254.9665,18253.289,18254.9165
2024-06-27 23:50:00+00:00,18255.789,18255.7945,18254.889000000003,18255.7945
2024-06-27 23:55:00+00:00,18254.9,18257.339,18254.9,18256.6
2024-06-28 00:00:00+00:00,18257.383500000004,18262.383500000004,18257.383500000004,18258.1945
2024-06-28 00:05:00+00:00,18257.389000000003,18260.7,18257.389000000003,18258.1945
2024-06-28 00:10:00+00:00,18258.6945,18261.6,18258.2,18261.6
2024-06-28 00:15:00+00:00,18252.05,18269.105499999998,18252.05,18262.1
2024-06-28 00:20:00+00:00,18262.0945,18262.0945,18256.089,18258.0335
2024-06-28 00:25:00+00:00,18257.0835,18257.578,18252.610999999997,18254.610999999997
2024-06-28 00:30:00+00:00,18255.089,18255.089,18249.589,18250.105499999998
2024-06-28 00:35:00+00:00,18250.661,18258.672,18250.028,18258.672
2024-06-28 00:40:00+00:00,18257.6165,18260.6,18251.1165,18251.1165
2024-06-28 00:45:00+00:00,18250.605499999998,18250.605499999998,18248.172,18249.610999999997
2024-06-28 00:50:00+00:00,18248.605499999998,18252.1,18245.1,18246.078
2024-06-28 00:55:00+00:00,18246.851000000002,18249.1,18240.605499999998,18242.0835
2024-06-28 01:00:00+00:00,18241.589,18248.672,18238.6,18247.6
2024-06-28 01:05:00+00:00,18248.110999999997,18249.172,18245.578,18245.578
2024-06-28 01:10:00+00:00,18243.539,18243.539,18238.589,18239.610999999997
2024-06-28 01:15:00+00:00,18239.15,18240.078,18236.0835,18237.6165
2024-06-28 01:20:00+00:00,18238.5945,18242.116499999996,18238.5945,18241.1165
2024-06-28 01:25:00+00:00,18240.605499999998,18243.6165,18239.122,18241.039
2024-06-28 01:30:00+00:00,18241.3565,18244.0945,18241.078,18241.6555
2024-06-28 01:35:00+00:00,18241.1165,18256.6,18240.15,18256.0835
2024-06-28 01:40:00+00:00,18254.089,18255.1165,18251.028,18253.5445
2024-06-28 01:45:00+00:00,18254.105499999998,18254.161,18252.1555,18254.161
2024-06-28 01:50:00+00:00,18254.578,18257.110999999997,18254.578,18256.1165
2024-06-28 01:55:00+00:00,18255.5945,18258.110999999997,18255.039,18255.105499999998
2024-06-28 02:00:00+00:00,18255.605499999998,18259.1,18255.116499999996,18258.105499999998
2024-06-28 02:05:00+00:00,18257.661,18258.0945,18256.105499999998,18258.0945
2024-06-28 02:10:00+00:00,18257.6555,18259.610999999997,18256.110999999997,18257.578
2024-06-28 02:15:00+00:00,18258.0945,18264.610999999997,18257.6,18260.5945
2024-06-28 02:20:00+00:00,18260.1555,18263.0835,18260.0835,18261.589
2024-06-28 02:25:00+00:00,18262.089,18262.089,18259.028,18260.1165
2024-06-28 02:30:00+00:00,18261.110999999997,18261.110999999997,18256.078,18256.078
2024-06-28 02:35:00+00:00,18255.5945,18255.5945,18250.578,18253.105499999998
2024-06-28 02:40:00+00:00,18252.5835,18255.078,18251.1165,18252.078
2024-06-28 02:45:00+00:00,18255.05,18255.610999999997,18253.610999999997,18255.105499999998
2024-06-28 02:50:00+00:00,18255.610999999997,18255.6665,18253.0945,18254.089
2024-06-28 02:55:00+00:00,18254.6,18256.5945,18254.1,18255.078
2024-06-28 03:00:00+00:00,18255.5945,18255.6665,18254.6,18255.589
2024-06-28 03:05:00+00:00,18256.55,18256.55,18255.110999999997,18255.110999999997
2024-06-28 03:10:00+00:00,18254.6665,18254.6665,18252.0945,18253.089
2024-06-28 03:15:00+00:00,18252.55,18253.605499999998,18252.55,18253.110999999997
2024-06-28 03:25:00+00:00,18253.6,18255.6665,18253.1,18254.116499999996
2024-06-28 03:30:00+00:00,18253.6,18254.1,18253.1,18253.539
2024-06-28 03:35:00+00:00,18254.028,18255.6,18253.5945,18255.1665
2024-06-28 03:40:00+00:00,18255.5335,18255.5335,18253.6,18253.6
2024-06-28 03:45:00+00:00,18253.0945,18256.172,18251.05,18256.172
2024-06-28 03:50:00+00:00,18255.605499999998,18256.110999999997,18253.0445,18254.105499999998
2024-06-28 03:55:00+00:00,18255.6555,18255.6555,18254.6,18254.661
2024-06-28 04:00:00+00:00,18254.1,18255.0335,18251.1555,18251.1555
2024-06-28 04:05:00+00:00,18250.5835,18250.5835,18247.5945,18248.15
2024-06-28 04:10:00+00:00,18247.539,18250.6,18247.116499999996,18249.0835
2024-06-28 04:15:00+00:00,18248.5335,18248.610999999997,18247.6,18248.589
2024-06-28 04:20:00+00:00,18248.1665,18248.622,18247.65,18247.65
2024-06-28 04:25:00+00:00,18248.05,18248.15,18247.528,18248.1
2024-06-28 04:30:00+00:00,18247.622,18247.65,18247.105499999998,18247.65
2024-06-28 04:35:00+00:00,18245.539,18245.539,18243.028,18244.0945
2024-06-28 04:40:00+00:00,18243.6555,18246.661,18239.0945,18245.078
2024-06-28 04:45:00+00:00,18245.661,18245.661,18241.5335,18242.5945
2024-06-28 04:50:00+00:00,18243.110999999997,18243.110999999997,18240.1,18241.1
2024-06-28 04:55:00+00:00,18240.610999999997,18245.1,18239.5945,18244.1
2024-06-28 05:00:00+00:00,18243.661,18245.0835,18241.589,18241.589
2024-06-28 05:05:00+00:00,18242.105499999998,18244.0945,18241.605499999998,18243.0945
2024-06-28 05:10:00+00:00,18243.610999999997,18243.610999999997,18239.622,18242.1555
2024-06-28 05:15:00+00:00,18241.0445,18241.622,18236.0335,18236.05
2024-06-28 05:20:00+00:00,18236.5835,18242.5945,18234.0835,18241.089
2024-06-28 05:25:00+00:00,18241.6,18244.105499999998,18239.105499999998,18241.089
2024-06-28 05:30:00+00:00,18242.5945,18244.105499999998,18237.110999999997,18237.110999999997
2024-06-28 05:35:00+00:00,18236.6,18238.528,18235.0945,18237.110999999997
2024-06-28 05:40:00+00:00,18237.6555,18237.6555,18235.105499999998,18236.0835
2024-06-28 05:45:00+00:00,18236.622,18238.1,18232.5335,18232.5335
2024-06-28 05:50:00+00:00,18232.105499999998,18236.589,18230.0335,18231.589
2024-06-28 05:55:00+00:00,18232.605499999998,18238.0835,18230.116499999996,18236.1665
2024-06-28 06:00:00+00:00,18236.612,18259.6,18236.6,18257.6165
2024-06-28 06:05:00+00:00,18259.5945,18271.661,18257.15,18268.0335
2024-06-28 06:10:00+00:00,18267.5445,18273.116499999996,18267.028,18272.6
2024-06-28 06:15:00+00:00,18273.15,18279.661,18273.15,18277.610999999997
2024-06-28 06:20:00+00:00,18278.0835,18287.65,18277.605499999998,18283.105499999998
2024-06-28 06:25:00+00:00,18282.610999999997,18285.6,18278.578,18278.578
2024-06-28 06:30:00+00:00,18276.105499999998,18284.110999999997,18276.105499999998,18281.5445
2024-06-28 06:35:00+00:00,18282.15,18289.672,18281.55,18285.5945
2024-06-28 06:40:00+00:00,18284.65,18285.5835,18277.610999999997,18280.1
2024-06-28 06:45:00+00:00,18279.55,18288.65,18276.5445,18283.0945
2024-06-28 06:50:00+00:00,18282.6,18295.661,18282.039,18289.605499999998
2024-06-28 06:55:00+00:00,18288.605499999998,18298.622,18286.110999999997,18297.605499999998
2024-06-28 07:00:00+00:00,18296.089,18310.589,18286.5835,18293.589
2024-06-28 07:05:00+00:00,18291.845,18302.605499999998,18287.610999999997,18294.661
2024-06-28 07:10:00+00:00,18295.105499999998,18305.039,18278.529,18279.673
2024-06-28 07:15:00+00:00,18277.051,18284.5345,18259.101000000002,18266.5845
2024-06-28 07:20:00+00:00,18266.311999999998,18272.1565,18256.095500000003,18263.6065
2024-06-28 07:25:00+00:00,18264.0345,18275.673,18263.551,18274.595500000003
2024-06-28 07:30:00+00:00,18275.151,18276.0345,18260.101000000002,18260.651
2024-06-28 07:35:00+00:00,18261.0845,18262.601000000002,18246.5845,18250.101000000002
2024-06-28 07:40:00+00:00,18249.601000000002,18271.6565,18247.09,18260.612
2024-06-28 07:45:00+00:00,18261.623,18262.112,18240.601000000002,18241.6065
2024-06-28 07:50:00+00:00,18241.101000000002,18254.6675,18240.090000000004,18242.595500000003
2024-06-28 07:55:00+00:00,18241.6175,18254.601000000002,18238.112,18238.112
2024-06-28 08:00:00+00:00,18238.34,18242.601000000002,18229.101000000002,18232.612
2024-06-28 08:05:00+00:00,18231.529,18233.6675,18219.59,18221.612
2024-06-28 08:10:00+00:00,18220.5455,18230.5345,18209.54,18227.5845
2024-06-28 08:15:00+00:00,18227.112,18247.6175,18221.5845,18246.651
2024-06-28 08:20:00+00:00,18245.662,18257.612,18237.601000000002,18257.5455
2024-06-28 08:25:00+00:00,18256.6675,18284.623,18252.1175,18279.595500000003
2024-06-28 08:30:00+00:00,18280.612,18299.112,18280.095500000003,18284.59
2024-06-28 08:35:00+00:00,18285.59,18303.5845,18284.6065,18301.673
2024-06-28 08:40:00+00:00,18302.673,18334.1675,18302.662,18315.09
2024-06-28 08:45:00+00:00,18314.578999999998,18318.1565,18302.623,18313.5845
2024-06-28 08:50:00+00:00,18315.5455,18324.6565,18315.54,18316.6065
2024-06-28 08:55:00+00:00,18317.595500000003,18319.112,18304.09,18308.101000000002
2024-06-28 09:00:00+00:00,18308.5455,18317.662,18304.54,18304.54
2024-06-28 09:05:00+00:00,18305.162,18308.601000000002,18289.612,18295.673
2024-06-28 09:10:00+00:00,18295.0345,18308.112,18289.101000000002,18307.59
2024-06-28 09:15:00+00:00,18308.6175,18320.479,18308.090000000004,18317.001
2024-06-28 09:20:00+00:00,18317.5065,18327.022999999997,18311.94,18317.017499999998
2024-06-28 09:25:00+00:00,18317.567499999997,18327.501,18312.001,18320.9955
2024-06-28 09:30:00+00:00,18322.0565,18328.072999999997,18318.001,18320.0065
2024-06-28 09:35:00+00:00,18319.567499999997,18340.001,18314.995499999997,18327.001
2024-06-28 09:40:00+00:00,18327.9955,18350.9845,18327.9955,18343.561999999998
2024-06-28 09:45:00+00:00,18345.051,18356.001,18337.4845,18350.061999999998
2024-06-28 09:50:00+00:00,18349.601000000002,18353.017499999998,18335.051,18336.9345
2024-06-28 09:55:00+00:00,18338.0065,18346.0065,18333.99,18337.9845
2024-06-28 10:00:00+00:00,18337.501,18347.001,18323.928999999996,18329.4455
2024-06-28 10:05:00+00:00,18329.822999999997,18345.4845,18329.0065,18342.001
2024-06-28 10:10:00+00:00,18342.989999999998,18342.989999999998,18325.501,18326.0065
2024-06-28 10:15:00+00:00,18327.012,18328.9955,18312.512,18314.022999999997
2024-06-28 10:20:00+00:00,18315.0065,18319.9955,18310.928999999996,18316.012
2024-06-28 10:25:00+00:00,18316.501,18331.0065,18308.0065,18328.022999999997
2024-06-28 10:30:00+00:00,18327.5565,18332.9455,18323.989999999998,18324.012
2024-06-28 10:35:00+00:00,18324.9955,18342.051,18324.9955,18337.9955
2024-06-28 10:40:00+00:00,18338.501,18342.99,18333.49,18340.9455
2024-06-28 10:45:00+00:00,18340.712,18342.517499999998,18334.928999999996,18339.001
2024-06-28 10:50:00+00:00,18340.001,18348.5065,18335.012,18338.0065
2024-06-28 10:55:00+00:00,18338.501,18340.4955,18330.979,18336.017499999998
2024-06-28 11:00:00+00:00,18335.067499999997,18346.517499999998,18326.501,18326.9345
2024-06-28 11:05:00+00:00,18327.267499999998,18328.051,18312.5565,18322.0565
2024-06-28 11:10:00+00:00,18323.022999999997,18325.99,18310.9955,18310.9955
2024-06-28 11:15:00+00:00,18310.489999999998,18312.9845,18297.5065,18301.012
2024-06-28 11:20:00+00:00,18301.512,18301.512,18283.979,18289.001
2024-06-28 11:25:00+00:00,18289.928999999996,18290.9345,18277.9345,18290.012
2024-06-28 11:30:00+00:00,18291.0065,18291.0065,18274.479,18275.9955
2024-06-28 11:35:00+00:00,18276.512,18276.9845,18252.017499999998,18260.9845
2024-06-28 11:40:00+00:00,18260.489999999998,18269.501,18254.928999999996,18269.501
2024-06-28 11:45:00+00:00,18269.9345,18273.989999999998,18264.001,18269.979
2024-06-28 11:50:00+00:00,18269.0065,18274.995499999997,18265.012,18269.928999999996
2024-06-28 11:55:00+00:00,18268.201,18274.501,18263.979,18273.94
2024-06-28 12:00:00+00:00,18272.94,18287.067499999997,18272.94,18285.012
2024-06-28 12:05:00+00:00,18285.501,18287.501,18269.9455,18280.0065
2024-06-28 12:10:00+00:00,18280.512,18281.517499999998,18262.022999999997,18265.99
2024-06-28 12:15:00+00:00,18265.001,18270.512,18257.99,18258.067499999997
2024-06-28 12:20:00+00:00,18258.495499999997,18261.001,18238.017499999998,18240.0065
2024-06-28 12:25:00+00:00,18241.061999999998,18250.072999999997,18231.489999999998,18247.5065
2024-06-28 12:30:00+00:00,18248.0065,18273.551,18223.017499999998,18233.017499999998
2024-06-28 12:35:00+00:00,18235.0065,18248.067499999997,18223.928999999996,18242.928999999996
2024-06-28 12:40:00+00:00,18242.701,18242.701,18218.001,18230.9955
2024-06-28 12:45:00+00:00,18231.94,18237.0065,18209.928999999996,18211.0065
2024-06-28 12:50:00+00:00,18211.479,18211.4845,18193.9955,18205.0065
2024-06-28 12:55:00+00:00,18205.9955,18219.989999999998,18202.0565,18218.99
2024-06-28 13:00:00+00:00,18220.012,18227.072999999997,18213.94,18225.017499999998
2024-06-28 13:05:00+00:00,18224.0065,18241.0065,18217.9955,18236.989999999998
2024-06-28 13:10:00+00:00,18234.9955,18245.451,18230.9345,18239.989999999998
2024-06-28 13:15:00+00:00,18239.9945,18242.495499999997,18229.061999999998,18239.9955
2024-06-28 13:20:00+00:00,18240.0,18240.0,18221.49,18224.072999999997
2024-06-28 13:25:00+00:00,18223.522999999997,18231.001,18213.9455,18217.001
2024-06-28 13:30:00+00:00,18216.734,18257.067499999997,18213.001,18257.067499999997
2024-06-28 13:35:00+00:00,18258.001,18269.012,18254.451,18263.4955
2024-06-28 13:40:00+00:00,18261.489999999998,18276.501,18255.517499999998,18259.0065
2024-06-28 13:45:00+00:00,18259.44,18262.051,18222.561999999998,18229.001
2024-06-28 13:50:00+00:00,18229.251,18252.067499999997,18226.012,18250.0065
2024-06-28 13:55:00+00:00,18248.9955,18253.022999999997,18236.428999999996,18247.001
2024-06-28 14:00:00+00:00,18248.060999999998,18256.012,18239.951,18250.9345
2024-06-28 14:05:00+00:00,18253.017499999998,18285.512,18252.001,18284.9955
2024-06-28 14:10:00+00:00,18286.001,18296.017499999998,18277.501,18281.9955
2024-06-28 14:15:00+00:00,18284.001,18290.512,18273.99,18279.4955
2024-06-28 14:20:00+00:00,18279.516499999998,18293.001,18272.4955,18283.012
2024-06-28 14:25:00+00:00,18282.0565,18296.0065,18281.979,18286.017499999998
2024-06-28 14:30:00+00:00,18286.5065,18295.995499999997,18283.001,18292.501
2024-06-28 14:35:00+00:00,18293.017499999998,18300.0065,18286.501,18287.017499999998
2024-06-28 14:40:00+00:00,18286.451,18288.0065,18264.067499999997,18274.051
2024-06-28 14:45:00+00:00,18275.0065,18286.072999999997,18272.928999999996,18280.012
2024-06-28 14:50:00+00:00,18278.9955,18283.017499999998,18261.561999999998,18266.017499999998
2024-06-28 14:55:00+00:00,18267.012,18271.451,18253.017499999998,18257.9955
2024-06-28 15:00:00+00:00,18259.05,18259.05,18223.99,18223.99
2024-06-28 15:05:00+00:00,18223.0065,18232.989999999998,18201.9845,18204.489999999998
2024-06-28 15:10:00+00:00,18204.234,18217.0065,18201.979,18211.012
2024-06-28 15:15:00+00:00,18212.072999999997,18225.567499999997,18209.0065,18222.0065
2024-06-28 15:20:00+00:00,18221.012,18236.989999999998,18221.012,18232.001
2024-06-28 15:25:00+00:00,18231.572999999997,18235.9345,18220.001,18235.0565
2024-06-28 15:30:00+00:00,18234.4845,18248.001,18228.001,18232.979
2024-06-28 15:35:00+00:00,18234.951,18262.012,18231.94,18262.012
2024-06-28 15:40:00+00:00,18259.012,18266.012,18249.9455,18253.017499999998
2024-06-28 15:45:00+00:00,18253.451,18259.001,18252.501,18254.017499999998
2024-06-28 15:50:00+00:00,18254.99,18262.451,18254.567499999997,18257.0065
2024-06-28 15:55:00+00:00,18256.5065,18262.022999999997,18253.001,18254.951
2024-06-28 16:00:00+00:00,18254.512,18258.001,18248.9845,18249.995499999997
2024-06-28 16:05:00+00:00,18248.9345,18251.001,18234.4845,18239.017499999998
2024-06-28 16:10:00+00:00,18238.501,18241.4955,18231.501,18235.0065
2024-06-28 16:15:00+00:00,18235.489999999998,18237.9955,18221.94,18228.989999999998
2024-06-28 16:20:00+00:00,18228.572999999997,18239.572999999997,18226.94,18228.0065
2024-06-28 16:25:00+00:00,18227.001,18240.017499999998,18226.0065,18239.001
2024-06-28 16:30:00+00:00,18238.4955,18241.051,18225.979,18232.012
2024-06-28 16:35:00+00:00,18231.0065,18231.051,18217.989999999998,18219.012
2024-06-28 16:40:00+00:00,18217.989999999998,18225.012,18208.989999999998,18221.9955
2024-06-28 16:45:00+00:00,18221.499,18224.951,18214.9455,18223.951
2024-06-28 16:50:00+00:00,18224.517499999998,18228.928999999996,18220.0065,18227.989999999998
2024-06-28 16:55:00+00:00,18226.9345,18230.5065,18225.989999999998,18229.517499999998
2024-06-28 17:00:00+00:00,18228.749,18233.0065,18223.9955,18228.9955
2024-06-28 17:05:00+00:00,18227.9955,18244.067499999997,18227.9955,18241.979
2024-06-28 17:10:00+00:00,18241.517499999998,18243.001,18231.94,18238.567499999997
2024-06-28 17:15:00+00:00,18239.001,18239.501,18232.9955,18236.067499999997
2024-06-28 17:20:00+00:00,18233.9955,18238.501,18232.501,18234.012
2024-06-28 17:25:00+00:00,18233.512,18234.4345,18227.0565,18227.489999999998
2024-06-28 17:30:00+00:00,18228.001,18230.4345,18220.072999999997,18221.995499999997
2024-06-28 17:35:00+00:00,18222.9845,18227.9955,18220.001,18227.9955
2024-06-28 17:40:00+00:00,18225.9345,18230.489999999998,18220.4955,18222.012
2024-06-28 17:45:00+00:00,18222.4845,18226.0565,18220.9345,18226.051
2024-06-28 17:50:00+00:00,18226.501,18228.572999999997,18219.9345,18219.9345
2024-06-28 17:55:00+00:00,18221.0065,18227.4845,18217.501,18227.0565
2024-06-28 18:00:00+00:00,18224.9345,18231.017499999998,18220.4345,18230.5065
2024-06-28 18:05:00+00:00,18230.001,18230.501,18226.995499999997,18229.979
2024-06-28 18:10:00+00:00,18230.989999999998,18235.5565,18228.4845,18235.4955
2024-06-28 18:15:00+00:00,18236.44,18241.022999999997,18231.4455,18233.0065
2024-06-28 18:20:00+00:00,18231.823,18231.823,18207.928999999996,18218.4955
2024-06-28 18:25:00+00:00,18218.001,18227.99,18214.94,18216.4955
2024-06-28 18:30:00+00:00,18217.0065,18217.501,18213.479,18215.9845
2024-06-28 18:35:00+00:00,18215.428999999996,18220.44,18214.9455,18217.9955
2024-06-28 18:40:00+00:00,18217.801,18222.9345,18212.928999999996,18214.001
2024-06-28 18:45:00+00:00,18214.4845,18216.001,18210.001,18210.001
2024-06-28 18:50:00+00:00,18211.051,18218.99,18210.001,18216.951
2024-06-28 18:55:00+00:00,18216.017499999998,18219.5065,18212.001,18218.017499999998
2024-06-28 19:00:00+00:00,18215.44,18215.44,18202.5065,18206.0065
2024-06-28 19:05:00+00:00,18205.017499999998,18207.072999999997,18196.9345,18207.072999999997
2024-06-28 19:10:00+00:00,18205.94,18208.001,18201.561999999998,18207.001
2024-06-28 19:15:00+00:00,18206.512,18209.517499999998,18204.567499999997,18209.517499999998
2024-06-28 19:20:00+00:00,18208.517499999998,18212.522999999997,18205.49,18208.072999999997
2024-06-28 19:25:00+00:00,18208.572999999997,18213.051,18205.44,18211.0065
2024-06-28 19:30:00+00:00,18211.989999999998,18216.017499999998,18189.989999999998,18201.94
2024-06-28 19:35:00+00:00,18203.012,18225.495499999997,18200.979,18223.9955
2024-06-28 19:40:00+00:00,18221.99,18241.017499999998,18218.4845,18235.001
2024-06-28 19:45:00+00:00,18235.44,18245.0065,18230.501,18242.001
2024-06-28 19:50:00+00:00,18241.001,18254.001,18230.012,18233.94
2024-06-28 19:55:00+00:00,18234.9845,18247.489999999998,18228.4845,18247.4845
2024-06-28 20:00:00+00:00,18250.017499999998,18250.017499999998,18250.017499999998,18250.017499999998
