Datetime,Open,High,Low,Close
2024-11-01 00:00:00+00:00,19100.222,19100.928,19081.778,19086.011
2024-11-01 00:05:00+00:00,19085.1,19089.0165,19083.039,19088.661
2024-11-01 00:10:00+00:00,19088.189000000002,19094.060999999998,19088.189000000002,19091.5
2024-11-01 00:15:00+00:00,19086.0,19089.060999999998,19072.983500000002,19082.5
2024-11-01 00:20:00+00:00,19081.9945,19094.0055,19081.9945,19089.45
2024-11-01 00:25:00+00:00,19089.928,19098.5055,19088.928,19098.5055
2024-11-01 00:30:00+00:00,19098.0055,19098.0055,19090.9945,19097.478
2024-11-01 00:35:00+00:00,19098.5055,19098.5055,19091.0,19091.9945
2024-11-01 00:40:00+00:00,19091.560999999998,19098.060999999998,19089.011,19096.0
2024-11-01 00:45:00+00:00,19094.016499999998,19096.0055,19088.0,19090.4945
2024-11-01 00:50:00+00:00,19090.9945,19094.5555,19084.9835,19085.4945
2024-11-01 00:55:00+00:00,19086.0,19087.516499999998,19078.939000000002,19080.989
2024-11-01 01:00:00+00:00,19080.5165,19089.95,19078.5055,19086.511
2024-11-01 01:05:00+00:00,19086.0,19088.428,19081.439000000002,19082.0055
2024-11-01 01:10:00+00:00,19080.9445,19085.983500000002,19078.0,19083.0
2024-11-01 01:15:00+00:00,19082.4945,19083.05,19076.989,19081.0
2024-11-01 01:20:00+00:00,19079.95,19088.9945,19079.560999999998,19080.933500000003
2024-11-01 01:25:00+00:00,19079.9945,19083.0055,19076.516499999998,19077.5055
2024-11-01 01:30:00+00:00,19076.5,19077.478,19065.511,19066.5055
2024-11-01 01:35:00+00:00,19065.939000000002,19077.989,19064.5,19074.9835
2024-11-01 01:40:00+00:00,19074.489,19078.433500000003,19073.5,19075.5555
2024-11-01 01:45:00+00:00,19075.0,19075.011,19067.478,19070.011
2024-11-01 01:50:00+00:00,19069.55,19071.016499999998,19063.95,19065.9945
2024-11-01 01:55:00+00:00,19065.0055,19072.5,19063.95,19071.0055
2024-11-01 02:00:00+00:00,19070.428,19070.9945,19062.0055,19062.5055
2024-11-01 02:05:00+00:00,19063.011,19066.05,19059.9945,19061.5055
2024-11-01 02:10:00+00:00,19061.0,19061.0,19043.0,19051.978
2024-11-01 02:15:00+00:00,19051.4835,19061.0055,19046.566499999997,19061.0055
2024-11-01 02:20:00+00:00,19061.5055,19070.9945,19059.989,19068.4945
2024-11-01 02:25:00+00:00,19069.0,19073.5,19068.983500000002,19072.5055
2024-11-01 02:30:00+00:00,19072.0165,19072.55,19066.939000000002,19068.933500000003
2024-11-01 02:35:00+00:00,19068.566499999997,19073.0,19067.0,19067.95
2024-11-01 02:40:00+00:00,19068.428,19072.489,19067.489,19068.0
2024-11-01 02:45:00+00:00,19068.983500000002,19075.428,19067.95,19072.566499999997
2024-11-01 02:50:00+00:00,19071.511,19075.4945,19069.016499999998,19075.4945
2024-11-01 02:55:00+00:00,19077.511,19077.511,19075.0055,19076.9445
2024-11-01 03:00:00+00:00,19075.95,19075.95,19070.0,19071.5
2024-11-01 03:05:00+00:00,19071.0555,19079.022,19070.011,19077.478
2024-11-01 03:10:00+00:00,19076.939000000002,19082.5055,19076.939000000002,19081.5
2024-11-01 03:15:00+00:00,19081.989,19082.5055,19076.439000000002,19077.5055
2024-11-01 03:20:00+00:00,19078.0555,19082.5555,19078.0555,19082.0055
2024-11-01 03:25:00+00:00,19081.511,19081.511,19073.983500000002,19077.011
2024-11-01 03:30:00+00:00,19077.4945,19082.511,19077.011,19081.4945
2024-11-01 03:35:00+00:00,19081.9945,19084.0055,19079.433500000003,19082.4835
2024-11-01 03:40:00+00:00,19081.439000000002,19083.9945,19080.0,19083.9945
2024-11-01 03:45:00+00:00,19084.5,19090.5,19083.978,19089.978
2024-11-01 03:50:00+00:00,19089.4945,19090.0055,19089.022,19089.022
2024-11-01 03:55:00+00:00,19089.95,19089.95,19079.511,19084.0555
2024-11-01 04:00:00+00:00,19084.5555,19085.4945,19080.4835,19084.4445
2024-11-01 04:05:00+00:00,19084.989,19084.989,19080.9945,19082.4835
2024-11-01 04:10:00+00:00,19081.9945,19086.428,19080.572,19080.572
2024-11-01 04:15:00+00:00,19080.011,19082.511,19076.9945,19077.433500000003
2024-11-01 04:20:00+00:00,19077.95,19080.433500000003,19075.489,19076.978
2024-11-01 04:25:00+00:00,19076.5,19078.4945,19075.4835,19077.066499999997
2024-11-01 04:30:00+00:00,19076.516499999998,19076.5165,19074.55,19076.4945
2024-11-01 04:35:00+00:00,19076.011,19079.0,19076.011,19077.5055
2024-11-01 04:40:00+00:00,19076.5555,19080.066499999997,19072.0555,19075.9835
2024-11-01 04:45:00+00:00,19075.4945,19075.4945,19068.560999999998,19070.983500000002
2024-11-01 04:50:00+00:00,19068.0,19074.45,19067.933500000003,19070.489
2024-11-01 04:55:00+00:00,19069.9945,19072.511,19069.439000000002,19072.511
2024-11-01 05:00:00+00:00,19073.572,19073.572,19067.011,19069.5555
2024-11-01 05:05:00+00:00,19069.9835,19075.560999999998,19069.9835,19071.0055
2024-11-01 05:10:00+00:00,19071.45,19071.928,19067.9945,19069.5
2024-11-01 05:15:00+00:00,19068.939000000002,19075.511,19067.9945,19075.5055
2024-11-01 05:20:00+00:00,19074.516499999998,19077.066499999997,19071.928,19073.0
2024-11-01 05:25:00+00:00,19072.483500000002,19077.0,19069.511,19074.989
2024-11-01 05:30:00+00:00,19074.5555,19075.022,19068.0055,19068.5165
2024-11-01 05:35:00+00:00,19068.011,19072.511,19067.478,19069.511
2024-11-01 05:40:00+00:00,19069.066499999997,19070.0055,19064.489,19065.4945
2024-11-01 05:45:00+00:00,19066.011,19066.9835,19061.5055,19065.9835
2024-11-01 05:50:00+00:00,19067.011,19067.011,19061.489,19067.0055
2024-11-01 05:55:00+00:00,19067.516499999998,19072.0,19064.983500000002,19068.022
2024-11-01 06:00:00+00:00,19067.572,19074.9945,19064.0,19074.9945
2024-11-01 06:05:00+00:00,19074.011,19074.55,19066.072,19071.439000000002
2024-11-01 06:10:00+00:00,19072.05,19073.0055,19068.5,19069.428
2024-11-01 06:15:00+00:00,19068.95,19069.5,19062.4945,19063.572
2024-11-01 06:20:00+00:00,19062.489,19065.0165,19060.011,19060.9945
2024-11-01 06:25:00+00:00,19061.560999999998,19063.55,19055.5055,19057.55
2024-11-01 06:30:00+00:00,19055.5055,19065.0,19055.5055,19065.0
2024-11-01 06:35:00+00:00,19064.5055,19064.9945,19061.989,19063.983500000002
2024-11-01 06:40:00+00:00,19064.572,19067.939000000002,19064.0,19066.489
2024-11-01 06:45:00+00:00,19066.983500000002,19071.060999999998,19066.0,19066.5055
2024-11-01 06:50:00+00:00,19066.011,19066.489,19054.0055,19058.5055
2024-11-01 06:55:00+00:00,19058.0,19060.0055,19056.978,19059.0555
2024-11-01 07:00:00+00:00,19058.511,19089.5555,19056.9945,19087.9945
2024-11-01 07:05:00+00:00,19088.5055,19088.5055,19064.989,19065.4835
2024-11-01 07:10:00+00:00,19066.060999999998,19073.072,19064.572,19068.5165
2024-11-01 07:15:00+00:00,19068.0055,19080.9945,19067.0,19073.483500000002
2024-11-01 07:20:00+00:00,19073.9945,19074.511,19063.4945,19066.0
2024-11-01 07:25:00+00:00,19066.522,19068.4945,19059.0,19067.011
2024-11-01 07:30:00+00:00,19067.5,19076.072,19062.989,19070.5
2024-11-01 07:35:00+00:00,19071.0165,19071.066499999997,19058.4835,19068.011
2024-11-01 07:40:00+00:00,19067.5,19077.489,19064.433500000003,19074.989
2024-11-01 07:45:00+00:00,19074.5165,19087.0555,19073.5165,19084.0
2024-11-01 07:50:00+00:00,19084.572,19094.983500000002,19082.989,19087.072
2024-11-01 07:55:00+00:00,19086.5055,19092.072,19081.9445,19085.0055
2024-11-01 08:00:00+00:00,19087.489,19106.0,19064.9945,19100.978
2024-11-01 08:05:00+00:00,19100.0055,19119.0,19091.9835,19113.9835
2024-11-01 08:10:00+00:00,19114.5055,19149.0,19114.0055,19145.0
2024-11-01 08:15:00+00:00,19144.428,19152.066499999997,19126.0,19132.0165
2024-11-01 08:20:00+00:00,19133.0055,19142.5,19125.5,19127.5055
2024-11-01 08:25:00+00:00,19128.9945,19142.0,19122.5,19140.5
2024-11-01 08:30:00+00:00,19140.0055,19147.05,19128.066499999997,19145.939000000002
2024-11-01 08:35:00+00:00,19147.0165,19154.022,19131.4945,19142.0
2024-11-01 08:40:00+00:00,19142.566499999997,19145.0,19127.0,19145.0
2024-11-01 08:45:00+00:00,19144.5,19147.0055,19130.478,19133.0165
2024-11-01 08:50:00+00:00,19135.489,19150.060999999998,19133.95,19137.5
2024-11-01 08:55:00+00:00,19136.989,19140.5055,19124.0055,19134.983500000002
2024-11-01 09:00:00+00:00,19136.0055,19148.978,19133.511,19147.9945
2024-11-01 09:05:00+00:00,19149.5,19156.489,19143.428,19154.5
2024-11-01 09:10:00+00:00,19153.95,19160.4945,19148.9945,19158.55
2024-11-01 09:15:00+00:00,19159.5,19162.478,19144.060999999998,19147.9945
2024-11-01 09:20:00+00:00,19149.4945,19165.072,19147.011,19165.0
2024-11-01 09:25:00+00:00,19165.5165,19172.439000000002,19162.5,19163.9945
2024-11-01 09:30:00+00:00,19162.978,19165.4945,19154.5,19164.0
2024-11-01 09:35:00+00:00,19165.0,19174.0055,19159.9945,19163.95
2024-11-01 09:40:00+00:00,19164.4835,19167.5055,19153.072,19159.4835
2024-11-01 09:45:00+00:00,19160.0055,19171.060999999998,19157.9445,19162.511
2024-11-01 09:50:00+00:00,19161.95,19170.9945,19161.0,19163.511
2024-11-01 09:55:00+00:00,19163.022,19168.5555,19161.0,19162.928
2024-11-01 10:00:00+00:00,19164.0555,19175.0,19164.0555,19172.989
2024-11-01 10:05:00+00:00,19172.5055,19177.011,19167.066499999997,19175.5
2024-11-01 10:10:00+00:00,19175.9445,19178.572,19167.572,19169.522
2024-11-01 10:15:00+00:00,19170.0,19172.9945,19158.9945,19170.933500000003
2024-11-01 10:20:00+00:00,19170.478,19172.5,19164.933500000003,19166.0055
2024-11-01 10:25:00+00:00,19166.439000000002,19179.072,19163.0,19163.983500000002
2024-11-01 10:30:00+00:00,19164.9835,19167.0055,19151.9945,19151.9945
2024-11-01 10:35:00+00:00,19151.4945,19165.011,19146.5555,19165.011
2024-11-01 10:40:00+00:00,19165.478,19172.566499999997,19163.9835,19167.0
2024-11-01 10:45:00+00:00,19166.5,19169.489,19163.928,19165.0
2024-11-01 10:50:00+00:00,19168.0,19185.0,19160.439000000002,19184.516499999998
2024-11-01 10:55:00+00:00,19184.0,19192.0,19179.989,19188.989
2024-11-01 11:00:00+00:00,19189.989,19194.016499999998,19184.066499999997,19185.516499999998
2024-11-01 11:05:00+00:00,19186.4945,19188.022,19179.933500000003,19185.989
2024-11-01 11:10:00+00:00,19185.55,19186.9445,19177.95,19181.5055
2024-11-01 11:15:00+00:00,19182.4835,19187.5,19178.978,19186.9835
2024-11-01 11:20:00+00:00,19186.4945,19191.5,19186.0,19191.0
2024-11-01 11:25:00+00:00,19190.511,19195.5,19185.989,19189.5055
2024-11-01 11:30:00+00:00,19189.0,19204.572,19187.011,19202.0
2024-11-01 11:35:00+00:00,19200.9945,19212.0055,19195.5055,19196.0
2024-11-01 11:40:00+00:00,19197.0555,19201.0055,19191.933500000003,19197.0055
2024-11-01 11:45:00+00:00,19196.5055,19199.0,19186.516499999998,19190.016499999998
2024-11-01 11:50:00+00:00,19191.560999999998,19204.9445,19190.933500000003,19203.05
2024-11-01 11:55:00+00:00,19204.5,19207.560999999998,19199.928,19202.0
2024-11-01 12:00:00+00:00,19202.5055,19208.0055,19191.0,19195.511
2024-11-01 12:05:00+00:00,19195.060999999998,19196.5165,19186.478,19189.0055
2024-11-01 12:10:00+00:00,19190.0165,19195.011,19188.0055,19188.989
2024-11-01 12:15:00+00:00,19189.4945,19190.5555,19181.989,19189.0
2024-11-01 12:20:00+00:00,19188.5055,19192.511,19180.5055,19191.9445
2024-11-01 12:25:00+00:00,19192.4835,19196.4945,19184.05,19184.05
2024-11-01 12:30:00+00:00,19183.016499999998,19201.433500000003,19171.5,19181.0055
2024-11-01 12:35:00+00:00,19180.566499999997,19192.0555,19171.0055,19173.011
2024-11-01 12:40:00+00:00,19172.45,19198.011,19172.45,19195.5165
2024-11-01 12:45:00+00:00,19195.011,19195.5,19179.45,19186.95
2024-11-01 12:50:00+00:00,19187.483500000002,19204.5165,19182.95,19204.0055
2024-11-01 12:55:00+00:00,19203.0,19215.060999999998,19195.933500000003,19209.978
2024-11-01 13:00:00+00:00,19209.4945,19211.060999999998,19200.0,19200.983500000002
2024-11-01 13:05:00+00:00,19202.0,19217.9945,19199.95,19216.0055
2024-11-01 13:10:00+00:00,19216.45,19225.5055,19211.45,19219.4945
2024-11-01 13:15:00+00:00,19220.060999999998,19224.5165,19213.478,19222.566499999997
2024-11-01 13:20:00+00:00,19222.0055,19226.5555,19217.5055,19226.011
2024-11-01 13:25:00+00:00,19226.4945,19230.4945,19222.989,19229.0
2024-11-01 13:30:00+00:00,19228.439000000002,19237.5055,19211.983500000002,19232.478
2024-11-01 13:35:00+00:00,19232.989,19238.0055,19220.989,19231.4945
2024-11-01 13:40:00+00:00,19232.0055,19234.933500000003,19216.4945,19218.95
2024-11-01 13:45:00+00:00,19220.022,19229.016499999998,19206.560999999998,19227.983500000002
2024-11-01 13:50:00+00:00,19226.989,19230.022,19219.928,19223.433500000003
2024-11-01 13:55:00+00:00,19223.0055,19226.011,19211.5,19218.511
2024-11-01 14:00:00+00:00,19221.9835,19232.016499999998,19214.522,19222.9945
2024-11-01 14:05:00+00:00,19223.560999999998,19236.5055,19220.939000000002,19233.989
2024-11-01 14:10:00+00:00,19233.511,19237.572,19226.939000000002,19231.9945
2024-11-01 14:15:00+00:00,19231.5,19240.4945,19227.983500000002,19239.489
2024-11-01 14:20:00+00:00,19240.478,19241.511,19228.9945,19230.9945
2024-11-01 14:25:00+00:00,19231.45,19243.0,19228.433500000003,19243.0
2024-11-01 14:30:00+00:00,19244.5,19255.011,19233.989,19240.9945
2024-11-01 14:35:00+00:00,19241.4445,19252.572,19241.4445,19250.428
2024-11-01 14:40:00+00:00,19251.4945,19254.0,19231.939000000002,19237.0
2024-11-01 14:45:00+00:00,19237.5055,19248.572,19224.989,19248.572
2024-11-01 14:50:00+00:00,19249.4945,19249.5055,19232.4835,19243.9945
2024-11-01 14:55:00+00:00,19243.511,19262.0055,19243.0,19260.0555
2024-11-01 15:00:00+00:00,19258.9945,19274.066499999997,19257.011,19274.011
2024-11-01 15:05:00+00:00,19273.439000000002,19274.478,19258.066499999997,19261.516499999998
2024-11-01 15:10:00+00:00,19262.4945,19280.0555,19262.4945,19279.0055
2024-11-01 15:15:00+00:00,19278.428,19289.511,19277.45,19289.016499999998
2024-11-01 15:20:00+00:00,19289.4445,19289.4445,19274.516499999998,19283.5
2024-11-01 15:25:00+00:00,19284.511,19294.983500000002,19283.011,19294.9835
2024-11-01 15:30:00+00:00,19295.933500000003,19297.560999999998,19287.983500000002,19292.05
2024-11-01 15:35:00+00:00,19291.5,19297.989,19288.939000000002,19295.5
2024-11-01 15:40:00+00:00,19294.939000000002,19296.5,19281.072,19285.9945
2024-11-01 15:45:00+00:00,19286.489,19291.0,19282.939000000002,19285.516499999998
2024-11-01 15:50:00+00:00,19286.016499999998,19287.9945,19271.989,19286.928
2024-11-01 15:55:00+00:00,19286.5,19287.011,19277.9445,19279.572
2024-11-01 16:00:00+00:00,19279.0,19297.05,19279.0,19293.428
2024-11-01 16:05:00+00:00,19292.933500000003,19293.0055,19284.4835,19290.522
2024-11-01 16:10:00+00:00,19289.989,19294.516499999998,19276.9835,19277.9945
2024-11-01 16:15:00+00:00,19277.011,19280.9945,19267.928,19280.9945
2024-11-01 16:20:00+00:00,19280.489,19281.022,19261.4445,19263.4945
2024-11-01 16:25:00+00:00,19264.011,19264.011,19252.933500000003,19252.933500000003
2024-11-01 16:30:00+00:00,19252.0,19262.4945,19249.489,19261.5055
2024-11-01 16:35:00+00:00,19259.511,19262.011,19253.478,19261.4945
2024-11-01 16:40:00+00:00,19261.011,19261.011,19237.489,19239.4945
2024-11-01 16:45:00+00:00,19240.0,19246.5165,19236.989,19241.439000000002
2024-11-01 16:50:00+00:00,19240.939000000002,19245.066499999997,19235.5055,19237.516499999998
2024-11-01 16:55:00+00:00,19236.939000000002,19241.0165,19232.5,19234.983500000002
2024-11-01 17:00:00+00:00,19235.489,19240.522,19233.45,19239.022
2024-11-01 17:05:00+00:00,19238.0,19238.5555,19222.4445,19229.4945
2024-11-01 17:10:00+00:00,19229.0055,19239.511,19224.0,19236.439000000002
2024-11-01 17:15:00+00:00,19235.9445,19244.989,19235.9445,19239.933500000003
2024-11-01 17:20:00+00:00,19240.5165,19255.016499999998,19239.989,19250.5
2024-11-01 17:25:00+00:00,19250.016499999998,19256.0,19248.478,19251.5165
2024-11-01 17:30:00+00:00,19252.0,19252.0,19227.0,19227.5055
2024-11-01 17:35:00+00:00,19226.989,19234.011,19221.0,19226.011
2024-11-01 17:40:00+00:00,19225.5,19229.9445,19222.5,19227.572
2024-11-01 17:45:00+00:00,19228.0055,19230.5,19222.928,19225.9835
2024-11-01 17:50:00+00:00,19225.5165,19239.511,19225.5165,19236.05
2024-11-01 17:55:00+00:00,19235.4945,19236.0055,19222.483500000002,19224.983500000002
2024-11-01 18:00:00+00:00,19224.5,19232.011,19221.989,19232.011
2024-11-01 18:05:00+00:00,19232.489,19232.489,19213.9445,19218.0055
2024-11-01 18:10:00+00:00,19217.489,19220.0165,19211.95,19218.060999999998
2024-11-01 18:15:00+00:00,19217.011,19223.072,19212.516499999998,19216.0
2024-11-01 18:20:00+00:00,19215.439000000002,19225.5,19211.022,19225.5
2024-11-01 18:25:00+00:00,19225.989,19227.9945,19220.4445,19222.489
2024-11-01 18:30:00+00:00,19223.0,19226.566499999997,19217.45,19224.5055
2024-11-01 18:35:00+00:00,19224.0,19230.016499999998,19221.5,19228.9945
2024-11-01 18:40:00+00:00,19228.566499999997,19231.55,19223.4445,19231.55
2024-11-01 18:45:00+00:00,19231.05,19236.016499999998,19223.989,19228.5165
2024-11-01 18:50:00+00:00,19229.0,19234.016499999998,19228.928,19231.0165
2024-11-01 18:55:00+00:00,19232.0165,19237.4835,19230.428,19234.5
2024-11-01 19:00:00+00:00,19234.066499999997,19234.572,19227.516499999998,19230.9945
2024-11-01 19:05:00+00:00,19230.55,19243.072,19229.433500000003,19241.0
2024-11-01 19:10:00+00:00,19241.560999999998,19242.011,19235.9835,19241.5
2024-11-01 19:15:00+00:00,19242.0,19242.0,19236.439000000002,19239.5
2024-11-01 19:20:00+00:00,19240.0,19241.0555,19233.5055,19234.483500000002
2024-11-01 19:25:00+00:00,19234.928,19235.5055,19223.0,19225.0055
2024-11-01 19:30:00+00:00,19224.4945,19228.0,19220.439000000002,19223.560999999998
2024-11-01 19:35:00+00:00,19223.0055,19225.511,19219.45,19223.0
2024-11-01 19:40:00+00:00,19222.511,19234.433500000003,19221.489,19226.5
2024-11-01 19:45:00+00:00,19226.0165,19229.516499999998,19221.5,19224.0055
2024-11-01 19:50:00+00:00,19222.011,19222.011,19210.95,19218.989
2024-11-01 19:55:00+00:00,19218.0,19228.428,19217.4945,19226.0055
2024-11-01 20:00:00+00:00,19225.066499999997,19228.978,19222.0,19226.5
2024-11-01 20:05:00+00:00,19226.95,19229.566499999997,19224.989,19227.05
2024-11-01 20:10:00+00:00,19226.511,19232.022,19226.011,19230.511
2024-11-01 20:15:00+00:00,19229.9945,19231.5165,19224.5,19227.4445
2024-11-01 20:20:00+00:00,19227.939000000002,19227.939000000002,19222.478,19222.511
2024-11-01 20:25:00+00:00,19223.489,19226.5,19223.483500000002,19226.5
2024-11-01 20:30:00+00:00,19225.511,19227.0165,19224.4835,19225.5055
2024-11-01 20:35:00+00:00,19226.0055,19227.516499999998,19224.5,19225.0055
2024-11-01 20:40:00+00:00,19224.45,19227.4945,19224.45,19225.989
2024-11-01 20:45:00+00:00,19226.5055,19228.522,19225.9835,19226.483500000002
2024-11-01 20:50:00+00:00,19225.9445,19227.516499999998,19224.522,19225.5
2024-11-01 20:55:00+00:00,19226.066499999997,19229.9945,19223.933500000003,19229.489
2024-11-04 00:00:00+00:00,19203.7945,19203.7945,19179.911,19190.289
2024-11-04 00:05:00+00:00,19191.1,19197.0,19188.616499999996,19192.0
2024-11-04 00:10:00+00:00,19192.4,19198.7165,19190.360999999997,19198.7165
2024-11-04 00:15:00+00:00,19194.4945,19197.5,19179.0,19190.928
2024-11-04 00:20:00+00:00,19191.0,19199.5055,19189.516499999998,19196.933500000003
2024-11-04 00:25:00+00:00,19196.566499999997,19204.5055,19194.9945,19197.5165
2024-11-04 00:30:00+00:00,19198.0,19204.989,19193.489,19200.428
2024-11-04 00:35:00+00:00,19200.0,19204.072,19194.9945,19199.0055
2024-11-04 00:40:00+00:00,19198.45,19203.066499999997,19198.45,19201.5
2024-11-04 00:45:00+00:00,19200.483500000002,19207.066499999997,19197.95,19205.5055
2024-11-04 00:50:00+00:00,19205.072,19215.9945,19202.4445,19211.511
2024-11-04 00:55:00+00:00,19213.560999999998,19215.011,19207.5555,19208.9445
2024-11-04 01:00:00+00:00,19209.489,19220.0055,19209.489,19218.0
2024-11-04 01:05:00+00:00,19217.5055,19220.5,19210.0,19219.072
2024-11-04 01:10:00+00:00,19218.489,19220.5555,19216.55,19216.9445
2024-11-04 01:15:00+00:00,19217.5,19231.066499999997,19217.0165,19229.989
2024-11-04 01:20:00+00:00,19230.516499999998,19235.989,19228.060999999998,19228.9945
2024-11-04 01:25:00+00:00,19229.5,19236.0,19227.5055,19232.072
2024-11-04 01:30:00+00:00,19232.566499999997,19239.0055,19231.978,19233.489
2024-11-04 01:35:00+00:00,19233.9445,19235.9835,19220.9945,19224.5
2024-11-04 01:40:00+00:00,19225.9945,19231.022,19225.983500000002,19229.016499999998
2024-11-04 01:45:00+00:00,19228.489,19238.072,19227.5,19236.0
2024-11-04 01:50:00+00:00,19236.4945,19237.5055,19230.428,19231.05
2024-11-04 01:55:00+00:00,19230.4945,19243.522,19230.489,19236.478
2024-11-04 02:00:00+00:00,19235.9945,19241.516499999998,19234.522,19237.0
2024-11-04 02:05:00+00:00,19238.05,19244.0555,19235.45,19243.0555
2024-11-04 02:10:00+00:00,19242.489,19242.489,19234.0,19234.522
2024-11-04 02:15:00+00:00,19233.566499999997,19244.5055,19233.4445,19243.5
2024-11-04 02:20:00+00:00,19242.516499999998,19254.489,19239.928,19251.4945
2024-11-04 02:25:00+00:00,19251.0,19259.511,19249.989,19258.0
2024-11-04 02:30:00+00:00,19259.433500000003,19266.978,19253.989,19256.5055
2024-11-04 02:35:00+00:00,19255.989,19262.566499999997,19254.5,19260.522
2024-11-04 02:40:00+00:00,19259.9445,19262.572,19253.5055,19253.5055
2024-11-04 02:45:00+00:00,19255.011,19260.0055,19254.0,19254.989
2024-11-04 02:50:00+00:00,19255.5,19256.0,19251.5,19253.0
2024-11-04 02:55:00+00:00,19253.5,19253.5,19248.5,19250.95
2024-11-04 03:00:00+00:00,19252.4945,19255.9445,19248.978,19251.072
2024-11-04 03:05:00+00:00,19251.560999999998,19254.0,19249.5055,19252.489
2024-11-04 03:10:00+00:00,19252.9945,19262.0,19252.5055,19257.4945
2024-11-04 03:15:00+00:00,19256.9945,19263.066499999997,19256.572,19260.4945
2024-11-04 03:20:00+00:00,19259.55,19265.4945,19256.572,19263.4945
2024-11-04 03:25:00+00:00,19263.072,19265.060999999998,19260.9835,19263.5
2024-11-04 03:30:00+00:00,19264.0,19268.05,19258.55,19260.433500000003
2024-11-04 03:35:00+00:00,19259.989,19265.516499999998,19259.5555,19262.05
2024-11-04 03:40:00+00:00,19262.5555,19263.0055,19257.978,19257.978
2024-11-04 03:45:00+00:00,19257.4945,19268.516499999998,19257.4835,19268.4945
2024-11-04 03:50:00+00:00,19268.0055,19268.0055,19263.4945,19265.4945
2024-11-04 03:55:00+00:00,19264.022,19266.5555,19264.022,19266.0
2024-11-04 04:00:00+00:00,19265.5165,19265.5165,19259.433500000003,19261.566499999997
2024-11-04 04:05:00+00:00,19260.95,19261.511,19257.478,19259.0
2024-11-04 04:10:00+00:00,19258.489,19261.016499999998,19255.433500000003,19261.016499999998
2024-11-04 04:15:00+00:00,19260.428,19260.428,19251.489,19252.4445
2024-11-04 04:20:00+00:00,19253.011,19260.0055,19253.011,19255.511
2024-11-04 04:25:00+00:00,19254.928,19262.978,19254.5,19261.45
2024-11-04 04:30:00+00:00,19261.9945,19262.4945,19256.55,19257.511
2024-11-04 04:35:00+00:00,19258.4945,19262.489,19258.428,19261.4945
2024-11-04 04:40:00+00:00,19262.0055,19268.0555,19260.0,19267.989
2024-11-04 04:45:00+00:00,19270.0,19272.9945,19265.4835,19266.928
2024-11-04 04:50:00+00:00,19267.560999999998,19267.560999999998,19264.428,19265.5
2024-11-04 04:55:00+00:00,19266.05,19266.05,19260.5055,19262.4445
2024-11-04 05:00:00+00:00,19261.45,19267.511,19256.0,19260.489
2024-11-04 05:05:00+00:00,19261.5,19262.489,19247.95,19250.0
2024-11-04 05:10:00+00:00,19249.4835,19254.9835,19249.4835,19253.5
2024-11-04 05:15:00+00:00,19254.522,19255.428,19250.4945,19251.4945
2024-11-04 05:20:00+00:00,19252.066499999997,19255.016499999998,19250.5,19251.0055
2024-11-04 05:25:00+00:00,19251.511,19253.4445,19246.5,19253.0
2024-11-04 05:30:00+00:00,19253.5,19255.522,19251.511,19253.560999999998
2024-11-04 05:35:00+00:00,19252.516499999998,19255.928,19252.516499999998,19255.928
2024-11-04 05:40:00+00:00,19254.0055,19258.5165,19254.0055,19255.9945
2024-11-04 05:45:00+00:00,19256.439000000002,19256.516499999998,19253.9445,19256.060999999998
2024-11-04 05:50:00+00:00,19256.489,19256.5165,19255.011,19256.011
2024-11-04 05:55:00+00:00,19256.511,19266.0055,19256.511,19266.0055
2024-11-04 06:00:00+00:00,19265.0555,19273.55,19263.9835,19271.939000000002
2024-11-04 06:05:00+00:00,19272.439000000002,19277.022,19269.928,19270.928
2024-11-04 06:10:00+00:00,19271.489,19278.9835,19270.511,19273.9445
2024-11-04 06:15:00+00:00,19274.5055,19278.9945,19273.011,19273.572
2024-11-04 06:20:00+00:00,19273.9945,19278.55,19270.9945,19277.5
2024-11-04 06:25:00+00:00,19276.489,19277.072,19273.511,19274.0
2024-11-04 06:30:00+00:00,19273.5055,19276.011,19265.483500000002,19267.0555
2024-11-04 06:35:00+00:00,19266.516499999998,19267.072,19261.511,19265.489
2024-11-04 06:40:00+00:00,19265.933500000003,19279.939000000002,19265.45,19275.9835
2024-11-04 06:45:00+00:00,19276.5555,19279.5,19271.928,19276.4835
2024-11-04 06:50:00+00:00,19277.5555,19280.011,19269.0055,19272.0
2024-11-04 06:55:00+00:00,19271.5,19279.0555,19263.478,19268.5055
2024-11-04 07:00:00+00:00,19266.989,19286.489,19265.572,19275.4945
2024-11-04 07:05:00+00:00,19275.022,19287.0555,19273.9945,19286.5555
2024-11-04 07:10:00+00:00,19285.45,19286.572,19278.066499999997,19282.5055
2024-11-04 07:15:00+00:00,19281.9945,19286.572,19278.933500000003,19280.489
2024-11-04 07:20:00+00:00,19280.989,19282.572,19278.5055,19280.5
2024-11-04 07:25:00+00:00,19281.511,19294.560999999998,19280.4835,19289.489
2024-11-04 07:30:00+00:00,19290.05,19290.05,19267.933500000003,19270.4945
2024-11-04 07:35:00+00:00,19270.9945,19272.511,19257.489,19263.478
2024-11-04 07:40:00+00:00,19263.989,19263.989,19251.939000000002,19254.5055
2024-11-04 07:45:00+00:00,19253.939000000002,19255.5055,19241.0,19244.9945
2024-11-04 07:50:00+00:00,19246.0055,19246.05,19232.5,19238.5055
2024-11-04 07:55:00+00:00,19237.5055,19240.433500000003,19228.5,19230.5555
2024-11-04 08:00:00+00:00,19229.939000000002,19246.011,19222.5,19236.483500000002
2024-11-04 08:05:00+00:00,19235.4445,19243.4945,19225.489,19227.516499999998
2024-11-04 08:10:00+00:00,19226.4945,19233.45,19216.439000000002,19233.45
2024-11-04 08:15:00+00:00,19233.9945,19243.55,19229.0,19234.566499999997
2024-11-04 08:20:00+00:00,19235.5055,19252.516499999998,19233.4945,19247.4945
2024-11-04 08:25:00+00:00,19246.4835,19252.428,19236.4945,19248.5055
2024-11-04 08:30:00+00:00,19246.428,19260.439000000002,19224.483500000002,19232.4445
2024-11-04 08:35:00+00:00,19231.489,19242.439000000002,19223.989,19240.5055
2024-11-04 08:40:00+00:00,19238.489,19238.572,19222.428,19226.9945
2024-11-04 08:45:00+00:00,19226.5,19228.489,19214.4835,19214.4835
2024-11-04 08:50:00+00:00,19215.511,19232.566499999997,19212.978,19218.511
2024-11-04 08:55:00+00:00,19223.022,19234.5,19216.439000000002,19234.483500000002
2024-11-04 09:00:00+00:00,19232.439000000002,19237.560999999998,19216.55,19228.522
2024-11-04 09:05:00+00:00,19228.0,19248.072,19226.0,19247.516499999998
2024-11-04 09:10:00+00:00,19246.9945,19256.572,19230.478,19232.439000000002
2024-11-04 09:15:00+00:00,19233.5055,19235.5555,19220.4445,19225.572
2024-11-04 09:20:00+00:00,19224.572,19234.489,19217.928,19223.478
2024-11-04 09:25:00+00:00,19222.511,19241.45,19222.511,19238.016499999998
2024-11-04 09:30:00+00:00,19237.55,19249.560999999998,19237.0,19242.489
2024-11-04 09:35:00+00:00,19242.0055,19250.5,19236.9445,19250.0
2024-11-04 09:40:00+00:00,19250.4835,19262.9835,19243.5165,19262.522
2024-11-04 09:45:00+00:00,19259.9445,19273.933500000003,19258.5,19273.0055
2024-11-04 09:50:00+00:00,19273.5,19275.5,19258.433500000003,19260.9945
2024-11-04 09:55:00+00:00,19259.933500000003,19271.060999999998,19255.939000000002,19269.433500000003
2024-11-04 10:00:00+00:00,19268.566499999997,19282.0165,19265.060999999998,19276.572
2024-11-04 10:05:00+00:00,19276.011,19286.489,19276.011,19283.5055
2024-11-04 10:10:00+00:00,19284.5,19284.5,19271.489,19273.5
2024-11-04 10:15:00+00:00,19273.939000000002,19274.5,19260.4945,19266.511
2024-11-04 10:20:00+00:00,19267.4945,19275.0,19264.5,19270.566499999997
2024-11-04 10:25:00+00:00,19271.572,19278.072,19265.45,19266.928
2024-11-04 10:30:00+00:00,19267.4945,19274.011,19261.5,19273.9945
2024-11-04 10:35:00+00:00,19274.572,19281.5055,19271.478,19273.516499999998
2024-11-04 10:40:00+00:00,19273.060999999998,19277.572,19267.428,19273.978
2024-11-04 10:45:00+00:00,19274.5,19275.5055,19265.45,19272.4835
2024-11-04 10:50:00+00:00,19273.4945,19277.566499999997,19265.5555,19272.5055
2024-11-04 10:55:00+00:00,19271.9945,19272.522,19264.489,19268.5055
2024-11-04 11:00:00+00:00,19268.9835,19279.572,19268.5,19278.5
2024-11-04 11:05:00+00:00,19277.9945,19280.45,19269.439000000002,19278.45
2024-11-04 11:10:00+00:00,19279.5,19280.0,19262.989,19265.55
2024-11-04 11:15:00+00:00,19266.0165,19272.5055,19263.566499999997,19267.066499999997
2024-11-04 11:20:00+00:00,19266.489,19266.489,19256.9445,19258.072
2024-11-04 11:25:00+00:00,19257.4835,19261.560999999998,19246.45,19246.522
2024-11-04 11:30:00+00:00,19247.05,19258.0055,19245.9945,19255.428
2024-11-04 11:35:00+00:00,19254.5,19256.5,19242.0,19248.516499999998
2024-11-04 11:40:00+00:00,19249.5,19262.0,19246.4945,19261.4835
2024-11-04 11:45:00+00:00,19260.4945,19263.0,19255.428,19259.4445
2024-11-04 11:50:00+00:00,19260.45,19265.5165,19252.478,19253.0
2024-11-04 11:55:00+00:00,19252.511,19253.9945,19245.5,19247.0
2024-11-04 12:00:00+00:00,19247.4445,19252.516499999998,19244.45,19244.45
2024-11-04 12:05:00+00:00,19245.989,19253.5055,19240.4945,19247.5055
2024-11-04 12:10:00+00:00,19248.072,19253.05,19243.511,19252.55
2024-11-04 12:15:00+00:00,19252.011,19256.5165,19244.5,19244.5
2024-11-04 12:20:00+00:00,19245.560999999998,19246.4945,19239.066499999997,19240.5
2024-11-04 12:25:00+00:00,19239.560999999998,19242.4945,19218.4835,19223.4945
2024-11-04 12:30:00+00:00,19222.928,19237.939000000002,19222.928,19237.0
2024-11-04 12:35:00+00:00,19236.511,19241.511,19232.511,19239.4445
2024-11-04 12:40:00+00:00,19239.022,19239.560999999998,19225.4835,19232.4835
2024-11-04 12:45:00+00:00,19233.060999999998,19244.516499999998,19232.572,19244.5
2024-11-04 12:50:00+00:00,19245.5055,19248.5055,19238.522,19239.4945
2024-11-04 12:55:00+00:00,19240.011,19250.0055,19239.433500000003,19248.566499999997
2024-11-04 13:00:00+00:00,19247.511,19252.55,19244.489,19251.066499999997
2024-11-04 13:05:00+00:00,19251.4945,19254.4945,19239.011,19239.011
2024-11-04 13:10:00+00:00,19239.516499999998,19240.060999999998,19232.5,19234.5055
2024-11-04 13:15:00+00:00,19231.9445,19236.0055,19221.4445,19234.522
2024-11-04 13:20:00+00:00,19234.933500000003,19238.4945,19216.933500000003,19217.516499999998
2024-11-04 13:25:00+00:00,19216.5,19224.0,19212.95,19224.0
2024-11-04 13:30:00+00:00,19223.522,19224.5,19213.9445,19215.9445
2024-11-04 13:35:00+00:00,19215.5055,19216.45,19207.5165,19208.5
2024-11-04 13:40:00+00:00,19207.55,19208.428,19198.978,19199.5055
2024-11-04 13:45:00+00:00,19200.022,19201.5,19188.0,19192.45
2024-11-04 13:50:00+00:00,19192.989,19195.4945,19182.933500000003,19191.5
2024-11-04 13:55:00+00:00,19192.5165,19197.0,19184.4445,19194.5055
2024-11-04 14:00:00+00:00,19192.072,19194.5055,19185.5055,19193.4835
2024-11-04 14:05:00+00:00,19192.9945,19204.566499999997,19189.4945,19201.5055
2024-11-04 14:10:00+00:00,19200.5555,19200.5555,19187.0,19187.5055
2024-11-04 14:15:00+00:00,19187.022,19197.016499999998,19185.5,19191.5
2024-11-04 14:20:00+00:00,19191.016499999998,19191.5,19169.989,19189.489
2024-11-04 14:25:00+00:00,19187.05,19195.566499999997,19180.4945,19192.5
2024-11-04 14:30:00+00:00,19191.0055,19193.4945,19166.022,19170.522
2024-11-04 14:35:00+00:00,19171.4945,19178.516499999998,19157.483500000002,19163.483500000002
2024-11-04 14:40:00+00:00,19163.0055,19181.483500000002,19158.478,19178.566499999997
2024-11-04 14:45:00+00:00,19178.9945,19187.0055,19174.4945,19177.5
2024-11-04 14:50:00+00:00,19178.4445,19178.5055,19162.0,19171.022
2024-11-04 14:55:00+00:00,19170.4945,19190.5165,19169.5555,19181.5055
2024-11-04 15:00:00+00:00,19181.05,19188.45,19171.4945,19179.511
2024-11-04 15:05:00+00:00,19179.978,19191.4945,19175.433500000003,19188.0055
2024-11-04 15:10:00+00:00,19188.4945,19198.4945,19186.439000000002,19191.566499999997
2024-11-04 15:15:00+00:00,19192.5,19205.478,19188.5,19200.4945
2024-11-04 15:20:00+00:00,19200.933500000003,19214.511,19199.4445,19212.566499999997
2024-11-04 15:25:00+00:00,19212.060999999998,19217.011,19204.433500000003,19210.478
2024-11-04 15:30:00+00:00,19211.4945,19217.0055,19205.4945,19208.5555
2024-11-04 15:35:00+00:00,19209.511,19209.5555,19198.566499999997,19202.011
2024-11-04 15:40:00+00:00,19202.560999999998,19211.572,19195.016499999998,19207.5055
2024-11-04 15:45:00+00:00,19209.0055,19211.5,19186.4945,19209.511
2024-11-04 15:50:00+00:00,19210.516499999998,19212.0555,19204.5,19204.5
2024-11-04 15:55:00+00:00,19202.9835,19205.016499999998,19189.9945,19190.439000000002
2024-11-04 16:00:00+00:00,19192.4445,19196.060999999998,19164.4945,19170.55
2024-11-04 16:05:00+00:00,19170.0,19175.516499999998,19166.5,19173.516499999998
2024-11-04 16:10:00+00:00,19174.066499999997,19182.5,19173.9445,19175.4945
2024-11-04 16:15:00+00:00,19175.0,19185.483500000002,19172.9835,19173.511
2024-11-04 16:20:00+00:00,19173.95,19175.978,19167.566499999997,19168.5555
2024-11-04 16:25:00+00:00,19167.9945,19170.560999999998,19162.939000000002,19164.9945
2024-11-04 16:30:00+00:00,19163.5555,19165.072,19142.4945,19152.0165
2024-11-04 16:35:00+00:00,19152.511,19153.5555,19140.0055,19142.5
2024-11-04 16:40:00+00:00,19141.9945,19142.9945,19122.933500000003,19129.511
2024-11-04 16:45:00+00:00,19128.428,19129.566499999997,19111.978,19113.5055
2024-11-04 16:50:00+00:00,19112.9945,19123.483500000002,19111.45,19118.522
2024-11-04 16:55:00+00:00,19118.989,19118.989,19102.0165,19111.5055
2024-11-04 17:00:00+00:00,19111.983500000002,19119.0055,19107.0555,19107.0555
2024-11-04 17:05:00+00:00,19107.516499999998,19110.022,19096.060999999998,19097.433500000003
2024-11-04 17:10:00+00:00,19097.011,19117.572,19095.55,19116.5555
2024-11-04 17:15:00+00:00,19115.939000000002,19122.066499999997,19111.45,19121.5
2024-11-04 17:20:00+00:00,19120.989,19136.4945,19120.55,19133.483500000002
2024-11-04 17:25:00+00:00,19133.0055,19139.522,19130.0,19132.0
2024-11-04 17:30:00+00:00,19131.5555,19136.5165,19126.9835,19130.5555
2024-11-04 17:35:00+00:00,19130.9945,19135.016499999998,19130.4835,19131.5
2024-11-04 17:40:00+00:00,19132.0,19140.022,19131.05,19137.0
2024-11-04 17:45:00+00:00,19137.5055,19147.011,19136.511,19146.5
2024-11-04 17:50:00+00:00,19147.9445,19151.566499999997,19142.933500000003,19145.4445
2024-11-04 17:55:00+00:00,19146.516499999998,19148.572,19142.9835,19143.022
2024-11-04 18:00:00+00:00,19143.5555,19146.4445,19134.5,19137.0
2024-11-04 18:05:00+00:00,19137.4445,19141.0055,19118.489,19124.5055
2024-11-04 18:10:00+00:00,19125.011,19146.022,19125.011,19139.522
2024-11-04 18:15:00+00:00,19138.983500000002,19144.011,19136.933500000003,19139.0
2024-11-04 18:20:00+00:00,19138.5,19145.9945,19135.5,19143.5165
2024-11-04 18:25:00+00:00,19142.989,19147.072,19135.483500000002,19139.5
2024-11-04 18:30:00+00:00,19138.0055,19144.55,19135.0165,19144.489
2024-11-04 18:35:00+00:00,19143.9945,19147.560999999998,19143.428,19146.4945
2024-11-04 18:40:00+00:00,19146.989,19151.5055,19145.9835,19149.511
2024-11-04 18:45:00+00:00,19149.0,19155.572,19148.489,19152.5
2024-11-04 18:50:00+00:00,19152.0055,19153.0555,19148.5,19148.511
2024-11-04 18:55:00+00:00,19148.060999999998,19148.066499999997,19143.9835,19146.066499999997
2024-11-04 19:00:00+00:00,19146.5,19150.0,19145.4835,19146.4945
2024-11-04 19:05:00+00:00,19146.933500000003,19153.0555,19145.9835,19149.5
2024-11-04 19:10:00+00:00,19148.933500000003,19152.9945,19148.511,19152.5
2024-11-04 19:15:00+00:00,19152.9945,19153.4835,19145.0,19145.489
2024-11-04 19:20:00+00:00,19144.989,19148.5,19143.9835,19144.511
2024-11-04 19:25:00+00:00,19145.55,19147.522,19137.9835,19139.511
2024-11-04 19:30:00+00:00,19139.022,19148.5555,19135.478,19148.4445
2024-11-04 19:35:00+00:00,19147.933500000003,19154.0055,19145.45,19153.439000000002
2024-11-04 19:40:00+00:00,19152.978,19154.516499999998,19147.4945,19148.5
2024-11-04 19:45:00+00:00,19148.9945,19150.55,19146.0055,19149.511
2024-11-04 19:50:00+00:00,19148.5,19151.072,19145.522,19146.489
2024-11-04 19:55:00+00:00,19147.0055,19152.566499999997,19146.4445,19146.5165
2024-11-04 20:00:00+00:00,19147.016499999998,19150.016499999998,19144.511,19146.989
2024-11-04 20:05:00+00:00,19146.5,19149.066499999997,19145.928,19146.989
2024-11-04 20:10:00+00:00,19146.5,19148.516499999998,19143.978,19144.5
2024-11-04 20:15:00+00:00,19144.05,19147.45,19140.478,19146.439000000002
2024-11-04 20:20:00+00:00,19147.0055,19147.0055,19138.478,19140.566499999997
2024-11-04 20:25:00+00:00,19141.0165,19145.572,19139.483500000002,19139.483500000002
2024-11-04 20:30:00+00:00,19139.9445,19139.9445,19128.55,19128.989
2024-11-04 20:35:00+00:00,19129.489,19129.989,19118.066499999997,19120.489
2024-11-04 20:40:00+00:00,19120.9835,19133.511,19120.0165,19126.5
2024-11-04 20:45:00+00:00,19127.560999999998,19131.5055,19127.072,19129.516499999998
2024-11-04 20:50:00+00:00,19127.939000000002,19131.022,19126.439000000002,19129.572
2024-11-04 20:55:00+00:00,19129.9945,19136.022,19123.478,19136.022
2024-11-04 21:00:00+00:00,19136.433500000003,19139.85,19126.55,19132.278
2024-11-04 21:05:00+00:00,19131.5,19146.689000000002,19131.45,19146.65
2024-11-04 21:10:00+00:00,19145.883500000004,19147.616499999996,19135.511,19140.560999999998
2024-11-04 23:00:00+00:00,19156.411,19162.289,19145.5445,19148.589
2024-11-04 23:05:00+00:00,19147.7165,19148.55,19140.933500000003,19141.8445
2024-11-04 23:10:00+00:00,19143.483500000002,19145.272,19140.1835,19140.1835
2024-11-04 23:15:00+00:00,19138.511,19138.511,19130.989,19132.761
2024-11-04 23:20:00+00:00,19133.5055,19143.161,19133.5055,19138.5055
2024-11-04 23:25:00+00:00,19139.339,19142.9,19131.978,19132.789
2024-11-04 23:30:00+00:00,19133.628,19141.272,19132.8,19140.4165
2024-11-04 23:35:00+00:00,19141.183500000003,19145.6,19140.3445,19144.472
2024-11-04 23:40:00+00:00,19144.810999999998,19146.05,19137.628,19141.889000000003
2024-11-04 23:45:00+00:00,19141.0,19141.0,19126.860999999997,19131.75
2024-11-04 23:50:00+00:00,19130.9445,19133.55,19126.7835,19126.7835
2024-11-04 23:55:00+00:00,19126.4055,19130.211,19125.933500000003,19126.789
2024-11-05 00:00:00+00:00,19126.0,19126.728,19119.3,19122.0835
2024-11-05 00:05:00+00:00,19121.2945,19128.8,19121.2945,19124.539
2024-11-05 00:10:00+00:00,19123.778,19125.5,19122.15,19122.7945
2024-11-05 00:15:00+00:00,19124.933500000003,19124.933500000003,19109.011,19116.933500000003
2024-11-05 00:20:00+00:00,19119.0,19124.0,19115.989,19116.5055
2024-11-05 00:25:00+00:00,19116.9445,19118.0555,19109.560999999998,19116.0555
2024-11-05 00:30:00+00:00,19117.9945,19125.072,19115.9445,19124.95
2024-11-05 00:35:00+00:00,19123.4945,19123.4945,19119.0,19119.5055
2024-11-05 00:40:00+00:00,19118.511,19119.9945,19114.5,19119.5055
2024-11-05 00:45:00+00:00,19118.9945,19126.011,19117.483500000002,19126.011
2024-11-05 00:50:00+00:00,19126.489,19131.5,19125.5055,19128.4945
2024-11-05 00:55:00+00:00,19127.989,19130.978,19126.433500000003,19128.4945
2024-11-05 01:00:00+00:00,19127.5,19127.511,19110.4945,19118.5
2024-11-05 01:05:00+00:00,19118.05,19126.5165,19114.9835,19124.483500000002
2024-11-05 01:10:00+00:00,19123.5165,19128.022,19119.5055,19122.45
2024-11-05 01:15:00+00:00,19122.95,19126.522,19118.928,19119.9945
2024-11-05 01:20:00+00:00,19122.0,19122.0,19116.9945,19117.0165
2024-11-05 01:25:00+00:00,19115.983500000002,19119.55,19114.066499999997,19118.978
2024-11-05 01:30:00+00:00,19119.489,19125.4445,19115.9835,19118.5055
2024-11-05 01:35:00+00:00,19118.939000000002,19122.511,19117.45,19118.011
2024-11-05 01:40:00+00:00,19120.928,19133.522,19120.928,19133.522
2024-11-05 01:45:00+00:00,19134.511,19155.5,19134.511,19154.5
2024-11-05 01:50:00+00:00,19154.0,19159.0,19151.511,19154.511
2024-11-05 01:55:00+00:00,19154.0,19160.0,19152.989,19156.060999999998
2024-11-05 02:00:00+00:00,19155.566499999997,19155.566499999997,19145.5,19146.522
2024-11-05 02:05:00+00:00,19146.0,19148.5055,19140.9445,19143.511
2024-11-05 02:10:00+00:00,19144.0165,19145.9945,19131.5,19136.5165
2024-11-05 02:15:00+00:00,19135.9945,19145.439000000002,19133.489,19140.489
2024-11-05 02:20:00+00:00,19139.933500000003,19146.560999999998,19138.928,19141.511
2024-11-05 02:25:00+00:00,19142.011,19146.511,19141.433500000003,19146.511
2024-11-05 02:30:00+00:00,19145.5,19153.066499999997,19144.5165,19151.05
2024-11-05 02:35:00+00:00,19150.5,19153.5165,19147.4445,19148.516499999998
2024-11-05 02:40:00+00:00,19149.066499999997,19153.516499999998,19143.928,19146.0055
2024-11-05 02:45:00+00:00,19146.55,19151.989,19146.011,19150.0055
2024-11-05 02:50:00+00:00,19149.478,19151.05,19144.489,19144.489
2024-11-05 02:55:00+00:00,19145.0,19149.4945,19143.478,19143.5055
2024-11-05 03:00:00+00:00,19141.428,19147.072,19141.072,19147.072
2024-11-05 03:05:00+00:00,19147.511,19148.0055,19144.566499999997,19147.0055
2024-11-05 03:10:00+00:00,19146.4445,19147.572,19143.4835,19146.5
2024-11-05 03:15:00+00:00,19146.939000000002,19150.0555,19140.9945,19144.483500000002
2024-11-05 03:20:00+00:00,19145.5555,19148.072,19144.0055,19145.4835
2024-11-05 03:25:00+00:00,19145.9945,19155.05,19145.9945,19154.4835
2024-11-05 03:30:00+00:00,19154.0555,19154.522,19145.939000000002,19146.9945
2024-11-05 03:35:00+00:00,19147.511,19150.011,19143.928,19149.0055
2024-11-05 03:40:00+00:00,19149.5,19151.516499999998,19145.428,19145.9945
2024-11-05 03:45:00+00:00,19146.511,19153.0,19145.9945,19152.5055
2024-11-05 03:50:00+00:00,19152.989,19154.022,19143.5055,19144.989
2024-11-05 03:55:00+00:00,19145.4835,19148.978,19144.0,19144.928
2024-11-05 04:00:00+00:00,19147.0165,19150.0,19145.0055,19149.0
2024-11-05 04:05:00+00:00,19149.5,19152.066499999997,19146.933500000003,19152.0055
2024-11-05 04:10:00+00:00,19151.5,19155.05,19150.4445,19155.05
2024-11-05 04:15:00+00:00,19154.5,19156.0,19151.989,19156.0
2024-11-05 04:20:00+00:00,19156.439000000002,19157.560999999998,19153.9445,19155.016499999998
2024-11-05 04:25:00+00:00,19155.489,19162.0,19155.489,19160.989
2024-11-05 04:30:00+00:00,19160.4945,19161.022,19154.0055,19154.433500000003
2024-11-05 04:35:00+00:00,19155.0,19156.5555,19154.4945,19154.4945
2024-11-05 04:40:00+00:00,19153.433500000003,19154.011,19145.511,19147.978
2024-11-05 04:45:00+00:00,19150.022,19150.022,19143.939000000002,19145.5055
2024-11-05 04:50:00+00:00,19146.0,19148.022,19144.0,19146.9945
2024-11-05 04:55:00+00:00,19146.022,19148.066499999997,19142.9835,19143.433500000003
2024-11-05 05:00:00+00:00,19144.0,19149.983500000002,19144.0,19147.0165
2024-11-05 05:05:00+00:00,19148.011,19157.066499999997,19145.5055,19153.55
2024-11-05 05:10:00+00:00,19153.0,19155.0055,19148.4445,19152.05
2024-11-05 05:15:00+00:00,19152.5,19161.5055,19152.5,19161.060999999998
2024-11-05 05:20:00+00:00,19160.4835,19164.0,19157.0,19163.060999999998
2024-11-05 05:25:00+00:00,19163.516499999998,19166.9945,19158.489,19161.933500000003
2024-11-05 05:30:00+00:00,19163.0055,19167.011,19161.011,19166.011
2024-11-05 05:35:00+00:00,19166.489,19168.983500000002,19165.489,19166.4945
2024-11-05 05:40:00+00:00,19167.011,19169.011,19165.5055,19166.9945
2024-11-05 05:45:00+00:00,19166.5,19167.072,19163.478,19163.478
2024-11-05 05:50:00+00:00,19164.0,19166.95,19162.978,19164.0555
2024-11-05 05:55:00+00:00,19164.978,19169.022,19164.95,19164.95
2024-11-05 06:00:00+00:00,19165.9835,19169.0,19159.9445,19162.0165
2024-11-05 06:05:00+00:00,19162.45,19173.0055,19162.0,19173.0055
2024-11-05 06:10:00+00:00,19171.983500000002,19176.0165,19171.983500000002,19174.0055
2024-11-05 06:15:00+00:00,19173.489,19177.5165,19171.0,19177.5165
2024-11-05 06:20:00+00:00,19177.0055,19180.011,19175.928,19176.983500000002
2024-11-05 06:25:00+00:00,19176.478,19176.5165,19170.989,19174.95
2024-11-05 06:30:00+00:00,19175.439000000002,19186.9945,19175.439000000002,19185.45
2024-11-05 06:35:00+00:00,19185.0,19189.9945,19183.022,19189.511
2024-11-05 06:40:00+00:00,19188.439000000002,19189.0,19185.928,19185.939000000002
2024-11-05 06:45:00+00:00,19185.5165,19186.011,19177.989,19180.95
2024-11-05 06:50:00+00:00,19181.4945,19181.4945,19172.5055,19174.05
2024-11-05 06:55:00+00:00,19174.9835,19184.05,19174.9835,19181.0
2024-11-05 07:00:00+00:00,19180.9945,19186.016499999998,19163.0055,19163.0055
2024-11-05 07:05:00+00:00,19164.0055,19183.0055,19159.983500000002,19183.0055
2024-11-05 07:10:00+00:00,19182.489,19192.0,19180.9445,19190.983500000002
2024-11-05 07:15:00+00:00,19191.9945,19192.9445,19185.489,19186.072
2024-11-05 07:20:00+00:00,19187.0055,19189.072,19180.983500000002,19180.983500000002
2024-11-05 07:25:00+00:00,19180.489,19184.066499999997,19174.022,19174.9945
2024-11-05 07:30:00+00:00,19176.989,19179.011,19171.060999999998,19176.566499999997
2024-11-05 07:35:00+00:00,19176.983500000002,19176.983500000002,19168.5055,19169.928
2024-11-05 07:40:00+00:00,19169.45,19177.933500000003,19165.9945,19177.05
2024-11-05 07:45:00+00:00,19176.5,19177.5,19169.9945,19170.016499999998
2024-11-05 07:50:00+00:00,19169.489,19185.0165,19167.9945,19183.011
2024-11-05 07:55:00+00:00,19184.95,19190.072,19174.95,19175.0
2024-11-05 08:00:00+00:00,19175.928,19187.066499999997,19157.95,19167.928
2024-11-05 08:05:00+00:00,19166.989,19166.989,19133.5055,19134.560999999998
2024-11-05 08:10:00+00:00,19134.0055,19134.0055,19103.5055,19109.016499999998
2024-11-05 08:15:00+00:00,19110.428,19132.5055,19107.489,19116.9945
2024-11-05 08:20:00+00:00,19116.489,19119.560999999998,19104.428,19108.0055
2024-11-05 08:25:00+00:00,19110.060999999998,19128.072,19108.011,19126.489
2024-11-05 08:30:00+00:00,19126.0165,19145.9945,19114.95,19144.0
2024-11-05 08:35:00+00:00,19144.978,19153.95,19131.989,19136.983500000002
2024-11-05 08:40:00+00:00,19136.439000000002,19150.0,19126.0,19138.016499999998
2024-11-05 08:45:00+00:00,19138.433500000003,19158.0055,19131.9945,19155.0
2024-11-05 08:50:00+00:00,19154.5,19171.939000000002,19152.0,19171.011
2024-11-05 08:55:00+00:00,19170.5055,19184.4835,19170.433500000003,19184.066499999997
2024-11-05 09:00:00+00:00,19183.489,19188.5,19173.95,19184.0
2024-11-05 09:05:00+00:00,19182.489,19198.978,19179.0055,19198.978
2024-11-05 09:10:00+00:00,19199.928,19205.5055,19191.066499999997,19200.022
2024-11-05 09:15:00+00:00,19200.4945,19207.511,19193.5,19195.9945
2024-11-05 09:20:00+00:00,19196.978,19208.5,19190.4945,19194.0
2024-11-05 09:25:00+00:00,19194.939000000002,19201.439000000002,19191.983500000002,19192.978
2024-11-05 09:30:00+00:00,19193.9945,19215.4445,19193.5555,19208.9945
2024-11-05 09:35:00+00:00,19210.0,19222.5055,19205.483500000002,19220.0
2024-11-05 09:40:00+00:00,19220.983500000002,19222.4445,19207.989,19213.428
2024-11-05 09:45:00+00:00,19212.489,19212.9945,19197.9835,19200.0
2024-11-05 09:50:00+00:00,19200.939000000002,19207.989,19194.439000000002,19207.989
2024-11-05 09:55:00+00:00,19207.5,19213.011,19200.489,19207.5055
2024-11-05 10:00:00+00:00,19207.05,19208.5055,19193.9945,19193.9945
2024-11-05 10:05:00+00:00,19193.5555,19193.5555,19185.072,19188.478
2024-11-05 10:10:00+00:00,19188.983500000002,19194.989,19171.022,19171.022
2024-11-05 10:15:00+00:00,19172.011,19173.0055,19136.9835,19158.4945
2024-11-05 10:20:00+00:00,19158.0,19165.989,19156.0,19161.983500000002
2024-11-05 10:25:00+00:00,19160.9945,19172.516499999998,19157.95,19170.022
2024-11-05 10:30:00+00:00,19170.433500000003,19172.489,19159.45,19161.4835
2024-11-05 10:35:00+00:00,19161.0555,19165.4945,19155.011,19160.489
2024-11-05 10:40:00+00:00,19160.0,19160.0,19147.0,19153.5555
2024-11-05 10:45:00+00:00,19155.0055,19167.072,19153.4445,19158.0
2024-11-05 10:50:00+00:00,19157.0055,19166.433500000003,19157.0055,19162.0
2024-11-05 10:55:00+00:00,19161.0,19173.0,19157.060999999998,19170.011
2024-11-05 11:00:00+00:00,19169.0055,19182.5165,19168.983500000002,19181.011
2024-11-05 11:05:00+00:00,19181.4945,19185.560999999998,19175.45,19178.9945
2024-11-05 11:10:00+00:00,19178.5,19182.022,19172.9945,19176.9445
2024-11-05 11:15:00+00:00,19178.0,19179.0555,19171.45,19173.011
2024-11-05 11:20:00+00:00,19172.511,19181.5,19172.0,19179.5055
2024-11-05 11:25:00+00:00,19179.95,19183.0055,19172.016499999998,19172.016499999998
2024-11-05 11:30:00+00:00,19171.572,19180.511,19164.4945,19180.511
2024-11-05 11:35:00+00:00,19180.989,19188.0055,19177.0,19180.983500000002
2024-11-05 11:40:00+00:00,19181.5165,19184.9945,19173.489,19173.933500000003
2024-11-05 11:45:00+00:00,19174.560999999998,19175.5165,19165.933500000003,19166.5
2024-11-05 11:50:00+00:00,19167.4945,19167.978,19153.928,19159.016499999998
2024-11-05 11:55:00+00:00,19159.489,19167.0165,19154.989,19159.0
2024-11-05 12:00:00+00:00,19158.572,19177.55,19156.989,19173.516499999998
2024-11-05 12:05:00+00:00,19173.9945,19176.0055,19165.989,19168.011
2024-11-05 12:10:00+00:00,19168.5055,19179.9445,19165.0,19177.0
2024-11-05 12:15:00+00:00,19177.9945,19183.5555,19176.522,19182.011
2024-11-05 12:20:00+00:00,19181.0,19182.072,19157.5055,19170.011
2024-11-05 12:25:00+00:00,19169.011,19173.0055,19166.989,19168.9945
2024-11-05 12:30:00+00:00,19168.0,19177.9945,19161.989,19162.4445
2024-11-05 12:35:00+00:00,19162.0055,19168.0165,19159.45,19164.983500000002
2024-11-05 12:40:00+00:00,19164.0055,19176.5165,19162.011,19175.478
2024-11-05 12:45:00+00:00,19175.0165,19182.9945,19169.428,19180.066499999997
2024-11-05 12:50:00+00:00,19180.4835,19184.5,19173.989,19177.9945
2024-11-05 12:55:00+00:00,19177.478,19184.55,19176.939000000002,19183.9945
2024-11-05 13:00:00+00:00,19184.989,19194.0,19184.989,19187.489
2024-11-05 13:05:00+00:00,19187.011,19188.560999999998,19181.0,19183.0055
2024-11-05 13:10:00+00:00,19184.0,19186.022,19179.933500000003,19181.45
2024-11-05 13:15:00+00:00,19181.05,19186.5,19177.928,19186.5
2024-11-05 13:20:00+00:00,19187.989,19199.0165,19187.989,19194.989
2024-11-05 13:25:00+00:00,19195.439000000002,19197.983500000002,19191.060999999998,19197.983500000002
2024-11-05 13:30:00+00:00,19199.016499999998,19204.5,19194.511,19197.022
2024-11-05 13:35:00+00:00,19197.483500000002,19199.560999999998,19189.011,19192.9835
2024-11-05 13:40:00+00:00,19192.4835,19196.5,19187.0,19188.0555
2024-11-05 13:45:00+00:00,19187.0,19194.560999999998,19184.5165,19193.0055
2024-11-05 13:50:00+00:00,19193.928,19195.989,19188.5,19195.5055
2024-11-05 13:55:00+00:00,19196.066499999997,19197.5,19182.0055,19184.5
2024-11-05 14:00:00+00:00,19185.0,19185.0,19172.572,19181.560999999998
2024-11-05 14:05:00+00:00,19182.5,19182.5,19168.9945,19168.9945
2024-11-05 14:10:00+00:00,19168.4445,19171.511,19164.566499999997,19167.0165
2024-11-05 14:15:00+00:00,19167.5055,19169.522,19159.5,19160.5
2024-11-05 14:20:00+00:00,19161.060999999998,19163.0055,19154.9445,19162.5
2024-11-05 14:25:00+00:00,19161.428,19161.9445,19149.989,19151.989
2024-11-05 14:30:00+00:00,19151.511,19173.011,19144.95,19169.939000000002
2024-11-05 14:35:00+00:00,19171.011,19192.0,19165.0,19192.0
2024-11-05 14:40:00+00:00,19193.011,19198.066499999997,19176.5,19185.0
2024-11-05 14:45:00+00:00,19183.9945,19189.9945,19174.0,19182.011
2024-11-05 14:50:00+00:00,19181.5165,19190.072,19166.066499999997,19181.0
2024-11-05 14:55:00+00:00,19180.022,19184.9945,19174.011,19180.011
2024-11-05 15:00:00+00:00,19183.511,19191.0055,19174.95,19188.95
2024-11-05 15:05:00+00:00,19190.0,19192.022,19181.011,19184.989
2024-11-05 15:10:00+00:00,19185.560999999998,19197.022,19174.9945,19196.0
2024-11-05 15:15:00+00:00,19198.5,19200.483500000002,19183.5,19192.511
2024-11-05 15:20:00+00:00,19193.5055,19206.511,19188.9445,19206.0
2024-11-05 15:25:00+00:00,19205.4945,19212.011,19196.9945,19202.0
2024-11-05 15:30:00+00:00,19200.0,19219.978,19198.9835,19219.978
2024-11-05 15:35:00+00:00,19219.0165,19232.511,19214.4945,19231.989
2024-11-05 15:40:00+00:00,19232.4835,19242.489,19230.4945,19233.4945
2024-11-05 15:45:00+00:00,19232.439000000002,19247.511,19229.0,19241.989
2024-11-05 15:50:00+00:00,19243.483500000002,19247.05,19236.5,19242.016499999998
2024-11-05 15:55:00+00:00,19241.511,19245.5,19232.95,19244.45
2024-11-05 16:00:00+00:00,19245.9945,19256.011,19237.939000000002,19254.5
2024-11-05 16:05:00+00:00,19255.011,19266.566499999997,19251.5,19262.4945
2024-11-05 16:10:00+00:00,19261.933500000003,19265.560999999998,19257.4835,19261.95
2024-11-05 16:15:00+00:00,19263.05,19263.05,19256.0165,19256.9945
2024-11-05 16:20:00+00:00,19257.4835,19261.5055,19254.983500000002,19260.5
2024-11-05 16:25:00+00:00,19261.0055,19263.928,19254.933500000003,19257.433500000003
2024-11-05 16:30:00+00:00,19258.5555,19263.933500000003,19254.4835,19261.55
2024-11-05 16:35:00+00:00,19259.5055,19268.5,19253.5,19268.0055
2024-11-05 16:40:00+00:00,19268.5165,19273.066499999997,19263.011,19268.928
2024-11-05 16:45:00+00:00,19269.5,19278.572,19266.4445,19276.511
2024-11-05 16:50:00+00:00,19275.989,19277.566499999997,19270.9945,19276.5
2024-11-05 16:55:00+00:00,19275.989,19282.022,19274.928,19279.478
2024-11-05 17:00:00+00:00,19280.5,19282.9945,19274.928,19280.5055
2024-11-05 17:05:00+00:00,19281.0055,19290.989,19279.428,19290.5055
2024-11-05 17:10:00+00:00,19289.9945,19299.511,19287.489,19297.9445
2024-11-05 17:15:00+00:00,19298.522,19306.45,19294.483500000002,19305.4945
2024-11-05 17:20:00+00:00,19306.011,19306.011,19296.489,19301.0
2024-11-05 17:25:00+00:00,19301.5,19301.5,19291.0055,19293.0
2024-11-05 17:30:00+00:00,19293.4945,19300.978,19293.011,19298.060999999998
2024-11-05 17:35:00+00:00,19298.5,19301.0,19293.9835,19296.489
2024-11-05 17:40:00+00:00,19297.0,19302.572,19296.9945,19300.95
2024-11-05 17:45:00+00:00,19301.5055,19306.511,19298.5055,19304.55
2024-11-05 17:50:00+00:00,19304.9445,19308.066499999997,19302.9835,19307.511
2024-11-05 17:55:00+00:00,19307.9945,19308.4835,19300.4835,19302.0055
2024-11-05 18:00:00+00:00,19302.522,19304.0555,19298.433500000003,19302.928
2024-11-05 18:05:00+00:00,19302.4445,19304.560999999998,19300.433500000003,19301.9835
2024-11-05 18:10:00+00:00,19302.5,19303.060999999998,19287.516499999998,19289.989
2024-11-05 18:15:00+00:00,19289.511,19297.489,19287.483500000002,19288.011
2024-11-05 18:20:00+00:00,19287.55,19289.060999999998,19281.4445,19283.5055
2024-11-05 18:25:00+00:00,19283.9945,19286.5165,19280.511,19281.0
2024-11-05 18:30:00+00:00,19281.4945,19284.011,19277.5,19277.560999999998
2024-11-05 18:35:00+00:00,19277.989,19278.566499999997,19265.45,19270.0055
2024-11-05 18:40:00+00:00,19272.0055,19276.0,19268.516499999998,19271.0
2024-11-05 18:45:00+00:00,19271.5555,19274.011,19261.478,19262.9945
2024-11-05 18:50:00+00:00,19262.5,19267.072,19259.478,19266.072
2024-11-05 18:55:00+00:00,19266.9445,19269.0,19264.489,19268.0
2024-11-05 19:00:00+00:00,19267.560999999998,19278.928,19267.560999999998,19277.011
2024-11-05 19:05:00+00:00,19276.5055,19286.0,19274.433500000003,19284.933500000003
2024-11-05 19:10:00+00:00,19285.5055,19286.0,19276.928,19277.489
2024-11-05 19:15:00+00:00,19277.0,19282.066499999997,19275.928,19279.072
2024-11-05 19:20:00+00:00,19278.5055,19278.55,19268.489,19272.022
2024-11-05 19:25:00+00:00,19272.5,19280.0055,19270.489,19273.016499999998
2024-11-05 19:30:00+00:00,19273.4835,19276.066499999997,19270.0165,19273.0
2024-11-05 19:35:00+00:00,19273.5,19277.066499999997,19272.928,19276.989
2024-11-05 19:40:00+00:00,19276.55,19278.989,19272.933500000003,19275.0
2024-11-05 19:45:00+00:00,19274.4445,19277.066499999997,19269.9945,19270.5055
2024-11-05 19:50:00+00:00,19270.0165,19270.0165,19253.022,19254.9945
2024-11-05 19:55:00+00:00,19256.05,19256.05,19244.439000000002,19244.989
2024-11-05 20:00:00+00:00,19245.989,19255.0165,19241.0055,19251.060999999998
2024-11-05 20:05:00+00:00,19252.072,19264.9835,19251.489,19264.5
2024-11-05 20:10:00+00:00,19264.989,19268.0,19260.9945,19263.011
2024-11-05 20:15:00+00:00,19262.5,19267.022,19259.0055,19266.0055
2024-11-05 20:20:00+00:00,19266.5055,19267.0055,19257.428,19260.978
2024-11-05 20:25:00+00:00,19261.489,19263.0055,19254.9945,19261.9945
2024-11-05 20:30:00+00:00,19262.511,19273.0055,19258.978,19267.928
2024-11-05 20:35:00+00:00,19267.4835,19278.060999999998,19265.983500000002,19274.933500000003
2024-11-05 20:40:00+00:00,19274.511,19274.511,19259.9945,19262.9445
2024-11-05 20:45:00+00:00,19261.978,19268.9945,19260.939000000002,19265.0165
2024-11-05 20:50:00+00:00,19264.511,19282.0,19263.0055,19280.0
2024-11-05 20:55:00+00:00,19279.4945,19287.4945,19278.011,19286.55
2024-11-05 21:00:00+00:00,19285.989,19293.772,19283.7055,19292.8055
2024-11-05 21:05:00+00:00,19292.0165,19309.572,19292.0165,19305.239
2024-11-05 21:10:00+00:00,19306.211,19316.2,19303.7,19310.0055
2024-11-05 23:00:00+00:00,19311.1945,19312.789,19300.733500000002,19305.572
2024-11-05 23:05:00+00:00,19306.75,19318.4,19298.8,19318.4
2024-11-05 23:10:00+00:00,19317.9445,19317.9445,19303.789,19303.7945
2024-11-05 23:15:00+00:00,19304.6945,19305.105499999998,19294.2,19300.1945
2024-11-05 23:20:00+00:00,19299.3,19301.810999999998,19292.716500000002,19294.2945
2024-11-05 23:25:00+00:00,19294.7055,19304.2945,19293.428,19304.2945
2024-11-05 23:30:00+00:00,19304.7165,19308.489,19300.178,19305.266499999998
2024-11-05 23:35:00+00:00,19306.0,19306.0,19295.2055,19296.810999999998
2024-11-05 23:40:00+00:00,19297.678,19301.411,19295.9945,19299.283499999998
2024-11-05 23:45:00+00:00,19300.1945,19303.522,19297.689000000002,19298.4945
2024-11-05 23:50:00+00:00,19297.7055,19308.5,19297.7055,19306.789
2024-11-05 23:55:00+00:00,19305.9945,19306.060999999998,19290.989,19293.5555
2024-11-06 00:00:00+00:00,19292.761,19306.5555,19291.810999999998,19302.372
2024-11-06 00:05:00+00:00,19301.894500000002,19314.4055,19300.7165,19304.211
2024-11-06 00:10:00+00:00,19304.722,19307.983500000002,19294.7,19295.089
2024-11-06 00:15:00+00:00,19298.4445,19317.0,19282.011,19311.011
2024-11-06 00:20:00+00:00,19310.0,19330.511,19307.4945,19325.4945
2024-11-06 00:25:00+00:00,19325.0055,19336.989,19324.0,19330.016499999998
2024-11-06 00:30:00+00:00,19330.511,19348.022,19327.0055,19343.5055
2024-11-06 00:35:00+00:00,19344.011,19349.55,19326.0055,19326.0055
2024-11-06 00:40:00+00:00,19326.511,19328.0055,19318.511,19328.0055
2024-11-06 00:45:00+00:00,19329.05,19334.4945,19320.5,19329.516499999998
2024-11-06 00:50:00+00:00,19329.933500000003,19334.5165,19325.5,19334.5165
2024-11-06 00:55:00+00:00,19334.060999999998,19334.9835,19316.0,19317.489
2024-11-06 01:00:00+00:00,19317.060999999998,19335.978,19317.060999999998,19332.5055
2024-11-06 01:05:00+00:00,19333.489,19353.4945,19333.489,19347.0055
2024-11-06 01:10:00+00:00,19346.489,19349.9945,19334.489,19345.439000000002
2024-11-06 01:15:00+00:00,19345.011,19353.0055,19342.939000000002,19350.566499999997
2024-11-06 01:20:00+00:00,19350.939000000002,19352.0055,19344.489,19348.489
2024-11-06 01:25:00+00:00,19349.0,19351.022,19339.4945,19346.4835
2024-11-06 01:30:00+00:00,19347.011,19362.9945,19345.0055,19348.45
2024-11-06 01:35:00+00:00,19349.0,19350.5,19339.072,19340.5055
2024-11-06 01:40:00+00:00,19340.066499999997,19343.55,19335.989,19337.066499999997
2024-11-06 01:45:00+00:00,19336.0,19340.4945,19325.978,19325.978
2024-11-06 01:50:00+00:00,19326.516499999998,19344.0,19323.939000000002,19342.022
2024-11-06 01:55:00+00:00,19345.5,19351.478,19342.478,19349.5
2024-11-06 02:00:00+00:00,19350.0,19352.9945,19345.989,19349.072
2024-11-06 02:05:00+00:00,19347.439000000002,19375.4945,19346.928,19372.066499999997
2024-11-06 02:10:00+00:00,19369.489,19383.55,19369.489,19377.0055
2024-11-06 02:15:00+00:00,19376.5055,19386.0,19372.0055,19386.0
2024-11-06 02:20:00+00:00,19385.5,19389.072,19365.933500000003,19377.9445
2024-11-06 02:25:00+00:00,19378.9945,19388.5055,19374.989,19388.016499999998
2024-11-06 02:30:00+00:00,19387.4835,19389.022,19380.428,19382.011
2024-11-06 02:35:00+00:00,19380.9945,19392.0,19372.022,19382.072
2024-11-06 02:40:00+00:00,19382.5,19385.522,19375.95,19383.5055
2024-11-06 02:45:00+00:00,19383.9945,19397.989,19382.022,19394.4945
2024-11-06 02:50:00+00:00,19394.0,19406.511,19392.428,19406.05
2024-11-06 02:55:00+00:00,19409.0165,19414.9945,19401.483500000002,19414.9945
2024-11-06 03:00:00+00:00,19414.433500000003,19436.428,19408.5055,19429.011
2024-11-06 03:05:00+00:00,19426.489,19426.489,19388.0055,19397.072
2024-11-06 03:10:00+00:00,19396.4835,19398.0,19378.011,19383.4835
2024-11-06 03:15:00+00:00,19382.5165,19386.072,19356.4945,19368.511
2024-11-06 03:20:00+00:00,19367.9945,19367.9945,19347.0,19357.5555
2024-11-06 03:25:00+00:00,19358.0055,19366.572,19334.9945,19334.9945
2024-11-06 03:30:00+00:00,19331.566499999997,19331.566499999997,19269.0055,19269.0055
2024-11-06 03:35:00+00:00,19266.5,19298.9945,19251.9945,19298.9945
2024-11-06 03:40:00+00:00,19299.5,19300.9945,19273.433500000003,19296.560999999998
2024-11-06 03:45:00+00:00,19297.0,19299.433500000003,19250.022,19268.5
2024-11-06 03:50:00+00:00,19267.933500000003,19267.989,19238.439000000002,19260.0165
2024-11-06 03:55:00+00:00,19249.0,19249.0,19173.05,19208.522
2024-11-06 04:00:00+00:00,19207.9945,19211.9945,19169.0555,19210.022
2024-11-06 04:05:00+00:00,19205.439000000002,19238.9945,19197.0,19224.989
2024-11-06 04:10:00+00:00,19224.05,19264.0055,19224.05,19258.9945
2024-11-06 04:15:00+00:00,19257.522,19257.522,19168.5,19202.9945
2024-11-06 04:20:00+00:00,19204.5,19215.560999999998,19194.489,19194.489
2024-11-06 04:25:00+00:00,19194.933500000003,19217.05,19161.4945,19170.0165
2024-11-06 04:30:00+00:00,19170.9945,19191.011,19161.5,19189.989
2024-11-06 04:35:00+00:00,19188.4835,19196.9945,19181.978,19185.989
2024-11-06 04:40:00+00:00,19185.516499999998,19202.4945,19172.511,19195.55
2024-11-06 04:45:00+00:00,19195.0555,19209.9445,19190.011,19204.4445
2024-11-06 04:50:00+00:00,19206.483500000002,19211.5055,19193.45,19193.5055
2024-11-06 04:55:00+00:00,19194.0555,19212.5,19185.011,19199.4445
2024-11-06 05:00:00+00:00,19198.5,19198.5,19172.0,19185.5165
2024-11-06 05:05:00+00:00,19185.939000000002,19195.511,19178.4445,19180.5055
2024-11-06 05:10:00+00:00,19179.928,19182.05,19155.9945,19161.5055
2024-11-06 05:15:00+00:00,19163.560999999998,19165.0,19122.983500000002,19132.989
2024-11-06 05:20:00+00:00,19135.9945,19153.511,19128.0,19153.511
2024-11-06 05:25:00+00:00,19154.4945,19169.928,19152.011,19154.9835
2024-11-06 05:30:00+00:00,19155.4945,19162.5055,19147.983500000002,19158.060999999998
2024-11-06 05:35:00+00:00,19154.5,19154.5,19128.428,19133.0
2024-11-06 05:40:00+00:00,19133.5,19154.011,19114.0,19122.5
2024-11-06 05:45:00+00:00,19121.5,19125.066499999997,19102.5555,19108.0055
2024-11-06 05:50:00+00:00,19105.060999999998,19120.5165,19093.016499999998,19107.939000000002
2024-11-06 05:55:00+00:00,19105.9445,19115.9835,19094.560999999998,19111.5
2024-11-06 06:00:00+00:00,19105.572,19107.989,19082.483500000002,19096.983500000002
2024-11-06 06:05:00+00:00,19099.0,19115.511,19097.566499999997,19112.560999999998
2024-11-06 06:10:00+00:00,19112.066499999997,19137.0055,19110.978,19135.5
2024-11-06 06:15:00+00:00,19135.933500000003,19179.5055,19135.933500000003,19170.433500000003
2024-11-06 06:20:00+00:00,19169.9945,19189.5055,19156.5055,19157.5
2024-11-06 06:25:00+00:00,19157.983500000002,19193.011,19157.983500000002,19193.011
2024-11-06 06:30:00+00:00,19193.4945,19259.5,19188.4945,19234.022
2024-11-06 06:35:00+00:00,19234.5555,19257.5,19213.5165,19242.011
2024-11-06 06:40:00+00:00,19237.0,19298.511,19222.483500000002,19291.0055
2024-11-06 06:45:00+00:00,19291.978,19291.978,19267.489,19276.5
2024-11-06 06:50:00+00:00,19277.0055,19328.5,19277.0055,19318.4945
2024-11-06 06:55:00+00:00,19317.066499999997,19320.0055,19265.5,19265.5
2024-11-06 07:00:00+00:00,19268.511,19302.9945,19266.5,19290.4835
2024-11-06 07:05:00+00:00,19290.989,19427.5555,19282.016499999998,19418.478
2024-11-06 07:10:00+00:00,19418.9945,19455.522,19400.5555,19448.011
2024-11-06 07:15:00+00:00,19451.978,19460.9945,19398.516499999998,19414.0055
2024-11-06 07:20:00+00:00,19413.5055,19422.5,19379.933500000003,19399.933500000003
2024-11-06 07:25:00+00:00,19401.5055,19425.4835,19387.4945,19398.572
2024-11-06 07:30:00+00:00,19399.983500000002,19445.05,19393.439000000002,19434.489
2024-11-06 07:35:00+00:00,19434.0,19442.560999999998,19415.560999999998,19422.989
2024-11-06 07:40:00+00:00,19422.0,19434.5165,19385.066499999997,19399.022
2024-11-06 07:45:00+00:00,19399.511,19401.060999999998,19347.9835,19353.939000000002
2024-11-06 07:50:00+00:00,19351.4945,19356.5,19318.0165,19332.4835
2024-11-06 07:55:00+00:00,19332.983500000002,19344.55,19321.0,19337.016499999998
2024-11-06 08:00:00+00:00,19334.516499999998,19389.4945,19321.9945,19379.0055
2024-11-06 08:05:00+00:00,19379.516499999998,19430.560999999998,19370.978,19414.5055
2024-11-06 08:10:00+00:00,19416.05,19483.0055,19400.5055,19482.489
2024-11-06 08:15:00+00:00,19481.983500000002,19494.5,19468.0,19476.989
2024-11-06 08:20:00+00:00,19478.939000000002,19506.011,19461.939000000002,19473.483500000002
2024-11-06 08:25:00+00:00,19471.9445,19516.5,19466.4945,19516.5
2024-11-06 08:30:00+00:00,19518.511,19547.489,19512.4835,19525.0
2024-11-06 08:35:00+00:00,19525.489,19528.483500000002,19482.4945,19503.566499999997
2024-11-06 08:40:00+00:00,19502.9945,19505.4945,19476.0,19485.5
2024-11-06 08:45:00+00:00,19484.989,19527.483500000002,19479.4945,19524.011
2024-11-06 08:50:00+00:00,19522.9945,19557.511,19522.522,19540.939000000002
2024-11-06 08:55:00+00:00,19541.4945,19553.0,19537.5055,19546.9445
2024-11-06 09:00:00+00:00,19546.572,19555.522,19528.9945,19550.5055
2024-11-06 09:05:00+00:00,19551.5055,19567.016499999998,19514.016499999998,19516.989
2024-11-06 09:10:00+00:00,19517.55,19554.9945,19516.0,19546.011
2024-11-06 09:15:00+00:00,19546.483500000002,19553.5555,19529.489,19540.428
2024-11-06 09:20:00+00:00,19539.989,19542.55,19501.4945,19523.5055
2024-11-06 09:25:00+00:00,19523.9945,19524.428,19466.511,19475.060999999998
2024-11-06 09:30:00+00:00,19474.4835,19489.5,19466.072,19466.489
2024-11-06 09:35:00+00:00,19464.5165,19472.483500000002,19425.489,19428.0
2024-11-06 09:40:00+00:00,19427.4945,19427.55,19383.5,19385.5055
2024-11-06 09:45:00+00:00,19385.9445,19398.55,19363.511,19386.428
2024-11-06 09:50:00+00:00,19385.4945,19396.9445,19369.478,19393.060999999998
2024-11-06 09:55:00+00:00,19392.4945,19423.939000000002,19383.9835,19423.939000000002
2024-11-06 10:00:00+00:00,19424.989,19454.0,19419.5,19430.989
2024-11-06 10:05:00+00:00,19430.011,19430.011,19408.4945,19422.0555
2024-11-06 10:10:00+00:00,19422.489,19440.9945,19403.4945,19440.9945
2024-11-06 10:15:00+00:00,19441.5055,19470.0,19433.95,19469.0055
2024-11-06 10:20:00+00:00,19468.5,19479.060999999998,19463.433500000003,19472.016499999998
2024-11-06 10:25:00+00:00,19472.483500000002,19480.939000000002,19467.928,19473.939000000002
2024-11-06 10:30:00+00:00,19471.016499999998,19485.0555,19459.560999999998,19468.983500000002
2024-11-06 10:35:00+00:00,19468.4945,19473.5555,19456.011,19458.0
2024-11-06 10:40:00+00:00,19458.5555,19463.560999999998,19433.0,19446.566499999997
2024-11-06 10:45:00+00:00,19446.989,19450.0055,19432.5555,19436.4835
2024-11-06 10:50:00+00:00,19435.4945,19443.9945,19427.4445,19435.5055
2024-11-06 10:55:00+00:00,19436.516499999998,19437.5055,19417.4945,19419.4945
2024-11-06 11:00:00+00:00,19421.483500000002,19424.5,19397.0055,19406.5055
2024-11-06 11:05:00+00:00,19405.522,19415.072,19403.4945,19414.0
2024-11-06 11:10:00+00:00,19414.4945,19414.4945,19400.5,19410.5
2024-11-06 11:15:00+00:00,19409.0,19430.522,19402.9945,19422.4945
2024-11-06 11:20:00+00:00,19421.516499999998,19423.478,19414.95,19420.511
2024-11-06 11:25:00+00:00,19420.05,19420.05,19389.989,19396.011
2024-11-06 11:30:00+00:00,19396.9835,19399.5055,19377.5,19378.516499999998
2024-11-06 11:35:00+00:00,19379.0,19395.5165,19366.9945,19366.9945
2024-11-06 11:40:00+00:00,19369.0055,19373.5,19351.016499999998,19355.9835
2024-11-06 11:45:00+00:00,19355.439000000002,19355.439000000002,19312.5,19313.0555
2024-11-06 11:50:00+00:00,19312.5,19326.5165,19296.439000000002,19302.989
2024-11-06 11:55:00+00:00,19303.4835,19318.016499999998,19290.0,19309.572
2024-11-06 12:00:00+00:00,19310.0165,19325.0055,19292.516499999998,19324.433500000003
2024-11-06 12:05:00+00:00,19323.5055,19346.066499999997,19322.516499999998,19344.011
2024-11-06 12:10:00+00:00,19343.5,19349.939000000002,19316.95,19333.5
2024-11-06 12:15:00+00:00,19332.978,19341.5055,19320.5,19322.5
2024-11-06 12:20:00+00:00,19323.5,19333.4945,19319.439000000002,19321.978
2024-11-06 12:25:00+00:00,19322.5,19347.560999999998,19322.0055,19332.0055
2024-11-06 12:30:00+00:00,19332.4835,19350.9835,19323.0,19350.0
2024-11-06 12:35:00+00:00,19350.433500000003,19359.511,19341.060999999998,19357.011
2024-11-06 12:40:00+00:00,19357.489,19369.4945,19353.0055,19365.0165
2024-11-06 12:45:00+00:00,19365.4945,19387.5055,19362.4945,19369.989
2024-11-06 12:50:00+00:00,19370.4945,19379.4945,19356.05,19378.9945
2024-11-06 12:55:00+00:00,19380.072,19391.5,19375.928,19377.5165
2024-11-06 13:00:00+00:00,19377.9945,19387.433500000003,19356.0,19357.433500000003
2024-11-06 13:05:00+00:00,19356.489,19365.983500000002,19350.5165,19356.4945
2024-11-06 13:10:00+00:00,19356.9445,19359.011,19332.45,19336.9945
2024-11-06 13:15:00+00:00,19337.9445,19345.0055,19313.983500000002,19322.022
2024-11-06 13:20:00+00:00,19321.4945,19340.0555,19320.9835,19322.0
2024-11-06 13:25:00+00:00,19320.433500000003,19322.072,19294.4945,19295.011
2024-11-06 13:30:00+00:00,19296.066499999997,19296.066499999997,19253.9945,19262.5055
2024-11-06 13:35:00+00:00,19263.428,19264.511,19237.989,19251.522
2024-11-06 13:40:00+00:00,19250.0,19260.0055,19226.5055,19231.5055
2024-11-06 13:45:00+00:00,19232.022,19232.022,19196.4945,19196.4945
2024-11-06 13:50:00+00:00,19197.072,19210.011,19190.9945,19200.483500000002
2024-11-06 13:55:00+00:00,19199.516499999998,19229.516499999998,19188.5,19222.439000000002
2024-11-06 14:00:00+00:00,19222.983500000002,19222.983500000002,19162.9835,19163.5
2024-11-06 14:05:00+00:00,19161.5055,19171.566499999997,19150.0555,19157.5
2024-11-06 14:10:00+00:00,19156.4945,19162.939000000002,19135.5165,19156.439000000002
2024-11-06 14:15:00+00:00,19156.989,19199.4945,19151.4835,19183.0055
2024-11-06 14:20:00+00:00,19181.9835,19189.989,19148.5055,19148.5055
2024-11-06 14:25:00+00:00,19147.511,19167.516499999998,19121.9445,19135.5
2024-11-06 14:30:00+00:00,19137.511,19140.928,19107.989,19124.511
2024-11-06 14:35:00+00:00,19123.5055,19164.0,19118.0055,19147.55
2024-11-06 14:40:00+00:00,19147.9945,19169.0,19127.5,19127.5
2024-11-06 14:45:00+00:00,19127.0055,19135.060999999998,19056.478,19059.5
2024-11-06 14:50:00+00:00,19059.989,19063.4945,19036.5,19036.5
2024-11-06 14:55:00+00:00,19037.478,19062.428,19008.489,19050.011
2024-11-06 15:00:00+00:00,19050.5,19067.5,19024.4945,19053.483500000002
2024-11-06 15:05:00+00:00,19052.433500000003,19052.939000000002,19018.011,19023.5055
2024-11-06 15:10:00+00:00,19023.0055,19057.4945,19022.516499999998,19037.560999999998
2024-11-06 15:15:00+00:00,19036.572,19050.511,19017.9945,19025.0
2024-11-06 15:20:00+00:00,19024.5,19060.0,19022.989,19046.0165
2024-11-06 15:25:00+00:00,19045.478,19084.066499999997,19027.989,19072.522
2024-11-06 15:30:00+00:00,19073.0055,19077.0055,19048.433500000003,19059.489
2024-11-06 15:35:00+00:00,19060.516499999998,19065.511,19035.9945,19044.9945
2024-11-06 15:40:00+00:00,19045.5055,19062.0055,19039.5055,19045.0
2024-11-06 15:45:00+00:00,19045.522,19049.5055,19024.566499999997,19036.0055
2024-11-06 15:50:00+00:00,19035.5,19035.5,19013.5,19026.4945
2024-11-06 15:55:00+00:00,19026.989,19048.072,19021.478,19043.9945
2024-11-06 16:00:00+00:00,19044.983500000002,19045.0555,19003.05,19016.428
2024-11-06 16:05:00+00:00,19015.511,19031.0055,19012.439000000002,19021.5
2024-11-06 16:10:00+00:00,19021.989,19057.560999999998,19020.483500000002,19057.560999999998
2024-11-06 16:15:00+00:00,19058.0,19070.5055,19051.0055,19053.5
2024-11-06 16:20:00+00:00,19055.0555,19055.522,19036.483500000002,19042.5055
2024-11-06 16:25:00+00:00,19042.022,19048.5055,19034.0,19039.0
2024-11-06 16:30:00+00:00,19038.478,19046.511,19020.4945,19038.016499999998
2024-11-06 16:35:00+00:00,19037.489,19045.560999999998,19024.5,19038.016499999998
2024-11-06 16:40:00+00:00,19037.0555,19039.5055,19027.489,19032.483500000002
2024-11-06 16:45:00+00:00,19033.5055,19035.011,19018.066499999997,19019.060999999998
2024-11-06 16:50:00+00:00,19019.5,19023.5055,19008.5,19013.0055
2024-11-06 16:55:00+00:00,19015.0,19020.4945,19010.4945,19019.5055
2024-11-06 17:00:00+00:00,19018.433500000003,19019.522,19005.478,19017.4945
2024-11-06 17:05:00+00:00,19018.511,19032.489,19014.4835,19019.4445
2024-11-06 17:10:00+00:00,19019.060999999998,19038.011,19015.478,19037.0
2024-11-06 17:15:00+00:00,19037.489,19037.489,19007.489,19011.439000000002
2024-11-06 17:20:00+00:00,19011.978,19021.4945,19003.5,19019.016499999998
2024-11-06 17:25:00+00:00,19018.489,19026.989,19015.511,19023.483500000002
2024-11-06 17:30:00+00:00,19023.072,19030.55,19019.0055,19027.5
2024-11-06 17:35:00+00:00,19027.0555,19033.5,19022.4445,19024.516499999998
2024-11-06 17:40:00+00:00,19026.428,19034.5,19025.433500000003,19033.4945
2024-11-06 17:45:00+00:00,19034.4945,19055.478,19033.5,19055.478
2024-11-06 17:50:00+00:00,19054.5,19054.5,19038.5,19049.489
2024-11-06 17:55:00+00:00,19049.072,19056.5055,19046.439000000002,19052.45
2024-11-06 18:00:00+00:00,19052.011,19059.933500000003,19044.4945,19055.9445
2024-11-06 18:05:00+00:00,19056.4945,19058.489,19050.983500000002,19058.489
2024-11-06 18:10:00+00:00,19057.4835,19071.5555,19055.983500000002,19070.5
2024-11-06 18:15:00+00:00,19070.933500000003,19086.5,19069.5055,19084.5055
2024-11-06 18:20:00+00:00,19084.9835,19089.5055,19080.4445,19085.5
2024-11-06 18:25:00+00:00,19084.511,19088.572,19077.928,19082.9945
2024-11-06 18:30:00+00:00,19084.5,19090.522,19082.489,19085.978
2024-11-06 18:35:00+00:00,19085.0,19088.0555,19079.489,19081.5
2024-11-06 18:40:00+00:00,19080.5,19092.560999999998,19079.4945,19085.4445
2024-11-06 18:45:00+00:00,19086.5555,19095.5,19084.060999999998,19094.9835
2024-11-06 18:50:00+00:00,19094.4945,19096.072,19092.5165,19094.511
2024-11-06 18:55:00+00:00,19094.0,19095.572,19081.45,19085.439000000002
2024-11-06 19:00:00+00:00,19086.0055,19092.0,19082.439000000002,19084.572
2024-11-06 19:05:00+00:00,19085.0,19086.5,19072.478,19081.0055
2024-11-06 19:10:00+00:00,19080.4835,19088.9945,19076.933500000003,19081.439000000002
2024-11-06 19:15:00+00:00,19081.0,19081.5,19067.439000000002,19072.4835
2024-11-06 19:20:00+00:00,19071.989,19076.5055,19069.45,19071.4945
2024-11-06 19:25:00+00:00,19072.011,19075.560999999998,19064.4445,19064.4445
2024-11-06 19:30:00+00:00,19064.9945,19078.5055,19064.0,19076.4835
2024-11-06 19:35:00+00:00,19076.939000000002,19086.5,19074.428,19084.4945
2024-11-06 19:40:00+00:00,19085.011,19086.483500000002,19076.5,19081.489
2024-11-06 19:45:00+00:00,19081.9945,19092.0,19081.478,19082.4945
2024-11-06 19:50:00+00:00,19081.983500000002,19082.566499999997,19068.0055,19071.511
2024-11-06 19:55:00+00:00,19070.5165,19075.9445,19068.022,19071.4945
2024-11-06 20:00:00+00:00,19071.989,19084.560999999998,19071.989,19077.9945
2024-11-06 20:05:00+00:00,19077.5165,19084.0,19073.4445,19076.011
2024-11-06 20:10:00+00:00,19075.516499999998,19090.05,19075.516499999998,19089.5
2024-11-06 20:15:00+00:00,19088.55,19093.489,19086.516499999998,19090.5055
2024-11-06 20:20:00+00:00,19091.066499999997,19094.511,19088.522,19092.560999999998
2024-11-06 20:25:00+00:00,19093.5055,19124.9445,19093.5055,19124.511
2024-11-06 20:30:00+00:00,19125.433500000003,19129.983500000002,19110.433500000003,19117.439000000002
2024-11-06 20:35:00+00:00,19118.478,19120.0555,19108.5055,19108.928
2024-11-06 20:40:00+00:00,19109.55,19125.05,19109.0,19118.489
2024-11-06 20:45:00+00:00,19117.9945,19120.5,19099.4945,19102.5
2024-11-06 20:50:00+00:00,19102.983500000002,19104.5,19082.5165,19091.522
2024-11-06 20:55:00+00:00,19092.5055,19106.072,19090.428,19101.5165
2024-11-06 21:00:00+00:00,19100.0555,19121.672,19099.878,19115.9945
2024-11-06 21:05:00+00:00,19116.728,19118.4,19109.5055,19110.2945
2024-11-06 21:10:00+00:00,19111.105499999998,19113.961,19108.283499999998,19108.289
2024-11-06 23:00:00+00:00,19137.7,19137.7,19121.889000000003,19125.4945
2024-11-06 23:05:00+00:00,19125.0445,19127.4945,19120.3055,19124.3
2024-11-06 23:10:00+00:00,19125.116499999996,19126.7055,19124.3,19125.9055
2024-11-06 23:15:00+00:00,19125.039,19125.972,19115.728,19117.9
2024-11-06 23:20:00+00:00,19117.1555,19120.316499999997,19115.394500000002,19117.089
2024-11-06 23:25:00+00:00,19117.9,19122.766499999998,19115.394500000002,19121.9
2024-11-06 23:30:00+00:00,19121.489,19121.9,19116.211,19117.9055
2024-11-06 23:35:00+00:00,19118.3165,19118.722,19115.3445,19117.9
2024-11-06 23:40:00+00:00,19117.110999999997,19118.7055,19107.383500000004,19111.389000000003
2024-11-06 23:45:00+00:00,19112.211,19115.4055,19111.328,19112.2055
2024-11-06 23:50:00+00:00,19111.411,19112.2,19108.178,19110.578
2024-11-06 23:55:00+00:00,19110.211,19112.2,19108.183500000003,19109.4665
2024-11-07 00:00:00+00:00,19109.855499999998,19120.3055,19108.928,19117.4945
2024-11-07 00:05:00+00:00,19117.9,19123.489,19114.528,19115.4
2024-11-07 00:10:00+00:00,19116.2165,19121.911,19116.2165,19116.222
2024-11-07 00:15:00+00:00,19123.011,19123.011,19095.0555,19103.989
2024-11-07 00:20:00+00:00,19104.511,19106.516499999998,19079.439000000002,19079.439000000002
2024-11-07 00:25:00+00:00,19078.9835,19078.9835,19062.433500000003,19066.022
2024-11-07 00:30:00+00:00,19064.439000000002,19065.0,19056.489,19065.0
2024-11-07 00:35:00+00:00,19066.989,19076.511,19066.983500000002,19076.511
2024-11-07 00:40:00+00:00,19076.933500000003,19081.5055,19075.511,19077.5
2024-11-07 00:45:00+00:00,19077.95,19079.489,19066.5555,19067.0055
2024-11-07 00:50:00+00:00,19066.560999999998,19071.5165,19064.4445,19067.072
2024-11-07 00:55:00+00:00,19067.511,19077.5055,19066.983500000002,19072.522
2024-11-07 01:00:00+00:00,19071.978,19072.566499999997,19059.516499999998,19065.9945
2024-11-07 01:05:00+00:00,19066.5055,19069.060999999998,19035.022,19042.0165
2024-11-07 01:10:00+00:00,19042.572,19055.0,19040.511,19052.5
2024-11-07 01:15:00+00:00,19049.0,19053.022,19040.933500000003,19041.522
2024-11-07 01:20:00+00:00,19041.0,19046.066499999997,19032.011,19043.4945
2024-11-07 01:25:00+00:00,19042.9835,19043.011,19030.4945,19041.0
2024-11-07 01:30:00+00:00,19040.45,19057.522,19037.433500000003,19056.4945
2024-11-07 01:35:00+00:00,19055.5055,19076.511,19055.428,19066.5055
2024-11-07 01:40:00+00:00,19065.5055,19065.9945,19052.9445,19054.066499999997
2024-11-07 01:45:00+00:00,19054.5,19063.5,19054.5,19058.5555
2024-11-07 01:50:00+00:00,19058.9945,19060.4945,19051.9835,19055.0055
2024-11-07 01:55:00+00:00,19055.55,19065.989,19055.55,19065.989
2024-11-07 02:00:00+00:00,19064.9945,19068.9945,19061.5,19068.011
2024-11-07 02:05:00+00:00,19068.511,19076.5,19065.933500000003,19066.4945
2024-11-07 02:10:00+00:00,19067.0,19068.9945,19056.511,19060.072
2024-11-07 02:15:00+00:00,19060.4945,19066.989,19058.939000000002,19066.489
2024-11-07 02:20:00+00:00,19066.0055,19068.0,19061.560999999998,19062.4945
2024-11-07 02:25:00+00:00,19062.989,19065.566499999997,19055.016499999998,19055.016499999998
2024-11-07 02:30:00+00:00,19055.5055,19060.522,19043.4945,19050.55
2024-11-07 02:35:00+00:00,19049.933500000003,19049.933500000003,19039.572,19042.9945
2024-11-07 02:40:00+00:00,19043.5,19047.0,19033.5,19037.4445
2024-11-07 02:45:00+00:00,19038.5555,19046.4445,19035.560999999998,19046.4445
2024-11-07 02:50:00+00:00,19047.0,19051.066499999997,19042.0165,19047.5
2024-11-07 02:55:00+00:00,19047.9945,19051.0,19043.433500000003,19045.4835
2024-11-07 03:00:00+00:00,19045.95,19061.0,19045.95,19054.933500000003
2024-11-07 03:05:00+00:00,19054.5055,19054.5055,19046.5,19054.0
2024-11-07 03:10:00+00:00,19054.4445,19066.489,19054.4445,19055.0
2024-11-07 03:15:00+00:00,19055.5055,19063.5055,19055.060999999998,19062.9945
2024-11-07 03:20:00+00:00,19063.5055,19075.989,19063.5055,19069.4945
2024-11-07 03:25:00+00:00,19069.928,19070.5165,19066.0055,19068.45
2024-11-07 03:30:00+00:00,19067.011,19070.483500000002,19064.5165,19064.5165
2024-11-07 03:35:00+00:00,19064.0,19065.5165,19060.45,19065.5165
2024-11-07 03:40:00+00:00,19066.0,19077.4945,19066.0,19076.4445
2024-11-07 03:45:00+00:00,19079.0555,19079.9445,19076.566499999997,19077.9835
2024-11-07 03:50:00+00:00,19077.4945,19079.016499999998,19073.5,19078.5055
2024-11-07 03:55:00+00:00,19075.9945,19076.433500000003,19071.428,19073.9945
2024-11-07 04:00:00+00:00,19072.989,19075.011,19068.4945,19068.95
2024-11-07 04:05:00+00:00,19068.4945,19069.9945,19063.0,19064.5165
2024-11-07 04:10:00+00:00,19064.066499999997,19064.066499999997,19055.572,19055.989
2024-11-07 04:15:00+00:00,19056.489,19059.5055,19054.95,19056.072
2024-11-07 04:20:00+00:00,19056.5555,19056.5555,19051.5,19051.5
2024-11-07 04:25:00+00:00,19048.9945,19056.9945,19048.9945,19053.016499999998
2024-11-07 04:30:00+00:00,19052.4945,19055.522,19049.9945,19049.9945
2024-11-07 04:35:00+00:00,19050.4945,19057.489,19049.989,19052.978
2024-11-07 04:40:00+00:00,19052.489,19055.55,19050.5,19053.0
2024-11-07 04:45:00+00:00,19053.489,19056.011,19051.522,19054.0055
2024-11-07 04:50:00+00:00,19053.4835,19063.5,19053.4835,19058.511
2024-11-07 04:55:00+00:00,19056.55,19058.4445,19051.011,19056.016499999998
2024-11-07 05:00:00+00:00,19055.5,19061.5,19053.4945,19055.478
2024-11-07 05:05:00+00:00,19056.0,19066.5055,19056.0,19066.011
2024-11-07 05:10:00+00:00,19065.0055,19075.9945,19065.0055,19072.478
2024-11-07 05:15:00+00:00,19072.011,19075.928,19067.516499999998,19067.516499999998
2024-11-07 05:20:00+00:00,19068.4945,19079.0055,19068.072,19079.0055
2024-11-07 05:25:00+00:00,19077.95,19077.95,19070.016499999998,19071.0055
2024-11-07 05:30:00+00:00,19070.5,19083.5055,19068.4445,19078.433500000003
2024-11-07 05:35:00+00:00,19079.511,19080.560999999998,19068.55,19068.55
2024-11-07 05:40:00+00:00,19069.022,19076.0055,19065.4945,19072.566499999997
2024-11-07 05:45:00+00:00,19072.9835,19086.5,19072.9835,19084.989
2024-11-07 05:50:00+00:00,19085.5,19100.489,19083.489,19097.9945
2024-11-07 05:55:00+00:00,19098.4945,19108.0,19098.4945,19106.511
2024-11-07 06:00:00+00:00,19105.011,19110.439000000002,19095.9945,19097.989
2024-11-07 06:05:00+00:00,19098.511,19100.05,19089.05,19089.05
2024-11-07 06:10:00+00:00,19092.5,19108.4945,19089.55,19101.5555
2024-11-07 06:15:00+00:00,19100.9445,19107.978,19099.0055,19104.989
2024-11-07 06:20:00+00:00,19104.439000000002,19111.5055,19100.0165,19110.0
2024-11-07 06:25:00+00:00,19110.511,19113.489,19104.5,19104.5
2024-11-07 06:30:00+00:00,19104.022,19107.5,19090.0,19091.0055
2024-11-07 06:35:00+00:00,19090.011,19099.022,19089.439000000002,19095.989
2024-11-07 06:40:00+00:00,19095.0,19112.4945,19095.0,19112.4945
2024-11-07 06:45:00+00:00,19112.933500000003,19116.5,19098.0055,19098.0055
2024-11-07 06:50:00+00:00,19098.511,19119.478,19098.511,19117.5165
2024-11-07 06:55:00+00:00,19115.0165,19128.989,19114.939000000002,19116.4945
2024-11-07 07:00:00+00:00,19116.95,19123.9445,19081.483500000002,19092.4445
2024-11-07 07:05:00+00:00,19092.989,19111.489,19087.0,19109.439000000002
2024-11-07 07:10:00+00:00,19110.5165,19117.572,19109.511,19116.9945
2024-11-07 07:15:00+00:00,19117.933500000003,19136.989,19116.060999999998,19136.989
2024-11-07 07:20:00+00:00,19135.4445,19147.4835,19135.0055,19145.989
2024-11-07 07:25:00+00:00,19145.016499999998,19145.933500000003,19124.928,19128.55
2024-11-07 07:30:00+00:00,19127.95,19129.978,19116.5,19117.983500000002
2024-11-07 07:35:00+00:00,19118.933500000003,19129.016499999998,19114.5055,19125.560999999998
2024-11-07 07:40:00+00:00,19125.0055,19126.5055,19114.5,19118.0
2024-11-07 07:45:00+00:00,19115.983500000002,19123.011,19105.0,19110.0
2024-11-07 07:50:00+00:00,19108.5555,19110.0165,19092.011,19108.0055
2024-11-07 07:55:00+00:00,19107.0,19123.5,19099.516499999998,19099.516499999998
2024-11-07 08:00:00+00:00,19108.022,19161.9945,19108.022,19149.060999999998
2024-11-07 08:05:00+00:00,19148.511,19194.072,19145.5055,19194.072
2024-11-07 08:10:00+00:00,19194.978,19198.0055,19170.4945,19195.022
2024-11-07 08:15:00+00:00,19196.511,19234.978,19183.989,19232.011
2024-11-07 08:20:00+00:00,19232.5,19250.0165,19229.989,19249.0
2024-11-07 08:25:00+00:00,19250.0555,19274.0,19246.9945,19255.9835
2024-11-07 08:30:00+00:00,19252.9835,19256.4945,19236.433500000003,19253.0
2024-11-07 08:35:00+00:00,19252.483500000002,19254.011,19224.016499999998,19240.5
2024-11-07 08:40:00+00:00,19240.983500000002,19244.939000000002,19219.45,19243.0
2024-11-07 08:45:00+00:00,19242.511,19260.511,19239.516499999998,19248.0555
2024-11-07 08:50:00+00:00,19249.0055,19265.0,19244.0555,19263.989
2024-11-07 08:55:00+00:00,19263.060999999998,19285.95,19253.0055,19285.0
2024-11-07 09:00:00+00:00,19284.011,19292.95,19274.983500000002,19282.0
2024-11-07 09:05:00+00:00,19284.0165,19289.566499999997,19281.4835,19284.983500000002
2024-11-07 09:10:00+00:00,19285.928,19294.55,19277.983500000002,19288.0
2024-11-07 09:15:00+00:00,19289.0,19296.0,19279.978,19290.95
2024-11-07 09:20:00+00:00,19291.5055,19294.978,19275.483500000002,19279.072
2024-11-07 09:25:00+00:00,19280.0055,19280.55,19264.433500000003,19272.95
2024-11-07 09:30:00+00:00,19273.939000000002,19288.0,19272.0,19284.011
2024-11-07 09:35:00+00:00,19285.05,19291.011,19259.933500000003,19266.060999999998
2024-11-07 09:40:00+00:00,19267.05,19272.9945,19252.978,19262.0
2024-11-07 09:45:00+00:00,19261.0055,19263.55,19251.978,19259.022
2024-11-07 09:50:00+00:00,19260.516499999998,19265.011,19247.95,19254.989
2024-11-07 09:55:00+00:00,19253.95,19267.066499999997,19246.978,19261.0
2024-11-07 10:00:00+00:00,19262.0,19271.9945,19255.9835,19263.0055
2024-11-07 10:05:00+00:00,19262.022,19280.4945,19259.0,19266.060999999998
2024-11-07 10:10:00+00:00,19268.0055,19287.011,19266.0,19285.9445
2024-11-07 10:15:00+00:00,19284.933500000003,19288.011,19268.933500000003,19270.0555
2024-11-07 10:20:00+00:00,19271.4945,19275.5,19261.928,19262.9445
2024-11-07 10:25:00+00:00,19263.5,19263.5055,19238.9945,19241.066499999997
2024-11-07 10:30:00+00:00,19242.983500000002,19260.066499999997,19233.05,19257.933500000003
2024-11-07 10:35:00+00:00,19258.9945,19258.9945,19237.983500000002,19254.0055
2024-11-07 10:40:00+00:00,19253.4945,19266.478,19252.9945,19262.0165
2024-11-07 10:45:00+00:00,19261.560999999998,19262.489,19251.5055,19258.522
2024-11-07 10:50:00+00:00,19259.983500000002,19279.516499999998,19256.989,19273.9945
2024-11-07 10:55:00+00:00,19274.489,19287.5055,19273.0055,19278.0055
2024-11-07 11:00:00+00:00,19278.572,19282.0555,19263.5055,19274.0055
2024-11-07 11:05:00+00:00,19274.5,19276.5,19263.0,19266.0
2024-11-07 11:10:00+00:00,19266.9945,19267.5,19258.5,19265.983500000002
2024-11-07 11:15:00+00:00,19265.4945,19278.011,19257.9445,19278.011
2024-11-07 11:20:00+00:00,19278.939000000002,19284.5555,19275.9945,19284.0
2024-11-07 11:25:00+00:00,19283.011,19293.9835,19282.016499999998,19288.060999999998
2024-11-07 11:30:00+00:00,19287.016499999998,19287.016499999998,19275.95,19281.011
2024-11-07 11:35:00+00:00,19281.489,19284.0555,19271.060999999998,19283.95
2024-11-07 11:40:00+00:00,19283.0165,19297.05,19279.983500000002,19297.05
2024-11-07 11:45:00+00:00,19297.511,19303.433500000003,19287.0055,19287.4945
2024-11-07 11:50:00+00:00,19287.928,19298.05,19284.439000000002,19286.478
2024-11-07 11:55:00+00:00,19286.0,19288.060999999998,19283.072,19286.0055
2024-11-07 12:00:00+00:00,19284.5,19291.0055,19272.0,19278.9945
2024-11-07 12:05:00+00:00,19278.572,19282.560999999998,19267.489,19271.9835
2024-11-07 12:10:00+00:00,19272.5,19293.011,19271.0055,19291.989
2024-11-07 12:15:00+00:00,19291.5055,19296.989,19286.0,19290.05
2024-11-07 12:20:00+00:00,19290.5165,19305.0555,19289.489,19304.989
2024-11-07 12:25:00+00:00,19305.5,19323.9835,19305.0,19320.9945
2024-11-07 12:30:00+00:00,19320.0,19321.95,19303.489,19305.511
2024-11-07 12:35:00+00:00,19306.011,19311.9945,19298.5055,19300.989
2024-11-07 12:40:00+00:00,19302.072,19305.95,19283.489,19283.489
2024-11-07 12:45:00+00:00,19283.0055,19295.5,19275.5055,19293.0555
2024-11-07 12:50:00+00:00,19293.433500000003,19297.572,19281.45,19290.9945
2024-11-07 12:55:00+00:00,19290.522,19296.511,19281.9835,19282.928
2024-11-07 13:00:00+00:00,19282.560999999998,19300.060999999998,19279.983500000002,19299.0
2024-11-07 13:05:00+00:00,19298.511,19312.9945,19290.933500000003,19311.011
2024-11-07 13:10:00+00:00,19311.983500000002,19317.989,19304.9445,19317.989
2024-11-07 13:15:00+00:00,19318.983500000002,19330.011,19317.5,19325.9445
2024-11-07 13:20:00+00:00,19325.5,19328.0055,19317.928,19317.939000000002
2024-11-07 13:25:00+00:00,19318.511,19332.9945,19315.939000000002,19319.560999999998
2024-11-07 13:30:00+00:00,19319.0,19326.011,19312.489,19323.9945
2024-11-07 13:35:00+00:00,19323.4945,19335.439000000002,19302.5055,19311.0555
2024-11-07 13:40:00+00:00,19310.072,19321.560999999998,19298.939000000002,19316.0555
2024-11-07 13:45:00+00:00,19316.989,19318.0,19301.4945,19310.011
2024-11-07 13:50:00+00:00,19308.9945,19310.483500000002,19296.95,19310.483500000002
2024-11-07 13:55:00+00:00,19309.978,19317.5,19305.5,19317.0055
2024-11-07 14:00:00+00:00,19317.9445,19325.572,19307.516499999998,19319.989
2024-11-07 14:05:00+00:00,19319.0,19340.072,19313.05,19337.0
2024-11-07 14:10:00+00:00,19337.4835,19346.572,19332.9445,19346.572
2024-11-07 14:15:00+00:00,19346.011,19357.4945,19342.9945,19353.5
2024-11-07 14:20:00+00:00,19352.428,19370.0055,19351.0055,19365.5
2024-11-07 14:25:00+00:00,19366.066499999997,19376.0,19355.4945,19375.928
2024-11-07 14:30:00+00:00,19378.0,19388.0,19349.0165,19352.4945
2024-11-07 14:35:00+00:00,19351.5055,19386.939000000002,19348.011,19385.978
2024-11-07 14:40:00+00:00,19386.516499999998,19408.5055,19382.95,19396.9945
2024-11-07 14:45:00+00:00,19395.978,19406.5055,19388.933500000003,19389.011
2024-11-07 14:50:00+00:00,19386.983500000002,19422.989,19386.983500000002,19420.0
2024-11-07 14:55:00+00:00,19420.5555,19428.060999999998,19412.072,19414.0165
2024-11-07 15:00:00+00:00,19416.0055,19437.5,19416.0055,19426.05
2024-11-07 15:05:00+00:00,19425.5,19435.489,19413.9945,19419.060999999998
2024-11-07 15:10:00+00:00,19418.022,19421.022,19398.0,19399.0
2024-11-07 15:15:00+00:00,19400.011,19403.016499999998,19379.5055,19388.0055
2024-11-07 15:20:00+00:00,19388.5165,19403.9945,19383.928,19401.933500000003
2024-11-07 15:25:00+00:00,19402.5,19408.011,19395.5055,19399.0
2024-11-07 15:30:00+00:00,19399.5165,19411.566499999997,19398.978,19407.0055
2024-11-07 15:35:00+00:00,19408.072,19421.511,19407.5,19414.011
2024-11-07 15:40:00+00:00,19413.483500000002,19421.0,19406.0055,19421.0
2024-11-07 15:45:00+00:00,19420.4835,19436.4945,19419.0,19434.9945
2024-11-07 15:50:00+00:00,19436.0,19436.072,19416.939000000002,19420.5
2024-11-07 15:55:00+00:00,19421.511,19424.5055,19410.483500000002,19411.489
2024-11-07 16:00:00+00:00,19411.0,19417.9835,19390.928,19391.4445
2024-11-07 16:05:00+00:00,19391.9835,19391.9835,19365.989,19378.016499999998
2024-11-07 16:10:00+00:00,19377.5165,19388.489,19373.45,19385.483500000002
2024-11-07 16:15:00+00:00,19384.5,19384.5,19373.989,19379.011
2024-11-07 16:20:00+00:00,19379.489,19383.5055,19374.489,19381.5
2024-11-07 16:25:00+00:00,19379.978,19381.428,19365.433500000003,19369.5055
2024-11-07 16:30:00+00:00,19368.5165,19371.511,19361.5555,19365.45
2024-11-07 16:35:00+00:00,19366.0,19371.0165,19354.011,19360.022
2024-11-07 16:40:00+00:00,19360.5,19366.016499999998,19355.5055,19358.433500000003
2024-11-07 16:45:00+00:00,19359.0,19368.522,19357.511,19368.072
2024-11-07 16:50:00+00:00,19368.4945,19386.483500000002,19366.511,19383.522
2024-11-07 16:55:00+00:00,19382.989,19391.05,19382.0055,19384.5
2024-11-07 17:00:00+00:00,19385.0055,19385.0055,19371.0,19375.933500000003
2024-11-07 17:05:00+00:00,19375.511,19382.5165,19374.0055,19379.5
2024-11-07 17:10:00+00:00,19379.016499999998,19390.489,19378.428,19388.0055
2024-11-07 17:15:00+00:00,19388.55,19396.939000000002,19388.0055,19396.939000000002
2024-11-07 17:20:00+00:00,19396.4945,19400.560999999998,19394.5,19398.4945
2024-11-07 17:25:00+00:00,19398.0,19404.511,19398.0,19403.939000000002
2024-11-07 17:30:00+00:00,19403.5,19408.011,19398.428,19398.428
2024-11-07 17:35:00+00:00,19399.011,19402.5,19397.933500000003,19398.9945
2024-11-07 17:40:00+00:00,19398.4945,19402.511,19394.9945,19402.011
2024-11-07 17:45:00+00:00,19402.516499999998,19407.4945,19401.489,19405.5555
2024-11-07 17:50:00+00:00,19404.4445,19405.5055,19399.95,19404.5055
2024-11-07 17:55:00+00:00,19405.0,19405.5055,19399.928,19401.978
2024-11-07 18:00:00+00:00,19402.4945,19404.0055,19399.9835,19401.511
2024-11-07 18:05:00+00:00,19402.511,19404.4945,19397.489,19400.060999999998
2024-11-07 18:10:00+00:00,19399.4445,19400.572,19392.0,19394.478
2024-11-07 18:15:00+00:00,19394.072,19398.5055,19390.55,19393.933500000003
2024-11-07 18:20:00+00:00,19394.483500000002,19401.566499999997,19393.933500000003,19399.0055
2024-11-07 18:25:00+00:00,19399.933500000003,19403.55,19399.928,19400.483500000002
2024-11-07 18:30:00+00:00,19399.572,19400.0,19394.9945,19395.433500000003
2024-11-07 18:35:00+00:00,19396.022,19401.022,19394.489,19399.011
2024-11-07 18:40:00+00:00,19398.4445,19398.9945,19389.989,19393.066499999997
2024-11-07 18:45:00+00:00,19393.489,19398.5165,19392.9945,19398.5055
2024-11-07 18:50:00+00:00,19398.978,19410.066499999997,19398.4445,19409.928
2024-11-07 18:55:00+00:00,19411.0055,19411.0165,19399.933500000003,19403.439000000002
2024-11-07 19:00:00+00:00,19402.9945,19415.978,19390.989,19406.011
2024-11-07 19:05:00+00:00,19406.428,19419.0,19398.989,19418.5
2024-11-07 19:10:00+00:00,19418.022,19419.5,19407.9445,19410.939000000002
2024-11-07 19:15:00+00:00,19412.0,19417.989,19409.0055,19409.489
2024-11-07 19:20:00+00:00,19410.0,19411.0555,19398.489,19408.983500000002
2024-11-07 19:25:00+00:00,19409.5,19419.05,19408.483500000002,19415.989
2024-11-07 19:30:00+00:00,19415.4945,19426.989,19415.0055,19418.9945
2024-11-07 19:35:00+00:00,19420.5165,19420.5165,19409.983500000002,19413.0
2024-11-07 19:40:00+00:00,19412.511,19415.011,19397.983500000002,19412.5
2024-11-07 19:45:00+00:00,19413.0,19425.0,19405.95,19421.060999999998
2024-11-07 19:50:00+00:00,19421.5,19425.011,19416.022,19421.011
2024-11-07 19:55:00+00:00,19422.0,19440.0055,19422.0,19440.0055
2024-11-07 20:00:00+00:00,19441.0555,19441.0555,19430.0055,19432.0
2024-11-07 20:05:00+00:00,19432.4945,19435.9945,19429.511,19431.9945
2024-11-07 20:10:00+00:00,19432.55,19444.9835,19431.989,19444.933500000003
2024-11-07 20:15:00+00:00,19443.983500000002,19451.016499999998,19443.983500000002,19446.9445
2024-11-07 20:20:00+00:00,19446.511,19450.55,19437.439000000002,19442.0
2024-11-07 20:25:00+00:00,19441.0165,19443.5055,19434.428,19436.011
2024-11-07 20:30:00+00:00,19436.511,19438.55,19426.928,19427.9945
2024-11-07 20:35:00+00:00,19427.4945,19432.511,19421.939000000002,19422.560999999998
2024-11-07 20:40:00+00:00,19423.0,19427.5055,19420.05,19424.0
2024-11-07 20:45:00+00:00,19425.983500000002,19437.489,19423.9945,19432.428
2024-11-07 20:50:00+00:00,19431.989,19431.989,19417.5,19422.9945
2024-11-07 20:55:00+00:00,19423.5,19439.516499999998,19418.939000000002,19439.4945
2024-11-07 21:00:00+00:00,19438.75,19441.9055,19432.75,19435.1835
2024-11-07 21:05:00+00:00,19434.389000000003,19447.1665,19434.389000000003,19444.605499999998
2024-11-07 21:10:00+00:00,19445.4055,19449.855499999998,19442.389000000003,19444.9
2024-11-07 23:00:00+00:00,19441.739,19443.4055,19427.6835,19432.6665
2024-11-07 23:05:00+00:00,19432.933500000003,19437.5555,19431.739,19435.9055
2024-11-07 23:10:00+00:00,19436.7055,19441.622,19435.894500000002,19440.7445
2024-11-07 23:15:00+00:00,19441.9945,19443.933500000003,19438.0835,19438.560999999998
2024-11-07 23:20:00+00:00,19437.678,19439.355499999998,19435.639000000003,19438.8835
2024-11-07 23:25:00+00:00,19439.2835,19442.2,19435.316499999997,19442.189000000002
2024-11-07 23:30:00+00:00,19442.5945,19445.4165,19440.9945,19443.816499999997
2024-11-07 23:35:00+00:00,19441.822,19442.610999999997,19433.283499999998,19433.678
2024-11-07 23:40:00+00:00,19434.116499999996,19436.5835,19431.639000000003,19432.105499999998
2024-11-07 23:45:00+00:00,19431.7555,19437.4165,19431.689000000002,19434.489
2024-11-07 23:50:00+00:00,19434.1555,19437.4165,19431.7055,19436.6
2024-11-07 23:55:00+00:00,19437.0055,19440.139000000003,19434.894500000002,19439.389000000003
2024-11-08 00:00:00+00:00,19439.7945,19444.7,19438.9445,19443.9
2024-11-08 00:05:00+00:00,19443.0835,19443.0835,19436.6,19437.378
2024-11-08 00:10:00+00:00,19437.7945,19438.144500000002,19435.85,19436.5945
2024-11-08 00:15:00+00:00,19438.5,19452.072,19438.5,19449.5055
2024-11-08 00:20:00+00:00,19449.4945,19449.4945,19439.9445,19442.5
2024-11-08 00:25:00+00:00,19442.9945,19445.0,19442.439000000002,19443.0
2024-11-08 00:30:00+00:00,19442.5,19443.011,19439.072,19439.95
2024-11-08 00:35:00+00:00,19439.5165,19441.4945,19438.483500000002,19439.4835
2024-11-08 00:40:00+00:00,19440.0055,19446.989,19440.0055,19441.478
2024-11-08 00:45:00+00:00,19441.983500000002,19445.0055,19441.566499999997,19442.072
2024-11-08 00:50:00+00:00,19441.5,19441.5,19435.95,19438.5165
2024-11-08 00:55:00+00:00,19437.989,19439.4835,19437.428,19438.45
2024-11-08 01:00:00+00:00,19437.483500000002,19438.5165,19431.0,19436.489
2024-11-08 01:05:00+00:00,19435.9835,19442.9445,19435.439000000002,19440.060999999998
2024-11-08 01:10:00+00:00,19441.5,19445.0,19438.433500000003,19438.433500000003
2024-11-08 01:15:00+00:00,19439.022,19439.5055,19432.928,19434.05
2024-11-08 01:20:00+00:00,19434.4835,19438.5055,19432.511,19432.511
2024-11-08 01:25:00+00:00,19432.0055,19436.011,19429.5555,19434.5055
2024-11-08 01:30:00+00:00,19434.9945,19436.0,19429.939000000002,19430.0
2024-11-08 01:35:00+00:00,19430.4945,19431.560999999998,19428.489,19430.989
2024-11-08 01:40:00+00:00,19430.4945,19434.0,19427.489,19433.0
2024-11-08 01:45:00+00:00,19432.511,19433.5055,19426.516499999998,19429.5
2024-11-08 01:50:00+00:00,19428.9945,19434.072,19428.9945,19430.989
2024-11-08 01:55:00+00:00,19429.983500000002,19431.022,19428.0,19430.0
2024-11-08 02:00:00+00:00,19430.989,19432.511,19428.433500000003,19429.9945
2024-11-08 02:05:00+00:00,19429.011,19429.989,19425.5055,19427.0
2024-11-08 02:10:00+00:00,19427.939000000002,19432.511,19427.939000000002,19430.439000000002
2024-11-08 02:15:00+00:00,19429.989,19430.0555,19427.0055,19427.489
2024-11-08 02:20:00+00:00,19426.9945,19429.4445,19426.016499999998,19426.016499999998
2024-11-08 02:25:00+00:00,19426.489,19428.9945,19424.511,19427.989
2024-11-08 02:30:00+00:00,19428.572,19429.0055,19426.489,19426.9945
2024-11-08 02:35:00+00:00,19426.0,19426.0,19418.0,19418.0
2024-11-08 02:40:00+00:00,19418.489,19421.5,19408.5165,19408.5165
2024-11-08 02:45:00+00:00,19408.933500000003,19415.933500000003,19408.5,19411.928
2024-11-08 02:50:00+00:00,19411.428,19412.0055,19408.939000000002,19410.4945
2024-11-08 02:55:00+00:00,19410.0,19413.511,19408.483500000002,19413.511
2024-11-08 03:00:00+00:00,19414.511,19421.072,19413.5165,19420.511
2024-11-08 03:05:00+00:00,19421.011,19423.0,19419.489,19420.9945
2024-11-08 03:10:00+00:00,19421.5555,19426.4945,19421.4945,19421.989
2024-11-08 03:15:00+00:00,19421.5,19422.5055,19418.983500000002,19419.45
2024-11-08 03:20:00+00:00,19419.9835,19422.0,19417.478,19417.478
2024-11-08 03:25:00+00:00,19418.060999999998,19418.060999999998,19414.511,19414.928
2024-11-08 03:30:00+00:00,19413.9945,19414.9835,19410.978,19411.989
2024-11-08 03:35:00+00:00,19413.0,19418.566499999997,19411.522,19413.0
2024-11-08 03:40:00+00:00,19413.433500000003,19413.9945,19406.928,19406.928
2024-11-08 03:45:00+00:00,19405.989,19407.439000000002,19403.989,19404.928
2024-11-08 03:50:00+00:00,19405.511,19407.516499999998,19404.4835,19406.928
2024-11-08 03:55:00+00:00,19407.4945,19407.983500000002,19405.0,19405.0
2024-11-08 04:00:00+00:00,19404.5,19404.933500000003,19402.489,19404.560999999998
2024-11-08 04:05:00+00:00,19404.0055,19405.5,19403.5,19405.5
2024-11-08 04:10:00+00:00,19406.522,19407.0165,19405.489,19406.9945
2024-11-08 04:15:00+00:00,19407.9945,19411.4945,19407.9945,19411.4445
2024-11-08 04:20:00+00:00,19411.928,19415.489,19411.928,19414.0165
2024-11-08 04:25:00+00:00,19414.55,19416.511,19413.489,19416.060999999998
2024-11-08 04:30:00+00:00,19415.0,19415.0,19407.5,19408.4945
2024-11-08 04:35:00+00:00,19408.0165,19411.5,19407.4445,19408.439000000002
2024-11-08 04:40:00+00:00,19407.4445,19409.572,19406.9445,19409.522
2024-11-08 04:45:00+00:00,19408.511,19411.572,19407.511,19409.566499999997
2024-11-08 04:50:00+00:00,19408.95,19410.4835,19407.4445,19409.566499999997
2024-11-08 04:55:00+00:00,19408.4835,19409.566499999997,19407.45,19407.5055
2024-11-08 05:00:00+00:00,19408.4445,19410.483500000002,19405.95,19407.428
2024-11-08 05:05:00+00:00,19408.5,19410.5055,19405.522,19407.05
2024-11-08 05:10:00+00:00,19405.4945,19411.560999999998,19405.4945,19411.483500000002
2024-11-08 05:15:00+00:00,19410.511,19415.016499999998,19409.989,19414.4945
2024-11-08 05:20:00+00:00,19413.511,19416.566499999997,19412.5055,19415.9445
2024-11-08 05:25:00+00:00,19416.439000000002,19418.5,19415.4835,19415.989
2024-11-08 05:30:00+00:00,19415.0055,19419.011,19415.0055,19418.5
2024-11-08 05:35:00+00:00,19417.9945,19423.516499999998,19417.933500000003,19423.0165
2024-11-08 05:40:00+00:00,19423.522,19431.060999999998,19423.522,19430.0055
2024-11-08 05:45:00+00:00,19429.4445,19430.9945,19425.933500000003,19430.9945
2024-11-08 05:50:00+00:00,19430.439000000002,19431.0055,19420.433500000003,19420.433500000003
2024-11-08 05:55:00+00:00,19420.011,19423.05,19418.433500000003,19420.928
2024-11-08 06:00:00+00:00,19421.4945,19427.489,19419.4835,19422.511
2024-11-08 06:05:00+00:00,19421.5,19422.5,19417.522,19420.489
2024-11-08 06:10:00+00:00,19420.0055,19420.511,19412.4835,19413.9945
2024-11-08 06:15:00+00:00,19413.511,19413.511,19402.522,19405.0055
2024-11-08 06:20:00+00:00,19404.4945,19411.0555,19402.4445,19408.0165
2024-11-08 06:25:00+00:00,19407.5,19412.478,19406.489,19409.428
2024-11-08 06:30:00+00:00,19410.5055,19412.0055,19407.4945,19407.4945
2024-11-08 06:35:00+00:00,19407.983500000002,19410.5555,19394.55,19394.983500000002
2024-11-08 06:40:00+00:00,19394.5,19398.516499999998,19389.4945,19395.011
2024-11-08 06:45:00+00:00,19392.928,19398.511,19390.0,19398.511
2024-11-08 06:50:00+00:00,19399.4945,19403.05,19394.95,19400.9945
2024-11-08 06:55:00+00:00,19400.5,19403.5165,19394.939000000002,19396.0055
2024-11-08 07:00:00+00:00,19395.989,19413.072,19390.0,19409.489
2024-11-08 07:05:00+00:00,19410.5055,19410.989,19382.9945,19386.5055
2024-11-08 07:10:00+00:00,19386.0,19399.5,19385.9945,19395.511
2024-11-08 07:15:00+00:00,19395.0,19405.4945,19394.4835,19401.5
2024-11-08 07:20:00+00:00,19401.0,19406.989,19395.989,19406.989
2024-11-08 07:25:00+00:00,19406.489,19407.489,19400.9835,19406.066499999997
2024-11-08 07:30:00+00:00,19406.5,19406.5,19397.483500000002,19404.0
2024-11-08 07:35:00+00:00,19405.5165,19405.5165,19401.5,19403.4945
2024-11-08 07:40:00+00:00,19404.489,19417.9945,19403.9445,19415.5
2024-11-08 07:45:00+00:00,19417.5165,19419.511,19413.511,19419.511
2024-11-08 07:50:00+00:00,19420.060999999998,19424.060999999998,19417.933500000003,19418.0
2024-11-08 07:55:00+00:00,19418.989,19419.560999999998,19398.5,19403.5165
2024-11-08 08:00:00+00:00,19402.433500000003,19416.5165,19357.5,19359.0555
2024-11-08 08:05:00+00:00,19359.489,19364.511,19333.560999999998,19333.560999999998
2024-11-08 08:10:00+00:00,19334.45,19344.5555,19318.572,19325.0555
2024-11-08 08:15:00+00:00,19325.5,19351.5,19325.5,19342.566499999997
2024-11-08 08:20:00+00:00,19343.5,19369.5055,19341.011,19348.989
2024-11-08 08:25:00+00:00,19347.0,19352.5,19334.439000000002,19341.4945
2024-11-08 08:30:00+00:00,19343.5,19358.4945,19335.4945,19356.489
2024-11-08 08:35:00+00:00,19355.5055,19371.439000000002,19351.478,19360.989
2024-11-08 08:40:00+00:00,19360.5,19364.55,19348.5555,19354.45
2024-11-08 08:45:00+00:00,19354.066499999997,19354.511,19335.011,19336.483500000002
2024-11-08 08:50:00+00:00,19336.0055,19343.939000000002,19327.428,19333.5055
2024-11-08 08:55:00+00:00,19333.05,19336.4445,19321.428,19334.0165
2024-11-08 09:00:00+00:00,19334.489,19344.4945,19304.4945,19304.5055
2024-11-08 09:05:00+00:00,19305.511,19318.0,19297.489,19311.55
2024-11-08 09:10:00+00:00,19312.0055,19330.5055,19309.511,19330.478
2024-11-08 09:15:00+00:00,19331.0555,19331.4945,19305.9945,19311.0055
2024-11-08 09:20:00+00:00,19310.511,19313.05,19299.989,19308.016499999998
2024-11-08 09:25:00+00:00,19307.433500000003,19317.011,19303.939000000002,19305.0
2024-11-08 09:30:00+00:00,19304.489,19312.4445,19297.0,19303.0
2024-11-08 09:35:00+00:00,19302.511,19306.0055,19287.05,19290.989
2024-11-08 09:40:00+00:00,19290.5055,19292.066499999997,19262.978,19264.0
2024-11-08 09:45:00+00:00,19265.5055,19270.0055,19244.4445,19245.9945
2024-11-08 09:50:00+00:00,19245.4945,19258.45,19226.928,19228.0
2024-11-08 09:55:00+00:00,19229.011,19232.060999999998,19216.0,19216.0555
2024-11-08 10:00:00+00:00,19215.0055,19227.4945,19211.0055,19215.45
2024-11-08 10:05:00+00:00,19216.072,19216.5165,19179.428,19186.0055
2024-11-08 10:10:00+00:00,19185.572,19193.978,19172.478,19186.0055
2024-11-08 10:15:00+00:00,19186.989,19210.011,19185.016499999998,19201.45
2024-11-08 10:20:00+00:00,19201.95,19205.45,19189.9945,19193.011
2024-11-08 10:25:00+00:00,19191.9945,19199.5,19182.0165,19189.0165
2024-11-08 10:30:00+00:00,19188.5,19190.011,19167.016499999998,19172.989
2024-11-08 10:35:00+00:00,19172.0,19174.9945,19157.511,19159.9945
2024-11-08 10:40:00+00:00,19162.0,19179.011,19159.0,19166.011
2024-11-08 10:45:00+00:00,19165.45,19166.060999999998,19142.983500000002,19150.9945
2024-11-08 10:50:00+00:00,19150.560999999998,19160.989,19145.9945,19153.0
2024-11-08 10:55:00+00:00,19152.0,19175.511,19151.0055,19170.0055
2024-11-08 11:00:00+00:00,19169.0055,19170.5055,19152.478,19160.066499999997
2024-11-08 11:05:00+00:00,19158.983500000002,19162.9945,19148.0,19156.5055
2024-11-08 11:10:00+00:00,19157.060999999998,19178.0055,19157.060999999998,19172.983500000002
2024-11-08 11:15:00+00:00,19172.060999999998,19191.0555,19171.022,19185.0165
2024-11-08 11:20:00+00:00,19185.511,19205.511,19184.45,19193.016499999998
2024-11-08 11:25:00+00:00,19194.0,19196.060999999998,19183.0055,19194.439000000002
2024-11-08 11:30:00+00:00,19194.978,19200.011,19184.9945,19196.9445
2024-11-08 11:35:00+00:00,19198.0055,19228.0,19196.989,19220.928
2024-11-08 11:40:00+00:00,19220.0055,19231.0165,19218.011,19220.9945
2024-11-08 11:45:00+00:00,19221.439000000002,19223.928,19213.572,19220.0
2024-11-08 11:50:00+00:00,19219.4945,19220.989,19210.9445,19211.928
2024-11-08 11:55:00+00:00,19211.566499999997,19228.011,19211.016499999998,19224.0055
2024-11-08 12:00:00+00:00,19226.066499999997,19239.0555,19225.011,19238.4445
2024-11-08 12:05:00+00:00,19238.0,19241.5555,19230.016499999998,19238.9945
2024-11-08 12:10:00+00:00,19239.4945,19250.989,19239.4945,19241.0555
2024-11-08 12:15:00+00:00,19240.522,19253.560999999998,19239.489,19253.522
2024-11-08 12:20:00+00:00,19251.9945,19256.9945,19238.0,19240.0165
2024-11-08 12:25:00+00:00,19239.011,19248.489,19231.511,19235.9945
2024-11-08 12:30:00+00:00,19237.016499999998,19243.060999999998,19225.0,19240.933500000003
2024-11-08 12:35:00+00:00,19242.0,19252.9945,19240.55,19246.0
2024-11-08 12:40:00+00:00,19247.0,19253.072,19246.0,19253.072
2024-11-08 12:45:00+00:00,19254.0055,19254.572,19245.989,19249.4945
2024-11-08 12:50:00+00:00,19249.0055,19262.5055,19248.5,19255.0
2024-11-08 12:55:00+00:00,19254.0,19264.05,19250.511,19252.060999999998
2024-11-08 13:00:00+00:00,19251.511,19259.516499999998,19248.983500000002,19254.060999999998
2024-11-08 13:05:00+00:00,19254.439000000002,19256.016499999998,19238.989,19239.011
2024-11-08 13:10:00+00:00,19238.5,19240.0055,19218.9445,19221.072
2024-11-08 13:15:00+00:00,19219.939000000002,19224.522,19209.4945,19213.989
2024-11-08 13:20:00+00:00,19213.5,19226.011,19209.0,19225.55
2024-11-08 13:25:00+00:00,19225.016499999998,19237.560999999998,19223.066499999997,19237.560999999998
2024-11-08 13:30:00+00:00,19237.0055,19239.016499999998,19227.0555,19232.022
2024-11-08 13:35:00+00:00,19232.483500000002,19232.483500000002,19211.011,19214.4945
2024-11-08 13:40:00+00:00,19214.011,19222.011,19209.4835,19218.5055
2024-11-08 13:45:00+00:00,19217.989,19240.511,19217.0055,19236.5055
2024-11-08 13:50:00+00:00,19235.933500000003,19244.0555,19231.560999999998,19234.0055
2024-11-08 13:55:00+00:00,19233.516499999998,19234.0165,19216.0,19217.0055
2024-11-08 14:00:00+00:00,19217.489,19229.0165,19215.0,19222.0165
2024-11-08 14:05:00+00:00,19222.522,19228.0555,19220.989,19227.45
2024-11-08 14:10:00+00:00,19228.0,19246.072,19225.933500000003,19245.5055
2024-11-08 14:15:00+00:00,19244.05,19244.05,19228.978,19231.011
2024-11-08 14:20:00+00:00,19230.0,19239.0055,19222.933500000003,19235.011
2024-11-08 14:25:00+00:00,19236.5055,19237.489,19221.5055,19228.011
2024-11-08 14:30:00+00:00,19228.4945,19235.022,19196.05,19202.9945
2024-11-08 14:35:00+00:00,19203.95,19213.9945,19189.9835,19192.022
2024-11-08 14:40:00+00:00,19191.511,19195.0,19178.0055,19180.022
2024-11-08 14:45:00+00:00,19179.0,19202.0,19178.0,19196.4445
2024-11-08 14:50:00+00:00,19195.989,19202.011,19184.4835,19198.516499999998
2024-11-08 14:55:00+00:00,19199.060999999998,19211.0055,19192.983500000002,19206.060999999998
2024-11-08 15:00:00+00:00,19206.5165,19212.489,19186.9445,19188.0
2024-11-08 15:05:00+00:00,19186.9945,19192.0555,19176.9445,19183.0165
2024-11-08 15:10:00+00:00,19183.939000000002,19203.5165,19179.9445,19201.9945
2024-11-08 15:15:00+00:00,19201.5,19202.489,19190.9945,19200.072
2024-11-08 15:20:00+00:00,19199.0,19234.478,19196.022,19222.9835
2024-11-08 15:25:00+00:00,19223.433500000003,19228.011,19214.928,19217.011
2024-11-08 15:30:00+00:00,19216.0,19230.066499999997,19212.5055,19229.0
2024-11-08 15:35:00+00:00,19228.439000000002,19228.439000000002,19216.989,19223.928
2024-11-08 15:40:00+00:00,19223.0055,19226.428,19215.933500000003,19219.060999999998
2024-11-08 15:45:00+00:00,19218.011,19229.9945,19216.933500000003,19227.9945
2024-11-08 15:50:00+00:00,19227.428,19233.5,19225.0,19231.9835
2024-11-08 15:55:00+00:00,19231.5,19234.05,19218.933500000003,19223.011
2024-11-08 16:00:00+00:00,19222.511,19222.511,19199.560999999998,19201.4835
2024-11-08 16:05:00+00:00,19201.011,19215.989,19200.9445,19207.45
2024-11-08 16:10:00+00:00,19206.9945,19215.066499999997,19203.05,19209.016499999998
2024-11-08 16:15:00+00:00,19207.9445,19214.0055,19200.989,19210.011
2024-11-08 16:20:00+00:00,19210.5,19215.4945,19207.478,19212.939000000002
2024-11-08 16:25:00+00:00,19212.0,19215.0165,19205.4835,19207.0055
2024-11-08 16:30:00+00:00,19207.489,19217.989,19202.4945,19217.989
2024-11-08 16:35:00+00:00,19217.5,19217.5,19202.5,19210.933500000003
2024-11-08 16:40:00+00:00,19211.511,19216.5,19206.0165,19211.5
2024-11-08 16:45:00+00:00,19210.4945,19211.0055,19200.989,19206.433500000003
2024-11-08 16:50:00+00:00,19206.978,19214.066499999997,19205.0165,19212.5055
2024-11-08 16:55:00+00:00,19213.989,19218.0555,19199.0,19204.978
2024-11-08 17:00:00+00:00,19205.478,19209.572,19201.989,19203.9945
2024-11-08 17:05:00+00:00,19204.5,19206.05,19197.933500000003,19204.566499999997
2024-11-08 17:10:00+00:00,19203.928,19207.011,19196.0,19196.989
2024-11-08 17:15:00+00:00,19197.433500000003,19201.0055,19193.45,19200.0055
2024-11-08 17:20:00+00:00,19200.560999999998,19204.060999999998,19193.483500000002,19195.560999999998
2024-11-08 17:25:00+00:00,19196.5,19197.522,19186.9945,19188.478
2024-11-08 17:30:00+00:00,19187.9945,19201.05,19186.9945,19201.05
2024-11-08 17:35:00+00:00,19200.522,19202.0055,19197.428,19197.5555
2024-11-08 17:40:00+00:00,19197.0055,19198.9945,19192.5055,19197.05
2024-11-08 17:45:00+00:00,19196.45,19201.989,19195.928,19199.433500000003
2024-11-08 17:50:00+00:00,19200.0,19203.072,19198.9945,19201.572
2024-11-08 17:55:00+00:00,19202.060999999998,19203.4945,19197.5055,19198.5
2024-11-08 18:00:00+00:00,19199.0055,19199.511,19196.989,19199.5
2024-11-08 18:05:00+00:00,19199.0,19202.5055,19198.4445,19200.489
2024-11-08 18:10:00+00:00,19201.0055,19206.0555,19200.439000000002,19206.0555
2024-11-08 18:15:00+00:00,19206.5055,19206.9445,19195.45,19196.522
2024-11-08 18:20:00+00:00,19196.060999999998,19199.5,19192.478,19193.45
2024-11-08 18:25:00+00:00,19193.983500000002,19194.572,19191.4445,19193.0
2024-11-08 18:30:00+00:00,19192.489,19199.0,19191.489,19197.560999999998
2024-11-08 18:35:00+00:00,19196.572,19203.0,19193.5,19203.0
2024-11-08 18:40:00+00:00,19203.522,19207.011,19200.928,19207.011
2024-11-08 18:45:00+00:00,19207.4945,19211.989,19206.9835,19209.0
2024-11-08 18:50:00+00:00,19209.566499999997,19210.483500000002,19201.5,19201.9945
2024-11-08 18:55:00+00:00,19203.0,19206.511,19198.928,19203.989
2024-11-08 19:00:00+00:00,19203.4945,19204.522,19197.516499999998,19202.0
2024-11-08 19:05:00+00:00,19201.5555,19212.5,19201.5555,19212.5
2024-11-08 19:10:00+00:00,19211.989,19214.989,19210.9835,19213.0
2024-11-08 19:15:00+00:00,19213.516499999998,19215.5165,19210.566499999997,19212.5165
2024-11-08 19:20:00+00:00,19213.022,19218.566499999997,19211.022,19218.022
2024-11-08 19:25:00+00:00,19218.5055,19220.011,19216.05,19219.022
2024-11-08 19:30:00+00:00,19219.516499999998,19224.0055,19217.55,19223.989
2024-11-08 19:35:00+00:00,19224.5055,19238.560999999998,19224.022,19238.011
2024-11-08 19:40:00+00:00,19238.560999999998,19240.5055,19231.928,19231.928
2024-11-08 19:45:00+00:00,19232.5,19232.5,19226.483500000002,19226.928
2024-11-08 19:50:00+00:00,19227.5055,19230.511,19226.483500000002,19229.4835
2024-11-08 19:55:00+00:00,19229.95,19231.0,19223.9835,19224.022
2024-11-08 20:00:00+00:00,19226.4945,19228.5555,19221.439000000002,19227.0055
2024-11-08 20:05:00+00:00,19227.5055,19229.5555,19224.4945,19229.016499999998
2024-11-08 20:10:00+00:00,19229.5,19230.5555,19222.4945,19223.9445
2024-11-08 20:15:00+00:00,19223.5055,19227.560999999998,19223.4945,19223.978
2024-11-08 20:20:00+00:00,19224.5055,19226.0055,19218.95,19224.9945
2024-11-08 20:25:00+00:00,19224.5055,19227.5,19219.9835,19220.022
2024-11-08 20:30:00+00:00,19220.522,19222.0055,19211.989,19213.05
2024-11-08 20:35:00+00:00,19212.5055,19221.566499999997,19211.522,19221.0
2024-11-08 20:40:00+00:00,19220.55,19221.0055,19214.9445,19217.5055
2024-11-08 20:45:00+00:00,19218.4945,19221.5055,19217.45,19219.5
2024-11-08 20:50:00+00:00,19220.572,19238.572,19219.066499999997,19237.5
2024-11-08 20:55:00+00:00,19235.439000000002,19246.4945,19235.439000000002,19244.066499999997
2024-11-08 21:00:00+00:00,19244.5,19244.5,19244.5,19244.5
2024-11-11 00:00:00+00:00,19275.511,19277.078,19273.0945,19273.116499999996
2024-11-11 00:05:00+00:00,19272.3055,19273.028,19270.644500000002,19270.711
2024-11-11 00:10:00+00:00,19271.522,19271.522,19270.7055,19271.511
2024-11-11 00:15:00+00:00,19267.983500000002,19289.6995,19267.983500000002,19282.566499999997
2024-11-11 00:20:00+00:00,19282.478,19293.011,19282.0055,19288.989
2024-11-11 00:25:00+00:00,19289.5055,19290.4945,19288.933500000003,19289.5055
2024-11-11 00:30:00+00:00,19288.4445,19290.516499999998,19284.0,19284.0
2024-11-11 00:35:00+00:00,19282.5,19284.0055,19279.9945,19282.95
2024-11-11 00:40:00+00:00,19282.5055,19285.060999999998,19278.478,19278.478
2024-11-11 00:45:00+00:00,19278.933500000003,19280.060999999998,19270.928,19270.928
2024-11-11 00:50:00+00:00,19273.5055,19279.983500000002,19273.5055,19277.9445
2024-11-11 00:55:00+00:00,19277.560999999998,19278.0555,19275.983500000002,19276.4945
2024-11-11 01:00:00+00:00,19275.989,19275.989,19260.011,19260.9945
2024-11-11 01:05:00+00:00,19261.45,19264.011,19256.928,19256.989
2024-11-11 01:10:00+00:00,19256.511,19260.511,19255.4945,19256.9945
2024-11-11 01:15:00+00:00,19256.4945,19256.4945,19254.0055,19254.0055
2024-11-11 01:20:00+00:00,19251.05,19257.022,19247.928,19257.0
2024-11-11 01:25:00+00:00,19257.511,19265.478,19256.978,19264.511
2024-11-11 01:30:00+00:00,19264.983500000002,19280.4945,19264.983500000002,19273.5165
2024-11-11 01:35:00+00:00,19273.016499999998,19274.4445,19268.9445,19273.0055
2024-11-11 01:40:00+00:00,19273.4835,19275.0,19270.939000000002,19272.011
2024-11-11 01:45:00+00:00,19271.489,19274.022,19269.933500000003,19270.9445
2024-11-11 01:50:00+00:00,19270.5165,19271.011,19265.0055,19265.5
2024-11-11 01:55:00+00:00,19265.9835,19267.022,19264.489,19267.0
2024-11-11 02:00:00+00:00,19266.5055,19266.939000000002,19266.0,19266.0
2024-11-11 02:05:00+00:00,19265.566499999997,19268.5,19263.4945,19267.066499999997
2024-11-11 02:10:00+00:00,19266.5,19269.5,19264.9835,19269.0055
2024-11-11 02:15:00+00:00,19268.511,19269.55,19261.9835,19261.9835
2024-11-11 02:20:00+00:00,19261.560999999998,19261.560999999998,19257.928,19259.060999999998
2024-11-11 02:25:00+00:00,19260.489,19261.0,19255.9945,19255.9945
2024-11-11 02:30:00+00:00,19256.489,19256.489,19250.978,19252.011
2024-11-11 02:35:00+00:00,19252.428,19254.5055,19249.489,19252.4835
2024-11-11 02:40:00+00:00,19252.060999999998,19255.511,19251.428,19255.05
2024-11-11 02:45:00+00:00,19255.5555,19259.011,19255.5555,19255.989
2024-11-11 02:50:00+00:00,19257.0,19260.5055,19255.0,19255.0
2024-11-11 02:55:00+00:00,19255.511,19259.0,19251.4945,19256.0055
2024-11-11 03:00:00+00:00,19257.5055,19257.983500000002,19251.489,19252.0
2024-11-11 03:05:00+00:00,19251.5165,19257.5165,19251.5165,19255.933500000003
2024-11-11 03:10:00+00:00,19255.489,19258.4945,19255.4445,19256.439000000002
2024-11-11 03:15:00+00:00,19256.072,19259.4945,19252.439000000002,19255.0055
2024-11-11 03:20:00+00:00,19253.939000000002,19256.066499999997,19253.511,19255.511
2024-11-11 03:25:00+00:00,19255.9945,19255.9945,19250.5,19254.5
2024-11-11 03:30:00+00:00,19254.066499999997,19256.05,19252.0055,19252.989
2024-11-11 03:35:00+00:00,19251.55,19254.9945,19251.4945,19253.4945
2024-11-11 03:40:00+00:00,19253.0055,19258.0055,19253.0055,19257.9945
2024-11-11 03:45:00+00:00,19257.433500000003,19258.0055,19256.9945,19257.5055
2024-11-11 03:50:00+00:00,19257.978,19258.560999999998,19253.5055,19255.5055
2024-11-11 03:55:00+00:00,19254.433500000003,19254.5055,19251.978,19253.511
2024-11-11 04:00:00+00:00,19253.95,19257.0,19251.4945,19256.5
2024-11-11 04:05:00+00:00,19256.978,19258.5555,19255.5055,19257.9945
2024-11-11 04:10:00+00:00,19258.433500000003,19261.5555,19256.5,19261.511
2024-11-11 04:15:00+00:00,19261.978,19262.566499999997,19257.983500000002,19260.0
2024-11-11 04:20:00+00:00,19260.5055,19261.4945,19258.4445,19261.4945
2024-11-11 04:25:00+00:00,19262.022,19266.5055,19261.011,19265.522
2024-11-11 04:30:00+00:00,19265.9945,19266.989,19262.4445,19264.511
2024-11-11 04:35:00+00:00,19264.0055,19270.4945,19259.4945,19259.9945
2024-11-11 04:40:00+00:00,19260.489,19263.5,19254.928,19256.478
2024-11-11 04:45:00+00:00,19257.05,19260.95,19257.05,19260.011
2024-11-11 04:50:00+00:00,19260.511,19263.5,19259.516499999998,19260.516499999998
2024-11-11 04:55:00+00:00,19260.011,19263.4835,19260.011,19260.5
2024-11-11 05:00:00+00:00,19260.939000000002,19268.560999999998,19260.939000000002,19267.5
2024-11-11 05:05:00+00:00,19269.4445,19271.022,19265.5055,19271.022
2024-11-11 05:10:00+00:00,19271.4945,19281.5,19271.0055,19281.483500000002
2024-11-11 05:15:00+00:00,19281.989,19283.5055,19279.511,19280.0055
2024-11-11 05:20:00+00:00,19278.560999999998,19283.05,19278.560999999998,19282.5555
2024-11-11 05:25:00+00:00,19283.0165,19287.5555,19283.0165,19284.9945
2024-11-11 05:30:00+00:00,19284.4945,19284.4945,19281.05,19281.983500000002
2024-11-11 05:35:00+00:00,19284.439000000002,19285.560999999998,19282.560999999998,19283.016499999998
2024-11-11 05:40:00+00:00,19282.489,19289.511,19282.489,19288.4945
2024-11-11 05:45:00+00:00,19288.060999999998,19290.511,19285.5055,19286.428
2024-11-11 05:50:00+00:00,19285.9835,19286.572,19281.428,19282.05
2024-11-11 05:55:00+00:00,19281.5055,19282.9945,19279.0555,19282.0
2024-11-11 06:00:00+00:00,19282.5,19289.0,19282.5,19285.9945
2024-11-11 06:05:00+00:00,19286.4945,19292.522,19285.4945,19292.072
2024-11-11 06:10:00+00:00,19292.511,19294.511,19291.95,19293.9945
2024-11-11 06:15:00+00:00,19292.95,19300.560999999998,19292.95,19300.560999999998
2024-11-11 06:20:00+00:00,19299.95,19299.95,19292.0055,19293.983500000002
2024-11-11 06:25:00+00:00,19294.45,19295.5055,19291.9945,19294.016499999998
2024-11-11 06:30:00+00:00,19292.433500000003,19307.0,19292.433500000003,19304.5
2024-11-11 06:35:00+00:00,19305.4835,19305.4835,19293.489,19294.066499999997
2024-11-11 06:40:00+00:00,19294.5555,19295.511,19293.4835,19293.4835
2024-11-11 06:45:00+00:00,19294.05,19295.4945,19290.989,19295.0055
2024-11-11 06:50:00+00:00,19298.5555,19302.011,19294.95,19302.011
2024-11-11 06:55:00+00:00,19301.4945,19307.566499999997,19298.4945,19306.9445
2024-11-11 07:00:00+00:00,19303.560999999998,19314.572,19288.428,19296.5055
2024-11-11 07:05:00+00:00,19299.0055,19315.5555,19296.4945,19315.5555
2024-11-11 07:10:00+00:00,19315.983500000002,19327.566499999997,19313.4945,19322.5555
2024-11-11 07:15:00+00:00,19323.5,19327.566499999997,19320.072,19327.566499999997
2024-11-11 07:20:00+00:00,19327.9445,19333.4945,19322.4945,19331.016499999998
2024-11-11 07:25:00+00:00,19332.0,19340.566499999997,19325.0055,19340.4945
2024-11-11 07:30:00+00:00,19340.989,19361.489,19340.55,19360.0
2024-11-11 07:35:00+00:00,19360.516499999998,19365.066499999997,19352.989,19364.933500000003
2024-11-11 07:40:00+00:00,19365.4945,19368.566499999997,19359.933500000003,19364.5
2024-11-11 07:45:00+00:00,19362.4445,19374.5055,19360.560999999998,19369.0
2024-11-11 07:50:00+00:00,19371.060999999998,19378.0055,19365.5055,19368.066499999997
2024-11-11 07:55:00+00:00,19367.489,19392.4945,19363.478,19391.5
2024-11-11 08:00:00+00:00,19385.5055,19403.983500000002,19370.489,19402.516499999998
2024-11-11 08:05:00+00:00,19402.011,19412.011,19388.489,19408.0
2024-11-11 08:10:00+00:00,19407.478,19436.05,19403.5055,19435.4945
2024-11-11 08:15:00+00:00,19433.439000000002,19450.511,19427.439000000002,19447.989
2024-11-11 08:20:00+00:00,19448.572,19456.5055,19436.489,19451.5055
2024-11-11 08:25:00+00:00,19451.989,19466.489,19434.4945,19463.016499999998
2024-11-11 08:30:00+00:00,19462.5,19464.511,19442.5,19446.9945
2024-11-11 08:35:00+00:00,19446.5,19459.511,19440.489,19454.4835
2024-11-11 08:40:00+00:00,19455.05,19463.516499999998,19450.0055,19459.4835
2024-11-11 08:45:00+00:00,19459.0,19459.5555,19441.489,19448.516499999998
2024-11-11 08:50:00+00:00,19448.0055,19461.072,19446.489,19448.511
2024-11-11 08:55:00+00:00,19449.0,19450.0055,19418.433500000003,19425.4945
2024-11-11 09:00:00+00:00,19426.572,19435.45,19412.0,19412.9835
2024-11-11 09:05:00+00:00,19413.5055,19438.483500000002,19413.5055,19435.5055
2024-11-11 09:10:00+00:00,19435.022,19451.5,19429.45,19449.5
2024-11-11 09:15:00+00:00,19448.989,19450.566499999997,19430.511,19444.5
2024-11-11 09:20:00+00:00,19445.45,19456.933500000003,19444.5055,19448.489
2024-11-11 09:25:00+00:00,19447.516499999998,19447.9445,19429.9445,19439.978
2024-11-11 09:30:00+00:00,19441.9445,19442.511,19415.4945,19415.4945
2024-11-11 09:35:00+00:00,19415.928,19436.066499999997,19415.928,19432.5
2024-11-11 09:40:00+00:00,19431.5,19442.5,19426.9445,19439.9945
2024-11-11 09:45:00+00:00,19440.511,19447.4945,19437.511,19447.0
2024-11-11 09:50:00+00:00,19447.4945,19448.066499999997,19433.489,19442.5165
2024-11-11 09:55:00+00:00,19443.5,19446.5,19435.489,19446.489
2024-11-11 10:00:00+00:00,19447.478,19452.566499999997,19445.433500000003,19451.5
2024-11-11 10:05:00+00:00,19452.011,19462.9945,19451.522,19454.5
2024-11-11 10:10:00+00:00,19455.5055,19459.4945,19445.511,19449.433500000003
2024-11-11 10:15:00+00:00,19450.522,19461.489,19446.522,19461.0
2024-11-11 10:20:00+00:00,19460.428,19473.511,19460.428,19469.5
2024-11-11 10:25:00+00:00,19469.9945,19471.522,19464.4945,19470.5
2024-11-11 10:30:00+00:00,19471.5,19473.489,19462.4945,19466.5055
2024-11-11 10:35:00+00:00,19467.5055,19474.072,19467.439000000002,19473.483500000002
2024-11-11 10:40:00+00:00,19473.0,19474.45,19464.066499999997,19465.566499999997
2024-11-11 10:45:00+00:00,19466.5055,19468.5,19455.433500000003,19458.439000000002
2024-11-11 10:50:00+00:00,19459.05,19464.4945,19454.95,19454.9945
2024-11-11 10:55:00+00:00,19455.978,19457.489,19448.9445,19452.489
2024-11-11 11:00:00+00:00,19453.5,19466.9945,19449.439000000002,19464.511
2024-11-11 11:05:00+00:00,19462.5,19472.5,19459.4945,19470.933500000003
2024-11-11 11:10:00+00:00,19471.4945,19473.522,19461.5555,19463.4945
2024-11-11 11:15:00+00:00,19462.489,19462.489,19445.5055,19449.05
2024-11-11 11:20:00+00:00,19447.522,19459.572,19446.933500000003,19454.0165
2024-11-11 11:25:00+00:00,19452.983500000002,19453.4945,19441.428,19448.4835
2024-11-11 11:30:00+00:00,19449.016499999998,19465.0165,19448.989,19463.433500000003
2024-11-11 11:35:00+00:00,19463.011,19470.022,19463.011,19468.5055
2024-11-11 11:40:00+00:00,19469.511,19469.933500000003,19455.5,19467.933500000003
2024-11-11 11:45:00+00:00,19469.022,19473.566499999997,19464.0555,19472.5
2024-11-11 11:50:00+00:00,19471.516499999998,19480.522,19470.989,19472.522
2024-11-11 11:55:00+00:00,19472.0055,19475.5,19466.478,19469.55
2024-11-11 12:00:00+00:00,19471.45,19472.9945,19461.55,19468.0
2024-11-11 12:05:00+00:00,19467.428,19476.0,19462.522,19465.5055
2024-11-11 12:10:00+00:00,19464.5055,19478.55,19462.5165,19476.4835
2024-11-11 12:15:00+00:00,19477.483500000002,19478.060999999998,19473.5,19477.011
2024-11-11 12:20:00+00:00,19476.5165,19482.5555,19472.978,19472.978
2024-11-11 12:25:00+00:00,19473.566499999997,19479.428,19471.45,19472.4945
2024-11-11 12:30:00+00:00,19471.4945,19491.483500000002,19469.5,19487.566499999997
2024-11-11 12:35:00+00:00,19488.011,19490.072,19483.978,19487.0
2024-11-11 12:40:00+00:00,19487.439000000002,19499.4945,19487.0055,19495.511
2024-11-11 12:45:00+00:00,19494.45,19499.9945,19489.4945,19491.060999999998
2024-11-11 12:50:00+00:00,19491.928,19494.5055,19489.483500000002,19493.489
2024-11-11 12:55:00+00:00,19494.4445,19502.060999999998,19492.9945,19497.560999999998
2024-11-11 13:00:00+00:00,19497.928,19501.05,19486.928,19489.0165
2024-11-11 13:05:00+00:00,19488.5,19491.489,19483.5,19485.4945
2024-11-11 13:10:00+00:00,19484.511,19499.489,19484.5,19498.066499999997
2024-11-11 13:15:00+00:00,19497.489,19500.011,19492.9945,19500.011
2024-11-11 13:20:00+00:00,19500.5555,19507.05,19494.9945,19503.55
2024-11-11 13:25:00+00:00,19504.439000000002,19520.439000000002,19500.5055,19517.522
2024-11-11 13:30:00+00:00,19517.928,19519.0,19513.560999999998,19515.5
2024-11-11 13:35:00+00:00,19514.95,19525.511,19511.9945,19519.55
2024-11-11 13:40:00+00:00,19520.011,19532.522,19514.0,19528.428
2024-11-11 13:45:00+00:00,19528.022,19540.0,19527.5,19535.489
2024-11-11 13:50:00+00:00,19536.0055,19546.522,19535.478,19540.489
2024-11-11 13:55:00+00:00,19540.0,19540.478,19527.5,19529.989
2024-11-11 14:00:00+00:00,19529.55,19530.5,19505.5555,19507.5055
2024-11-11 14:05:00+00:00,19506.928,19512.5,19502.0,19502.0
2024-11-11 14:10:00+00:00,19502.433500000003,19510.0165,19499.989,19501.4945
2024-11-11 14:15:00+00:00,19502.066499999997,19514.5,19501.516499999998,19507.989
2024-11-11 14:20:00+00:00,19507.4835,19513.4945,19496.933500000003,19499.0055
2024-11-11 14:25:00+00:00,19498.489,19499.5165,19481.489,19488.5
2024-11-11 14:30:00+00:00,19489.9445,19504.989,19481.989,19496.511
2024-11-11 14:35:00+00:00,19497.511,19517.95,19493.9945,19510.5055
2024-11-11 14:40:00+00:00,19509.989,19520.5055,19492.011,19499.522
2024-11-11 14:45:00+00:00,19500.5,19515.9945,19498.5,19514.978
2024-11-11 14:50:00+00:00,19517.5055,19518.483500000002,19502.0,19504.5
2024-11-11 14:55:00+00:00,19503.4445,19504.5055,19485.011,19492.4945
2024-11-11 15:00:00+00:00,19493.5055,19493.5055,19481.928,19485.5055
2024-11-11 15:05:00+00:00,19486.5,19488.0,19469.428,19474.939000000002
2024-11-11 15:10:00+00:00,19474.5,19490.4945,19471.5055,19482.4945
2024-11-11 15:15:00+00:00,19481.522,19487.572,19473.4945,19482.0
2024-11-11 15:20:00+00:00,19482.428,19483.066499999997,19468.0,19472.4945
2024-11-11 15:25:00+00:00,19471.522,19475.5,19466.5,19471.989
2024-11-11 15:30:00+00:00,19473.55,19483.5,19466.983500000002,19471.5
2024-11-11 15:35:00+00:00,19470.989,19485.5055,19469.489,19484.9945
2024-11-11 15:40:00+00:00,19485.4445,19485.4445,19467.016499999998,19471.522
2024-11-11 15:45:00+00:00,19472.511,19478.4945,19469.478,19476.0165
2024-11-11 15:50:00+00:00,19475.4445,19478.9445,19469.516499999998,19473.978
2024-11-11 15:55:00+00:00,19474.989,19481.5555,19472.4945,19479.0
2024-11-11 16:00:00+00:00,19478.483500000002,19485.939000000002,19475.560999999998,19475.560999999998
2024-11-11 16:05:00+00:00,19474.511,19475.072,19466.439000000002,19466.439000000002
2024-11-11 16:10:00+00:00,19466.9835,19467.566499999997,19460.5,19464.439000000002
2024-11-11 16:15:00+00:00,19464.0055,19467.060999999998,19459.4945,19466.5165
2024-11-11 16:20:00+00:00,19466.011,19466.989,19460.9835,19463.478
2024-11-11 16:25:00+00:00,19464.0,19464.0165,19448.989,19450.0055
2024-11-11 16:30:00+00:00,19449.572,19462.9945,19446.9445,19448.0
2024-11-11 16:35:00+00:00,19447.511,19461.511,19447.511,19461.489
2024-11-11 16:40:00+00:00,19461.0055,19461.0055,19448.5055,19450.9945
2024-11-11 16:45:00+00:00,19450.55,19451.989,19443.933500000003,19447.522
2024-11-11 16:50:00+00:00,19448.011,19451.516499999998,19446.433500000003,19449.5
2024-11-11 16:55:00+00:00,19449.9835,19459.060999999998,19449.9835,19456.0165
2024-11-11 17:00:00+00:00,19455.5,19459.0055,19449.0,19454.4945
2024-11-11 17:05:00+00:00,19454.0555,19456.072,19446.978,19448.0055
2024-11-11 17:10:00+00:00,19449.0055,19450.016499999998,19444.489,19447.516499999998
2024-11-11 17:15:00+00:00,19447.0055,19447.060999999998,19434.4945,19436.933500000003
2024-11-11 17:20:00+00:00,19438.0,19440.0555,19433.983500000002,19434.933500000003
2024-11-11 17:25:00+00:00,19435.5055,19435.5055,19427.0,19428.0055
2024-11-11 17:30:00+00:00,19428.45,19435.928,19426.939000000002,19434.072
2024-11-11 17:35:00+00:00,19433.5165,19435.05,19430.939000000002,19431.5
2024-11-11 17:40:00+00:00,19430.9835,19432.011,19426.9945,19429.9945
2024-11-11 17:45:00+00:00,19430.5,19430.5055,19423.478,19424.5055
2024-11-11 17:50:00+00:00,19423.928,19427.0,19420.989,19423.0055
2024-11-11 17:55:00+00:00,19422.0055,19422.0055,19410.989,19412.0055
2024-11-11 18:00:00+00:00,19412.5055,19412.5055,19393.9835,19395.511
2024-11-11 18:05:00+00:00,19395.072,19400.5555,19390.428,19398.560999999998
2024-11-11 18:10:00+00:00,19397.989,19399.5055,19388.066499999997,19389.978
2024-11-11 18:15:00+00:00,19390.489,19391.9945,19384.0,19384.022
2024-11-11 18:20:00+00:00,19384.478,19386.928,19371.5055,19376.5
2024-11-11 18:25:00+00:00,19375.9945,19387.5,19375.0,19386.989
2024-11-11 18:30:00+00:00,19386.566499999997,19397.066499999997,19384.983500000002,19395.489
2024-11-11 18:35:00+00:00,19393.489,19400.560999999998,19391.428,19399.5
2024-11-11 18:40:00+00:00,19399.0,19401.016499999998,19395.5,19398.560999999998
2024-11-11 18:45:00+00:00,19398.9945,19408.9945,19397.4445,19407.022
2024-11-11 18:50:00+00:00,19407.989,19419.4945,19406.4445,19419.0055
2024-11-11 18:55:00+00:00,19419.439000000002,19427.511,19417.560999999998,19424.5
2024-11-11 19:00:00+00:00,19425.011,19426.060999999998,19418.066499999997,19419.522
2024-11-11 19:05:00+00:00,19420.0055,19426.989,19419.433500000003,19424.933500000003
2024-11-11 19:10:00+00:00,19425.4945,19425.572,19420.989,19423.989
2024-11-11 19:15:00+00:00,19425.0055,19433.072,19424.5555,19431.0
2024-11-11 19:20:00+00:00,19431.4945,19434.566499999997,19430.560999999998,19432.4445
2024-11-11 19:25:00+00:00,19433.011,19435.983500000002,19429.433500000003,19431.5
2024-11-11 19:30:00+00:00,19432.0,19438.55,19429.983500000002,19438.516499999998
2024-11-11 19:35:00+00:00,19438.989,19439.566499999997,19435.989,19435.989
2024-11-11 19:40:00+00:00,19436.522,19438.016499999998,19431.5,19431.9945
2024-11-11 19:45:00+00:00,19432.45,19432.45,19425.95,19431.939000000002
2024-11-11 19:50:00+00:00,19431.4445,19432.489,19426.439000000002,19430.066499999997
2024-11-11 19:55:00+00:00,19430.516499999998,19431.0555,19428.9945,19430.0555
2024-11-11 20:00:00+00:00,19429.0,19431.066499999997,19425.572,19431.066499999997
2024-11-11 20:05:00+00:00,19430.5055,19434.511,19430.45,19432.983500000002
2024-11-11 20:10:00+00:00,19432.478,19438.066499999997,19430.933500000003,19431.4945
2024-11-11 20:15:00+00:00,19431.983500000002,19431.983500000002,19423.9945,19425.0
2024-11-11 20:20:00+00:00,19424.560999999998,19427.072,19422.939000000002,19424.428
2024-11-11 20:25:00+00:00,19425.522,19430.05,19424.4835,19429.489
2024-11-11 20:30:00+00:00,19428.928,19429.0,19421.5,19424.0055
2024-11-11 20:35:00+00:00,19423.55,19424.072,19412.939000000002,19413.5055
2024-11-11 20:40:00+00:00,19414.0,19415.0,19404.0,19407.489
2024-11-11 20:45:00+00:00,19406.9945,19419.5,19405.478,19418.011
2024-11-11 20:50:00+00:00,19417.0055,19425.560999999998,19417.0055,19420.478
2024-11-11 20:55:00+00:00,19421.0,19421.0,19408.072,19419.0055
2024-11-11 21:00:00+00:00,19419.478,19419.478,19398.4,19416.3165
2024-11-11 21:05:00+00:00,19415.4945,19421.989,19412.2945,19417.216500000002
2024-11-11 21:10:00+00:00,19418.060999999998,19420.4165,19409.089,19412.289
2024-11-11 23:00:00+00:00,19409.133500000004,19410.0,19402.239,19403.05
2024-11-11 23:05:00+00:00,19403.95,19410.372,19403.95,19406.3055
2024-11-11 23:10:00+00:00,19407.1,19408.639000000003,19403.172,19403.9
2024-11-11 23:15:00+00:00,19403.0945,19406.278,19401.428,19405.110999999997
2024-11-11 23:20:00+00:00,19405.5,19411.2165,19405.5,19410.2445
2024-11-11 23:25:00+00:00,19411.2055,19411.2055,19409.428,19410.372
2024-11-11 23:35:00+00:00,19405.9,19405.9,19402.25,19403.828
2024-11-11 23:40:00+00:00,19403.172,19406.360999999997,19403.172,19406.322
2024-11-11 23:45:00+00:00,19407.110999999997,19407.9555,19401.560999999998,19403.894500000002
2024-11-11 23:50:00+00:00,19404.3055,19408.7555,19403.828,19408.711
2024-11-11 23:55:00+00:00,19408.322,19410.322,19407.15,19410.3
2024-11-12 00:00:00+00:00,19407.9555,19412.3835,19405.5555,19412.0
2024-11-12 00:05:00+00:00,19411.6,19411.6,19405.4835,19406.683500000003
2024-11-12 00:10:00+00:00,19406.3055,19409.439000000002,19403.1165,19409.439000000002
2024-11-12 00:15:00+00:00,19407.989,19407.989,19388.9945,19391.5
2024-11-12 00:20:00+00:00,19391.4445,19392.478,19384.5055,19388.566499999997
2024-11-12 00:25:00+00:00,19389.0165,19399.433500000003,19387.939000000002,19398.483500000002
2024-11-12 00:30:00+00:00,19398.95,19399.066499999997,19392.4835,19398.939000000002
2024-11-12 00:35:00+00:00,19399.4945,19399.572,19395.4945,19396.489
2024-11-12 00:40:00+00:00,19396.0,19400.45,19393.05,19399.0
2024-11-12 00:45:00+00:00,19398.5,19400.0,19396.4945,19397.433500000003
2024-11-12 00:50:00+00:00,19398.516499999998,19398.516499999998,19391.5,19393.5055
2024-11-12 00:55:00+00:00,19394.9945,19394.9945,19390.5,19393.489
2024-11-12 01:00:00+00:00,19392.0,19398.5165,19389.511,19397.939000000002
2024-11-12 01:05:00+00:00,19398.5055,19404.0055,19396.4945,19399.511
2024-11-12 01:10:00+00:00,19399.9835,19405.489,19399.978,19400.072
2024-11-12 01:15:00+00:00,19399.522,19400.072,19397.9945,19398.9945
2024-11-12 01:20:00+00:00,19399.4835,19399.5055,19394.060999999998,19396.5
2024-11-12 01:25:00+00:00,19395.5,19395.9945,19386.0055,19386.011
2024-11-12 01:30:00+00:00,19385.45,19391.511,19384.4945,19388.5555
2024-11-12 01:35:00+00:00,19389.0055,19396.55,19386.928,19396.55
2024-11-12 01:40:00+00:00,19396.989,19400.05,19391.4445,19398.9945
2024-11-12 01:45:00+00:00,19400.066499999997,19418.5,19399.9945,19408.511
2024-11-12 01:50:00+00:00,19408.978,19408.978,19399.511,19399.511
2024-11-12 01:55:00+00:00,19398.5055,19399.5555,19395.4945,19398.989
2024-11-12 02:00:00+00:00,19398.511,19402.9945,19392.516499999998,19395.066499999997
2024-11-12 02:05:00+00:00,19396.0,19400.05,19396.0,19398.45
2024-11-12 02:10:00+00:00,19396.511,19397.016499999998,19391.4445,19395.4945
2024-11-12 02:15:00+00:00,19395.072,19395.072,19389.433500000003,19390.939000000002
2024-11-12 02:20:00+00:00,19390.0,19390.572,19379.0055,19379.0055
2024-11-12 02:25:00+00:00,19378.5055,19383.05,19378.5055,19380.4445
2024-11-12 02:30:00+00:00,19381.489,19383.011,19372.4835,19375.439000000002
2024-11-12 02:35:00+00:00,19376.016499999998,19376.5055,19369.522,19369.522
2024-11-12 02:40:00+00:00,19370.0,19372.5165,19365.489,19369.0555
2024-11-12 02:45:00+00:00,19368.5,19369.066499999997,19349.0,19350.05
2024-11-12 02:50:00+00:00,19350.516499999998,19352.566499999997,19347.4945,19347.4945
2024-11-12 02:55:00+00:00,19348.066499999997,19350.0,19344.011,19348.428
2024-11-12 03:00:00+00:00,19349.5,19358.483500000002,19348.0055,19357.0055
2024-11-12 03:05:00+00:00,19357.4945,19360.439000000002,19355.511,19355.511
2024-11-12 03:10:00+00:00,19354.9945,19360.522,19353.9445,19356.022
2024-11-12 03:15:00+00:00,19356.439000000002,19361.4945,19352.4445,19352.989
2024-11-12 03:20:00+00:00,19353.4945,19361.989,19353.0055,19359.45
2024-11-12 03:25:00+00:00,19360.0,19370.0055,19359.4445,19366.489
2024-11-12 03:30:00+00:00,19366.022,19371.011,19364.428,19370.016499999998
2024-11-12 03:35:00+00:00,19369.572,19369.572,19363.428,19363.428
2024-11-12 03:40:00+00:00,19362.9945,19366.072,19362.489,19364.989
2024-11-12 03:45:00+00:00,19364.5,19365.060999999998,19357.0555,19357.5055
2024-11-12 03:50:00+00:00,19356.933500000003,19358.9445,19352.5555,19354.516499999998
2024-11-12 03:55:00+00:00,19354.95,19356.072,19348.522,19348.522
2024-11-12 04:00:00+00:00,19347.522,19352.516499999998,19345.5055,19350.939000000002
2024-11-12 04:05:00+00:00,19351.489,19351.9945,19344.978,19345.5165
2024-11-12 04:10:00+00:00,19345.0,19345.0,19332.4945,19335.928
2024-11-12 04:15:00+00:00,19336.5165,19344.516499999998,19335.989,19343.978
2024-11-12 04:20:00+00:00,19345.0,19346.05,19338.95,19344.4445
2024-11-12 04:25:00+00:00,19344.9945,19349.0,19341.989,19349.0
2024-11-12 04:30:00+00:00,19348.5555,19353.939000000002,19348.4445,19351.0
2024-11-12 04:35:00+00:00,19350.522,19354.060999999998,19348.0,19351.9945
2024-11-12 04:40:00+00:00,19350.45,19356.05,19350.0055,19350.9445
2024-11-12 04:45:00+00:00,19350.5,19355.0,19350.022,19353.5055
2024-11-12 04:50:00+00:00,19353.0555,19354.9945,19352.928,19354.9945
2024-11-12 04:55:00+00:00,19354.5165,19360.066499999997,19353.5,19359.5
2024-11-12 05:00:00+00:00,19359.011,19360.5,19352.016499999998,19352.016499999998
2024-11-12 05:05:00+00:00,19350.5055,19351.566499999997,19340.9445,19343.489
2024-11-12 05:10:00+00:00,19343.066499999997,19345.511,19340.433500000003,19345.511
2024-11-12 05:15:00+00:00,19345.011,19345.011,19331.939000000002,19333.489
2024-11-12 05:20:00+00:00,19332.9945,19336.983500000002,19329.5,19335.989
2024-11-12 05:25:00+00:00,19335.072,19336.072,19326.0055,19327.489
2024-11-12 05:30:00+00:00,19327.066499999997,19327.560999999998,19319.5,19321.05
2024-11-12 05:35:00+00:00,19320.489,19322.060999999998,19316.478,19317.522
2024-11-12 05:40:00+00:00,19318.011,19319.489,19305.428,19305.5
2024-11-12 05:45:00+00:00,19304.483500000002,19311.0,19303.9445,19304.5
2024-11-12 05:50:00+00:00,19304.9835,19305.5555,19303.0,19305.489
2024-11-12 05:55:00+00:00,19304.5055,19304.5055,19296.9945,19299.95
2024-11-12 06:00:00+00:00,19297.983500000002,19299.011,19291.0165,19291.0165
2024-11-12 06:05:00+00:00,19288.9945,19296.978,19284.05,19292.4945
2024-11-12 06:10:00+00:00,19293.9945,19295.983500000002,19287.022,19288.016499999998
2024-11-12 06:15:00+00:00,19287.478,19288.433500000003,19273.511,19275.9945
2024-11-12 06:20:00+00:00,19277.0055,19292.522,19275.428,19288.011
2024-11-12 06:25:00+00:00,19287.489,19292.516499999998,19284.0055,19292.516499999998
2024-11-12 06:30:00+00:00,19291.483500000002,19302.489,19290.428,19292.478
2024-11-12 06:35:00+00:00,19293.0165,19293.0165,19282.4835,19290.5
2024-11-12 06:40:00+00:00,19293.0055,19294.511,19278.5,19283.9945
2024-11-12 06:45:00+00:00,19283.5165,19288.5055,19280.9835,19283.0055
2024-11-12 06:50:00+00:00,19282.5,19288.0,19268.4945,19276.5055
2024-11-12 06:55:00+00:00,19276.0,19281.566499999997,19270.9835,19275.060999999998
2024-11-12 07:00:00+00:00,19271.5,19285.072,19265.5,19285.072
2024-11-12 07:05:00+00:00,19284.489,19289.566499999997,19278.0,19285.05
2024-11-12 07:10:00+00:00,19284.511,19309.5,19282.072,19297.0
2024-11-12 07:15:00+00:00,19296.433500000003,19300.933500000003,19280.016499999998,19280.016499999998
2024-11-12 07:20:00+00:00,19279.5,19279.5,19266.489,19269.989
2024-11-12 07:25:00+00:00,19269.428,19270.5,19256.939000000002,19269.0
2024-11-12 07:30:00+00:00,19267.0055,19277.489,19266.5,19274.0
2024-11-12 07:35:00+00:00,19272.5,19273.928,19250.0055,19250.0055
2024-11-12 07:40:00+00:00,19249.5055,19268.022,19248.9945,19266.5055
2024-11-12 07:45:00+00:00,19266.072,19272.5055,19258.0,19272.5055
2024-11-12 07:50:00+00:00,19273.066499999997,19277.566499999997,19268.989,19275.4945
2024-11-12 07:55:00+00:00,19274.939000000002,19276.072,19258.939000000002,19263.989
2024-11-12 08:00:00+00:00,19261.989,19266.4945,19236.9945,19252.4945
2024-11-12 08:05:00+00:00,19253.011,19276.0055,19248.9445,19267.989
2024-11-12 08:10:00+00:00,19269.5,19276.0055,19222.428,19223.0055
2024-11-12 08:15:00+00:00,19224.011,19245.978,19223.939000000002,19227.978
2024-11-12 08:20:00+00:00,19227.0,19255.0,19222.933500000003,19249.989
2024-11-12 08:25:00+00:00,19249.011,19254.0,19232.072,19233.9945
2024-11-12 08:30:00+00:00,19233.011,19254.011,19230.428,19245.522
2024-11-12 08:35:00+00:00,19244.989,19268.9835,19229.0055,19267.978
2024-11-12 08:40:00+00:00,19266.989,19274.522,19248.9945,19250.4945
2024-11-12 08:45:00+00:00,19250.0,19266.9945,19243.4945,19262.072
2024-11-12 08:50:00+00:00,19260.9945,19301.989,19260.9945,19295.511
2024-11-12 08:55:00+00:00,19295.0165,19302.05,19287.0,19292.011
2024-11-12 09:00:00+00:00,19291.55,19302.939000000002,19285.489,19302.939000000002
2024-11-12 09:05:00+00:00,19303.428,19305.011,19272.9835,19280.022
2024-11-12 09:10:00+00:00,19279.4945,19301.0165,19278.0055,19297.983500000002
2024-11-12 09:15:00+00:00,19298.5055,19305.0055,19289.0165,19297.0055
2024-11-12 09:20:00+00:00,19296.478,19307.5,19293.0555,19301.978
2024-11-12 09:25:00+00:00,19302.489,19314.4945,19300.933500000003,19303.5
2024-11-12 09:30:00+00:00,19302.9945,19331.428,19299.478,19329.0055
2024-11-12 09:35:00+00:00,19330.0055,19333.55,19320.022,19329.928
2024-11-12 09:40:00+00:00,19329.011,19339.011,19320.9835,19336.5055
2024-11-12 09:45:00+00:00,19337.0555,19343.011,19313.978,19317.9945
2024-11-12 09:50:00+00:00,19320.0055,19339.483500000002,19318.928,19332.022
2024-11-12 09:55:00+00:00,19330.9945,19334.066499999997,19318.95,19320.011
2024-11-12 10:00:00+00:00,19319.022,19319.022,19299.0,19303.0
2024-11-12 10:05:00+00:00,19303.516499999998,19307.060999999998,19287.4945,19295.0165
2024-11-12 10:10:00+00:00,19295.4445,19314.072,19293.011,19313.011
2024-11-12 10:15:00+00:00,19312.5055,19317.0,19297.9835,19300.9945
2024-11-12 10:20:00+00:00,19301.9945,19309.0055,19281.9945,19283.433500000003
2024-11-12 10:25:00+00:00,19284.45,19288.0165,19263.060999999998,19288.0165
2024-11-12 10:30:00+00:00,19286.060999999998,19287.9945,19266.5,19268.9835
2024-11-12 10:35:00+00:00,19268.4445,19275.95,19265.522,19268.060999999998
2024-11-12 10:40:00+00:00,19265.433500000003,19272.9835,19261.522,19269.0
2024-11-12 10:45:00+00:00,19267.95,19272.0165,19255.0055,19259.983500000002
2024-11-12 10:50:00+00:00,19260.5,19280.0,19255.0055,19270.939000000002
2024-11-12 10:55:00+00:00,19270.0055,19273.066499999997,19261.489,19267.4445
2024-11-12 11:00:00+00:00,19268.4945,19287.9945,19268.4945,19286.022
2024-11-12 11:05:00+00:00,19285.4835,19286.489,19271.55,19282.016499999998
2024-11-12 11:10:00+00:00,19284.022,19303.066499999997,19284.022,19302.428
2024-11-12 11:15:00+00:00,19303.0,19303.928,19286.989,19289.022
2024-11-12 11:20:00+00:00,19290.572,19299.05,19286.933500000003,19294.9835
2024-11-12 11:25:00+00:00,19294.4445,19296.022,19281.9835,19290.011
2024-11-12 11:30:00+00:00,19287.978,19290.072,19273.4945,19276.45
2024-11-12 11:35:00+00:00,19275.933500000003,19282.016499999998,19272.983500000002,19279.933500000003
2024-11-12 11:40:00+00:00,19281.939000000002,19282.5,19268.022,19268.978
2024-11-12 11:45:00+00:00,19269.5,19272.516499999998,19256.939000000002,19260.989
2024-11-12 11:50:00+00:00,19260.4945,19264.0055,19255.439000000002,19257.011
2024-11-12 11:55:00+00:00,19257.5055,19270.5055,19257.0,19264.933500000003
2024-11-12 12:00:00+00:00,19264.0,19275.989,19257.9945,19262.0
2024-11-12 12:05:00+00:00,19263.022,19272.989,19262.0,19272.989
2024-11-12 12:10:00+00:00,19272.5555,19284.560999999998,19268.95,19279.9445
2024-11-12 12:15:00+00:00,19280.566499999997,19284.0,19264.9945,19268.978
2024-11-12 12:20:00+00:00,19268.478,19271.9945,19254.989,19264.9945
2024-11-12 12:25:00+00:00,19265.95,19265.95,19253.939000000002,19254.0555
2024-11-12 12:30:00+00:00,19255.0055,19255.0055,19239.5,19242.060999999998
2024-11-12 12:35:00+00:00,19243.011,19258.511,19243.011,19254.0055
2024-11-12 12:40:00+00:00,19253.0055,19253.060999999998,19243.928,19247.9945
2024-11-12 12:45:00+00:00,19249.0165,19261.0,19248.439000000002,19252.0555
2024-11-12 12:50:00+00:00,19253.0165,19253.066499999997,19239.9445,19240.5055
2024-11-12 12:55:00+00:00,19239.989,19244.933500000003,19222.95,19230.066499999997
2024-11-12 13:00:00+00:00,19231.9445,19235.0,19219.4945,19227.05
2024-11-12 13:05:00+00:00,19226.566499999997,19237.0055,19225.0555,19228.9945
2024-11-12 13:10:00+00:00,19229.9945,19230.978,19218.4945,19227.978
2024-11-12 13:15:00+00:00,19225.978,19236.989,19225.933500000003,19235.0
2024-11-12 13:20:00+00:00,19234.066499999997,19253.0555,19231.983500000002,19235.011
2024-11-12 13:25:00+00:00,19236.0,19238.5055,19221.0165,19223.978
2024-11-12 13:30:00+00:00,19221.978,19247.011,19221.5555,19246.4945
2024-11-12 13:35:00+00:00,19245.428,19260.0055,19243.0,19243.0
2024-11-12 13:40:00+00:00,19241.9945,19246.9445,19235.939000000002,19245.011
2024-11-12 13:45:00+00:00,19246.072,19261.0,19245.478,19256.989
2024-11-12 13:50:00+00:00,19256.5055,19265.011,19253.0055,19264.95
2024-11-12 13:55:00+00:00,19265.560999999998,19266.9945,19260.989,19264.0
2024-11-12 14:00:00+00:00,19263.4445,19274.9945,19255.983500000002,19256.0
2024-11-12 14:05:00+00:00,19254.939000000002,19264.9945,19252.011,19263.989
2024-11-12 14:10:00+00:00,19262.9945,19264.0,19249.489,19252.5
2024-11-12 14:15:00+00:00,19251.989,19261.016499999998,19242.5,19245.9945
2024-11-12 14:20:00+00:00,19247.0165,19254.0165,19242.5,19242.5
2024-11-12 14:25:00+00:00,19241.989,19256.05,19239.989,19250.9945
2024-11-12 14:30:00+00:00,19251.9945,19255.9945,19238.9945,19239.439000000002
2024-11-12 14:35:00+00:00,19235.95,19248.0165,19234.060999999998,19245.983500000002
2024-11-12 14:40:00+00:00,19246.939000000002,19250.483500000002,19233.95,19235.0055
2024-11-12 14:45:00+00:00,19234.0055,19241.983500000002,19228.0,19237.9945
2024-11-12 14:50:00+00:00,19239.0555,19246.060999999998,19231.9945,19235.9945
2024-11-12 14:55:00+00:00,19235.011,19245.066499999997,19220.9945,19224.978
2024-11-12 15:00:00+00:00,19227.066499999997,19229.0,19165.9445,19167.05
2024-11-12 15:05:00+00:00,19167.939000000002,19169.011,19148.066499999997,19148.066499999997
2024-11-12 15:10:00+00:00,19148.989,19166.011,19129.9445,19137.0055
2024-11-12 15:15:00+00:00,19138.060999999998,19138.060999999998,19097.489,19100.989
2024-11-12 15:20:00+00:00,19098.0,19113.978,19087.0165,19096.0
2024-11-12 15:25:00+00:00,19094.0,19117.433500000003,19092.9445,19095.9945
2024-11-12 15:30:00+00:00,19096.9945,19098.022,19074.5555,19092.016499999998
2024-11-12 15:35:00+00:00,19088.989,19105.4945,19077.983500000002,19087.0
2024-11-12 15:40:00+00:00,19086.0,19105.522,19085.989,19087.939000000002
2024-11-12 15:45:00+00:00,19089.05,19093.5,19078.95,19079.060999999998
2024-11-12 15:50:00+00:00,19078.55,19087.933500000003,19071.439000000002,19082.022
2024-11-12 15:55:00+00:00,19080.9835,19087.0,19075.0055,19076.016499999998
2024-11-12 16:00:00+00:00,19075.4945,19076.483500000002,19037.483500000002,19041.516499999998
2024-11-12 16:05:00+00:00,19040.978,19042.9945,19023.5,19026.060999999998
2024-11-12 16:10:00+00:00,19027.0555,19035.016499999998,19017.9445,19025.0
2024-11-12 16:15:00+00:00,19023.0055,19055.5,19023.0055,19054.5
2024-11-12 16:20:00+00:00,19054.022,19054.022,19035.9945,19036.0
2024-11-12 16:25:00+00:00,19036.989,19050.4945,19032.011,19043.9945
2024-11-12 16:30:00+00:00,19043.5,19044.5,19028.433500000003,19034.939000000002
2024-11-12 16:35:00+00:00,19031.9445,19040.439000000002,18993.9835,19000.4945
2024-11-12 16:40:00+00:00,18999.9945,19008.4945,18993.4945,18995.5
2024-11-12 16:45:00+00:00,18995.928,18999.560999999998,18985.4945,18985.978
2024-11-12 16:50:00+00:00,18987.072,19010.0055,18986.95,19004.4835
2024-11-12 16:55:00+00:00,19004.0,19005.511,18984.45,18985.939000000002
2024-11-12 17:00:00+00:00,18985.4445,18997.0,18981.022,18997.0
2024-11-12 17:05:00+00:00,18996.4945,18998.983500000002,18991.9445,18995.989
2024-11-12 17:10:00+00:00,18996.978,19000.022,18982.0055,18986.0
2024-11-12 17:15:00+00:00,18986.4945,18987.016499999998,18978.511,18982.478
2024-11-12 17:20:00+00:00,18983.0555,18983.989,18972.511,18973.0055
2024-11-12 17:25:00+00:00,18973.511,18984.022,18972.978,18977.0
2024-11-12 17:30:00+00:00,18977.439000000002,18985.0165,18973.933500000003,18981.5
2024-11-12 17:35:00+00:00,18981.066499999997,18992.989,18978.5,18991.978
2024-11-12 17:40:00+00:00,18992.439000000002,18998.0055,18986.5,18986.5165
2024-11-12 17:45:00+00:00,18985.9945,18987.433500000003,18976.939000000002,18976.989
2024-11-12 17:50:00+00:00,18976.45,18983.0,18975.428,18981.5055
2024-11-12 17:55:00+00:00,18982.011,18982.066499999997,18960.9445,18968.0
2024-11-12 18:00:00+00:00,18967.489,18980.0555,18966.428,18977.0055
2024-11-12 18:05:00+00:00,18976.560999999998,18981.0555,18969.989,18979.928
2024-11-12 18:10:00+00:00,18981.0555,18988.9945,18980.0,18987.0555
2024-11-12 18:15:00+00:00,18987.478,19003.5055,18986.933500000003,19002.928
2024-11-12 18:20:00+00:00,19003.5165,19003.5165,18991.5,18997.933500000003
2024-11-12 18:25:00+00:00,18997.0,19007.55,18995.433500000003,19006.5055
2024-11-12 18:30:00+00:00,19005.489,19015.0055,19004.5165,19014.560999999998
2024-11-12 18:35:00+00:00,19015.5055,19020.566499999997,19014.428,19017.55
2024-11-12 18:40:00+00:00,19018.0,19021.572,19014.9945,19020.439000000002
2024-11-12 18:45:00+00:00,19020.9945,19025.489,19017.4835,19024.5055
2024-11-12 18:50:00+00:00,19023.5,19037.4445,19023.4835,19037.4445
2024-11-12 18:55:00+00:00,19038.45,19048.45,19038.0165,19042.0
2024-11-12 19:00:00+00:00,19041.5,19048.022,19041.0,19047.4945
2024-11-12 19:05:00+00:00,19047.0055,19053.5,19044.572,19053.5
2024-11-12 19:10:00+00:00,19053.0,19053.5055,19046.0055,19051.0
2024-11-12 19:15:00+00:00,19050.522,19055.983500000002,19049.9835,19053.5555
2024-11-12 19:20:00+00:00,19054.511,19058.572,19050.989,19057.939000000002
2024-11-12 19:25:00+00:00,19058.516499999998,19060.489,19052.9445,19054.0
2024-11-12 19:30:00+00:00,19054.45,19057.489,19049.939000000002,19056.978
2024-11-12 19:35:00+00:00,19056.483500000002,19072.5165,19055.95,19069.0
2024-11-12 19:40:00+00:00,19069.566499999997,19080.428,19065.928,19080.428
2024-11-12 19:45:00+00:00,19080.9945,19084.572,19077.428,19078.0055
2024-11-12 19:50:00+00:00,19077.560999999998,19078.572,19071.489,19071.489
2024-11-12 19:55:00+00:00,19071.016499999998,19073.066499999997,19066.489,19067.511
2024-11-12 20:00:00+00:00,19068.4445,19072.5,19066.4445,19071.566499999997
2024-11-12 20:05:00+00:00,19070.989,19077.0,19070.989,19077.0
2024-11-12 20:10:00+00:00,19077.439000000002,19082.55,19074.9945,19078.011
2024-11-12 20:15:00+00:00,19077.516499999998,19081.511,19072.5,19078.989
2024-11-12 20:20:00+00:00,19079.9945,19079.9945,19070.45,19073.989
2024-11-12 20:25:00+00:00,19074.989,19079.016499999998,19069.4945,19076.483500000002
2024-11-12 20:30:00+00:00,19075.5055,19078.9445,19070.511,19072.428
2024-11-12 20:35:00+00:00,19071.95,19079.566499999997,19069.5,19078.4945
2024-11-12 20:40:00+00:00,19077.9945,19080.5055,19072.572,19077.0165
2024-11-12 20:45:00+00:00,19077.939000000002,19081.516499999998,19072.933500000003,19080.489
2024-11-12 20:50:00+00:00,19079.5055,19081.0,19074.0,19077.4445
2024-11-12 20:55:00+00:00,19076.0055,19078.5055,19069.5555,19073.55
2024-11-12 21:00:00+00:00,19074.522,19085.605499999998,19072.0835,19084.15
2024-11-12 21:05:00+00:00,19083.3,19084.8055,19076.7555,19080.605499999998
2024-11-12 21:10:00+00:00,19081.389000000003,19083.810999999998,19079.733500000002,19082.15
2024-11-12 23:00:00+00:00,19072.6,19073.4055,19054.911,19056.110999999997
2024-11-12 23:05:00+00:00,19056.489,19058.110999999997,19052.489,19058.0835
2024-11-12 23:10:00+00:00,19057.3055,19057.3055,19047.639000000003,19053.3
2024-11-12 23:15:00+00:00,19054.172,19056.5055,19050.9,19054.894500000002
2024-11-12 23:20:00+00:00,19054.55,19059.239,19049.366499999996,19050.9055
2024-11-12 23:25:00+00:00,19051.633500000004,19052.116499999996,19043.6945,19045.772
2024-11-12 23:30:00+00:00,19046.105499999998,19049.372,19044.089,19047.65
2024-11-12 23:35:00+00:00,19048.483500000002,19053.1,19045.7055,19052.289
2024-11-12 23:40:00+00:00,19053.0835,19056.289,19053.05,19055.511
2024-11-12 23:45:00+00:00,19055.1,19057.1555,19053.0835,19055.5055
2024-11-12 23:50:00+00:00,19054.7055,19057.105499999998,19052.2945,19056.2945
2024-11-12 23:55:00+00:00,19055.9165,19060.2945,19055.5055,19058.7
2024-11-13 00:00:00+00:00,19059.478,19060.35,19053.0945,19054.6945
2024-11-13 00:05:00+00:00,19055.5,19055.5,19049.8445,19049.894500000002
2024-11-13 00:10:00+00:00,19050.6945,19052.3165,19048.3,19050.289
2024-11-13 00:15:00+00:00,19050.939000000002,19050.939000000002,19037.983500000002,19041.5055
2024-11-13 00:20:00+00:00,19041.989,19047.022,19041.989,19045.489
2024-11-13 00:25:00+00:00,19042.511,19046.5055,19039.489,19046.5055
2024-11-13 00:30:00+00:00,19047.4945,19053.9945,19046.0,19053.5055
2024-11-13 00:35:00+00:00,19053.978,19055.572,19046.0,19047.4945
2024-11-13 00:40:00+00:00,19045.983500000002,19052.5055,19045.983500000002,19052.5055
2024-11-13 00:45:00+00:00,19053.016499999998,19055.022,19050.9835,19051.983500000002
2024-11-13 00:50:00+00:00,19052.4945,19060.0,19052.45,19052.5165
2024-11-13 00:55:00+00:00,19052.95,19054.428,19050.989,19051.516499999998
2024-11-13 01:00:00+00:00,19052.0,19058.939000000002,19052.0,19054.9445
2024-11-13 01:05:00+00:00,19053.928,19056.0055,19050.0055,19053.989
2024-11-13 01:10:00+00:00,19053.5055,19053.989,19047.4945,19052.483500000002
2024-11-13 01:15:00+00:00,19052.983500000002,19063.060999999998,19052.428,19062.011
2024-11-13 01:20:00+00:00,19062.572,19064.011,19059.9445,19063.9945
2024-11-13 01:25:00+00:00,19063.5,19069.4945,19062.0055,19068.4835
2024-11-13 01:30:00+00:00,19067.933500000003,19072.060999999998,19062.939000000002,19063.989
2024-11-13 01:35:00+00:00,19063.4945,19064.572,19050.9445,19054.566499999997
2024-11-13 01:40:00+00:00,19054.0165,19054.0165,19040.511,19045.4835
2024-11-13 01:45:00+00:00,19044.95,19057.989,19044.95,19053.0
2024-11-13 01:50:00+00:00,19055.989,19060.933500000003,19052.9945,19060.011
2024-11-13 01:55:00+00:00,19060.478,19060.478,19051.4945,19056.0
2024-11-13 02:00:00+00:00,19056.5055,19059.5165,19050.5,19059.0
2024-11-13 02:05:00+00:00,19058.4945,19063.072,19054.989,19063.072
2024-11-13 02:10:00+00:00,19063.439000000002,19073.45,19063.439000000002,19072.5055
2024-11-13 02:15:00+00:00,19073.011,19073.011,19067.9945,19069.511
2024-11-13 02:20:00+00:00,19070.0,19071.5,19066.5,19068.989
2024-11-13 02:25:00+00:00,19069.5055,19070.572,19065.0055,19065.0055
2024-11-13 02:30:00+00:00,19065.560999999998,19066.489,19053.4835,19058.5
2024-11-13 02:35:00+00:00,19057.989,19061.572,19056.489,19059.5055
2024-11-13 02:40:00+00:00,19060.0,19062.489,19058.0,19060.9945
2024-11-13 02:45:00+00:00,19060.516499999998,19070.0055,19059.4445,19070.0055
2024-11-13 02:50:00+00:00,19070.572,19077.978,19068.4835,19075.95
2024-11-13 02:55:00+00:00,19075.511,19079.0,19074.5055,19076.478
2024-11-13 03:00:00+00:00,19075.5,19085.989,19075.5,19081.433500000003
2024-11-13 03:05:00+00:00,19081.933500000003,19083.4945,19075.478,19081.989
2024-11-13 03:10:00+00:00,19081.516499999998,19087.511,19079.939000000002,19081.5055
2024-11-13 03:15:00+00:00,19082.011,19083.5,19078.989,19081.9945
2024-11-13 03:20:00+00:00,19081.4945,19083.0,19078.989,19081.55
2024-11-13 03:25:00+00:00,19078.483500000002,19080.5555,19077.939000000002,19079.5055
2024-11-13 03:30:00+00:00,19080.522,19081.5055,19075.978,19076.0055
2024-11-13 03:35:00+00:00,19076.5055,19077.0055,19074.939000000002,19076.9945
2024-11-13 03:40:00+00:00,19076.5055,19076.5055,19073.489,19074.5555
2024-11-13 03:45:00+00:00,19074.989,19080.55,19073.9445,19080.478
2024-11-13 03:50:00+00:00,19079.9945,19080.9945,19070.5,19070.5
2024-11-13 03:55:00+00:00,19070.928,19071.5055,19059.933500000003,19061.4445
2024-11-13 04:00:00+00:00,19062.072,19064.4945,19058.0165,19059.011
2024-11-13 04:05:00+00:00,19059.511,19061.511,19053.928,19058.5
2024-11-13 04:10:00+00:00,19057.483500000002,19058.489,19050.9445,19051.9945
2024-11-13 04:15:00+00:00,19052.5055,19052.566499999997,19044.4945,19050.45
2024-11-13 04:20:00+00:00,19052.5055,19058.0555,19050.9945,19056.439000000002
2024-11-13 04:25:00+00:00,19057.072,19059.55,19054.0055,19058.489
2024-11-13 04:30:00+00:00,19058.011,19063.060999999998,19056.016499999998,19057.983500000002
2024-11-13 04:35:00+00:00,19058.978,19061.0165,19054.5555,19055.5555
2024-11-13 04:40:00+00:00,19055.9835,19059.516499999998,19054.439000000002,19055.989
2024-11-13 04:45:00+00:00,19055.5055,19055.9945,19051.483500000002,19054.5
2024-11-13 04:50:00+00:00,19054.928,19055.0,19047.95,19049.560999999998
2024-11-13 04:55:00+00:00,19050.0055,19059.483500000002,19049.572,19056.489
2024-11-13 05:00:00+00:00,19056.060999999998,19056.9835,19052.011,19054.989
2024-11-13 05:05:00+00:00,19055.5,19065.0,19055.011,19063.0
2024-11-13 05:10:00+00:00,19063.522,19063.566499999997,19048.9835,19051.511
2024-11-13 05:15:00+00:00,19050.933500000003,19052.0055,19037.4945,19038.522
2024-11-13 05:20:00+00:00,19038.95,19049.511,19038.4945,19048.011
2024-11-13 05:25:00+00:00,19047.5,19049.011,19039.928,19039.928
2024-11-13 05:30:00+00:00,19039.511,19040.0055,19033.489,19034.022
2024-11-13 05:35:00+00:00,19034.4835,19035.489,19027.4945,19029.989
2024-11-13 05:40:00+00:00,19029.55,19030.511,19022.5055,19023.5
2024-11-13 05:45:00+00:00,19024.0,19030.0,19023.560999999998,19025.4445
2024-11-13 05:50:00+00:00,19027.5,19029.489,19016.483500000002,19019.011
2024-11-13 05:55:00+00:00,19018.4835,19023.522,19018.4835,19020.489
2024-11-13 06:00:00+00:00,19019.5,19030.5,19018.4945,19029.566499999997
2024-11-13 06:05:00+00:00,19029.0,19030.55,19019.478,19019.489
2024-11-13 06:10:00+00:00,19019.9835,19023.522,18999.5,18999.5
2024-11-13 06:15:00+00:00,18999.0,19012.5055,18991.0,19009.4445
2024-11-13 06:20:00+00:00,19008.4445,19010.5055,18993.4945,19006.0555
2024-11-13 06:25:00+00:00,19005.5055,19010.9945,19003.439000000002,19005.4945
2024-11-13 06:30:00+00:00,19005.9835,19005.9835,18985.5165,18985.978
2024-11-13 06:35:00+00:00,18985.5,18988.522,18976.939000000002,18979.489
2024-11-13 06:40:00+00:00,18978.933500000003,19004.566499999997,18978.933500000003,19003.5055
2024-11-13 06:45:00+00:00,19003.9945,19010.933500000003,19002.9445,19006.9835
2024-11-13 06:50:00+00:00,19006.516499999998,19023.989,19005.933500000003,19019.4445
2024-11-13 06:55:00+00:00,19019.0,19021.511,19000.439000000002,19005.5
2024-11-13 07:00:00+00:00,19001.9945,19012.522,19001.433500000003,19008.55
2024-11-13 07:05:00+00:00,19009.478,19018.511,18998.978,19003.0
2024-11-13 07:10:00+00:00,19002.5055,19013.5055,18999.9945,19001.5555
2024-11-13 07:15:00+00:00,19002.016499999998,19021.4945,19002.016499999998,19020.5555
2024-11-13 07:20:00+00:00,19019.9945,19033.560999999998,19019.4835,19029.516499999998
2024-11-13 07:25:00+00:00,19029.0165,19048.5555,19028.4835,19048.5555
2024-11-13 07:30:00+00:00,19049.0055,19052.511,19039.4945,19045.483500000002
2024-11-13 07:35:00+00:00,19047.0,19062.511,19047.0,19062.511
2024-11-13 07:40:00+00:00,19061.478,19065.55,19058.0165,19061.45
2024-11-13 07:45:00+00:00,19062.05,19062.478,19048.560999999998,19057.072
2024-11-13 07:50:00+00:00,19057.4945,19068.5555,19057.011,19068.5055
2024-11-13 07:55:00+00:00,19067.522,19069.566499999997,19056.4445,19061.928
2024-11-13 08:00:00+00:00,19063.5055,19064.5,19008.939000000002,19029.516499999998
2024-11-13 08:05:00+00:00,19028.511,19053.011,19025.428,19050.4835
2024-11-13 08:10:00+00:00,19050.9835,19056.016499999998,19035.072,19052.4445
2024-11-13 08:15:00+00:00,19051.5,19069.4445,19048.066499999997,19064.983500000002
2024-11-13 08:20:00+00:00,19064.5,19065.933500000003,19048.45,19048.45
2024-11-13 08:25:00+00:00,19049.0,19062.9945,19046.0,19052.55
2024-11-13 08:30:00+00:00,19052.989,19071.0165,19052.5,19066.978
2024-11-13 08:35:00+00:00,19067.511,19080.011,19064.5055,19066.45
2024-11-13 08:40:00+00:00,19067.560999999998,19068.05,19044.572,19052.0
2024-11-13 08:45:00+00:00,19052.5055,19076.9945,19051.9945,19075.5
2024-11-13 08:50:00+00:00,19076.0165,19086.572,19071.5055,19083.439000000002
2024-11-13 08:55:00+00:00,19082.9945,19091.439000000002,19080.022,19089.5055
2024-11-13 09:00:00+00:00,19088.522,19100.522,19082.0,19099.4945
2024-11-13 09:05:00+00:00,19099.928,19111.5,19098.4945,19105.4945
2024-11-13 09:10:00+00:00,19106.072,19113.55,19099.0,19109.5
2024-11-13 09:15:00+00:00,19110.0055,19115.066499999997,19104.489,19106.5055
2024-11-13 09:20:00+00:00,19106.989,19113.4945,19102.5,19111.439000000002
2024-11-13 09:25:00+00:00,19112.0555,19115.566499999997,19106.4945,19112.5555
2024-11-13 09:30:00+00:00,19113.0055,19115.0055,19104.5055,19107.022
2024-11-13 09:35:00+00:00,19106.4945,19113.55,19103.511,19108.55
2024-11-13 09:40:00+00:00,19107.5055,19122.0,19106.022,19120.4945
2024-11-13 09:45:00+00:00,19121.560999999998,19125.572,19112.933500000003,19123.511
2024-11-13 09:50:00+00:00,19122.928,19123.5,19114.5165,19121.066499999997
2024-11-13 09:55:00+00:00,19119.9945,19121.5055,19108.9945,19116.9835
2024-11-13 10:00:00+00:00,19117.5,19118.0055,19094.0055,19097.5555
2024-11-13 10:05:00+00:00,19097.933500000003,19104.0055,19084.4945,19087.439000000002
2024-11-13 10:10:00+00:00,19087.0055,19088.978,19071.428,19079.478
2024-11-13 10:15:00+00:00,19078.9945,19078.9945,19065.516499999998,19067.516499999998
2024-11-13 10:20:00+00:00,19067.928,19071.0165,19060.489,19065.0
2024-11-13 10:25:00+00:00,19064.0055,19070.0055,19060.011,19063.989
2024-11-13 10:30:00+00:00,19061.511,19073.9945,19053.939000000002,19073.9945
2024-11-13 10:35:00+00:00,19073.511,19073.989,19065.0,19069.511
2024-11-13 10:40:00+00:00,19069.022,19072.95,19055.989,19057.5
2024-11-13 10:45:00+00:00,19056.5055,19070.511,19053.4945,19069.4945
2024-11-13 10:50:00+00:00,19069.928,19083.5555,19069.928,19077.9945
2024-11-13 10:55:00+00:00,19078.439000000002,19087.989,19078.428,19082.989
2024-11-13 11:00:00+00:00,19084.0055,19099.989,19083.95,19091.489
2024-11-13 11:05:00+00:00,19090.928,19091.5,19077.489,19079.989
2024-11-13 11:10:00+00:00,19079.0,19082.55,19064.9945,19065.5055
2024-11-13 11:15:00+00:00,19065.05,19066.5,19059.989,19064.9945
2024-11-13 11:20:00+00:00,19064.428,19067.060999999998,19046.9445,19050.5
2024-11-13 11:25:00+00:00,19049.9445,19051.511,19034.4945,19045.939000000002
2024-11-13 11:30:00+00:00,19046.478,19046.478,19029.55,19030.489
2024-11-13 11:35:00+00:00,19031.522,19040.0,19028.428,19039.478
2024-11-13 11:40:00+00:00,19038.5,19039.011,19023.433500000003,19023.4445
2024-11-13 11:45:00+00:00,19024.011,19031.011,19023.433500000003,19028.522
2024-11-13 11:50:00+00:00,19027.5,19031.0,19023.5,19024.55
2024-11-13 11:55:00+00:00,19024.0,19029.511,19004.439000000002,19004.522
2024-11-13 12:00:00+00:00,19005.5165,19022.511,18997.489,19016.4945
2024-11-13 12:05:00+00:00,19015.4835,19019.5,18996.989,18999.489
2024-11-13 12:10:00+00:00,18998.511,19008.566499999997,18991.4835,18991.4835
2024-11-13 12:15:00+00:00,18992.5,19003.516499999998,18991.0165,19003.516499999998
2024-11-13 12:20:00+00:00,19002.489,19015.572,19002.489,19015.5055
2024-11-13 12:25:00+00:00,19016.5,19024.0,19001.489,19010.5055
2024-11-13 12:30:00+00:00,19009.489,19014.4835,18998.560999999998,19002.5
2024-11-13 12:35:00+00:00,19003.5,19003.5555,18980.483500000002,18980.5
2024-11-13 12:40:00+00:00,18979.9835,18984.4945,18967.4945,18970.511
2024-11-13 12:45:00+00:00,18971.5165,18977.022,18931.522,18942.4945
2024-11-13 12:50:00+00:00,18943.4945,18958.0,18940.439000000002,18944.489
2024-11-13 12:55:00+00:00,18943.5555,18947.566499999997,18931.0,18931.572
2024-11-13 13:00:00+00:00,18931.0,18938.0,18923.5,18935.5055
2024-11-13 13:05:00+00:00,18934.939000000002,18947.5055,18926.511,18938.989
2024-11-13 13:10:00+00:00,18938.511,18953.516499999998,18935.5,18945.45
2024-11-13 13:15:00+00:00,18946.0055,18950.5055,18932.933500000003,18936.489
2024-11-13 13:20:00+00:00,18937.516499999998,18943.0055,18913.4945,18921.5
2024-11-13 13:25:00+00:00,18920.4945,18923.5055,18913.5165,18918.511
2024-11-13 13:30:00+00:00,18919.011,18968.560999999998,18918.9945,18948.0
2024-11-13 13:35:00+00:00,18948.5555,18977.4945,18948.060999999998,18967.5
2024-11-13 13:40:00+00:00,18968.516499999998,19005.45,18966.5055,18993.4835
2024-11-13 13:45:00+00:00,18994.0555,18995.4945,18959.4945,18964.511
2024-11-13 13:50:00+00:00,18963.9445,18995.5555,18963.0555,18982.489
2024-11-13 13:55:00+00:00,18983.066499999997,18990.5055,18967.989,18975.4835
2024-11-13 14:00:00+00:00,18975.0055,18979.0,18946.0,18964.4945
2024-11-13 14:05:00+00:00,18962.5055,18967.928,18952.4945,18953.5
2024-11-13 14:10:00+00:00,18953.9445,18971.5165,18946.489,18971.5
2024-11-13 14:15:00+00:00,18972.05,18972.4945,18950.560999999998,18959.5
2024-11-13 14:20:00+00:00,18958.5165,18959.478,18920.4835,18921.5
2024-11-13 14:25:00+00:00,18921.9945,18939.5,18916.9945,18936.572
2024-11-13 14:30:00+00:00,18936.0,18955.5055,18929.560999999998,18947.978
2024-11-13 14:35:00+00:00,18947.5055,18951.011,18928.478,18940.9835
2024-11-13 14:40:00+00:00,18941.5,18943.522,18919.5055,18936.516499999998
2024-11-13 14:45:00+00:00,18935.928,18937.489,18903.522,18904.0555
2024-11-13 14:50:00+00:00,18904.4835,18905.5555,18835.489,18855.933500000003
2024-11-13 14:55:00+00:00,18855.511,18902.5165,18853.478,18891.5165
2024-11-13 15:00:00+00:00,18891.9835,18905.066499999997,18884.566499999997,18891.0
2024-11-13 15:05:00+00:00,18889.4945,18891.5,18843.989,18883.9945
2024-11-13 15:10:00+00:00,18883.428,18906.55,18875.9945,18883.0
2024-11-13 15:15:00+00:00,18882.439000000002,18888.516499999998,18865.0,18869.4945
2024-11-13 15:20:00+00:00,18869.9445,18877.4445,18850.428,18856.5
2024-11-13 15:25:00+00:00,18856.0055,18864.0055,18846.989,18857.5
2024-11-13 15:30:00+00:00,18856.522,18892.5,18852.489,18878.5
2024-11-13 15:35:00+00:00,18877.45,18892.511,18870.4445,18886.511
2024-11-13 15:40:00+00:00,18885.5,18901.572,18873.016499999998,18897.511
2024-11-13 15:45:00+00:00,18897.011,18912.0,18895.0,18906.5555
2024-11-13 15:50:00+00:00,18908.011,18922.0055,18897.05,18921.489
2024-11-13 15:55:00+00:00,18920.572,18936.983500000002,18919.4945,18935.4945
2024-11-13 16:00:00+00:00,18936.489,18954.511,18935.0,18947.511
2024-11-13 16:05:00+00:00,18946.5,18971.4445,18938.4445,18967.489
2024-11-13 16:10:00+00:00,18967.011,18972.55,18964.45,18969.5
2024-11-13 16:15:00+00:00,18970.0165,18977.516499999998,18964.95,18973.483500000002
2024-11-13 16:20:00+00:00,18972.45,18975.928,18965.989,18974.483500000002
2024-11-13 16:25:00+00:00,18975.066499999997,18984.572,18973.5,18977.060999999998
2024-11-13 16:30:00+00:00,18976.516499999998,18999.489,18975.978,18998.0
2024-11-13 16:35:00+00:00,18998.433500000003,19008.0055,18997.433500000003,19001.511
2024-11-13 16:40:00+00:00,19001.072,19003.0055,18985.983500000002,18993.511
2024-11-13 16:45:00+00:00,18992.5,19012.072,18992.5,19004.4945
2024-11-13 16:50:00+00:00,19005.0165,19013.072,19002.989,19011.5055
2024-11-13 16:55:00+00:00,19011.9945,19015.5,19005.5,19013.511
2024-11-13 17:00:00+00:00,19014.0055,19019.060999999998,19011.5055,19015.9835
2024-11-13 17:05:00+00:00,19015.4835,19028.5,19015.0055,19023.5
2024-11-13 17:10:00+00:00,19023.928,19029.011,19018.983500000002,19023.483500000002
2024-11-13 17:15:00+00:00,19022.9945,19025.989,19016.5055,19017.011
2024-11-13 17:20:00+00:00,19018.066499999997,19020.066499999997,19004.939000000002,19010.0
2024-11-13 17:25:00+00:00,19010.978,19021.072,19008.989,19021.022
2024-11-13 17:30:00+00:00,19020.5,19023.072,19019.439000000002,19021.478
2024-11-13 17:35:00+00:00,19022.0055,19031.011,19020.0055,19028.9945
2024-11-13 17:40:00+00:00,19029.433500000003,19032.989,19020.4835,19023.572
2024-11-13 17:45:00+00:00,19024.072,19029.5165,19023.5055,19025.5
2024-11-13 17:50:00+00:00,19025.072,19030.511,19024.5,19029.5
2024-11-13 17:55:00+00:00,19029.011,19034.4945,19027.4945,19032.4445
2024-11-13 18:00:00+00:00,19031.978,19034.060999999998,19029.5,19033.4945
2024-11-13 18:05:00+00:00,19033.0,19033.0,19022.428,19028.5
2024-11-13 18:10:00+00:00,19027.55,19028.5,19016.478,19018.428
2024-11-13 18:15:00+00:00,19019.433500000003,19022.011,19016.5055,19020.489
2024-11-13 18:20:00+00:00,19021.0,19023.939000000002,19018.933500000003,19020.989
2024-11-13 18:25:00+00:00,19021.5055,19023.516499999998,19018.989,19022.489
2024-11-13 18:30:00+00:00,19022.978,19030.511,19022.5,19027.5555
2024-11-13 18:35:00+00:00,19026.933500000003,19027.5,19021.9945,19027.4445
2024-11-13 18:40:00+00:00,19026.983500000002,19032.55,19026.428,19032.489
2024-11-13 18:45:00+00:00,19031.978,19041.439000000002,19030.433500000003,19041.0
2024-11-13 18:50:00+00:00,19040.4945,19045.0555,19038.5055,19044.5
2024-11-13 18:55:00+00:00,19043.9835,19046.060999999998,19042.011,19044.011
2024-11-13 19:00:00+00:00,19043.4835,19044.0,19038.4945,19040.011
2024-11-13 19:05:00+00:00,19039.5055,19040.5055,19030.95,19030.989
2024-11-13 19:10:00+00:00,19031.522,19031.522,19023.483500000002,19024.4945
2024-11-13 19:15:00+00:00,19025.0,19027.478,19004.4445,19006.060999999998
2024-11-13 19:20:00+00:00,19006.560999999998,19013.572,19001.011,19010.511
2024-11-13 19:25:00+00:00,19009.439000000002,19010.572,18997.433500000003,18997.4945
2024-11-13 19:30:00+00:00,18997.9945,18998.511,18986.439000000002,18996.5
2024-11-13 19:35:00+00:00,18995.989,18996.511,18986.45,18987.4945
2024-11-13 19:40:00+00:00,18986.9445,18987.511,18981.989,18981.989
2024-11-13 19:45:00+00:00,18982.4445,18987.566499999997,18981.5,18982.5
2024-11-13 19:50:00+00:00,18983.011,18986.572,18974.4945,18976.011
2024-11-13 19:55:00+00:00,18977.0,18978.433500000003,18972.0055,18977.928
2024-11-13 20:00:00+00:00,18978.5055,18978.5055,18959.022,18960.95
2024-11-13 20:05:00+00:00,18960.5,18969.428,18956.511,18969.428
2024-11-13 20:10:00+00:00,18969.0,18980.511,18968.5055,18980.5
2024-11-13 20:15:00+00:00,18979.983500000002,18990.0055,18979.983500000002,18989.428
2024-11-13 20:20:00+00:00,18989.939000000002,18996.5,18989.4445,18992.45
2024-11-13 20:25:00+00:00,18992.0165,18993.45,18987.433500000003,18987.5055
2024-11-13 20:30:00+00:00,18987.9945,19002.0,18984.928,19002.0
2024-11-13 20:35:00+00:00,19001.511,19009.0055,19000.5,19008.0055
2024-11-13 20:40:00+00:00,19008.428,19012.0,19002.060999999998,19004.0165
2024-11-13 20:45:00+00:00,19005.5555,19007.5055,18997.9945,19001.0055
2024-11-13 20:50:00+00:00,18999.433500000003,18999.5055,18984.0,18984.511
2024-11-13 20:55:00+00:00,18983.566499999997,18993.4945,18977.0165,18989.516499999998
2024-11-13 21:00:00+00:00,18990.511,18994.978,18982.310999999998,18993.144500000002
2024-11-13 21:05:00+00:00,18992.328,19002.7055,18992.328,19001.0835
2024-11-13 21:10:00+00:00,19001.894500000002,19005.066499999997,19001.0445,19001.95
2024-11-13 23:00:00+00:00,18999.0,19001.411,18994.761,18997.161
2024-11-13 23:05:00+00:00,18997.5,19003.0,18997.5,18998.766499999998
2024-11-13 23:10:00+00:00,18999.483500000002,19000.228,18994.644500000002,18997.0335
2024-11-13 23:15:00+00:00,18997.439000000002,18999.572,18996.228,18997.089
2024-11-13 23:20:00+00:00,18997.489,19004.2,18997.489,19004.2
2024-11-13 23:25:00+00:00,19004.6165,19005.8,19003.0,19005.8
2024-11-13 23:30:00+00:00,19005.066499999997,19005.866499999996,19002.605499999998,19005.8
2024-11-13 23:35:00+00:00,19005.461,19014.433500000003,19004.989,19014.433500000003
2024-11-13 23:40:00+00:00,19015.289,19015.289,19012.1,19013.644500000002
2024-11-13 23:45:00+00:00,19012.9,19012.9165,19009.789,19010.8335
2024-11-13 23:50:00+00:00,19011.3,19011.316499999997,19006.211,19008.2
2024-11-13 23:55:00+00:00,19008.5055,19010.089,19005.4055,19006.95
2024-11-14 00:00:00+00:00,19007.8,19010.566499999997,19007.05,19007.860999999997
2024-11-14 00:05:00+00:00,19006.983500000002,19007.011,18995.110999999997,18996.716500000002
2024-11-14 00:10:00+00:00,18997.4945,18999.8,18995.8335,18997.089
2024-11-14 00:15:00+00:00,18996.4445,19006.572,18988.9835,18992.95
2024-11-14 00:20:00+00:00,18992.978,18992.978,18987.978,18991.0
2024-11-14 00:25:00+00:00,18990.483500000002,19001.060999999998,18989.989,19001.060999999998
2024-11-14 00:30:00+00:00,19000.428,19010.511,18999.55,19008.0055
2024-11-14 00:35:00+00:00,19007.0555,19011.989,19002.439000000002,19003.066499999997
2024-11-14 00:40:00+00:00,19004.0,19008.4445,19003.5,19008.4445
2024-11-14 00:45:00+00:00,19008.022,19010.011,19005.5,19007.060999999998
2024-11-14 00:50:00+00:00,19006.572,19007.489,19002.428,19004.011
2024-11-14 00:55:00+00:00,19003.072,19003.5055,18997.478,18998.9835
2024-11-14 01:00:00+00:00,18998.489,18999.022,18981.9945,18987.4445
2024-11-14 01:05:00+00:00,18988.0,18988.0,18984.95,18986.4835
2024-11-14 01:10:00+00:00,18985.989,18991.4945,18985.989,18988.5
2024-11-14 01:15:00+00:00,18989.4945,18992.5055,18987.4945,18988.5055
2024-11-14 01:20:00+00:00,18987.95,18988.5555,18978.933500000003,18978.933500000003
2024-11-14 01:25:00+00:00,18978.4945,18981.5,18969.572,18971.983500000002
2024-11-14 01:30:00+00:00,18972.478,18976.572,18968.933500000003,18969.9835
2024-11-14 01:35:00+00:00,18971.55,18976.011,18970.572,18973.0
2024-11-14 01:40:00+00:00,18972.4945,18979.522,18970.478,18977.5
2024-11-14 01:45:00+00:00,18977.989,18980.489,18976.0,18978.989
2024-11-14 01:50:00+00:00,18978.560999999998,18985.5165,18977.9445,18981.572
2024-11-14 01:55:00+00:00,18981.011,18982.572,18973.989,18974.4945
2024-11-14 02:00:00+00:00,18975.0055,18975.0055,18963.939000000002,18966.0165
2024-11-14 02:05:00+00:00,18966.522,18969.022,18963.428,18964.5055
2024-11-14 02:10:00+00:00,18963.939000000002,18964.0,18955.483500000002,18957.489
2024-11-14 02:15:00+00:00,18957.9945,18959.511,18949.5,18951.511
2024-11-14 02:20:00+00:00,18952.0,18959.022,18948.516499999998,18952.5555
2024-11-14 02:25:00+00:00,18953.0055,18956.0,18947.939000000002,18956.0
2024-11-14 02:30:00+00:00,18956.5,18964.4445,18956.5,18960.933500000003
2024-11-14 02:35:00+00:00,18961.4945,18962.978,18960.0055,18962.978
2024-11-14 02:40:00+00:00,18962.5,18962.5,18955.022,18955.5
2024-11-14 02:45:00+00:00,18954.989,18954.989,18948.511,18950.4835
2024-11-14 02:50:00+00:00,18951.016499999998,18955.05,18951.016499999998,18953.939000000002
2024-11-14 02:55:00+00:00,18953.560999999998,18955.428,18950.483500000002,18954.0
2024-11-14 03:00:00+00:00,18953.511,18959.489,18952.4445,18955.5055
2024-11-14 03:05:00+00:00,18955.933500000003,18970.0,18955.933500000003,18968.4835
2024-11-14 03:10:00+00:00,18968.022,18981.5,18966.989,18980.5055
2024-11-14 03:15:00+00:00,18980.0,18980.489,18973.5555,18973.5555
2024-11-14 03:20:00+00:00,18972.989,18975.439000000002,18969.5055,18975.439000000002
2024-11-14 03:25:00+00:00,18974.989,18977.45,18974.483500000002,18975.5
2024-11-14 03:30:00+00:00,18973.989,18973.989,18965.5055,18965.5055
2024-11-14 03:35:00+00:00,18966.060999999998,18966.060999999998,18963.55,18965.978
2024-11-14 03:40:00+00:00,18965.428,18968.516499999998,18959.928,18962.439000000002
2024-11-14 03:45:00+00:00,18962.939000000002,18969.0,18962.939000000002,18965.011
2024-11-14 03:50:00+00:00,18964.5,18971.060999999998,18964.5,18967.0055
2024-11-14 03:55:00+00:00,18967.5,18972.5055,18966.516499999998,18971.0055
2024-11-14 04:00:00+00:00,18971.4945,18973.011,18967.560999999998,18973.011
2024-11-14 04:05:00+00:00,18973.5055,18981.9945,18973.4945,18981.9945
2024-11-14 04:10:00+00:00,18981.022,18986.511,18980.5055,18985.989
2024-11-14 04:15:00+00:00,18986.489,18995.928,18985.428,18992.983500000002
2024-11-14 04:20:00+00:00,18992.478,18993.022,18987.9945,18988.5055
2024-11-14 04:25:00+00:00,18989.4945,18993.0,18989.0165,18992.0
2024-11-14 04:30:00+00:00,18990.983500000002,18992.0555,18987.011,18987.9945
2024-11-14 04:35:00+00:00,18987.489,18988.4835,18985.066499999997,18987.95
2024-11-14 04:40:00+00:00,18988.511,18988.511,18986.4945,18988.4445
2024-11-14 04:45:00+00:00,18987.5,18989.522,18984.5,18985.433500000003
2024-11-14 04:50:00+00:00,18984.478,18988.933500000003,18984.478,18987.428
2024-11-14 04:55:00+00:00,18987.011,18988.0,18985.022,18986.9445
2024-11-14 05:00:00+00:00,18989.05,18989.05,18973.511,18973.989
2024-11-14 05:05:00+00:00,18973.4835,18975.4835,18957.511,18958.066499999997
2024-11-14 05:10:00+00:00,18957.489,18957.489,18934.989,18940.011
2024-11-14 05:15:00+00:00,18941.016499999998,18947.989,18932.4835,18942.489
2024-11-14 05:20:00+00:00,18943.5055,18956.5555,18942.5055,18953.5
2024-11-14 05:25:00+00:00,18955.011,18960.55,18954.428,18959.989
2024-11-14 05:30:00+00:00,18959.5165,18960.0,18952.45,18958.5
2024-11-14 05:35:00+00:00,18957.011,18961.5,18952.989,18960.072
2024-11-14 05:40:00+00:00,18960.572,18961.060999999998,18947.9835,18948.478
2024-11-14 05:45:00+00:00,18949.5,18955.0,18949.5,18955.0
2024-11-14 05:50:00+00:00,18953.511,18954.572,18948.4445,18951.060999999998
2024-11-14 05:55:00+00:00,18951.4835,18959.0055,18951.016499999998,18958.9945
2024-11-14 06:00:00+00:00,18958.5,18988.566499999997,18957.9835,18974.55
2024-11-14 06:05:00+00:00,18974.933500000003,18978.072,18967.5,18973.0
2024-11-14 06:10:00+00:00,18973.483500000002,18975.022,18966.45,18966.4945
2024-11-14 06:15:00+00:00,18967.0,18979.5555,18967.0,18974.928
2024-11-14 06:20:00+00:00,18974.4945,18974.4945,18960.983500000002,18964.5
2024-11-14 06:25:00+00:00,18964.0,18965.9945,18959.011,18960.011
2024-11-14 06:30:00+00:00,18960.9945,18970.572,18960.9945,18969.560999999998
2024-11-14 06:35:00+00:00,18970.0555,18971.0055,18963.0,18963.489
2024-11-14 06:40:00+00:00,18964.0,18978.011,18963.572,18978.011
2024-11-14 06:45:00+00:00,18980.566499999997,18981.022,18968.572,18970.9945
2024-11-14 06:50:00+00:00,18971.483500000002,18974.060999999998,18968.983500000002,18968.983500000002
2024-11-14 06:55:00+00:00,18967.478,18967.478,18953.4945,18955.011
2024-11-14 07:00:00+00:00,18953.9835,18973.572,18944.5,18955.989
2024-11-14 07:05:00+00:00,18956.55,18956.55,18941.0,18949.928
2024-11-14 07:10:00+00:00,18951.0,18961.9945,18947.489,18957.4945
2024-11-14 07:15:00+00:00,18957.9945,18958.0055,18941.428,18948.0055
2024-11-14 07:20:00+00:00,18949.0055,18978.4945,18947.9445,18975.933500000003
2024-11-14 07:25:00+00:00,18976.4945,18994.072,18974.489,18994.072
2024-11-14 07:30:00+00:00,18994.433500000003,19009.45,18988.5055,19006.9945
2024-11-14 07:35:00+00:00,19006.072,19021.9945,19004.983500000002,19014.9835
2024-11-14 07:40:00+00:00,19013.928,19037.566499999997,19008.95,19027.989
2024-11-14 07:45:00+00:00,19027.522,19041.5,19025.511,19041.0
2024-11-14 07:50:00+00:00,19039.5,19049.5,19029.011,19042.0
2024-11-14 07:55:00+00:00,19042.9945,19061.0055,19033.011,19057.0
2024-11-14 08:00:00+00:00,19057.433500000003,19078.060999999998,19036.933500000003,19077.05
2024-11-14 08:05:00+00:00,19075.4835,19090.9945,19071.0055,19090.9445
2024-11-14 08:10:00+00:00,19091.9945,19122.511,19087.0,19118.95
2024-11-14 08:15:00+00:00,19118.0,19118.0,19087.9945,19087.9945
2024-11-14 08:20:00+00:00,19088.95,19112.022,19087.9945,19098.55
2024-11-14 08:25:00+00:00,19098.939000000002,19120.066499999997,19097.0,19119.072
2024-11-14 08:30:00+00:00,19119.5,19136.489,19114.933500000003,19127.05
2024-11-14 08:35:00+00:00,19125.95,19150.0055,19123.9835,19134.0555
2024-11-14 08:40:00+00:00,19133.511,19139.060999999998,19111.9945,19129.4445
2024-11-14 08:45:00+00:00,19130.4835,19130.516499999998,19094.0,19096.011
2024-11-14 08:50:00+00:00,19096.9945,19131.0,19096.928,19130.511
2024-11-14 08:55:00+00:00,19131.0,19137.489,19121.0,19136.0
2024-11-14 09:00:00+00:00,19135.516499999998,19196.478,19135.516499999998,19190.489
2024-11-14 09:05:00+00:00,19191.0,19198.022,19178.978,19195.572
2024-11-14 09:10:00+00:00,19194.5,19207.0055,19188.011,19189.9945
2024-11-14 09:15:00+00:00,19192.9445,19226.560999999998,19189.0,19221.9945
2024-11-14 09:20:00+00:00,19223.011,19243.072,19218.5,19233.428
2024-11-14 09:25:00+00:00,19232.9835,19237.9835,19227.428,19232.9945
2024-11-14 09:30:00+00:00,19235.0555,19239.55,19220.560999999998,19231.0
2024-11-14 09:35:00+00:00,19232.0,19246.4945,19224.011,19234.0
2024-11-14 09:40:00+00:00,19233.516499999998,19238.522,19225.0,19226.0
2024-11-14 09:45:00+00:00,19227.0,19235.0165,19220.939000000002,19224.016499999998
2024-11-14 09:50:00+00:00,19223.4945,19227.45,19201.489,19203.4445
2024-11-14 09:55:00+00:00,19203.9945,19214.022,19198.489,19212.0055
2024-11-14 10:00:00+00:00,19211.483500000002,19236.522,19211.483500000002,19236.0
2024-11-14 10:05:00+00:00,19236.5,19240.4945,19218.928,19223.9945
2024-11-14 10:10:00+00:00,19222.95,19222.95,19208.439000000002,19209.011
2024-11-14 10:15:00+00:00,19211.9945,19224.9835,19211.9945,19223.060999999998
2024-11-14 10:20:00+00:00,19223.9945,19225.566499999997,19208.95,19212.933500000003
2024-11-14 10:25:00+00:00,19214.011,19214.5,19203.0055,19205.433500000003
2024-11-14 10:30:00+00:00,19205.989,19225.0165,19201.989,19224.0055
2024-11-14 10:35:00+00:00,19225.9835,19236.05,19224.928,19235.0165
2024-11-14 10:40:00+00:00,19234.0,19235.572,19212.95,19216.989
2024-11-14 10:45:00+00:00,19215.9945,19226.989,19213.0,19220.4445
2024-11-14 10:50:00+00:00,19220.9945,19229.011,19217.45,19221.0055
2024-11-14 10:55:00+00:00,19222.016499999998,19225.5,19206.0,19212.9835
2024-11-14 11:00:00+00:00,19213.5,19230.978,19213.5,19226.016499999998
2024-11-14 11:05:00+00:00,19226.511,19229.439000000002,19213.989,19215.939000000002
2024-11-14 11:10:00+00:00,19217.0055,19222.011,19204.939000000002,19209.9945
2024-11-14 11:15:00+00:00,19209.4945,19228.0,19206.05,19228.0
2024-11-14 11:20:00+00:00,19227.5055,19229.5555,19217.989,19225.072
2024-11-14 11:25:00+00:00,19225.5,19235.428,19222.489,19235.0055
2024-11-14 11:30:00+00:00,19235.511,19242.066499999997,19233.4945,19242.060999999998
2024-11-14 11:35:00+00:00,19241.5,19244.928,19230.0055,19237.0055
2024-11-14 11:40:00+00:00,19235.011,19256.0,19234.428,19254.989
2024-11-14 11:45:00+00:00,19256.072,19264.989,19251.0,19264.5
2024-11-14 11:50:00+00:00,19264.989,19265.5055,19255.072,19256.939000000002
2024-11-14 11:55:00+00:00,19256.5,19260.511,19245.0055,19251.9835
2024-11-14 12:00:00+00:00,19253.0165,19258.428,19249.0,19251.9945
2024-11-14 12:05:00+00:00,19251.011,19253.566499999997,19242.489,19246.9445
2024-11-14 12:10:00+00:00,19246.5165,19252.0,19234.0165,19246.0055
2024-11-14 12:15:00+00:00,19245.0055,19254.989,19242.983500000002,19254.0
2024-11-14 12:20:00+00:00,19254.9945,19255.4835,19241.9945,19245.989
2024-11-14 12:25:00+00:00,19246.489,19253.0,19241.0,19251.989
2024-11-14 12:30:00+00:00,19252.5055,19263.0,19251.95,19259.060999999998
2024-11-14 12:35:00+00:00,19259.9835,19259.9835,19246.011,19246.933500000003
2024-11-14 12:40:00+00:00,19246.516499999998,19256.522,19244.9945,19256.0055
2024-11-14 12:45:00+00:00,19255.483500000002,19263.0555,19252.4945,19260.0
2024-11-14 12:50:00+00:00,19260.489,19265.0,19254.011,19258.9945
2024-11-14 12:55:00+00:00,19259.928,19260.489,19244.489,19244.9945
2024-11-14 13:00:00+00:00,19245.566499999997,19279.9945,19244.4945,19278.0055
2024-11-14 13:05:00+00:00,19277.4445,19285.011,19274.9945,19279.072
2024-11-14 13:10:00+00:00,19279.9445,19289.5,19279.0055,19284.5055
2024-11-14 13:15:00+00:00,19285.0055,19295.489,19283.0055,19293.0
2024-11-14 13:20:00+00:00,19292.516499999998,19296.05,19287.428,19292.0
2024-11-14 13:25:00+00:00,19292.489,19305.572,19292.011,19305.572
2024-11-14 13:30:00+00:00,19306.489,19306.9945,19269.9945,19273.95
2024-11-14 13:35:00+00:00,19274.9945,19283.0,19251.5055,19268.05
2024-11-14 13:40:00+00:00,19269.072,19295.022,19266.0165,19285.95
2024-11-14 13:45:00+00:00,19286.5,19305.072,19286.0055,19302.05
2024-11-14 13:50:00+00:00,19303.060999999998,19305.0165,19284.572,19288.9945
2024-11-14 13:55:00+00:00,19289.55,19300.983500000002,19286.983500000002,19293.9945
2024-11-14 14:00:00+00:00,19293.0165,19294.9945,19269.0055,19277.989
2024-11-14 14:05:00+00:00,19278.5055,19291.066499999997,19276.5,19289.5
2024-11-14 14:10:00+00:00,19289.0165,19307.566499999997,19288.933500000003,19294.0
2024-11-14 14:15:00+00:00,19294.5165,19297.989,19281.983500000002,19286.572
2024-11-14 14:20:00+00:00,19285.928,19296.060999999998,19270.433500000003,19270.433500000003
2024-11-14 14:25:00+00:00,19271.489,19299.011,19271.022,19293.5055
2024-11-14 14:30:00+00:00,19294.95,19308.060999999998,19287.9945,19296.9945
2024-11-14 14:35:00+00:00,19297.989,19303.072,19278.511,19280.011
2024-11-14 14:40:00+00:00,19279.428,19282.0055,19239.989,19248.983500000002
2024-11-14 14:45:00+00:00,19249.4945,19268.072,19239.511,19267.05
2024-11-14 14:50:00+00:00,19268.0,19277.060999999998,19248.5,19264.0055
2024-11-14 14:55:00+00:00,19263.0,19268.0055,19256.022,19262.95
2024-11-14 15:00:00+00:00,19267.5,19289.5,19257.4945,19284.9945
2024-11-14 15:05:00+00:00,19285.928,19295.0055,19272.989,19275.0
2024-11-14 15:10:00+00:00,19275.989,19275.989,19258.428,19269.0165
2024-11-14 15:15:00+00:00,19269.9945,19277.9945,19243.0,19243.0
2024-11-14 15:20:00+00:00,19243.989,19253.060999999998,19229.511,19241.9445
2024-11-14 15:25:00+00:00,19243.022,19267.016499999998,19243.022,19265.928
2024-11-14 15:30:00+00:00,19264.928,19265.060999999998,19239.989,19252.4945
2024-11-14 15:35:00+00:00,19253.428,19265.55,19252.4445,19261.4945
2024-11-14 15:40:00+00:00,19260.4945,19261.566499999997,19243.989,19247.05
2024-11-14 15:45:00+00:00,19247.5055,19250.072,19237.9835,19244.989
2024-11-14 15:50:00+00:00,19244.5555,19257.011,19242.0055,19250.978
2024-11-14 15:55:00+00:00,19252.0,19259.060999999998,19244.928,19250.072
2024-11-14 16:00:00+00:00,19251.072,19263.016499999998,19240.939000000002,19245.95
2024-11-14 16:05:00+00:00,19246.522,19265.989,19243.978,19253.011
2024-11-14 16:10:00+00:00,19253.5165,19269.9945,19248.978,19265.5
2024-11-14 16:15:00+00:00,19265.011,19266.0055,19257.560999999998,19260.072
2024-11-14 16:20:00+00:00,19260.9445,19261.0,19253.989,19256.928
2024-11-14 16:25:00+00:00,19257.5,19262.478,19250.433500000003,19250.55
2024-11-14 16:30:00+00:00,19251.0055,19267.489,19249.928,19267.489
2024-11-14 16:35:00+00:00,19267.0,19275.511,19263.4945,19275.511
2024-11-14 16:40:00+00:00,19274.989,19279.478,19267.95,19275.0055
2024-11-14 16:45:00+00:00,19274.511,19278.5055,19258.45,19259.4945
2024-11-14 16:50:00+00:00,19259.939000000002,19266.989,19250.5055,19252.05
2024-11-14 16:55:00+00:00,19252.4835,19254.0055,19247.011,19250.0055
2024-11-14 17:00:00+00:00,19250.5,19251.0,19236.5,19245.4445
2024-11-14 17:05:00+00:00,19244.9945,19249.0555,19239.95,19245.072
2024-11-14 17:10:00+00:00,19244.4945,19249.939000000002,19229.016499999998,19230.0
2024-11-14 17:15:00+00:00,19229.55,19230.511,19215.983500000002,19220.0
2024-11-14 17:20:00+00:00,19218.95,19220.978,19213.511,19216.0
2024-11-14 17:25:00+00:00,19216.572,19218.05,19206.95,19212.011
2024-11-14 17:30:00+00:00,19211.55,19212.9945,19189.072,19196.0
2024-11-14 17:35:00+00:00,19196.5,19220.072,19196.0165,19217.5165
2024-11-14 17:40:00+00:00,19219.022,19222.0,19214.011,19217.95
2024-11-14 17:45:00+00:00,19218.933500000003,19218.933500000003,19188.483500000002,19191.011
2024-11-14 17:50:00+00:00,19190.511,19219.0555,19190.0055,19215.978
2024-11-14 17:55:00+00:00,19214.9945,19222.9835,19212.55,19214.9835
2024-11-14 18:00:00+00:00,19214.0,19221.5,19209.011,19219.989
2024-11-14 18:05:00+00:00,19220.5,19226.060999999998,19219.0055,19225.478
2024-11-14 18:10:00+00:00,19226.0,19230.5055,19225.433500000003,19230.011
2024-11-14 18:15:00+00:00,19230.9945,19237.0055,19229.939000000002,19234.066499999997
2024-11-14 18:20:00+00:00,19234.511,19239.072,19234.4945,19239.0055
2024-11-14 18:25:00+00:00,19239.522,19241.9945,19226.983500000002,19228.5
2024-11-14 18:30:00+00:00,19229.072,19231.016499999998,19222.5055,19227.0
2024-11-14 18:35:00+00:00,19226.5055,19229.560999999998,19223.0,19224.5055
2024-11-14 18:40:00+00:00,19224.0,19230.5,19223.989,19229.511
2024-11-14 18:45:00+00:00,19228.489,19228.5,19220.983500000002,19224.066499999997
2024-11-14 18:50:00+00:00,19225.0055,19230.060999999998,19219.989,19224.0055
2024-11-14 18:55:00+00:00,19225.0055,19227.0,19214.483500000002,19215.55
2024-11-14 19:00:00+00:00,19214.9835,19237.060999999998,19214.072,19233.978
2024-11-14 19:05:00+00:00,19233.511,19238.066499999997,19232.439000000002,19233.989
2024-11-14 19:10:00+00:00,19234.522,19239.0,19228.9445,19228.9445
2024-11-14 19:15:00+00:00,19229.5,19232.022,19226.489,19226.9945
2024-11-14 19:20:00+00:00,19227.566499999997,19233.989,19224.4835,19233.483500000002
2024-11-14 19:25:00+00:00,19233.011,19237.072,19231.933500000003,19237.0055
2024-11-14 19:30:00+00:00,19236.572,19239.989,19235.0,19235.9945
2024-11-14 19:35:00+00:00,19235.4945,19240.5555,19234.9835,19240.060999999998
2024-11-14 19:40:00+00:00,19239.5,19242.4945,19235.489,19237.566499999997
2024-11-14 19:45:00+00:00,19238.0055,19240.5,19228.4835,19231.066499999997
2024-11-14 19:50:00+00:00,19231.45,19243.566499999997,19231.45,19241.0
2024-11-14 19:55:00+00:00,19240.5,19242.0055,19233.933500000003,19236.0
2024-11-14 20:00:00+00:00,19233.511,19233.511,19218.9445,19221.5055
2024-11-14 20:05:00+00:00,19222.0055,19225.011,19208.439000000002,19218.0165
2024-11-14 20:10:00+00:00,19217.5165,19220.5055,19210.978,19213.489
2024-11-14 20:15:00+00:00,19213.989,19233.072,19213.978,19230.060999999998
2024-11-14 20:20:00+00:00,19229.5,19233.072,19225.0,19230.0055
2024-11-14 20:25:00+00:00,19228.9835,19235.566499999997,19225.4945,19230.983500000002
2024-11-14 20:30:00+00:00,19230.478,19234.0,19218.45,19218.9445
2024-11-14 20:35:00+00:00,19219.483500000002,19226.011,19216.939000000002,19219.55
2024-11-14 20:40:00+00:00,19220.5555,19221.5555,19206.933500000003,19208.066499999997
2024-11-14 20:45:00+00:00,19209.0055,19213.4945,19200.4945,19204.55
2024-11-14 20:50:00+00:00,19205.072,19225.011,19205.072,19218.016499999998
2024-11-14 20:55:00+00:00,19219.011,19229.5165,19213.016499999998,19225.060999999998
2024-11-14 21:00:00+00:00,19224.05,19227.105499999998,19211.728,19217.4165
2024-11-14 21:05:00+00:00,19219.011,19221.5165,19185.25,19194.05
2024-11-14 21:10:00+00:00,19194.8055,19204.5055,19189.1945,19189.1945
2024-11-14 23:00:00+00:00,19213.2445,19213.2445,19199.2,19200.016499999998
2024-11-14 23:05:00+00:00,19200.810999999998,19201.144500000002,19193.95,19194.394500000002
2024-11-14 23:10:00+00:00,19195.144500000002,19197.2,19183.483500000002,19187.522
2024-11-14 23:15:00+00:00,19186.7055,19188.2945,19181.9555,19185.883500000004
2024-11-14 23:20:00+00:00,19185.105499999998,19188.310999999998,19185.105499999998,19185.828
2024-11-14 23:25:00+00:00,19186.761,19189.572,19185.9055,19188.322
2024-11-14 23:30:00+00:00,19188.6945,19198.461,19187.9,19197.6
2024-11-14 23:35:00+00:00,19198.394500000002,19199.211,19195.0445,19198.4
2024-11-14 23:40:00+00:00,19197.989,19199.672,19194.278,19198.8
2024-11-14 23:45:00+00:00,19199.605499999998,19202.8055,19191.478,19192.2835
2024-11-14 23:50:00+00:00,19191.9,19196.355499999998,19190.7,19191.5
2024-11-14 23:55:00+00:00,19192.2945,19196.772,19191.894500000002,19194.7
2024-11-15 00:00:00+00:00,19193.8445,19195.8835,19190.310999999998,19195.0835
2024-11-15 00:05:00+00:00,19195.5555,19195.560999999998,19189.039,19192.3
2024-11-15 00:10:00+00:00,19191.972,19195.5055,19191.483500000002,19192.639000000003
2024-11-15 00:15:00+00:00,19197.522,19211.5555,19197.522,19208.4445
2024-11-15 00:20:00+00:00,19208.5055,19208.572,19195.489,19198.0055
2024-11-15 00:25:00+00:00,19198.4835,19200.511,19194.433500000003,19199.9945
2024-11-15 00:30:00+00:00,19199.516499999998,19201.489,19190.483500000002,19193.566499999997
2024-11-15 00:35:00+00:00,19192.9945,19194.566499999997,19189.5555,19189.983500000002
2024-11-15 00:40:00+00:00,19189.5,19192.560999999998,19187.511,19189.9945
2024-11-15 00:45:00+00:00,19190.511,19197.55,19188.483500000002,19197.0
2024-11-15 00:50:00+00:00,19197.566499999997,19198.439000000002,19193.9945,19197.5
2024-11-15 00:55:00+00:00,19197.0555,19201.5055,19192.9835,19199.5055
2024-11-15 01:00:00+00:00,19199.072,19200.5555,19189.939000000002,19191.4945
2024-11-15 01:05:00+00:00,19192.489,19193.511,19179.9445,19180.55
2024-11-15 01:10:00+00:00,19181.0055,19185.4945,19173.572,19184.439000000002
2024-11-15 01:15:00+00:00,19185.5,19194.022,19182.9945,19194.022
2024-11-15 01:20:00+00:00,19194.95,19198.516499999998,19193.4945,19193.5
2024-11-15 01:25:00+00:00,19194.0555,19197.5,19188.0,19197.5
2024-11-15 01:30:00+00:00,19197.022,19200.5055,19193.5,19200.0
2024-11-15 01:35:00+00:00,19200.55,19201.5055,19184.5055,19185.989
2024-11-15 01:40:00+00:00,19187.0055,19187.5055,19177.4945,19180.9945
2024-11-15 01:45:00+00:00,19181.433500000003,19188.011,19178.9945,19184.4945
2024-11-15 01:50:00+00:00,19183.95,19185.989,19179.5,19185.95
2024-11-15 01:55:00+00:00,19185.5555,19193.5055,19184.428,19188.0165
2024-11-15 02:00:00+00:00,19187.5,19191.060999999998,19184.5,19185.5055
2024-11-15 02:05:00+00:00,19185.0055,19187.066499999997,19183.439000000002,19186.428
2024-11-15 02:10:00+00:00,19188.0055,19189.4945,19185.011,19189.0
2024-11-15 02:15:00+00:00,19189.560999999998,19190.9445,19180.0,19180.016499999998
2024-11-15 02:20:00+00:00,19180.5055,19186.5,19176.022,19185.5
2024-11-15 02:25:00+00:00,19184.978,19186.5,19179.5055,19181.489
2024-11-15 02:30:00+00:00,19181.011,19189.560999999998,19181.011,19189.478
2024-11-15 02:35:00+00:00,19189.022,19197.560999999998,19188.983500000002,19195.5055
2024-11-15 02:40:00+00:00,19194.4945,19200.989,19194.4945,19200.572
2024-11-15 02:45:00+00:00,19200.0,19200.4445,19193.489,19196.511
2024-11-15 02:50:00+00:00,19196.989,19200.5,19196.483500000002,19200.5
2024-11-15 02:55:00+00:00,19200.0055,19203.989,19198.0,19203.55
2024-11-15 03:00:00+00:00,19203.983500000002,19203.983500000002,19193.05,19200.4945
2024-11-15 03:05:00+00:00,19200.933500000003,19203.516499999998,19199.978,19203.05
2024-11-15 03:10:00+00:00,19202.5165,19212.560999999998,19201.95,19209.439000000002
2024-11-15 03:15:00+00:00,19209.066499999997,19210.9945,19206.0,19209.066499999997
2024-11-15 03:20:00+00:00,19209.511,19220.9945,19206.5,19219.489
2024-11-15 03:25:00+00:00,19220.0,19223.022,19211.989,19218.0055
2024-11-15 03:30:00+00:00,19217.4945,19221.0,19212.989,19219.0055
2024-11-15 03:35:00+00:00,19219.5055,19224.4445,19216.0165,19223.439000000002
2024-11-15 03:40:00+00:00,19224.011,19224.011,19213.022,19214.566499999997
2024-11-15 03:45:00+00:00,19214.0,19221.011,19212.478,19213.9945
2024-11-15 03:50:00+00:00,19214.433500000003,19217.4445,19208.933500000003,19210.4945
2024-11-15 03:55:00+00:00,19210.978,19211.572,19205.489,19208.0055
2024-11-15 04:00:00+00:00,19207.560999999998,19208.95,19202.0,19204.5055
2024-11-15 04:05:00+00:00,19203.9945,19206.433500000003,19199.989,19201.4945
2024-11-15 04:10:00+00:00,19201.9945,19204.566499999997,19200.5055,19203.060999999998
2024-11-15 04:15:00+00:00,19202.489,19205.928,19200.978,19204.933500000003
2024-11-15 04:20:00+00:00,19204.433500000003,19210.011,19204.433500000003,19207.5055
2024-11-15 04:25:00+00:00,19207.0,19208.5055,19203.4835,19208.5055
2024-11-15 04:30:00+00:00,19208.0555,19208.0555,19201.511,19202.428
2024-11-15 04:35:00+00:00,19203.016499999998,19207.5555,19202.511,19207.4945
2024-11-15 04:40:00+00:00,19207.933500000003,19208.5,19204.572,19206.511
2024-11-15 04:45:00+00:00,19206.0555,19206.0555,19203.433500000003,19205.511
2024-11-15 04:50:00+00:00,19205.9945,19207.5555,19202.5,19207.5055
2024-11-15 04:55:00+00:00,19207.0,19211.0,19205.0055,19209.939000000002
2024-11-15 05:00:00+00:00,19209.5,19215.9445,19205.439000000002,19215.5055
2024-11-15 05:05:00+00:00,19216.0,19217.4835,19208.0055,19209.5
2024-11-15 05:10:00+00:00,19210.060999999998,19211.511,19206.0055,19211.0
2024-11-15 05:15:00+00:00,19210.522,19213.5555,19210.428,19213.4835
2024-11-15 05:20:00+00:00,19213.0055,19214.439000000002,19212.489,19212.489
2024-11-15 05:25:00+00:00,19212.933500000003,19215.9835,19211.433500000003,19212.0
2024-11-15 05:30:00+00:00,19211.489,19211.489,19197.5055,19198.516499999998
2024-11-15 05:35:00+00:00,19198.989,19199.072,19191.939000000002,19193.5
2024-11-15 05:40:00+00:00,19192.9945,19193.45,19185.560999999998,19188.560999999998
2024-11-15 05:45:00+00:00,19188.0,19188.572,19183.9945,19185.5
2024-11-15 05:50:00+00:00,19185.928,19186.566499999997,19181.4835,19185.489
2024-11-15 05:55:00+00:00,19184.428,19186.439000000002,19180.933500000003,19185.511
2024-11-15 06:00:00+00:00,19184.928,19184.928,19178.928,19181.9945
2024-11-15 06:05:00+00:00,19181.5055,19183.5165,19174.428,19177.4945
2024-11-15 06:10:00+00:00,19178.022,19181.5,19174.9945,19176.566499999997
2024-11-15 06:15:00+00:00,19177.9945,19179.55,19174.489,19176.55
2024-11-15 06:20:00+00:00,19175.5055,19177.511,19159.5,19159.989
2024-11-15 06:25:00+00:00,19158.511,19161.016499999998,19147.9835,19148.0055
2024-11-15 06:30:00+00:00,19148.4945,19162.560999999998,19145.0,19161.5055
2024-11-15 06:35:00+00:00,19163.4945,19174.0055,19162.4945,19173.483500000002
2024-11-15 06:40:00+00:00,19173.0165,19173.0165,19160.5,19161.489
2024-11-15 06:45:00+00:00,19160.0,19164.5,19153.9945,19155.55
2024-11-15 06:50:00+00:00,19154.516499999998,19167.55,19154.516499999998,19167.55
2024-11-15 06:55:00+00:00,19166.483500000002,19170.5555,19164.478,19168.45
2024-11-15 07:00:00+00:00,19167.5,19170.05,19152.9945,19164.5555
2024-11-15 07:05:00+00:00,19163.511,19176.5,19162.511,19168.4835
2024-11-15 07:10:00+00:00,19168.016499999998,19174.0,19161.433500000003,19167.439000000002
2024-11-15 07:15:00+00:00,19168.511,19168.511,19154.9945,19164.560999999998
2024-11-15 07:20:00+00:00,19163.4945,19169.5055,19149.5,19152.428
2024-11-15 07:25:00+00:00,19152.9945,19157.011,19143.433500000003,19146.511
2024-11-15 07:30:00+00:00,19147.0,19154.5555,19139.511,19140.5165
2024-11-15 07:35:00+00:00,19141.0,19151.060999999998,19134.478,19134.566499999997
2024-11-15 07:40:00+00:00,19133.983500000002,19136.5055,19125.489,19133.483500000002
2024-11-15 07:45:00+00:00,19133.9945,19136.5,19127.0,19132.4835
2024-11-15 07:50:00+00:00,19133.511,19140.5,19129.989,19138.5055
2024-11-15 07:55:00+00:00,19138.989,19145.5055,19128.022,19131.5
2024-11-15 08:00:00+00:00,19133.9945,19155.566499999997,19127.433500000003,19152.566499999997
2024-11-15 08:05:00+00:00,19153.433500000003,19158.5055,19122.522,19122.522
2024-11-15 08:10:00+00:00,19123.4445,19141.5055,19120.489,19138.483500000002
2024-11-15 08:15:00+00:00,19137.439000000002,19166.516499999998,19132.9945,19149.5
2024-11-15 08:20:00+00:00,19148.572,19163.5,19141.939000000002,19161.511
2024-11-15 08:25:00+00:00,19160.522,19163.4835,19132.5,19133.011
2024-11-15 08:30:00+00:00,19134.4445,19170.95,19133.478,19169.433500000003
2024-11-15 08:35:00+00:00,19170.5555,19186.05,19164.516499999998,19177.45
2024-11-15 08:40:00+00:00,19176.483500000002,19192.0165,19175.5055,19184.5555
2024-11-15 08:45:00+00:00,19183.5055,19198.0055,19182.439000000002,19186.560999999998
2024-11-15 08:50:00+00:00,19187.016499999998,19207.5,19182.489,19204.983500000002
2024-11-15 08:55:00+00:00,19204.55,19216.5,19200.5,19215.5
2024-11-15 09:00:00+00:00,19216.5,19226.933500000003,19207.489,19222.566499999997
2024-11-15 09:05:00+00:00,19221.5,19230.489,19214.572,19221.55
2024-11-15 09:10:00+00:00,19221.9945,19228.011,19207.511,19212.5
2024-11-15 09:15:00+00:00,19212.0165,19216.483500000002,19202.4945,19213.0
2024-11-15 09:20:00+00:00,19211.978,19217.011,19202.428,19208.522
2024-11-15 09:25:00+00:00,19209.5,19233.516499999998,19209.5,19228.5
2024-11-15 09:30:00+00:00,19227.483500000002,19237.9945,19219.928,19236.072
2024-11-15 09:35:00+00:00,19235.5165,19249.5,19234.4945,19247.0165
2024-11-15 09:40:00+00:00,19247.560999999998,19259.5055,19239.516499999998,19256.511
2024-11-15 09:45:00+00:00,19255.4945,19255.4945,19242.4945,19243.0
2024-11-15 09:50:00+00:00,19241.5055,19250.4835,19233.4945,19250.0555
2024-11-15 09:55:00+00:00,19250.522,19261.0,19243.5055,19258.560999999998
2024-11-15 10:00:00+00:00,19258.95,19273.0055,19257.9945,19268.011
2024-11-15 10:05:00+00:00,19268.55,19273.0,19263.0,19270.011
2024-11-15 10:10:00+00:00,19269.511,19272.066499999997,19251.4445,19252.4945
2024-11-15 10:15:00+00:00,19253.489,19256.45,19234.0,19234.0
2024-11-15 10:20:00+00:00,19234.5165,19256.0,19234.5055,19254.016499999998
2024-11-15 10:25:00+00:00,19253.5055,19265.0055,19251.978,19265.0055
2024-11-15 10:30:00+00:00,19263.5165,19271.9835,19257.5165,19264.9445
2024-11-15 10:35:00+00:00,19266.066499999997,19270.5,19262.478,19269.45
2024-11-15 10:40:00+00:00,19268.9945,19271.989,19263.0055,19267.9445
2024-11-15 10:45:00+00:00,19268.428,19277.0055,19263.9835,19276.95
2024-11-15 10:50:00+00:00,19277.566499999997,19280.05,19271.0055,19279.011
2024-11-15 10:55:00+00:00,19280.05,19289.9945,19275.978,19277.489
2024-11-15 11:00:00+00:00,19278.5,19280.0,19265.072,19266.011
2024-11-15 11:05:00+00:00,19265.489,19275.989,19260.5555,19261.072
2024-11-15 11:10:00+00:00,19259.939000000002,19263.0055,19247.9945,19251.933500000003
2024-11-15 11:15:00+00:00,19252.45,19256.5,19249.0055,19252.060999999998
2024-11-15 11:20:00+00:00,19251.45,19255.0055,19246.439000000002,19252.428
2024-11-15 11:25:00+00:00,19253.0,19259.060999999998,19249.5165,19257.9835
2024-11-15 11:30:00+00:00,19257.0055,19258.4445,19244.478,19249.9945
2024-11-15 11:35:00+00:00,19250.5165,19262.9945,19248.5,19255.489
2024-11-15 11:40:00+00:00,19255.989,19258.0055,19234.9445,19235.983500000002
2024-11-15 11:45:00+00:00,19237.0055,19242.011,19230.428,19232.011
2024-11-15 11:50:00+00:00,19231.5055,19242.433500000003,19231.4945,19238.511
2024-11-15 11:55:00+00:00,19239.0,19239.0,19219.5,19220.95
2024-11-15 12:00:00+00:00,19221.928,19239.05,19221.928,19234.0
2024-11-15 12:05:00+00:00,19235.0,19255.439000000002,19233.928,19254.933500000003
2024-11-15 12:10:00+00:00,19255.989,19257.9445,19239.45,19240.066499999997
2024-11-15 12:15:00+00:00,19238.9945,19248.011,19235.978,19244.060999999998
2024-11-15 12:20:00+00:00,19243.5055,19244.0555,19225.928,19227.0
2024-11-15 12:25:00+00:00,19227.9835,19243.0555,19227.9835,19241.0555
2024-11-15 12:30:00+00:00,19240.5,19246.45,19235.0,19246.0
2024-11-15 12:35:00+00:00,19245.0055,19247.478,19233.428,19239.5055
2024-11-15 12:40:00+00:00,19238.9945,19253.0555,19238.439000000002,19251.016499999998
2024-11-15 12:45:00+00:00,19250.011,19263.9945,19246.0,19263.9945
2024-11-15 12:50:00+00:00,19263.0555,19274.0,19260.933500000003,19261.428
2024-11-15 12:55:00+00:00,19261.989,19263.928,19254.983500000002,19255.0055
2024-11-15 13:00:00+00:00,19254.5165,19256.5,19238.95,19239.0055
2024-11-15 13:05:00+00:00,19239.45,19240.511,19227.0,19228.511
2024-11-15 13:10:00+00:00,19228.066499999997,19233.9945,19204.0055,19204.0055
2024-11-15 13:15:00+00:00,19205.0055,19211.489,19196.4835,19204.989
2024-11-15 13:20:00+00:00,19204.011,19211.0,19196.989,19197.016499999998
2024-11-15 13:25:00+00:00,19195.4445,19210.5,19193.95,19207.989
2024-11-15 13:30:00+00:00,19209.060999999998,19224.9445,19201.989,19219.9945
2024-11-15 13:35:00+00:00,19219.478,19236.5,19218.928,19228.4445
2024-11-15 13:40:00+00:00,19228.9945,19236.511,19217.928,19217.928
2024-11-15 13:45:00+00:00,19219.0055,19226.0165,19206.978,19207.5165
2024-11-15 13:50:00+00:00,19207.0,19215.016499999998,19193.0,19214.939000000002
2024-11-15 13:55:00+00:00,19214.0555,19224.066499999997,19208.4945,19223.011
2024-11-15 14:00:00+00:00,19224.0055,19229.060999999998,19210.9945,19212.978
2024-11-15 14:05:00+00:00,19213.5,19214.060999999998,19206.9945,19213.0555
2024-11-15 14:10:00+00:00,19212.572,19216.5555,19208.0055,19213.9445
2024-11-15 14:15:00+00:00,19214.572,19219.0055,19208.0,19211.55
2024-11-15 14:20:00+00:00,19211.9945,19230.05,19211.9945,19223.011
2024-11-15 14:25:00+00:00,19222.022,19242.0055,19218.9945,19229.0055
2024-11-15 14:30:00+00:00,19228.022,19245.5,19221.0055,19223.066499999997
2024-11-15 14:35:00+00:00,19222.011,19238.0055,19216.9945,19223.0055
2024-11-15 14:40:00+00:00,19223.560999999998,19254.4445,19223.5055,19247.0055
2024-11-15 14:45:00+00:00,19247.5,19262.011,19234.0165,19262.011
2024-11-15 14:50:00+00:00,19261.05,19261.9945,19243.0055,19255.95
2024-11-15 14:55:00+00:00,19257.066499999997,19260.066499999997,19237.989,19244.978
2024-11-15 15:00:00+00:00,19245.439000000002,19245.95,19224.5555,19225.989
2024-11-15 15:05:00+00:00,19225.516499999998,19236.928,19214.0,19215.0055
2024-11-15 15:10:00+00:00,19214.478,19240.5055,19206.428,19236.989
2024-11-15 15:15:00+00:00,19237.45,19245.011,19231.511,19233.489
2024-11-15 15:20:00+00:00,19232.5,19237.066499999997,19223.939000000002,19233.0555
2024-11-15 15:25:00+00:00,19233.4445,19252.9445,19232.9835,19243.989
2024-11-15 15:30:00+00:00,19243.022,19244.983500000002,19220.939000000002,19221.433500000003
2024-11-15 15:35:00+00:00,19221.0055,19222.0,19198.4835,19219.05
2024-11-15 15:40:00+00:00,19220.060999999998,19225.0055,19209.572,19211.0055
2024-11-15 15:45:00+00:00,19210.489,19222.478,19203.933500000003,19212.016499999998
2024-11-15 15:50:00+00:00,19212.9835,19227.0165,19210.9445,19216.9945
2024-11-15 15:55:00+00:00,19218.0,19218.4945,19207.928,19209.5055
2024-11-15 16:00:00+00:00,19209.016499999998,19209.016499999998,19179.011,19181.011
2024-11-15 16:05:00+00:00,19181.9945,19186.4945,19170.928,19180.9945
2024-11-15 16:10:00+00:00,19180.0055,19200.0,19177.933500000003,19194.5
2024-11-15 16:15:00+00:00,19196.011,19223.0055,19193.483500000002,19221.0
2024-11-15 16:20:00+00:00,19221.4945,19221.4945,19206.433500000003,19212.989
2024-11-15 16:25:00+00:00,19214.060999999998,19219.5,19210.5055,19217.522
2024-11-15 16:30:00+00:00,19217.0,19228.5165,19213.478,19213.9945
2024-11-15 16:35:00+00:00,19214.483500000002,19214.483500000002,19187.55,19189.016499999998
2024-11-15 16:40:00+00:00,19188.4945,19194.011,19183.4445,19193.560999999998
2024-11-15 16:45:00+00:00,19193.0055,19208.0,19190.95,19196.511
2024-11-15 16:50:00+00:00,19195.9835,19197.0,19188.483500000002,19196.511
2024-11-15 16:55:00+00:00,19195.45,19196.066499999997,19174.5,19181.0
2024-11-15 17:00:00+00:00,19181.95,19183.9945,19174.4945,19176.016499999998
2024-11-15 17:05:00+00:00,19177.4945,19179.5055,19167.522,19176.0
2024-11-15 17:10:00+00:00,19175.5055,19180.9945,19169.0055,19180.9945
2024-11-15 17:15:00+00:00,19179.933500000003,19185.060999999998,19175.05,19184.511
2024-11-15 17:20:00+00:00,19183.9835,19186.5055,19175.478,19178.0055
2024-11-15 17:25:00+00:00,19178.4945,19179.439000000002,19168.011,19173.060999999998
2024-11-15 17:30:00+00:00,19172.5555,19172.5555,19165.483500000002,19170.55
2024-11-15 17:35:00+00:00,19170.05,19170.05,19161.928,19166.9945
2024-11-15 17:40:00+00:00,19166.4945,19178.428,19160.9945,19177.011
2024-11-15 17:45:00+00:00,19177.9835,19182.566499999997,19167.4945,19173.928
2024-11-15 17:50:00+00:00,19173.4445,19174.0,19161.9835,19165.9945
2024-11-15 17:55:00+00:00,19166.516499999998,19178.5055,19165.939000000002,19176.0055
2024-11-15 18:00:00+00:00,19176.489,19180.522,19172.022,19172.022
2024-11-15 18:05:00+00:00,19172.4445,19179.478,19168.9445,19177.9945
2024-11-15 18:10:00+00:00,19177.5555,19177.5555,19167.989,19173.016499999998
2024-11-15 18:15:00+00:00,19172.5055,19182.011,19168.939000000002,19178.983500000002
2024-11-15 18:20:00+00:00,19180.0165,19185.0055,19173.45,19175.5
2024-11-15 18:25:00+00:00,19175.0055,19183.011,19173.989,19179.933500000003
2024-11-15 18:30:00+00:00,19179.5,19180.0,19167.928,19167.928
2024-11-15 18:35:00+00:00,19167.4445,19178.516499999998,19165.9445,19177.983500000002
2024-11-15 18:40:00+00:00,19177.5055,19178.5165,19167.060999999998,19171.0
2024-11-15 18:45:00+00:00,19170.5,19171.5055,19158.0055,19159.989
2024-11-15 18:50:00+00:00,19159.428,19165.072,19156.522,19159.072
2024-11-15 18:55:00+00:00,19158.560999999998,19162.066499999997,19149.022,19160.933500000003
2024-11-15 19:00:00+00:00,19161.5,19169.5055,19160.933500000003,19164.489
2024-11-15 19:05:00+00:00,19164.060999999998,19175.0165,19161.989,19170.0
2024-11-15 19:10:00+00:00,19169.433500000003,19173.011,19165.0,19167.0055
2024-11-15 19:15:00+00:00,19166.572,19171.011,19164.989,19166.9835
2024-11-15 19:20:00+00:00,19167.439000000002,19172.0,19166.4445,19168.983500000002
2024-11-15 19:25:00+00:00,19169.5,19170.511,19163.5165,19164.0055
2024-11-15 19:30:00+00:00,19164.5165,19172.060999999998,19163.933500000003,19169.516499999998
2024-11-15 19:35:00+00:00,19169.0,19179.022,19168.4445,19176.4945
2024-11-15 19:40:00+00:00,19176.0055,19202.0,19175.4835,19201.5
2024-11-15 19:45:00+00:00,19201.0055,19214.560999999998,19196.9945,19210.0
2024-11-15 19:50:00+00:00,19210.55,19212.983500000002,19189.939000000002,19189.939000000002
2024-11-15 19:55:00+00:00,19190.983500000002,19199.55,19190.011,19197.95
2024-11-15 20:00:00+00:00,19197.0055,19203.5055,19194.560999999998,19202.989
2024-11-15 20:05:00+00:00,19202.483500000002,19210.9945,19195.428,19199.011
2024-11-15 20:10:00+00:00,19198.4445,19211.0165,19198.4445,19209.066499999997
2024-11-15 20:15:00+00:00,19208.433500000003,19224.022,19208.433500000003,19219.483500000002
2024-11-15 20:20:00+00:00,19220.5055,19231.011,19218.478,19221.4445
2024-11-15 20:25:00+00:00,19220.55,19221.4945,19212.5555,19212.989
2024-11-15 20:30:00+00:00,19213.5,19220.439000000002,19211.5555,19216.5055
2024-11-15 20:35:00+00:00,19216.0055,19228.022,19215.489,19225.0555
2024-11-15 20:40:00+00:00,19224.483500000002,19225.572,19214.4835,19216.016499999998
2024-11-15 20:45:00+00:00,19216.5,19228.066499999997,19215.9445,19223.989
2024-11-15 20:50:00+00:00,19225.066499999997,19245.9945,19224.433500000003,19243.45
2024-11-15 20:55:00+00:00,19242.9945,19245.5,19234.933500000003,19238.011
2024-11-15 21:00:00+00:00,19237.5055,19237.5055,19237.5055,19237.5055
2024-11-18 00:00:00+00:00,19245.15,19245.9945,19240.3,19244.4
2024-11-18 00:05:00+00:00,19243.572,19251.7055,19243.483500000002,19251.7055
2024-11-18 00:10:00+00:00,19252.528,19255.866499999996,19247.605499999998,19255.0
2024-11-18 00:15:00+00:00,19255.9445,19263.9945,19234.0055,19254.55
2024-11-18 00:20:00+00:00,19254.5055,19266.522,19252.9445,19266.0
2024-11-18 00:25:00+00:00,19265.5555,19272.05,19264.0555,19272.05
2024-11-18 00:30:00+00:00,19271.0165,19279.4945,19267.0055,19277.989
2024-11-18 00:35:00+00:00,19278.5,19280.011,19271.489,19274.011
2024-11-18 00:40:00+00:00,19274.511,19278.5,19272.428,19276.9445
2024-11-18 00:45:00+00:00,19277.560999999998,19286.9945,19277.560999999998,19281.072
2024-11-18 00:50:00+00:00,19281.489,19288.0555,19279.933500000003,19287.489
2024-11-18 00:55:00+00:00,19288.0,19288.0,19282.4945,19285.072
2024-11-18 01:00:00+00:00,19284.5,19290.428,19283.022,19283.5
2024-11-18 01:05:00+00:00,19282.0165,19282.0165,19275.0165,19275.0165
2024-11-18 01:10:00+00:00,19273.5055,19277.0,19269.5,19272.066499999997
2024-11-18 01:15:00+00:00,19272.516499999998,19282.4835,19271.933500000003,19279.0055
2024-11-18 01:20:00+00:00,19279.572,19283.9945,19278.983500000002,19280.9945
2024-11-18 01:25:00+00:00,19280.478,19284.5055,19280.478,19281.9445
2024-11-18 01:30:00+00:00,19281.4945,19281.516499999998,19268.983500000002,19268.983500000002
2024-11-18 01:35:00+00:00,19267.0165,19277.5,19266.4835,19272.566499999997
2024-11-18 01:40:00+00:00,19271.5055,19275.0,19269.478,19269.5055
2024-11-18 01:45:00+00:00,19269.05,19269.05,19258.5,19261.428
2024-11-18 01:50:00+00:00,19260.933500000003,19270.5,19260.5,19265.489
2024-11-18 01:55:00+00:00,19266.0,19270.5055,19265.0,19270.5055
2024-11-18 02:00:00+00:00,19270.0,19270.0,19257.489,19258.978
2024-11-18 02:05:00+00:00,19259.5,19265.4835,19258.9945,19265.4835
2024-11-18 02:10:00+00:00,19264.511,19276.0,19264.0,19271.9445
2024-11-18 02:15:00+00:00,19271.516499999998,19279.95,19271.516499999998,19279.5
2024-11-18 02:20:00+00:00,19279.022,19279.022,19277.016499999998,19277.45
2024-11-18 02:25:00+00:00,19278.0,19279.0555,19270.928,19270.928
2024-11-18 02:30:00+00:00,19271.433500000003,19271.5055,19267.9445,19267.9445
2024-11-18 02:35:00+00:00,19268.566499999997,19279.0,19266.0,19279.0
2024-11-18 02:40:00+00:00,19278.516499999998,19279.9945,19277.978,19278.489
2024-11-18 02:45:00+00:00,19279.05,19279.05,19273.55,19279.0
2024-11-18 02:50:00+00:00,19278.5,19282.489,19278.0055,19279.4945
2024-11-18 02:55:00+00:00,19278.0055,19280.072,19274.4445,19280.072
2024-11-18 03:00:00+00:00,19280.511,19281.0165,19276.5,19280.0055
2024-11-18 03:05:00+00:00,19280.5055,19281.522,19279.5,19279.939000000002
2024-11-18 03:10:00+00:00,19279.433500000003,19281.022,19276.4945,19276.4945
2024-11-18 03:15:00+00:00,19276.9945,19277.5,19273.572,19276.5055
2024-11-18 03:20:00+00:00,19275.9945,19278.5,19272.489,19274.5
2024-11-18 03:25:00+00:00,19275.066499999997,19277.0,19271.5,19271.5
2024-11-18 03:30:00+00:00,19272.489,19273.483500000002,19269.0,19270.4835
2024-11-18 03:35:00+00:00,19270.011,19271.516499999998,19264.4945,19266.5
2024-11-18 03:40:00+00:00,19267.011,19267.55,19261.511,19261.5555
2024-11-18 03:45:00+00:00,19262.0555,19267.95,19262.0555,19266.5
2024-11-18 03:50:00+00:00,19267.072,19269.516499999998,19264.9945,19265.5
2024-11-18 03:55:00+00:00,19266.0,19267.511,19264.928,19267.439000000002
2024-11-18 04:00:00+00:00,19269.433500000003,19272.5,19269.428,19271.5
2024-11-18 04:05:00+00:00,19271.9945,19271.9945,19265.4835,19267.4835
2024-11-18 04:10:00+00:00,19268.016499999998,19269.572,19265.4835,19267.5555
2024-11-18 04:15:00+00:00,19267.066499999997,19270.0,19264.989,19270.0
2024-11-18 04:20:00+00:00,19270.433500000003,19275.05,19270.433500000003,19275.05
2024-11-18 04:25:00+00:00,19274.560999999998,19277.9945,19273.9945,19277.0055
2024-11-18 04:30:00+00:00,19275.9835,19279.5,19273.516499999998,19279.5
2024-11-18 04:35:00+00:00,19279.933500000003,19282.978,19278.572,19282.978
2024-11-18 04:40:00+00:00,19283.45,19289.072,19280.978,19288.489
2024-11-18 04:45:00+00:00,19289.0055,19294.0055,19288.4445,19292.5
2024-11-18 04:50:00+00:00,19291.5,19295.4945,19290.066499999997,19292.516499999998
2024-11-18 04:55:00+00:00,19292.0055,19293.05,19287.983500000002,19288.011
2024-11-18 05:00:00+00:00,19288.4945,19288.522,19283.478,19285.05
2024-11-18 05:05:00+00:00,19284.428,19284.433500000003,19279.560999999998,19279.560999999998
2024-11-18 05:10:00+00:00,19279.0055,19279.0055,19270.978,19270.978
2024-11-18 05:15:00+00:00,19270.5055,19272.5555,19270.4445,19271.0055
2024-11-18 05:20:00+00:00,19271.5,19273.5555,19270.9835,19271.939000000002
2024-11-18 05:25:00+00:00,19273.55,19279.489,19273.55,19278.9945
2024-11-18 05:30:00+00:00,19277.5,19277.5,19266.428,19267.483500000002
2024-11-18 05:35:00+00:00,19267.0,19269.0055,19263.0,19267.5055
2024-11-18 05:40:00+00:00,19267.989,19269.511,19265.4835,19268.511
2024-11-18 05:45:00+00:00,19269.011,19271.05,19266.5055,19269.989
2024-11-18 05:50:00+00:00,19270.572,19270.572,19266.5,19267.560999999998
2024-11-18 05:55:00+00:00,19266.4945,19270.45,19263.5,19269.978
2024-11-18 06:00:00+00:00,19270.516499999998,19270.516499999998,19254.5,19255.478
2024-11-18 06:05:00+00:00,19254.989,19254.989,19247.483500000002,19249.489
2024-11-18 06:10:00+00:00,19249.0055,19257.560999999998,19248.428,19257.5055
2024-11-18 06:15:00+00:00,19257.95,19264.4945,19256.5555,19258.5555
2024-11-18 06:20:00+00:00,19256.45,19260.522,19254.933500000003,19259.5
2024-11-18 06:25:00+00:00,19261.0,19261.0,19253.5,19253.5
2024-11-18 06:30:00+00:00,19254.0,19260.511,19247.5,19249.478
2024-11-18 06:35:00+00:00,19249.928,19264.0055,19249.433500000003,19263.433500000003
2024-11-18 06:40:00+00:00,19263.011,19266.95,19261.5,19263.5055
2024-11-18 06:45:00+00:00,19264.5055,19264.566499999997,19261.483500000002,19263.5165
2024-11-18 06:50:00+00:00,19264.011,19274.0555,19262.978,19272.511
2024-11-18 06:55:00+00:00,19273.016499999998,19275.5,19268.4945,19268.933500000003
2024-11-18 07:00:00+00:00,19271.0,19274.0,19258.433500000003,19261.9945
2024-11-18 07:05:00+00:00,19262.572,19270.0165,19254.5055,19269.4835
2024-11-18 07:10:00+00:00,19268.9945,19278.489,19266.9445,19277.5055
2024-11-18 07:15:00+00:00,19276.983500000002,19285.5,19275.4945,19284.4945
2024-11-18 07:20:00+00:00,19285.428,19286.560999999998,19265.439000000002,19269.5
2024-11-18 07:25:00+00:00,19267.5,19267.5,19244.4945,19245.511
2024-11-18 07:30:00+00:00,19245.9945,19250.4945,19237.4835,19239.5165
2024-11-18 07:35:00+00:00,19240.022,19256.5,19239.478,19252.9945
2024-11-18 07:40:00+00:00,19253.489,19254.0055,19236.45,19236.5055
2024-11-18 07:45:00+00:00,19236.9945,19239.5055,19215.439000000002,19218.5
2024-11-18 07:50:00+00:00,19217.928,19233.4835,19215.522,19225.95
2024-11-18 07:55:00+00:00,19225.4945,19230.489,19220.428,19223.5
2024-11-18 08:00:00+00:00,19232.0055,19253.4945,19210.978,19252.572
2024-11-18 08:05:00+00:00,19251.4945,19252.4945,19223.522,19226.5165
2024-11-18 08:10:00+00:00,19224.439000000002,19239.5,19217.489,19238.928
2024-11-18 08:15:00+00:00,19238.483500000002,19248.511,19230.516499999998,19248.511
2024-11-18 08:20:00+00:00,19247.489,19282.45,19242.45,19280.4945
2024-11-18 08:25:00+00:00,19280.0055,19280.511,19263.989,19270.0055
2024-11-18 08:30:00+00:00,19269.05,19269.05,19243.522,19246.4445
2024-11-18 08:35:00+00:00,19247.0055,19255.572,19239.95,19252.95
2024-11-18 08:40:00+00:00,19252.516499999998,19252.516499999998,19225.489,19233.5
2024-11-18 08:45:00+00:00,19233.95,19245.95,19219.060999999998,19241.5555
2024-11-18 08:50:00+00:00,19240.5055,19245.066499999997,19230.478,19241.5055
2024-11-18 08:55:00+00:00,19240.489,19245.483500000002,19225.4445,19226.560999999998
2024-11-18 09:00:00+00:00,19227.0055,19227.0055,19188.5055,19188.5055
2024-11-18 09:05:00+00:00,19187.9945,19208.516499999998,19177.05,19208.516499999998
2024-11-18 09:10:00+00:00,19207.4835,19208.4945,19190.522,19195.572
2024-11-18 09:15:00+00:00,19194.4945,19196.5555,19173.9945,19179.4945
2024-11-18 09:20:00+00:00,19176.489,19181.5165,19163.0165,19176.511
2024-11-18 09:25:00+00:00,19174.9445,19185.560999999998,19172.489,19173.4945
2024-11-18 09:30:00+00:00,19173.016499999998,19176.522,19154.5555,19163.45
2024-11-18 09:35:00+00:00,19162.4945,19171.5055,19156.016499999998,19159.560999999998
2024-11-18 09:40:00+00:00,19158.489,19184.5,19155.4945,19181.5
2024-11-18 09:45:00+00:00,19182.011,19205.566499999997,19180.983500000002,19203.5555
2024-11-18 09:50:00+00:00,19205.0,19205.489,19174.0055,19175.0055
2024-11-18 09:55:00+00:00,19174.5055,19183.511,19164.489,19178.5055
2024-11-18 10:00:00+00:00,19179.0055,19189.511,19167.022,19178.9945
2024-11-18 10:05:00+00:00,19178.511,19195.489,19178.511,19190.011
2024-11-18 10:10:00+00:00,19189.4945,19201.4835,19182.933500000003,19188.5165
2024-11-18 10:15:00+00:00,19188.0055,19194.4945,19180.483500000002,19183.4945
2024-11-18 10:20:00+00:00,19182.511,19195.4945,19182.45,19194.95
2024-11-18 10:25:00+00:00,19195.439000000002,19207.939000000002,19194.478,19199.433500000003
2024-11-18 10:30:00+00:00,19199.9945,19201.5,19184.511,19185.516499999998
2024-11-18 10:35:00+00:00,19184.566499999997,19199.5055,19177.5,19197.989
2024-11-18 10:40:00+00:00,19198.928,19203.0,19194.5,19197.478
2024-11-18 10:45:00+00:00,19198.0055,19209.0,19195.933500000003,19208.011
2024-11-18 10:50:00+00:00,19208.989,19217.0555,19201.989,19204.989
2024-11-18 10:55:00+00:00,19205.489,19208.9945,19200.9445,19204.9945
2024-11-18 11:00:00+00:00,19204.5,19206.9835,19187.9945,19190.0055
2024-11-18 11:05:00+00:00,19191.072,19199.011,19188.066499999997,19190.95
2024-11-18 11:10:00+00:00,19190.489,19195.978,19180.9835,19180.9835
2024-11-18 11:15:00+00:00,19179.989,19179.989,19169.9945,19172.0055
2024-11-18 11:20:00+00:00,19173.0,19177.0055,19165.939000000002,19172.928
2024-11-18 11:25:00+00:00,19172.5,19179.0055,19167.0165,19171.9945
2024-11-18 11:30:00+00:00,19172.522,19177.516499999998,19164.572,19164.9945
2024-11-18 11:35:00+00:00,19164.516499999998,19165.4835,19127.060999999998,19132.933500000003
2024-11-18 11:40:00+00:00,19132.4945,19134.0,19121.0,19126.939000000002
2024-11-18 11:45:00+00:00,19127.939000000002,19145.011,19125.9835,19137.5055
2024-11-18 11:50:00+00:00,19137.011,19146.5055,19128.011,19142.928
2024-11-18 11:55:00+00:00,19143.511,19158.011,19140.439000000002,19156.0055
2024-11-18 12:00:00+00:00,19155.060999999998,19168.060999999998,19155.060999999998,19166.989
2024-11-18 12:05:00+00:00,19164.9945,19173.0555,19164.433500000003,19170.0055
2024-11-18 12:10:00+00:00,19171.0,19171.0,19154.95,19161.939000000002
2024-11-18 12:15:00+00:00,19162.4945,19180.939000000002,19162.4945,19174.55
2024-11-18 12:20:00+00:00,19175.0,19189.522,19170.45,19185.0055
2024-11-18 12:25:00+00:00,19182.983500000002,19186.572,19175.566499999997,19182.933500000003
2024-11-18 12:30:00+00:00,19181.9945,19184.0055,19161.0055,19163.9945
2024-11-18 12:35:00+00:00,19162.978,19176.522,19160.95,19174.022
2024-11-18 12:40:00+00:00,19172.928,19174.489,19157.489,19159.566499999997
2024-11-18 12:45:00+00:00,19160.0,19170.989,19154.978,19156.978
2024-11-18 12:50:00+00:00,19156.5055,19162.0165,19151.933500000003,19157.939000000002
2024-11-18 12:55:00+00:00,19158.4945,19159.511,19141.011,19141.011
2024-11-18 13:00:00+00:00,19140.0,19146.016499999998,19116.9445,19120.933500000003
2024-11-18 13:05:00+00:00,19121.5055,19138.4445,19113.0055,19127.9945
2024-11-18 13:10:00+00:00,19128.989,19142.011,19121.5,19126.011
2024-11-18 13:15:00+00:00,19126.5055,19131.511,19114.0,19115.011
2024-11-18 13:20:00+00:00,19115.4445,19122.0,19088.572,19093.522
2024-11-18 13:25:00+00:00,19092.0,19111.4945,19088.978,19103.0
2024-11-18 13:30:00+00:00,19101.9945,19126.060999999998,19097.0,19123.0
2024-11-18 13:35:00+00:00,19123.4945,19134.572,19119.0,19134.572
2024-11-18 13:40:00+00:00,19134.0,19143.0055,19130.5,19138.0
2024-11-18 13:45:00+00:00,19137.572,19139.060999999998,19121.989,19125.978
2024-11-18 13:50:00+00:00,19124.9945,19141.9835,19119.011,19140.939000000002
2024-11-18 13:55:00+00:00,19138.989,19144.9945,19130.983500000002,19130.983500000002
2024-11-18 14:00:00+00:00,19130.0055,19140.060999999998,19128.0055,19129.016499999998
2024-11-18 14:05:00+00:00,19128.05,19128.05,19116.9445,19120.4445
2024-11-18 14:10:00+00:00,19120.0,19120.989,19105.511,19119.9945
2024-11-18 14:15:00+00:00,19119.4945,19123.4945,19107.9945,19109.0
2024-11-18 14:20:00+00:00,19109.5,19120.572,19106.9445,19117.9945
2024-11-18 14:25:00+00:00,19117.022,19125.0055,19109.0,19125.0055
2024-11-18 14:30:00+00:00,19123.483500000002,19129.05,19105.989,19128.95
2024-11-18 14:35:00+00:00,19129.516499999998,19158.989,19127.489,19139.011
2024-11-18 14:40:00+00:00,19139.5165,19155.572,19133.0055,19146.066499999997
2024-11-18 14:45:00+00:00,19144.989,19151.4945,19125.0,19149.0
2024-11-18 14:50:00+00:00,19147.928,19147.928,19123.989,19137.9945
2024-11-18 14:55:00+00:00,19138.933500000003,19140.066499999997,19123.478,19124.060999999998
2024-11-18 15:00:00+00:00,19125.939000000002,19143.5055,19118.0055,19141.572
2024-11-18 15:05:00+00:00,19141.0,19146.0,19134.5055,19141.0055
2024-11-18 15:10:00+00:00,19140.489,19143.560999999998,19130.95,19135.939000000002
2024-11-18 15:15:00+00:00,19135.4945,19149.45,19130.9945,19132.928
2024-11-18 15:20:00+00:00,19132.0,19135.060999999998,19123.0,19135.05
2024-11-18 15:25:00+00:00,19135.511,19156.0055,19134.9945,19155.0055
2024-11-18 15:30:00+00:00,19154.5,19174.5,19153.4945,19173.022
2024-11-18 15:35:00+00:00,19174.0,19195.5,19166.9835,19191.566499999997
2024-11-18 15:40:00+00:00,19190.5,19195.516499999998,19185.433500000003,19191.928
2024-11-18 15:45:00+00:00,19192.9945,19207.45,19192.428,19205.989
2024-11-18 15:50:00+00:00,19205.489,19206.066499999997,19186.983500000002,19194.4945
2024-11-18 15:55:00+00:00,19195.566499999997,19196.011,19172.9445,19179.9945
2024-11-18 16:00:00+00:00,19180.9945,19196.011,19176.0055,19191.489
2024-11-18 16:05:00+00:00,19191.989,19192.939000000002,19180.9445,19184.0055
2024-11-18 16:10:00+00:00,19185.0165,19186.4445,19175.0055,19175.0055
2024-11-18 16:15:00+00:00,19174.4945,19179.0,19166.939000000002,19178.0055
2024-11-18 16:20:00+00:00,19178.511,19185.5055,19175.0,19185.066499999997
2024-11-18 16:25:00+00:00,19183.060999999998,19184.511,19171.5,19174.4945
2024-11-18 16:30:00+00:00,19173.566499999997,19196.0,19173.428,19189.0
2024-11-18 16:35:00+00:00,19190.0055,19202.011,19186.4835,19200.4945
2024-11-18 16:40:00+00:00,19201.0165,19201.022,19192.5,19194.978
2024-11-18 16:45:00+00:00,19195.55,19197.572,19173.95,19176.4945
2024-11-18 16:50:00+00:00,19178.011,19178.011,19162.489,19173.989
2024-11-18 16:55:00+00:00,19174.9945,19175.011,19157.9945,19166.5055
2024-11-18 17:00:00+00:00,19166.05,19181.0055,19165.066499999997,19174.439000000002
2024-11-18 17:05:00+00:00,19173.928,19176.5555,19165.5555,19166.0
2024-11-18 17:10:00+00:00,19166.4945,19178.9945,19164.489,19178.9945
2024-11-18 17:15:00+00:00,19177.9945,19178.0555,19162.016499999998,19171.9835
2024-11-18 17:20:00+00:00,19171.511,19177.05,19169.933500000003,19174.066499999997
2024-11-18 17:25:00+00:00,19173.478,19176.522,19167.433500000003,19169.5
2024-11-18 17:30:00+00:00,19168.9835,19173.55,19164.928,19173.55
2024-11-18 17:35:00+00:00,19173.011,19177.989,19168.9835,19176.9945
2024-11-18 17:40:00+00:00,19176.483500000002,19181.060999999998,19167.989,19168.433500000003
2024-11-18 17:45:00+00:00,19167.939000000002,19171.511,19161.933500000003,19167.0
2024-11-18 17:50:00+00:00,19167.511,19169.566499999997,19163.439000000002,19164.4445
2024-11-18 17:55:00+00:00,19164.011,19177.072,19164.011,19176.011
2024-11-18 18:00:00+00:00,19175.489,19177.022,19172.0,19174.9945
2024-11-18 18:05:00+00:00,19175.4945,19176.9945,19171.0,19176.4945
2024-11-18 18:10:00+00:00,19175.4835,19176.572,19171.978,19172.433500000003
2024-11-18 18:15:00+00:00,19171.5,19174.560999999998,19168.5,19174.5
2024-11-18 18:20:00+00:00,19173.9945,19173.9945,19155.022,19159.9445
2024-11-18 18:25:00+00:00,19160.439000000002,19163.0,19153.566499999997,19156.011
2024-11-18 18:30:00+00:00,19155.5165,19159.516499999998,19149.439000000002,19149.983500000002
2024-11-18 18:35:00+00:00,19150.489,19153.5055,19144.4835,19144.989
2024-11-18 18:40:00+00:00,19144.5,19145.072,19126.0,19127.0055
2024-11-18 18:45:00+00:00,19127.489,19130.5055,19119.928,19128.5
2024-11-18 18:50:00+00:00,19127.9945,19141.511,19127.939000000002,19141.0
2024-11-18 18:55:00+00:00,19140.4945,19160.5,19140.0055,19158.4945
2024-11-18 19:00:00+00:00,19158.9445,19159.560999999998,19155.0055,19158.072
2024-11-18 19:05:00+00:00,19157.5055,19158.4945,19144.989,19147.489
2024-11-18 19:10:00+00:00,19146.983500000002,19148.516499999998,19140.016499999998,19140.016499999998
2024-11-18 19:15:00+00:00,19139.433500000003,19141.5055,19131.928,19132.9945
2024-11-18 19:20:00+00:00,19133.5,19135.0055,19127.4445,19130.0165
2024-11-18 19:25:00+00:00,19130.5165,19136.511,19127.978,19131.978
2024-11-18 19:30:00+00:00,19132.5165,19134.511,19126.4945,19126.989
2024-11-18 19:35:00+00:00,19127.522,19133.5,19125.511,19132.5
2024-11-18 19:40:00+00:00,19132.0,19142.489,19130.939000000002,19137.560999999998
2024-11-18 19:45:00+00:00,19138.4945,19146.95,19138.4945,19144.4445
2024-11-18 19:50:00+00:00,19144.933500000003,19148.011,19141.511,19145.978
2024-11-18 19:55:00+00:00,19146.55,19146.55,19138.439000000002,19139.95
2024-11-18 20:00:00+00:00,19138.4945,19141.9945,19136.011,19141.011
2024-11-18 20:05:00+00:00,19140.4945,19140.4945,19137.5,19138.489
2024-11-18 20:10:00+00:00,19138.0055,19145.0555,19138.0,19139.0055
2024-11-18 20:15:00+00:00,19139.5055,19139.5055,19132.0055,19136.516499999998
2024-11-18 20:20:00+00:00,19137.05,19138.55,19134.433500000003,19137.5055
2024-11-18 20:25:00+00:00,19138.016499999998,19138.0555,19131.439000000002,19134.978
2024-11-18 20:30:00+00:00,19137.011,19137.011,19127.439000000002,19128.9945
2024-11-18 20:35:00+00:00,19128.5,19134.5055,19127.9945,19131.0055
2024-11-18 20:40:00+00:00,19131.5,19134.5,19129.5555,19133.566499999997
2024-11-18 20:45:00+00:00,19133.978,19139.45,19129.4945,19139.45
2024-11-18 20:50:00+00:00,19138.5,19138.5,19127.9835,19130.5
2024-11-18 20:55:00+00:00,19130.989,19141.4945,19130.433500000003,19140.4445
2024-11-18 21:00:00+00:00,19140.439000000002,19144.5335,19137.228,19141.622
2024-11-18 21:05:00+00:00,19140.7,19140.7,19126.089,19127.0
2024-11-18 21:10:00+00:00,19126.0335,19133.4,19125.2945,19131.810999999998
2024-11-18 23:00:00+00:00,19137.5945,19138.4,19123.9945,19128.110999999997
2024-11-18 23:05:00+00:00,19127.6,19127.6,19114.711,19117.55
2024-11-18 23:10:00+00:00,19117.0835,19118.678,19111.95,19114.922
2024-11-18 23:15:00+00:00,19115.310999999998,19120.1945,19113.689000000002,19118.5055
2024-11-18 23:20:00+00:00,19119.239,19123.4055,19119.239,19122.610999999997
2024-11-18 23:25:00+00:00,19123.411,19125.8,19121.7945,19125.0
2024-11-18 23:30:00+00:00,19125.35,19129.911,19124.189000000002,19128.3
2024-11-18 23:35:00+00:00,19127.5,19128.3,19122.5445,19125.011
2024-11-18 23:40:00+00:00,19124.128,19128.283499999998,19123.389000000003,19126.610999999997
2024-11-18 23:45:00+00:00,19125.8,19125.8,19123.394500000002,19124.9835
2024-11-18 23:50:00+00:00,19124.1945,19129.105499999998,19124.1835,19127.1555
2024-11-18 23:55:00+00:00,19127.439000000002,19128.35,19126.5945,19127.9
2024-11-19 00:00:00+00:00,19128.3,19131.283499999998,19125.8055,19126.560999999998
2024-11-19 00:05:00+00:00,19127.35,19132.172,19127.289,19130.0335
2024-11-19 00:10:00+00:00,19130.9,19137.911,19128.5165,19137.911
2024-11-19 00:15:00+00:00,19166.5055,19186.45,19165.933500000003,19184.4445
2024-11-19 00:20:00+00:00,19183.978,19185.0555,19180.572,19184.5
2024-11-19 00:25:00+00:00,19183.933500000003,19186.989,19183.5,19186.0165
2024-11-19 00:30:00+00:00,19185.428,19185.428,19177.016499999998,19177.4835
2024-11-19 00:35:00+00:00,19177.072,19178.5,19165.011,19165.011
2024-11-19 00:40:00+00:00,19165.4945,19166.5,19161.0,19161.572
2024-11-19 00:45:00+00:00,19161.989,19164.572,19155.433500000003,19162.928
2024-11-19 00:50:00+00:00,19163.560999999998,19166.439000000002,19163.5,19164.989
2024-11-19 00:55:00+00:00,19163.978,19167.5055,19161.511,19166.9945
2024-11-19 01:00:00+00:00,19166.566499999997,19166.566499999997,19150.4945,19152.516499999998
2024-11-19 01:05:00+00:00,19152.9835,19152.9835,19146.5,19149.511
2024-11-19 01:10:00+00:00,19150.011,19155.511,19149.4445,19154.060999999998
2024-11-19 01:15:00+00:00,19154.522,19163.0055,19153.0055,19162.516499999998
2024-11-19 01:20:00+00:00,19162.989,19163.4445,19153.4945,19159.989
2024-11-19 01:25:00+00:00,19160.5555,19163.572,19158.45,19161.9945
2024-11-19 01:30:00+00:00,19161.5165,19165.5,19155.978,19161.978
2024-11-19 01:35:00+00:00,19161.5055,19163.4945,19159.983500000002,19161.516499999998
2024-11-19 01:40:00+00:00,19161.9945,19172.572,19161.5055,19172.489
2024-11-19 01:45:00+00:00,19172.0555,19177.989,19167.439000000002,19177.4945
2024-11-19 01:50:00+00:00,19177.05,19185.9945,19176.928,19185.9945
2024-11-19 01:55:00+00:00,19185.5,19186.0165,19178.95,19179.933500000003
2024-11-19 02:00:00+00:00,19180.566499999997,19180.572,19176.428,19178.0
2024-11-19 02:05:00+00:00,19178.511,19178.989,19168.489,19169.016499999998
2024-11-19 02:10:00+00:00,19169.511,19172.560999999998,19167.4835,19171.489
2024-11-19 02:15:00+00:00,19172.016499999998,19176.511,19169.9945,19176.511
2024-11-19 02:20:00+00:00,19175.978,19181.9945,19175.483500000002,19180.0
2024-11-19 02:25:00+00:00,19180.433500000003,19182.489,19177.983500000002,19179.489
2024-11-19 02:30:00+00:00,19180.016499999998,19186.560999999998,19177.9445,19183.5
2024-11-19 02:35:00+00:00,19184.0055,19186.560999999998,19181.4445,19186.011
2024-11-19 02:40:00+00:00,19186.4945,19188.5555,19183.483500000002,19184.4945
2024-11-19 02:45:00+00:00,19183.9835,19191.0,19183.933500000003,19187.0055
2024-11-19 02:50:00+00:00,19186.55,19191.9835,19186.55,19188.9945
2024-11-19 02:55:00+00:00,19188.5055,19191.0165,19188.5055,19190.060999999998
2024-11-19 03:00:00+00:00,19190.4945,19199.0,19189.489,19196.95
2024-11-19 03:05:00+00:00,19196.4945,19200.060999999998,19195.0165,19199.511
2024-11-19 03:10:00+00:00,19199.978,19202.522,19199.978,19202.4945
2024-11-19 03:15:00+00:00,19201.560999999998,19225.4945,19201.5,19223.489
2024-11-19 03:20:00+00:00,19221.511,19222.066499999997,19215.5,19217.011
2024-11-19 03:25:00+00:00,19217.522,19225.0165,19212.9945,19222.5
2024-11-19 03:30:00+00:00,19221.5,19235.072,19221.5,19234.0
2024-11-19 03:35:00+00:00,19233.5055,19233.5055,19228.4445,19229.9945
2024-11-19 03:40:00+00:00,19230.5,19235.011,19228.939000000002,19235.011
2024-11-19 03:45:00+00:00,19234.516499999998,19236.5,19231.9945,19236.5
2024-11-19 03:50:00+00:00,19236.939000000002,19249.55,19236.939000000002,19238.95
2024-11-19 03:55:00+00:00,19239.566499999997,19241.928,19234.5055,19238.011
2024-11-19 04:00:00+00:00,19238.928,19239.939000000002,19236.5165,19236.9945
2024-11-19 04:05:00+00:00,19236.066499999997,19240.072,19234.0055,19234.0055
2024-11-19 04:10:00+00:00,19233.55,19245.439000000002,19231.5,19245.439000000002
2024-11-19 04:15:00+00:00,19245.0555,19245.566499999997,19238.9835,19245.489
2024-11-19 04:20:00+00:00,19244.95,19250.483500000002,19235.933500000003,19241.572
2024-11-19 04:25:00+00:00,19240.933500000003,19243.4445,19238.489,19241.516499999998
2024-11-19 04:30:00+00:00,19243.0555,19244.572,19238.4445,19239.066499999997
2024-11-19 04:35:00+00:00,19239.5055,19241.072,19236.4945,19241.011
2024-11-19 04:40:00+00:00,19239.989,19241.5,19236.9945,19237.4835
2024-11-19 04:45:00+00:00,19237.016499999998,19237.489,19230.066499999997,19233.5055
2024-11-19 04:50:00+00:00,19233.9835,19234.022,19220.9945,19221.4445
2024-11-19 04:55:00+00:00,19222.5055,19224.4945,19221.4835,19224.0
2024-11-19 05:00:00+00:00,19223.522,19224.511,19218.483500000002,19221.9945
2024-11-19 05:05:00+00:00,19222.4445,19223.011,19213.0,19213.0
2024-11-19 05:10:00+00:00,19215.5,19218.483500000002,19212.5,19217.511
2024-11-19 05:15:00+00:00,19217.9945,19221.516499999998,19212.428,19213.4945
2024-11-19 05:20:00+00:00,19213.983500000002,19214.5055,19212.511,19214.5055
2024-11-19 05:25:00+00:00,19216.05,19219.572,19214.0055,19214.0055
2024-11-19 05:30:00+00:00,19214.511,19214.560999999998,19213.0055,19213.072
2024-11-19 05:35:00+00:00,19213.483500000002,19214.0,19211.4445,19212.0
2024-11-19 05:40:00+00:00,19212.989,19214.0055,19208.433500000003,19211.55
2024-11-19 05:45:00+00:00,19210.0055,19210.566499999997,19205.5055,19205.5055
2024-11-19 05:50:00+00:00,19204.9945,19208.5,19202.5555,19206.511
2024-11-19 05:55:00+00:00,19207.511,19216.022,19207.0055,19216.022
2024-11-19 06:00:00+00:00,19216.5055,19216.5055,19210.4445,19210.939000000002
2024-11-19 06:05:00+00:00,19210.4945,19214.016499999998,19208.0055,19211.489
2024-11-19 06:10:00+00:00,19211.016499999998,19211.016499999998,19205.5055,19206.5
2024-11-19 06:15:00+00:00,19206.016499999998,19215.989,19204.5165,19215.989
2024-11-19 06:20:00+00:00,19215.4835,19221.439000000002,19214.9445,19218.433500000003
2024-11-19 06:25:00+00:00,19218.0165,19218.511,19214.439000000002,19216.428
2024-11-19 06:30:00+00:00,19216.95,19218.5055,19203.4835,19205.5555
2024-11-19 06:35:00+00:00,19206.0,19208.5055,19201.489,19202.0
2024-11-19 06:40:00+00:00,19202.428,19205.5165,19198.0055,19203.0055
2024-11-19 06:45:00+00:00,19202.5055,19205.5555,19200.511,19205.5555
2024-11-19 06:50:00+00:00,19207.560999999998,19207.560999999998,19193.0055,19193.566499999997
2024-11-19 06:55:00+00:00,19195.5055,19196.55,19192.433500000003,19193.566499999997
2024-11-19 07:00:00+00:00,19194.0055,19195.0,19165.5,19166.489
2024-11-19 07:05:00+00:00,19163.489,19171.0055,19159.011,19167.4945
2024-11-19 07:10:00+00:00,19166.5055,19166.5055,19153.983500000002,19159.5055
2024-11-19 07:15:00+00:00,19159.0,19172.989,19159.0,19172.989
2024-11-19 07:20:00+00:00,19172.489,19188.4945,19168.45,19186.428
2024-11-19 07:25:00+00:00,19188.439000000002,19188.439000000002,19175.511,19187.4835
2024-11-19 07:30:00+00:00,19188.011,19197.4945,19182.989,19183.4445
2024-11-19 07:35:00+00:00,19182.483500000002,19189.0055,19179.0165,19185.5165
2024-11-19 07:40:00+00:00,19185.0055,19187.516499999998,19177.428,19183.4945
2024-11-19 07:45:00+00:00,19183.0,19183.0,19168.933500000003,19170.9945
2024-11-19 07:50:00+00:00,19171.5,19185.511,19171.5,19185.4835
2024-11-19 07:55:00+00:00,19185.022,19186.5,19158.4945,19160.0
2024-11-19 08:00:00+00:00,19160.5555,19206.522,19157.4445,19196.439000000002
2024-11-19 08:05:00+00:00,19195.428,19211.522,19172.489,19172.5055
2024-11-19 08:10:00+00:00,19171.5555,19185.45,19148.4445,19153.433500000003
2024-11-19 08:15:00+00:00,19155.5165,19175.989,19155.5,19164.4945
2024-11-19 08:20:00+00:00,19163.9945,19182.4445,19145.522,19154.5
2024-11-19 08:25:00+00:00,19153.511,19159.95,19129.439000000002,19138.4945
2024-11-19 08:30:00+00:00,19139.511,19141.95,19114.45,19132.489
2024-11-19 08:35:00+00:00,19131.9945,19131.9945,19090.4445,19090.4445
2024-11-19 08:40:00+00:00,19090.0055,19092.566499999997,19060.933500000003,19065.5555
2024-11-19 08:45:00+00:00,19064.4945,19122.0,19064.4945,19116.560999999998
2024-11-19 08:50:00+00:00,19117.4945,19119.55,19091.5,19099.0
2024-11-19 08:55:00+00:00,19098.4945,19110.572,19086.5,19095.5
2024-11-19 09:00:00+00:00,19096.45,19111.511,19092.011,19101.516499999998
2024-11-19 09:05:00+00:00,19102.516499999998,19108.4835,19087.439000000002,19093.5055
2024-11-19 09:10:00+00:00,19095.4945,19101.5,19077.4945,19080.489
2024-11-19 09:15:00+00:00,19079.433500000003,19087.5055,19009.978,19010.428
2024-11-19 09:20:00+00:00,19013.5055,19034.4945,19003.4945,19005.939000000002
2024-11-19 09:25:00+00:00,19006.489,19008.5055,18951.489,18961.011
2024-11-19 09:30:00+00:00,18961.489,18967.5,18931.489,18956.9945
2024-11-19 09:35:00+00:00,18958.011,18986.072,18952.439000000002,18963.060999999998
2024-11-19 09:40:00+00:00,18961.5,18964.5555,18930.489,18933.989
2024-11-19 09:45:00+00:00,18932.933500000003,18946.983500000002,18924.983500000002,18935.0055
2024-11-19 09:50:00+00:00,18936.0055,18965.45,18924.983500000002,18955.4835
2024-11-19 09:55:00+00:00,18956.5055,18960.072,18939.5,18952.5
2024-11-19 10:00:00+00:00,18950.4835,18976.5055,18941.5,18953.5
2024-11-19 10:05:00+00:00,18954.011,18960.5,18936.5,18936.983500000002
2024-11-19 10:10:00+00:00,18936.016499999998,18940.9945,18922.9945,18936.9445
2024-11-19 10:15:00+00:00,18935.5055,18977.022,18935.072,18973.0
2024-11-19 10:20:00+00:00,18971.5,18993.5,18961.989,18983.0
2024-11-19 10:25:00+00:00,18982.5,18982.5,18949.9945,18951.0
2024-11-19 10:30:00+00:00,18949.0,18955.0165,18942.0055,18950.0
2024-11-19 10:35:00+00:00,18952.0,18967.5165,18945.0055,18959.0
2024-11-19 10:40:00+00:00,18957.989,18965.9945,18949.060999999998,18958.4445
2024-11-19 10:45:00+00:00,18956.9835,18980.0,18953.989,18974.978
2024-11-19 10:50:00+00:00,18973.95,18976.066499999997,18962.522,18968.5
2024-11-19 10:55:00+00:00,18968.989,18974.011,18958.066499999997,18967.983500000002
2024-11-19 11:00:00+00:00,18966.9835,18987.478,18966.9835,18976.0055
2024-11-19 11:05:00+00:00,18975.0055,18989.5,18968.989,18987.0
2024-11-19 11:10:00+00:00,18986.0555,18986.4945,18968.0,18979.016499999998
2024-11-19 11:15:00+00:00,18977.939000000002,18983.489,18959.939000000002,18960.0
2024-11-19 11:20:00+00:00,18960.439000000002,18964.011,18955.928,18959.572
2024-11-19 11:25:00+00:00,18960.066499999997,18964.489,18947.428,18950.011
2024-11-19 11:30:00+00:00,18949.4945,18961.572,18940.0055,18952.5165
2024-11-19 11:35:00+00:00,18951.4945,18957.4945,18948.428,18954.428
2024-11-19 11:40:00+00:00,18953.5165,18979.0,18949.478,18978.511
2024-11-19 11:45:00+00:00,18979.433500000003,18979.433500000003,18955.55,18955.55
2024-11-19 11:50:00+00:00,18955.0,18961.511,18952.4445,18956.4945
2024-11-19 11:55:00+00:00,18957.511,18974.489,18943.4445,18974.489
2024-11-19 12:00:00+00:00,18974.978,18989.9945,18971.4945,18984.5055
2024-11-19 12:05:00+00:00,18983.489,19004.011,18980.0055,19004.0
2024-11-19 12:10:00+00:00,19003.511,19017.566499999997,18997.060999999998,19006.511
2024-11-19 12:15:00+00:00,19008.55,19008.55,18983.4945,18984.45
2024-11-19 12:20:00+00:00,18985.489,18987.511,18972.4835,18987.4945
2024-11-19 12:25:00+00:00,18990.4945,18995.560999999998,18985.5055,18993.572
2024-11-19 12:30:00+00:00,18994.516499999998,19001.5,18970.5,18970.5
2024-11-19 12:35:00+00:00,18969.9945,18975.5555,18962.4945,18964.011
2024-11-19 12:40:00+00:00,18963.5555,18988.55,18962.489,18988.511
2024-11-19 12:45:00+00:00,18987.978,18991.572,18976.0055,18989.483500000002
2024-11-19 12:50:00+00:00,18991.560999999998,19005.433500000003,18984.439000000002,19002.4945
2024-11-19 12:55:00+00:00,19002.9945,19013.9835,18999.9835,19009.4945
2024-11-19 13:00:00+00:00,19010.016499999998,19011.9945,18992.433500000003,18993.522
2024-11-19 13:05:00+00:00,18994.489,18995.55,18979.928,18979.928
2024-11-19 13:10:00+00:00,18980.5,18983.55,18961.55,18964.511
2024-11-19 13:15:00+00:00,18965.511,18966.572,18952.0,18959.560999999998
2024-11-19 13:20:00+00:00,18958.5055,18961.511,18943.0,18952.516499999998
2024-11-19 13:25:00+00:00,18953.5555,18962.5555,18951.45,18961.939000000002
2024-11-19 13:30:00+00:00,18960.989,18961.5055,18945.511,18953.0055
2024-11-19 13:35:00+00:00,18954.433500000003,18975.560999999998,18948.4945,18971.55
2024-11-19 13:40:00+00:00,18970.5,18971.5,18934.0,18943.5555
2024-11-19 13:45:00+00:00,18942.55,18953.572,18897.5,18901.4835
2024-11-19 13:50:00+00:00,18900.0,18904.5,18855.05,18856.4945
2024-11-19 13:55:00+00:00,18857.572,18881.511,18839.5555,18842.483500000002
2024-11-19 14:00:00+00:00,18841.5055,18846.560999999998,18809.978,18820.4945
2024-11-19 14:05:00+00:00,18819.95,18892.478,18812.5055,18873.5
2024-11-19 14:10:00+00:00,18872.489,18883.5,18853.0055,18876.45
2024-11-19 14:15:00+00:00,18875.478,18885.511,18858.433500000003,18862.511
2024-11-19 14:20:00+00:00,18862.05,18878.566499999997,18849.55,18856.489
2024-11-19 14:25:00+00:00,18855.511,18884.572,18854.489,18880.5
2024-11-19 14:30:00+00:00,18881.489,18910.928,18872.0055,18900.433500000003
2024-11-19 14:35:00+00:00,18899.5555,18923.5055,18890.0055,18917.5055
2024-11-19 14:40:00+00:00,18918.5,18931.5055,18904.428,18923.522
2024-11-19 14:45:00+00:00,18924.4945,18935.511,18888.55,18896.566499999997
2024-11-19 14:50:00+00:00,18895.983500000002,18917.489,18874.511,18902.433500000003
2024-11-19 14:55:00+00:00,18903.011,18913.511,18898.489,18903.011
2024-11-19 15:00:00+00:00,18909.428,18927.5,18894.4945,18918.95
2024-11-19 15:05:00+00:00,18919.4945,18949.55,18919.4945,18946.4945
2024-11-19 15:10:00+00:00,18947.5,18954.5,18934.989,18941.511
2024-11-19 15:15:00+00:00,18942.4945,18948.560999999998,18924.4945,18941.4945
2024-11-19 15:20:00+00:00,18941.0,18941.516499999998,18919.5,18939.5555
2024-11-19 15:25:00+00:00,18938.55,18953.060999999998,18932.989,18951.0
2024-11-19 15:30:00+00:00,18948.939000000002,18973.5055,18943.5,18970.928
2024-11-19 15:35:00+00:00,18971.522,18994.5,18967.0055,18989.478
2024-11-19 15:40:00+00:00,18989.0055,18994.433500000003,18976.5,18986.5055
2024-11-19 15:45:00+00:00,18986.05,19004.572,18976.511,18998.560999999998
2024-11-19 15:50:00+00:00,18997.55,19013.060999999998,18997.55,19002.0055
2024-11-19 15:55:00+00:00,19000.4945,19015.5165,19000.4945,19007.4945
2024-11-19 16:00:00+00:00,19008.572,19015.011,18986.478,19005.5555
2024-11-19 16:05:00+00:00,19004.489,19015.0055,19001.478,19010.978
2024-11-19 16:10:00+00:00,19010.5,19024.066499999997,19010.0,19019.5165
2024-11-19 16:15:00+00:00,19019.011,19050.522,19018.428,19048.5
2024-11-19 16:20:00+00:00,19047.489,19052.9445,19040.5,19051.5555
2024-11-19 16:25:00+00:00,19051.939000000002,19062.072,19050.511,19061.4835
2024-11-19 16:30:00+00:00,19060.9835,19068.478,19057.939000000002,19063.9945
2024-11-19 16:35:00+00:00,19063.5055,19069.9835,19056.016499999998,19063.4945
2024-11-19 16:40:00+00:00,19062.5165,19070.5555,19054.0,19057.939000000002
2024-11-19 16:45:00+00:00,19056.522,19058.066499999997,19048.428,19051.5555
2024-11-19 16:50:00+00:00,19051.9445,19054.9945,19040.0,19043.5
2024-11-19 16:55:00+00:00,19042.989,19056.45,19040.933500000003,19051.9945
2024-11-19 17:00:00+00:00,19052.511,19054.511,19037.5055,19037.9945
2024-11-19 17:05:00+00:00,19039.011,19044.0,19032.939000000002,19043.016499999998
2024-11-19 17:10:00+00:00,19043.55,19043.55,19034.5,19039.478
2024-11-19 17:15:00+00:00,19040.0055,19048.566499999997,19039.428,19045.5555
2024-11-19 17:20:00+00:00,19044.4445,19049.5555,19028.0,19037.511
2024-11-19 17:25:00+00:00,19037.928,19051.560999999998,19037.928,19050.933500000003
2024-11-19 17:30:00+00:00,19050.511,19063.511,19042.95,19063.011
2024-11-19 17:35:00+00:00,19061.5,19061.989,19055.4945,19057.560999999998
2024-11-19 17:40:00+00:00,19057.9945,19060.4945,19047.5,19048.439000000002
2024-11-19 17:45:00+00:00,19049.0055,19051.55,19042.4445,19044.0165
2024-11-19 17:50:00+00:00,19044.5,19045.511,19039.939000000002,19043.5165
2024-11-19 17:55:00+00:00,19044.428,19048.060999999998,19041.433500000003,19047.560999999998
2024-11-19 18:00:00+00:00,19047.928,19048.5165,19041.05,19046.4945
2024-11-19 18:05:00+00:00,19046.011,19061.4945,19046.011,19059.989
2024-11-19 18:10:00+00:00,19060.5555,19066.5055,19057.989,19066.5055
2024-11-19 18:15:00+00:00,19066.0,19069.060999999998,19063.9945,19067.066499999997
2024-11-19 18:20:00+00:00,19066.5165,19067.011,19062.022,19063.433500000003
2024-11-19 18:25:00+00:00,19063.05,19071.522,19063.05,19070.5
2024-11-19 18:30:00+00:00,19070.0555,19072.5055,19066.9445,19071.489
2024-11-19 18:35:00+00:00,19071.011,19079.011,19069.489,19078.928
2024-11-19 18:40:00+00:00,19078.011,19079.95,19074.989,19079.95
2024-11-19 18:45:00+00:00,19079.511,19091.989,19079.478,19091.0
2024-11-19 18:50:00+00:00,19090.5055,19104.0165,19089.989,19098.4945
2024-11-19 18:55:00+00:00,19098.0055,19106.95,19096.939000000002,19104.0555
2024-11-19 19:00:00+00:00,19104.5555,19107.516499999998,19098.0,19099.5555
2024-11-19 19:05:00+00:00,19100.022,19102.511,19095.511,19099.5
2024-11-19 19:10:00+00:00,19100.011,19101.0,19089.978,19090.928
2024-11-19 19:15:00+00:00,19090.560999999998,19092.0,19071.5,19075.9945
2024-11-19 19:20:00+00:00,19075.5055,19080.4945,19072.4445,19073.9945
2024-11-19 19:25:00+00:00,19074.566499999997,19074.566499999997,19066.45,19069.5055
2024-11-19 19:30:00+00:00,19070.5055,19073.428,19055.989,19058.5055
2024-11-19 19:35:00+00:00,19059.066499999997,19059.066499999997,19043.428,19046.5055
2024-11-19 19:40:00+00:00,19046.978,19048.011,19039.939000000002,19044.0
2024-11-19 19:45:00+00:00,19044.928,19044.933500000003,19034.933500000003,19036.072
2024-11-19 19:50:00+00:00,19035.428,19050.439000000002,19035.428,19048.05
2024-11-19 19:55:00+00:00,19047.5,19055.011,19046.5165,19046.5165
2024-11-19 20:00:00+00:00,19047.0055,19049.9945,19044.05,19046.0
2024-11-19 20:05:00+00:00,19045.5055,19053.5555,19044.45,19053.428
2024-11-19 20:10:00+00:00,19052.9945,19056.572,19052.0055,19054.489
2024-11-19 20:15:00+00:00,19054.989,19063.5055,19052.9945,19063.5055
2024-11-19 20:20:00+00:00,19063.016499999998,19064.0,19056.933500000003,19057.478
2024-11-19 20:25:00+00:00,19058.489,19064.978,19058.489,19063.5
2024-11-19 20:30:00+00:00,19062.989,19071.0,19059.978,19070.5
2024-11-19 20:35:00+00:00,19070.011,19074.4945,19069.428,19070.5555
2024-11-19 20:40:00+00:00,19071.0055,19075.55,19069.478,19072.066499999997
2024-11-19 20:45:00+00:00,19070.989,19072.5055,19061.939000000002,19064.439000000002
2024-11-19 20:50:00+00:00,19063.9945,19067.5,19056.0055,19058.066499999997
2024-11-19 20:55:00+00:00,19058.983500000002,19061.5,19053.0,19059.5
2024-11-19 21:00:00+00:00,19059.0055,19075.911,19056.578,19065.261
2024-11-19 21:05:00+00:00,19066.011,19074.911,19065.211,19069.95
2024-11-19 21:10:00+00:00,19069.110999999997,19073.0945,19065.0,19069.110999999997
2024-11-19 23:00:00+00:00,19054.3,19061.161,19053.9055,19060.278
2024-11-19 23:05:00+00:00,19061.116499999996,19072.8055,19061.116499999996,19072.4
2024-11-19 23:10:00+00:00,19071.5945,19071.6665,19068.3445,19070.0
2024-11-19 23:15:00+00:00,19068.35,19075.65,19068.35,19075.65
2024-11-19 23:20:00+00:00,19076.3335,19076.3335,19070.8,19075.2055
2024-11-19 23:25:00+00:00,19074.8055,19077.128,19071.5335,19071.5945
2024-11-19 23:30:00+00:00,19070.75,19075.622,19067.428,19075.5445
2024-11-19 23:35:00+00:00,19076.4055,19077.272,19071.1945,19073.6
2024-11-19 23:40:00+00:00,19074.4,19078.4,19074.4,19075.928
2024-11-19 23:45:00+00:00,19075.139000000003,19075.989,19072.789,19075.272
2024-11-19 23:50:00+00:00,19074.394500000002,19077.661,19073.6,19075.2055
2024-11-19 23:55:00+00:00,19075.6,19076.8055,19074.4,19076.383500000004
2024-11-20 00:00:00+00:00,19077.6,19079.05,19074.394500000002,19079.022
2024-11-20 00:05:00+00:00,19078.1945,19080.589,19076.578,19079.855499999998
2024-11-20 00:10:00+00:00,19080.610999999997,19087.911,19080.610999999997,19083.9
2024-11-20 00:15:00+00:00,19096.439000000002,19098.978,19087.9945,19089.933500000003
2024-11-20 00:20:00+00:00,19090.0,19110.55,19090.0,19101.5055
2024-11-20 00:25:00+00:00,19102.0,19102.522,19097.05,19097.05
2024-11-20 00:30:00+00:00,19099.060999999998,19105.45,19096.433500000003,19103.933500000003
2024-11-20 00:35:00+00:00,19102.933500000003,19110.5165,19097.478,19110.5165
2024-11-20 00:40:00+00:00,19110.989,19117.5165,19110.428,19117.5165
2024-11-20 00:45:00+00:00,19118.4445,19118.511,19111.928,19118.0555
2024-11-20 00:50:00+00:00,19117.5055,19117.5055,19102.45,19103.072
2024-11-20 00:55:00+00:00,19103.4945,19106.0,19091.9945,19095.5165
2024-11-20 01:00:00+00:00,19095.0055,19102.5165,19090.9945,19101.011
2024-11-20 01:05:00+00:00,19100.5555,19103.566499999997,19092.439000000002,19093.933500000003
2024-11-20 01:10:00+00:00,19091.5555,19092.5,19068.511,19073.011
2024-11-20 01:15:00+00:00,19075.016499999998,19090.989,19075.016499999998,19085.5055
2024-11-20 01:20:00+00:00,19086.0055,19088.0,19084.439000000002,19085.522
2024-11-20 01:25:00+00:00,19087.428,19090.0055,19086.0,19086.45
2024-11-20 01:30:00+00:00,19085.516499999998,19098.0165,19084.989,19091.933500000003
2024-11-20 01:35:00+00:00,19092.566499999997,19101.516499999998,19090.9945,19098.9945
2024-11-20 01:40:00+00:00,19098.5165,19098.5165,19090.989,19091.5055
2024-11-20 01:45:00+00:00,19091.016499999998,19094.489,19080.55,19084.5555
2024-11-20 01:50:00+00:00,19082.560999999998,19097.0,19082.0055,19088.5
2024-11-20 01:55:00+00:00,19089.072,19089.072,19077.489,19085.5
2024-11-20 02:00:00+00:00,19085.928,19089.5,19084.489,19084.489
2024-11-20 02:05:00+00:00,19085.489,19093.5055,19083.939000000002,19092.5
2024-11-20 02:10:00+00:00,19091.989,19101.983500000002,19091.989,19099.511
2024-11-20 02:15:00+00:00,19099.989,19099.989,19094.428,19098.9835
2024-11-20 02:20:00+00:00,19099.5,19100.9945,19097.4835,19100.0055
2024-11-20 02:25:00+00:00,19100.511,19104.95,19099.011,19100.433500000003
2024-11-20 02:30:00+00:00,19101.0,19102.483500000002,19096.4945,19097.011
2024-11-20 02:35:00+00:00,19097.4945,19101.483500000002,19097.0,19100.9445
2024-11-20 02:40:00+00:00,19101.483500000002,19111.433500000003,19098.989,19111.433500000003
2024-11-20 02:45:00+00:00,19112.011,19117.5,19111.522,19117.011
2024-11-20 02:50:00+00:00,19117.5055,19117.9945,19114.522,19117.011
2024-11-20 02:55:00+00:00,19117.439000000002,19117.439000000002,19112.9945,19113.511
2024-11-20 03:00:00+00:00,19114.0555,19117.0,19109.478,19112.4945
2024-11-20 03:05:00+00:00,19112.95,19114.5,19109.983500000002,19111.5055
2024-11-20 03:10:00+00:00,19112.4945,19112.5,19102.072,19102.072
2024-11-20 03:15:00+00:00,19102.566499999997,19103.989,19098.011,19102.011
2024-11-20 03:20:00+00:00,19102.4945,19108.016499999998,19100.511,19102.5
2024-11-20 03:25:00+00:00,19102.9945,19106.0555,19100.0555,19100.0555
2024-11-20 03:30:00+00:00,19099.428,19100.4835,19096.433500000003,19099.522
2024-11-20 03:35:00+00:00,19099.0055,19100.9835,19095.989,19096.933500000003
2024-11-20 03:40:00+00:00,19097.5,19101.066499999997,19094.0055,19097.4945
2024-11-20 03:45:00+00:00,19097.0055,19097.989,19084.011,19087.9945
2024-11-20 03:50:00+00:00,19088.4445,19089.0,19080.933500000003,19084.4835
2024-11-20 03:55:00+00:00,19084.0,19089.0055,19082.928,19089.0055
2024-11-20 04:00:00+00:00,19090.478,19099.0055,19088.928,19099.0055
2024-11-20 04:05:00+00:00,19102.5165,19104.9945,19097.5,19099.4945
2024-11-20 04:10:00+00:00,19101.5055,19108.060999999998,19100.566499999997,19105.5
2024-11-20 04:15:00+00:00,19105.0,19109.4945,19101.439000000002,19109.489
2024-11-20 04:20:00+00:00,19108.516499999998,19109.928,19105.9945,19108.0055
2024-11-20 04:25:00+00:00,19108.978,19115.5,19108.978,19114.560999999998
2024-11-20 04:30:00+00:00,19114.022,19116.060999999998,19110.433500000003,19112.011
2024-11-20 04:35:00+00:00,19113.511,19113.572,19109.989,19112.05
2024-11-20 04:40:00+00:00,19111.433500000003,19113.0055,19108.489,19109.0165
2024-11-20 04:45:00+00:00,19109.45,19113.0165,19105.95,19106.939000000002
2024-11-20 04:50:00+00:00,19107.5055,19109.522,19105.428,19109.0165
2024-11-20 04:55:00+00:00,19107.4945,19113.572,19107.0055,19113.0055
2024-11-20 05:00:00+00:00,19113.511,19118.489,19105.978,19107.011
2024-11-20 05:05:00+00:00,19106.5055,19110.022,19106.439000000002,19109.4445
2024-11-20 05:10:00+00:00,19110.0,19111.5555,19108.060999999998,19108.933500000003
2024-11-20 05:15:00+00:00,19109.489,19119.0,19107.933500000003,19118.0055
2024-11-20 05:20:00+00:00,19117.5,19118.0,19114.928,19116.011
2024-11-20 05:25:00+00:00,19117.05,19118.4945,19114.428,19115.55
2024-11-20 05:30:00+00:00,19114.95,19114.95,19107.9945,19107.9945
2024-11-20 05:35:00+00:00,19106.989,19108.066499999997,19104.439000000002,19106.5
2024-11-20 05:40:00+00:00,19106.9945,19109.011,19104.0,19104.0
2024-11-20 05:45:00+00:00,19103.483500000002,19103.983500000002,19099.0055,19099.989
2024-11-20 05:50:00+00:00,19100.55,19107.5165,19100.0055,19103.5
2024-11-20 05:55:00+00:00,19104.0,19109.989,19103.489,19108.9945
2024-11-20 06:00:00+00:00,19109.5,19118.522,19104.0055,19117.572
2024-11-20 06:05:00+00:00,19118.072,19118.5165,19112.939000000002,19116.4945
2024-11-20 06:10:00+00:00,19116.978,19122.560999999998,19116.0555,19122.0055
2024-11-20 06:15:00+00:00,19123.439000000002,19131.566499999997,19123.439000000002,19125.072
2024-11-20 06:20:00+00:00,19125.5,19131.072,19123.489,19129.0165
2024-11-20 06:25:00+00:00,19130.0555,19148.978,19128.022,19148.5055
2024-11-20 06:30:00+00:00,19148.072,19154.066499999997,19139.4945,19144.9945
2024-11-20 06:35:00+00:00,19145.5055,19158.0055,19143.483500000002,19158.0055
2024-11-20 06:40:00+00:00,19158.5055,19170.989,19157.933500000003,19165.072
2024-11-20 06:45:00+00:00,19164.5,19165.022,19153.011,19153.011
2024-11-20 06:50:00+00:00,19153.983500000002,19163.428,19152.9945,19156.4945
2024-11-20 06:55:00+00:00,19158.072,19158.072,19150.489,19154.4945
2024-11-20 07:00:00+00:00,19151.4945,19162.5555,19142.0165,19143.9445
2024-11-20 07:05:00+00:00,19143.45,19144.4945,19126.978,19137.011
2024-11-20 07:10:00+00:00,19134.928,19137.022,19120.55,19134.95
2024-11-20 07:15:00+00:00,19135.489,19149.5,19134.0,19146.989
2024-11-20 07:20:00+00:00,19149.0055,19151.989,19139.928,19148.016499999998
2024-11-20 07:25:00+00:00,19147.489,19150.0,19127.060999999998,19133.928
2024-11-20 07:30:00+00:00,19134.55,19153.4945,19131.428,19152.072
2024-11-20 07:35:00+00:00,19152.489,19167.0055,19148.0165,19166.5055
2024-11-20 07:40:00+00:00,19166.0,19177.4945,19162.060999999998,19175.989
2024-11-20 07:45:00+00:00,19176.5,19176.5,19157.5,19173.0
2024-11-20 07:50:00+00:00,19172.0,19188.511,19165.4445,19181.511
2024-11-20 07:55:00+00:00,19181.939000000002,19188.9945,19167.989,19172.560999999998
2024-11-20 08:00:00+00:00,19168.4945,19182.0555,19151.5055,19170.05
2024-11-20 08:05:00+00:00,19169.483500000002,19189.5,19161.55,19181.0
2024-11-20 08:10:00+00:00,19181.478,19187.022,19158.0,19164.983500000002
2024-11-20 08:15:00+00:00,19164.5,19204.060999999998,19161.939000000002,19196.0
2024-11-20 08:20:00+00:00,19194.489,19198.011,19177.489,19177.9835
2024-11-20 08:25:00+00:00,19178.9945,19185.0055,19164.0555,19171.489
2024-11-20 08:30:00+00:00,19169.9945,19173.5555,19141.0,19149.939000000002
2024-11-20 08:35:00+00:00,19148.978,19167.022,19148.9445,19149.0
2024-11-20 08:40:00+00:00,19150.0165,19167.016499999998,19148.928,19152.0055
2024-11-20 08:45:00+00:00,19153.0055,19168.9945,19153.0055,19165.989
2024-11-20 08:50:00+00:00,19166.572,19166.95,19145.928,19149.0
2024-11-20 08:55:00+00:00,19148.511,19156.0,19144.489,19144.9445
2024-11-20 09:00:00+00:00,19143.978,19145.0,19122.95,19123.939000000002
2024-11-20 09:05:00+00:00,19124.5555,19134.066499999997,19113.989,19133.989
2024-11-20 09:10:00+00:00,19133.0055,19169.016499999998,19133.0055,19164.5165
2024-11-20 09:15:00+00:00,19164.9945,19168.016499999998,19155.4835,19167.9835
2024-11-20 09:20:00+00:00,19166.0165,19180.9945,19160.928,19177.9945
2024-11-20 09:25:00+00:00,19178.939000000002,19186.066499999997,19176.989,19176.989
2024-11-20 09:30:00+00:00,19177.572,19182.0055,19156.5,19160.05
2024-11-20 09:35:00+00:00,19161.05,19172.066499999997,19158.45,19168.066499999997
2024-11-20 09:40:00+00:00,19167.5,19168.011,19149.989,19149.989
2024-11-20 09:45:00+00:00,19149.072,19150.0165,19143.0,19144.989
2024-11-20 09:50:00+00:00,19144.5,19145.0555,19130.489,19139.9945
2024-11-20 09:55:00+00:00,19140.5,19147.072,19130.45,19142.511
2024-11-20 10:00:00+00:00,19143.0055,19146.066499999997,19133.939000000002,19137.060999999998
2024-11-20 10:05:00+00:00,19136.5,19149.9945,19136.428,19143.060999999998
2024-11-20 10:10:00+00:00,19143.5165,19159.0,19143.011,19158.511
2024-11-20 10:15:00+00:00,19158.05,19170.0055,19158.05,19160.4945
2024-11-20 10:20:00+00:00,19159.5,19159.5,19141.9445,19156.439000000002
2024-11-20 10:25:00+00:00,19157.0,19166.572,19141.428,19142.011
2024-11-20 10:30:00+00:00,19140.978,19145.05,19129.011,19139.011
2024-11-20 10:35:00+00:00,19139.489,19147.0165,19133.428,19145.5
2024-11-20 10:40:00+00:00,19144.95,19144.95,19132.0,19137.95
2024-11-20 10:45:00+00:00,19138.5,19139.011,19124.4945,19126.011
2024-11-20 10:50:00+00:00,19125.0,19130.0165,19118.022,19124.0
2024-11-20 10:55:00+00:00,19123.439000000002,19124.0055,19106.5055,19114.0055
2024-11-20 11:00:00+00:00,19113.516499999998,19122.55,19104.511,19122.0055
2024-11-20 11:05:00+00:00,19121.0,19125.5,19115.933500000003,19125.0055
2024-11-20 11:10:00+00:00,19124.5,19125.428,19100.478,19109.5555
2024-11-20 11:15:00+00:00,19109.0,19119.022,19100.0055,19118.016499999998
2024-11-20 11:20:00+00:00,19117.511,19122.439000000002,19114.011,19121.016499999998
2024-11-20 11:25:00+00:00,19119.9945,19120.95,19107.011,19113.9945
2024-11-20 11:30:00+00:00,19114.928,19116.55,19107.5,19115.0
2024-11-20 11:35:00+00:00,19114.55,19127.0055,19104.989,19104.989
2024-11-20 11:40:00+00:00,19104.5,19114.5055,19099.022,19112.933500000003
2024-11-20 11:45:00+00:00,19112.566499999997,19117.0555,19110.4445,19116.95
2024-11-20 11:50:00+00:00,19118.022,19127.016499999998,19113.939000000002,19124.5055
2024-11-20 11:55:00+00:00,19124.989,19131.072,19108.983500000002,19121.0555
2024-11-20 12:00:00+00:00,19122.0,19130.0,19109.5165,19110.939000000002
2024-11-20 12:05:00+00:00,19111.566499999997,19112.0,19092.4835,19095.939000000002
2024-11-20 12:10:00+00:00,19095.5,19108.5055,19089.072,19107.55
2024-11-20 12:15:00+00:00,19107.066499999997,19117.016499999998,19103.939000000002,19108.011
2024-11-20 12:20:00+00:00,19107.016499999998,19109.5055,19101.483500000002,19106.0
2024-11-20 12:25:00+00:00,19104.572,19110.489,19100.511,19108.5555
2024-11-20 12:30:00+00:00,19107.978,19122.022,19104.95,19110.0555
2024-11-20 12:35:00+00:00,19110.928,19111.9945,19100.011,19102.066499999997
2024-11-20 12:40:00+00:00,19101.522,19128.9945,19101.522,19128.072
2024-11-20 12:45:00+00:00,19128.9445,19135.489,19123.0055,19131.978
2024-11-20 12:50:00+00:00,19131.5055,19146.5,19130.5055,19144.0055
2024-11-20 12:55:00+00:00,19144.983500000002,19159.9835,19144.983500000002,19153.022
2024-11-20 13:00:00+00:00,19153.928,19168.4945,19153.0,19155.572
2024-11-20 13:05:00+00:00,19155.0055,19157.016499999998,19132.0,19134.0
2024-11-20 13:10:00+00:00,19132.928,19138.0,19128.989,19138.0
2024-11-20 13:15:00+00:00,19138.5555,19146.939000000002,19134.95,19145.0055
2024-11-20 13:20:00+00:00,19146.0,19151.983500000002,19141.5055,19143.0055
2024-11-20 13:25:00+00:00,19144.0,19150.022,19143.478,19146.0
2024-11-20 13:30:00+00:00,19145.0,19151.0055,19140.489,19143.0
2024-11-20 13:35:00+00:00,19144.516499999998,19149.511,19134.0,19134.0
2024-11-20 13:40:00+00:00,19133.560999999998,19137.060999999998,19126.9945,19129.522
2024-11-20 13:45:00+00:00,19129.978,19132.566499999997,19120.5055,19122.989
2024-11-20 13:50:00+00:00,19122.511,19129.0165,19121.572,19124.0
2024-11-20 13:55:00+00:00,19124.511,19125.0055,19111.4945,19114.016499999998
2024-11-20 14:00:00+00:00,19113.4835,19115.9945,19097.989,19102.928
2024-11-20 14:05:00+00:00,19105.489,19123.9945,19101.4445,19117.0055
2024-11-20 14:10:00+00:00,19116.516499999998,19116.516499999998,19102.428,19105.0165
2024-11-20 14:15:00+00:00,19104.4945,19114.9945,19104.4945,19111.0
2024-11-20 14:20:00+00:00,19112.0055,19115.0055,19054.0,19071.933500000003
2024-11-20 14:25:00+00:00,19071.560999999998,19086.016499999998,19065.45,19083.983500000002
2024-11-20 14:30:00+00:00,19085.9945,19087.5055,19057.0055,19057.016499999998
2024-11-20 14:35:00+00:00,19056.0,19057.011,19010.989,19017.0
2024-11-20 14:40:00+00:00,19016.511,19028.072,19005.016499999998,19020.928
2024-11-20 14:45:00+00:00,19020.489,19061.9945,19014.939000000002,19049.022
2024-11-20 14:50:00+00:00,19049.9445,19056.9945,19033.0,19033.0165
2024-11-20 14:55:00+00:00,19034.011,19044.45,19014.0,19016.0555
2024-11-20 15:00:00+00:00,19014.9945,19037.5555,19014.9945,19022.989
2024-11-20 15:05:00+00:00,19023.572,19023.572,18988.566499999997,19000.0165
2024-11-20 15:10:00+00:00,18999.066499999997,19003.072,18979.989,18986.0165
2024-11-20 15:15:00+00:00,18985.0,18991.9945,18971.45,18987.066499999997
2024-11-20 15:20:00+00:00,18986.022,18994.5,18959.016499999998,18987.9835
2024-11-20 15:25:00+00:00,18985.9945,18999.9945,18982.4945,18991.011
2024-11-20 15:30:00+00:00,18992.060999999998,19018.4835,18985.928,19016.0
2024-11-20 15:35:00+00:00,19015.05,19033.0,19007.478,19032.5055
2024-11-20 15:40:00+00:00,19032.989,19038.0,19012.978,19023.0055
2024-11-20 15:45:00+00:00,19022.5,19050.0165,19020.989,19048.5055
2024-11-20 15:50:00+00:00,19049.0,19056.0055,19042.978,19056.0055
2024-11-20 15:55:00+00:00,19056.489,19071.989,19055.9945,19065.022
2024-11-20 16:00:00+00:00,19064.55,19064.55,19030.933500000003,19032.928
2024-11-20 16:05:00+00:00,19034.05,19035.9835,19011.978,19023.478
2024-11-20 16:10:00+00:00,19024.5,19024.5,18993.4445,19010.4945
2024-11-20 16:15:00+00:00,19011.511,19023.522,19005.4835,19022.45
2024-11-20 16:20:00+00:00,19021.5055,19027.0,19014.5,19016.5
2024-11-20 16:25:00+00:00,19017.4945,19020.5,18998.55,18999.489
2024-11-20 16:30:00+00:00,19000.9945,19003.072,18985.489,19001.4945
2024-11-20 16:35:00+00:00,19001.022,19028.55,18996.4835,19023.5055
2024-11-20 16:40:00+00:00,19023.0165,19041.5555,19020.4835,19041.0055
2024-11-20 16:45:00+00:00,19040.5,19052.016499999998,19036.9445,19050.516499999998
2024-11-20 16:50:00+00:00,19049.978,19061.522,19048.9835,19059.433500000003
2024-11-20 16:55:00+00:00,19060.0055,19069.0,19052.522,19054.0055
2024-11-20 17:00:00+00:00,19053.5055,19058.572,19043.478,19047.511
2024-11-20 17:05:00+00:00,19048.5055,19051.0,19035.928,19039.478
2024-11-20 17:10:00+00:00,19039.9945,19042.516499999998,19024.011,19025.55
2024-11-20 17:15:00+00:00,19026.4945,19033.5,19019.011,19019.522
2024-11-20 17:20:00+00:00,19019.0055,19021.989,19010.511,19021.5
2024-11-20 17:25:00+00:00,19021.0,19041.060999999998,19019.989,19040.489
2024-11-20 17:30:00+00:00,19039.439000000002,19049.0,19036.516499999998,19047.511
2024-11-20 17:35:00+00:00,19047.989,19052.5055,19045.428,19048.5
2024-11-20 17:40:00+00:00,19049.5165,19054.5055,19043.489,19045.5
2024-11-20 17:45:00+00:00,19046.511,19056.5,19045.0,19055.4835
2024-11-20 17:50:00+00:00,19056.0055,19059.0,19034.572,19034.572
2024-11-20 17:55:00+00:00,19034.928,19037.989,19028.939000000002,19030.439000000002
2024-11-20 18:00:00+00:00,19029.5,19042.5,19029.5,19038.5
2024-11-20 18:05:00+00:00,19037.511,19039.5,19031.5,19034.4945
2024-11-20 18:10:00+00:00,19035.0,19041.4945,19032.989,19034.4945
2024-11-20 18:15:00+00:00,19034.011,19040.4445,19024.489,19024.511
2024-11-20 18:20:00+00:00,19025.566499999997,19042.5,19018.983500000002,19038.0055
2024-11-20 18:25:00+00:00,19038.433500000003,19044.5555,19036.928,19042.45
2024-11-20 18:30:00+00:00,19041.478,19041.5,19026.9445,19027.5555
2024-11-20 18:35:00+00:00,19027.016499999998,19033.433500000003,19022.939000000002,19023.5
2024-11-20 18:40:00+00:00,19023.0165,19026.9945,19016.428,19018.5055
2024-11-20 18:45:00+00:00,19017.483500000002,19018.566499999997,19010.5555,19018.511
2024-11-20 18:50:00+00:00,19018.9945,19022.0165,19016.439000000002,19019.511
2024-11-20 18:55:00+00:00,19019.0,19025.560999999998,19018.489,19022.483500000002
2024-11-20 19:00:00+00:00,19021.489,19025.522,19018.0,19022.0
2024-11-20 19:05:00+00:00,19021.5555,19023.522,19013.489,19013.5055
2024-11-20 19:10:00+00:00,19012.511,19018.566499999997,19012.511,19015.5
2024-11-20 19:15:00+00:00,19014.483500000002,19019.572,19014.439000000002,19018.516499999998
2024-11-20 19:20:00+00:00,19018.022,19022.560999999998,19015.489,19016.489
2024-11-20 19:25:00+00:00,19017.0,19022.5,19016.5055,19020.489
2024-11-20 19:30:00+00:00,19020.022,19029.5055,19019.45,19028.428
2024-11-20 19:35:00+00:00,19028.066499999997,19037.060999999998,19026.5,19033.45
2024-11-20 19:40:00+00:00,19033.9945,19044.016499999998,19033.439000000002,19041.5
2024-11-20 19:45:00+00:00,19042.4945,19047.5055,19041.4945,19045.489
2024-11-20 19:50:00+00:00,19046.0055,19046.566499999997,19039.022,19039.4445
2024-11-20 19:55:00+00:00,19039.066499999997,19040.989,19031.5,19035.516499999998
2024-11-20 20:00:00+00:00,19035.060999999998,19035.4945,19028.928,19034.0055
2024-11-20 20:05:00+00:00,19033.5,19036.072,19029.428,19034.511
2024-11-20 20:10:00+00:00,19034.0,19039.066499999997,19033.489,19034.572
2024-11-20 20:15:00+00:00,19033.989,19043.0,19033.439000000002,19041.560999999998
2024-11-20 20:20:00+00:00,19042.483500000002,19048.572,19042.483500000002,19047.989
2024-11-20 20:25:00+00:00,19047.478,19052.011,19047.45,19050.572
2024-11-20 20:30:00+00:00,19051.483500000002,19079.5555,19051.483500000002,19079.489
2024-11-20 20:35:00+00:00,19080.066499999997,19082.05,19068.433500000003,19077.5055
2024-11-20 20:40:00+00:00,19078.0,19083.560999999998,19064.489,19069.0055
2024-11-20 20:45:00+00:00,19068.511,19085.483500000002,19066.428,19085.439000000002
2024-11-20 20:50:00+00:00,19086.4945,19092.5,19080.939000000002,19086.011
2024-11-20 20:55:00+00:00,19084.5055,19092.5,19083.9945,19091.428
2024-11-20 21:00:00+00:00,19091.5055,19106.011,19087.489,19093.5055
2024-11-20 21:05:00+00:00,19094.310999999998,19101.6665,19091.1,19091.828
2024-11-20 21:10:00+00:00,19091.516499999998,19096.783499999998,19090.489,19096.0445
2024-11-20 23:00:00+00:00,19090.7055,19095.589,19078.539,19093.689000000002
2024-11-20 23:05:00+00:00,19094.110999999997,19095.022,19089.2945,19089.711
2024-11-20 23:10:00+00:00,19090.572,19090.572,19076.810999999998,19078.05
2024-11-20 23:15:00+00:00,19078.411,19078.8,19065.110999999997,19070.0
2024-11-20 23:20:00+00:00,19070.3335,19085.3,19069.9945,19085.3
2024-11-20 23:25:00+00:00,19084.95,19094.511,19081.0555,19087.522
2024-11-20 23:30:00+00:00,19088.233500000002,19109.3055,19087.878,19095.528
2024-11-20 23:35:00+00:00,19096.389000000003,19101.25,19094.0055,19101.2
2024-11-20 23:40:00+00:00,19100.822,19106.5055,19097.983500000002,19100.75
2024-11-20 23:45:00+00:00,19100.4,19103.5945,19098.739,19099.539
2024-11-20 23:50:00+00:00,19100.383500000004,19101.1945,19097.272,19100.461
2024-11-20 23:55:00+00:00,19100.060999999998,19101.6555,19097.9945,19099.816499999997
2024-11-21 00:00:00+00:00,19101.0055,19105.0055,19080.489,19080.489
2024-11-21 00:05:00+00:00,19079.7165,19082.05,19073.211,19078.8335
2024-11-21 00:10:00+00:00,19078.394500000002,19082.039,19076.4165,19076.778
2024-11-21 00:15:00+00:00,19080.0055,19080.9445,19073.478,19076.016499999998
2024-11-21 00:20:00+00:00,19075.989,19079.5555,19068.5,19070.066499999997
2024-11-21 00:25:00+00:00,19070.5,19070.5555,19064.433500000003,19066.0165
2024-11-21 00:30:00+00:00,19066.5,19066.5555,19057.4835,19057.9945
2024-11-21 00:35:00+00:00,19058.4445,19058.4445,19048.5055,19052.0165
2024-11-21 00:40:00+00:00,19052.4945,19063.4945,19051.928,19057.989
2024-11-21 00:45:00+00:00,19058.5055,19058.566499999997,19048.9945,19048.9945
2024-11-21 00:50:00+00:00,19050.066499999997,19050.066499999997,19045.0055,19045.939000000002
2024-11-21 00:55:00+00:00,19046.489,19046.989,19035.0055,19035.4945
2024-11-21 01:00:00+00:00,19035.928,19047.4945,19034.989,19043.011
2024-11-21 01:05:00+00:00,19042.516499999998,19054.5,19041.511,19053.016499999998
2024-11-21 01:10:00+00:00,19052.489,19054.5,19041.511,19041.511
2024-11-21 01:15:00+00:00,19041.011,19046.560999999998,19038.4835,19046.016499999998
2024-11-21 01:20:00+00:00,19046.522,19050.060999999998,19042.978,19049.928
2024-11-21 01:25:00+00:00,19049.511,19050.4945,19040.5,19042.4835
2024-11-21 01:30:00+00:00,19043.439000000002,19052.5055,19042.9835,19047.5055
2024-11-21 01:35:00+00:00,19048.0055,19052.560999999998,19038.983500000002,19041.05
2024-11-21 01:40:00+00:00,19042.0,19047.0,19039.4945,19045.5055
2024-11-21 01:45:00+00:00,19046.0,19055.511,19045.428,19047.489
2024-11-21 01:50:00+00:00,19047.0165,19047.0165,19033.566499999997,19033.9945
2024-11-21 01:55:00+00:00,19033.489,19033.489,19025.478,19029.978
2024-11-21 02:00:00+00:00,19029.4945,19046.9945,19029.4945,19042.9945
2024-11-21 02:05:00+00:00,19043.511,19052.5555,19042.016499999998,19051.0055
2024-11-21 02:10:00+00:00,19050.522,19053.011,19043.483500000002,19045.0165
2024-11-21 02:15:00+00:00,19044.4945,19050.933500000003,19044.4945,19047.9945
2024-11-21 02:20:00+00:00,19048.55,19054.572,19048.55,19052.072
2024-11-21 02:25:00+00:00,19051.5055,19055.0555,19047.489,19051.066499999997
2024-11-21 02:30:00+00:00,19051.489,19055.066499999997,19045.011,19045.9945
2024-11-21 02:35:00+00:00,19045.522,19048.0055,19042.560999999998,19044.5
2024-11-21 02:40:00+00:00,19044.9945,19044.9945,19035.55,19035.55
2024-11-21 02:45:00+00:00,19034.9945,19042.95,19034.9945,19041.511
2024-11-21 02:50:00+00:00,19041.0165,19041.511,19037.478,19038.0
2024-11-21 02:55:00+00:00,19037.55,19040.5,19036.060999999998,19038.9945
2024-11-21 03:00:00+00:00,19039.5,19042.983500000002,19038.9945,19040.983500000002
2024-11-21 03:05:00+00:00,19040.522,19045.066499999997,19039.522,19044.433500000003
2024-11-21 03:10:00+00:00,19043.989,19046.0165,19038.433500000003,19041.4445
2024-11-21 03:15:00+00:00,19042.0,19048.0,19042.0,19046.0055
2024-11-21 03:20:00+00:00,19045.5,19058.0,19045.0,19057.5
2024-11-21 03:25:00+00:00,19058.0,19059.5555,19056.939000000002,19059.5165
2024-11-21 03:30:00+00:00,19058.983500000002,19060.05,19057.939000000002,19057.9945
2024-11-21 03:35:00+00:00,19059.0055,19061.9835,19058.483500000002,19059.489
2024-11-21 03:40:00+00:00,19059.0,19059.0,19052.066499999997,19052.478
2024-11-21 03:45:00+00:00,19053.011,19054.5055,19050.9835,19053.011
2024-11-21 03:50:00+00:00,19052.4945,19052.511,19046.4445,19047.566499999997
2024-11-21 03:55:00+00:00,19046.989,19048.0,19038.928,19042.0165
2024-11-21 04:00:00+00:00,19041.5055,19041.5055,19031.0055,19039.522
2024-11-21 04:05:00+00:00,19038.983500000002,19049.511,19038.511,19047.478
2024-11-21 04:10:00+00:00,19047.05,19057.989,19045.489,19057.989
2024-11-21 04:15:00+00:00,19058.5,19058.5,19053.489,19053.989
2024-11-21 04:20:00+00:00,19054.511,19056.560999999998,19052.4835,19053.011
2024-11-21 04:25:00+00:00,19054.0,19054.022,19046.05,19046.05
2024-11-21 04:30:00+00:00,19046.489,19052.0055,19044.5,19048.933500000003
2024-11-21 04:35:00+00:00,19049.5,19054.560999999998,19047.011,19047.5055
2024-11-21 04:40:00+00:00,19046.478,19053.5055,19046.478,19053.5055
2024-11-21 04:45:00+00:00,19052.978,19052.989,19049.0,19052.989
2024-11-21 04:50:00+00:00,19052.5,19054.016499999998,19048.983500000002,19053.0165
2024-11-21 04:55:00+00:00,19053.560999999998,19054.060999999998,19051.9445,19053.022
2024-11-21 05:00:00+00:00,19052.439000000002,19053.011,19046.95,19052.939000000002
2024-11-21 05:05:00+00:00,19053.4945,19057.560999999998,19053.4945,19056.9945
2024-11-21 05:10:00+00:00,19056.483500000002,19057.0165,19052.478,19056.9945
2024-11-21 05:15:00+00:00,19056.5165,19067.511,19056.433500000003,19067.0055
2024-11-21 05:20:00+00:00,19067.572,19073.0,19067.572,19071.939000000002
2024-11-21 05:25:00+00:00,19072.5055,19073.0,19066.511,19067.433500000003
2024-11-21 05:30:00+00:00,19067.060999999998,19071.022,19065.5055,19069.511
2024-11-21 05:35:00+00:00,19070.0555,19070.0555,19058.483500000002,19059.989
2024-11-21 05:40:00+00:00,19058.989,19064.0555,19056.5,19062.483500000002
2024-11-21 05:45:00+00:00,19063.55,19070.011,19063.55,19066.9445
2024-11-21 05:50:00+00:00,19067.566499999997,19071.5,19066.0055,19069.933500000003
2024-11-21 05:55:00+00:00,19070.560999999998,19078.4945,19070.0165,19077.428
2024-11-21 06:00:00+00:00,19078.022,19078.9945,19071.0055,19077.5
2024-11-21 06:05:00+00:00,19074.489,19079.0,19068.016499999998,19078.489
2024-11-21 06:10:00+00:00,19078.933500000003,19079.522,19070.0165,19076.011
2024-11-21 06:15:00+00:00,19076.95,19080.022,19069.5165,19077.933500000003
2024-11-21 06:20:00+00:00,19077.5,19077.989,19072.433500000003,19073.9945
2024-11-21 06:25:00+00:00,19075.011,19085.9945,19074.478,19085.0165
2024-11-21 06:30:00+00:00,19084.4945,19090.55,19082.983500000002,19090.45
2024-11-21 06:35:00+00:00,19090.0,19090.0,19081.933500000003,19088.05
2024-11-21 06:40:00+00:00,19089.0555,19092.0,19088.4945,19090.511
2024-11-21 06:45:00+00:00,19089.9945,19090.0055,19087.95,19088.55
2024-11-21 06:50:00+00:00,19088.011,19090.5555,19084.9445,19087.072
2024-11-21 06:55:00+00:00,19087.5,19096.4945,19084.9945,19093.989
2024-11-21 07:00:00+00:00,19095.05,19115.9945,19095.05,19114.989
2024-11-21 07:05:00+00:00,19115.4945,19117.066499999997,19106.933500000003,19109.95
2024-11-21 07:10:00+00:00,19109.5055,19112.066499999997,19100.939000000002,19103.022
2024-11-21 07:15:00+00:00,19103.933500000003,19110.011,19100.0,19109.989
2024-11-21 07:20:00+00:00,19110.433500000003,19112.939000000002,19102.9945,19112.939000000002
2024-11-21 07:25:00+00:00,19113.5,19123.0,19032.016499999998,19041.45
2024-11-21 07:30:00+00:00,19040.489,19064.0055,19025.022,19026.566499999997
2024-11-21 07:35:00+00:00,19027.0,19048.4445,18999.478,19035.016499999998
2024-11-21 07:40:00+00:00,19036.011,19049.511,19022.5055,19048.5
2024-11-21 07:45:00+00:00,19047.5,19070.9835,19043.9445,19065.433500000003
2024-11-21 07:50:00+00:00,19065.0,19081.516499999998,19064.9945,19074.0165
2024-11-21 07:55:00+00:00,19073.516499999998,19074.0,19030.9945,19033.989
2024-11-21 08:00:00+00:00,19043.0555,19066.566499999997,19023.978,19045.522
2024-11-21 08:05:00+00:00,19043.9945,19049.0055,19009.5555,19010.9835
2024-11-21 08:10:00+00:00,19011.983500000002,19039.489,19006.0165,19034.072
2024-11-21 08:15:00+00:00,19032.489,19036.0055,18992.0055,19006.5555
2024-11-21 08:20:00+00:00,19007.478,19041.9945,18987.489,18990.522
2024-11-21 08:25:00+00:00,18992.5555,19007.489,18979.983500000002,18982.9945
2024-11-21 08:30:00+00:00,18982.516499999998,18986.989,18949.978,18953.5
2024-11-21 08:35:00+00:00,18955.572,18963.060999999998,18930.5055,18951.5055
2024-11-21 08:40:00+00:00,18952.0,18968.4945,18942.939000000002,18958.55
2024-11-21 08:45:00+00:00,18958.060999999998,18996.55,18954.5,18993.060999999998
2024-11-21 08:50:00+00:00,18991.939000000002,19020.011,18990.5055,19014.5055
2024-11-21 08:55:00+00:00,19013.983500000002,19027.95,19001.9835,19008.060999999998
2024-11-21 09:00:00+00:00,19007.566499999997,19009.5,18971.0,18980.011
2024-11-21 09:05:00+00:00,18981.0,18996.928,18955.0,18957.0055
2024-11-21 09:10:00+00:00,18957.983500000002,18983.489,18950.022,18978.522
2024-11-21 09:15:00+00:00,18978.9945,18998.0,18962.0,18963.0055
2024-11-21 09:20:00+00:00,18962.0,18964.0,18924.0055,18926.5555
2024-11-21 09:25:00+00:00,18925.9945,18950.4835,18899.0,18900.9835
2024-11-21 09:30:00+00:00,18899.939000000002,18930.072,18898.989,18917.0
2024-11-21 09:35:00+00:00,18918.989,18923.511,18903.4945,18907.0055
2024-11-21 09:40:00+00:00,18907.478,18949.0,18904.011,18942.439000000002
2024-11-21 09:45:00+00:00,18941.9945,18992.0055,18941.489,18969.0
2024-11-21 09:50:00+00:00,18968.5,18972.0,18947.0055,18960.939000000002
2024-11-21 09:55:00+00:00,18960.511,18992.011,18956.483500000002,18985.9945
2024-11-21 10:00:00+00:00,18982.939000000002,18998.4445,18976.9945,18988.978
2024-11-21 10:05:00+00:00,18987.978,19010.5055,18987.5,19000.9835
2024-11-21 10:10:00+00:00,19002.0,19002.9945,18970.983500000002,18973.011
2024-11-21 10:15:00+00:00,18973.566499999997,18975.5555,18959.933500000003,18965.9945
2024-11-21 10:20:00+00:00,18965.0,18970.0555,18952.5,18959.983500000002
2024-11-21 10:25:00+00:00,18958.983500000002,18962.0555,18943.478,18950.0055
2024-11-21 10:30:00+00:00,18949.060999999998,18972.0,18945.511,18964.516499999998
2024-11-21 10:35:00+00:00,18962.572,18985.0055,18962.572,18979.928
2024-11-21 10:40:00+00:00,18979.0,19000.0,18979.0,18994.5055
2024-11-21 10:45:00+00:00,18993.989,18998.0,18967.939000000002,18969.489
2024-11-21 10:50:00+00:00,18970.0055,18986.95,18966.489,18968.0
2024-11-21 10:55:00+00:00,18968.516499999998,18996.516499999998,18958.0055,18996.0055
2024-11-21 11:00:00+00:00,18994.9945,19020.072,18993.5,19000.0
2024-11-21 11:05:00+00:00,18999.522,19030.5055,18996.4945,19027.989
2024-11-21 11:10:00+00:00,19027.5055,19046.060999999998,19023.4445,19046.0165
2024-11-21 11:15:00+00:00,19045.572,19061.522,19043.0055,19060.05
2024-11-21 11:20:00+00:00,19059.4945,19069.511,19051.9945,19061.0165
2024-11-21 11:25:00+00:00,19060.428,19064.022,19051.9835,19061.0
2024-11-21 11:30:00+00:00,19060.016499999998,19063.9835,19047.5,19061.011
2024-11-21 11:35:00+00:00,19060.428,19064.978,19048.0,19053.522
2024-11-21 11:40:00+00:00,19054.489,19059.0555,19039.978,19058.066499999997
2024-11-21 11:45:00+00:00,19059.0055,19059.0055,19036.939000000002,19042.011
2024-11-21 11:50:00+00:00,19043.0,19048.066499999997,19033.4945,19041.978
2024-11-21 11:55:00+00:00,19040.0555,19051.5055,19034.9945,19047.989
2024-11-21 12:00:00+00:00,19039.933500000003,19068.0165,19039.5,19067.0055
2024-11-21 12:05:00+00:00,19067.516499999998,19089.066499999997,19066.511,19087.0
2024-11-21 12:10:00+00:00,19087.95,19087.95,19068.5,19072.511
2024-11-21 12:15:00+00:00,19072.072,19087.489,19072.0055,19080.0165
2024-11-21 12:20:00+00:00,19081.0055,19089.0,19078.9945,19085.978
2024-11-21 12:25:00+00:00,19087.011,19092.022,19075.0,19078.0165
2024-11-21 12:30:00+00:00,19079.011,19088.0055,19068.572,19074.0
2024-11-21 12:35:00+00:00,19073.0165,19080.011,19058.95,19074.011
2024-11-21 12:40:00+00:00,19074.55,19086.0,19072.5555,19083.928
2024-11-21 12:45:00+00:00,19083.0,19091.060999999998,19061.5,19065.022
2024-11-21 12:50:00+00:00,19065.9945,19067.522,19045.0,19045.0
2024-11-21 12:55:00+00:00,19045.489,19049.939000000002,19038.989,19045.0055
2024-11-21 13:00:00+00:00,19045.572,19067.05,19045.572,19056.9945
2024-11-21 13:05:00+00:00,19059.011,19063.989,19047.0165,19050.0
2024-11-21 13:10:00+00:00,19050.433500000003,19077.933500000003,19050.433500000003,19069.0
2024-11-21 13:15:00+00:00,19069.9445,19094.9835,19066.5,19094.9835
2024-11-21 13:20:00+00:00,19095.439000000002,19096.0,19076.560999999998,19084.939000000002
2024-11-21 13:25:00+00:00,19086.0,19087.95,19068.428,19074.939000000002
2024-11-21 13:30:00+00:00,19076.433500000003,19085.011,19067.0,19073.95
2024-11-21 13:35:00+00:00,19073.572,19092.022,19072.5055,19091.011
2024-11-21 13:40:00+00:00,19090.483500000002,19095.483500000002,19080.5,19085.9445
2024-11-21 13:45:00+00:00,19084.989,19085.072,19057.5,19064.511
2024-11-21 13:50:00+00:00,19064.95,19067.566499999997,19044.0055,19049.5
2024-11-21 13:55:00+00:00,19049.95,19054.0,19043.939000000002,19048.978
2024-11-21 14:00:00+00:00,19047.4945,19055.511,19033.0055,19039.0
2024-11-21 14:05:00+00:00,19039.9945,19063.4945,19033.0,19057.989
2024-11-21 14:10:00+00:00,19057.05,19080.072,19057.05,19075.983500000002
2024-11-21 14:15:00+00:00,19076.5,19077.9945,19056.928,19058.011
2024-11-21 14:20:00+00:00,19059.0165,19074.0055,19056.4835,19070.939000000002
2024-11-21 14:25:00+00:00,19068.9945,19080.022,19066.0555,19068.0165
2024-11-21 14:30:00+00:00,19068.566499999997,19072.989,19039.4835,19044.0
2024-11-21 14:35:00+00:00,19042.928,19043.9945,19001.9945,19019.4945
2024-11-21 14:40:00+00:00,19019.983500000002,19075.989,19019.0,19074.4445
2024-11-21 14:45:00+00:00,19073.989,19091.011,19062.939000000002,19087.022
2024-11-21 14:50:00+00:00,19086.5,19096.0055,19050.0,19060.5555
2024-11-21 14:55:00+00:00,19060.0055,19070.5165,19053.978,19062.511
2024-11-21 15:00:00+00:00,19064.522,19065.989,19037.478,19046.022
2024-11-21 15:05:00+00:00,19047.0,19060.439000000002,19036.489,19048.0055
2024-11-21 15:10:00+00:00,19047.5,19109.0055,19042.939000000002,19109.0055
2024-11-21 15:15:00+00:00,19107.5,19115.478,19097.439000000002,19101.989
2024-11-21 15:20:00+00:00,19103.0055,19108.9945,19067.0,19081.439000000002
2024-11-21 15:25:00+00:00,19082.060999999998,19093.489,19057.9945,19061.0
2024-11-21 15:30:00+00:00,19060.478,19086.522,19055.9945,19076.0055
2024-11-21 15:35:00+00:00,19075.0055,19099.5165,19073.0055,19088.022
2024-11-21 15:40:00+00:00,19089.05,19119.5165,19087.572,19103.989
2024-11-21 15:45:00+00:00,19104.933500000003,19133.0055,19098.9835,19127.9945
2024-11-21 15:50:00+00:00,19126.9835,19139.9945,19118.9945,19139.9835
2024-11-21 15:55:00+00:00,19141.0,19147.4945,19131.95,19142.0
2024-11-21 16:00:00+00:00,19143.060999999998,19154.939000000002,19141.978,19150.011
2024-11-21 16:05:00+00:00,19150.4945,19150.4945,19125.9445,19127.489
2024-11-21 16:10:00+00:00,19126.939000000002,19140.0555,19119.928,19137.4945
2024-11-21 16:15:00+00:00,19136.516499999998,19145.072,19132.9945,19137.439000000002
2024-11-21 16:20:00+00:00,19137.978,19148.428,19134.011,19148.0
2024-11-21 16:25:00+00:00,19146.933500000003,19153.0,19139.983500000002,19151.433500000003
2024-11-21 16:30:00+00:00,19151.0165,19159.522,19147.9945,19150.0
2024-11-21 16:35:00+00:00,19152.011,19152.011,19128.928,19139.95
2024-11-21 16:40:00+00:00,19140.5055,19149.9945,19137.45,19148.022
2024-11-21 16:45:00+00:00,19147.5055,19150.0,19119.45,19131.5055
2024-11-21 16:50:00+00:00,19133.4445,19142.060999999998,19129.9945,19137.9835
2024-11-21 16:55:00+00:00,19137.5,19146.022,19134.478,19145.428
2024-11-21 17:00:00+00:00,19145.9445,19146.05,19126.928,19128.5
2024-11-21 17:05:00+00:00,19128.0055,19137.5,19128.0055,19137.0
2024-11-21 17:10:00+00:00,19140.0,19143.478,19123.5,19140.928
2024-11-21 17:15:00+00:00,19140.428,19152.011,19133.989,19148.0165
2024-11-21 17:20:00+00:00,19148.433500000003,19154.072,19140.55,19152.0055
2024-11-21 17:25:00+00:00,19152.483500000002,19167.022,19150.983500000002,19162.433500000003
2024-11-21 17:30:00+00:00,19161.989,19166.066499999997,19158.5,19165.5
2024-11-21 17:35:00+00:00,19167.0555,19167.478,19161.9445,19164.566499999997
2024-11-21 17:40:00+00:00,19165.016499999998,19175.05,19163.572,19172.522
2024-11-21 17:45:00+00:00,19173.011,19185.011,19172.5055,19180.072
2024-11-21 17:50:00+00:00,19180.5,19187.566499999997,19179.0165,19183.016499999998
2024-11-21 17:55:00+00:00,19182.5055,19184.511,19173.978,19179.939000000002
2024-11-21 18:00:00+00:00,19179.5055,19188.0055,19179.5055,19187.9945
2024-11-21 18:05:00+00:00,19187.566499999997,19196.016499999998,19186.9445,19193.428
2024-11-21 18:10:00+00:00,19193.9945,19195.566499999997,19184.0,19186.0055
2024-11-21 18:15:00+00:00,19186.5555,19186.5555,19177.0,19183.9945
2024-11-21 18:20:00+00:00,19183.511,19190.0,19180.4945,19189.4445
2024-11-21 18:25:00+00:00,19190.0,19194.066499999997,19184.9835,19192.433500000003
2024-11-21 18:30:00+00:00,19192.011,19197.989,19191.933500000003,19197.4835
2024-11-21 18:35:00+00:00,19196.928,19198.4945,19184.011,19184.5
2024-11-21 18:40:00+00:00,19185.0055,19187.5055,19180.5055,19186.4945
2024-11-21 18:45:00+00:00,19186.978,19188.489,19175.933500000003,19175.933500000003
2024-11-21 18:50:00+00:00,19175.5,19182.522,19172.0,19182.0555
2024-11-21 18:55:00+00:00,19182.560999999998,19186.4945,19179.4445,19184.0
2024-11-21 19:00:00+00:00,19184.5055,19187.95,19181.5,19184.0
2024-11-21 19:05:00+00:00,19183.5055,19184.0055,19170.978,19172.016499999998
2024-11-21 19:10:00+00:00,19170.928,19175.489,19168.0,19174.066499999997
2024-11-21 19:15:00+00:00,19174.55,19175.489,19165.428,19165.928
2024-11-21 19:20:00+00:00,19166.928,19185.4945,19165.9445,19183.060999999998
2024-11-21 19:25:00+00:00,19182.489,19186.011,19179.0055,19184.4945
2024-11-21 19:30:00+00:00,19185.011,19185.011,19174.989,19175.9835
2024-11-21 19:35:00+00:00,19176.428,19182.5055,19175.433500000003,19182.0
2024-11-21 19:40:00+00:00,19181.433500000003,19182.511,19175.9945,19178.072
2024-11-21 19:45:00+00:00,19177.522,19178.5,19170.9945,19174.989
2024-11-21 19:50:00+00:00,19175.4945,19181.0055,19168.4945,19180.566499999997
2024-11-21 19:55:00+00:00,19181.016499999998,19184.560999999998,19180.928,19183.011
2024-11-21 20:00:00+00:00,19182.4445,19187.0165,19178.95,19186.0
2024-11-21 20:05:00+00:00,19186.478,19190.5055,19184.5,19190.0165
2024-11-21 20:10:00+00:00,19189.511,19190.0555,19184.478,19184.5055
2024-11-21 20:15:00+00:00,19184.95,19187.5,19182.978,19184.011
2024-11-21 20:20:00+00:00,19183.5,19185.0555,19178.5165,19180.05
2024-11-21 20:25:00+00:00,19179.522,19185.060999999998,19179.0055,19183.5
2024-11-21 20:30:00+00:00,19182.5,19183.5055,19173.5,19173.5055
2024-11-21 20:35:00+00:00,19173.072,19174.5,19165.483500000002,19170.5
2024-11-21 20:40:00+00:00,19170.05,19172.05,19164.560999999998,19169.011
2024-11-21 20:45:00+00:00,19168.572,19170.011,19163.928,19165.939000000002
2024-11-21 20:50:00+00:00,19166.489,19168.522,19160.95,19167.989
2024-11-21 20:55:00+00:00,19166.428,19179.4945,19162.983500000002,19176.5
2024-11-21 21:00:00+00:00,19175.9945,19180.066499999997,19171.144500000002,19177.605499999998
2024-11-21 21:05:00+00:00,19176.85,19176.85,19171.139000000003,19173.672
2024-11-21 21:10:00+00:00,19172.778,19176.072,19169.65,19171.211
2024-11-21 23:00:00+00:00,19158.4665,19159.2055,19149.289,19158.178
2024-11-21 23:05:00+00:00,19158.610999999997,19160.5945,19155.289,19157.8
2024-11-21 23:10:00+00:00,19158.2055,19162.5945,19154.5,19156.2055
2024-11-21 23:15:00+00:00,19156.5945,19157.8055,19153.689000000002,19154.4945
2024-11-21 23:20:00+00:00,19153.711,19158.2055,19150.894500000002,19157.7945
2024-11-21 23:25:00+00:00,19158.1945,19166.5445,19158.1945,19165.872
2024-11-21 23:30:00+00:00,19166.1945,19169.4,19164.9445,19168.211
2024-11-21 23:35:00+00:00,19168.983500000002,19170.605499999998,19164.189000000002,19164.1945
2024-11-21 23:40:00+00:00,19164.989,19166.6665,19163.4,19164.1945
2024-11-21 23:45:00+00:00,19163.7945,19163.7945,19159.383500000004,19160.2
2024-11-21 23:50:00+00:00,19159.3335,19159.3335,19148.9,19156.1945
2024-11-21 23:55:00+00:00,19156.605499999998,19161.011,19155.2945,19156.9945
2024-11-22 00:00:00+00:00,19156.2,19169.866499999996,19150.828,19168.9945
2024-11-22 00:05:00+00:00,19168.6,19173.1665,19164.933500000003,19167.389000000003
2024-11-22 00:10:00+00:00,19167.8055,19168.2,19160.15,19163.411
2024-11-22 00:15:00+00:00,19151.4945,19170.4945,19151.4945,19167.9945
2024-11-22 00:20:00+00:00,19168.5055,19176.060999999998,19168.483500000002,19175.45
2024-11-22 00:25:00+00:00,19174.566499999997,19180.489,19174.566499999997,19178.489
2024-11-22 00:30:00+00:00,19178.0055,19178.9945,19172.433500000003,19174.5555
2024-11-22 00:35:00+00:00,19174.933500000003,19180.066499999997,19173.5055,19173.5055
2024-11-22 00:40:00+00:00,19172.489,19174.560999999998,19170.989,19173.0
2024-11-22 00:45:00+00:00,19172.5,19173.5555,19163.0555,19163.489
2024-11-22 00:50:00+00:00,19164.0,19171.511,19162.5165,19168.483500000002
2024-11-22 00:55:00+00:00,19168.0555,19173.5,19167.428,19169.560999999998
2024-11-22 01:00:00+00:00,19169.983500000002,19186.560999999998,19169.511,19173.439000000002
2024-11-22 01:05:00+00:00,19174.516499999998,19185.439000000002,19174.5,19184.5055
2024-11-22 01:10:00+00:00,19184.983500000002,19194.5,19182.978,19193.5
2024-11-22 01:15:00+00:00,19193.9945,19197.011,19190.066499999997,19192.95
2024-11-22 01:20:00+00:00,19192.5,19200.5,19192.5,19199.55
2024-11-22 01:25:00+00:00,19199.0055,19202.5,19193.05,19200.4945
2024-11-22 01:30:00+00:00,19200.928,19212.016499999998,19200.0165,19202.5555
2024-11-22 01:35:00+00:00,19200.0055,19209.4445,19199.5055,19203.483500000002
2024-11-22 01:40:00+00:00,19203.05,19206.9835,19200.5165,19203.511
2024-11-22 01:45:00+00:00,19201.939000000002,19202.978,19196.0,19196.983500000002
2024-11-22 01:50:00+00:00,19197.489,19205.95,19197.489,19203.0
2024-11-22 01:55:00+00:00,19203.9945,19205.9945,19200.5,19202.5
2024-11-22 02:00:00+00:00,19202.0,19209.5,19201.0,19203.566499999997
2024-11-22 02:05:00+00:00,19203.011,19205.5555,19185.5555,19185.5555
2024-11-22 02:10:00+00:00,19184.933500000003,19186.983500000002,19179.983500000002,19182.483500000002
2024-11-22 02:15:00+00:00,19182.989,19192.9945,19177.45,19191.489
2024-11-22 02:20:00+00:00,19191.05,19203.066499999997,19186.4945,19189.0
2024-11-22 02:25:00+00:00,19189.4945,19195.5055,19189.428,19190.5055
2024-11-22 02:30:00+00:00,19191.428,19192.566499999997,19186.060999999998,19189.55
2024-11-22 02:35:00+00:00,19188.5,19197.566499999997,19186.9445,19188.439000000002
2024-11-22 02:40:00+00:00,19187.9945,19193.011,19178.9835,19192.516499999998
2024-11-22 02:45:00+00:00,19193.0,19198.9945,19192.0165,19198.0
2024-11-22 02:50:00+00:00,19197.5,19202.572,19197.5,19202.4945
2024-11-22 02:55:00+00:00,19203.489,19204.5555,19200.4835,19203.5
2024-11-22 03:00:00+00:00,19203.022,19205.0555,19202.4445,19204.989
2024-11-22 03:05:00+00:00,19204.066499999997,19207.011,19203.0,19206.5055
2024-11-22 03:10:00+00:00,19206.0555,19211.05,19204.978,19210.478
2024-11-22 03:15:00+00:00,19211.011,19211.5055,19205.9945,19209.478
2024-11-22 03:20:00+00:00,19208.939000000002,19216.05,19208.939000000002,19213.439000000002
2024-11-22 03:25:00+00:00,19214.0555,19216.0165,19203.433500000003,19206.5555
2024-11-22 03:30:00+00:00,19207.511,19207.511,19187.439000000002,19189.0
2024-11-22 03:35:00+00:00,19188.4945,19197.0055,19184.439000000002,19187.55
2024-11-22 03:40:00+00:00,19186.928,19186.928,19175.439000000002,19181.572
2024-11-22 03:45:00+00:00,19180.511,19190.566499999997,19180.511,19183.5
2024-11-22 03:50:00+00:00,19184.55,19187.072,19180.522,19185.5165
2024-11-22 03:55:00+00:00,19185.0055,19191.5055,19185.0,19191.4945
2024-11-22 04:00:00+00:00,19191.0055,19201.05,19190.489,19200.9945
2024-11-22 04:05:00+00:00,19203.060999999998,19205.4945,19185.5,19186.572
2024-11-22 04:10:00+00:00,19187.511,19196.0,19187.4445,19190.5055
2024-11-22 04:15:00+00:00,19189.433500000003,19197.5055,19188.428,19197.011
2024-11-22 04:20:00+00:00,19197.4945,19203.9945,19194.489,19196.478
2024-11-22 04:25:00+00:00,19195.989,19198.433500000003,19189.5,19196.989
2024-11-22 04:30:00+00:00,19196.5,19206.522,19196.05,19203.9945
2024-11-22 04:35:00+00:00,19203.5,19207.511,19202.439000000002,19203.5165
2024-11-22 04:40:00+00:00,19202.989,19204.4945,19195.016499999998,19196.0555
2024-11-22 04:45:00+00:00,19196.55,19196.55,19190.0,19192.489
2024-11-22 04:50:00+00:00,19192.95,19198.011,19192.483500000002,19197.489
2024-11-22 04:55:00+00:00,19197.066499999997,19197.066499999997,19194.489,19195.989
2024-11-22 05:00:00+00:00,19196.989,19199.0555,19189.0,19191.4945
2024-11-22 05:05:00+00:00,19191.933500000003,19196.511,19188.983500000002,19191.5
2024-11-22 05:10:00+00:00,19192.511,19193.9945,19185.433500000003,19186.022
2024-11-22 05:15:00+00:00,19184.5055,19186.05,19170.9945,19172.9945
2024-11-22 05:20:00+00:00,19172.4945,19178.0055,19170.489,19175.560999999998
2024-11-22 05:25:00+00:00,19176.0,19184.0165,19176.0,19183.4445
2024-11-22 05:30:00+00:00,19183.0,19188.439000000002,19179.928,19183.5165
2024-11-22 05:35:00+00:00,19183.0055,19186.066499999997,19181.05,19185.0
2024-11-22 05:40:00+00:00,19184.483500000002,19189.011,19183.0165,19189.0
2024-11-22 05:45:00+00:00,19188.5055,19188.9945,19166.516499999998,19167.4945
2024-11-22 05:50:00+00:00,19166.4835,19173.4945,19166.0,19171.989
2024-11-22 05:55:00+00:00,19172.4445,19173.45,19160.55,19161.5
2024-11-22 06:00:00+00:00,19162.060999999998,19169.989,19158.939000000002,19169.0555
2024-11-22 06:05:00+00:00,19168.0165,19173.011,19165.511,19173.0
2024-11-22 06:10:00+00:00,19172.566499999997,19175.011,19167.55,19174.4835
2024-11-22 06:15:00+00:00,19173.566499999997,19182.0555,19173.439000000002,19180.5055
2024-11-22 06:20:00+00:00,19180.0,19188.4945,19178.989,19187.0
2024-11-22 06:25:00+00:00,19186.5,19187.511,19182.4945,19182.4945
2024-11-22 06:30:00+00:00,19179.9835,19181.5055,19175.5,19178.4945
2024-11-22 06:35:00+00:00,19177.939000000002,19177.939000000002,19168.483500000002,19172.433500000003
2024-11-22 06:40:00+00:00,19172.0055,19175.5,19168.5,19173.5055
2024-11-22 06:45:00+00:00,19173.0,19186.516499999998,19170.478,19179.5
2024-11-22 06:50:00+00:00,19179.933500000003,19180.5055,19171.522,19172.5055
2024-11-22 06:55:00+00:00,19173.011,19175.5,19167.5555,19173.05
2024-11-22 07:00:00+00:00,19172.983500000002,19189.5,19168.522,19175.5055
2024-11-22 07:05:00+00:00,19175.978,19189.4945,19172.516499999998,19188.5
2024-11-22 07:10:00+00:00,19188.983500000002,19203.483500000002,19187.439000000002,19199.5
2024-11-22 07:15:00+00:00,19200.5555,19202.9945,19194.516499999998,19198.928
2024-11-22 07:20:00+00:00,19198.4945,19213.5055,19197.4945,19209.45
2024-11-22 07:25:00+00:00,19210.05,19212.060999999998,19201.45,19207.560999999998
2024-11-22 07:30:00+00:00,19206.5055,19220.522,19206.5055,19220.5055
2024-11-22 07:35:00+00:00,19220.0,19226.5555,19219.4945,19224.489
2024-11-22 07:40:00+00:00,19223.4835,19226.489,19216.5,19220.483500000002
2024-11-22 07:45:00+00:00,19220.0,19228.522,19215.4945,19227.433500000003
2024-11-22 07:50:00+00:00,19226.4945,19227.060999999998,19210.511,19210.511
2024-11-22 07:55:00+00:00,19210.9945,19219.5,19208.439000000002,19213.989
2024-11-22 08:00:00+00:00,19212.4945,19264.0055,19203.9945,19246.572
2024-11-22 08:05:00+00:00,19247.4835,19275.433500000003,19247.4835,19272.060999999998
2024-11-22 08:10:00+00:00,19271.4945,19272.9445,19240.0555,19262.45
2024-11-22 08:15:00+00:00,19232.011,19250.5,19227.5055,19231.5
2024-11-22 08:20:00+00:00,19232.433500000003,19253.572,19232.433500000003,19251.4835
2024-11-22 08:25:00+00:00,19250.95,19260.511,19233.489,19253.989
2024-11-22 08:30:00+00:00,19251.939000000002,19266.511,19240.4945,19251.55
2024-11-22 08:35:00+00:00,19251.011,19273.55,19247.0,19252.5
2024-11-22 08:40:00+00:00,19251.939000000002,19267.511,19250.072,19259.489
2024-11-22 08:45:00+00:00,19261.0555,19271.5,19247.511,19269.511
2024-11-22 08:50:00+00:00,19268.9945,19274.5,19261.4945,19265.5055
2024-11-22 08:55:00+00:00,19266.5165,19268.5165,19244.566499999997,19251.5
2024-11-22 09:00:00+00:00,19251.022,19252.0165,19222.4445,19241.516499999998
2024-11-22 09:05:00+00:00,19240.95,19242.9945,19200.4445,19206.45
2024-11-22 09:10:00+00:00,19205.0,19206.483500000002,19188.572,19200.5055
2024-11-22 09:15:00+00:00,19201.566499999997,19201.566499999997,19151.016499999998,19151.439000000002
2024-11-22 09:20:00+00:00,19152.560999999998,19158.5055,19104.5055,19106.55
2024-11-22 09:25:00+00:00,19106.983500000002,19106.983500000002,19030.5,19064.489
2024-11-22 09:30:00+00:00,19068.983500000002,19069.428,19032.428,19034.5
2024-11-22 09:35:00+00:00,19035.0055,19056.566499999997,19032.9945,19046.5
2024-11-22 09:40:00+00:00,19047.9445,19084.5,19035.4945,19060.0165
2024-11-22 09:45:00+00:00,19061.5055,19089.989,19054.439000000002,19088.45
2024-11-22 09:50:00+00:00,19086.4445,19106.0,19077.4945,19099.511
2024-11-22 09:55:00+00:00,19097.9945,19130.489,19092.5055,19129.572
2024-11-22 10:00:00+00:00,19130.5055,19132.55,19107.5,19125.5555
2024-11-22 10:05:00+00:00,19123.5,19130.511,19092.4945,19093.4945
2024-11-22 10:10:00+00:00,19094.572,19094.572,19070.0,19082.483500000002
2024-11-22 10:15:00+00:00,19080.5,19107.0,19076.9945,19096.072
2024-11-22 10:20:00+00:00,19095.489,19100.4835,19083.489,19088.5055
2024-11-22 10:25:00+00:00,19087.5055,19107.011,19084.428,19092.483500000002
2024-11-22 10:30:00+00:00,19091.9945,19114.5165,19082.9945,19111.4945
2024-11-22 10:35:00+00:00,19110.9445,19125.483500000002,19106.5,19120.511
2024-11-22 10:40:00+00:00,19121.022,19127.5,19107.5,19127.5
2024-11-22 10:45:00+00:00,19126.489,19130.5555,19116.483500000002,19116.483500000002
2024-11-22 10:50:00+00:00,19117.45,19141.566499999997,19117.45,19135.9445
2024-11-22 10:55:00+00:00,19133.439000000002,19137.511,19125.4945,19128.5165
2024-11-22 11:00:00+00:00,19129.5055,19142.489,19116.489,19135.4945
2024-11-22 11:05:00+00:00,19134.978,19143.011,19128.428,19131.5
2024-11-22 11:10:00+00:00,19133.55,19134.5055,19101.9945,19102.5
2024-11-22 11:15:00+00:00,19101.939000000002,19121.011,19096.9945,19118.483500000002
2024-11-22 11:20:00+00:00,19119.0055,19129.516499999998,19115.489,19129.516499999998
2024-11-22 11:25:00+00:00,19130.5,19132.016499999998,19124.011,19124.011
2024-11-22 11:30:00+00:00,19124.4445,19131.4945,19120.4945,19122.5
2024-11-22 11:35:00+00:00,19122.0055,19126.5555,19111.011,19114.522
2024-11-22 11:40:00+00:00,19113.572,19136.072,19113.572,19119.433500000003
2024-11-22 11:45:00+00:00,19121.011,19121.011,19110.489,19117.989
2024-11-22 11:50:00+00:00,19118.5,19136.0,19116.433500000003,19135.5165
2024-11-22 11:55:00+00:00,19134.5165,19142.4945,19130.4945,19141.511
2024-11-22 12:00:00+00:00,19142.5055,19160.516499999998,19141.428,19148.5
2024-11-22 12:05:00+00:00,19149.066499999997,19159.516499999998,19143.4945,19157.5055
2024-11-22 12:10:00+00:00,19158.4835,19166.05,19157.489,19164.572
2024-11-22 12:15:00+00:00,19164.022,19190.016499999998,19163.5055,19189.0
2024-11-22 12:20:00+00:00,19189.5,19216.560999999998,19188.428,19212.516499999998
2024-11-22 12:25:00+00:00,19212.9445,19228.5,19212.4835,19228.433500000003
2024-11-22 12:30:00+00:00,19229.072,19232.55,19206.478,19207.511
2024-11-22 12:35:00+00:00,19208.439000000002,19220.928,19206.5055,19209.55
2024-11-22 12:40:00+00:00,19209.0165,19210.511,19195.939000000002,19202.4835
2024-11-22 12:45:00+00:00,19204.072,19216.55,19200.511,19204.439000000002
2024-11-22 12:50:00+00:00,19203.5055,19224.478,19202.0,19224.433500000003
2024-11-22 12:55:00+00:00,19224.0,19232.55,19223.4945,19226.489
2024-11-22 13:00:00+00:00,19225.5,19246.4945,19223.4835,19244.511
2024-11-22 13:05:00+00:00,19243.489,19256.4835,19237.5,19250.4945
2024-11-22 13:10:00+00:00,19249.5,19260.0055,19235.45,19242.016499999998
2024-11-22 13:15:00+00:00,19241.489,19246.4835,19227.516499999998,19234.516499999998
2024-11-22 13:20:00+00:00,19233.5165,19256.5165,19232.516499999998,19255.489
2024-11-22 13:25:00+00:00,19256.45,19264.566499999997,19252.9945,19263.0
2024-11-22 13:30:00+00:00,19263.511,19265.939000000002,19246.489,19248.928
2024-11-22 13:35:00+00:00,19248.55,19255.066499999997,19241.0055,19243.4445
2024-11-22 13:40:00+00:00,19243.022,19243.072,19215.9945,19223.5055
2024-11-22 13:45:00+00:00,19224.511,19234.428,19220.9445,19230.5
2024-11-22 13:50:00+00:00,19229.933500000003,19232.433500000003,19219.4835,19231.45
2024-11-22 13:55:00+00:00,19231.011,19233.4835,19223.511,19229.5055
2024-11-22 14:00:00+00:00,19230.011,19230.011,19213.5,19227.566499999997
2024-11-22 14:05:00+00:00,19228.511,19241.4945,19225.5,19240.5055
2024-11-22 14:10:00+00:00,19240.9945,19246.5165,19231.0,19243.4945
2024-11-22 14:15:00+00:00,19242.5055,19246.511,19227.0,19237.483500000002
2024-11-22 14:20:00+00:00,19238.5555,19245.572,19237.978,19244.0
2024-11-22 14:25:00+00:00,19242.933500000003,19244.0165,19231.428,19241.5
2024-11-22 14:30:00+00:00,19242.428,19259.489,19235.5,19258.4945
2024-11-22 14:35:00+00:00,19257.5055,19292.9945,19253.5,19292.9945
2024-11-22 14:40:00+00:00,19293.55,19317.489,19291.478,19311.560999999998
2024-11-22 14:45:00+00:00,19313.489,19334.0,19303.9945,19323.5055
2024-11-22 14:50:00+00:00,19324.4835,19324.4835,19296.478,19311.4945
2024-11-22 14:55:00+00:00,19312.4445,19328.989,19309.011,19325.016499999998
2024-11-22 15:00:00+00:00,19324.4945,19339.4835,19317.516499999998,19322.516499999998
2024-11-22 15:05:00+00:00,19325.5,19337.511,19315.489,19318.4945
2024-11-22 15:10:00+00:00,19316.5055,19322.439000000002,19296.0055,19307.0165
2024-11-22 15:15:00+00:00,19308.5055,19326.5165,19300.511,19319.5555
2024-11-22 15:20:00+00:00,19320.011,19328.4945,19302.9945,19310.4945
2024-11-22 15:25:00+00:00,19311.0,19320.4945,19272.5,19279.433500000003
2024-11-22 15:30:00+00:00,19280.983500000002,19309.5055,19280.983500000002,19295.439000000002
2024-11-22 15:35:00+00:00,19294.489,19312.5055,19293.983500000002,19303.478
2024-11-22 15:40:00+00:00,19304.428,19304.483500000002,19285.9445,19298.578
2024-11-22 15:45:00+00:00,19297.539,19301.622,19287.605499999998,19289.605499999998
2024-11-22 15:50:00+00:00,19289.1,19308.661,19287.605499999998,19305.605499999998
2024-11-22 15:55:00+00:00,19305.028,19310.161,19296.5945,19306.610999999997
2024-11-22 16:00:00+00:00,19307.05,19317.1165,19301.589,19302.578
2024-11-22 16:05:00+00:00,19303.110999999997,19307.622,19294.5445,19297.610999999997
2024-11-22 16:10:00+00:00,19298.15,19311.6,19290.6,19306.6
2024-11-22 16:15:00+00:00,19307.5945,19310.089,19293.528,19294.616499999996
2024-11-22 16:20:00+00:00,19295.605499999998,19309.6,19291.105499999998,19304.6665
2024-11-22 16:25:00+00:00,19304.105499999998,19309.5445,19292.605499999998,19307.5945
2024-11-22 16:30:00+00:00,19306.605499999998,19329.078,19305.15,19327.616499999996
2024-11-22 16:35:00+00:00,19324.661,19340.65,19322.539,19336.578
2024-11-22 16:40:00+00:00,19336.116499999996,19342.105499999998,19327.0945,19327.610999999997
2024-11-22 16:45:00+00:00,19329.622,19338.6165,19324.672,19335.672
2024-11-22 16:50:00+00:00,19336.6,19340.161,19332.605499999998,19337.1
2024-11-22 16:55:00+00:00,19336.65,19341.605499999998,19336.1,19337.0835
2024-11-22 17:00:00+00:00,19336.661,19345.0335,19334.1,19343.1
2024-11-22 17:05:00+00:00,19343.5445,19347.5835,19338.589,19342.605499999998
2024-11-22 17:10:00+00:00,19342.0835,19352.610999999997,19340.5335,19348.6
2024-11-22 17:15:00+00:00,19349.105499999998,19349.528,19342.0835,19344.0945
2024-11-22 17:20:00+00:00,19344.65,19352.5945,19343.589,19350.028
2024-11-22 17:25:00+00:00,19349.6,19357.5335,19349.5835,19351.610999999997
2024-11-22 17:30:00+00:00,19351.1,19352.110999999997,19338.6,19343.0945
2024-11-22 17:35:00+00:00,19343.539,19344.0335,19329.1555,19330.55
2024-11-22 17:40:00+00:00,19330.15,19346.0335,19330.15,19344.605499999998
2024-11-22 17:45:00+00:00,19345.105499999998,19352.172,19344.5945,19350.1555
2024-11-22 17:50:00+00:00,19350.5945,19357.605499999998,19349.605499999998,19355.578
2024-11-22 17:55:00+00:00,19356.116499999996,19356.661,19352.15,19355.589
2024-11-22 18:00:00+00:00,19355.105499999998,19356.6,19350.5335,19354.605499999998
2024-11-22 18:05:00+00:00,19354.1,19363.161,19354.1,19362.172
2024-11-22 18:10:00+00:00,19362.578,19370.6555,19361.1,19366.539
2024-11-22 18:15:00+00:00,19367.039,19367.6165,19361.0945,19361.589
2024-11-22 18:20:00+00:00,19362.0945,19366.6665,19356.578,19365.1665
2024-11-22 18:25:00+00:00,19364.589,19366.6165,19356.672,19358.5945
2024-11-22 18:30:00+00:00,19358.1,19363.6,19357.5945,19361.589
2024-11-22 18:35:00+00:00,19361.078,19361.672,19355.1,19357.1
2024-11-22 18:40:00+00:00,19356.116499999996,19358.172,19352.610999999997,19357.0945
2024-11-22 18:45:00+00:00,19357.5445,19365.105499999998,19357.5445,19359.539
2024-11-22 18:50:00+00:00,19359.105499999998,19359.610999999997,19351.5835,19356.6
2024-11-22 18:55:00+00:00,19355.610999999997,19363.6,19355.116499999996,19360.589
2024-11-22 19:00:00+00:00,19359.5445,19361.589,19356.539,19357.605499999998
2024-11-22 19:05:00+00:00,19357.078,19358.55,19352.5445,19353.539
2024-11-22 19:10:00+00:00,19354.116499999996,19354.116499999996,19344.622,19347.6665
2024-11-22 19:15:00+00:00,19346.5945,19348.028,19335.605499999998,19345.6
2024-11-22 19:20:00+00:00,19344.6665,19351.610999999997,19343.616499999996,19350.0945
2024-11-22 19:25:00+00:00,19349.5835,19355.1165,19346.5945,19355.1165
2024-11-22 19:30:00+00:00,19355.6,19358.1,19351.6,19357.65
2024-11-22 19:35:00+00:00,19357.0945,19363.622,19356.6165,19359.6165
2024-11-22 19:40:00+00:00,19358.5945,19358.6555,19350.0945,19351.605499999998
2024-11-22 19:45:00+00:00,19352.089,19354.6165,19351.5335,19353.605499999998
2024-11-22 19:50:00+00:00,19353.161,19358.110999999997,19351.039,19358.1
2024-11-22 19:55:00+00:00,19358.5835,19360.1665,19353.5945,19354.105499999998
2024-11-22 20:00:00+00:00,19354.6,19355.5835,19323.605499999998,19330.605499999998
2024-11-22 20:05:00+00:00,19330.1555,19337.6,19325.6165,19328.1
2024-11-22 20:10:00+00:00,19327.622,19328.1,19320.028,19321.161
2024-11-22 20:15:00+00:00,19320.6,19334.6665,19319.589,19334.6665
2024-11-22 20:20:00+00:00,19334.105499999998,19340.605499999998,19331.5335,19339.610999999997
2024-11-22 20:25:00+00:00,19339.1,19341.5445,19324.5945,19338.55
2024-11-22 20:30:00+00:00,19337.605499999998,19340.1555,19331.1665,19331.528
2024-11-22 20:35:00+00:00,19332.589,19336.6165,19330.6,19332.1
2024-11-22 20:40:00+00:00,19331.6,19335.65,19330.55,19335.610999999997
2024-11-22 20:45:00+00:00,19334.5945,19341.605499999998,19334.5945,19340.0945
2024-11-22 20:50:00+00:00,19338.089,19353.6165,19337.5445,19351.528
2024-11-22 20:55:00+00:00,19352.110999999997,19356.6555,19347.089,19352.5445
2024-11-25 00:00:00+00:00,19425.55,19432.2945,19425.2055,19431.05
2024-11-25 00:05:00+00:00,19431.922,19432.35,19428.578,19430.355499999998
2024-11-25 00:10:00+00:00,19431.0835,19435.105499999998,19431.0835,19433.55
2024-11-25 00:15:00+00:00,19455.0335,19465.0335,19409.1,19414.0335
2024-11-25 00:20:00+00:00,19414.15,19423.028,19410.5835,19421.0445
2024-11-25 00:25:00+00:00,19421.6,19423.5945,19408.122,19409.0945
2024-11-25 00:30:00+00:00,19408.1,19419.105499999998,19407.6,19415.5945
2024-11-25 00:35:00+00:00,19416.122,19426.15,19415.672,19424.6
2024-11-25 00:40:00+00:00,19425.0945,19437.610999999997,19424.661,19436.6
2024-11-25 00:45:00+00:00,19437.110999999997,19442.0945,19436.0945,19441.610999999997
2024-11-25 00:50:00+00:00,19442.161,19448.661,19442.1,19447.605499999998
2024-11-25 00:55:00+00:00,19447.110999999997,19459.528,19446.0335,19458.672
2024-11-25 01:00:00+00:00,19459.0835,19465.110999999997,19451.0945,19458.0945
2024-11-25 01:05:00+00:00,19458.6665,19458.6665,19454.161,19455.078
2024-11-25 01:10:00+00:00,19454.578,19455.6665,19449.089,19455.5945
2024-11-25 01:15:00+00:00,19457.610999999997,19461.105499999998,19453.110999999997,19456.5945
2024-11-25 01:20:00+00:00,19456.1,19456.1,19447.15,19448.605499999998
2024-11-25 01:25:00+00:00,19449.089,19449.605499999998,19443.589,19447.110999999997
2024-11-25 01:30:00+00:00,19447.6,19447.6,19438.5445,19440.089
2024-11-25 01:35:00+00:00,19441.089,19443.672,19435.5335,19443.1165
2024-11-25 01:40:00+00:00,19442.6,19444.6555,19439.605499999998,19440.1
2024-11-25 01:45:00+00:00,19440.6,19447.5945,19439.605499999998,19447.5945
2024-11-25 01:50:00+00:00,19446.6,19446.6,19436.1,19436.5835
2024-11-25 01:55:00+00:00,19436.1,19436.1,19426.089,19432.5945
2024-11-25 02:00:00+00:00,19432.1,19434.6,19426.161,19430.0945
2024-11-25 02:05:00+00:00,19429.605499999998,19443.122,19428.5835,19440.6165
2024-11-25 02:10:00+00:00,19441.1,19447.0945,19436.6665,19438.0945
2024-11-25 02:15:00+00:00,19438.672,19441.172,19434.028,19440.110999999997
2024-11-25 02:20:00+00:00,19441.0445,19443.161,19437.610999999997,19441.6
2024-11-25 02:25:00+00:00,19442.105499999998,19448.1555,19441.6,19445.105499999998
2024-11-25 02:30:00+00:00,19445.55,19448.6665,19443.1665,19444.5945
2024-11-25 02:35:00+00:00,19445.105499999998,19446.0945,19438.0335,19443.0945
2024-11-25 02:40:00+00:00,19443.5835,19444.5835,19441.5335,19441.5335
2024-11-25 02:45:00+00:00,19442.15,19448.605499999998,19442.15,19443.6
2024-11-25 02:50:00+00:00,19442.5835,19444.610999999997,19437.6,19444.610999999997
2024-11-25 02:55:00+00:00,19445.0945,19446.1665,19441.122,19441.122
2024-11-25 03:00:00+00:00,19440.6,19443.6,19435.105499999998,19439.1
2024-11-25 03:05:00+00:00,19438.610999999997,19438.610999999997,19431.6,19435.15
2024-11-25 03:10:00+00:00,19437.1,19443.1555,19437.089,19443.1555
2024-11-25 03:15:00+00:00,19443.605499999998,19448.1,19442.0945,19446.089
2024-11-25 03:20:00+00:00,19446.605499999998,19447.122,19445.1,19445.65
2024-11-25 03:25:00+00:00,19445.1,19445.1,19437.5835,19438.5335
2024-11-25 03:30:00+00:00,19439.039,19440.172,19426.528,19427.528
2024-11-25 03:35:00+00:00,19427.1,19435.105499999998,19425.1,19432.5445
2024-11-25 03:40:00+00:00,19433.15,19436.1,19428.589,19429.110999999997
2024-11-25 03:45:00+00:00,19429.610999999997,19438.0445,19429.610999999997,19436.610999999997
2024-11-25 03:50:00+00:00,19437.122,19437.661,19434.1,19436.110999999997
2024-11-25 03:55:00+00:00,19436.5945,19438.122,19435.5445,19437.1
2024-11-25 04:00:00+00:00,19437.5945,19438.110999999997,19435.0945,19438.110999999997
2024-11-25 04:05:00+00:00,19439.0945,19439.661,19434.1,19434.6
2024-11-25 04:10:00+00:00,19434.1555,19435.605499999998,19432.078,19435.0835
2024-11-25 04:15:00+00:00,19435.5945,19435.610999999997,19431.0945,19433.1165
2024-11-25 04:20:00+00:00,19433.589,19435.05,19433.0835,19435.05
2024-11-25 04:25:00+00:00,19434.078,19437.5945,19434.078,19436.110999999997
2024-11-25 04:30:00+00:00,19437.589,19437.6,19432.0945,19433.1
2024-11-25 04:35:00+00:00,19433.528,19433.528,19430.55,19433.105499999998
2024-11-25 04:40:00+00:00,19433.605499999998,19434.672,19431.0335,19433.122
2024-11-25 04:45:00+00:00,19432.5945,19434.028,19429.0335,19430.161
2024-11-25 04:50:00+00:00,19429.6,19429.6,19419.028,19421.15
2024-11-25 04:55:00+00:00,19420.610999999997,19423.6,19416.1,19421.5945
2024-11-25 05:00:00+00:00,19421.122,19421.6665,19417.0945,19421.6665
2024-11-25 05:05:00+00:00,19422.0835,19422.110999999997,19418.1,19421.05
2024-11-25 05:10:00+00:00,19420.5945,19421.6,19415.0945,19420.089
2024-11-25 05:15:00+00:00,19420.672,19420.672,19412.5445,19412.5445
2024-11-25 05:20:00+00:00,19412.028,19412.5945,19410.089,19412.0835
2024-11-25 05:25:00+00:00,19412.65,19420.5335,19411.589,19417.172
2024-11-25 05:30:00+00:00,19416.6,19421.6,19415.6665,19421.6
2024-11-25 05:35:00+00:00,19422.028,19427.028,19422.028,19426.65
2024-11-25 05:40:00+00:00,19427.105499999998,19431.105499999998,19427.0335,19428.1
2024-11-25 05:45:00+00:00,19427.5945,19429.105499999998,19424.172,19424.65
2024-11-25 05:50:00+00:00,19425.161,19428.1165,19424.6165,19428.1165
2024-11-25 05:55:00+00:00,19427.55,19433.6555,19426.089,19433.110999999997
2024-11-25 06:00:00+00:00,19432.15,19432.15,19410.6165,19414.65
2024-11-25 06:05:00+00:00,19414.0945,19416.1165,19405.5835,19416.0835
2024-11-25 06:10:00+00:00,19415.5835,19416.5945,19409.6555,19410.172
2024-11-25 06:15:00+00:00,19409.0945,19411.5945,19402.039,19405.0335
2024-11-25 06:20:00+00:00,19404.089,19409.122,19402.1,19408.105499999998
2024-11-25 06:25:00+00:00,19408.6,19416.661,19408.1,19410.078
2024-11-25 06:30:00+00:00,19409.589,19411.0945,19396.1,19396.105499999998
2024-11-25 06:35:00+00:00,19395.610999999997,19403.605499999998,19391.6,19403.1555
2024-11-25 06:40:00+00:00,19404.0945,19409.5945,19398.5335,19399.1165
2024-11-25 06:45:00+00:00,19398.6,19401.672,19392.122,19398.6665
2024-11-25 06:50:00+00:00,19399.1,19405.105499999998,19398.5835,19403.1
2024-11-25 06:55:00+00:00,19405.0945,19406.039,19401.5835,19403.0835
2024-11-25 07:00:00+00:00,19402.539,19410.605499999998,19387.5945,19388.605499999998
2024-11-25 07:05:00+00:00,19388.1,19407.1,19388.1,19400.0945
2024-11-25 07:10:00+00:00,19401.0945,19407.1,19395.078,19400.0945
2024-11-25 07:15:00+00:00,19400.539,19402.105499999998,19392.1665,19392.539
2024-11-25 07:20:00+00:00,19393.172,19398.105499999998,19389.0445,19394.1165
2024-11-25 07:25:00+00:00,19395.539,19397.105499999998,19384.05,19386.110999999997
2024-11-25 07:30:00+00:00,19386.6,19401.122,19386.105499999998,19397.089
2024-11-25 07:35:00+00:00,19397.6,19403.6,19397.0945,19402.028
2024-11-25 07:40:00+00:00,19401.1,19411.6,19398.05,19411.1
2024-11-25 07:45:00+00:00,19412.15,19429.110999999997,19408.0335,19427.1665
2024-11-25 07:50:00+00:00,19426.6165,19429.616499999996,19419.089,19428.110999999997
2024-11-25 07:55:00+00:00,19428.610999999997,19431.0335,19413.1555,19413.1555
2024-11-25 08:00:00+00:00,19438.1165,19469.1,19437.0335,19457.105499999998
2024-11-25 08:05:00+00:00,19456.1555,19469.589,19452.0445,19454.089
2024-11-25 08:10:00+00:00,19452.672,19457.1665,19429.078,19451.605499999998
2024-11-25 08:15:00+00:00,19451.1,19456.15,19405.610999999997,19408.6665
2024-11-25 08:20:00+00:00,19409.0945,19413.0335,19395.110999999997,19401.5835
2024-11-25 08:25:00+00:00,19399.089,19407.105499999998,19388.105499999998,19402.1
2024-11-25 08:30:00+00:00,19400.5835,19402.172,19387.05,19394.05
2024-11-25 08:35:00+00:00,19392.0945,19413.6,19390.605499999998,19407.172
2024-11-25 08:40:00+00:00,19407.6,19418.105499999998,19398.5945,19414.161
2024-11-25 08:45:00+00:00,19411.1,19411.1,19394.0945,19407.122
2024-11-25 08:50:00+00:00,19406.105499999998,19407.1,19374.078,19376.116499999996
2024-11-25 08:55:00+00:00,19377.105499999998,19384.589,19369.0945,19369.0945
2024-11-25 09:00:00+00:00,19370.0945,19377.1,19358.1,19364.605499999998
2024-11-25 09:05:00+00:00,19365.105499999998,19385.6,19363.6555,19380.0335
2024-11-25 09:10:00+00:00,19381.1665,19391.172,19379.0335,19388.028
2024-11-25 09:15:00+00:00,19388.605499999998,19410.1,19384.605499999998,19409.622
2024-11-25 09:20:00+00:00,19410.0945,19410.0945,19389.105499999998,19393.172
2024-11-25 09:25:00+00:00,19393.5445,19404.0835,19384.105499999998,19399.105499999998
2024-11-25 09:30:00+00:00,19398.6,19405.0945,19392.55,19397.1555
2024-11-25 09:35:00+00:00,19396.105499999998,19404.1,19390.110999999997,19400.078
2024-11-25 09:40:00+00:00,19400.605499999998,19415.1,19399.116499999996,19410.528
2024-11-25 09:45:00+00:00,19410.1,19423.110999999997,19407.105499999998,19423.110999999997
2024-11-25 09:50:00+00:00,19421.616499999996,19423.6,19415.039,19418.089
2024-11-25 09:55:00+00:00,19418.6665,19419.161,19395.089,19397.089
2024-11-25 10:00:00+00:00,19396.55,19404.105499999998,19384.5445,19404.105499999998
2024-11-25 10:05:00+00:00,19403.610999999997,19415.116499999996,19402.089,19415.0335
2024-11-25 10:10:00+00:00,19414.1,19415.172,19400.1555,19405.05
2024-11-25 10:15:00+00:00,19404.5945,19413.0335,19398.0445,19399.1665
2024-11-25 10:20:00+00:00,19398.5335,19406.161,19394.5335,19397.078
2024-11-25 10:25:00+00:00,19396.6,19400.116499999996,19386.5945,19392.1
2024-11-25 10:30:00+00:00,19393.0835,19406.672,19393.0835,19400.6665
2024-11-25 10:35:00+00:00,19401.0945,19407.610999999997,19395.110999999997,19400.0945
2024-11-25 10:40:00+00:00,19399.105499999998,19404.105499999998,19387.1,19399.110999999997
2024-11-25 10:45:00+00:00,19398.6,19398.6,19387.089,19397.15
2024-11-25 10:50:00+00:00,19396.161,19405.1,19392.078,19394.605499999998
2024-11-25 10:55:00+00:00,19395.028,19398.161,19382.089,19382.089
2024-11-25 11:00:00+00:00,19381.578,19383.1665,19367.528,19369.105499999998
2024-11-25 11:05:00+00:00,19370.161,19380.0945,19365.0945,19365.0945
2024-11-25 11:10:00+00:00,19365.6,19366.65,19348.539,19354.5945
2024-11-25 11:15:00+00:00,19355.1555,19368.6,19353.1,19358.089
2024-11-25 11:20:00+00:00,19357.6,19366.122,19353.6,19366.0835
2024-11-25 11:25:00+00:00,19365.610999999997,19365.672,19355.1,19356.622
2024-11-25 11:30:00+00:00,19356.1555,19373.539,19355.0835,19367.028
2024-11-25 11:35:00+00:00,19367.589,19378.6,19366.105499999998,19366.105499999998
2024-11-25 11:40:00+00:00,19365.605499999998,19372.1665,19363.0945,19372.105499999998
2024-11-25 11:45:00+00:00,19371.1,19377.6,19363.1,19363.1
2024-11-25 11:50:00+00:00,19362.589,19368.616499999996,19358.6165,19366.0945
2024-11-25 11:55:00+00:00,19365.05,19365.05,19344.15,19345.6
2024-11-25 12:00:00+00:00,19347.1665,19353.161,19336.105499999998,19343.1165
2024-11-25 12:05:00+00:00,19344.028,19344.539,19333.05,19334.15
2024-11-25 12:10:00+00:00,19332.589,19338.105499999998,19326.539,19335.161
2024-11-25 12:15:00+00:00,19334.039,19360.1555,19333.028,19354.6665
2024-11-25 12:20:00+00:00,19354.110999999997,19355.1665,19339.05,19341.110999999997
2024-11-25 12:25:00+00:00,19340.6665,19346.0335,19336.1,19341.105499999998
2024-11-25 12:30:00+00:00,19342.0835,19357.528,19338.605499999998,19357.528
2024-11-25 12:35:00+00:00,19356.578,19366.672,19353.1165,19365.0445
2024-11-25 12:40:00+00:00,19364.1,19373.6,19360.089,19369.610999999997
2024-11-25 12:45:00+00:00,19369.110999999997,19380.622,19367.1,19378.028
2024-11-25 12:50:00+00:00,19378.6,19395.6,19378.110999999997,19389.089
2024-11-25 12:55:00+00:00,19389.65,19393.539,19382.6,19386.0945
2024-11-25 13:00:00+00:00,19388.105499999998,19405.1665,19388.089,19398.110999999997
2024-11-25 13:05:00+00:00,19397.610999999997,19414.589,19395.539,19413.0835
2024-11-25 13:10:00+00:00,19412.0945,19417.110999999997,19401.028,19416.1665
2024-11-25 13:15:00+00:00,19416.5835,19420.172,19408.5945,19409.0945
2024-11-25 13:20:00+00:00,19410.610999999997,19415.65,19398.0445,19400.6555
2024-11-25 13:25:00+00:00,19401.110999999997,19410.161,19399.110999999997,19407.1
2024-11-25 13:30:00+00:00,19407.528,19410.1555,19394.5945,19401.1555
2024-11-25 13:35:00+00:00,19401.55,19418.589,19401.5445,19417.039
2024-11-25 13:40:00+00:00,19417.610999999997,19424.1555,19412.161,19414.1
2024-11-25 13:45:00+00:00,19413.6165,19417.6165,19404.105499999998,19412.1555
2024-11-25 13:50:00+00:00,19411.110999999997,19416.1165,19408.0835,19411.110999999997
2024-11-25 13:55:00+00:00,19410.0835,19429.089,19410.0835,19423.1
2024-11-25 14:00:00+00:00,19422.1555,19425.605499999998,19403.0445,19403.5445
2024-11-25 14:05:00+00:00,19403.1,19410.110999999997,19395.0335,19399.105499999998
2024-11-25 14:10:00+00:00,19400.172,19405.1165,19396.1,19399.089
2024-11-25 14:15:00+00:00,19398.578,19415.1,19396.0335,19415.1
2024-11-25 14:20:00+00:00,19416.1,19424.1555,19409.05,19424.0945
2024-11-25 14:25:00+00:00,19422.161,19423.605499999998,19400.105499999998,19401.1
2024-11-25 14:30:00+00:00,19402.0835,19426.5945,19394.078,19424.028
2024-11-25 14:35:00+00:00,19423.5835,19437.622,19411.0945,19431.0835
2024-11-25 14:40:00+00:00,19430.5445,19438.0835,19423.1,19428.05
2024-11-25 14:45:00+00:00,19429.0835,19439.0945,19415.0945,19421.110999999997
2024-11-25 14:50:00+00:00,19420.110999999997,19428.161,19407.1,19423.0945
2024-11-25 14:55:00+00:00,19424.589,19433.161,19414.039,19420.105499999998
2024-11-25 15:00:00+00:00,19418.0945,19419.122,19397.605499999998,19407.089
2024-11-25 15:05:00+00:00,19407.65,19428.610999999997,19406.089,19412.116499999996
2024-11-25 15:10:00+00:00,19411.105499999998,19417.65,19375.0945,19386.1665
2024-11-25 15:15:00+00:00,19386.6,19402.1,19385.110999999997,19395.089
2024-11-25 15:20:00+00:00,19394.6,19403.1665,19390.0445,19402.1
2024-11-25 15:25:00+00:00,19401.5945,19414.110999999997,19400.105499999998,19413.1
2024-11-25 15:30:00+00:00,19412.089,19414.1665,19396.1665,19401.116499999996
2024-11-25 15:35:00+00:00,19400.110999999997,19410.122,19394.0945,19396.1
2024-11-25 15:40:00+00:00,19395.6,19416.6665,19395.1,19415.6
2024-11-25 15:45:00+00:00,19416.105499999998,19416.105499999998,19392.0835,19405.5445
2024-11-25 15:50:00+00:00,19406.1,19423.6,19405.5335,19421.172
2024-11-25 15:55:00+00:00,19422.089,19428.605499999998,19418.0945,19426.0335
2024-11-25 16:00:00+00:00,19424.1665,19438.1665,19421.605499999998,19437.1
2024-11-25 16:05:00+00:00,19436.5445,19438.605499999998,19420.110999999997,19423.110999999997
2024-11-25 16:10:00+00:00,19424.1165,19438.089,19422.5835,19428.605499999998
2024-11-25 16:15:00+00:00,19429.028,19437.1165,19427.110999999997,19434.0835
2024-11-25 16:20:00+00:00,19433.1665,19434.6,19419.110999999997,19422.578
2024-11-25 16:25:00+00:00,19422.15,19423.172,19405.6,19409.5335
2024-11-25 16:30:00+00:00,19408.539,19417.5445,19400.605499999998,19407.0335
2024-11-25 16:35:00+00:00,19406.116499999996,19408.55,19378.0335,19384.1
2024-11-25 16:40:00+00:00,19384.6665,19399.15,19380.1,19396.161
2024-11-25 16:45:00+00:00,19396.5835,19398.661,19378.1,19383.610999999997
2024-11-25 16:50:00+00:00,19384.6165,19389.1,19383.0835,19384.6
2024-11-25 16:55:00+00:00,19384.0335,19390.605499999998,19379.172,19380.622
2024-11-25 17:00:00+00:00,19381.089,19395.110999999997,19380.039,19393.539
2024-11-25 17:05:00+00:00,19393.0335,19396.672,19382.0945,19383.622
2024-11-25 17:10:00+00:00,19384.1,19391.610999999997,19377.0835,19383.0945
2024-11-25 17:15:00+00:00,19382.089,19387.1555,19378.5835,19379.089
2024-11-25 17:20:00+00:00,19378.610999999997,19380.1555,19351.610999999997,19358.589
2024-11-25 17:25:00+00:00,19359.0945,19372.6,19358.5945,19362.5945
2024-11-25 17:30:00+00:00,19363.0445,19371.5945,19361.089,19367.105499999998
2024-11-25 17:35:00+00:00,19366.5835,19368.15,19354.039,19356.589
2024-11-25 17:40:00+00:00,19356.110999999997,19361.122,19343.5945,19348.589
2024-11-25 17:45:00+00:00,19349.116499999996,19356.039,19338.55,19355.6
2024-11-25 17:50:00+00:00,19355.1,19368.6665,19355.1,19368.1665
2024-11-25 17:55:00+00:00,19367.616499999996,19375.0835,19366.6,19370.5945
2024-11-25 18:00:00+00:00,19371.0335,19390.1,19370.528,19388.6
2024-11-25 18:05:00+00:00,19389.1,19391.078,19383.05,19384.5835
2024-11-25 18:10:00+00:00,19384.116499999996,19392.5945,19383.5945,19392.1165
2024-11-25 18:15:00+00:00,19391.605499999998,19392.161,19385.105499999998,19389.539
2024-11-25 18:20:00+00:00,19389.15,19397.110999999997,19385.539,19396.110999999997
2024-11-25 18:25:00+00:00,19395.5945,19396.610999999997,19390.089,19391.1665
2024-11-25 18:30:00+00:00,19390.605499999998,19397.1,19387.55,19396.110999999997
2024-11-25 18:35:00+00:00,19395.5945,19398.1,19392.105499999998,19398.1
2024-11-25 18:40:00+00:00,19398.5945,19400.6,19392.6165,19394.105499999998
2024-11-25 18:45:00+00:00,19394.589,19400.6,19393.672,19395.1555
2024-11-25 18:50:00+00:00,19395.605499999998,19399.122,19391.528,19391.605499999998
2024-11-25 18:55:00+00:00,19392.110999999997,19395.1,19390.078,19394.05
2024-11-25 19:00:00+00:00,19393.589,19394.605499999998,19387.05,19389.110999999997
2024-11-25 19:05:00+00:00,19388.6,19396.0945,19383.610999999997,19396.05
2024-11-25 19:10:00+00:00,19395.6665,19397.089,19393.1,19395.1
2024-11-25 19:15:00+00:00,19394.539,19399.622,19394.161,19399.078
2024-11-25 19:20:00+00:00,19398.6,19399.089,19379.1,19383.089
2024-11-25 19:25:00+00:00,19383.6,19388.539,19381.110999999997,19387.6
2024-11-25 19:30:00+00:00,19387.1,19388.1,19382.589,19385.089
2024-11-25 19:35:00+00:00,19385.610999999997,19390.1165,19384.539,19386.0835
2024-11-25 19:40:00+00:00,19385.610999999997,19395.110999999997,19385.610999999997,19394.161
2024-11-25 19:45:00+00:00,19393.5945,19401.122,19392.1,19398.622
2024-11-25 19:50:00+00:00,19399.0335,19404.6,19398.1,19400.5445
2024-11-25 19:55:00+00:00,19399.161,19401.105499999998,19397.105499999998,19398.0445
2024-11-25 20:00:00+00:00,19398.55,19398.5945,19380.0945,19385.5335
2024-11-25 20:05:00+00:00,19386.0335,19393.6665,19383.039,19392.110999999997
2024-11-25 20:10:00+00:00,19392.528,19395.661,19389.6665,19391.1
2024-11-25 20:15:00+00:00,19391.605499999998,19398.5945,19390.539,19398.1
2024-11-25 20:20:00+00:00,19398.622,19398.622,19391.5945,19396.0945
2024-11-25 20:25:00+00:00,19395.5945,19399.1555,19394.0945,19396.1555
2024-11-25 20:30:00+00:00,19395.1,19399.5945,19390.105499999998,19390.6
2024-11-25 20:35:00+00:00,19391.078,19391.1665,19386.589,19387.6
2024-11-25 20:40:00+00:00,19388.1555,19392.6555,19386.672,19388.55
2024-11-25 20:45:00+00:00,19389.089,19393.05,19380.539,19381.0945
2024-11-25 20:50:00+00:00,19381.528,19390.1665,19379.589,19384.528
2024-11-25 20:55:00+00:00,19384.089,19388.105499999998,19378.110999999997,19379.0945
2024-11-25 21:00:00+00:00,19379.0835,19392.0,19369.4555,19383.0945
2024-11-25 21:05:00+00:00,19383.978,19397.7055,19380.7,19395.3
2024-11-25 21:10:00+00:00,19394.428,19404.2555,19393.7055,19394.772
2024-11-25 23:00:00+00:00,19389.5945,19409.0,19389.5945,19408.5945
2024-11-25 23:05:00+00:00,19408.989,19411.5,19406.5445,19409.878
2024-11-25 23:10:00+00:00,19410.689000000002,19412.366499999996,19408.1945,19411.4945
2024-11-25 23:15:00+00:00,19410.772,19411.560999999998,19409.9,19411.5055
2024-11-25 23:20:00+00:00,19411.894500000002,19413.1,19407.394500000002,19408.95
2024-11-25 23:25:00+00:00,19409.8445,19412.355499999998,19409.839,19411.5055
2024-11-25 23:30:00+00:00,19410.711,19411.5,19408.9945,19409.0
2024-11-25 23:35:00+00:00,19408.25,19409.011,19389.133500000004,19396.2945
2024-11-25 23:40:00+00:00,19395.5,19398.283499999998,19351.8055,19367.933500000003
2024-11-25 23:45:00+00:00,19369.2,19370.4055,19333.989,19350.5945
2024-11-25 23:50:00+00:00,19351.339,19351.339,19313.983500000002,19320.5
2024-11-25 23:55:00+00:00,19319.5335,19347.9555,19318.8,19336.7945
2024-11-26 00:00:00+00:00,19335.928,19338.411,19320.6,19323.1
2024-11-26 00:05:00+00:00,19322.283499999998,19322.322,19303.0945,19307.483500000002
2024-11-26 00:10:00+00:00,19305.911,19324.5,19303.428,19317.989
2024-11-26 00:15:00+00:00,19283.622,19291.105499999998,19243.028,19243.028
2024-11-26 00:20:00+00:00,19243.089,19259.089,19243.089,19257.6
2024-11-26 00:25:00+00:00,19258.605499999998,19275.5945,19258.605499999998,19275.161
2024-11-26 00:30:00+00:00,19275.55,19276.539,19264.6,19268.05
2024-11-26 00:35:00+00:00,19268.605499999998,19279.116499999996,19255.089,19261.5835
2024-11-26 00:40:00+00:00,19262.089,19268.5835,19251.116499999996,19267.605499999998
2024-11-26 00:45:00+00:00,19267.105499999998,19273.0945,19261.039,19266.661
2024-11-26 00:50:00+00:00,19267.605499999998,19268.089,19247.528,19248.578
2024-11-26 00:55:00+00:00,19249.110999999997,19249.110999999997,19231.5835,19235.610999999997
2024-11-26 01:00:00+00:00,19236.110999999997,19248.1,19221.5835,19231.610999999997
2024-11-26 01:05:00+00:00,19231.089,19252.15,19231.089,19245.6
2024-11-26 01:10:00+00:00,19245.1,19249.616499999996,19240.0835,19245.1
2024-11-26 01:15:00+00:00,19244.5945,19244.5945,19232.589,19236.0945
2024-11-26 01:20:00+00:00,19237.0335,19249.610999999997,19235.1,19247.1
2024-11-26 01:25:00+00:00,19246.5835,19261.105499999998,19246.0445,19257.616499999996
2024-11-26 01:30:00+00:00,19258.0835,19263.605499999998,19245.616499999996,19263.172
2024-11-26 01:35:00+00:00,19264.105499999998,19277.0445,19263.6,19263.6
2024-11-26 01:40:00+00:00,19265.1165,19271.0445,19261.089,19269.5945
2024-11-26 01:45:00+00:00,19269.105499999998,19273.605499999998,19263.5945,19264.578
2024-11-26 01:50:00+00:00,19264.1,19273.110999999997,19264.1,19270.1555
2024-11-26 01:55:00+00:00,19269.5945,19271.6,19262.5445,19270.110999999997
2024-11-26 02:00:00+00:00,19270.605499999998,19286.105499999998,19270.528,19285.1
2024-11-26 02:05:00+00:00,19285.610999999997,19288.589,19283.1,19286.089
2024-11-26 02:10:00+00:00,19286.610999999997,19289.0835,19283.589,19288.089
2024-11-26 02:15:00+00:00,19287.578,19292.0945,19287.578,19289.6
2024-11-26 02:20:00+00:00,19289.1165,19292.078,19285.528,19286.0835
2024-11-26 02:25:00+00:00,19286.6,19290.6665,19281.5945,19281.6555
2024-11-26 02:30:00+00:00,19282.161,19284.028,19273.589,19280.55
2024-11-26 02:35:00+00:00,19280.105499999998,19283.1165,19276.661,19281.672
2024-11-26 02:40:00+00:00,19280.589,19282.605499999998,19275.0945,19281.610999999997
2024-11-26 02:45:00+00:00,19279.1,19284.6,19275.605499999998,19276.6
2024-11-26 02:50:00+00:00,19276.110999999997,19280.6555,19275.028,19276.5335
2024-11-26 02:55:00+00:00,19277.589,19278.5945,19274.5835,19275.661
2024-11-26 03:00:00+00:00,19276.610999999997,19282.6165,19274.5335,19278.6165
2024-11-26 03:05:00+00:00,19278.0835,19284.6,19277.5945,19283.589
2024-11-26 03:10:00+00:00,19283.105499999998,19288.610999999997,19276.610999999997,19286.5445
2024-11-26 03:15:00+00:00,19284.616499999996,19291.122,19284.589,19286.6665
2024-11-26 03:20:00+00:00,19285.5445,19292.610999999997,19284.610999999997,19290.110999999997
2024-11-26 03:25:00+00:00,19289.528,19294.6665,19287.589,19292.616499999996
2024-11-26 03:30:00+00:00,19293.0835,19295.5945,19290.0945,19291.622
2024-11-26 03:35:00+00:00,19291.110999999997,19292.605499999998,19287.589,19291.589
2024-11-26 03:40:00+00:00,19292.078,19295.605499999998,19288.605499999998,19290.089
2024-11-26 03:45:00+00:00,19289.5945,19296.1,19286.5945,19296.1
2024-11-26 03:50:00+00:00,19296.605499999998,19300.6,19293.5835,19297.5945
2024-11-26 03:55:00+00:00,19296.578,19296.578,19290.605499999998,19293.55
2024-11-26 04:00:00+00:00,19294.6165,19298.616499999996,19293.605499999998,19295.5945
2024-11-26 04:05:00+00:00,19295.078,19296.5945,19293.089,19296.5945
2024-11-26 04:10:00+00:00,19296.122,19296.672,19292.5335,19293.089
2024-11-26 04:15:00+00:00,19292.6,19297.65,19292.0945,19297.65
2024-11-26 04:20:00+00:00,19298.6,19306.6,19297.528,19304.605499999998
2024-11-26 04:25:00+00:00,19305.6,19308.0835,19301.672,19304.172
2024-11-26 04:30:00+00:00,19303.589,19305.105499999998,19297.0445,19297.0445
2024-11-26 04:35:00+00:00,19297.5335,19301.1,19297.5335,19300.6
2024-11-26 04:40:00+00:00,19300.0835,19300.0835,19285.5335,19285.5335
2024-11-26 04:45:00+00:00,19286.105499999998,19287.6,19278.528,19282.605499999998
2024-11-26 04:50:00+00:00,19283.105499999998,19290.65,19279.6,19289.589
2024-11-26 04:55:00+00:00,19291.6165,19292.610999999997,19284.5835,19286.5835
2024-11-26 05:00:00+00:00,19285.528,19294.605499999998,19284.589,19290.6
2024-11-26 05:05:00+00:00,19291.105499999998,19294.605499999998,19290.028,19290.610999999997
2024-11-26 05:10:00+00:00,19291.6,19291.6,19280.605499999998,19281.610999999997
2024-11-26 05:15:00+00:00,19282.622,19283.539,19276.616499999996,19276.616499999996
2024-11-26 05:20:00+00:00,19277.0945,19286.605499999998,19276.6,19284.5945
2024-11-26 05:25:00+00:00,19285.605499999998,19292.0835,19282.539,19286.5945
2024-11-26 05:30:00+00:00,19285.6665,19296.5945,19282.110999999997,19295.605499999998
2024-11-26 05:35:00+00:00,19294.5835,19297.65,19292.5945,19294.672
2024-11-26 05:40:00+00:00,19293.616499999996,19293.616499999996,19277.622,19286.5945
2024-11-26 05:45:00+00:00,19285.0445,19287.605499999998,19280.5835,19286.672
2024-11-26 05:50:00+00:00,19287.05,19289.172,19278.028,19278.610999999997
2024-11-26 05:55:00+00:00,19279.610999999997,19282.528,19274.039,19276.528
2024-11-26 06:00:00+00:00,19277.105499999998,19281.610999999997,19273.6665,19280.5945
2024-11-26 06:05:00+00:00,19281.6,19284.6,19276.605499999998,19282.65
2024-11-26 06:10:00+00:00,19281.5835,19284.089,19275.528,19277.6
2024-11-26 06:15:00+00:00,19278.15,19285.6,19275.6665,19282.6555
2024-11-26 06:20:00+00:00,19282.105499999998,19290.1,19282.05,19288.6665
2024-11-26 06:25:00+00:00,19289.1,19294.5945,19284.6555,19290.5445
2024-11-26 06:30:00+00:00,19290.161,19292.6,19285.089,19287.610999999997
2024-11-26 06:35:00+00:00,19288.039,19294.616499999996,19284.6,19294.589
2024-11-26 06:40:00+00:00,19294.15,19306.161,19294.15,19302.5945
2024-11-26 06:45:00+00:00,19302.0445,19304.672,19297.039,19297.078
2024-11-26 06:50:00+00:00,19297.589,19297.589,19290.6555,19292.539
2024-11-26 06:55:00+00:00,19292.110999999997,19296.105499999998,19289.578,19296.05
2024-11-26 07:00:00+00:00,19294.6,19298.6555,19274.605499999998,19285.110999999997
2024-11-26 07:05:00+00:00,19284.65,19292.078,19274.0835,19281.605499999998
2024-11-26 07:10:00+00:00,19282.672,19294.5945,19282.610999999997,19290.5945
2024-11-26 07:15:00+00:00,19289.610999999997,19333.0945,19287.5945,19326.6165
2024-11-26 07:20:00+00:00,19326.05,19349.589,19319.5945,19335.1555
2024-11-26 07:25:00+00:00,19334.610999999997,19344.5835,19331.622,19332.605499999998
2024-11-26 07:30:00+00:00,19333.6,19334.1165,19309.672,19311.6
2024-11-26 07:35:00+00:00,19310.605499999998,19322.1555,19299.6555,19319.5835
2024-11-26 07:40:00+00:00,19319.110999999997,19321.1,19305.672,19308.6
2024-11-26 07:45:00+00:00,19310.6,19322.610999999997,19309.1,19316.6665
2024-11-26 07:50:00+00:00,19316.1555,19324.110999999997,19312.6555,19317.5945
2024-11-26 07:55:00+00:00,19318.605499999998,19331.6665,19310.578,19317.5945
2024-11-26 08:00:00+00:00,19322.578,19327.028,19290.605499999998,19316.6
2024-11-26 08:05:00+00:00,19315.55,19315.55,19286.661,19291.661
2024-11-26 08:10:00+00:00,19291.1,19291.605499999998,19262.610999999997,19264.5945
2024-11-26 08:15:00+00:00,19263.605499999998,19300.6665,19260.6,19295.5835
2024-11-26 08:20:00+00:00,19294.6,19294.661,19277.539,19286.161
2024-11-26 08:25:00+00:00,19285.6165,19293.6555,19271.0945,19278.622
2024-11-26 08:30:00+00:00,19275.610999999997,19275.610999999997,19252.6555,19257.589
2024-11-26 08:35:00+00:00,19258.028,19263.616499999996,19236.589,19256.605499999998
2024-11-26 08:40:00+00:00,19256.1,19266.172,19248.1,19265.6
2024-11-26 08:45:00+00:00,19264.605499999998,19285.605499999998,19264.0945,19282.6
2024-11-26 08:50:00+00:00,19281.6,19292.089,19275.039,19275.5945
2024-11-26 08:55:00+00:00,19274.5445,19277.122,19260.028,19270.0945
2024-11-26 09:00:00+00:00,19268.1,19315.110999999997,19268.1,19308.161
2024-11-26 09:05:00+00:00,19307.610999999997,19324.6,19288.5835,19291.6
2024-11-26 09:10:00+00:00,19292.65,19309.622,19290.078,19299.6665
2024-11-26 09:15:00+00:00,19300.622,19318.589,19297.028,19304.6165
2024-11-26 09:20:00+00:00,19303.089,19308.610999999997,19296.1,19296.6
2024-11-26 09:25:00+00:00,19296.110999999997,19307.110999999997,19293.0445,19298.116499999996
2024-11-26 09:30:00+00:00,19296.1,19301.0945,19288.605499999998,19294.5335
2024-11-26 09:35:00+00:00,19293.105499999998,19311.610999999997,19290.5445,19307.6
2024-11-26 09:40:00+00:00,19306.6665,19313.5835,19302.0835,19307.105499999998
2024-11-26 09:45:00+00:00,19307.610999999997,19307.610999999997,19280.0945,19283.105499999998
2024-11-26 09:50:00+00:00,19283.6,19299.089,19280.1,19288.1165
2024-11-26 09:55:00+00:00,19289.15,19302.5945,19286.039,19289.0445
2024-11-26 10:00:00+00:00,19291.1,19313.1555,19291.1,19307.1
2024-11-26 10:05:00+00:00,19306.578,19307.1,19290.0945,19292.105499999998
2024-11-26 10:10:00+00:00,19291.1,19304.1165,19290.6,19301.65
2024-11-26 10:15:00+00:00,19302.089,19310.0945,19293.610999999997,19296.0835
2024-11-26 10:20:00+00:00,19295.1,19307.589,19292.0445,19298.6
2024-11-26 10:25:00+00:00,19297.605499999998,19298.1,19284.0945,19289.1
2024-11-26 10:30:00+00:00,19290.0335,19296.089,19284.5835,19288.610999999997
2024-11-26 10:35:00+00:00,19288.105499999998,19298.610999999997,19286.089,19286.089
2024-11-26 10:40:00+00:00,19288.1,19288.1,19270.0445,19283.0835
2024-11-26 10:45:00+00:00,19282.105499999998,19296.528,19282.105499999998,19294.1
2024-11-26 10:50:00+00:00,19293.55,19304.5945,19290.105499999998,19303.0835
2024-11-26 10:55:00+00:00,19303.578,19310.15,19300.6,19302.0835
2024-11-26 11:00:00+00:00,19303.55,19306.0945,19292.105499999998,19300.0335
2024-11-26 11:05:00+00:00,19299.622,19319.110999999997,19297.039,19313.1665
2024-11-26 11:10:00+00:00,19313.6,19320.0945,19306.539,19309.605499999998
2024-11-26 11:15:00+00:00,19310.0945,19320.6,19304.6,19306.110999999997
2024-11-26 11:20:00+00:00,19306.55,19317.1165,19304.5945,19313.5445
2024-11-26 11:25:00+00:00,19314.661,19318.116499999996,19299.089,19300.172
2024-11-26 11:30:00+00:00,19300.610999999997,19301.1555,19292.616499999996,19298.6
2024-11-26 11:35:00+00:00,19299.0945,19315.172,19299.0945,19313.1165
2024-11-26 11:40:00+00:00,19312.589,19330.622,19309.1,19330.105499999998
2024-11-26 11:45:00+00:00,19329.0945,19333.1555,19322.6555,19323.622
2024-11-26 11:50:00+00:00,19324.110999999997,19345.622,19320.1665,19339.661
2024-11-26 11:55:00+00:00,19340.1,19342.6665,19334.122,19341.1165
2024-11-26 12:00:00+00:00,19340.6165,19349.5945,19333.661,19349.5945
2024-11-26 12:05:00+00:00,19352.610999999997,19358.105499999998,19346.5945,19358.0945
2024-11-26 12:10:00+00:00,19358.65,19377.122,19358.65,19375.105499999998
2024-11-26 12:15:00+00:00,19375.6,19381.1,19363.1,19372.1665
2024-11-26 12:20:00+00:00,19373.1,19375.15,19344.089,19344.0945
2024-11-26 12:25:00+00:00,19344.661,19354.1,19338.55,19342.1555
2024-11-26 12:30:00+00:00,19343.0835,19358.110999999997,19342.078,19350.528
2024-11-26 12:35:00+00:00,19351.0945,19361.161,19351.0945,19360.5945
2024-11-26 12:40:00+00:00,19361.0945,19368.1,19353.1,19364.605499999998
2024-11-26 12:45:00+00:00,19365.089,19372.605499999998,19360.589,19371.6665
2024-11-26 12:50:00+00:00,19372.0945,19374.589,19363.6,19366.1165
2024-11-26 12:55:00+00:00,19365.539,19377.589,19364.610999999997,19375.1
2024-11-26 13:00:00+00:00,19374.0945,19377.578,19343.116499999996,19366.1
2024-11-26 13:05:00+00:00,19365.528,19385.105499999998,19361.0945,19376.028
2024-11-26 13:10:00+00:00,19376.5335,19382.0945,19352.1,19362.105499999998
2024-11-26 13:15:00+00:00,19363.161,19371.5945,19360.039,19361.0945
2024-11-26 13:20:00+00:00,19360.55,19366.05,19350.610999999997,19351.1165
2024-11-26 13:25:00+00:00,19350.6,19363.6,19350.1,19355.6
2024-11-26 13:30:00+00:00,19354.610999999997,19363.039,19353.1,19354.610999999997
2024-11-26 13:35:00+00:00,19355.05,19358.605499999998,19343.610999999997,19353.039
2024-11-26 13:40:00+00:00,19353.6,19364.116499999996,19351.5945,19353.616499999996
2024-11-26 13:45:00+00:00,19354.161,19354.161,19334.0945,19335.105499999998
2024-11-26 13:50:00+00:00,19335.528,19352.15,19333.0445,19347.105499999998
2024-11-26 13:55:00+00:00,19347.578,19349.0335,19334.5945,19346.15
2024-11-26 14:00:00+00:00,19345.661,19357.589,19344.1,19356.078
2024-11-26 14:05:00+00:00,19356.672,19365.172,19355.6,19362.0945
2024-11-26 14:10:00+00:00,19362.539,19375.161,19359.622,19372.1665
2024-11-26 14:15:00+00:00,19372.661,19374.6,19363.6165,19369.0945
2024-11-26 14:20:00+00:00,19367.105499999998,19372.6,19364.6665,19370.110999999997
2024-11-26 14:25:00+00:00,19369.622,19376.05,19361.5945,19363.1
2024-11-26 14:30:00+00:00,19362.5945,19371.172,19345.089,19349.105499999998
2024-11-26 14:35:00+00:00,19348.5945,19355.05,19332.589,19333.1
2024-11-26 14:40:00+00:00,19335.15,19357.6165,19333.039,19346.161
2024-11-26 14:45:00+00:00,19345.6555,19350.172,19334.039,19347.610999999997
2024-11-26 14:50:00+00:00,19348.589,19359.6,19340.172,19340.172
2024-11-26 14:55:00+00:00,19339.1,19348.105499999998,19338.089,19341.589
2024-11-26 15:00:00+00:00,19345.110999999997,19345.610999999997,19301.110999999997,19301.110999999997
2024-11-26 15:05:00+00:00,19302.0835,19315.15,19294.1665,19294.6665
2024-11-26 15:10:00+00:00,19294.116499999996,19294.116499999996,19283.028,19290.1
2024-11-26 15:15:00+00:00,19289.0945,19296.6,19273.089,19283.110999999997
2024-11-26 15:20:00+00:00,19285.105499999998,19298.5445,19281.05,19281.05
2024-11-26 15:25:00+00:00,19279.610999999997,19280.105499999998,19259.1,19275.0945
2024-11-26 15:30:00+00:00,19274.1,19281.161,19266.089,19277.105499999998
2024-11-26 15:35:00+00:00,19276.589,19290.1555,19275.55,19287.6
2024-11-26 15:40:00+00:00,19288.110999999997,19312.1665,19284.0945,19308.1
2024-11-26 15:45:00+00:00,19307.0945,19312.5945,19299.1,19302.161
2024-11-26 15:50:00+00:00,19303.0945,19306.6665,19290.089,19299.0945
2024-11-26 15:55:00+00:00,19300.161,19308.089,19293.1665,19294.116499999996
2024-11-26 16:00:00+00:00,19295.110999999997,19317.105499999998,19295.110999999997,19309.105499999998
2024-11-26 16:05:00+00:00,19308.110999999997,19310.0945,19290.05,19291.5945
2024-11-26 16:10:00+00:00,19291.1,19298.605499999998,19281.1,19287.0835
2024-11-26 16:15:00+00:00,19288.15,19303.1,19287.5945,19302.1
2024-11-26 16:20:00+00:00,19302.578,19313.05,19300.028,19303.589
2024-11-26 16:25:00+00:00,19303.089,19307.661,19300.039,19302.661
2024-11-26 16:30:00+00:00,19301.6555,19305.1,19289.5335,19296.589
2024-11-26 16:35:00+00:00,19296.116499999996,19311.110999999997,19293.5835,19306.1
2024-11-26 16:40:00+00:00,19306.65,19309.110999999997,19301.589,19304.15
2024-11-26 16:45:00+00:00,19303.5945,19310.6165,19301.15,19302.110999999997
2024-11-26 16:50:00+00:00,19302.6,19309.05,19301.5835,19308.1
2024-11-26 16:55:00+00:00,19308.5945,19308.605499999998,19295.5335,19295.672
2024-11-26 17:00:00+00:00,19296.6,19296.610999999997,19281.589,19283.5835
2024-11-26 17:05:00+00:00,19284.0835,19297.6,19279.589,19296.1665
2024-11-26 17:10:00+00:00,19295.578,19297.1,19287.539,19288.6
2024-11-26 17:15:00+00:00,19288.1665,19290.110999999997,19281.028,19288.55
2024-11-26 17:20:00+00:00,19289.089,19291.0945,19278.5335,19279.089
2024-11-26 17:25:00+00:00,19278.5835,19287.610999999997,19278.5835,19287.105499999998
2024-11-26 17:30:00+00:00,19286.6665,19295.0335,19286.0835,19294.5445
2024-11-26 17:35:00+00:00,19294.1,19299.161,19290.55,19298.0335
2024-11-26 17:40:00+00:00,19296.6,19311.105499999998,19296.6,19311.105499999998
2024-11-26 17:45:00+00:00,19310.610999999997,19311.605499999998,19305.6,19307.110999999997
2024-11-26 17:50:00+00:00,19307.5445,19313.605499999998,19306.05,19312.110999999997
2024-11-26 17:55:00+00:00,19311.5835,19318.078,19310.089,19312.0835
2024-11-26 18:00:00+00:00,19312.589,19313.605499999998,19308.028,19308.105499999998
2024-11-26 18:05:00+00:00,19309.110999999997,19319.5945,19308.5835,19314.1165
2024-11-26 18:10:00+00:00,19313.110999999997,19319.616499999996,19312.1,19316.161
2024-11-26 18:15:00+00:00,19317.089,19323.116499999996,19313.0835,19316.6555
2024-11-26 18:20:00+00:00,19316.089,19317.5945,19308.105499999998,19316.5445
2024-11-26 18:25:00+00:00,19316.028,19318.605499999998,19315.528,19315.610999999997
2024-11-26 18:30:00+00:00,19315.0945,19317.039,19311.089,19314.5835
2024-11-26 18:35:00+00:00,19315.0945,19315.105499999998,19303.039,19303.605499999998
2024-11-26 18:40:00+00:00,19304.105499999998,19315.1555,19303.6,19311.161
2024-11-26 18:45:00+00:00,19312.0945,19313.5945,19307.528,19311.05
2024-11-26 18:50:00+00:00,19310.605499999998,19311.605499999998,19307.5945,19310.6665
2024-11-26 18:55:00+00:00,19311.110999999997,19313.605499999998,19309.6,19312.110999999997
2024-11-26 19:00:00+00:00,19312.6,19318.605499999998,19309.672,19318.5445
2024-11-26 19:05:00+00:00,19318.0335,19318.610999999997,19302.039,19302.1165
2024-11-26 19:10:00+00:00,19302.5945,19307.105499999998,19300.122,19305.078
2024-11-26 19:15:00+00:00,19305.578,19305.578,19289.0335,19289.105499999998
2024-11-26 19:20:00+00:00,19288.15,19300.1555,19288.0335,19295.0945
2024-11-26 19:25:00+00:00,19295.6,19307.161,19295.089,19306.610999999997
2024-11-26 19:30:00+00:00,19306.1,19314.172,19303.578,19312.0945
2024-11-26 19:35:00+00:00,19312.5835,19313.161,19305.528,19309.589
2024-11-26 19:40:00+00:00,19309.1,19311.0945,19302.0835,19306.6
2024-11-26 19:45:00+00:00,19307.15,19311.116499999996,19306.528,19310.0945
2024-11-26 19:50:00+00:00,19310.578,19314.6,19309.5335,19310.05
2024-11-26 19:55:00+00:00,19309.6,19310.616499999996,19302.5945,19304.078
2024-11-26 20:00:00+00:00,19303.1,19310.589,19303.0835,19310.105499999998
2024-11-26 20:05:00+00:00,19310.5335,19315.5945,19306.589,19315.5945
2024-11-26 20:10:00+00:00,19316.110999999997,19316.6555,19311.6165,19315.6
2024-11-26 20:15:00+00:00,19316.172,19316.6555,19311.589,19311.6665
2024-11-26 20:20:00+00:00,19312.089,19312.089,19303.589,19308.6
2024-11-26 20:25:00+00:00,19309.605499999998,19313.1,19309.605499999998,19312.6
2024-11-26 20:30:00+00:00,19313.0445,19318.172,19312.5835,19316.605499999998
2024-11-26 20:35:00+00:00,19317.1555,19318.1,19313.5445,19315.110999999997
2024-11-26 20:40:00+00:00,19314.605499999998,19325.6165,19314.605499999998,19324.1
2024-11-26 20:45:00+00:00,19323.6,19335.116499999996,19323.1665,19330.0445
2024-11-26 20:50:00+00:00,19330.605499999998,19334.0835,19323.55,19329.028
2024-11-26 20:55:00+00:00,19329.5835,19331.605499999998,19315.089,19316.028
2024-11-26 21:00:00+00:00,19316.0445,19327.372,19314.5,19325.366499999996
2024-11-26 21:05:00+00:00,19324.5555,19328.4945,19322.8445,19328.4945
2024-11-26 21:10:00+00:00,19327.639000000003,19331.772,19327.639000000003,19330.089
2024-11-26 23:00:00+00:00,19329.072,19329.072,19315.011,19327.4
2024-11-26 23:05:00+00:00,19327.8,19334.2055,19326.2055,19331.7945
2024-11-26 23:10:00+00:00,19332.5335,19337.011,19332.5335,19336.2
2024-11-26 23:15:00+00:00,19335.4,19336.189000000002,19329.810999999998,19330.528
2024-11-26 23:20:00+00:00,19329.872,19331.4555,19327.0,19328.1945
2024-11-26 23:25:00+00:00,19327.389000000003,19331.4165,19325.0,19325.85
2024-11-26 23:30:00+00:00,19326.5945,19334.605499999998,19325.866499999996,19334.605499999998
2024-11-26 23:35:00+00:00,19333.728,19335.016499999998,19331.589,19331.589
2024-11-26 23:40:00+00:00,19330.860999999997,19332.35,19329.2055,19331.605499999998
2024-11-26 23:45:00+00:00,19332.4555,19334.060999999998,19331.578,19332.328
2024-11-26 23:50:00+00:00,19331.6165,19332.7445,19330.7835,19330.7835
2024-11-26 23:55:00+00:00,19331.216500000002,19333.6555,19329.9945,19332.8
2024-11-27 00:00:00+00:00,19333.5835,19334.8055,19327.2,19327.989
2024-11-27 00:05:00+00:00,19327.2,19329.605499999998,19326.4,19326.4
2024-11-27 00:10:00+00:00,19325.989,19327.2,19324.7445,19325.6
2024-11-27 00:15:00+00:00,19321.6555,19335.539,19321.116499999996,19330.089
2024-11-27 00:20:00+00:00,19330.1665,19331.039,19322.589,19323.0335
2024-11-27 00:25:00+00:00,19322.6,19323.5835,19313.089,19315.6
2024-11-27 00:30:00+00:00,19315.172,19320.672,19314.55,19316.1
2024-11-27 00:35:00+00:00,19315.5445,19318.661,19313.5945,19316.1
2024-11-27 00:40:00+00:00,19316.605499999998,19319.6165,19314.028,19319.605499999998
2024-11-27 00:45:00+00:00,19318.6165,19320.661,19317.55,19317.55
2024-11-27 00:50:00+00:00,19318.05,19327.661,19317.5335,19326.1
2024-11-27 00:55:00+00:00,19326.6,19327.6165,19323.5945,19324.6
2024-11-27 01:00:00+00:00,19323.6165,19323.6165,19316.5945,19317.616499999996
2024-11-27 01:05:00+00:00,19317.172,19318.172,19314.5835,19314.5835
2024-11-27 01:10:00+00:00,19314.161,19317.589,19312.105499999998,19317.1
2024-11-27 01:15:00+00:00,19317.605499999998,19317.672,19314.610999999997,19316.0335
2024-11-27 01:20:00+00:00,19316.5835,19321.610999999997,19316.05,19320.039
2024-11-27 01:25:00+00:00,19320.55,19321.6665,19316.1,19318.5335
2024-11-27 01:30:00+00:00,19318.089,19322.15,19318.089,19320.5945
2024-11-27 01:35:00+00:00,19320.116499999996,19323.110999999997,19313.605499999998,19317.0945
2024-11-27 01:40:00+00:00,19316.5945,19320.605499999998,19316.5945,19320.028
2024-11-27 01:45:00+00:00,19319.616499999996,19319.616499999996,19310.0835,19311.5945
2024-11-27 01:50:00+00:00,19312.110999999997,19314.622,19309.105499999998,19310.039
2024-11-27 01:55:00+00:00,19310.616499999996,19314.110999999997,19309.578,19310.6555
2024-11-27 02:00:00+00:00,19310.105499999998,19312.1,19308.578,19311.6165
2024-11-27 02:05:00+00:00,19312.1555,19312.5445,19306.105499999998,19307.6165
2024-11-27 02:10:00+00:00,19308.0445,19308.616499999996,19306.0445,19306.5835
2024-11-27 02:15:00+00:00,19306.0835,19306.6,19302.65,19305.0445
2024-11-27 02:20:00+00:00,19303.55,19314.110999999997,19303.0835,19313.5445
2024-11-27 02:25:00+00:00,19314.0945,19321.172,19314.0945,19319.5835
2024-11-27 02:30:00+00:00,19320.105499999998,19320.105499999998,19313.589,19314.161
2024-11-27 02:35:00+00:00,19313.672,19314.105499999998,19311.0445,19313.172
2024-11-27 02:40:00+00:00,19312.605499999998,19318.605499999998,19312.1,19318.110999999997
2024-11-27 02:45:00+00:00,19318.605499999998,19319.6165,19316.6,19319.122
2024-11-27 02:50:00+00:00,19320.110999999997,19321.15,19319.078,19320.0835
2024-11-27 02:55:00+00:00,19319.661,19319.661,19301.105499999998,19301.5835
2024-11-27 03:00:00+00:00,19301.0835,19302.672,19297.0945,19298.610999999997
2024-11-27 03:05:00+00:00,19298.039,19298.1,19293.028,19293.110999999997
2024-11-27 03:10:00+00:00,19292.55,19298.1,19291.5335,19296.105499999998
2024-11-27 03:15:00+00:00,19296.6665,19296.6665,19290.528,19291.110999999997
2024-11-27 03:20:00+00:00,19291.5945,19295.1555,19290.0835,19293.589
2024-11-27 03:25:00+00:00,19294.0835,19297.161,19289.089,19289.089
2024-11-27 03:30:00+00:00,19288.578,19289.116499999996,19279.05,19279.616499999996
2024-11-27 03:35:00+00:00,19281.110999999997,19283.5445,19275.0945,19276.6555
2024-11-27 03:40:00+00:00,19277.1555,19285.1,19276.616499999996,19284.0945
2024-11-27 03:45:00+00:00,19283.5945,19294.6,19283.5945,19293.672
2024-11-27 03:50:00+00:00,19293.0335,19293.0335,19287.110999999997,19288.605499999998
2024-11-27 03:55:00+00:00,19288.0945,19291.578,19286.110999999997,19290.605499999998
2024-11-27 04:00:00+00:00,19290.0835,19291.110999999997,19287.105499999998,19288.6
2024-11-27 04:05:00+00:00,19288.116499999996,19289.5835,19284.5835,19285.0945
2024-11-27 04:10:00+00:00,19285.528,19289.6,19285.528,19287.6
2024-11-27 04:15:00+00:00,19287.028,19294.110999999997,19287.028,19294.110999999997
2024-11-27 04:20:00+00:00,19293.610999999997,19294.661,19292.5445,19293.6
2024-11-27 04:25:00+00:00,19293.0945,19296.0945,19291.539,19291.6
2024-11-27 04:30:00+00:00,19292.161,19293.5445,19289.578,19290.6665
2024-11-27 04:35:00+00:00,19291.039,19291.672,19289.039,19290.1
2024-11-27 04:40:00+00:00,19290.6,19292.6,19289.105499999998,19290.605499999998
2024-11-27 04:45:00+00:00,19290.1165,19290.661,19288.616499999996,19290.161
2024-11-27 04:50:00+00:00,19289.5945,19290.039,19279.589,19288.610999999997
2024-11-27 04:55:00+00:00,19288.105499999998,19291.616499999996,19287.6,19291.616499999996
2024-11-27 05:00:00+00:00,19292.0945,19292.672,19289.15,19291.5835
2024-11-27 05:05:00+00:00,19292.15,19295.5945,19289.1,19294.610999999997
2024-11-27 05:10:00+00:00,19293.616499999996,19294.5445,19290.089,19291.1
2024-11-27 05:15:00+00:00,19291.6,19291.6555,19285.078,19286.610999999997
2024-11-27 05:20:00+00:00,19287.1665,19293.5945,19285.539,19293.0835
2024-11-27 05:25:00+00:00,19293.622,19298.622,19292.5335,19294.5945
2024-11-27 05:30:00+00:00,19292.589,19300.605499999998,19292.589,19300.105499999998
2024-11-27 05:35:00+00:00,19300.5945,19300.5945,19294.1,19294.616499999996
2024-11-27 05:40:00+00:00,19295.028,19296.661,19294.5335,19296.1
2024-11-27 05:45:00+00:00,19294.078,19295.5445,19291.5335,19294.605499999998
2024-11-27 05:50:00+00:00,19294.105499999998,19296.6,19293.5835,19296.6
2024-11-27 05:55:00+00:00,19295.622,19295.622,19284.028,19285.5335
2024-11-27 06:00:00+00:00,19286.078,19289.6555,19279.610999999997,19281.605499999998
2024-11-27 06:05:00+00:00,19281.05,19285.605499999998,19270.0835,19270.110999999997
2024-11-27 06:10:00+00:00,19270.589,19281.605499999998,19270.589,19280.55
2024-11-27 06:15:00+00:00,19281.105499999998,19287.122,19279.078,19285.5945
2024-11-27 06:20:00+00:00,19285.110999999997,19288.610999999997,19282.589,19287.65
2024-11-27 06:25:00+00:00,19288.589,19290.089,19285.0335,19285.0835
2024-11-27 06:30:00+00:00,19285.610999999997,19288.039,19282.589,19287.672
2024-11-27 06:35:00+00:00,19287.15,19287.589,19280.6665,19287.078
2024-11-27 06:40:00+00:00,19286.528,19295.172,19286.116499999996,19295.172
2024-11-27 06:45:00+00:00,19296.1,19302.110999999997,19296.1,19297.6
2024-11-27 06:50:00+00:00,19297.110999999997,19307.5945,19296.5945,19307.5945
2024-11-27 06:55:00+00:00,19306.589,19309.1665,19299.605499999998,19301.6165
2024-11-27 07:00:00+00:00,19302.610999999997,19306.672,19292.1,19305.6
2024-11-27 07:05:00+00:00,19306.122,19310.1555,19295.05,19297.172
2024-11-27 07:10:00+00:00,19296.5445,19320.1665,19289.6665,19313.55
2024-11-27 07:15:00+00:00,19313.105499999998,19326.528,19309.539,19325.5945
2024-11-27 07:20:00+00:00,19326.089,19330.161,19319.5945,19323.672
2024-11-27 07:25:00+00:00,19324.6,19325.616499999996,19316.578,19324.610999999997
2024-11-27 07:30:00+00:00,19324.105499999998,19340.6,19320.589,19333.6
2024-11-27 07:35:00+00:00,19331.55,19334.1555,19328.539,19329.6665
2024-11-27 07:40:00+00:00,19328.605499999998,19332.028,19322.672,19325.605499999998
2024-11-27 07:45:00+00:00,19326.028,19331.161,19306.55,19308.5945
2024-11-27 07:50:00+00:00,19307.610999999997,19317.6,19296.605499999998,19314.5945
2024-11-27 07:55:00+00:00,19315.039,19322.6165,19300.5335,19303.589
2024-11-27 08:00:00+00:00,19309.589,19315.0945,19246.6555,19262.589
2024-11-27 08:05:00+00:00,19264.528,19292.1555,19259.6,19288.5945
2024-11-27 08:10:00+00:00,19289.672,19289.672,19265.5835,19266.6
2024-11-27 08:15:00+00:00,19266.1,19277.6,19256.089,19259.6
2024-11-27 08:20:00+00:00,19260.605499999998,19268.6,19204.1165,19206.65
2024-11-27 08:25:00+00:00,19207.5335,19242.122,19207.5335,19223.6165
2024-11-27 08:30:00+00:00,19224.089,19232.110999999997,19209.605499999998,19232.110999999997
2024-11-27 08:35:00+00:00,19231.661,19238.078,19221.610999999997,19234.6665
2024-11-27 08:40:00+00:00,19233.5945,19233.5945,19207.5835,19221.1
2024-11-27 08:45:00+00:00,19220.610999999997,19244.078,19214.6,19237.605499999998
2024-11-27 08:50:00+00:00,19236.539,19241.6555,19220.161,19229.6
2024-11-27 08:55:00+00:00,19230.105499999998,19247.605499999998,19225.622,19245.672
2024-11-27 09:00:00+00:00,19246.661,19263.0945,19242.65,19263.0945
2024-11-27 09:05:00+00:00,19263.605499999998,19273.1,19249.5335,19249.6
2024-11-27 09:10:00+00:00,19248.116499999996,19264.028,19239.578,19256.1
2024-11-27 09:15:00+00:00,19256.5835,19266.622,19242.605499999998,19245.5835
2024-11-27 09:20:00+00:00,19246.5945,19247.110999999997,19222.0945,19238.6
2024-11-27 09:25:00+00:00,19237.6,19243.161,19217.05,19217.5335
2024-11-27 09:30:00+00:00,19216.05,19219.028,19167.0835,19171.089
2024-11-27 09:35:00+00:00,19170.110999999997,19182.5945,19147.610999999997,19172.6
2024-11-27 09:40:00+00:00,19171.172,19176.110999999997,19159.6,19164.622
2024-11-27 09:45:00+00:00,19165.6,19195.610999999997,19164.05,19181.610999999997
2024-11-27 09:50:00+00:00,19182.5945,19198.622,19182.5335,19196.6
2024-11-27 09:55:00+00:00,19197.0445,19216.1555,19195.15,19212.622
2024-11-27 10:00:00+00:00,19211.589,19217.672,19188.6,19201.622
2024-11-27 10:05:00+00:00,19202.605499999998,19212.6165,19193.0945,19193.0945
2024-11-27 10:10:00+00:00,19193.5835,19207.0335,19185.5835,19205.589
2024-11-27 10:15:00+00:00,19206.0945,19221.539,19203.605499999998,19205.589
2024-11-27 10:20:00+00:00,19206.1,19211.1,19201.55,19207.105499999998
2024-11-27 10:25:00+00:00,19206.589,19217.1,19200.528,19204.6555
2024-11-27 10:30:00+00:00,19206.6,19213.610999999997,19195.589,19195.589
2024-11-27 10:35:00+00:00,19194.605499999998,19194.605499999998,19184.5445,19189.1
2024-11-27 10:40:00+00:00,19188.578,19197.1165,19178.0945,19182.55
2024-11-27 10:45:00+00:00,19182.0945,19188.110999999997,19169.616499999996,19171.0835
2024-11-27 10:50:00+00:00,19170.605499999998,19174.5945,19160.55,19169.110999999997
2024-11-27 10:55:00+00:00,19168.578,19196.6,19168.578,19181.5945
2024-11-27 11:00:00+00:00,19180.1665,19200.578,19177.6,19191.605499999998
2024-11-27 11:05:00+00:00,19192.039,19200.65,19187.5945,19191.6
2024-11-27 11:10:00+00:00,19190.5835,19190.5835,19159.55,19160.589
2024-11-27 11:15:00+00:00,19158.610999999997,19166.610999999997,19154.5945,19160.1
2024-11-27 11:20:00+00:00,19159.605499999998,19164.672,19142.610999999997,19145.1555
2024-11-27 11:25:00+00:00,19144.622,19161.0945,19144.622,19153.661
2024-11-27 11:30:00+00:00,19154.1,19172.0945,19152.5335,19170.589
2024-11-27 11:35:00+00:00,19170.1,19176.672,19162.6,19172.6
2024-11-27 11:40:00+00:00,19171.6665,19180.5945,19164.578,19180.5945
2024-11-27 11:45:00+00:00,19181.1,19186.105499999998,19172.0335,19182.5835
2024-11-27 11:50:00+00:00,19181.6665,19204.6555,19180.5835,19202.089
2024-11-27 11:55:00+00:00,19203.1,19217.6165,19202.539,19216.6
2024-11-27 12:00:00+00:00,19214.5835,19218.1665,19198.15,19199.5445
2024-11-27 12:05:00+00:00,19199.1,19199.6,19187.605499999998,19195.5835
2024-11-27 12:10:00+00:00,19195.078,19202.1,19193.539,19198.6
2024-11-27 12:15:00+00:00,19199.5835,19205.5945,19194.0945,19205.5945
2024-11-27 12:20:00+00:00,19205.15,19225.6665,19200.672,19221.589
2024-11-27 12:25:00+00:00,19222.5945,19227.105499999998,19210.6,19214.661
2024-11-27 12:30:00+00:00,19214.172,19221.539,19211.6,19218.661
2024-11-27 12:35:00+00:00,19219.172,19223.116499999996,19211.589,19221.610999999997
2024-11-27 12:40:00+00:00,19222.089,19226.605499999998,19217.1,19224.5335
2024-11-27 12:45:00+00:00,19225.5445,19236.5945,19219.578,19221.5335
2024-11-27 12:50:00+00:00,19222.122,19222.55,19211.1,19216.078
2024-11-27 12:55:00+00:00,19216.6665,19223.6,19213.528,19214.616499999996
2024-11-27 13:00:00+00:00,19215.6555,19227.6165,19209.65,19227.6165
2024-11-27 13:05:00+00:00,19228.15,19239.1,19226.539,19237.605499999998
2024-11-27 13:10:00+00:00,19235.0945,19237.6,19223.5835,19232.0835
2024-11-27 13:15:00+00:00,19231.039,19236.05,19219.610999999997,19223.6
2024-11-27 13:20:00+00:00,19223.05,19237.528,19220.589,19231.5835
2024-11-27 13:25:00+00:00,19232.161,19239.6555,19232.0945,19235.089
2024-11-27 13:30:00+00:00,19234.1,19249.672,19234.1,19238.5835
2024-11-27 13:35:00+00:00,19238.0445,19264.610999999997,19238.0445,19258.589
2024-11-27 13:40:00+00:00,19259.0835,19271.5835,19257.1,19257.661
2024-11-27 13:45:00+00:00,19256.605499999998,19256.605499999998,19238.1,19247.161
2024-11-27 13:50:00+00:00,19246.028,19254.672,19240.078,19240.078
2024-11-27 13:55:00+00:00,19239.539,19239.539,19214.6,19229.5945
2024-11-27 14:00:00+00:00,19230.078,19233.122,19211.5945,19211.5945
2024-11-27 14:05:00+00:00,19212.616499999996,19214.5445,19183.0945,19188.5945
2024-11-27 14:10:00+00:00,19189.5945,19221.6165,19189.5945,19217.672
2024-11-27 14:15:00+00:00,19218.605499999998,19231.0835,19216.528,19231.0835
2024-11-27 14:20:00+00:00,19230.616499999996,19240.6665,19224.5335,19224.5945
2024-11-27 14:25:00+00:00,19223.6,19241.1,19223.6,19237.110999999997
2024-11-27 14:30:00+00:00,19236.605499999998,19259.5945,19231.5445,19249.610999999997
2024-11-27 14:35:00+00:00,19248.589,19251.6,19227.610999999997,19244.539
2024-11-27 14:40:00+00:00,19245.0945,19266.672,19243.528,19265.589
2024-11-27 14:45:00+00:00,19265.1165,19266.1555,19245.1,19250.6
2024-11-27 14:50:00+00:00,19249.6665,19253.65,19237.672,19237.672
2024-11-27 14:55:00+00:00,19236.661,19261.039,19235.539,19257.0945
2024-11-27 15:00:00+00:00,19258.039,19266.1,19245.5335,19249.6
2024-11-27 15:05:00+00:00,19250.6,19264.6,19242.610999999997,19261.5945
2024-11-27 15:10:00+00:00,19262.6,19268.110999999997,19256.1,19267.161
2024-11-27 15:15:00+00:00,19265.605499999998,19268.172,19245.172,19255.028
2024-11-27 15:20:00+00:00,19254.110999999997,19265.1,19248.6,19253.105499999998
2024-11-27 15:25:00+00:00,19252.6,19259.6,19246.6,19254.589
2024-11-27 15:30:00+00:00,19255.105499999998,19260.5335,19244.605499999998,19247.089
2024-11-27 15:35:00+00:00,19248.0945,19253.5945,19220.6,19220.6
2024-11-27 15:40:00+00:00,19220.1665,19250.605499999998,19220.1665,19247.6
2024-11-27 15:45:00+00:00,19247.0835,19250.5445,19236.6,19242.589
2024-11-27 15:50:00+00:00,19241.55,19257.116499999996,19239.0835,19250.55
2024-11-27 15:55:00+00:00,19251.039,19257.089,19245.122,19250.622
2024-11-27 16:00:00+00:00,19251.1555,19259.6,19244.089,19244.089
2024-11-27 16:05:00+00:00,19244.65,19255.6665,19236.6,19253.039
2024-11-27 16:10:00+00:00,19252.6,19260.1555,19246.1,19259.5945
2024-11-27 16:15:00+00:00,19259.05,19262.5945,19246.089,19247.610999999997
2024-11-27 16:20:00+00:00,19248.539,19261.161,19248.539,19256.1
2024-11-27 16:25:00+00:00,19255.55,19262.661,19254.1,19260.1665
2024-11-27 16:30:00+00:00,19259.089,19262.1,19249.0445,19260.0945
2024-11-27 16:35:00+00:00,19260.589,19278.1555,19260.589,19277.672
2024-11-27 16:40:00+00:00,19277.039,19282.110999999997,19261.610999999997,19263.589
2024-11-27 16:45:00+00:00,19263.039,19265.1165,19246.0445,19247.5945
2024-11-27 16:50:00+00:00,19248.089,19252.5945,19242.5835,19247.6555
2024-11-27 16:55:00+00:00,19247.105499999998,19251.105499999998,19244.5835,19249.6
2024-11-27 17:00:00+00:00,19249.089,19249.6165,19237.6665,19244.528
2024-11-27 17:05:00+00:00,19245.0945,19248.1,19231.5945,19238.1
2024-11-27 17:10:00+00:00,19238.6165,19256.6165,19237.610999999997,19254.5945
2024-11-27 17:15:00+00:00,19254.0945,19256.589,19244.589,19250.65
2024-11-27 17:20:00+00:00,19249.6555,19256.672,19246.5945,19247.5335
2024-11-27 17:25:00+00:00,19248.1665,19255.6,19247.1,19254.610999999997
2024-11-27 17:30:00+00:00,19255.161,19256.672,19244.039,19249.122
2024-11-27 17:35:00+00:00,19248.1165,19252.610999999997,19245.65,19250.6555
2024-11-27 17:40:00+00:00,19251.605499999998,19251.65,19244.5945,19247.1665
2024-11-27 17:45:00+00:00,19246.6,19256.172,19244.5945,19255.610999999997
2024-11-27 17:50:00+00:00,19254.672,19261.605499999998,19253.6,19254.5945
2024-11-27 17:55:00+00:00,19254.15,19257.1665,19251.610999999997,19256.089
2024-11-27 18:00:00+00:00,19255.0945,19257.1,19250.605499999998,19256.1555
2024-11-27 18:05:00+00:00,19255.605499999998,19259.6555,19253.1165,19259.122
2024-11-27 18:10:00+00:00,19258.616499999996,19262.172,19256.1,19262.1
2024-11-27 18:15:00+00:00,19263.105499999998,19270.6665,19260.078,19270.1
2024-11-27 18:20:00+00:00,19270.5335,19270.6665,19265.55,19266.605499999998
2024-11-27 18:25:00+00:00,19267.605499999998,19271.605499999998,19261.5945,19262.6
2024-11-27 18:30:00+00:00,19261.1555,19269.15,19259.05,19268.1665
2024-11-27 18:35:00+00:00,19267.5945,19275.610999999997,19267.5945,19273.578
2024-11-27 18:40:00+00:00,19274.1165,19275.15,19271.578,19272.6165
2024-11-27 18:45:00+00:00,19273.110999999997,19273.589,19262.6,19266.1
2024-11-27 18:50:00+00:00,19265.605499999998,19273.0945,19264.0945,19272.55
2024-11-27 18:55:00+00:00,19272.105499999998,19279.05,19271.589,19273.089
2024-11-27 19:00:00+00:00,19272.605499999998,19279.0945,19271.089,19277.6
2024-11-27 19:05:00+00:00,19278.105499999998,19278.1165,19270.05,19270.5945
2024-11-27 19:10:00+00:00,19270.089,19271.1,19265.610999999997,19271.0945
2024-11-27 19:15:00+00:00,19271.622,19271.65,19266.1,19267.589
2024-11-27 19:20:00+00:00,19267.105499999998,19270.161,19263.589,19270.1
2024-11-27 19:25:00+00:00,19271.0945,19271.539,19264.5945,19266.5945
2024-11-27 19:30:00+00:00,19267.078,19268.610999999997,19264.089,19264.0945
2024-11-27 19:35:00+00:00,19263.605499999998,19266.0445,19258.5945,19265.028
2024-11-27 19:40:00+00:00,19265.528,19271.172,19263.039,19267.528
2024-11-27 19:45:00+00:00,19268.1,19271.6,19265.589,19269.6665
2024-11-27 19:50:00+00:00,19269.1,19272.1665,19268.089,19268.622
2024-11-27 19:55:00+00:00,19269.122,19269.5945,19264.528,19264.5945
2024-11-27 20:00:00+00:00,19264.105499999998,19265.161,19261.039,19263.172
2024-11-27 20:05:00+00:00,19262.672,19265.6665,19262.578,19264.1665
2024-11-27 20:10:00+00:00,19263.1,19264.110999999997,19256.5945,19257.110999999997
2024-11-27 20:15:00+00:00,19258.1,19262.672,19257.1165,19262.1665
2024-11-27 20:20:00+00:00,19261.6,19263.605499999998,19256.6,19260.5945
2024-11-27 20:25:00+00:00,19261.0835,19263.6,19257.028,19262.528
2024-11-27 20:30:00+00:00,19262.05,19268.6665,19261.0335,19267.5945
2024-11-27 20:35:00+00:00,19267.0835,19269.5945,19263.1,19267.5835
2024-11-27 20:40:00+00:00,19267.078,19267.6555,19258.528,19267.6555
2024-11-27 20:45:00+00:00,19267.089,19277.589,19266.5835,19275.605499999998
2024-11-27 20:50:00+00:00,19275.15,19278.6165,19271.089,19276.5835
2024-11-27 20:55:00+00:00,19277.028,19278.672,19269.5835,19275.105499999998
2024-11-27 21:00:00+00:00,19274.65,19279.6,19269.733500000002,19279.6
2024-11-27 21:05:00+00:00,19278.7835,19278.816499999997,19271.5445,19274.0
2024-11-27 21:10:00+00:00,19274.816499999997,19278.0555,19273.2,19276.4165
2024-11-27 23:00:00+00:00,19279.9555,19295.089,19279.3055,19295.089
2024-11-27 23:05:00+00:00,19294.628,19299.272,19291.8445,19291.911
2024-11-27 23:10:00+00:00,19292.3055,19294.3,19287.0945,19294.3
2024-11-27 23:15:00+00:00,19293.889000000003,19294.310999999998,19290.228,19293.4945
2024-11-27 23:20:00+00:00,19294.766499999998,19298.2945,19294.355499999998,19296.716500000002
2024-11-27 23:25:00+00:00,19296.283499999998,19298.310999999998,19295.9,19297.5
2024-11-27 23:30:00+00:00,19297.9165,19300.7055,19297.5165,19299.560999999998
2024-11-27 23:35:00+00:00,19299.0945,19299.972,19297.239,19297.7
2024-11-27 23:40:00+00:00,19298.105499999998,19298.9,19297.283499999998,19298.478
2024-11-27 23:45:00+00:00,19298.1,19299.2445,19297.228,19297.322
2024-11-27 23:50:00+00:00,19298.110999999997,19299.7555,19297.3055,19297.316499999997
2024-11-27 23:55:00+00:00,19296.316499999997,19298.7555,19296.233500000002,19297.105499999998
2024-11-28 00:00:00+00:00,19297.511,19299.672,19297.089,19297.9055
2024-11-28 00:05:00+00:00,19298.6945,19304.472,19297.85,19304.3835
2024-11-28 00:10:00+00:00,19303.5945,19304.4555,19302.739,19303.6
2024-11-28 00:15:00+00:00,19304.6,19321.0445,19304.6,19307.161
2024-11-28 00:20:00+00:00,19307.089,19307.089,19295.089,19295.089
2024-11-28 00:25:00+00:00,19292.0445,19300.105499999998,19292.0445,19298.122
2024-11-28 00:30:00+00:00,19298.5945,19302.6,19296.1,19296.1
2024-11-28 00:35:00+00:00,19297.161,19302.6555,19296.528,19302.6555
2024-11-28 00:40:00+00:00,19302.05,19303.1,19301.05,19303.0945
2024-11-28 00:45:00+00:00,19302.5835,19306.161,19298.089,19300.528
2024-11-28 00:50:00+00:00,19300.1,19302.0945,19298.5945,19301.6555
2024-11-28 00:55:00+00:00,19301.0445,19302.105499999998,19299.5335,19301.1
2024-11-28 01:00:00+00:00,19300.6,19303.661,19295.589,19295.6
2024-11-28 01:05:00+00:00,19296.1,19297.1555,19292.6,19295.6665
2024-11-28 01:10:00+00:00,19296.089,19299.610999999997,19296.089,19298.605499999998
2024-11-28 01:15:00+00:00,19298.105499999998,19304.05,19297.605499999998,19301.116499999996
2024-11-28 01:20:00+00:00,19300.6665,19301.122,19294.539,19296.105499999998
2024-11-28 01:25:00+00:00,19296.610999999997,19298.605499999998,19296.0445,19298.605499999998
2024-11-28 01:30:00+00:00,19300.15,19301.1555,19299.1,19300.6
2024-11-28 01:35:00+00:00,19301.110999999997,19301.6,19299.1665,19300.6
2024-11-28 01:40:00+00:00,19301.105499999998,19309.6,19299.528,19309.6
2024-11-28 01:45:00+00:00,19310.1,19336.0945,19309.589,19332.1555
2024-11-28 01:50:00+00:00,19332.589,19337.15,19309.55,19309.55
2024-11-28 01:55:00+00:00,19308.6,19309.578,19300.1,19302.5945
2024-11-28 02:00:00+00:00,19304.1,19316.6,19302.528,19314.5335
2024-11-28 02:05:00+00:00,19315.105499999998,19318.15,19309.0335,19318.15
2024-11-28 02:10:00+00:00,19318.55,19321.605499999998,19313.6,19318.5945
2024-11-28 02:15:00+00:00,19319.0945,19323.5945,19318.528,19320.589
2024-11-28 02:20:00+00:00,19320.110999999997,19324.172,19320.110999999997,19322.1
2024-11-28 02:25:00+00:00,19321.589,19329.6555,19320.6,19323.6555
2024-11-28 02:30:00+00:00,19323.089,19324.5835,19318.578,19319.105499999998
2024-11-28 02:35:00+00:00,19319.6,19323.0945,19317.1,19317.1
2024-11-28 02:40:00+00:00,19316.028,19323.110999999997,19313.672,19322.0445
2024-11-28 02:45:00+00:00,19322.55,19323.589,19321.5445,19322.539
2024-11-28 02:50:00+00:00,19324.0945,19328.028,19323.5445,19327.116499999996
2024-11-28 02:55:00+00:00,19326.5945,19328.6,19325.6,19327.55
2024-11-28 03:00:00+00:00,19327.0945,19329.078,19326.028,19326.0945
2024-11-28 03:05:00+00:00,19326.6,19326.6,19321.6,19326.116499999996
2024-11-28 03:10:00+00:00,19326.528,19328.1,19326.1,19326.1555
2024-11-28 03:15:00+00:00,19327.605499999998,19328.589,19321.028,19321.65
2024-11-28 03:20:00+00:00,19321.0945,19321.610999999997,19317.0835,19318.0945
2024-11-28 03:25:00+00:00,19317.110999999997,19327.5945,19317.110999999997,19324.605499999998
2024-11-28 03:30:00+00:00,19324.105499999998,19327.172,19321.110999999997,19327.172
2024-11-28 03:35:00+00:00,19326.589,19332.6165,19326.589,19332.6165
2024-11-28 03:40:00+00:00,19333.0835,19344.1,19332.55,19340.6
2024-11-28 03:45:00+00:00,19341.039,19345.1665,19339.5445,19344.0945
2024-11-28 03:50:00+00:00,19343.5945,19343.605499999998,19340.528,19341.6665
2024-11-28 03:55:00+00:00,19340.610999999997,19346.0945,19340.610999999997,19345.6665
2024-11-28 04:00:00+00:00,19346.089,19346.172,19336.0945,19337.610999999997
2024-11-28 04:05:00+00:00,19337.1,19337.672,19334.089,19334.1665
2024-11-28 04:10:00+00:00,19333.661,19336.028,19333.1,19333.1
2024-11-28 04:15:00+00:00,19332.605499999998,19338.172,19331.605499999998,19337.172
2024-11-28 04:20:00+00:00,19336.6,19336.6,19331.0835,19331.0835
2024-11-28 04:25:00+00:00,19332.0445,19338.116499999996,19332.0445,19336.078
2024-11-28 04:30:00+00:00,19336.5945,19338.105499999998,19335.1,19337.5445
2024-11-28 04:35:00+00:00,19337.105499999998,19342.1,19337.0945,19340.0445
2024-11-28 04:40:00+00:00,19339.589,19341.1555,19337.5945,19338.539
2024-11-28 04:45:00+00:00,19338.039,19338.5445,19335.5445,19337.078
2024-11-28 04:50:00+00:00,19336.578,19336.578,19333.05,19334.1665
2024-11-28 04:55:00+00:00,19333.6665,19337.028,19333.1,19334.6
2024-11-28 05:00:00+00:00,19334.105499999998,19339.6555,19330.0835,19333.605499999998
2024-11-28 05:05:00+00:00,19333.1,19333.6665,19328.1,19329.672
2024-11-28 05:10:00+00:00,19329.105499999998,19334.0835,19325.1555,19332.172
2024-11-28 05:15:00+00:00,19332.6,19337.172,19331.5945,19332.1
2024-11-28 05:20:00+00:00,19331.6555,19334.539,19331.6555,19333.578
2024-11-28 05:25:00+00:00,19334.0945,19340.089,19333.528,19340.0835
2024-11-28 05:30:00+00:00,19340.528,19342.5945,19339.15,19342.1
2024-11-28 05:35:00+00:00,19341.610999999997,19347.1,19341.578,19346.6
2024-11-28 05:40:00+00:00,19345.6,19348.0835,19343.0945,19344.589
2024-11-28 05:45:00+00:00,19345.589,19345.589,19341.0945,19343.110999999997
2024-11-28 05:50:00+00:00,19344.0945,19348.0945,19343.105499999998,19345.6
2024-11-28 05:55:00+00:00,19345.122,19348.661,19343.55,19345.6165
2024-11-28 06:00:00+00:00,19346.610999999997,19352.672,19333.605499999998,19336.0945
2024-11-28 06:05:00+00:00,19334.661,19344.5945,19332.578,19341.610999999997
2024-11-28 06:10:00+00:00,19341.089,19341.6555,19337.05,19339.6665
2024-11-28 06:15:00+00:00,19339.05,19342.605499999998,19337.089,19338.0945
2024-11-28 06:20:00+00:00,19337.5945,19341.110999999997,19334.0945,19339.589
2024-11-28 06:25:00+00:00,19340.1165,19340.1165,19333.65,19333.65
2024-11-28 06:30:00+00:00,19334.672,19335.15,19333.028,19333.028
2024-11-28 06:35:00+00:00,19333.589,19337.039,19333.105499999998,19334.0945
2024-11-28 06:40:00+00:00,19333.0945,19334.6555,19332.05,19333.1
2024-11-28 06:45:00+00:00,19332.6,19333.028,19321.1665,19323.15
2024-11-28 06:50:00+00:00,19322.589,19326.6555,19322.589,19324.0945
2024-11-28 06:55:00+00:00,19325.616499999996,19326.622,19320.589,19322.5945
2024-11-28 07:00:00+00:00,19323.0835,19327.6,19315.105499999998,19324.078
2024-11-28 07:05:00+00:00,19323.0945,19342.6,19323.0945,19341.0835
2024-11-28 07:10:00+00:00,19340.116499999996,19358.0945,19338.0335,19348.6
2024-11-28 07:15:00+00:00,19348.0945,19348.610999999997,19333.0945,19338.1555
2024-11-28 07:20:00+00:00,19340.6,19341.0945,19323.1,19324.1
2024-11-28 07:25:00+00:00,19323.110999999997,19331.1165,19319.105499999998,19321.6
2024-11-28 07:30:00+00:00,19321.05,19328.15,19316.039,19317.5945
2024-11-28 07:35:00+00:00,19318.039,19320.5945,19315.078,19315.6
2024-11-28 07:40:00+00:00,19316.105499999998,19319.105499999998,19309.1665,19317.0835
2024-11-28 07:45:00+00:00,19318.105499999998,19337.0835,19317.0335,19336.110999999997
2024-11-28 07:50:00+00:00,19336.622,19341.1,19330.605499999998,19339.6665
2024-11-28 07:55:00+00:00,19340.0945,19343.589,19332.0335,19335.105499999998
2024-11-28 08:00:00+00:00,19337.078,19384.5835,19337.078,19368.0945
2024-11-28 08:05:00+00:00,19369.0335,19395.089,19367.589,19374.1165
2024-11-28 08:10:00+00:00,19375.105499999998,19378.105499999998,19347.110999999997,19357.605499999998
2024-11-28 08:15:00+00:00,19357.0335,19377.105499999998,19351.0945,19377.105499999998
2024-11-28 08:20:00+00:00,19377.6,19386.05,19366.110999999997,19383.078
2024-11-28 08:25:00+00:00,19383.672,19391.6,19371.122,19386.110999999997
2024-11-28 08:30:00+00:00,19385.605499999998,19391.661,19366.039,19371.610999999997
2024-11-28 08:35:00+00:00,19372.122,19400.089,19369.5335,19389.661
2024-11-28 08:40:00+00:00,19390.605499999998,19397.161,19366.039,19371.05
2024-11-28 08:45:00+00:00,19372.105499999998,19380.0945,19364.6,19364.6
2024-11-28 08:50:00+00:00,19364.105499999998,19381.1,19364.0335,19374.539
2024-11-28 08:55:00+00:00,19374.089,19391.610999999997,19374.089,19389.622
2024-11-28 09:00:00+00:00,19385.6665,19406.5335,19385.6665,19390.6555
2024-11-28 09:05:00+00:00,19391.6,19396.105499999998,19384.528,19388.622
2024-11-28 09:10:00+00:00,19389.110999999997,19393.661,19380.5835,19391.6165
2024-11-28 09:15:00+00:00,19390.5445,19401.1165,19388.610999999997,19397.5945
2024-11-28 09:20:00+00:00,19398.1555,19408.6165,19396.65,19406.6
2024-11-28 09:25:00+00:00,19406.1,19427.05,19404.105499999998,19419.6
2024-11-28 09:30:00+00:00,19420.5945,19426.122,19410.110999999997,19422.589
2024-11-28 09:35:00+00:00,19420.1165,19425.6555,19410.605499999998,19419.5945
2024-11-28 09:40:00+00:00,19420.610999999997,19423.589,19411.1,19419.539
2024-11-28 09:45:00+00:00,19420.1555,19431.161,19415.1665,19429.528
2024-11-28 09:50:00+00:00,19428.55,19438.1665,19428.55,19435.1555
2024-11-28 09:55:00+00:00,19433.589,19439.110999999997,19421.6,19427.6
2024-11-28 10:00:00+00:00,19429.672,19436.1,19418.6165,19420.6
2024-11-28 10:05:00+00:00,19421.5945,19431.0945,19420.605499999998,19425.5835
2024-11-28 10:10:00+00:00,19425.1,19434.1555,19417.0945,19431.5835
2024-11-28 10:15:00+00:00,19430.605499999998,19430.605499999998,19405.578,19408.5445
2024-11-28 10:20:00+00:00,19407.6,19408.1,19396.6,19401.661
2024-11-28 10:25:00+00:00,19401.122,19401.6,19389.6,19392.55
2024-11-28 10:30:00+00:00,19391.528,19396.528,19382.1,19386.089
2024-11-28 10:35:00+00:00,19385.55,19396.622,19381.1555,19395.672
2024-11-28 10:40:00+00:00,19394.589,19396.105499999998,19385.089,19390.605499999998
2024-11-28 10:45:00+00:00,19391.122,19403.5835,19389.1,19400.5835
2024-11-28 10:50:00+00:00,19402.610999999997,19406.5445,19395.672,19404.65
2024-11-28 10:55:00+00:00,19404.1665,19404.610999999997,19393.078,19395.1
2024-11-28 11:00:00+00:00,19395.6,19399.105499999998,19386.0945,19392.5945
2024-11-28 11:05:00+00:00,19392.110999999997,19397.5945,19390.589,19393.616499999996
2024-11-28 11:10:00+00:00,19394.0945,19398.610999999997,19387.589,19389.589
2024-11-28 11:15:00+00:00,19390.610999999997,19395.610999999997,19385.105499999998,19393.6
2024-11-28 11:20:00+00:00,19392.5335,19394.078,19380.116499999996,19381.5945
2024-11-28 11:25:00+00:00,19382.6,19386.589,19377.539,19378.6
2024-11-28 11:30:00+00:00,19379.610999999997,19380.6,19359.5335,19364.589
2024-11-28 11:35:00+00:00,19363.6,19369.5945,19361.6165,19363.5945
2024-11-28 11:40:00+00:00,19364.610999999997,19377.105499999998,19361.539,19376.605499999998
2024-11-28 11:45:00+00:00,19375.5945,19379.1,19371.5835,19373.65
2024-11-28 11:50:00+00:00,19373.15,19398.6665,19373.15,19396.0445
2024-11-28 11:55:00+00:00,19395.589,19405.1,19395.589,19397.078
2024-11-28 12:00:00+00:00,19396.5835,19400.6,19379.116499999996,19379.539
2024-11-28 12:05:00+00:00,19381.5835,19383.089,19370.5945,19380.605499999998
2024-11-28 12:10:00+00:00,19379.605499999998,19390.6165,19379.605499999998,19388.605499999998
2024-11-28 12:15:00+00:00,19387.5835,19395.610999999997,19385.6,19388.610999999997
2024-11-28 12:20:00+00:00,19387.605499999998,19390.6555,19381.65,19388.5335
2024-11-28 12:25:00+00:00,19387.6555,19396.616499999996,19387.6555,19395.6165
2024-11-28 12:30:00+00:00,19393.589,19399.1,19390.528,19397.55
2024-11-28 12:35:00+00:00,19397.0945,19400.6555,19390.5335,19392.672
2024-11-28 12:40:00+00:00,19393.605499999998,19395.6,19379.1,19379.55
2024-11-28 12:45:00+00:00,19379.110999999997,19382.161,19375.089,19377.105499999998
2024-11-28 12:50:00+00:00,19377.55,19382.6665,19375.105499999998,19379.65
2024-11-28 12:55:00+00:00,19380.0835,19385.1,19375.6,19380.6
2024-11-28 13:00:00+00:00,19380.089,19390.55,19377.6555,19386.105499999998
2024-11-28 13:05:00+00:00,19386.5335,19398.0835,19386.5335,19393.5335
2024-11-28 13:10:00+00:00,19392.6,19400.6165,19383.528,19398.539
2024-11-28 13:15:00+00:00,19399.089,19401.110999999997,19388.616499999996,19389.5445
2024-11-28 13:20:00+00:00,19390.661,19392.578,19385.6,19388.1
2024-11-28 13:25:00+00:00,19387.55,19389.1,19381.5335,19382.6
2024-11-28 13:30:00+00:00,19383.116499999996,19384.172,19345.1,19347.110999999997
2024-11-28 13:35:00+00:00,19347.6,19365.6,19346.528,19364.610999999997
2024-11-28 13:40:00+00:00,19364.089,19397.6555,19362.6555,19391.105499999998
2024-11-28 13:45:00+00:00,19391.5945,19400.605499999998,19390.089,19393.589
2024-11-28 13:50:00+00:00,19395.1,19406.122,19392.661,19393.6
2024-11-28 13:55:00+00:00,19395.605499999998,19396.6,19391.039,19393.028
2024-11-28 14:00:00+00:00,19392.6,19403.6555,19389.605499999998,19395.6555
2024-11-28 14:05:00+00:00,19396.5945,19410.6665,19393.15,19408.6
2024-11-28 14:10:00+00:00,19409.15,19421.122,19407.5945,19413.589
2024-11-28 14:15:00+00:00,19414.539,19416.1555,19403.0445,19414.616499999996
2024-11-28 14:20:00+00:00,19415.6,19419.5945,19407.105499999998,19415.6
2024-11-28 14:25:00+00:00,19414.605499999998,19420.172,19414.605499999998,19419.528
2024-11-28 14:30:00+00:00,19419.116499999996,19422.661,19406.589,19410.6
2024-11-28 14:35:00+00:00,19410.105499999998,19414.6,19405.1,19405.5835
2024-11-28 14:40:00+00:00,19406.616499999996,19422.161,19406.1665,19421.0945
2024-11-28 14:45:00+00:00,19420.605499999998,19423.610999999997,19417.039,19417.039
2024-11-28 14:50:00+00:00,19417.605499999998,19428.610999999997,19411.6,19428.0835
2024-11-28 14:55:00+00:00,19427.528,19430.605499999998,19412.5945,19412.605499999998
2024-11-28 15:00:00+00:00,19413.605499999998,19415.6,19405.616499999996,19407.65
2024-11-28 15:05:00+00:00,19408.6665,19419.105499999998,19405.039,19405.039
2024-11-28 15:10:00+00:00,19404.610999999997,19414.5945,19404.105499999998,19413.55
2024-11-28 15:15:00+00:00,19414.1555,19423.5945,19412.6,19422.661
2024-11-28 15:20:00+00:00,19423.616499999996,19428.6665,19417.605499999998,19427.6555
2024-11-28 15:25:00+00:00,19427.05,19434.6,19419.6,19422.6
2024-11-28 15:30:00+00:00,19423.528,19430.6555,19423.528,19427.622
2024-11-28 15:35:00+00:00,19428.039,19436.589,19416.661,19418.6
2024-11-28 15:40:00+00:00,19417.6165,19421.610999999997,19410.116499999996,19416.6
2024-11-28 15:45:00+00:00,19417.5835,19428.6,19415.5335,19424.5835
2024-11-28 15:50:00+00:00,19424.105499999998,19425.605499999998,19407.5835,19409.1
2024-11-28 15:55:00+00:00,19409.6,19414.589,19403.0835,19406.589
2024-11-28 16:00:00+00:00,19406.172,19421.610999999997,19406.172,19413.605499999998
2024-11-28 16:05:00+00:00,19412.6555,19421.6665,19410.605499999998,19410.605499999998
2024-11-28 16:10:00+00:00,19410.1165,19425.5945,19410.1165,19423.110999999997
2024-11-28 16:15:00+00:00,19422.578,19422.578,19410.089,19411.5445
2024-11-28 16:20:00+00:00,19412.661,19424.65,19412.661,19424.105499999998
2024-11-28 16:25:00+00:00,19423.5835,19427.1,19420.55,19423.605499999998
2024-11-28 16:30:00+00:00,19424.0835,19435.0835,19423.605499999998,19425.1
2024-11-28 16:35:00+00:00,19424.589,19431.605499999998,19422.610999999997,19427.105499999998
2024-11-28 16:40:00+00:00,19426.1,19428.6,19423.028,19428.105499999998
2024-11-28 16:45:00+00:00,19428.539,19430.589,19424.089,19426.089
2024-11-28 16:50:00+00:00,19426.610999999997,19428.105499999998,19423.1,19427.1
2024-11-28 16:55:00+00:00,19426.15,19431.0835,19426.15,19427.089
2024-11-28 17:00:00+00:00,19426.6,19430.605499999998,19426.0335,19429.539
2024-11-28 17:05:00+00:00,19429.05,19432.610999999997,19428.5945,19431.5945
2024-11-28 17:10:00+00:00,19431.172,19431.528,19428.110999999997,19428.110999999997
2024-11-28 17:15:00+00:00,19427.605499999998,19429.105499999998,19426.0835,19428.1
2024-11-28 17:20:00+00:00,19429.0835,19431.078,19425.089,19427.605499999998
2024-11-28 17:25:00+00:00,19427.1,19430.672,19425.0835,19430.105499999998
2024-11-28 17:30:00+00:00,19431.1,19433.6,19429.1,19432.610999999997
2024-11-28 17:35:00+00:00,19433.0945,19436.0945,19429.110999999997,19429.110999999997
2024-11-28 17:40:00+00:00,19427.116499999996,19428.1,19424.589,19427.6
2024-11-28 17:45:00+00:00,19426.610999999997,19427.589,19417.6555,19425.161
2024-11-28 17:50:00+00:00,19425.672,19426.116499999996,19420.528,19420.616499999996
2024-11-28 17:55:00+00:00,19419.605499999998,19420.5835,19417.5835,19420.5835
2024-11-28 18:00:00+00:00,19421.605499999998,19422.122,19416.6,19418.6
2024-11-28 18:05:00+00:00,19418.1,19422.1,19417.610999999997,19422.1
2024-11-28 18:10:00+00:00,19421.172,19421.172,19420.039,19420.039
2024-11-28 18:15:00+00:00,19419.6,19421.6555,19416.610999999997,19416.610999999997
2024-11-28 18:20:00+00:00,19416.1,19416.1,19413.5835,19414.0945
2024-11-28 18:25:00+00:00,19415.089,19416.105499999998,19414.589,19416.105499999998
2024-11-28 18:30:00+00:00,19417.105499999998,19419.65,19416.15,19419.105499999998
2024-11-28 18:35:00+00:00,19418.6,19419.6665,19418.1,19419.105499999998
2024-11-28 18:40:00+00:00,19420.1,19420.610999999997,19419.6,19420.0945
2024-11-28 18:45:00+00:00,19420.6,19421.661,19418.55,19419.0945
2024-11-28 18:50:00+00:00,19418.1555,19419.0945,19417.105499999998,19417.6
2024-11-28 18:55:00+00:00,19418.105499999998,19418.578,19417.6,19418.578
2024-11-28 19:00:00+00:00,19419.5945,19420.5945,19417.0945,19417.0945
2024-11-28 19:05:00+00:00,19418.0835,19419.1,19418.0835,19419.1
2024-11-28 19:10:00+00:00,19418.605499999998,19419.605499999998,19418.028,19418.589
2024-11-28 19:15:00+00:00,19418.1,19418.6165,19417.610999999997,19417.610999999997
2024-11-28 19:20:00+00:00,19417.1,19417.6665,19416.1,19417.122
2024-11-28 19:25:00+00:00,19416.0445,19416.0445,19415.028,19415.0945
2024-11-28 19:30:00+00:00,19415.5945,19417.0445,19415.5945,19416.5835
2024-11-28 19:35:00+00:00,19416.078,19416.65,19416.078,19416.110999999997
2024-11-28 19:40:00+00:00,19416.605499999998,19417.089,19414.5835,19417.089
2024-11-28 19:45:00+00:00,19417.605499999998,19420.039,19417.605499999998,19419.1
2024-11-28 19:50:00+00:00,19419.610999999997,19420.0945,19418.6555,19420.0945
2024-11-28 19:55:00+00:00,19420.6,19422.161,19418.589,19421.6555
2024-11-28 20:00:00+00:00,19420.5335,19420.5335,19416.1165,19416.578
2024-11-28 20:05:00+00:00,19418.0945,19418.0945,19416.539,19416.539
2024-11-28 20:10:00+00:00,19417.105499999998,19419.105499999998,19417.105499999998,19418.0835
2024-11-28 20:15:00+00:00,19417.089,19418.1665,19416.05,19416.55
2024-11-28 20:20:00+00:00,19417.0835,19420.622,19416.622,19420.1
2024-11-28 20:25:00+00:00,19420.605499999998,19420.605499999998,19417.1,19418.589
2024-11-28 20:30:00+00:00,19419.1555,19423.610999999997,19419.0835,19422.610999999997
2024-11-28 20:35:00+00:00,19422.15,19423.6,19420.6,19423.5945
2024-11-28 20:40:00+00:00,19422.65,19423.1,19422.122,19423.1
2024-11-28 20:45:00+00:00,19423.610999999997,19426.161,19423.1,19426.122
2024-11-28 20:50:00+00:00,19425.5945,19430.589,19424.5945,19430.589
2024-11-28 20:55:00+00:00,19429.589,19436.6555,19429.589,19436.65
2024-11-28 21:00:00+00:00,19436.110999999997,19436.110999999997,19436.110999999997,19436.110999999997
2024-11-28 23:00:00+00:00,19440.0555,19444.1,19420.4165,19426.011
2024-11-28 23:05:00+00:00,19426.389000000003,19430.983500000002,19425.605499999998,19428.2
2024-11-28 23:10:00+00:00,19427.4165,19429.5945,19425.661,19429.5945
2024-11-28 23:15:00+00:00,19430.411,19434.972,19430.411,19433.5445
2024-11-28 23:20:00+00:00,19434.3335,19436.089,19432.7835,19435.233500000002
2024-11-28 23:25:00+00:00,19434.4,19436.9,19434.4,19436.089
2024-11-28 23:30:00+00:00,19435.289,19436.239,19432.85,19436.239
2024-11-28 23:35:00+00:00,19435.4,19439.5,19434.5835,19438.7055
2024-11-28 23:40:00+00:00,19439.116499999996,19441.9165,19437.911,19441.5
2024-11-28 23:45:00+00:00,19441.0445,19441.0945,19433.733500000002,19435.889000000003
2024-11-28 23:50:00+00:00,19435.394500000002,19438.75,19433.7445,19438.75
2024-11-28 23:55:00+00:00,19437.9055,19441.911,19437.883500000004,19439.522
2024-11-29 00:00:00+00:00,19438.6835,19440.3055,19430.1945,19430.2
2024-11-29 00:05:00+00:00,19429.810999999998,19429.810999999998,19421.9055,19422.855499999998
2024-11-29 00:10:00+00:00,19421.9055,19426.011,19420.7945,19424.0555
2024-11-29 00:15:00+00:00,19413.0335,19416.089,19401.5945,19401.5945
2024-11-29 00:20:00+00:00,19401.55,19403.0835,19398.5835,19401.605499999998
2024-11-29 00:25:00+00:00,19401.0835,19402.610999999997,19398.110999999997,19402.122
2024-11-29 00:30:00+00:00,19401.6,19401.6,19385.1,19385.1
2024-11-29 00:35:00+00:00,19384.6,19384.6,19380.1,19381.110999999997
2024-11-29 00:40:00+00:00,19381.661,19384.610999999997,19379.605499999998,19383.55
2024-11-29 00:45:00+00:00,19383.105499999998,19383.105499999998,19364.528,19364.528
2024-11-29 00:50:00+00:00,19365.589,19370.105499999998,19354.0445,19357.589
2024-11-29 00:55:00+00:00,19357.089,19362.0945,19356.5945,19358.6
2024-11-29 01:00:00+00:00,19358.105499999998,19363.6,19350.605499999998,19355.05
2024-11-29 01:05:00+00:00,19355.6665,19362.0335,19353.589,19362.0335
2024-11-29 01:10:00+00:00,19362.605499999998,19370.6,19360.05,19369.1
2024-11-29 01:15:00+00:00,19369.589,19379.6665,19369.0335,19379.6665
2024-11-29 01:20:00+00:00,19378.616499999996,19392.105499999998,19376.028,19388.089
2024-11-29 01:25:00+00:00,19387.578,19397.172,19387.578,19394.5945
2024-11-29 01:30:00+00:00,19395.1,19402.672,19395.1,19397.0835
2024-11-29 01:35:00+00:00,19397.5445,19402.589,19397.116499999996,19398.610999999997
2024-11-29 01:40:00+00:00,19398.105499999998,19401.089,19398.105499999998,19401.089
2024-11-29 01:45:00+00:00,19401.605499999998,19402.110999999997,19398.6665,19401.1
2024-11-29 01:50:00+00:00,19400.672,19400.672,19396.089,19397.5945
2024-11-29 01:55:00+00:00,19398.578,19404.0835,19398.578,19403.605499999998
2024-11-29 02:00:00+00:00,19403.089,19405.5945,19401.5835,19402.672
2024-11-29 02:05:00+00:00,19403.0445,19405.6,19403.0445,19403.105499999998
2024-11-29 02:10:00+00:00,19403.616499999996,19405.1665,19403.5445,19404.5945
2024-11-29 02:15:00+00:00,19405.0945,19405.5335,19400.622,19400.622
2024-11-29 02:20:00+00:00,19402.1,19405.661,19402.1,19403.589
2024-11-29 02:25:00+00:00,19404.55,19405.1665,19403.55,19404.0835
2024-11-29 02:30:00+00:00,19403.5445,19405.5945,19403.5445,19403.6
2024-11-29 02:35:00+00:00,19404.616499999996,19404.616499999996,19401.15,19404.1
2024-11-29 02:40:00+00:00,19403.610999999997,19405.105499999998,19403.578,19404.122
2024-11-29 02:45:00+00:00,19405.0945,19405.0945,19402.028,19403.610999999997
2024-11-29 02:50:00+00:00,19403.1,19405.1665,19402.539,19404.1555
2024-11-29 02:55:00+00:00,19403.610999999997,19405.5945,19403.528,19404.161
2024-11-29 03:00:00+00:00,19405.105499999998,19405.5335,19403.6,19403.6
2024-11-29 03:05:00+00:00,19405.1165,19405.610999999997,19403.610999999997,19404.1555
2024-11-29 03:10:00+00:00,19405.1,19405.1,19403.089,19403.5945
2024-11-29 03:15:00+00:00,19403.110999999997,19406.089,19403.110999999997,19404.089
2024-11-29 03:20:00+00:00,19404.578,19405.116499999996,19401.539,19401.672
2024-11-29 03:25:00+00:00,19402.0835,19405.6,19402.0835,19405.1
2024-11-29 03:30:00+00:00,19404.105499999998,19406.110999999997,19399.105499999998,19404.6665
2024-11-29 03:35:00+00:00,19405.1555,19405.1555,19397.0945,19397.0945
2024-11-29 03:40:00+00:00,19398.110999999997,19405.539,19397.0945,19404.172
2024-11-29 03:45:00+00:00,19403.5445,19405.6665,19402.1,19402.1
2024-11-29 03:50:00+00:00,19402.610999999997,19406.6,19402.610999999997,19406.6
2024-11-29 03:55:00+00:00,19407.105499999998,19407.6,19406.578,19406.578
2024-11-29 04:00:00+00:00,19407.122,19410.105499999998,19407.122,19409.589
2024-11-29 04:05:00+00:00,19410.110999999997,19417.122,19410.110999999997,19416.0945
2024-11-29 04:10:00+00:00,19416.605499999998,19420.1,19416.605499999998,19419.672
2024-11-29 04:15:00+00:00,19422.15,19425.605499999998,19421.5945,19421.622
2024-11-29 04:20:00+00:00,19421.0945,19424.610999999997,19420.5335,19423.6
2024-11-29 04:25:00+00:00,19424.028,19425.1,19420.078,19420.078
2024-11-29 04:30:00+00:00,19419.6555,19420.1555,19418.5835,19419.5445
2024-11-29 04:35:00+00:00,19419.15,19422.110999999997,19418.5445,19419.605499999998
2024-11-29 04:40:00+00:00,19420.6555,19426.5945,19419.172,19426.55
2024-11-29 04:45:00+00:00,19426.089,19429.661,19424.1,19427.5335
2024-11-29 04:50:00+00:00,19428.0945,19428.116499999996,19425.0945,19427.105499999998
2024-11-29 04:55:00+00:00,19427.6,19430.15,19427.6,19429.110999999997
2024-11-29 05:00:00+00:00,19429.5835,19432.161,19425.078,19426.05
2024-11-29 05:05:00+00:00,19425.661,19430.1,19423.089,19423.089
2024-11-29 05:10:00+00:00,19422.610999999997,19423.172,19420.0335,19421.105499999998
2024-11-29 05:15:00+00:00,19421.578,19422.6665,19421.105499999998,19422.110999999997
2024-11-29 05:20:00+00:00,19421.578,19423.1,19420.528,19420.661
2024-11-29 05:25:00+00:00,19420.1,19420.1,19409.589,19409.589
2024-11-29 05:30:00+00:00,19410.6665,19410.6665,19404.0835,19405.1
2024-11-29 05:35:00+00:00,19404.605499999998,19407.578,19400.1,19405.0945
2024-11-29 05:40:00+00:00,19405.605499999998,19407.122,19400.605499999998,19403.605499999998
2024-11-29 05:45:00+00:00,19403.161,19410.0945,19401.528,19409.6
2024-11-29 05:50:00+00:00,19409.0335,19409.105499999998,19405.672,19407.5835
2024-11-29 05:55:00+00:00,19408.528,19415.105499999998,19408.528,19410.105499999998
2024-11-29 06:00:00+00:00,19409.5335,19411.589,19407.105499999998,19408.6665
2024-11-29 06:05:00+00:00,19408.105499999998,19414.1665,19407.539,19414.0945
2024-11-29 06:10:00+00:00,19413.578,19416.105499999998,19410.55,19412.0835
2024-11-29 06:15:00+00:00,19411.0945,19411.5835,19406.1665,19407.622
2024-11-29 06:20:00+00:00,19408.028,19413.6555,19408.028,19412.028
2024-11-29 06:25:00+00:00,19412.5945,19412.5945,19408.55,19410.6
2024-11-29 06:30:00+00:00,19411.1665,19422.110999999997,19411.1665,19417.610999999997
2024-11-29 06:35:00+00:00,19418.1,19418.116499999996,19403.078,19405.5835
2024-11-29 06:40:00+00:00,19405.1,19411.110999999997,19405.1,19405.6
2024-11-29 06:45:00+00:00,19404.5945,19404.5945,19391.0945,19397.110999999997
2024-11-29 06:50:00+00:00,19397.672,19398.6165,19388.078,19390.55
2024-11-29 06:55:00+00:00,19391.610999999997,19397.089,19389.05,19393.539
2024-11-29 07:00:00+00:00,19391.605499999998,19407.5835,19386.539,19404.1
2024-11-29 07:05:00+00:00,19403.0945,19414.661,19402.089,19413.089
2024-11-29 07:10:00+00:00,19412.0445,19420.105499999998,19411.610999999997,19414.1
2024-11-29 07:15:00+00:00,19413.110999999997,19413.110999999997,19388.0835,19400.1
2024-11-29 07:20:00+00:00,19399.1555,19407.15,19397.1,19401.172
2024-11-29 07:25:00+00:00,19400.105499999998,19403.110999999997,19393.1,19399.0945
2024-11-29 07:30:00+00:00,19398.1,19398.15,19377.15,19386.1
2024-11-29 07:35:00+00:00,19385.661,19401.078,19384.672,19399.0835
2024-11-29 07:40:00+00:00,19398.589,19407.1,19394.05,19402.1
2024-11-29 07:45:00+00:00,19402.5945,19421.116499999996,19401.6165,19418.089
2024-11-29 07:50:00+00:00,19419.078,19419.0945,19402.55,19405.1
2024-11-29 07:55:00+00:00,19404.5945,19409.589,19390.105499999998,19396.605499999998
2024-11-29 08:00:00+00:00,19398.0835,19410.0945,19390.172,19409.161
2024-11-29 08:05:00+00:00,19408.661,19427.65,19408.661,19422.5445
2024-11-29 08:10:00+00:00,19423.1,19424.6665,19396.6,19406.110999999997
2024-11-29 08:15:00+00:00,19405.6,19416.0445,19401.5835,19411.122
2024-11-29 08:20:00+00:00,19411.605499999998,19420.605499999998,19405.0835,19419.089
2024-11-29 08:25:00+00:00,19418.1,19421.105499999998,19406.1,19410.089
2024-11-29 08:30:00+00:00,19409.089,19413.1,19395.1,19399.605499999998
2024-11-29 08:35:00+00:00,19398.65,19407.5445,19396.0945,19407.028
2024-11-29 08:40:00+00:00,19408.0445,19411.5835,19389.610999999997,19391.0835
2024-11-29 08:45:00+00:00,19390.0945,19401.616499999996,19384.089,19394.5945
2024-11-29 08:50:00+00:00,19395.1,19406.116499999996,19389.1165,19404.0945
2024-11-29 08:55:00+00:00,19409.105499999998,19415.6,19401.5335,19403.605499999998
2024-11-29 09:00:00+00:00,19402.616499999996,19424.105499999998,19393.616499999996,19421.528
2024-11-29 09:05:00+00:00,19419.5835,19419.5835,19404.605499999998,19417.6
2024-11-29 09:10:00+00:00,19416.605499999998,19417.6555,19397.605499999998,19399.6665
2024-11-29 09:15:00+00:00,19397.5335,19403.6555,19385.0445,19385.605499999998
2024-11-29 09:20:00+00:00,19386.589,19396.122,19380.5335,19390.110999999997
2024-11-29 09:25:00+00:00,19389.0335,19397.5445,19384.616499999996,19396.6555
2024-11-29 09:30:00+00:00,19395.5945,19397.6,19386.5945,19388.6
2024-11-29 09:35:00+00:00,19390.6,19415.5945,19390.6,19411.5835
2024-11-29 09:40:00+00:00,19411.078,19418.6,19405.661,19415.610999999997
2024-11-29 09:45:00+00:00,19414.6,19421.1555,19412.0445,19419.589
2024-11-29 09:50:00+00:00,19419.172,19422.6,19410.5945,19421.5945
2024-11-29 09:55:00+00:00,19422.589,19426.1,19416.6,19418.105499999998
2024-11-29 10:00:00+00:00,19418.605499999998,19423.0335,19410.622,19410.622
2024-11-29 10:05:00+00:00,19409.6,19410.6555,19400.5445,19408.589
2024-11-29 10:10:00+00:00,19407.6,19432.110999999997,19402.578,19428.605499999998
2024-11-29 10:15:00+00:00,19427.661,19437.605499999998,19426.105499999998,19433.5945
2024-11-29 10:20:00+00:00,19434.5945,19443.1,19433.028,19434.6555
2024-11-29 10:25:00+00:00,19435.0945,19437.616499999996,19423.605499999998,19427.5835
2024-11-29 10:30:00+00:00,19428.610999999997,19430.672,19423.589,19425.622
2024-11-29 10:35:00+00:00,19424.6,19430.616499999996,19416.6,19425.605499999998
2024-11-29 10:40:00+00:00,19426.610999999997,19436.589,19416.616499999996,19431.661
2024-11-29 10:45:00+00:00,19432.089,19434.6555,19428.5335,19432.5445
2024-11-29 10:50:00+00:00,19436.1,19450.1,19435.6,19440.589
2024-11-29 10:55:00+00:00,19441.0835,19445.528,19432.622,19432.622
2024-11-29 11:00:00+00:00,19432.0945,19438.039,19424.616499999996,19429.6165
2024-11-29 11:05:00+00:00,19428.589,19435.6555,19423.539,19430.589
2024-11-29 11:10:00+00:00,19430.110999999997,19436.1555,19428.5335,19428.5335
2024-11-29 11:15:00+00:00,19429.1,19435.1,19423.672,19430.6
2024-11-29 11:20:00+00:00,19431.1,19443.610999999997,19430.5945,19443.5945
2024-11-29 11:25:00+00:00,19444.05,19458.1,19444.05,19454.0945
2024-11-29 11:30:00+00:00,19454.6,19462.05,19454.039,19460.433500000003
2024-11-29 11:35:00+00:00,19460.072,19476.0,19459.5,19474.9945
2024-11-29 11:40:00+00:00,19475.5055,19493.439000000002,19475.5055,19493.011
2024-11-29 11:45:00+00:00,19492.5055,19497.572,19489.9945,19490.572
2024-11-29 11:50:00+00:00,19491.0055,19498.522,19484.9445,19486.5
2024-11-29 11:55:00+00:00,19487.0,19508.5,19484.9945,19505.016499999998
2024-11-29 12:00:00+00:00,19504.011,19508.5,19491.5,19501.95
2024-11-29 12:05:00+00:00,19502.5055,19510.522,19495.433500000003,19496.933500000003
2024-11-29 12:10:00+00:00,19497.95,19505.478,19497.4945,19503.016499999998
2024-11-29 12:15:00+00:00,19503.5,19508.05,19498.4835,19506.5055
2024-11-29 12:20:00+00:00,19507.566499999997,19515.511,19506.5555,19513.489
2024-11-29 12:25:00+00:00,19512.5555,19519.522,19510.9555,19515.394500000002
2024-11-29 12:30:00+00:00,19516.4665,19525.328,19509.383500000004,19509.383500000004
2024-11-29 12:35:00+00:00,19509.8835,19518.389000000003,19502.9055,19514.389000000003
2024-11-29 12:40:00+00:00,19513.9055,19515.411,19504.883500000004,19506.4055
2024-11-29 12:45:00+00:00,19505.4,19507.95,19492.4055,19497.85
2024-11-29 12:50:00+00:00,19498.45,19507.878,19493.394500000002,19501.8335
2024-11-29 12:55:00+00:00,19501.394500000002,19510.4,19498.3445,19504.9165
2024-11-29 13:00:00+00:00,19505.85,19512.3835,19498.9,19500.394500000002
2024-11-29 13:05:00+00:00,19501.411,19513.4055,19498.4055,19513.339
2024-11-29 13:10:00+00:00,19513.911,19519.4,19511.3335,19512.4055
2024-11-29 13:15:00+00:00,19512.9,19514.35,19492.35,19494.3335
2024-11-29 13:20:00+00:00,19494.883500000004,19497.411,19483.4055,19483.4055
2024-11-29 13:25:00+00:00,19483.894500000002,19487.394500000002,19465.339,19476.4
2024-11-29 13:30:00+00:00,19475.9055,19475.9055,19461.389000000003,19470.828
2024-11-29 13:35:00+00:00,19470.35,19487.422,19466.4,19484.9555
2024-11-29 13:40:00+00:00,19482.9,19482.9,19449.394500000002,19453.4555
2024-11-29 13:45:00+00:00,19454.4055,19462.911,19449.389000000003,19458.922
2024-11-29 13:50:00+00:00,19459.461,19459.461,19441.4165,19448.4055
2024-11-29 13:55:00+00:00,19447.889000000003,19453.4665,19440.45,19452.9
2024-11-29 14:00:00+00:00,19453.4,19470.828,19452.394500000002,19461.394500000002
2024-11-29 14:05:00+00:00,19461.9055,19466.422,19459.383500000004,19461.394500000002
2024-11-29 14:10:00+00:00,19460.894500000002,19471.4665,19456.411,19461.4
2024-11-29 14:15:00+00:00,19460.85,19469.9055,19455.9,19465.4555
2024-11-29 14:20:00+00:00,19463.4,19478.378,19460.328,19478.378
2024-11-29 14:25:00+00:00,19475.4055,19479.9555,19469.389000000003,19476.4665
2024-11-29 14:30:00+00:00,19475.911,19502.4665,19465.45,19501.394500000002
2024-11-29 14:35:00+00:00,19500.4555,19515.8445,19496.45,19500.4165
2024-11-29 14:40:00+00:00,19499.889000000003,19503.4055,19472.4055,19490.4
2024-11-29 14:45:00+00:00,19489.9,19502.9555,19483.9,19493.422
2024-11-29 14:50:00+00:00,19492.9055,19506.461,19486.328,19504.411
2024-11-29 14:55:00+00:00,19503.9,19506.394500000002,19494.4,19502.328
2024-11-29 15:00:00+00:00,19501.3835,19545.328,19498.339,19545.328
2024-11-29 15:05:00+00:00,19546.4,19564.95,19528.422,19530.883500000004
2024-11-29 15:10:00+00:00,19531.9165,19557.472,19531.383500000004,19554.461
2024-11-29 15:15:00+00:00,19553.3835,19553.394500000002,19532.8445,19537.9055
2024-11-29 15:20:00+00:00,19538.328,19540.35,19517.9665,19527.394500000002
2024-11-29 15:25:00+00:00,19527.911,19533.9665,19516.878,19525.4055
2024-11-29 15:30:00+00:00,19524.9055,19538.911,19524.894500000002,19531.4165
2024-11-29 15:35:00+00:00,19530.9,19541.461,19525.378,19538.4
2024-11-29 15:40:00+00:00,19539.4,19550.889000000003,19537.883500000004,19542.35
2024-11-29 15:45:00+00:00,19541.4,19558.394500000002,19541.328,19557.4055
2024-11-29 15:50:00+00:00,19558.4,19559.45,19553.35,19556.4
2024-11-29 15:55:00+00:00,19556.95,19557.9055,19549.8335,19553.4
2024-11-29 16:00:00+00:00,19555.394500000002,19598.911,19555.394500000002,19598.3835
2024-11-29 16:05:00+00:00,19597.3335,19621.411,19592.4055,19620.4055
2024-11-29 16:10:00+00:00,19620.8335,19635.4055,19613.894500000002,19633.828
2024-11-29 16:15:00+00:00,19633.3335,19642.9055,19616.8335,19620.378
2024-11-29 16:20:00+00:00,19620.8835,19621.9555,19613.894500000002,19619.394500000002
2024-11-29 16:25:00+00:00,19619.894500000002,19634.8445,19612.378,19627.9055
2024-11-29 16:30:00+00:00,19626.9,19635.95,19621.894500000002,19628.4555
2024-11-29 16:35:00+00:00,19627.922,19627.95,19616.9555,19626.9
2024-11-29 16:40:00+00:00,19627.394500000002,19635.961,19627.394500000002,19632.394500000002
2024-11-29 16:45:00+00:00,19632.894500000002,19639.9,19629.9055,19637.961
2024-11-29 16:50:00+00:00,19637.378,19641.9055,19636.9165,19639.461
2024-11-29 16:55:00+00:00,19638.9,19639.4055,19629.4,19633.35
2024-11-29 17:00:00+00:00,19632.4055,19636.828,19631.461,19635.328
2024-11-29 17:05:00+00:00,19634.894500000002,19639.911,19633.35,19634.9
2024-11-29 17:10:00+00:00,19634.3335,19641.45,19633.9055,19640.394500000002
2024-11-29 17:15:00+00:00,19639.9,19649.9,19639.4,19648.394500000002
2024-11-29 17:20:00+00:00,19647.9165,19648.961,19635.878,19636.3835
2024-11-29 17:25:00+00:00,19635.883500000004,19643.4555,19634.85,19641.9
2024-11-29 17:30:00+00:00,19641.4,19652.9,19640.889000000003,19652.9
2024-11-29 17:35:00+00:00,19653.9,19665.889000000003,19653.472,19661.389000000003
2024-11-29 17:40:00+00:00,19661.8445,19673.878,19661.4165,19672.9165
2024-11-29 17:45:00+00:00,19672.4165,19681.4665,19670.411,19678.894500000002
2024-11-29 17:50:00+00:00,19678.4,19680.411,19672.4,19680.411
2024-11-29 17:55:00+00:00,19679.8335,19679.8335,19665.3335,19668.4555
2024-11-29 18:00:00+00:00,19667.889000000003,19669.389000000003,19659.9555,19661.4
2024-11-29 18:05:00+00:00,19661.9,19661.9,19653.411,19655.4165
2024-11-29 18:10:00+00:00,19654.828,19663.422,19654.828,19660.35
2024-11-29 18:15:00+00:00,19659.8335,19660.35,19655.394500000002,19655.394500000002
2024-11-29 18:20:00+00:00,19655.85,19657.411,19655.85,19657.4
2024-11-29 18:25:00+00:00,19659.411,19660.85,19657.9,19659.4
2024-11-29 18:30:00+00:00,19660.383500000004,19660.383500000004,19655.4,19656.9665
2024-11-29 18:35:00+00:00,19657.9,19659.472,19656.4,19656.9165
2024-11-29 18:40:00+00:00,19656.4,19662.4555,19656.4,19660.394500000002
2024-11-29 18:45:00+00:00,19659.85,19660.9165,19659.3835,19660.3835
2024-11-29 18:50:00+00:00,19660.8445,19660.8445,19655.9555,19657.911
2024-11-29 18:55:00+00:00,19657.3835,19660.9,19657.3835,19659.95
2024-11-29 19:00:00+00:00,19660.4055,19662.411,19659.889000000003,19661.378
2024-11-29 19:05:00+00:00,19660.411,19660.9055,19658.4555,19658.9165
2024-11-29 19:10:00+00:00,19659.339,19659.339,19655.4055,19655.4055
2024-11-29 19:15:00+00:00,19654.889000000003,19655.911,19654.339,19654.4165
2024-11-29 19:20:00+00:00,19654.9555,19655.9165,19653.4055,19654.4555
2024-11-29 19:25:00+00:00,19653.95,19654.4,19649.883500000004,19649.883500000004
2024-11-29 19:30:00+00:00,19650.911,19650.911,19646.911,19647.9055
2024-11-29 19:35:00+00:00,19647.3445,19647.922,19645.339,19646.4165
2024-11-29 19:40:00+00:00,19646.8445,19650.4055,19646.8445,19650.4055
2024-11-29 19:45:00+00:00,19650.883500000004,19650.883500000004,19646.972,19646.972
2024-11-29 19:50:00+00:00,19646.4665,19648.961,19645.911,19648.389000000003
2024-11-29 19:55:00+00:00,19647.878,19648.4055,19647.3835,19647.3835
2024-11-29 20:00:00+00:00,19645.4555,19646.411,19639.894500000002,19639.894500000002
2024-11-29 20:05:00+00:00,19638.4555,19640.9,19636.4055,19640.4055
2024-11-29 20:10:00+00:00,19639.8445,19643.4665,19639.8445,19640.4165
2024-11-29 20:15:00+00:00,19640.9,19640.9665,19640.3835,19640.9
2024-11-29 20:20:00+00:00,19639.9555,19648.95,19639.4055,19648.95
2024-11-29 20:25:00+00:00,19647.894500000002,19648.389000000003,19644.9165,19645.461
2024-11-29 20:30:00+00:00,19644.9055,19648.4,19640.3835,19648.4
2024-11-29 20:35:00+00:00,19647.8445,19658.8445,19647.339,19658.8445
2024-11-29 20:40:00+00:00,19658.4,19667.461,19655.894500000002,19662.85
2024-11-29 20:45:00+00:00,19661.394500000002,19662.4,19657.3335,19659.4165
2024-11-29 20:50:00+00:00,19659.9055,19664.4,19657.4,19661.911
2024-11-29 20:55:00+00:00,19661.394500000002,19661.394500000002,19644.883500000004,19644.883500000004
