Datetime,Open,High,Low,Close
2024-04-01 00:00:00+00:00,18632.089,18633.066499999997,18627.339,18627.383500000004
2024-04-01 00:05:00+00:00,18626.610999999997,18627.422,18621.066499999997,18621.066499999997
2024-04-01 00:10:00+00:00,18621.85,18621.8835,18612.144500000002,18613.95
2024-04-01 00:15:00+00:00,18613.1,18614.860999999997,18610.4055,18612.2165
2024-04-01 00:20:00+00:00,18611.689000000002,18614.0,18611.233500000002,18613.0445
2024-04-01 00:25:00+00:00,18614.016499999998,18616.678,18614.016499999998,18615.75
2024-04-01 00:30:00+00:00,18616.7,18617.65,18615.7945,18616.772
2024-04-01 00:35:00+00:00,18615.8055,18616.689000000002,18614.089,18616.689000000002
2024-04-01 00:40:00+00:00,18617.605499999998,18622.6945,18617.5835,18620.389000000003
2024-04-01 00:45:00+00:00,18621.3,18622.116499999996,18619.478,18620.4
2024-04-01 00:50:00+00:00,18621.3055,18622.161,18620.35,18620.4165
2024-04-01 00:55:00+00:00,18621.3,18621.3165,18617.628,18618.578
2024-04-01 01:00:00+00:00,18618.451,18618.6165,18616.7945,18618.6165
2024-04-01 01:05:00+00:00,18619.5,18620.4055,18618.589,18619.55
2024-04-01 01:10:00+00:00,18618.605499999998,18621.7,18618.5335,18620.389000000003
2024-04-01 01:15:00+00:00,18619.45,18619.5,18616.5555,18617.5445
2024-04-01 01:20:00+00:00,18617.2165,18619.461,18616.639000000003,18619.4055
2024-04-01 01:25:00+00:00,18619.8165,18620.3055,18615.8,18617.2
2024-04-01 01:30:00+00:00,18617.5835,18619.394500000002,18614.95,18615.8
2024-04-01 01:35:00+00:00,18616.360999999997,18616.65,18611.4055,18613.2
2024-04-01 01:40:00+00:00,18614.1665,18614.1665,18611.394500000002,18611.394500000002
2024-04-01 01:45:00+00:00,18612.289,18614.1555,18610.4945,18613.178
2024-04-01 01:50:00+00:00,18612.355499999998,18614.105499999998,18611.328,18612.25
2024-04-01 01:55:00+00:00,18611.394500000002,18612.3,18610.4445,18611.4165
2024-04-01 02:00:00+00:00,18610.5,18611.4165,18608.789,18608.789
2024-04-01 02:05:00+00:00,18609.178999999996,18610.511,18607.889000000003,18610.511
2024-04-01 02:10:00+00:00,18611.394500000002,18611.411,18609.7,18611.3835
2024-04-01 02:15:00+00:00,18610.489,18611.394500000002,18607.85,18607.85
2024-04-01 02:20:00+00:00,18608.810999999998,18609.711,18607.828,18608.822
2024-04-01 02:25:00+00:00,18607.883500000004,18610.572,18606.983500000002,18609.761
2024-04-01 02:30:00+00:00,18609.2055,18609.772,18606.989,18607.9055
2024-04-01 02:35:00+00:00,18607.0,18607.9,18605.189000000002,18606.122
2024-04-01 02:40:00+00:00,18605.2055,18607.072,18605.133500000004,18606.928
2024-04-01 02:45:00+00:00,18606.6665,18608.8,18606.0835,18608.8
2024-04-01 02:50:00+00:00,18609.211,18614.766499999998,18608.733500000002,18613.8
2024-04-01 02:55:00+00:00,18614.7555,18614.7555,18613.7945,18614.6945
2024-04-01 03:00:00+00:00,18615.5555,18615.566499999997,18613.8,18614.766499999998
2024-04-01 03:05:00+00:00,18615.0945,18615.0945,18611.122,18612.0055
2024-04-01 03:10:00+00:00,18612.8835,18613.866499999996,18612.0,18612.0
2024-04-01 03:15:00+00:00,18611.0945,18612.0555,18610.2,18611.0945
2024-04-01 03:20:00+00:00,18612.011,18612.9,18611.1165,18612.0
2024-04-01 03:25:00+00:00,18612.3445,18612.9555,18611.0945,18612.9555
2024-04-01 03:30:00+00:00,18613.8,18615.5055,18611.989,18614.6835
2024-04-01 03:35:00+00:00,18613.8,18614.678,18612.883500000004,18614.678
2024-04-01 03:40:00+00:00,18615.5055,18618.272,18614.65,18616.389000000003
2024-04-01 03:45:00+00:00,18617.3,18618.2,18616.3835,18618.2
2024-04-01 03:50:00+00:00,18619.078,18620.05,18618.2055,18619.0945
2024-04-01 03:55:00+00:00,18619.511,18620.011,18614.983500000002,18615.816499999997
2024-04-01 04:00:00+00:00,18616.25,18617.672,18615.728,18616.711
2024-04-01 04:05:00+00:00,18617.178,18617.610999999997,18614.933500000003,18615.816499999997
2024-04-01 04:10:00+00:00,18615.011,18615.822,18614.933500000003,18615.8
2024-04-01 04:15:00+00:00,18616.866499999996,18618.605499999998,18616.7945,18616.7945
2024-04-01 04:20:00+00:00,18616.0055,18616.7945,18615.5,18616.066499999997
2024-04-01 04:25:00+00:00,18616.778,18618.272,18615.9445,18617.766499999998
2024-04-01 04:30:00+00:00,18618.2,18618.5945,18616.8055,18617.639000000003
2024-04-01 04:35:00+00:00,18616.728,18617.683500000003,18615.511,18616.8
2024-04-01 04:40:00+00:00,18617.761,18617.761,18616.7945,18617.6945
2024-04-01 04:45:00+00:00,18618.610999999997,18620.411,18618.528,18619.428
2024-04-01 04:50:00+00:00,18618.5945,18619.511,18618.539,18618.6
2024-04-01 04:55:00+00:00,18619.5055,18620.389000000003,18618.539,18620.389000000003
2024-04-01 05:00:00+00:00,18619.572,18619.972,18617.689000000002,18617.689000000002
2024-04-01 05:05:00+00:00,18618.5835,18619.55,18618.1945,18618.989
2024-04-01 05:10:00+00:00,18618.5945,18621.310999999998,18617.7,18617.7
2024-04-01 05:15:00+00:00,18616.789,18616.866499999996,18615.161,18616.0
2024-04-01 05:20:00+00:00,18616.7945,18618.622,18616.7945,18618.622
2024-04-01 05:25:00+00:00,18617.7555,18617.7555,18615.989,18616.822
2024-04-01 05:30:00+00:00,18616.066499999997,18616.066499999997,18612.461,18613.283499999998
2024-04-01 05:35:00+00:00,18614.2,18614.2,18612.4055,18613.3
2024-04-01 05:40:00+00:00,18612.378,18613.3055,18611.4445,18611.55
2024-04-01 05:45:00+00:00,18611.928,18614.261,18611.428,18613.310999999998
2024-04-01 05:50:00+00:00,18612.9055,18614.25,18612.4,18613.3
2024-04-01 05:55:00+00:00,18612.461,18612.9055,18609.739,18610.7555
2024-04-01 06:00:00+00:00,18609.789,18613.3165,18609.733500000002,18610.7
2024-04-01 06:05:00+00:00,18611.5055,18615.778,18611.5055,18614.0445
2024-04-01 06:10:00+00:00,18613.2055,18614.5555,18612.239,18613.216500000002
2024-04-01 06:15:00+00:00,18612.2835,18613.2165,18611.389000000003,18611.389000000003
2024-04-01 06:20:00+00:00,18610.5,18614.1,18610.4445,18614.1
2024-04-01 06:25:00+00:00,18613.266499999998,18614.1555,18610.5,18613.211
2024-04-01 06:30:00+00:00,18613.610999999997,18615.8165,18613.1945,18614.116499999996
2024-04-01 06:35:00+00:00,18613.211,18614.15,18612.239,18612.239
2024-04-01 06:40:00+00:00,18612.766499999998,18612.772,18610.5055,18611.4055
2024-04-01 06:45:00+00:00,18610.5,18611.411,18609.639000000003,18609.639000000003
2024-04-01 06:50:00+00:00,18608.8,18612.389000000003,18608.8,18611.516499999998
2024-04-01 06:55:00+00:00,18611.7435,18613.7055,18610.65,18612.0055
2024-04-01 07:00:00+00:00,18612.411,18617.678,18612.328,18615.489
2024-04-01 07:05:00+00:00,18615.089,18616.7445,18614.2,18616.7445
2024-04-01 07:10:00+00:00,18617.316499999997,18623.0055,18616.8,18622.1
2024-04-01 07:15:00+00:00,18621.3055,18623.060999999998,18620.3835,18621.360999999997
2024-04-01 07:20:00+00:00,18622.1,18623.066499999997,18620.389000000003,18621.7055
2024-04-01 07:25:00+00:00,18622.089,18623.922,18621.310999999998,18622.078
2024-04-01 07:30:00+00:00,18622.9945,18622.9945,18618.872,18619.239
2024-04-01 07:35:00+00:00,18618.394500000002,18619.239,18616.605499999998,18618.3335
2024-04-01 07:40:00+00:00,18617.511,18618.461,18616.589,18617.889000000003
2024-04-01 07:45:00+00:00,18617.7655,18619.3165,18616.539,18616.6
2024-04-01 07:50:00+00:00,18616.928,18620.9945,18616.589,18618.383500000004
2024-04-01 07:55:00+00:00,18619.310999999998,18620.15,18618.3445,18620.1
2024-04-01 08:00:00+00:00,18619.8825,18620.15,18613.0945,18614.05
2024-04-01 08:05:00+00:00,18613.516499999998,18613.9945,18608.6945,18608.6945
2024-04-01 08:10:00+00:00,18607.7945,18610.4165,18605.0945,18609.4945
2024-04-01 08:15:00+00:00,18608.7055,18610.422,18607.75,18609.511
2024-04-01 08:20:00+00:00,18610.4055,18614.060999999998,18610.4055,18613.1555
2024-04-01 08:25:00+00:00,18614.016499999998,18615.7055,18613.0335,18613.939000000002
2024-04-01 08:30:00+00:00,18614.8,18616.672,18613.0445,18614.011
2024-04-01 08:35:00+00:00,18613.172,18615.75,18613.089,18615.360999999997
2024-04-01 08:40:00+00:00,18614.7945,18615.25,18613.0835,18614.411
2024-04-01 08:45:00+00:00,18613.983500000002,18614.810999999998,18613.028,18613.1
2024-04-01 08:50:00+00:00,18613.939000000002,18616.6,18613.939000000002,18616.6
2024-04-01 08:55:00+00:00,18617.489,18617.5555,18615.7055,18617.478
2024-04-01 09:00:00+00:00,18617.682500000003,18618.4165,18616.610999999997,18616.9945
2024-04-01 09:05:00+00:00,18616.616499999996,18617.5,18613.989,18615.6945
2024-04-01 09:10:00+00:00,18616.661,18616.661,18611.283499999998,18611.283499999998
2024-04-01 09:15:00+00:00,18610.839,18612.616499999996,18610.394500000002,18611.316499999997
2024-04-01 09:20:00+00:00,18611.027000000002,18611.310999999998,18608.7055,18609.1165
2024-04-01 09:25:00+00:00,18608.722,18611.366499999996,18608.716500000002,18610.4
2024-04-01 09:30:00+00:00,18611.239,18611.310999999998,18607.728,18609.439000000002
2024-04-01 09:35:00+00:00,18609.0945,18609.4945,18606.894500000002,18607.7835
2024-04-01 09:40:00+00:00,18608.65,18610.4165,18608.633500000004,18610.383500000004
2024-04-01 09:45:00+00:00,18610.011,18610.461,18609.478,18609.478
2024-04-01 09:50:00+00:00,18609.1,18612.216500000002,18608.633500000004,18611.6945
2024-04-01 09:55:00+00:00,18612.1835,18613.1665,18610.4,18611.3
2024-04-01 10:00:00+00:00,18611.683500000003,18613.15,18611.683500000003,18613.0335
2024-04-01 10:05:00+00:00,18612.5835,18614.0055,18612.1835,18612.189000000002
2024-04-01 10:10:00+00:00,18611.239,18613.172,18610.328,18612.2
2024-04-01 10:15:00+00:00,18613.039,18614.85,18613.039,18614.389000000003
2024-04-01 10:20:00+00:00,18614.0,18616.605499999998,18614.0,18615.7
2024-04-01 10:25:00+00:00,18616.128,18616.622,18615.683500000003,18616.589
2024-04-01 10:30:00+00:00,18617.45,18617.5,18615.683500000003,18616.610999999997
2024-04-01 10:35:00+00:00,18617.4835,18618.45,18616.539,18616.622
2024-04-01 10:40:00+00:00,18617.55,18617.55,18615.7165,18616.661
2024-04-01 10:45:00+00:00,18616.2555,18616.605499999998,18614.7445,18614.85
2024-04-01 10:50:00+00:00,18615.3055,18616.610999999997,18613.0945,18615.644500000002
2024-04-01 10:55:00+00:00,18616.610999999997,18617.5,18615.683500000003,18616.622
2024-04-01 11:00:00+00:00,18615.7055,18615.7055,18606.894500000002,18606.9055
2024-04-01 11:05:00+00:00,18607.7945,18609.4945,18605.933500000003,18609.1165
2024-04-01 11:10:00+00:00,18609.5,18609.566499999997,18606.85,18607.8055
2024-04-01 11:15:00+00:00,18608.689000000002,18608.689000000002,18600.689000000002,18600.7
2024-04-01 11:20:00+00:00,18601.133500000004,18601.672,18598.05,18598.9165
2024-04-01 11:25:00+00:00,18598.0945,18598.0945,18593.2055,18596.2445
2024-04-01 11:30:00+00:00,18595.383500000004,18595.383500000004,18590.0945,18592.783499999998
2024-04-01 11:35:00+00:00,18592.3,18598.0445,18591.878,18598.0445
2024-04-01 11:40:00+00:00,18598.894500000002,18598.894500000002,18595.25,18597.0445
2024-04-01 11:45:00+00:00,18596.5335,18597.15,18595.289,18597.05
2024-04-01 11:50:00+00:00,18596.589,18597.172,18592.578,18596.1945
2024-04-01 11:55:00+00:00,18597.1165,18597.1165,18594.4,18595.322
2024-04-01 12:00:00+00:00,18594.411,18596.222,18593.428,18593.5
2024-04-01 12:05:00+00:00,18591.8055,18591.8055,18567.0,18571.422
2024-04-01 12:10:00+00:00,18572.3165,18574.089,18566.9945,18571.4
2024-04-01 12:15:00+00:00,18570.528,18570.6,18565.3,18568.783499999998
2024-04-01 12:20:00+00:00,18567.9555,18568.7945,18558.189000000002,18562.605499999998
2024-04-01 12:25:00+00:00,18561.7555,18567.066499999997,18561.233500000002,18564.4
2024-04-01 12:30:00+00:00,18563.511,18563.560999999998,18550.239,18555.55
2024-04-01 12:35:00+00:00,18556.4,18561.6945,18556.4,18559.15
2024-04-01 12:40:00+00:00,18559.439000000002,18568.8165,18559.039,18567.060999999998
2024-04-01 12:45:00+00:00,18567.889000000003,18571.4055,18567.889000000003,18568.7445
2024-04-01 12:50:00+00:00,18569.683500000003,18571.411,18567.0,18570.5945
2024-04-01 12:55:00+00:00,18569.7,18569.761,18563.433500000003,18567.011
2024-04-01 13:00:00+00:00,18567.4455,18568.4055,18560.0555,18560.894500000002
2024-04-01 13:05:00+00:00,18561.689000000002,18565.2945,18560.894500000002,18563.489
2024-04-01 13:10:00+00:00,18564.394500000002,18564.411,18553.816499999997,18554.6945
2024-04-01 13:15:00+00:00,18553.810999999998,18555.5945,18544.0945,18546.711
2024-04-01 13:20:00+00:00,18547.589,18550.35,18541.394500000002,18549.383500000004
2024-04-01 13:25:00+00:00,18546.711,18558.1945,18546.711,18553.8
2024-04-01 13:30:00+00:00,18554.772,18564.4055,18541.339,18560.9055
2024-04-01 13:35:00+00:00,18561.7,18570.5835,18552.072,18567.9
2024-04-01 13:40:00+00:00,18568.810999999998,18573.272,18565.233500000002,18567.9
2024-04-01 13:45:00+00:00,18569.639000000003,18574.105499999998,18555.5335,18560.9055
2024-04-01 13:50:00+00:00,18561.711,18564.4165,18558.2055,18562.6165
2024-04-01 13:55:00+00:00,18563.5555,18568.866499999996,18561.7,18563.428
2024-04-01 14:00:00+00:00,18563.7065,18567.072,18529.85,18532.661
2024-04-01 14:05:00+00:00,18533.5055,18554.7,18533.5055,18552.0555
2024-04-01 14:10:00+00:00,18551.0335,18559.105499999998,18550.278,18556.472
2024-04-01 14:15:00+00:00,18557.2445,18558.272,18521.15,18523.810999999998
2024-04-01 14:20:00+00:00,18522.9,18528.383500000004,18513.8165,18526.5945
2024-04-01 14:25:00+00:00,18525.7,18527.45,18519.85,18520.6555
2024-04-01 14:30:00+00:00,18519.7835,18525.5,18510.511,18519.2945
2024-04-01 14:35:00+00:00,18518.511,18520.25,18492.060999999998,18499.889000000003
2024-04-01 14:40:00+00:00,18500.789,18513.4,18498.3835,18510.689000000002
2024-04-01 14:45:00+00:00,18509.95,18510.711,18502.75,18508.1555
2024-04-01 14:50:00+00:00,18507.648999999998,18507.648999999998,18495.3165,18498.4055
2024-04-01 14:55:00+00:00,18497.439000000002,18504.6665,18494.733500000002,18501.011
2024-04-01 15:00:00+00:00,18501.9165,18502.816499999997,18493.989,18500.1
2024-04-01 15:05:00+00:00,18500.9835,18504.6,18491.2945,18494.810999999998
2024-04-01 15:10:00+00:00,18494.060999999998,18495.633500000004,18484.2945,18487.778
2024-04-01 15:15:00+00:00,18486.889000000003,18487.816499999997,18470.1,18481.394500000002
2024-04-01 15:20:00+00:00,18480.4945,18497.3055,18472.578,18489.3835
2024-04-01 15:25:00+00:00,18490.3055,18499.172,18488.5055,18498.183500000003
2024-04-01 15:30:00+00:00,18497.3055,18499.1165,18488.4945,18488.4945
2024-04-01 15:35:00+00:00,18489.4,18498.211,18483.139000000003,18484.039
2024-04-01 15:40:00+00:00,18485.066499999997,18490.7,18481.411,18490.372
2024-04-01 15:45:00+00:00,18491.122,18492.9,18478.822,18492.0055
2024-04-01 15:50:00+00:00,18491.110999999997,18492.9,18464.661,18469.105499999998
2024-04-01 15:55:00+00:00,18469.9,18476.461,18464.95,18465.8055
2024-04-01 16:00:00+00:00,18466.5835,18483.4055,18461.278,18482.5
2024-04-01 16:05:00+00:00,18481.716500000002,18492.316499999997,18480.7445,18487.0
2024-04-01 16:10:00+00:00,18487.7945,18492.366499999996,18483.894500000002,18490.5
2024-04-01 16:15:00+00:00,18491.339,18495.855499999998,18489.5335,18490.55
2024-04-01 16:20:00+00:00,18491.4055,18494.060999999998,18486.110999999997,18491.389000000003
2024-04-01 16:25:00+00:00,18492.289,18499.3055,18490.5,18497.566499999997
2024-04-01 16:30:00+00:00,18498.394500000002,18502.855499999998,18498.35,18502.011
2024-04-01 16:35:00+00:00,18501.0835,18504.6,18496.7,18501.1
2024-04-01 16:40:00+00:00,18501.983500000002,18505.560999999998,18501.1,18503.761
2024-04-01 16:45:00+00:00,18504.605499999998,18505.566499999997,18497.428,18501.989
2024-04-01 16:50:00+00:00,18501.0445,18505.560999999998,18499.228,18500.2055
2024-04-01 16:55:00+00:00,18499.289,18500.189000000002,18493.978,18494.894500000002
2024-04-01 17:00:00+00:00,18494.0,18494.9555,18487.7445,18489.610999999997
2024-04-01 17:05:00+00:00,18490.5055,18493.1,18482.4445,18486.989
2024-04-01 17:10:00+00:00,18486.089,18490.45,18482.428,18487.016499999998
2024-04-01 17:15:00+00:00,18486.105499999998,18488.75,18479.0,18479.0165
2024-04-01 17:20:00+00:00,18478.0945,18478.110999999997,18464.9055,18464.9055
2024-04-01 17:25:00+00:00,18464.0055,18486.3,18464.0,18485.0055
2024-04-01 17:30:00+00:00,18485.35,18487.2,18477.489,18478.394500000002
2024-04-01 17:35:00+00:00,18477.4445,18488.1,18477.4445,18481.9165
2024-04-01 17:40:00+00:00,18482.85,18494.289,18481.0055,18492.560999999998
2024-04-01 17:45:00+00:00,18493.4,18493.4,18486.2445,18488.939000000002
2024-04-01 17:50:00+00:00,18489.8,18491.6,18478.3445,18485.389000000003
2024-04-01 17:55:00+00:00,18486.233500000002,18492.7945,18484.433500000003,18492.7945
2024-04-01 18:00:00+00:00,18492.060999999998,18496.461,18490.1945,18495.5055
2024-04-01 18:05:00+00:00,18494.661,18494.661,18490.189000000002,18492.789
2024-04-01 18:10:00+00:00,18493.644500000002,18493.711,18483.9945,18487.572
2024-04-01 18:15:00+00:00,18486.772,18497.310999999998,18486.772,18497.289
2024-04-01 18:20:00+00:00,18496.394500000002,18503.461,18492.7445,18502.478
2024-04-01 18:25:00+00:00,18501.7,18504.3,18496.35,18498.0335
2024-04-01 18:30:00+00:00,18497.2945,18503.4,18497.2945,18502.4945
2024-04-01 18:35:00+00:00,18501.6945,18506.122,18499.8835,18505.222
2024-04-01 18:40:00+00:00,18506.116499999996,18507.8,18500.789,18504.2945
2024-04-01 18:45:00+00:00,18505.1945,18505.211,18501.2165,18503.4165
2024-04-01 18:50:00+00:00,18504.25,18507.8055,18500.85,18503.4055
2024-04-01 18:55:00+00:00,18504.3055,18507.0055,18492.8055,18498.039
2024-04-01 19:00:00+00:00,18497.3,18504.372,18492.011,18504.3055
2024-04-01 19:05:00+00:00,18505.1945,18514.828,18505.139000000003,18509.622
2024-04-01 19:10:00+00:00,18510.511,18512.3,18502.4445,18504.2945
2024-04-01 19:15:00+00:00,18505.2055,18509.610999999997,18497.25,18499.839
2024-04-01 19:20:00+00:00,18500.816499999997,18507.8165,18497.366499999996,18502.45
2024-04-01 19:25:00+00:00,18503.35,18504.289,18493.2445,18498.089
2024-04-01 19:30:00+00:00,18499.0,18509.5835,18496.328,18507.0165
2024-04-01 19:35:00+00:00,18507.7835,18507.85,18490.2055,18492.0
2024-04-01 19:40:00+00:00,18492.8,18509.6,18492.8,18506.989
2024-04-01 19:45:00+00:00,18507.7835,18509.622,18498.039,18498.9945
2024-04-01 19:50:00+00:00,18496.4,18520.2165,18494.616499999996,18519.228
2024-04-01 19:55:00+00:00,18520.133500000004,18529.9,18508.7165,18508.7165
2024-04-01 20:00:00+00:00,18506.933500000003,18523.122,18505.2,18523.122
2024-04-01 20:05:00+00:00,18522.228,18522.228,18516.989,18517.8
2024-04-01 20:10:00+00:00,18518.628,18523.0945,18518.628,18519.589
2024-04-01 22:05:00+00:00,18516.011,18516.011,18509.022,18509.022
2024-04-01 22:10:00+00:00,18509.894500000002,18513.422,18509.894500000002,18511.605499999998
2024-04-01 22:15:00+00:00,18512.5,18513.339,18508.978,18509.0055
2024-04-01 22:20:00+00:00,18509.8445,18510.8,18508.011,18508.011
2024-04-01 22:25:00+00:00,18507.105499999998,18508.0,18504.4835,18504.4835
2024-04-01 22:30:00+00:00,18503.5835,18504.5165,18500.528,18502.2945
2024-04-01 22:35:00+00:00,18504.122,18510.283499999998,18504.0835,18505.889000000003
2024-04-01 22:40:00+00:00,18505.0055,18506.810999999998,18504.0335,18505.4165
2024-04-01 22:45:00+00:00,18505.9,18507.605499999998,18505.394500000002,18507.605499999998
2024-04-01 22:50:00+00:00,18506.789,18506.789,18500.1,18500.1
2024-04-01 22:55:00+00:00,18500.3565,18501.511,18499.6835,18501.4945
2024-04-01 23:00:00+00:00,18500.5945,18500.6665,18499.628,18500.5945
2024-04-01 23:05:00+00:00,18501.566499999997,18502.322,18499.689000000002,18500.6
2024-04-01 23:10:00+00:00,18501.5,18503.2,18501.0,18503.2
2024-04-01 23:15:00+00:00,18502.2945,18505.0055,18502.25,18505.0055
2024-04-01 23:20:00+00:00,18505.911,18506.8,18503.2,18504.039
2024-04-01 23:25:00+00:00,18504.489,18505.9665,18499.683500000003,18501.4945
2024-04-01 23:30:00+00:00,18502.360999999997,18505.011,18501.489,18503.178
2024-04-01 23:35:00+00:00,18502.3055,18502.3055,18491.7055,18492.6
2024-04-01 23:40:00+00:00,18493.5555,18494.4055,18490.9,18490.9
2024-04-01 23:45:00+00:00,18490.0055,18497.972,18490.0055,18497.011
2024-04-01 23:50:00+00:00,18496.2555,18498.872,18496.2555,18497.9055
2024-04-01 23:55:00+00:00,18498.4,18501.433500000003,18497.894500000002,18500.5945
2024-04-02 00:00:00+00:00,18499.7,18501.522,18488.860999999997,18488.860999999997
2024-04-02 00:05:00+00:00,18487.75,18488.766499999998,18482.45,18485.1945
2024-04-02 00:10:00+00:00,18485.928,18488.766499999998,18485.133500000004,18487.739
2024-04-02 00:15:00+00:00,18487.9445,18512.4835,18484.4445,18512.4835
2024-04-02 00:20:00+00:00,18512.5165,18518.066499999997,18505.439000000002,18506.439000000002
2024-04-02 00:25:00+00:00,18505.9945,18512.433500000003,18503.989,18509.511
2024-04-02 00:30:00+00:00,18510.5,18515.511,18509.483500000002,18513.439000000002
2024-04-02 00:35:00+00:00,18512.989,18515.989,18509.011,18515.478
2024-04-02 00:40:00+00:00,18515.989,18516.45,18513.433500000003,18515.5055
2024-04-02 00:45:00+00:00,18515.9945,18520.978,18512.060999999998,18520.5555
2024-04-02 00:50:00+00:00,18519.0165,18521.478,18516.978,18519.5
2024-04-02 00:55:00+00:00,18520.4945,18521.439000000002,18517.989,18520.522
2024-04-02 01:00:00+00:00,18519.939000000002,18520.511,18515.428,18516.478
2024-04-02 01:05:00+00:00,18515.9835,18516.060999999998,18510.489,18512.983500000002
2024-04-02 01:10:00+00:00,18513.5555,18516.05,18510.978,18511.428
2024-04-02 01:15:00+00:00,18512.483500000002,18515.572,18510.489,18515.560999999998
2024-04-02 01:20:00+00:00,18516.066499999997,18522.483500000002,18516.066499999997,18521.572
2024-04-02 01:25:00+00:00,18521.0,18525.511,18520.478,18525.511
2024-04-02 01:30:00+00:00,18526.05,18526.939000000002,18520.5055,18523.5
2024-04-02 01:35:00+00:00,18522.511,18523.560999999998,18517.489,18519.5165
2024-04-02 01:40:00+00:00,18519.072,18523.0,18518.45,18522.433500000003
2024-04-02 01:45:00+00:00,18522.9835,18526.0055,18522.45,18524.428
2024-04-02 01:50:00+00:00,18524.928,18525.5055,18519.5,18519.5
2024-04-02 01:55:00+00:00,18519.9835,18521.933500000003,18518.978,18520.978
2024-04-02 02:00:00+00:00,18521.511,18523.483500000002,18518.9835,18519.522
2024-04-02 02:05:00+00:00,18520.0055,18523.522,18517.433500000003,18517.433500000003
2024-04-02 02:10:00+00:00,18518.433500000003,18519.433500000003,18516.0055,18517.489
2024-04-02 02:15:00+00:00,18518.5,18520.5,18517.45,18519.489
2024-04-02 02:20:00+00:00,18520.489,18524.5,18519.478,18524.5
2024-04-02 02:25:00+00:00,18524.0,18524.0,18519.5165,18521.0055
2024-04-02 02:30:00+00:00,18520.478,18525.511,18520.478,18524.489
2024-04-02 02:35:00+00:00,18525.55,18525.55,18523.5,18523.572
2024-04-02 02:40:00+00:00,18522.978,18522.978,18519.483500000002,18519.483500000002
2024-04-02 02:45:00+00:00,18519.939000000002,18520.516499999998,18517.4945,18518.55
2024-04-02 02:50:00+00:00,18518.989,18524.5055,18518.433500000003,18524.5055
2024-04-02 02:55:00+00:00,18525.0055,18525.560999999998,18523.5,18523.5
2024-04-02 03:00:00+00:00,18524.060999999998,18524.511,18521.489,18522.4945
2024-04-02 03:05:00+00:00,18521.9945,18522.511,18520.05,18520.483500000002
2024-04-02 03:10:00+00:00,18519.560999999998,18521.5,18519.011,18521.5
2024-04-02 03:15:00+00:00,18521.0,18521.5,18517.511,18520.5
2024-04-02 03:20:00+00:00,18520.0,18521.478,18518.939000000002,18518.9445
2024-04-02 03:25:00+00:00,18519.55,18519.55,18518.428,18518.939000000002
2024-04-02 03:30:00+00:00,18519.5,18519.572,18516.4445,18516.4445
2024-04-02 03:35:00+00:00,18516.9445,18520.5165,18515.011,18516.439000000002
2024-04-02 03:40:00+00:00,18515.939000000002,18515.939000000002,18510.9945,18513.572
2024-04-02 03:45:00+00:00,18512.4945,18513.5,18511.4835,18512.4945
2024-04-02 03:50:00+00:00,18512.060999999998,18513.516499999998,18511.489,18511.489
2024-04-02 03:55:00+00:00,18512.072,18512.5555,18510.4945,18511.5055
2024-04-02 04:00:00+00:00,18510.489,18512.522,18509.5055,18509.5055
2024-04-02 04:05:00+00:00,18509.011,18509.011,18506.5,18508.511
2024-04-02 04:10:00+00:00,18509.4945,18509.4945,18507.5,18508.511
2024-04-02 04:15:00+00:00,18508.072,18508.072,18504.478,18504.5055
2024-04-02 04:20:00+00:00,18505.0055,18505.5055,18503.4445,18503.4445
2024-04-02 04:25:00+00:00,18504.5,18507.566499999997,18504.5,18505.4945
2024-04-02 04:30:00+00:00,18505.928,18506.016499999998,18504.5055,18504.9945
2024-04-02 04:35:00+00:00,18505.5,18507.5055,18505.483500000002,18507.5055
2024-04-02 04:40:00+00:00,18509.55,18510.5055,18509.55,18510.5055
2024-04-02 04:45:00+00:00,18510.05,18510.516499999998,18507.489,18508.433500000003
2024-04-02 04:50:00+00:00,18508.0,18508.516499999998,18507.433500000003,18507.5055
2024-04-02 04:55:00+00:00,18507.0055,18509.489,18505.55,18507.511
2024-04-02 05:00:00+00:00,18506.939000000002,18509.566499999997,18502.428,18503.95
2024-04-02 05:05:00+00:00,18504.4945,18509.060999999998,18503.489,18506.4835
2024-04-02 05:10:00+00:00,18505.566499999997,18508.022,18504.4835,18506.478
2024-04-02 05:15:00+00:00,18505.5,18506.55,18497.489,18498.4835
2024-04-02 05:20:00+00:00,18498.9835,18503.4835,18498.511,18502.4945
2024-04-02 05:25:00+00:00,18502.983500000002,18506.011,18501.489,18505.4945
2024-04-02 05:30:00+00:00,18504.489,18506.5,18501.5055,18502.0
2024-04-02 05:35:00+00:00,18502.9835,18504.5555,18496.0,18496.011
2024-04-02 05:40:00+00:00,18495.433500000003,18495.516499999998,18491.9835,18495.511
2024-04-02 05:45:00+00:00,18496.0,18499.5165,18493.9945,18497.5165
2024-04-02 05:50:00+00:00,18497.9945,18498.483500000002,18495.566499999997,18496.9945
2024-04-02 05:55:00+00:00,18496.5055,18499.4945,18495.989,18499.0055
2024-04-02 06:00:00+00:00,18498.7545,18503.072,18486.5,18502.5555
2024-04-02 06:05:00+00:00,18501.5,18507.483500000002,18497.433500000003,18498.5
2024-04-02 06:10:00+00:00,18500.511,18505.0055,18495.5555,18505.0055
2024-04-02 06:15:00+00:00,18504.0,18519.0,18501.5,18518.0055
2024-04-02 06:20:00+00:00,18518.5,18526.572,18516.939000000002,18525.566499999997
2024-04-02 06:25:00+00:00,18524.478,18527.022,18520.9445,18523.0
2024-04-02 06:30:00+00:00,18522.522,18530.016499999998,18522.011,18522.5
2024-04-02 06:35:00+00:00,18522.05,18525.0,18519.928,18520.5
2024-04-02 06:40:00+00:00,18521.072,18527.0,18514.9445,18525.0
2024-04-02 06:45:00+00:00,18525.433500000003,18534.011,18522.978,18534.011
2024-04-02 06:50:00+00:00,18535.0165,18535.0165,18521.5,18522.4945
2024-04-02 06:55:00+00:00,18523.016499999998,18523.516499999998,18510.0055,18512.066499999997
2024-04-02 07:00:00+00:00,18510.95,18535.933500000003,18499.0055,18535.4945
2024-04-02 07:05:00+00:00,18534.560999999998,18548.5165,18529.489,18547.0555
2024-04-02 07:10:00+00:00,18548.066499999997,18552.572,18532.939000000002,18548.0
2024-04-02 07:15:00+00:00,18548.483500000002,18552.066499999997,18517.011,18520.011
2024-04-02 07:20:00+00:00,18519.4835,18522.0055,18504.939000000002,18509.0
2024-04-02 07:25:00+00:00,18507.989,18510.0,18487.011,18506.939000000002
2024-04-02 07:30:00+00:00,18506.511,18518.022,18499.0,18511.433500000003
2024-04-02 07:35:00+00:00,18511.0055,18536.234,18505.05,18535.011
2024-04-02 07:40:00+00:00,18535.439000000002,18536.5165,18528.433500000003,18529.511
2024-04-02 07:45:00+00:00,18529.0,18529.0,18513.939000000002,18517.983500000002
2024-04-02 07:50:00+00:00,18518.983500000002,18534.0055,18516.0,18530.9945
2024-04-02 07:55:00+00:00,18531.4445,18540.0,18525.0555,18525.9945
2024-04-02 08:00:00+00:00,18530.5055,18571.016499999998,18530.5055,18560.428
2024-04-02 08:05:00+00:00,18559.9945,18562.428,18524.9945,18532.560999999998
2024-04-02 08:10:00+00:00,18532.9835,18533.5055,18506.9945,18509.016499999998
2024-04-02 08:15:00+00:00,18508.0165,18520.572,18502.989,18510.5
2024-04-02 08:20:00+00:00,18510.011,18527.011,18506.989,18522.439000000002
2024-04-02 08:25:00+00:00,18522.101000000002,18524.011,18512.0,18514.4945
2024-04-02 08:30:00+00:00,18513.0055,18513.0055,18499.0,18503.0
2024-04-02 08:35:00+00:00,18503.939000000002,18503.9945,18485.5055,18491.5
2024-04-02 08:40:00+00:00,18491.060999999998,18492.428,18476.983500000002,18483.4445
2024-04-02 08:45:00+00:00,18482.0,18486.572,18470.95,18480.9945
2024-04-02 08:50:00+00:00,18480.5055,18481.978,18471.433500000003,18478.4945
2024-04-02 08:55:00+00:00,18477.95,18487.9945,18476.4835,18483.011
2024-04-02 09:00:00+00:00,18483.978,18488.928,18476.9945,18486.0
2024-04-02 09:05:00+00:00,18487.022,18500.072,18482.511,18498.433500000003
2024-04-02 09:10:00+00:00,18499.45,18504.066499999997,18493.0,18503.0165
2024-04-02 09:15:00+00:00,18502.5,18506.0055,18490.939000000002,18492.4945
2024-04-02 09:20:00+00:00,18492.989,18505.0055,18489.489,18504.9945
2024-04-02 09:25:00+00:00,18505.4835,18510.022,18497.9445,18507.0
2024-04-02 09:30:00+00:00,18508.0055,18508.9945,18494.439000000002,18499.439000000002
2024-04-02 09:35:00+00:00,18500.0,18503.566499999997,18493.489,18498.989
2024-04-02 09:40:00+00:00,18498.5,18507.066499999997,18493.011,18498.428
2024-04-02 09:45:00+00:00,18498.0,18502.511,18491.939000000002,18494.0555
2024-04-02 09:50:00+00:00,18494.560999999998,18497.489,18479.011,18479.011
2024-04-02 09:55:00+00:00,18480.5,18483.0,18471.428,18472.060999999998
2024-04-02 10:00:00+00:00,18472.433500000003,18472.433500000003,18446.0055,18448.5
2024-04-02 10:05:00+00:00,18449.0,18451.928,18436.933500000003,18442.478
2024-04-02 10:10:00+00:00,18441.9835,18449.0,18433.939000000002,18448.0
2024-04-02 10:15:00+00:00,18448.439000000002,18453.05,18441.066499999997,18451.5055
2024-04-02 10:20:00+00:00,18451.0,18467.011,18450.4945,18460.4835
2024-04-02 10:25:00+00:00,18461.0,18468.9945,18457.933500000003,18466.5055
2024-04-02 10:30:00+00:00,18465.745000000003,18474.060999999998,18463.0,18471.9445
2024-04-02 10:35:00+00:00,18471.428,18471.428,18450.9835,18456.4945
2024-04-02 10:40:00+00:00,18455.9945,18465.0055,18454.928,18463.9445
2024-04-02 10:45:00+00:00,18464.5055,18464.9445,18454.933500000003,18462.5
2024-04-02 10:50:00+00:00,18462.201,18470.011,18461.011,18468.0
2024-04-02 10:55:00+00:00,18467.511,18475.016499999998,18466.933500000003,18472.5055
2024-04-02 11:00:00+00:00,18473.0,18483.9945,18470.989,18480.5
2024-04-02 11:05:00+00:00,18480.0,18481.4445,18470.0055,18473.516499999998
2024-04-02 11:10:00+00:00,18473.0,18479.95,18466.0,18479.95
2024-04-02 11:15:00+00:00,18480.5555,18485.072,18475.439000000002,18480.489
2024-04-02 11:20:00+00:00,18480.011,18480.4835,18467.0055,18470.4445
2024-04-02 11:25:00+00:00,18469.9945,18482.060999999998,18469.0055,18479.983500000002
2024-04-02 11:30:00+00:00,18479.516499999998,18484.511,18472.428,18479.0055
2024-04-02 11:35:00+00:00,18479.9945,18488.0,18477.933500000003,18487.4445
2024-04-02 11:40:00+00:00,18486.939000000002,18488.511,18474.4945,18475.5
2024-04-02 11:45:00+00:00,18473.011,18477.011,18462.9445,18463.4945
2024-04-02 11:50:00+00:00,18463.101000000002,18474.011,18462.0055,18469.022
2024-04-02 11:55:00+00:00,18469.428,18470.5165,18461.933500000003,18467.022
2024-04-02 12:00:00+00:00,18467.572,18476.0,18462.55,18474.066499999997
2024-04-02 12:05:00+00:00,18473.439000000002,18476.989,18465.989,18471.0055
2024-04-02 12:10:00+00:00,18470.072,18472.060999999998,18456.0,18458.016499999998
2024-04-02 12:15:00+00:00,18456.983500000002,18460.0,18446.516499999998,18451.0165
2024-04-02 12:20:00+00:00,18450.0055,18462.5,18450.0055,18460.5
2024-04-02 12:25:00+00:00,18460.9945,18470.978,18459.011,18470.978
2024-04-02 12:30:00+00:00,18470.011,18474.989,18460.933500000003,18463.511
2024-04-02 12:35:00+00:00,18463.212,18464.072,18453.5055,18454.016499999998
2024-04-02 12:40:00+00:00,18451.9945,18452.9835,18434.4835,18440.9835
2024-04-02 12:45:00+00:00,18440.011,18441.072,18432.5,18437.0
2024-04-02 12:50:00+00:00,18436.4445,18436.4445,18407.511,18413.060999999998
2024-04-02 12:55:00+00:00,18413.5055,18415.5,18400.978,18401.0055
2024-04-02 13:00:00+00:00,18400.234,18401.0165,18384.0055,18384.489
2024-04-02 13:05:00+00:00,18383.978,18384.0,18371.9945,18377.5
2024-04-02 13:10:00+00:00,18376.9835,18379.0055,18358.9945,18362.983500000002
2024-04-02 13:15:00+00:00,18363.989,18368.0,18343.0,18347.483500000002
2024-04-02 13:20:00+00:00,18347.022,18351.0,18334.989,18337.022
2024-04-02 13:25:00+00:00,18335.989,18338.072,18323.939000000002,18327.933500000003
2024-04-02 13:30:00+00:00,18327.0055,18337.9445,18306.5055,18309.511
2024-04-02 13:35:00+00:00,18309.939000000002,18311.5555,18284.9945,18286.016499999998
2024-04-02 13:40:00+00:00,18286.264000000003,18294.066499999997,18273.939000000002,18289.511
2024-04-02 13:45:00+00:00,18289.212,18296.0055,18276.5165,18277.978
2024-04-02 13:50:00+00:00,18276.989,18292.066499999997,18274.5,18288.0
2024-04-02 13:55:00+00:00,18289.066499999997,18304.022,18285.9945,18295.5055
2024-04-02 14:00:00+00:00,18295.516499999998,18310.511,18276.5055,18305.9835
2024-04-02 14:05:00+00:00,18305.746000000003,18309.9945,18282.928,18303.0
2024-04-02 14:10:00+00:00,18302.5055,18304.060999999998,18283.0,18289.511
2024-04-02 14:15:00+00:00,18290.011,18303.072,18285.939000000002,18289.0555
2024-04-02 14:20:00+00:00,18288.433500000003,18315.483500000002,18288.433500000003,18312.4445
2024-04-02 14:25:00+00:00,18311.989,18318.066499999997,18302.0,18305.0055
2024-04-02 14:30:00+00:00,18304.5055,18316.95,18302.4945,18312.9945
2024-04-02 14:35:00+00:00,18313.478,18324.011,18308.05,18319.066499999997
2024-04-02 14:40:00+00:00,18319.560999999998,18324.0055,18311.989,18320.9835
2024-04-02 14:45:00+00:00,18321.4445,18327.0,18297.9945,18303.0
2024-04-02 14:50:00+00:00,18303.5555,18314.0,18296.9835,18297.0
2024-04-02 14:55:00+00:00,18295.978,18301.011,18275.9445,18283.9945
2024-04-02 15:00:00+00:00,18283.489,18289.05,18279.066499999997,18284.95
2024-04-02 15:05:00+00:00,18284.45,18299.0,18283.566499999997,18297.9835
2024-04-02 15:10:00+00:00,18299.011,18304.45,18297.983500000002,18301.0
2024-04-02 15:15:00+00:00,18301.933500000003,18307.011,18294.989,18305.522
2024-04-02 15:20:00+00:00,18305.95,18311.011,18303.939000000002,18306.9945
2024-04-02 15:25:00+00:00,18307.5,18308.0055,18290.011,18292.5165
2024-04-02 15:30:00+00:00,18293.55,18297.022,18282.060999999998,18285.0055
2024-04-02 15:35:00+00:00,18285.933500000003,18287.4945,18267.0,18274.060999999998
2024-04-02 15:40:00+00:00,18273.511,18280.0,18269.989,18275.0055
2024-04-02 15:45:00+00:00,18275.560999999998,18277.572,18269.928,18270.983500000002
2024-04-02 15:50:00+00:00,18269.511,18270.9945,18256.9835,18258.0
2024-04-02 15:55:00+00:00,18256.9945,18272.072,18256.9945,18266.016499999998
2024-04-02 16:00:00+00:00,18266.4945,18271.9945,18262.989,18270.0
2024-04-02 16:05:00+00:00,18270.5055,18272.072,18265.0055,18268.5555
2024-04-02 16:10:00+00:00,18269.011,18269.978,18264.0,18267.989
2024-04-02 16:15:00+00:00,18267.0,18271.022,18263.989,18269.0555
2024-04-02 16:20:00+00:00,18270.0055,18278.9945,18265.9945,18277.011
2024-04-02 16:25:00+00:00,18277.5165,18280.072,18274.9835,18280.0
2024-04-02 16:30:00+00:00,18279.5555,18282.05,18276.05,18279.011
2024-04-02 16:35:00+00:00,18278.55,18282.5555,18278.45,18280.5055
2024-04-02 16:40:00+00:00,18280.9945,18283.011,18277.9945,18278.0
2024-04-02 16:45:00+00:00,18278.9835,18290.060999999998,18278.9835,18286.4945
2024-04-02 16:50:00+00:00,18285.9445,18290.0555,18285.011,18288.928
2024-04-02 16:55:00+00:00,18289.5055,18298.5165,18288.983500000002,18297.566499999997
2024-04-02 17:00:00+00:00,18298.0165,18298.989,18287.0165,18290.978
2024-04-02 17:05:00+00:00,18291.9445,18292.5,18285.0055,18286.45
2024-04-02 17:10:00+00:00,18287.0,18287.05,18278.428,18279.0055
2024-04-02 17:15:00+00:00,18279.5555,18284.060999999998,18276.928,18280.066499999997
2024-04-02 17:20:00+00:00,18280.9945,18282.5,18275.95,18276.5055
2024-04-02 17:25:00+00:00,18277.066499999997,18280.0055,18275.928,18278.022
2024-04-02 17:30:00+00:00,18278.5,18280.072,18273.983500000002,18276.0055
2024-04-02 17:35:00+00:00,18275.0,18280.066499999997,18271.016499999998,18273.983500000002
2024-04-02 17:40:00+00:00,18273.489,18274.0,18266.433500000003,18272.0555
2024-04-02 17:45:00+00:00,18271.516499999998,18279.05,18270.989,18278.5
2024-04-02 17:50:00+00:00,18278.933500000003,18284.066499999997,18276.5,18278.989
2024-04-02 17:55:00+00:00,18279.572,18283.05,18276.9945,18277.9945
2024-04-02 18:00:00+00:00,18278.489,18280.522,18275.95,18278.9445
2024-04-02 18:05:00+00:00,18279.5555,18286.433500000003,18276.011,18285.5
2024-04-02 18:10:00+00:00,18284.95,18287.0555,18283.933500000003,18284.9445
2024-04-02 18:15:00+00:00,18285.4945,18288.011,18283.9945,18288.011
2024-04-02 18:20:00+00:00,18288.5,18288.5,18282.0,18283.0055
2024-04-02 18:25:00+00:00,18283.572,18290.5055,18283.060999999998,18285.433500000003
2024-04-02 18:30:00+00:00,18285.0055,18289.0,18284.978,18287.0055
2024-04-02 18:35:00+00:00,18285.989,18287.011,18279.0055,18283.0
2024-04-02 18:40:00+00:00,18283.566499999997,18287.55,18282.0,18285.022
2024-04-02 18:45:00+00:00,18285.989,18285.989,18275.0,18278.989
2024-04-02 18:50:00+00:00,18279.511,18287.516499999998,18278.428,18282.5055
2024-04-02 18:55:00+00:00,18282.989,18285.5,18279.989,18281.9445
2024-04-02 19:00:00+00:00,18281.016499999998,18288.0055,18277.9945,18288.0
2024-04-02 19:05:00+00:00,18287.4835,18292.9945,18287.060999999998,18287.489
2024-04-02 19:10:00+00:00,18288.0,18290.4945,18279.978,18279.978
2024-04-02 19:15:00+00:00,18279.478,18284.0055,18278.9445,18280.933500000003
2024-04-02 19:20:00+00:00,18281.4445,18289.0055,18280.939000000002,18287.928
2024-04-02 19:25:00+00:00,18289.0555,18292.572,18287.9945,18289.0055
2024-04-02 19:30:00+00:00,18289.5,18297.0055,18286.933500000003,18295.433500000003
2024-04-02 19:35:00+00:00,18295.05,18301.933500000003,18294.428,18299.489
2024-04-02 19:40:00+00:00,18300.011,18300.011,18292.9835,18296.016499999998
2024-04-02 19:45:00+00:00,18295.5055,18305.5055,18293.0055,18304.4945
2024-04-02 19:50:00+00:00,18304.9945,18306.0,18299.4945,18303.439000000002
2024-04-02 19:55:00+00:00,18303.011,18307.5165,18300.9445,18305.511
2024-04-02 20:00:00+00:00,18306.0055,18309.8055,18304.539,18308.828
2024-04-02 20:05:00+00:00,18308.449,18308.961,18306.978,18307.9945
2024-04-02 20:10:00+00:00,18308.894500000002,18311.605499999998,18308.894500000002,18310.772
2024-04-02 22:05:00+00:00,18307.605499999998,18309.4055,18306.7945,18308.572
2024-04-02 22:10:00+00:00,18309.35,18309.35,18305.9,18307.5835
2024-04-02 22:15:00+00:00,18305.95,18305.95,18304.928,18305.9
2024-04-02 22:20:00+00:00,18306.8,18308.45,18306.8,18306.8055
2024-04-02 22:25:00+00:00,18307.605499999998,18307.610999999997,18305.911,18306.8055
2024-04-02 22:30:00+00:00,18305.85,18307.610999999997,18305.0,18306.872
2024-04-02 22:35:00+00:00,18307.605499999998,18307.605499999998,18306.8,18306.8
2024-04-02 22:40:00+00:00,18307.6,18308.489,18305.0,18305.0
2024-04-02 22:45:00+00:00,18304.105499999998,18305.9055,18303.178,18304.0945
2024-04-02 22:50:00+00:00,18303.261,18304.1165,18299.6945,18299.6945
2024-04-02 22:55:00+00:00,18298.8,18300.6165,18298.8,18300.6165
2024-04-02 23:00:00+00:00,18299.7,18300.6555,18297.828,18299.628
2024-04-02 23:05:00+00:00,18300.5945,18300.5945,18298.8,18299.65
2024-04-02 23:10:00+00:00,18300.622,18301.55,18300.539,18300.616499999996
2024-04-02 23:15:00+00:00,18301.511,18302.4555,18300.528,18302.45
2024-04-02 23:20:00+00:00,18301.5,18302.4165,18301.5,18302.4055
2024-04-02 23:25:00+00:00,18301.428,18303.2055,18301.428,18302.3835
2024-04-02 23:30:00+00:00,18303.1945,18304.122,18302.3445,18304.122
2024-04-02 23:35:00+00:00,18303.178,18303.178,18302.394500000002,18302.4
2024-04-02 23:40:00+00:00,18303.2055,18303.222,18299.6945,18302.411
2024-04-02 23:45:00+00:00,18302.733500000002,18303.211,18298.7945,18299.628
2024-04-02 23:50:00+00:00,18298.8055,18299.7,18297.0945,18298.789
2024-04-02 23:55:00+00:00,18299.716500000002,18299.716500000002,18295.789,18295.810999999998
2024-04-03 00:00:00+00:00,18294.894500000002,18294.894500000002,18290.5165,18290.5165
2024-04-03 00:05:00+00:00,18289.616499999996,18290.5,18281.45,18281.45
2024-04-03 00:10:00+00:00,18280.6555,18281.511,18278.7945,18278.8055
2024-04-03 00:15:00+00:00,18295.5055,18295.5055,18264.439000000002,18275.989
2024-04-03 00:20:00+00:00,18276.0055,18280.0555,18275.428,18277.478
2024-04-03 00:25:00+00:00,18278.989,18280.0055,18271.4945,18277.060999999998
2024-04-03 00:30:00+00:00,18276.572,18279.5055,18275.0,18278.0165
2024-04-03 00:35:00+00:00,18277.5,18283.428,18276.989,18277.989
2024-04-03 00:40:00+00:00,18279.489,18283.0055,18271.522,18272.560999999998
2024-04-03 00:45:00+00:00,18272.011,18272.011,18250.439000000002,18251.0
2024-04-03 00:50:00+00:00,18250.4945,18263.5055,18243.489,18261.933500000003
2024-04-03 00:55:00+00:00,18261.45,18268.9945,18256.933500000003,18259.011
2024-04-03 01:00:00+00:00,18258.4945,18258.4945,18239.489,18252.0
2024-04-03 01:05:00+00:00,18252.4945,18267.05,18249.0,18267.0
2024-04-03 01:10:00+00:00,18266.5165,18269.45,18256.939000000002,18264.989
2024-04-03 01:15:00+00:00,18264.011,18265.0,18257.011,18264.0
2024-04-03 01:20:00+00:00,18263.8045,18275.989,18263.0555,18268.5555
2024-04-03 01:25:00+00:00,18269.072,18287.572,18268.928,18286.5555
2024-04-03 01:30:00+00:00,18286.978,18289.55,18281.5055,18284.428
2024-04-03 01:35:00+00:00,18285.05,18305.022,18283.5055,18305.022
2024-04-03 01:40:00+00:00,18305.489,18306.511,18277.0055,18282.5
2024-04-03 01:45:00+00:00,18282.9945,18286.511,18263.5,18272.5
2024-04-03 01:50:00+00:00,18273.433500000003,18280.4945,18273.433500000003,18279.5
2024-04-03 01:55:00+00:00,18279.05,18279.05,18260.9835,18263.433500000003
2024-04-03 02:00:00+00:00,18262.9835,18274.072,18262.9835,18272.45
2024-04-03 02:05:00+00:00,18272.022,18272.511,18268.9835,18270.0055
2024-04-03 02:10:00+00:00,18269.483500000002,18269.483500000002,18263.9945,18264.516499999998
2024-04-03 02:15:00+00:00,18264.072,18270.072,18260.45,18270.072
2024-04-03 02:20:00+00:00,18269.560999999998,18274.566499999997,18268.0555,18274.566499999997
2024-04-03 02:25:00+00:00,18275.0,18279.0,18268.9835,18270.0
2024-04-03 02:30:00+00:00,18269.5,18273.560999999998,18268.4835,18273.072
2024-04-03 02:35:00+00:00,18272.483500000002,18278.060999999998,18270.433500000003,18276.989
2024-04-03 02:40:00+00:00,18276.4945,18276.4945,18269.45,18270.5
2024-04-03 02:45:00+00:00,18269.928,18270.55,18267.0,18267.0
2024-04-03 02:50:00+00:00,18266.4945,18267.4445,18261.428,18262.95
2024-04-03 02:55:00+00:00,18262.55,18267.05,18261.95,18265.560999999998
2024-04-03 03:00:00+00:00,18265.022,18270.939000000002,18264.4445,18269.5
2024-04-03 03:05:00+00:00,18270.016499999998,18273.0165,18267.4945,18272.45
2024-04-03 03:10:00+00:00,18272.0,18273.5055,18270.4945,18273.5055
2024-04-03 03:15:00+00:00,18274.011,18278.9945,18265.0055,18266.0
2024-04-03 03:20:00+00:00,18267.566499999997,18269.016499999998,18265.489,18265.9445
2024-04-03 03:25:00+00:00,18265.516499999998,18268.4945,18264.9445,18268.4945
2024-04-03 03:30:00+00:00,18268.05,18272.5,18266.9835,18268.560999999998
2024-04-03 03:35:00+00:00,18269.511,18277.45,18269.511,18272.433500000003
2024-04-03 03:40:00+00:00,18271.5055,18277.4945,18271.5055,18276.5
2024-04-03 03:45:00+00:00,18277.066499999997,18277.572,18274.928,18276.4835
2024-04-03 03:50:00+00:00,18277.022,18279.4945,18275.489,18276.0055
2024-04-03 03:55:00+00:00,18275.5555,18277.572,18269.5,18269.5
2024-04-03 04:00:00+00:00,18268.011,18273.0,18266.989,18271.45
2024-04-03 04:05:00+00:00,18270.428,18275.933500000003,18269.5055,18272.060999999998
2024-04-03 04:10:00+00:00,18272.572,18275.511,18268.5,18271.55
2024-04-03 04:15:00+00:00,18273.5,18274.5055,18263.4835,18264.011
2024-04-03 04:20:00+00:00,18263.560999999998,18263.560999999998,18238.9945,18243.983500000002
2024-04-03 04:25:00+00:00,18244.511,18272.0055,18240.489,18270.05
2024-04-03 04:30:00+00:00,18270.566499999997,18274.9945,18265.9945,18266.478
2024-04-03 04:35:00+00:00,18267.0055,18267.0055,18256.428,18258.0165
2024-04-03 04:40:00+00:00,18258.522,18260.4945,18255.0,18260.4945
2024-04-03 04:45:00+00:00,18264.066499999997,18268.022,18261.9945,18266.022
2024-04-03 04:50:00+00:00,18266.5,18268.011,18262.939000000002,18266.928
2024-04-03 04:55:00+00:00,18265.9945,18267.0165,18261.489,18264.066499999997
2024-04-03 05:00:00+00:00,18264.55,18273.572,18260.0055,18272.0
2024-04-03 05:05:00+00:00,18273.4945,18278.011,18263.9945,18265.928
2024-04-03 05:10:00+00:00,18265.572,18272.5555,18264.5,18267.0
2024-04-03 05:15:00+00:00,18266.5055,18271.5,18265.933500000003,18268.9835
2024-04-03 05:20:00+00:00,18269.489,18276.011,18268.9835,18276.0
2024-04-03 05:25:00+00:00,18275.516499999998,18277.0,18269.9945,18273.0055
2024-04-03 05:30:00+00:00,18272.4945,18280.5055,18272.428,18277.433500000003
2024-04-03 05:35:00+00:00,18278.011,18279.0,18265.011,18269.978
2024-04-03 05:40:00+00:00,18271.016499999998,18272.5,18265.016499999998,18265.9835
2024-04-03 05:45:00+00:00,18266.5055,18267.072,18256.9445,18257.9945
2024-04-03 05:50:00+00:00,18258.45,18263.9945,18257.989,18259.983500000002
2024-04-03 05:55:00+00:00,18260.566499999997,18263.516499999998,18259.011,18261.011
2024-04-03 06:00:00+00:00,18262.5,18278.5,18242.522,18276.9945
2024-04-03 06:05:00+00:00,18278.433500000003,18280.5555,18261.511,18279.928
2024-04-03 06:10:00+00:00,18280.939000000002,18302.4945,18280.939000000002,18302.0055
2024-04-03 06:15:00+00:00,18301.4945,18308.0055,18300.060999999998,18306.9945
2024-04-03 06:20:00+00:00,18308.511,18310.011,18299.0,18308.0
2024-04-03 06:25:00+00:00,18310.0,18313.978,18304.939000000002,18308.939000000002
2024-04-03 06:30:00+00:00,18310.511,18313.5055,18302.439000000002,18310.939000000002
2024-04-03 06:35:00+00:00,18310.011,18315.5165,18305.05,18311.9945
2024-04-03 06:40:00+00:00,18313.0,18322.0,18311.95,18319.483500000002
2024-04-03 06:45:00+00:00,18318.939000000002,18321.072,18316.9945,18320.066499999997
2024-04-03 06:50:00+00:00,18320.489,18320.5,18311.4835,18313.933500000003
2024-04-03 06:55:00+00:00,18314.5055,18324.022,18309.5,18316.072
2024-04-03 07:00:00+00:00,18319.066499999997,18337.0,18319.0,18323.983500000002
2024-04-03 07:05:00+00:00,18324.489,18325.072,18307.928,18308.95
2024-04-03 07:10:00+00:00,18307.9945,18322.5,18303.4945,18321.0055
2024-04-03 07:15:00+00:00,18321.4945,18324.5055,18311.489,18314.05
2024-04-03 07:20:00+00:00,18313.5,18326.0,18306.45,18306.4945
2024-04-03 07:25:00+00:00,18305.983500000002,18317.022,18295.4835,18297.0
2024-04-03 07:30:00+00:00,18296.011,18312.0055,18288.0555,18311.9945
2024-04-03 07:35:00+00:00,18311.489,18323.05,18305.428,18316.5055
2024-04-03 07:40:00+00:00,18317.5555,18326.0055,18315.489,18322.989
2024-04-03 07:45:00+00:00,18323.489,18325.0,18305.933500000003,18307.0
2024-04-03 07:50:00+00:00,18306.5,18318.5,18304.433500000003,18305.0
2024-04-03 07:55:00+00:00,18305.511,18310.483500000002,18295.428,18296.0
2024-04-03 08:00:00+00:00,18297.0,18315.5,18293.933500000003,18314.011
2024-04-03 08:05:00+00:00,18313.516499999998,18319.5055,18302.489,18318.5055
2024-04-03 08:10:00+00:00,18318.212,18324.439000000002,18312.511,18322.5
2024-04-03 08:15:00+00:00,18321.5,18329.0055,18314.4835,18328.072
2024-04-03 08:20:00+00:00,18328.511,18331.5,18322.5,18324.011
2024-04-03 08:25:00+00:00,18323.601000000002,18326.5555,18316.9945,18317.5
2024-04-03 08:30:00+00:00,18318.5055,18328.5,18317.489,18317.522
2024-04-03 08:35:00+00:00,18317.016499999998,18317.566499999997,18302.4945,18311.011
2024-04-03 08:40:00+00:00,18310.0055,18321.0,18307.0,18319.516499999998
2024-04-03 08:45:00+00:00,18319.223,18334.433500000003,18318.933500000003,18332.0555
2024-04-03 08:50:00+00:00,18332.55,18334.0,18326.4445,18326.4445
2024-04-03 08:55:00+00:00,18327.0165,18327.0165,18319.489,18319.489
2024-04-03 09:00:00+00:00,18320.560999999998,18327.439000000002,18313.011,18322.560999999998
2024-04-03 09:05:00+00:00,18324.0,18333.060999999998,18321.5055,18331.5
2024-04-03 09:10:00+00:00,18332.0055,18345.5055,18328.439000000002,18341.428
2024-04-03 09:15:00+00:00,18340.983500000002,18345.522,18331.939000000002,18345.072
2024-04-03 09:20:00+00:00,18345.5055,18346.511,18340.45,18345.5
2024-04-03 09:25:00+00:00,18345.011,18346.572,18341.928,18342.0165
2024-04-03 09:30:00+00:00,18342.5,18348.478,18334.4945,18347.428
2024-04-03 09:35:00+00:00,18346.5,18352.0,18343.478,18348.5055
2024-04-03 09:40:00+00:00,18349.439000000002,18352.566499999997,18346.4445,18350.0
2024-04-03 09:45:00+00:00,18349.4945,18351.5055,18340.5555,18342.9945
2024-04-03 09:50:00+00:00,18343.511,18345.4945,18335.5,18335.5
2024-04-03 09:55:00+00:00,18335.983500000002,18339.5555,18328.511,18337.011
2024-04-03 10:00:00+00:00,18336.723,18339.483500000002,18327.560999999998,18339.483500000002
2024-04-03 10:05:00+00:00,18340.0055,18343.0,18333.5055,18337.483500000002
2024-04-03 10:10:00+00:00,18338.572,18340.439000000002,18326.4445,18329.5
2024-04-03 10:15:00+00:00,18330.016499999998,18341.066499999997,18328.989,18340.560999999998
2024-04-03 10:20:00+00:00,18340.9945,18343.516499999998,18335.5055,18335.516499999998
2024-04-03 10:25:00+00:00,18335.0,18336.489,18329.4945,18331.0055
2024-04-03 10:30:00+00:00,18330.489,18331.5,18314.489,18316.489
2024-04-03 10:35:00+00:00,18317.55,18327.4445,18314.516499999998,18322.5555
2024-04-03 10:40:00+00:00,18324.511,18333.9945,18323.4945,18333.011
2024-04-03 10:45:00+00:00,18332.5,18337.489,18329.4945,18335.4835
2024-04-03 10:50:00+00:00,18336.245000000003,18337.566499999997,18327.428,18329.483500000002
2024-04-03 10:55:00+00:00,18330.511,18334.511,18327.428,18329.066499999997
2024-04-03 11:00:00+00:00,18329.5555,18339.5,18328.989,18335.0
2024-04-03 11:05:00+00:00,18335.9945,18338.560999999998,18322.0055,18322.4945
2024-04-03 11:10:00+00:00,18322.066499999997,18326.5055,18320.4945,18324.5
2024-04-03 11:15:00+00:00,18325.4945,18330.5055,18325.4945,18328.0
2024-04-03 11:20:00+00:00,18327.572,18333.572,18324.5055,18329.4945
2024-04-03 11:25:00+00:00,18329.066499999997,18329.522,18319.0055,18325.511
2024-04-03 11:30:00+00:00,18324.601000000002,18331.0055,18322.489,18329.511
2024-04-03 11:35:00+00:00,18328.478,18332.05,18317.4945,18317.4945
2024-04-03 11:40:00+00:00,18316.478,18319.022,18305.511,18306.4445
2024-04-03 11:45:00+00:00,18307.011,18311.0165,18304.478,18309.4945
2024-04-03 11:50:00+00:00,18310.0055,18325.5165,18308.4945,18324.4945
2024-04-03 11:55:00+00:00,18325.0055,18328.511,18322.45,18324.9945
2024-04-03 12:00:00+00:00,18324.011,18332.0,18318.433500000003,18328.439000000002
2024-04-03 12:05:00+00:00,18328.0055,18334.5055,18327.522,18332.511
2024-04-03 12:10:00+00:00,18332.0055,18332.511,18322.0055,18324.05
2024-04-03 12:15:00+00:00,18323.735999999997,18330.511,18318.939000000002,18326.560999999998
2024-04-03 12:20:00+00:00,18326.011,18328.572,18318.4945,18319.516499999998
2024-04-03 12:25:00+00:00,18319.011,18320.511,18306.5,18309.4445
2024-04-03 12:30:00+00:00,18308.4945,18316.522,18301.433500000003,18315.0
2024-04-03 12:35:00+00:00,18314.5,18322.5,18313.989,18320.5055
2024-04-03 12:40:00+00:00,18320.989,18324.489,18317.522,18319.5
2024-04-03 12:45:00+00:00,18319.0055,18319.5055,18307.4945,18308.989
2024-04-03 12:50:00+00:00,18309.5055,18315.560999999998,18304.522,18315.0
2024-04-03 12:55:00+00:00,18315.572,18319.489,18307.433500000003,18308.5
2024-04-03 13:00:00+00:00,18307.989,18316.560999999998,18306.516499999998,18314.433500000003
2024-04-03 13:05:00+00:00,18314.0165,18321.4835,18313.511,18320.4945
2024-04-03 13:10:00+00:00,18321.489,18323.483500000002,18309.288,18311.4945
2024-04-03 13:15:00+00:00,18311.978,18313.5055,18304.5,18308.5
2024-04-03 13:20:00+00:00,18309.0055,18310.511,18301.489,18304.566499999997
2024-04-03 13:25:00+00:00,18305.0055,18306.989,18295.5055,18306.511
2024-04-03 13:30:00+00:00,18306.898999999998,18318.066499999997,18302.5,18316.016499999998
2024-04-03 13:35:00+00:00,18315.433500000003,18330.983500000002,18310.5055,18328.489
2024-04-03 13:40:00+00:00,18329.9945,18333.4835,18312.4945,18319.0555
2024-04-03 13:45:00+00:00,18319.433500000003,18327.4945,18317.433500000003,18320.0165
2024-04-03 13:50:00+00:00,18319.4945,18334.516499999998,18316.4835,18333.5
2024-04-03 13:55:00+00:00,18332.4945,18337.0,18324.428,18330.0055
2024-04-03 14:00:00+00:00,18330.4945,18368.4835,18330.489,18362.5
2024-04-03 14:05:00+00:00,18363.016499999998,18367.011,18345.4445,18347.9945
2024-04-03 14:10:00+00:00,18347.45,18355.522,18340.011,18355.5055
2024-04-03 14:15:00+00:00,18356.254999999997,18361.45,18350.428,18356.4445
2024-04-03 14:20:00+00:00,18357.288,18359.511,18347.011,18347.428
2024-04-03 14:25:00+00:00,18346.5,18351.572,18340.428,18342.95
2024-04-03 14:30:00+00:00,18343.478,18352.516499999998,18334.489,18337.5
2024-04-03 14:35:00+00:00,18338.0,18345.522,18337.439000000002,18341.4945
2024-04-03 14:40:00+00:00,18340.989,18347.4835,18337.5,18345.0055
2024-04-03 14:45:00+00:00,18345.288,18356.5055,18344.0,18356.4445
2024-04-03 14:50:00+00:00,18356.0055,18364.566499999997,18355.4945,18361.511
2024-04-03 14:55:00+00:00,18360.928,18363.45,18351.4835,18355.5165
2024-04-03 15:00:00+00:00,18355.753999999997,18365.072,18355.45,18356.5055
2024-04-03 15:05:00+00:00,18355.5,18366.0055,18355.5,18365.433500000003
2024-04-03 15:10:00+00:00,18364.489,18369.511,18363.4445,18368.4445
2024-04-03 15:15:00+00:00,18369.0,18371.5,18365.566499999997,18371.5
2024-04-03 15:20:00+00:00,18370.989,18372.9835,18368.5055,18372.011
2024-04-03 15:25:00+00:00,18372.4945,18375.522,18366.5,18372.489
2024-04-03 15:30:00+00:00,18373.489,18380.572,18370.9445,18370.9945
2024-04-03 15:35:00+00:00,18370.55,18374.5,18366.4945,18370.9945
2024-04-03 15:40:00+00:00,18370.478,18379.55,18370.478,18371.933500000003
2024-04-03 15:45:00+00:00,18371.566499999997,18373.5,18363.4945,18365.022
2024-04-03 15:50:00+00:00,18365.5165,18367.989,18358.4945,18360.5
2024-04-03 15:55:00+00:00,18360.066499999997,18360.516499999998,18356.428,18357.5
2024-04-03 16:00:00+00:00,18357.989,18358.022,18346.428,18348.511
2024-04-03 16:05:00+00:00,18349.011,18352.5055,18346.483500000002,18351.9445
2024-04-03 16:10:00+00:00,18351.483500000002,18355.55,18340.989,18350.0055
2024-04-03 16:15:00+00:00,18349.4945,18362.0055,18348.5,18361.4835
2024-04-03 16:20:00+00:00,18361.983500000002,18366.522,18359.4835,18365.0
2024-04-03 16:25:00+00:00,18365.428,18370.4945,18359.5055,18370.4945
2024-04-03 16:30:00+00:00,18369.9835,18375.516499999998,18369.45,18371.983500000002
2024-04-03 16:35:00+00:00,18371.5,18372.5165,18345.9445,18348.566499999997
2024-04-03 16:40:00+00:00,18349.022,18365.566499999997,18349.022,18362.4835
2024-04-03 16:45:00+00:00,18361.5,18361.5,18354.478,18357.483500000002
2024-04-03 16:50:00+00:00,18356.5,18365.511,18355.9945,18360.55
2024-04-03 16:55:00+00:00,18360.9945,18361.5165,18353.9445,18354.5
2024-04-03 17:00:00+00:00,18355.5,18362.011,18354.989,18357.511
2024-04-03 17:05:00+00:00,18357.0,18359.560999999998,18354.4945,18357.5
2024-04-03 17:10:00+00:00,18358.0,18360.511,18354.478,18357.4945
2024-04-03 17:15:00+00:00,18358.022,18360.0555,18354.4945,18359.4945
2024-04-03 17:20:00+00:00,18359.989,18364.989,18357.0055,18362.066499999997
2024-04-03 17:25:00+00:00,18362.4945,18367.5,18361.983500000002,18366.4945
2024-04-03 17:30:00+00:00,18367.4945,18368.4945,18361.428,18367.5
2024-04-03 17:35:00+00:00,18367.011,18369.5,18364.428,18366.0555
2024-04-03 17:40:00+00:00,18366.5,18371.5,18365.439000000002,18369.072
2024-04-03 17:45:00+00:00,18369.5,18370.566499999997,18367.5165,18368.0
2024-04-03 17:50:00+00:00,18368.489,18370.072,18361.989,18363.022
2024-04-03 17:55:00+00:00,18362.5055,18364.566499999997,18360.989,18364.022
2024-04-03 18:00:00+00:00,18363.489,18365.522,18360.511,18364.4945
2024-04-03 18:05:00+00:00,18364.983500000002,18370.572,18363.978,18366.5165
2024-04-03 18:10:00+00:00,18367.0055,18368.489,18364.9835,18366.5055
2024-04-03 18:15:00+00:00,18366.95,18368.011,18359.5055,18363.5055
2024-04-03 18:20:00+00:00,18364.011,18365.566499999997,18361.4445,18364.5055
2024-04-03 18:25:00+00:00,18364.0,18364.5,18358.9945,18360.05
2024-04-03 18:30:00+00:00,18359.511,18362.511,18355.4445,18362.0
2024-04-03 18:35:00+00:00,18362.5,18366.560999999998,18361.928,18364.4945
2024-04-03 18:40:00+00:00,18365.0055,18368.0,18362.928,18365.439000000002
2024-04-03 18:45:00+00:00,18364.433500000003,18365.511,18360.9945,18361.5
2024-04-03 18:50:00+00:00,18362.0055,18365.5,18358.0055,18364.9445
2024-04-03 18:55:00+00:00,18364.489,18367.0,18360.0555,18363.483500000002
2024-04-03 19:00:00+00:00,18362.989,18364.572,18355.978,18359.511
2024-04-03 19:05:00+00:00,18358.989,18363.5,18358.483500000002,18360.5
2024-04-03 19:10:00+00:00,18359.9945,18360.5055,18338.439000000002,18341.55
2024-04-03 19:15:00+00:00,18342.489,18348.928,18328.489,18340.566499999997
2024-04-03 19:20:00+00:00,18340.9945,18344.5055,18334.489,18336.9945
2024-04-03 19:25:00+00:00,18336.4945,18345.5055,18334.4945,18342.4945
2024-04-03 19:30:00+00:00,18343.478,18349.439000000002,18340.5055,18347.060999999998
2024-04-03 19:35:00+00:00,18347.560999999998,18357.0055,18347.0055,18353.4445
2024-04-03 19:40:00+00:00,18352.5,18357.9445,18349.989,18355.5055
2024-04-03 19:45:00+00:00,18355.928,18359.4835,18353.5,18359.0
2024-04-03 19:50:00+00:00,18357.9945,18357.9945,18348.933500000003,18352.066499999997
2024-04-03 19:55:00+00:00,18351.5055,18353.560999999998,18340.5,18353.560999999998
2024-04-03 20:00:00+00:00,18354.411,18371.322,18350.7445,18366.9
2024-04-03 20:05:00+00:00,18367.8,18368.622,18361.128,18361.144500000002
2024-04-03 20:10:00+00:00,18362.105499999998,18367.411,18361.15,18363.894500000002
2024-04-03 22:05:00+00:00,18361.5055,18361.9835,18361.172,18361.9835
2024-04-03 22:15:00+00:00,18361.1,18361.1,18358.4,18358.4
2024-04-03 22:20:00+00:00,18359.233500000002,18361.122,18359.233500000002,18360.2165
2024-04-03 22:25:00+00:00,18361.116499999996,18362.0555,18360.2,18362.011
2024-04-03 22:30:00+00:00,18361.0945,18362.016499999998,18359.228,18362.016499999998
2024-04-03 22:35:00+00:00,18361.1,18363.761,18361.0945,18362.789
2024-04-03 22:40:00+00:00,18362.066499999997,18362.7945,18361.0335,18361.0335
2024-04-03 22:45:00+00:00,18362.0,18362.0,18360.139000000003,18362.0
2024-04-03 22:50:00+00:00,18361.478,18362.05,18360.133500000004,18361.116499999996
2024-04-03 22:55:00+00:00,18361.939000000002,18362.783499999998,18361.1665,18362.783499999998
2024-04-03 23:00:00+00:00,18363.6835,18363.6835,18361.933500000003,18361.9445
2024-04-03 23:05:00+00:00,18362.3835,18365.489,18362.0,18365.489
2024-04-03 23:10:00+00:00,18366.4055,18369.0055,18366.328,18369.0055
2024-04-03 23:15:00+00:00,18369.889000000003,18369.889000000003,18368.0945,18369.0
2024-04-03 23:20:00+00:00,18368.605499999998,18371.761,18368.089,18371.761
2024-04-03 23:25:00+00:00,18372.622,18381.4055,18371.633500000004,18380.516499999998
2024-04-03 23:30:00+00:00,18381.4665,18419.411,18381.35,18398.2
2024-04-03 23:35:00+00:00,18397.3,18397.3,18389.3055,18392.05
2024-04-03 23:40:00+00:00,18392.4,18396.4,18389.5945,18390.5
2024-04-03 23:45:00+00:00,18389.6,18390.5055,18384.289,18387.9
2024-04-03 23:50:00+00:00,18387.0055,18392.2445,18386.989,18387.911
2024-04-03 23:55:00+00:00,18388.3,18393.1945,18387.0,18393.1945
2024-04-04 00:00:00+00:00,18392.689000000002,18393.1945,18380.733500000002,18382.6
2024-04-04 00:05:00+00:00,18381.766499999998,18384.355499999998,18379.911,18381.7055
2024-04-04 00:10:00+00:00,18380.85,18384.3055,18380.8,18382.605499999998
2024-04-04 00:15:00+00:00,18366.5555,18377.5,18366.5555,18369.989
2024-04-04 00:20:00+00:00,18370.060999999998,18375.072,18368.5165,18375.072
2024-04-04 00:25:00+00:00,18374.0055,18377.572,18373.478,18376.0555
2024-04-04 00:30:00+00:00,18375.489,18377.572,18363.489,18368.933500000003
2024-04-04 00:35:00+00:00,18366.983500000002,18379.060999999998,18366.4945,18374.9945
2024-04-04 00:40:00+00:00,18375.989,18375.989,18370.5,18370.5
2024-04-04 00:45:00+00:00,18370.239999999998,18373.9945,18369.511,18372.478
2024-04-04 00:50:00+00:00,18373.0165,18374.511,18368.9945,18370.4945
2024-04-04 00:55:00+00:00,18371.011,18372.45,18361.433500000003,18365.4945
2024-04-04 01:00:00+00:00,18365.0,18367.511,18359.516499999998,18362.0055
2024-04-04 01:05:00+00:00,18362.5055,18364.511,18360.439000000002,18360.5
2024-04-04 01:10:00+00:00,18359.9945,18363.4945,18358.939000000002,18360.489
2024-04-04 01:15:00+00:00,18361.05,18363.5055,18360.9945,18362.016499999998
2024-04-04 01:20:00+00:00,18361.511,18367.4945,18361.511,18365.4445
2024-04-04 01:25:00+00:00,18366.511,18366.511,18358.939000000002,18359.55
2024-04-04 01:30:00+00:00,18360.5055,18366.4835,18359.5055,18365.511
2024-04-04 01:35:00+00:00,18366.0,18366.5165,18364.428,18365.511
2024-04-04 01:40:00+00:00,18364.989,18365.5555,18361.4945,18361.4945
2024-04-04 01:45:00+00:00,18362.0165,18365.5,18361.5,18362.0555
2024-04-04 01:50:00+00:00,18362.5,18365.5,18362.5,18364.5055
2024-04-04 01:55:00+00:00,18364.0055,18365.5055,18363.0055,18364.55
2024-04-04 02:00:00+00:00,18365.5055,18368.0,18363.05,18367.5555
2024-04-04 02:05:00+00:00,18366.9445,18367.511,18364.489,18365.5555
2024-04-04 02:10:00+00:00,18366.05,18368.5165,18365.428,18368.4945
2024-04-04 02:15:00+00:00,18367.5,18367.511,18362.483500000002,18363.978
2024-04-04 02:20:00+00:00,18362.9945,18365.55,18362.933500000003,18365.016499999998
2024-04-04 02:25:00+00:00,18364.0,18368.0,18364.0,18367.572
2024-04-04 02:30:00+00:00,18367.0165,18371.45,18367.0165,18369.522
2024-04-04 02:35:00+00:00,18370.9945,18373.5,18370.9945,18371.511
2024-04-04 02:40:00+00:00,18370.9945,18372.5055,18370.939000000002,18372.0
2024-04-04 02:45:00+00:00,18372.566499999997,18375.566499999997,18371.933500000003,18375.566499999997
2024-04-04 02:50:00+00:00,18375.0,18375.522,18373.983500000002,18374.5
2024-04-04 02:55:00+00:00,18374.0165,18374.5055,18372.9945,18374.5055
2024-04-04 03:00:00+00:00,18375.011,18375.011,18371.0055,18374.511
2024-04-04 03:05:00+00:00,18373.989,18375.5,18373.433500000003,18375.5
2024-04-04 03:10:00+00:00,18375.9945,18379.4945,18375.9945,18378.516499999998
2024-04-04 03:15:00+00:00,18379.478,18379.9945,18378.0165,18378.5555
2024-04-04 03:20:00+00:00,18378.989,18379.483500000002,18376.55,18377.0055
2024-04-04 03:25:00+00:00,18377.433500000003,18378.022,18374.928,18377.489
2024-04-04 03:30:00+00:00,18376.989,18377.022,18373.45,18373.5
2024-04-04 03:35:00+00:00,18372.5,18373.572,18369.5055,18369.5055
2024-04-04 03:40:00+00:00,18369.928,18376.45,18369.928,18375.5555
2024-04-04 03:45:00+00:00,18374.9945,18376.0,18372.95,18372.95
2024-04-04 03:50:00+00:00,18373.989,18376.5055,18373.022,18375.95
2024-04-04 03:55:00+00:00,18376.5165,18376.55,18375.428,18376.516499999998
2024-04-04 04:00:00+00:00,18377.0,18378.011,18373.4945,18377.4945
2024-04-04 04:05:00+00:00,18378.478,18382.066499999997,18377.489,18382.0055
2024-04-04 04:10:00+00:00,18381.5,18381.511,18378.511,18380.489
2024-04-04 04:15:00+00:00,18380.260000000002,18381.5055,18377.0055,18380.0165
2024-04-04 04:20:00+00:00,18380.511,18381.511,18378.4945,18378.4945
2024-04-04 04:25:00+00:00,18377.5055,18380.55,18376.9945,18380.5
2024-04-04 04:30:00+00:00,18379.522,18383.5,18379.522,18383.5
2024-04-04 04:35:00+00:00,18382.511,18383.55,18382.5055,18383.45
2024-04-04 04:40:00+00:00,18384.0055,18385.433500000003,18382.5165,18383.5
2024-04-04 04:45:00+00:00,18382.9945,18384.428,18382.433500000003,18382.989
2024-04-04 04:50:00+00:00,18382.511,18384.5,18380.5055,18383.5
2024-04-04 04:55:00+00:00,18383.989,18384.0055,18382.0555,18383.489
2024-04-04 05:00:00+00:00,18383.0055,18384.478,18382.428,18384.439000000002
2024-04-04 05:05:00+00:00,18383.978,18384.566499999997,18376.9835,18380.5055
2024-04-04 05:10:00+00:00,18379.489,18385.45,18378.489,18385.45
2024-04-04 05:15:00+00:00,18384.511,18384.511,18379.428,18379.516499999998
2024-04-04 05:20:00+00:00,18381.5055,18383.4945,18377.5055,18378.566499999997
2024-04-04 05:25:00+00:00,18378.989,18379.572,18374.933500000003,18376.516499999998
2024-04-04 05:30:00+00:00,18376.011,18376.4945,18370.439000000002,18372.0
2024-04-04 05:35:00+00:00,18371.5,18375.55,18371.0,18374.4445
2024-04-04 05:40:00+00:00,18374.0055,18378.022,18372.511,18377.5055
2024-04-04 05:45:00+00:00,18377.0055,18377.0055,18373.478,18374.516499999998
2024-04-04 05:50:00+00:00,18375.0055,18375.511,18368.989,18369.4945
2024-04-04 05:55:00+00:00,18369.0,18370.0055,18367.95,18368.016499999998
2024-04-04 06:00:00+00:00,18368.2565,18368.4945,18344.489,18349.5
2024-04-04 06:05:00+00:00,18350.060999999998,18353.560999999998,18343.011,18350.45
2024-04-04 06:10:00+00:00,18351.0,18356.5055,18345.5,18346.5
2024-04-04 06:15:00+00:00,18346.7455,18350.9945,18343.983500000002,18344.5
2024-04-04 06:20:00+00:00,18344.9945,18347.0,18339.489,18341.478
2024-04-04 06:25:00+00:00,18341.016499999998,18352.072,18339.4445,18349.4945
2024-04-04 06:30:00+00:00,18352.299,18358.0555,18345.4835,18358.011
2024-04-04 06:35:00+00:00,18356.5,18358.060999999998,18352.0165,18357.516499999998
2024-04-04 06:40:00+00:00,18357.2545,18365.0,18354.9835,18360.483500000002
2024-04-04 06:45:00+00:00,18361.011,18363.978,18355.5055,18357.5165
2024-04-04 06:50:00+00:00,18356.516499999998,18359.05,18351.95,18351.9945
2024-04-04 06:55:00+00:00,18353.05,18364.011,18353.05,18360.511
2024-04-04 07:00:00+00:00,18359.011,18363.5055,18343.439000000002,18362.928
2024-04-04 07:05:00+00:00,18362.5055,18363.55,18338.0,18340.489
2024-04-04 07:10:00+00:00,18339.989,18360.0055,18338.4945,18354.983500000002
2024-04-04 07:15:00+00:00,18352.983500000002,18359.572,18348.4945,18357.95
2024-04-04 07:20:00+00:00,18358.5055,18363.0,18343.0055,18350.989
2024-04-04 07:25:00+00:00,18349.022,18373.0555,18347.0055,18367.0
2024-04-04 07:30:00+00:00,18367.288,18372.011,18360.5055,18367.439000000002
2024-04-04 07:35:00+00:00,18368.0055,18377.983500000002,18362.483500000002,18372.5
2024-04-04 07:40:00+00:00,18373.511,18376.011,18367.95,18370.55
2024-04-04 07:45:00+00:00,18370.928,18378.072,18361.0055,18375.433500000003
2024-04-04 07:50:00+00:00,18373.066499999997,18384.0,18371.5,18376.0
2024-04-04 07:55:00+00:00,18375.5,18384.0555,18366.072,18381.989
2024-04-04 08:00:00+00:00,18383.011,18396.0055,18381.95,18394.011
2024-04-04 08:05:00+00:00,18394.478,18404.0555,18386.0,18403.511
2024-04-04 08:10:00+00:00,18402.933500000003,18409.9945,18400.9835,18403.5055
2024-04-04 08:15:00+00:00,18403.011,18414.928,18398.5055,18414.928
2024-04-04 08:20:00+00:00,18414.05,18422.0055,18408.0,18417.0
2024-04-04 08:25:00+00:00,18417.4945,18418.060999999998,18411.011,18412.489
2024-04-04 08:30:00+00:00,18413.489,18419.060999999998,18405.95,18407.0555
2024-04-04 08:35:00+00:00,18407.9945,18417.0,18398.4945,18398.4945
2024-04-04 08:40:00+00:00,18398.060999999998,18402.0555,18386.95,18388.511
2024-04-04 08:45:00+00:00,18389.439000000002,18394.011,18379.060999999998,18379.489
2024-04-04 08:50:00+00:00,18380.0055,18393.05,18376.011,18387.9445
2024-04-04 08:55:00+00:00,18387.572,18393.0,18381.0,18382.45
2024-04-04 09:00:00+00:00,18382.066499999997,18387.5555,18376.0,18376.928
2024-04-04 09:05:00+00:00,18377.4835,18377.516499999998,18371.560999999998,18377.0055
2024-04-04 09:10:00+00:00,18377.9835,18378.011,18367.489,18376.011
2024-04-04 09:15:00+00:00,18376.5,18387.0555,18372.9445,18383.072
2024-04-04 09:20:00+00:00,18383.478,18391.516499999998,18380.428,18389.072
2024-04-04 09:25:00+00:00,18389.4945,18396.0165,18386.928,18388.4945
2024-04-04 09:30:00+00:00,18388.95,18396.060999999998,18384.933500000003,18394.511
2024-04-04 09:35:00+00:00,18393.939000000002,18394.983500000002,18377.0,18378.4945
2024-04-04 09:40:00+00:00,18378.0165,18380.428,18370.9835,18378.5
2024-04-04 09:45:00+00:00,18379.5,18380.0055,18365.989,18367.011
2024-04-04 09:50:00+00:00,18367.5055,18373.05,18366.566499999997,18369.933500000003
2024-04-04 09:55:00+00:00,18369.072,18372.0,18367.4945,18369.0
2024-04-04 10:00:00+00:00,18368.489,18371.05,18362.95,18363.05
2024-04-04 10:05:00+00:00,18364.0,18367.983500000002,18361.0,18367.511
2024-04-04 10:10:00+00:00,18368.0555,18382.978,18368.0,18382.45
2024-04-04 10:15:00+00:00,18382.9945,18386.0055,18374.928,18375.572
2024-04-04 10:20:00+00:00,18374.989,18385.5055,18372.978,18380.983500000002
2024-04-04 10:25:00+00:00,18380.5555,18383.566499999997,18377.0,18381.4945
2024-04-04 10:30:00+00:00,18380.522,18381.566499999997,18374.9945,18379.0
2024-04-04 10:35:00+00:00,18379.516499999998,18382.572,18373.4835,18380.5055
2024-04-04 10:40:00+00:00,18379.978,18387.989,18379.978,18385.0
2024-04-04 10:45:00+00:00,18384.522,18394.428,18384.5,18394.0
2024-04-04 10:50:00+00:00,18394.478,18400.0165,18387.9945,18398.45
2024-04-04 10:55:00+00:00,18399.0555,18407.05,18398.489,18404.0055
2024-04-04 11:00:00+00:00,18405.0055,18409.060999999998,18398.928,18402.9945
2024-04-04 11:05:00+00:00,18403.5055,18405.489,18397.489,18398.939000000002
2024-04-04 11:10:00+00:00,18399.5,18399.933500000003,18390.939000000002,18399.933500000003
2024-04-04 11:15:00+00:00,18398.95,18401.5,18392.011,18392.5
2024-04-04 11:20:00+00:00,18393.0055,18395.9945,18389.4945,18391.0
2024-04-04 11:25:00+00:00,18390.4945,18394.5055,18389.9835,18391.5
2024-04-04 11:30:00+00:00,18390.933500000003,18391.55,18380.933500000003,18381.066499999997
2024-04-04 11:35:00+00:00,18380.072,18381.0165,18373.9445,18377.0
2024-04-04 11:40:00+00:00,18375.9945,18377.0,18365.4945,18367.060999999998
2024-04-04 11:45:00+00:00,18367.489,18373.5,18364.4835,18364.4835
2024-04-04 11:50:00+00:00,18365.0,18376.9445,18364.0,18376.9445
2024-04-04 11:55:00+00:00,18377.4445,18380.928,18373.9835,18375.011
2024-04-04 12:00:00+00:00,18376.0,18378.0055,18368.983500000002,18377.45
2024-04-04 12:05:00+00:00,18377.989,18383.0055,18377.0,18381.9445
2024-04-04 12:10:00+00:00,18383.066499999997,18388.5055,18377.989,18388.5055
2024-04-04 12:15:00+00:00,18388.072,18388.566499999997,18374.939000000002,18374.939000000002
2024-04-04 12:20:00+00:00,18376.016499999998,18378.0,18372.4945,18374.983500000002
2024-04-04 12:25:00+00:00,18374.016499999998,18379.234,18373.428,18375.5055
2024-04-04 12:30:00+00:00,18376.0055,18384.072,18368.4945,18381.983500000002
2024-04-04 12:35:00+00:00,18382.489,18389.05,18377.0555,18382.989
2024-04-04 12:40:00+00:00,18383.5,18387.016499999998,18380.5,18383.9835
2024-04-04 12:45:00+00:00,18385.016499999998,18392.016499999998,18378.978,18388.0055
2024-04-04 12:50:00+00:00,18387.478,18399.989,18387.478,18395.4945
2024-04-04 12:55:00+00:00,18395.212,18406.072,18394.9945,18397.978
2024-04-04 13:00:00+00:00,18397.45,18400.0555,18388.4835,18392.983500000002
2024-04-04 13:05:00+00:00,18394.060999999998,18403.0165,18394.060999999998,18402.0
2024-04-04 13:10:00+00:00,18401.4945,18410.072,18401.4945,18406.066499999997
2024-04-04 13:15:00+00:00,18405.5,18414.489,18402.433500000003,18413.933500000003
2024-04-04 13:20:00+00:00,18414.5055,18417.0,18410.0,18416.983500000002
2024-04-04 13:25:00+00:00,18416.245000000003,18419.0055,18411.939000000002,18414.0
2024-04-04 13:30:00+00:00,18415.0,18416.011,18402.0,18404.011
2024-04-04 13:35:00+00:00,18403.522,18408.511,18393.0055,18394.9945
2024-04-04 13:40:00+00:00,18395.5,18401.0055,18392.9945,18400.0055
2024-04-04 13:45:00+00:00,18400.9945,18401.939000000002,18391.9945,18400.989
2024-04-04 13:50:00+00:00,18400.746000000003,18405.011,18391.928,18398.0555
2024-04-04 13:55:00+00:00,18397.5055,18400.489,18389.928,18398.9945
2024-04-04 14:00:00+00:00,18399.572,18401.072,18394.9445,18396.9445
2024-04-04 14:05:00+00:00,18398.0,18412.072,18395.9945,18412.022
2024-04-04 14:10:00+00:00,18411.5,18415.0555,18404.428,18405.4945
2024-04-04 14:15:00+00:00,18405.9835,18412.933500000003,18404.9945,18410.0055
2024-04-04 14:20:00+00:00,18410.511,18413.016499999998,18403.560999999998,18404.022
2024-04-04 14:25:00+00:00,18405.0,18414.9945,18402.95,18413.478
2024-04-04 14:30:00+00:00,18413.05,18415.060999999998,18409.011,18411.4445
2024-04-04 14:35:00+00:00,18412.0055,18422.0,18410.939000000002,18421.0
2024-04-04 14:40:00+00:00,18420.0055,18428.978,18420.0055,18428.978
2024-04-04 14:45:00+00:00,18428.212,18428.212,18419.011,18420.5055
2024-04-04 14:50:00+00:00,18421.0,18423.060999999998,18415.4445,18416.928
2024-04-04 14:55:00+00:00,18417.4445,18422.5,18416.428,18417.0055
2024-04-04 15:00:00+00:00,18416.433500000003,18419.9945,18408.4945,18408.4945
2024-04-04 15:05:00+00:00,18409.060999999998,18415.072,18404.011,18406.011
2024-04-04 15:10:00+00:00,18406.511,18412.011,18402.9445,18403.9945
2024-04-04 15:15:00+00:00,18402.9945,18406.0165,18400.0,18403.928
2024-04-04 15:20:00+00:00,18403.5,18406.011,18400.928,18403.983500000002
2024-04-04 15:25:00+00:00,18405.0,18406.0,18401.928,18404.0
2024-04-04 15:30:00+00:00,18404.928,18406.05,18397.978,18400.0
2024-04-04 15:35:00+00:00,18401.060999999998,18414.022,18401.060999999998,18410.989
2024-04-04 15:40:00+00:00,18411.978,18415.9945,18411.933500000003,18413.0055
2024-04-04 15:45:00+00:00,18413.4945,18414.011,18404.022,18404.9945
2024-04-04 15:50:00+00:00,18406.066499999997,18412.9945,18405.9445,18410.0165
2024-04-04 15:55:00+00:00,18410.5,18413.0,18409.511,18411.016499999998
2024-04-04 16:00:00+00:00,18412.022,18414.0555,18409.939000000002,18412.0165
2024-04-04 16:05:00+00:00,18413.0055,18420.0055,18413.0055,18418.0055
2024-04-04 16:10:00+00:00,18418.928,18419.0,18410.9945,18411.0055
2024-04-04 16:15:00+00:00,18411.5,18413.060999999998,18408.433500000003,18409.0055
2024-04-04 16:20:00+00:00,18408.0,18412.022,18407.483500000002,18409.9945
2024-04-04 16:25:00+00:00,18409.4445,18412.0,18408.5,18412.0
2024-04-04 16:30:00+00:00,18411.5,18412.05,18409.933500000003,18409.939000000002
2024-04-04 16:35:00+00:00,18409.572,18411.011,18407.95,18411.011
2024-04-04 16:40:00+00:00,18411.5,18413.0,18410.933500000003,18411.511
2024-04-04 16:45:00+00:00,18411.011,18413.0055,18407.9945,18409.0055
2024-04-04 16:50:00+00:00,18410.0055,18410.05,18407.978,18408.45
2024-04-04 16:55:00+00:00,18408.022,18409.0055,18398.978,18400.9945
2024-04-04 17:00:00+00:00,18400.5,18401.511,18394.9945,18396.022
2024-04-04 17:05:00+00:00,18396.5055,18400.072,18395.95,18400.072
2024-04-04 17:10:00+00:00,18400.989,18400.989,18397.978,18399.011
2024-04-04 17:15:00+00:00,18398.05,18399.0165,18392.9835,18394.0
2024-04-04 17:20:00+00:00,18393.5555,18396.0055,18392.95,18396.0
2024-04-04 17:25:00+00:00,18395.5055,18395.572,18392.9945,18394.072
2024-04-04 17:30:00+00:00,18393.5555,18396.0,18391.95,18392.983500000002
2024-04-04 17:35:00+00:00,18392.428,18396.05,18391.978,18393.95
2024-04-04 17:40:00+00:00,18394.511,18394.511,18386.439000000002,18389.0055
2024-04-04 17:45:00+00:00,18388.560999999998,18390.011,18382.928,18387.9945
2024-04-04 17:50:00+00:00,18386.9945,18390.0055,18386.0055,18386.9945
2024-04-04 17:55:00+00:00,18385.9945,18388.016499999998,18375.928,18377.5
2024-04-04 18:00:00+00:00,18377.188000000002,18379.0165,18371.9945,18376.9945
2024-04-04 18:05:00+00:00,18376.4945,18377.072,18352.0,18352.560999999998
2024-04-04 18:10:00+00:00,18353.0055,18353.0055,18327.072,18328.4835
2024-04-04 18:15:00+00:00,18326.933500000003,18328.511,18302.428,18307.939000000002
2024-04-04 18:20:00+00:00,18307.511,18321.4945,18301.072,18318.9945
2024-04-04 18:25:00+00:00,18318.4945,18320.939000000002,18285.9945,18288.428
2024-04-04 18:30:00+00:00,18288.0165,18288.0165,18239.5,18245.478
2024-04-04 18:35:00+00:00,18245.933500000003,18273.0,18245.933500000003,18260.9945
2024-04-04 18:40:00+00:00,18260.55,18260.55,18228.978,18232.566499999997
2024-04-04 18:45:00+00:00,18232.989,18260.5555,18231.011,18260.05
2024-04-04 18:50:00+00:00,18259.5,18259.989,18242.0,18245.016499999998
2024-04-04 18:55:00+00:00,18243.0,18243.05,18197.489,18215.511
2024-04-04 19:00:00+00:00,18215.0165,18228.4835,18197.5,18213.522
2024-04-04 19:05:00+00:00,18214.5,18232.560999999998,18214.5,18228.483500000002
2024-04-04 19:10:00+00:00,18227.439000000002,18229.0,18207.983500000002,18221.5055
2024-04-04 19:15:00+00:00,18222.0055,18223.066499999997,18203.983500000002,18211.011
2024-04-04 19:20:00+00:00,18210.5,18224.072,18208.439000000002,18210.5555
2024-04-04 19:25:00+00:00,18209.7435,18215.5055,18191.0055,18192.5
2024-04-04 19:30:00+00:00,18193.4945,18207.0,18189.489,18201.9945
2024-04-04 19:35:00+00:00,18202.511,18207.022,18177.0,18177.0
2024-04-04 19:40:00+00:00,18177.5,18195.0555,18174.5,18194.560999999998
2024-04-04 19:45:00+00:00,18193.5055,18207.0,18190.483500000002,18206.511
2024-04-04 19:50:00+00:00,18207.4835,18213.5165,18193.5,18204.0055
2024-04-04 19:55:00+00:00,18201.5,18205.516499999998,18187.428,18188.933500000003
2024-04-04 20:00:00+00:00,18188.738,18208.7,18182.360999999997,18205.0835
2024-04-04 20:05:00+00:00,18204.3055,18209.605499999998,18197.183500000003,18201.610999999997
2024-04-04 20:10:00+00:00,18202.0545,18207.7055,18196.2165,18201.428
2024-04-04 22:05:00+00:00,18209.2945,18219.911,18208.922,18219.889000000003
2024-04-04 22:10:00+00:00,18220.394500000002,18224.355499999998,18220.394500000002,18220.7555
2024-04-04 22:15:00+00:00,18220.35,18222.511,18216.233500000002,18217.183500000003
2024-04-04 22:20:00+00:00,18217.989,18218.022,18191.5,18199.389000000003
2024-04-04 22:25:00+00:00,18199.05,18204.872,18191.439000000002,18203.0
2024-04-04 22:30:00+00:00,18203.9165,18218.060999999998,18203.9165,18214.4945
2024-04-04 22:35:00+00:00,18213.616499999996,18214.572,18203.911,18208.2945
2024-04-04 22:40:00+00:00,18209.222,18220.139000000003,18207.4165,18219.3
2024-04-04 22:45:00+00:00,18218.383500000004,18220.266499999998,18208.5835,18210.394500000002
2024-04-04 22:50:00+00:00,18209.9945,18211.310999999998,18200.644500000002,18205.1665
2024-04-04 22:55:00+00:00,18204.1945,18210.45,18204.178,18205.15
2024-04-04 23:00:00+00:00,18206.011,18215.7,18198.8445,18214.8055
2024-04-04 23:05:00+00:00,18214.072,18214.8055,18207.8,18208.5335
2024-04-04 23:10:00+00:00,18207.8,18211.2945,18206.8445,18209.5055
2024-04-04 23:15:00+00:00,18208.661,18209.566499999997,18200.7555,18205.0445
2024-04-04 23:20:00+00:00,18205.5055,18207.872,18203.233500000002,18207.7445
2024-04-04 23:25:00+00:00,18208.528,18211.3,18203.3,18210.328
2024-04-04 23:30:00+00:00,18209.4835,18218.4665,18209.4835,18214.0555
2024-04-04 23:35:00+00:00,18214.9945,18217.639000000003,18213.3,18215.933500000003
2024-04-04 23:40:00+00:00,18215.1165,18215.1165,18206.1945,18208.0055
2024-04-04 23:45:00+00:00,18208.828,18211.560999999998,18206.1835,18209.8
2024-04-04 23:50:00+00:00,18208.894500000002,18212.022,18207.089,18207.1
2024-04-04 23:55:00+00:00,18207.4445,18207.939000000002,18203.928,18205.3055
2024-04-05 00:00:00+00:00,18204.7935,18208.9055,18199.110999999997,18207.172
2024-04-05 00:05:00+00:00,18206.211,18211.511,18199.1,18211.511
2024-04-05 00:10:00+00:00,18212.066499999997,18218.4,18211.5,18214.816499999997
2024-04-05 00:15:00+00:00,18213.4945,18213.4945,18194.5,18198.0
2024-04-05 00:20:00+00:00,18198.0,18198.0,18186.0,18190.560999999998
2024-04-05 00:25:00+00:00,18189.9945,18194.9945,18187.5055,18188.0055
2024-04-05 00:30:00+00:00,18187.5165,18187.989,18180.939000000002,18180.939000000002
2024-04-05 00:35:00+00:00,18180.439000000002,18180.5,18159.489,18166.022
2024-04-05 00:40:00+00:00,18167.489,18171.0055,18162.5,18163.439000000002
2024-04-05 00:45:00+00:00,18163.0,18163.978,18159.0,18162.0
2024-04-05 00:50:00+00:00,18162.989,18171.05,18162.989,18170.4945
2024-04-05 00:55:00+00:00,18170.011,18174.939000000002,18164.511,18174.022
2024-04-05 01:00:00+00:00,18173.7655,18176.45,18169.022,18175.4945
2024-04-05 01:05:00+00:00,18175.05,18175.05,18169.511,18171.0
2024-04-05 01:10:00+00:00,18173.066499999997,18173.4945,18162.9945,18170.933500000003
2024-04-05 01:15:00+00:00,18170.749,18172.011,18161.4945,18165.5055
2024-04-05 01:20:00+00:00,18164.933500000003,18164.933500000003,18157.489,18157.5055
2024-04-05 01:25:00+00:00,18157.989,18157.989,18128.45,18139.0165
2024-04-05 01:30:00+00:00,18138.499,18143.0,18134.45,18135.011
2024-04-05 01:35:00+00:00,18134.489,18144.0055,18134.489,18140.9945
2024-04-05 01:40:00+00:00,18141.5,18154.4945,18141.5,18147.016499999998
2024-04-05 01:45:00+00:00,18146.5,18149.560999999998,18131.4945,18137.566499999997
2024-04-05 01:50:00+00:00,18137.011,18138.511,18125.0055,18125.511
2024-04-05 01:55:00+00:00,18125.0,18127.95,18119.939000000002,18127.572
2024-04-05 02:00:00+00:00,18127.066499999997,18139.0055,18126.4835,18135.0055
2024-04-05 02:05:00+00:00,18135.511,18138.022,18128.511,18136.489
2024-04-05 02:10:00+00:00,18137.05,18152.5,18134.0055,18140.9945
2024-04-05 02:15:00+00:00,18140.7435,18140.7435,18137.011,18137.5555
2024-04-05 02:20:00+00:00,18137.011,18139.489,18134.933500000003,18137.983500000002
2024-04-05 02:25:00+00:00,18138.5,18147.522,18137.511,18139.5055
2024-04-05 02:30:00+00:00,18139.182500000003,18140.9945,18136.4945,18140.4945
2024-04-05 02:35:00+00:00,18141.522,18142.0,18141.511,18141.511
2024-04-05 02:40:00+00:00,18142.572,18146.072,18138.45,18138.45
2024-04-05 02:45:00+00:00,18142.989,18145.0055,18142.989,18144.011
2024-04-05 02:50:00+00:00,18144.4945,18145.5,18144.4945,18144.939000000002
2024-04-05 02:55:00+00:00,18144.45,18145.016499999998,18142.5,18142.5
2024-04-05 03:00:00+00:00,18141.4945,18147.011,18139.489,18147.011
2024-04-05 03:05:00+00:00,18144.5055,18155.511,18144.5055,18155.060999999998
2024-04-05 03:10:00+00:00,18154.511,18160.0055,18153.489,18155.4945
2024-04-05 03:15:00+00:00,18156.0055,18156.0055,18152.439000000002,18153.9945
2024-04-05 03:20:00+00:00,18155.0,18155.9835,18151.9945,18153.4945
2024-04-05 03:25:00+00:00,18153.0055,18153.483500000002,18150.522,18151.0165
2024-04-05 03:30:00+00:00,18151.5,18163.5055,18151.5,18162.5055
2024-04-05 03:35:00+00:00,18162.05,18164.4945,18158.433500000003,18158.9945
2024-04-05 03:40:00+00:00,18160.0055,18161.489,18155.9945,18160.45
2024-04-05 03:45:00+00:00,18160.066499999997,18160.939000000002,18157.0055,18160.478
2024-04-05 03:50:00+00:00,18160.9835,18167.0055,18159.9945,18166.989
2024-04-05 03:55:00+00:00,18167.428,18172.511,18167.428,18170.022
2024-04-05 04:00:00+00:00,18168.978,18173.022,18168.978,18170.072
2024-04-05 04:05:00+00:00,18169.439000000002,18170.522,18165.983500000002,18166.4835
2024-04-05 04:10:00+00:00,18165.9945,18170.060999999998,18165.433500000003,18170.060999999998
2024-04-05 04:15:00+00:00,18169.5,18169.5,18162.489,18162.933500000003
2024-04-05 04:20:00+00:00,18162.511,18166.511,18162.511,18164.939000000002
2024-04-05 04:25:00+00:00,18163.989,18165.0,18160.9945,18165.0
2024-04-05 04:30:00+00:00,18165.489,18170.5,18164.989,18168.989
2024-04-05 04:35:00+00:00,18170.0055,18172.4945,18168.5055,18169.428
2024-04-05 04:40:00+00:00,18169.0,18170.511,18166.011,18167.511
2024-04-05 04:45:00+00:00,18167.0055,18168.5165,18165.5055,18168.022
2024-04-05 04:50:00+00:00,18168.5,18173.0055,18167.939000000002,18171.5
2024-04-05 04:55:00+00:00,18172.0165,18173.072,18166.5,18168.9945
2024-04-05 05:00:00+00:00,18168.7545,18183.0,18168.433500000003,18174.522
2024-04-05 05:05:00+00:00,18174.989,18182.511,18174.989,18181.4945
2024-04-05 05:10:00+00:00,18181.983500000002,18182.05,18174.5055,18179.989
2024-04-05 05:15:00+00:00,18180.4445,18180.5055,18174.983500000002,18176.516499999998
2024-04-05 05:20:00+00:00,18176.983500000002,18177.0055,18173.5165,18176.0
2024-04-05 05:25:00+00:00,18176.516499999998,18176.516499999998,18173.5,18175.483500000002
2024-04-05 05:30:00+00:00,18176.022,18176.022,18165.9945,18172.9945
2024-04-05 05:35:00+00:00,18174.066499999997,18183.5055,18173.0,18181.016499999998
2024-04-05 05:40:00+00:00,18180.489,18182.516499999998,18176.022,18181.978
2024-04-05 05:45:00+00:00,18181.5555,18187.022,18176.9445,18186.5165
2024-04-05 05:50:00+00:00,18186.9945,18187.511,18177.95,18177.95
2024-04-05 05:55:00+00:00,18180.933500000003,18186.511,18177.45,18180.95
2024-04-05 06:00:00+00:00,18181.5,18195.5055,18172.011,18182.928
2024-04-05 06:05:00+00:00,18183.516499999998,18195.011,18177.0,18183.9835
2024-04-05 06:10:00+00:00,18183.05,18186.9945,18175.016499999998,18177.060999999998
2024-04-05 06:15:00+00:00,18177.5555,18178.560999999998,18161.928,18167.060999999998
2024-04-05 06:20:00+00:00,18168.9945,18180.5055,18168.9945,18174.0
2024-04-05 06:25:00+00:00,18173.5055,18191.9945,18172.5165,18185.0055
2024-04-05 06:30:00+00:00,18187.0,18208.0,18182.522,18208.0
2024-04-05 06:35:00+00:00,18208.428,18222.928,18204.0,18213.9945
2024-04-05 06:40:00+00:00,18214.5055,18215.0,18197.0,18206.0
2024-04-05 06:45:00+00:00,18207.489,18209.511,18191.5,18191.9945
2024-04-05 06:50:00+00:00,18190.011,18195.0555,18185.4945,18187.489
2024-04-05 06:55:00+00:00,18188.05,18204.05,18187.983500000002,18192.5055
2024-04-05 07:00:00+00:00,18192.060999999998,18195.0,18166.4945,18174.0
2024-04-05 07:05:00+00:00,18172.983500000002,18201.5,18166.9445,18199.016499999998
2024-04-05 07:10:00+00:00,18199.9945,18207.0,18191.0555,18194.5
2024-04-05 07:15:00+00:00,18195.428,18201.95,18181.989,18197.560999999998
2024-04-05 07:20:00+00:00,18198.511,18207.489,18194.433500000003,18194.9945
2024-04-05 07:25:00+00:00,18193.983500000002,18194.489,18180.433500000003,18181.5055
2024-04-05 07:30:00+00:00,18182.5,18186.0165,18167.566499999997,18176.572
2024-04-05 07:35:00+00:00,18177.5,18182.0055,18171.5165,18175.428
2024-04-05 07:40:00+00:00,18175.060999999998,18178.511,18164.5055,18170.483500000002
2024-04-05 07:45:00+00:00,18169.572,18171.05,18144.9945,18147.516499999998
2024-04-05 07:50:00+00:00,18148.0,18165.0,18148.0,18163.511
2024-04-05 07:55:00+00:00,18163.245000000003,18174.011,18159.95,18169.5055
2024-04-05 08:00:00+00:00,18169.022,18190.9445,18165.011,18185.0
2024-04-05 08:05:00+00:00,18183.95,18188.511,18169.566499999997,18170.0055
2024-04-05 08:10:00+00:00,18169.560999999998,18170.511,18156.011,18156.572
2024-04-05 08:15:00+00:00,18157.428,18161.0165,18135.5055,18138.5
2024-04-05 08:20:00+00:00,18139.572,18141.566499999997,18132.4945,18137.0055
2024-04-05 08:25:00+00:00,18137.516499999998,18158.489,18134.022,18153.9945
2024-04-05 08:30:00+00:00,18153.4945,18164.45,18145.439000000002,18148.0055
2024-04-05 08:35:00+00:00,18147.55,18155.511,18137.489,18140.5055
2024-04-05 08:40:00+00:00,18139.989,18142.9945,18131.4945,18136.0
2024-04-05 08:45:00+00:00,18136.4835,18138.0165,18130.522,18130.978
2024-04-05 08:50:00+00:00,18131.5055,18134.0055,18118.489,18120.5055
2024-04-05 08:55:00+00:00,18119.4945,18120.489,18104.5,18119.433500000003
2024-04-05 09:00:00+00:00,18119.101000000002,18127.45,18115.489,18115.516499999998
2024-04-05 09:05:00+00:00,18114.511,18120.522,18110.983500000002,18114.978
2024-04-05 09:10:00+00:00,18115.4945,18125.522,18115.4945,18120.933500000003
2024-04-05 09:15:00+00:00,18121.9945,18128.428,18112.5055,18112.5055
2024-04-05 09:20:00+00:00,18112.060999999998,18113.5055,18103.4945,18103.928
2024-04-05 09:25:00+00:00,18103.05,18111.516499999998,18094.5,18094.5
2024-04-05 09:30:00+00:00,18093.478,18106.011,18088.489,18101.5
2024-04-05 09:35:00+00:00,18100.4945,18121.516499999998,18096.9945,18119.011
2024-04-05 09:40:00+00:00,18118.572,18124.011,18109.428,18114.989
2024-04-05 09:45:00+00:00,18114.4945,18117.939000000002,18109.0055,18117.939000000002
2024-04-05 09:50:00+00:00,18117.511,18129.5055,18117.511,18127.9945
2024-04-05 09:55:00+00:00,18128.9945,18133.011,18124.5055,18129.5
2024-04-05 10:00:00+00:00,18129.245000000003,18139.511,18128.5,18136.0055
2024-04-05 10:05:00+00:00,18135.489,18138.560999999998,18129.5,18130.0165
2024-04-05 10:10:00+00:00,18130.511,18138.066499999997,18122.511,18122.511
2024-04-05 10:15:00+00:00,18121.939000000002,18124.0,18118.0,18119.5
2024-04-05 10:20:00+00:00,18120.0055,18128.5,18114.433500000003,18127.5165
2024-04-05 10:25:00+00:00,18127.060999999998,18137.5,18127.05,18134.0055
2024-04-05 10:30:00+00:00,18133.45,18142.0,18127.0,18141.072
2024-04-05 10:35:00+00:00,18139.5,18141.5555,18134.011,18139.011
2024-04-05 10:40:00+00:00,18138.984999999997,18142.011,18131.489,18140.4945
2024-04-05 10:45:00+00:00,18140.9835,18141.522,18131.483500000002,18131.5555
2024-04-05 10:50:00+00:00,18132.5,18145.022,18132.5,18143.489
2024-04-05 10:55:00+00:00,18144.5165,18146.566499999997,18140.0,18145.0165
2024-04-05 11:00:00+00:00,18145.478,18148.566499999997,18136.5,18147.0
2024-04-05 11:05:00+00:00,18147.478,18148.489,18139.522,18143.4835
2024-04-05 11:10:00+00:00,18144.072,18146.560999999998,18134.0055,18137.0
2024-04-05 11:15:00+00:00,18139.0,18148.0555,18136.489,18148.0
2024-04-05 11:20:00+00:00,18148.5055,18150.5,18141.5,18141.511
2024-04-05 11:25:00+00:00,18142.0,18142.022,18125.5055,18126.55
2024-04-05 11:30:00+00:00,18125.483500000002,18131.4945,18124.4835,18130.072
2024-04-05 11:35:00+00:00,18129.0,18140.572,18127.489,18139.5
2024-04-05 11:40:00+00:00,18139.9945,18150.572,18139.439000000002,18148.483500000002
2024-04-05 11:45:00+00:00,18147.5555,18152.572,18135.5,18141.0
2024-04-05 11:50:00+00:00,18141.4835,18142.05,18132.511,18134.989
2024-04-05 11:55:00+00:00,18133.511,18136.060999999998,18124.433500000003,18124.9945
2024-04-05 12:00:00+00:00,18125.428,18139.0,18125.428,18139.0
2024-04-05 12:05:00+00:00,18139.5555,18147.011,18133.939000000002,18143.4445
2024-04-05 12:10:00+00:00,18143.978,18147.55,18139.9945,18146.478
2024-04-05 12:15:00+00:00,18146.060999999998,18156.483500000002,18143.5,18155.5165
2024-04-05 12:20:00+00:00,18154.4945,18157.066499999997,18141.4945,18141.4945
2024-04-05 12:25:00+00:00,18140.4445,18149.5055,18138.9445,18146.478
2024-04-05 12:30:00+00:00,18145.9945,18145.9945,18084.55,18133.011
2024-04-05 12:35:00+00:00,18132.0555,18149.433500000003,18117.0,18137.516499999998
2024-04-05 12:40:00+00:00,18137.0,18171.45,18131.95,18170.022
2024-04-05 12:45:00+00:00,18170.928,18172.5055,18131.0055,18136.060999999998
2024-04-05 12:50:00+00:00,18135.0,18152.5055,18130.9835,18147.5165
2024-04-05 12:55:00+00:00,18147.989,18155.05,18141.939000000002,18150.978
2024-04-05 13:00:00+00:00,18151.5055,18169.0,18148.95,18149.560999999998
2024-04-05 13:05:00+00:00,18149.201,18156.011,18133.933500000003,18134.939000000002
2024-04-05 13:10:00+00:00,18133.989,18136.4945,18125.572,18133.45
2024-04-05 13:15:00+00:00,18134.253,18144.5,18132.4945,18138.4945
2024-04-05 13:20:00+00:00,18139.5,18154.5055,18132.9945,18154.5055
2024-04-05 13:25:00+00:00,18153.9835,18171.016499999998,18153.9835,18164.9945
2024-04-05 13:30:00+00:00,18165.9945,18174.511,18156.4945,18163.9945
2024-04-05 13:35:00+00:00,18163.022,18172.5,18136.4945,18136.4945
2024-04-05 13:40:00+00:00,18137.0,18165.5,18130.9945,18164.011
2024-04-05 13:45:00+00:00,18165.0,18172.5055,18151.5,18155.0055
2024-04-05 13:50:00+00:00,18154.5165,18178.0055,18150.560999999998,18176.511
2024-04-05 13:55:00+00:00,18176.9945,18180.5055,18158.439000000002,18158.489
2024-04-05 14:00:00+00:00,18157.428,18162.978,18145.5,18149.5
2024-04-05 14:05:00+00:00,18150.0,18159.572,18128.072,18137.55
2024-04-05 14:10:00+00:00,18137.978,18166.5055,18135.939000000002,18158.5
2024-04-05 14:15:00+00:00,18159.0,18166.022,18148.439000000002,18151.5
2024-04-05 14:20:00+00:00,18149.9445,18155.0055,18141.928,18146.939000000002
2024-04-05 14:25:00+00:00,18145.9945,18146.072,18114.433500000003,18130.55
2024-04-05 14:30:00+00:00,18131.4945,18158.5055,18123.016499999998,18155.4835
2024-04-05 14:35:00+00:00,18156.516499999998,18157.511,18144.9445,18145.4835
2024-04-05 14:40:00+00:00,18145.939000000002,18153.060999999998,18137.978,18137.983500000002
2024-04-05 14:45:00+00:00,18138.478,18155.478,18133.989,18152.560999999998
2024-04-05 14:50:00+00:00,18152.234,18164.511,18150.5,18158.4945
2024-04-05 14:55:00+00:00,18159.0,18175.516499999998,18157.5,18174.5555
2024-04-05 15:00:00+00:00,18175.0055,18175.0055,18156.95,18158.989
2024-04-05 15:05:00+00:00,18158.439000000002,18179.5055,18155.433500000003,18177.016499999998
2024-04-05 15:10:00+00:00,18176.5055,18179.5555,18163.489,18163.5
2024-04-05 15:15:00+00:00,18164.4945,18165.572,18154.478,18162.4945
2024-04-05 15:20:00+00:00,18161.95,18165.4945,18158.483500000002,18163.4835
2024-04-05 15:25:00+00:00,18164.522,18171.489,18157.45,18161.5055
2024-04-05 15:30:00+00:00,18160.5055,18166.511,18159.0055,18163.478
2024-04-05 15:35:00+00:00,18164.978,18165.5,18151.428,18162.0055
2024-04-05 15:40:00+00:00,18161.4835,18176.511,18161.4835,18176.5055
2024-04-05 15:45:00+00:00,18176.022,18183.066499999997,18175.9945,18177.511
2024-04-05 15:50:00+00:00,18178.566499999997,18182.572,18176.5,18182.572
2024-04-05 15:55:00+00:00,18181.511,18192.9835,18181.511,18188.516499999998
2024-04-05 16:00:00+00:00,18190.5,18197.011,18187.0,18192.0
2024-04-05 16:05:00+00:00,18192.439000000002,18195.0055,18183.5,18194.0055
2024-04-05 16:10:00+00:00,18194.4945,18197.4945,18190.433500000003,18193.478
2024-04-05 16:15:00+00:00,18194.0165,18199.5055,18194.011,18198.483500000002
2024-04-05 16:20:00+00:00,18199.5,18201.511,18192.428,18201.5055
2024-04-05 16:25:00+00:00,18201.511,18201.511,18194.428,18195.9445
2024-04-05 16:30:00+00:00,18196.511,18200.9945,18192.483500000002,18197.95
2024-04-05 16:35:00+00:00,18198.4445,18203.5555,18197.5055,18203.5
2024-04-05 16:40:00+00:00,18203.022,18203.566499999997,18198.439000000002,18199.478
2024-04-05 16:45:00+00:00,18199.983500000002,18203.0055,18192.983500000002,18193.5055
2024-04-05 16:50:00+00:00,18194.0555,18205.511,18194.0555,18201.0
2024-04-05 16:55:00+00:00,18200.572,18212.566499999997,18199.989,18210.5055
2024-04-05 17:00:00+00:00,18210.9945,18214.511,18202.5,18203.5
2024-04-05 17:05:00+00:00,18202.9945,18203.428,18186.9445,18188.566499999997
2024-04-05 17:10:00+00:00,18189.0055,18192.55,18179.4445,18180.4945
2024-04-05 17:15:00+00:00,18181.016499999998,18185.572,18179.933500000003,18183.9945
2024-04-05 17:20:00+00:00,18183.771,18192.478,18183.5,18187.5
2024-04-05 17:25:00+00:00,18188.433500000003,18188.566499999997,18182.478,18184.983500000002
2024-04-05 17:30:00+00:00,18185.511,18191.489,18183.4945,18190.5
2024-04-05 17:35:00+00:00,18190.983500000002,18193.0055,18179.5,18180.060999999998
2024-04-05 17:40:00+00:00,18180.511,18185.5,18173.433500000003,18179.0055
2024-04-05 17:45:00+00:00,18179.489,18180.0055,18171.4945,18174.5055
2024-04-05 17:50:00+00:00,18173.9945,18179.0055,18164.4945,18166.011
2024-04-05 17:55:00+00:00,18165.5,18168.5055,18148.989,18156.4835
2024-04-05 18:00:00+00:00,18156.95,18159.066499999997,18145.522,18157.489
2024-04-05 18:05:00+00:00,18157.0,18180.483500000002,18156.483500000002,18178.516499999998
2024-04-05 18:10:00+00:00,18177.572,18184.433500000003,18175.0,18178.060999999998
2024-04-05 18:15:00+00:00,18178.516499999998,18183.011,18176.4445,18178.489
2024-04-05 18:20:00+00:00,18178.016499999998,18191.0,18175.0055,18175.0055
2024-04-05 18:25:00+00:00,18176.45,18182.511,18165.933500000003,18165.989
2024-04-05 18:30:00+00:00,18166.439000000002,18176.572,18166.439000000002,18174.066499999997
2024-04-05 18:35:00+00:00,18174.5055,18182.560999999998,18172.428,18180.478
2024-04-05 18:40:00+00:00,18180.9835,18182.989,18167.5,18173.560999999998
2024-04-05 18:45:00+00:00,18174.060999999998,18175.0165,18160.489,18162.5
2024-04-05 18:50:00+00:00,18163.4945,18173.516499999998,18160.489,18172.4445
2024-04-05 18:55:00+00:00,18172.016499999998,18179.9945,18166.5055,18178.5
2024-04-05 19:00:00+00:00,18179.5,18185.011,18176.939000000002,18184.4445
2024-04-05 19:05:00+00:00,18184.227000000003,18186.572,18171.9945,18177.989
2024-04-05 19:10:00+00:00,18177.428,18186.5,18175.983500000002,18185.989
2024-04-05 19:15:00+00:00,18185.738,18187.516499999998,18178.5,18184.4945
2024-04-05 19:20:00+00:00,18185.4945,18186.0555,18175.5,18181.45
2024-04-05 19:25:00+00:00,18180.989,18186.5165,18179.4445,18183.511
2024-04-05 19:30:00+00:00,18184.011,18197.5165,18181.5055,18195.55
2024-04-05 19:35:00+00:00,18194.5055,18195.5165,18182.483500000002,18184.433500000003
2024-04-05 19:40:00+00:00,18185.011,18186.5,18177.489,18179.433500000003
2024-04-05 19:45:00+00:00,18179.0,18186.511,18177.95,18184.022
2024-04-05 19:50:00+00:00,18183.5,18193.0,18180.5055,18192.5
2024-04-05 19:55:00+00:00,18191.511,18193.433500000003,18177.489,18185.5
2024-04-08 00:00:00+00:00,18208.3,18208.822,18188.8,18189.139000000003
2024-04-08 00:05:00+00:00,18189.6835,18190.566499999997,18182.7,18184.472
2024-04-08 00:10:00+00:00,18185.372,18187.9,18183.439000000002,18185.239
2024-04-08 00:15:00+00:00,18186.978,18204.55,18186.45,18191.4945
2024-04-08 00:20:00+00:00,18191.5,18195.5555,18188.011,18194.4945
2024-04-08 00:25:00+00:00,18195.011,18196.072,18180.983500000002,18180.9945
2024-04-08 00:30:00+00:00,18178.066499999997,18181.566499999997,18174.516499999998,18174.516499999998
2024-04-08 00:35:00+00:00,18174.0055,18183.5,18172.4945,18182.489
2024-04-08 00:40:00+00:00,18182.939000000002,18183.989,18177.989,18179.9945
2024-04-08 00:45:00+00:00,18180.4945,18189.489,18180.4945,18189.489
2024-04-08 00:50:00+00:00,18190.0,18191.5055,18183.9445,18187.4835
2024-04-08 00:55:00+00:00,18187.989,18193.45,18186.0,18192.978
2024-04-08 01:00:00+00:00,18192.4945,18194.5055,18189.4945,18192.0
2024-04-08 01:05:00+00:00,18191.5555,18191.95,18187.522,18189.55
2024-04-08 01:10:00+00:00,18190.5055,18192.016499999998,18187.928,18189.560999999998
2024-04-08 01:15:00+00:00,18190.0,18192.5,18187.4945,18190.0055
2024-04-08 01:20:00+00:00,18190.511,18194.4945,18189.989,18193.9445
2024-04-08 01:25:00+00:00,18194.478,18195.9945,18188.5055,18190.0055
2024-04-08 01:30:00+00:00,18189.55,18196.928,18189.55,18196.511
2024-04-08 01:35:00+00:00,18197.0,18197.0055,18194.0,18194.566499999997
2024-04-08 01:40:00+00:00,18194.978,18201.0,18194.011,18200.0
2024-04-08 01:45:00+00:00,18199.4445,18199.5,18189.4945,18191.511
2024-04-08 01:50:00+00:00,18191.9945,18193.4945,18188.0055,18188.0055
2024-04-08 01:55:00+00:00,18188.5,18193.05,18186.4945,18193.05
2024-04-08 02:00:00+00:00,18193.5,18195.5165,18188.0055,18191.433500000003
2024-04-08 02:05:00+00:00,18190.983500000002,18191.060999999998,18188.05,18191.0
2024-04-08 02:10:00+00:00,18190.4945,18198.0055,18190.4945,18198.0055
2024-04-08 02:15:00+00:00,18197.5555,18197.5555,18193.4945,18195.511
2024-04-08 02:20:00+00:00,18195.9445,18198.0055,18193.5055,18196.511
2024-04-08 02:25:00+00:00,18196.933500000003,18199.05,18196.4945,18198.55
2024-04-08 02:30:00+00:00,18198.939000000002,18200.511,18196.983500000002,18196.983500000002
2024-04-08 02:35:00+00:00,18196.5,18199.4445,18196.483500000002,18197.5
2024-04-08 02:40:00+00:00,18197.9945,18198.45,18197.4945,18198.0555
2024-04-08 02:45:00+00:00,18199.072,18199.072,18196.9945,18196.9945
2024-04-08 02:50:00+00:00,18197.4445,18198.0,18196.483500000002,18197.9945
2024-04-08 02:55:00+00:00,18197.5,18201.511,18197.5,18201.511
2024-04-08 03:00:00+00:00,18200.939000000002,18201.5,18195.928,18195.928
2024-04-08 03:05:00+00:00,18196.5,18196.928,18193.0055,18194.489
2024-04-08 03:10:00+00:00,18194.0,18194.0,18186.9945,18187.5
2024-04-08 03:15:00+00:00,18188.0,18188.0,18182.989,18183.489
2024-04-08 03:20:00+00:00,18183.0,18185.060999999998,18183.0,18184.0055
2024-04-08 03:25:00+00:00,18183.5,18183.5,18176.016499999998,18176.5055
2024-04-08 03:30:00+00:00,18175.978,18177.05,18169.5165,18170.066499999997
2024-04-08 03:35:00+00:00,18169.5165,18170.05,18161.0,18166.9445
2024-04-08 03:40:00+00:00,18166.011,18168.572,18163.4445,18167.428
2024-04-08 03:45:00+00:00,18167.31,18167.31,18163.4945,18164.489
2024-04-08 03:50:00+00:00,18165.060999999998,18168.0165,18164.5,18167.522
2024-04-08 03:55:00+00:00,18167.0,18167.928,18165.5,18167.4945
2024-04-08 04:00:00+00:00,18166.572,18168.0055,18165.9945,18168.0055
2024-04-08 04:05:00+00:00,18167.572,18169.928,18166.511,18168.9945
2024-04-08 04:10:00+00:00,18168.5555,18173.0165,18168.5555,18172.433500000003
2024-04-08 04:15:00+00:00,18173.0055,18174.928,18172.983500000002,18173.933500000003
2024-04-08 04:20:00+00:00,18173.81,18174.011,18173.522,18174.011
2024-04-08 04:25:00+00:00,18173.511,18174.0055,18173.5,18174.0055
2024-04-08 04:30:00+00:00,18173.5,18174.011,18173.5,18174.011
2024-04-08 04:35:00+00:00,18174.5165,18175.4445,18173.5,18173.5
2024-04-08 04:40:00+00:00,18173.9945,18174.05,18173.5055,18173.5055
2024-04-08 04:45:00+00:00,18174.5055,18174.5055,18168.511,18168.511
2024-04-08 04:50:00+00:00,18168.95,18171.489,18168.95,18171.489
2024-04-08 05:00:00+00:00,18170.560999999998,18175.072,18170.560999999998,18174.5
2024-04-08 05:05:00+00:00,18175.478,18178.511,18174.572,18176.0165
2024-04-08 05:10:00+00:00,18177.478,18179.566499999997,18176.0555,18179.0055
2024-04-08 05:15:00+00:00,18178.572,18181.4945,18178.0055,18179.489
2024-04-08 05:20:00+00:00,18179.0,18182.066499999997,18179.0,18180.0
2024-04-08 05:25:00+00:00,18179.4945,18180.478,18176.5055,18176.5055
2024-04-08 05:30:00+00:00,18175.939000000002,18177.011,18168.939000000002,18172.011
2024-04-08 05:35:00+00:00,18171.5165,18174.011,18168.5555,18173.0055
2024-04-08 05:40:00+00:00,18172.511,18177.489,18172.511,18175.5
2024-04-08 05:45:00+00:00,18175.0165,18175.0165,18167.011,18167.5
2024-04-08 05:50:00+00:00,18167.0555,18183.060999999998,18166.511,18182.4945
2024-04-08 05:55:00+00:00,18183.566499999997,18187.566499999997,18180.9945,18186.566499999997
2024-04-08 06:00:00+00:00,18189.2655,18202.989,18186.95,18187.511
2024-04-08 06:05:00+00:00,18187.95,18198.9945,18187.5,18196.560999999998
2024-04-08 06:10:00+00:00,18195.4445,18197.433500000003,18184.511,18186.4945
2024-04-08 06:15:00+00:00,18185.5165,18185.5165,18171.011,18173.572
2024-04-08 06:20:00+00:00,18173.016499999998,18179.4945,18168.989,18178.45
2024-04-08 06:25:00+00:00,18179.0,18190.978,18179.0,18187.5
2024-04-08 06:30:00+00:00,18189.516499999998,18193.4945,18187.439000000002,18188.511
2024-04-08 06:35:00+00:00,18188.0055,18196.011,18186.439000000002,18194.928
2024-04-08 06:40:00+00:00,18195.0,18197.511,18182.983500000002,18183.5055
2024-04-08 06:45:00+00:00,18183.022,18186.511,18182.5,18185.5055
2024-04-08 06:50:00+00:00,18186.0055,18188.5,18171.9835,18177.4945
2024-04-08 06:55:00+00:00,18177.182500000003,18183.0055,18172.5,18175.4945
2024-04-08 07:00:00+00:00,18176.3045,18212.0055,18175.011,18212.0055
2024-04-08 07:05:00+00:00,18212.989,18217.439000000002,18198.933500000003,18202.439000000002
2024-04-08 07:10:00+00:00,18202.978,18237.511,18202.978,18236.439000000002
2024-04-08 07:15:00+00:00,18235.5,18242.4945,18231.939000000002,18241.9835
2024-04-08 07:20:00+00:00,18243.0,18254.9835,18238.0,18252.572
2024-04-08 07:25:00+00:00,18252.9945,18253.5,18230.9945,18231.95
2024-04-08 07:30:00+00:00,18230.989,18235.516499999998,18218.983500000002,18231.9835
2024-04-08 07:35:00+00:00,18232.5,18243.5555,18225.022,18243.5555
2024-04-08 07:40:00+00:00,18244.489,18260.5165,18244.489,18254.4945
2024-04-08 07:45:00+00:00,18255.0,18269.511,18251.989,18268.9945
2024-04-08 07:50:00+00:00,18269.4445,18273.0555,18263.983500000002,18263.983500000002
2024-04-08 07:55:00+00:00,18263.0055,18272.05,18252.989,18255.9445
2024-04-08 08:00:00+00:00,18256.4945,18268.0055,18254.433500000003,18263.0055
2024-04-08 08:05:00+00:00,18262.4445,18273.4945,18258.5,18271.0
2024-04-08 08:10:00+00:00,18270.511,18274.5,18263.433500000003,18273.9945
2024-04-08 08:15:00+00:00,18273.511,18277.060999999998,18247.989,18249.4945
2024-04-08 08:20:00+00:00,18248.439000000002,18252.511,18232.4945,18243.5
2024-04-08 08:25:00+00:00,18243.511,18248.5055,18237.55,18248.5055
2024-04-08 08:30:00+00:00,18249.0,18270.5055,18244.9945,18269.5055
2024-04-08 08:35:00+00:00,18268.5055,18285.060999999998,18266.0055,18284.4945
2024-04-08 08:40:00+00:00,18283.489,18288.0055,18269.9835,18272.4945
2024-04-08 08:45:00+00:00,18273.0055,18274.066499999997,18258.5,18270.489
2024-04-08 08:50:00+00:00,18269.560999999998,18269.9445,18244.4445,18247.4445
2024-04-08 08:55:00+00:00,18248.0,18254.55,18245.489,18251.0
2024-04-08 09:00:00+00:00,18250.011,18267.489,18243.0055,18262.511
2024-04-08 09:05:00+00:00,18263.5,18267.566499999997,18249.4945,18254.4945
2024-04-08 09:10:00+00:00,18255.55,18268.489,18254.5165,18265.4445
2024-04-08 09:15:00+00:00,18264.9445,18271.011,18259.428,18270.516499999998
2024-04-08 09:20:00+00:00,18269.016499999998,18283.011,18266.55,18283.011
2024-04-08 09:25:00+00:00,18284.0,18286.066499999997,18278.95,18279.5055
2024-04-08 09:30:00+00:00,18280.489,18288.0055,18276.928,18281.5
2024-04-08 09:35:00+00:00,18281.989,18286.428,18272.5,18274.55
2024-04-08 09:40:00+00:00,18275.0555,18283.516499999998,18269.9945,18282.9945
2024-04-08 09:45:00+00:00,18283.522,18289.0055,18281.95,18283.483500000002
2024-04-08 09:50:00+00:00,18285.0,18287.05,18274.566499999997,18275.011
2024-04-08 09:55:00+00:00,18274.0,18292.5055,18273.933500000003,18291.511
2024-04-08 10:00:00+00:00,18290.478,18291.066499999997,18276.712,18278.060999999998
2024-04-08 10:05:00+00:00,18278.4445,18285.560999999998,18276.4445,18277.9945
2024-04-08 10:10:00+00:00,18277.5055,18280.0,18267.989,18269.0
2024-04-08 10:15:00+00:00,18270.0055,18273.511,18265.0,18270.9945
2024-04-08 10:20:00+00:00,18272.5555,18283.933500000003,18268.433500000003,18283.560999999998
2024-04-08 10:25:00+00:00,18282.5,18283.5,18272.483500000002,18282.489
2024-04-08 10:30:00+00:00,18283.05,18285.060999999998,18279.0,18281.9945
2024-04-08 10:35:00+00:00,18281.5055,18286.9945,18276.4835,18281.0055
2024-04-08 10:40:00+00:00,18280.511,18286.05,18277.0,18283.0055
2024-04-08 10:45:00+00:00,18282.0,18286.511,18280.483500000002,18285.0055
2024-04-08 10:50:00+00:00,18285.483500000002,18290.0,18279.489,18289.489
2024-04-08 10:55:00+00:00,18289.234,18294.5165,18288.433500000003,18289.522
2024-04-08 11:00:00+00:00,18289.978,18298.5555,18289.978,18298.4445
2024-04-08 11:05:00+00:00,18298.0055,18298.5055,18293.4945,18295.4945
2024-04-08 11:10:00+00:00,18296.0055,18296.428,18285.5,18285.989
2024-04-08 11:15:00+00:00,18285.712,18290.05,18283.989,18288.5
2024-04-08 11:20:00+00:00,18288.9945,18290.5055,18282.45,18287.572
2024-04-08 11:25:00+00:00,18288.011,18288.011,18278.433500000003,18285.511
2024-04-08 11:30:00+00:00,18285.213,18285.213,18276.433500000003,18282.933500000003
2024-04-08 11:35:00+00:00,18284.0,18286.511,18279.016499999998,18280.933500000003
2024-04-08 11:40:00+00:00,18280.5,18281.05,18270.4945,18271.522
2024-04-08 11:45:00+00:00,18272.489,18276.5,18266.5,18276.5
2024-04-08 11:50:00+00:00,18277.5,18281.5,18274.511,18278.5055
2024-04-08 11:55:00+00:00,18277.9945,18284.011,18274.45,18280.983500000002
2024-04-08 12:00:00+00:00,18280.5,18286.522,18269.478,18284.066499999997
2024-04-08 12:05:00+00:00,18283.428,18288.45,18279.9945,18286.572
2024-04-08 12:10:00+00:00,18285.95,18296.5055,18284.5055,18296.5055
2024-04-08 12:15:00+00:00,18297.572,18312.4835,18295.45,18309.55
2024-04-08 12:20:00+00:00,18310.572,18312.5055,18303.072,18304.989
2024-04-08 12:25:00+00:00,18305.5,18307.4945,18301.9945,18307.0055
2024-04-08 12:30:00+00:00,18306.4945,18312.572,18301.95,18312.572
2024-04-08 12:35:00+00:00,18313.5055,18315.4945,18309.433500000003,18312.4945
2024-04-08 12:40:00+00:00,18312.989,18315.511,18309.428,18312.5
2024-04-08 12:45:00+00:00,18312.022,18325.5,18311.4945,18320.4945
2024-04-08 12:50:00+00:00,18319.102000000003,18327.489,18317.45,18320.4945
2024-04-08 12:55:00+00:00,18321.522,18324.712,18316.483500000002,18321.933500000003
2024-04-08 13:00:00+00:00,18322.439000000002,18323.5165,18317.433500000003,18320.516499999998
2024-04-08 13:05:00+00:00,18320.9945,18323.560999999998,18314.5,18319.566499999997
2024-04-08 13:10:00+00:00,18320.5055,18322.483500000002,18312.428,18315.0
2024-04-08 13:15:00+00:00,18316.0055,18316.5055,18306.433500000003,18308.5
2024-04-08 13:20:00+00:00,18309.55,18313.566499999997,18307.428,18312.511
2024-04-08 13:25:00+00:00,18312.95,18319.5165,18311.4445,18316.933500000003
2024-04-08 13:30:00+00:00,18316.712,18327.572,18315.439000000002,18324.5555
2024-04-08 13:35:00+00:00,18325.0055,18327.566499999997,18305.9945,18307.5
2024-04-08 13:40:00+00:00,18307.939000000002,18317.522,18301.4945,18309.072
2024-04-08 13:45:00+00:00,18308.701,18327.4945,18308.0,18320.478
2024-04-08 13:50:00+00:00,18321.4945,18326.5,18315.95,18322.5
2024-04-08 13:55:00+00:00,18321.522,18329.0,18308.433500000003,18309.4945
2024-04-08 14:00:00+00:00,18310.489,18311.55,18282.489,18282.511
2024-04-08 14:05:00+00:00,18283.0055,18291.483500000002,18277.95,18280.4945
2024-04-08 14:10:00+00:00,18281.0,18285.4945,18268.978,18277.5
2024-04-08 14:15:00+00:00,18276.933500000003,18287.483500000002,18274.489,18279.5
2024-04-08 14:20:00+00:00,18280.0,18290.572,18277.439000000002,18289.4835
2024-04-08 14:25:00+00:00,18288.5,18295.5555,18288.4945,18292.5
2024-04-08 14:30:00+00:00,18291.45,18306.5,18291.45,18304.0
2024-04-08 14:35:00+00:00,18304.4945,18313.011,18298.478,18306.5055
2024-04-08 14:40:00+00:00,18305.439000000002,18312.5165,18305.439000000002,18309.516499999998
2024-04-08 14:45:00+00:00,18309.9945,18319.5055,18309.489,18319.5055
2024-04-08 14:50:00+00:00,18319.234,18321.566499999997,18307.572,18308.4945
2024-04-08 14:55:00+00:00,18308.9945,18311.989,18304.483500000002,18309.516499999998
2024-04-08 15:00:00+00:00,18310.0055,18313.5,18303.0,18311.978
2024-04-08 15:05:00+00:00,18312.511,18318.560999999998,18309.572,18314.5055
2024-04-08 15:10:00+00:00,18315.5,18321.5055,18312.489,18318.566499999997
2024-04-08 15:15:00+00:00,18317.5,18321.522,18314.4835,18318.433500000003
2024-04-08 15:20:00+00:00,18319.5,18323.511,18314.9945,18322.511
2024-04-08 15:25:00+00:00,18323.0055,18323.55,18314.45,18317.5055
2024-04-08 15:30:00+00:00,18318.102000000003,18319.4835,18311.95,18317.4945
2024-04-08 15:35:00+00:00,18316.9835,18323.572,18305.5,18323.05
2024-04-08 15:40:00+00:00,18322.489,18325.511,18317.516499999998,18321.483500000002
2024-04-08 15:45:00+00:00,18321.928,18321.928,18311.489,18318.4945
2024-04-08 15:50:00+00:00,18317.489,18320.4445,18313.5,18315.5055
2024-04-08 15:55:00+00:00,18316.489,18316.489,18308.483500000002,18311.9945
2024-04-08 16:00:00+00:00,18312.4945,18312.572,18303.489,18308.5055
2024-04-08 16:05:00+00:00,18308.989,18314.016499999998,18305.4945,18305.5165
2024-04-08 16:10:00+00:00,18306.066499999997,18307.511,18295.4945,18301.522
2024-04-08 16:15:00+00:00,18300.9945,18307.0,18298.483500000002,18302.0165
2024-04-08 16:20:00+00:00,18302.572,18304.428,18293.433500000003,18297.5055
2024-04-08 16:25:00+00:00,18298.0,18308.4445,18297.55,18305.9835
2024-04-08 16:30:00+00:00,18305.45,18310.072,18303.95,18309.5
2024-04-08 16:35:00+00:00,18308.939000000002,18311.05,18306.45,18306.489
2024-04-08 16:40:00+00:00,18307.0055,18316.989,18306.0,18315.0
2024-04-08 16:45:00+00:00,18315.433500000003,18317.478,18310.0,18312.4945
2024-04-08 16:50:00+00:00,18313.060999999998,18316.560999999998,18312.45,18314.5
2024-04-08 16:55:00+00:00,18313.9835,18322.478,18313.9835,18321.928
2024-04-08 17:00:00+00:00,18322.511,18323.5555,18318.072,18318.5055
2024-04-08 17:05:00+00:00,18320.5055,18320.572,18315.4945,18317.4945
2024-04-08 17:10:00+00:00,18317.0,18319.0055,18313.978,18315.516499999998
2024-04-08 17:15:00+00:00,18314.989,18318.9945,18311.9945,18316.011
2024-04-08 17:20:00+00:00,18315.4945,18319.5165,18313.5165,18318.0555
2024-04-08 17:25:00+00:00,18317.0,18321.5055,18313.933500000003,18321.5055
2024-04-08 17:30:00+00:00,18321.011,18321.011,18316.95,18318.566499999997
2024-04-08 17:35:00+00:00,18319.011,18319.5055,18313.483500000002,18317.5055
2024-04-08 17:40:00+00:00,18317.022,18318.9945,18312.4945,18315.95
2024-04-08 17:45:00+00:00,18315.560999999998,18315.9945,18311.428,18314.5
2024-04-08 17:50:00+00:00,18313.4945,18319.011,18313.489,18318.9945
2024-04-08 17:55:00+00:00,18318.4945,18324.572,18318.489,18321.4945
2024-04-08 18:00:00+00:00,18322.0,18323.572,18313.511,18315.933500000003
2024-04-08 18:05:00+00:00,18316.55,18321.478,18315.516499999998,18321.0
2024-04-08 18:10:00+00:00,18320.511,18321.522,18316.4945,18319.5
2024-04-08 18:15:00+00:00,18320.0,18322.978,18317.483500000002,18317.5
2024-04-08 18:20:00+00:00,18317.0,18319.560999999998,18311.560999999998,18313.011
2024-04-08 18:25:00+00:00,18313.5165,18320.4945,18313.5165,18315.939000000002
2024-04-08 18:30:00+00:00,18316.516499999998,18317.4445,18313.016499999998,18314.022
2024-04-08 18:35:00+00:00,18313.5,18314.4445,18307.4945,18308.9835
2024-04-08 18:40:00+00:00,18309.5055,18311.016499999998,18306.5165,18308.5055
2024-04-08 18:45:00+00:00,18309.016499999998,18310.4445,18302.989,18310.0055
2024-04-08 18:50:00+00:00,18310.483500000002,18310.5,18306.439000000002,18308.0
2024-04-08 18:55:00+00:00,18308.428,18314.5055,18307.4945,18314.016499999998
2024-04-08 19:00:00+00:00,18314.4945,18314.572,18306.511,18307.9945
2024-04-08 19:05:00+00:00,18307.4945,18308.989,18301.0,18307.9445
2024-04-08 19:10:00+00:00,18307.5,18311.0,18307.0,18307.978
2024-04-08 19:15:00+00:00,18307.439000000002,18308.5165,18303.489,18307.511
2024-04-08 19:20:00+00:00,18307.9835,18309.072,18301.5055,18304.439000000002
2024-04-08 19:25:00+00:00,18304.0,18310.022,18302.933500000003,18309.489
2024-04-08 19:30:00+00:00,18309.011,18316.0,18308.4835,18315.5055
2024-04-08 19:35:00+00:00,18316.0055,18316.0055,18305.989,18306.9945
2024-04-08 19:40:00+00:00,18307.5055,18307.5055,18296.5055,18299.4445
2024-04-08 19:45:00+00:00,18299.989,18305.439000000002,18299.4945,18302.022
2024-04-08 19:50:00+00:00,18301.7435,18301.7435,18290.95,18296.5555
2024-04-08 19:55:00+00:00,18295.439000000002,18297.0,18292.5555,18295.016499999998
2024-04-08 20:00:00+00:00,18294.099,18304.716500000002,18293.1945,18301.128
2024-04-08 20:05:00+00:00,18300.289,18308.178,18300.289,18307.278
2024-04-08 20:10:00+00:00,18306.5,18308.2055,18303.822,18306.439000000002
2024-04-08 22:05:00+00:00,18308.855499999998,18309.722,18305.7945,18306.211
2024-04-08 22:10:00+00:00,18306.6,18308.060999999998,18306.2,18308.0055
2024-04-08 22:15:00+00:00,18307.560999999998,18308.733500000002,18304.389000000003,18307.1165
2024-04-08 22:20:00+00:00,18307.9835,18308.0555,18306.133500000004,18307.105499999998
2024-04-08 22:25:00+00:00,18307.5055,18308.4165,18307.089,18307.1165
2024-04-08 22:30:00+00:00,18307.5,18308.855499999998,18307.0835,18308.733500000002
2024-04-08 22:35:00+00:00,18307.9945,18307.9945,18304.178,18305.105499999998
2024-04-08 22:40:00+00:00,18304.2,18306.0,18304.189000000002,18304.189000000002
2024-04-08 22:45:00+00:00,18305.172,18306.022,18303.239,18305.0835
2024-04-08 22:50:00+00:00,18305.9445,18306.8055,18305.9445,18306.8055
2024-04-08 22:55:00+00:00,18307.289,18307.711,18306.0,18306.810999999998
2024-04-08 23:00:00+00:00,18306.0555,18307.722,18305.0945,18305.0945
2024-04-08 23:05:00+00:00,18304.189000000002,18306.0165,18304.15,18305.1
2024-04-08 23:10:00+00:00,18304.25,18305.1,18304.133500000004,18304.133500000004
2024-04-08 23:15:00+00:00,18303.3,18304.211,18301.6,18304.2055
2024-04-08 23:20:00+00:00,18303.810999999998,18304.1945,18301.589,18302.4055
2024-04-08 23:25:00+00:00,18302.0555,18302.461,18300.689000000002,18300.689000000002
2024-04-08 23:30:00+00:00,18301.661,18304.222,18300.7165,18302.35
2024-04-08 23:35:00+00:00,18302.011,18303.228,18301.55,18303.228
2024-04-08 23:40:00+00:00,18302.883500000004,18302.9,18298.889000000003,18302.4555
2024-04-08 23:45:00+00:00,18303.360999999997,18305.161,18302.35,18304.2055
2024-04-08 23:50:00+00:00,18303.3,18303.3,18300.628,18300.6945
2024-04-08 23:55:00+00:00,18300.139000000003,18300.139000000003,18297.0835,18297.161
2024-04-09 00:00:00+00:00,18297.9945,18300.7555,18294.5,18294.511
2024-04-09 00:05:00+00:00,18293.6,18299.872,18293.5445,18294.4945
2024-04-09 00:10:00+00:00,18295.35,18298.911,18293.589,18297.05
2024-04-09 00:15:00+00:00,18300.95,18300.95,18288.483500000002,18288.5055
2024-04-09 00:20:00+00:00,18288.428,18288.428,18284.989,18285.4835
2024-04-09 00:25:00+00:00,18285.0055,18285.0055,18273.55,18273.55
2024-04-09 00:30:00+00:00,18273.011,18281.933500000003,18272.4945,18281.933500000003
2024-04-09 00:35:00+00:00,18282.511,18286.95,18280.95,18281.0055
2024-04-09 00:40:00+00:00,18280.5,18280.5,18277.0,18278.05
2024-04-09 00:45:00+00:00,18278.5165,18280.483500000002,18278.5165,18280.483500000002
2024-04-09 00:50:00+00:00,18280.9945,18280.9945,18272.516499999998,18276.0055
2024-04-09 00:55:00+00:00,18275.5055,18276.0165,18274.5,18274.5
2024-04-09 01:00:00+00:00,18274.95,18278.011,18274.95,18276.433500000003
2024-04-09 01:05:00+00:00,18275.989,18277.0,18272.433500000003,18272.433500000003
2024-04-09 01:10:00+00:00,18273.0,18273.522,18271.989,18272.483500000002
2024-04-09 01:15:00+00:00,18272.0,18272.978,18271.9945,18271.9945
2024-04-09 01:20:00+00:00,18272.5,18273.060999999998,18271.9945,18272.483500000002
2024-04-09 01:25:00+00:00,18273.5055,18274.011,18269.95,18272.0
2024-04-09 01:30:00+00:00,18272.5,18283.016499999998,18271.928,18281.0555
2024-04-09 01:35:00+00:00,18280.0055,18280.0055,18273.511,18273.95
2024-04-09 01:40:00+00:00,18271.433500000003,18271.511,18269.978,18271.4945
2024-04-09 01:45:00+00:00,18271.066499999997,18272.05,18268.9945,18271.9945
2024-04-09 01:50:00+00:00,18271.45,18271.45,18268.0,18268.9945
2024-04-09 01:55:00+00:00,18268.699,18270.511,18267.4835,18267.9945
2024-04-09 02:00:00+00:00,18268.560999999998,18273.5555,18268.072,18268.983500000002
2024-04-09 02:05:00+00:00,18269.5,18269.5,18266.5055,18267.511
2024-04-09 02:10:00+00:00,18265.989,18270.0165,18265.989,18270.0165
2024-04-09 02:15:00+00:00,18271.511,18274.5165,18271.511,18273.011
2024-04-09 02:20:00+00:00,18272.511,18273.5165,18271.4945,18273.511
2024-04-09 02:25:00+00:00,18273.05,18273.511,18272.433500000003,18273.0
2024-04-09 02:30:00+00:00,18272.5055,18272.5055,18266.4945,18269.5
2024-04-09 02:35:00+00:00,18269.060999999998,18269.060999999998,18266.4945,18266.4945
2024-04-09 02:40:00+00:00,18268.011,18269.9945,18267.0,18267.0055
2024-04-09 02:45:00+00:00,18266.511,18267.933500000003,18266.4945,18267.933500000003
2024-04-09 02:50:00+00:00,18268.478,18274.5055,18268.478,18272.0
2024-04-09 02:55:00+00:00,18271.511,18272.5055,18270.4445,18272.5055
2024-04-09 03:00:00+00:00,18271.9945,18273.433500000003,18271.9945,18272.5055
2024-04-09 03:05:00+00:00,18272.05,18272.439000000002,18269.489,18270.4945
2024-04-09 03:10:00+00:00,18270.9945,18274.0055,18270.4835,18274.0055
2024-04-09 03:15:00+00:00,18274.5,18279.5,18274.4945,18279.5
2024-04-09 03:20:00+00:00,18280.011,18281.511,18277.9945,18281.439000000002
2024-04-09 03:25:00+00:00,18282.5055,18282.511,18281.4945,18281.560999999998
2024-04-09 03:30:00+00:00,18282.016499999998,18285.939000000002,18281.939000000002,18284.5055
2024-04-09 03:35:00+00:00,18284.9945,18286.05,18283.0555,18286.05
2024-04-09 03:40:00+00:00,18285.55,18285.983500000002,18285.55,18285.983500000002
2024-04-09 03:45:00+00:00,18283.5165,18284.572,18281.9835,18283.55
2024-04-09 03:50:00+00:00,18284.060999999998,18284.522,18282.489,18283.511
2024-04-09 03:55:00+00:00,18283.95,18287.011,18283.489,18287.011
2024-04-09 04:00:00+00:00,18287.4835,18288.5055,18287.4835,18287.4945
2024-04-09 04:05:00+00:00,18286.9945,18287.439000000002,18285.4945,18286.0165
2024-04-09 04:10:00+00:00,18286.5055,18286.5055,18285.483500000002,18285.483500000002
2024-04-09 04:15:00+00:00,18285.9945,18289.0055,18285.9945,18289.0055
2024-04-09 04:20:00+00:00,18289.4835,18290.439000000002,18288.439000000002,18289.011
2024-04-09 04:25:00+00:00,18289.4945,18289.4945,18287.4445,18288.5
2024-04-09 04:30:00+00:00,18288.989,18291.5,18288.989,18291.478
2024-04-09 04:35:00+00:00,18291.928,18293.0055,18291.428,18292.5055
2024-04-09 04:40:00+00:00,18292.9835,18298.9445,18292.9835,18297.511
2024-04-09 04:45:00+00:00,18298.016499999998,18298.516499999998,18294.011,18294.016499999998
2024-04-09 04:50:00+00:00,18294.5055,18294.5055,18294.060999999998,18294.4945
2024-04-09 04:55:00+00:00,18294.0,18295.0055,18293.522,18294.011
2024-04-09 05:00:00+00:00,18292.989,18292.989,18286.9945,18291.483500000002
2024-04-09 05:05:00+00:00,18292.016499999998,18297.566499999997,18288.928,18297.4945
2024-04-09 05:10:00+00:00,18298.05,18298.511,18294.483500000002,18295.5
2024-04-09 05:15:00+00:00,18294.9945,18302.5,18294.5,18296.5055
2024-04-09 05:20:00+00:00,18297.0,18298.489,18295.5,18296.0055
2024-04-09 05:25:00+00:00,18295.5555,18297.5165,18293.9945,18294.9835
2024-04-09 05:30:00+00:00,18294.5055,18295.022,18290.55,18291.522
2024-04-09 05:35:00+00:00,18288.4445,18294.4945,18288.4445,18291.5055
2024-04-09 05:40:00+00:00,18290.516499999998,18292.489,18289.439000000002,18291.478
2024-04-09 05:45:00+00:00,18291.9445,18296.072,18290.0165,18296.072
2024-04-09 05:50:00+00:00,18297.072,18298.560999999998,18289.4945,18290.0055
2024-04-09 05:55:00+00:00,18289.45,18290.0055,18284.5,18285.5165
2024-04-09 06:00:00+00:00,18285.2655,18287.566499999997,18268.95,18275.5
2024-04-09 06:05:00+00:00,18276.0055,18279.511,18270.5055,18271.439000000002
2024-04-09 06:10:00+00:00,18272.439000000002,18276.933500000003,18271.483500000002,18273.489
2024-04-09 06:15:00+00:00,18272.5555,18274.060999999998,18268.5055,18272.5
2024-04-09 06:20:00+00:00,18272.0,18272.9835,18268.0055,18269.4835
2024-04-09 06:25:00+00:00,18269.0,18280.566499999997,18269.0,18279.560999999998
2024-04-09 06:30:00+00:00,18280.0165,18289.05,18278.4945,18288.55
2024-04-09 06:35:00+00:00,18289.060999999998,18290.060999999998,18276.511,18276.511
2024-04-09 06:40:00+00:00,18275.978,18283.5,18273.4945,18283.5
2024-04-09 06:45:00+00:00,18282.4835,18284.95,18279.5,18281.066499999997
2024-04-09 06:50:00+00:00,18281.5,18284.0,18277.4945,18278.5
2024-04-09 06:55:00+00:00,18279.5165,18280.439000000002,18267.989,18270.45
2024-04-09 07:00:00+00:00,18270.201,18272.511,18241.05,18241.4945
2024-04-09 07:05:00+00:00,18240.483500000002,18242.011,18229.933500000003,18235.560999999998
2024-04-09 07:10:00+00:00,18234.5055,18245.0555,18230.0,18230.9945
2024-04-09 07:15:00+00:00,18230.5,18240.95,18229.983500000002,18235.516499999998
2024-04-09 07:20:00+00:00,18235.928,18248.933500000003,18233.4835,18239.011
2024-04-09 07:25:00+00:00,18238.5,18244.0055,18228.933500000003,18238.4445
2024-04-09 07:30:00+00:00,18237.011,18241.5,18231.978,18236.5055
2024-04-09 07:35:00+00:00,18236.101000000002,18240.05,18227.978,18232.566499999997
2024-04-09 07:40:00+00:00,18232.9945,18235.478,18223.9445,18224.5
2024-04-09 07:45:00+00:00,18223.522,18238.5,18222.978,18230.983500000002
2024-04-09 07:50:00+00:00,18232.072,18236.0055,18216.939000000002,18217.5
2024-04-09 07:55:00+00:00,18217.011,18221.483500000002,18209.489,18218.572
2024-04-09 08:00:00+00:00,18219.5,18240.0555,18216.983500000002,18237.4445
2024-04-09 08:05:00+00:00,18236.933500000003,18238.066499999997,18218.928,18220.55
2024-04-09 08:10:00+00:00,18220.9945,18228.066499999997,18219.483500000002,18222.489
2024-04-09 08:15:00+00:00,18222.011,18238.011,18221.989,18235.016499999998
2024-04-09 08:20:00+00:00,18234.489,18241.433500000003,18228.433500000003,18228.433500000003
2024-04-09 08:25:00+00:00,18229.0055,18235.0555,18222.928,18226.5
2024-04-09 08:30:00+00:00,18226.928,18227.5,18212.016499999998,18212.5055
2024-04-09 08:35:00+00:00,18212.011,18221.072,18211.928,18215.0165
2024-04-09 08:40:00+00:00,18213.9945,18220.05,18210.983500000002,18213.5
2024-04-09 08:45:00+00:00,18214.011,18217.016499999998,18197.928,18207.4945
2024-04-09 08:50:00+00:00,18207.060999999998,18213.060999999998,18201.439000000002,18210.4945
2024-04-09 08:55:00+00:00,18210.928,18219.560999999998,18207.0055,18208.0
2024-04-09 09:00:00+00:00,18206.933500000003,18206.933500000003,18181.9945,18198.5555
2024-04-09 09:05:00+00:00,18198.0055,18198.0055,18179.572,18179.572
2024-04-09 09:10:00+00:00,18181.0,18200.0055,18179.0055,18196.989
2024-04-09 09:15:00+00:00,18196.4945,18211.060999999998,18193.933500000003,18208.933500000003
2024-04-09 09:20:00+00:00,18209.5055,18217.9835,18205.983500000002,18213.0
2024-04-09 09:25:00+00:00,18212.0,18215.5,18205.4945,18209.428
2024-04-09 09:30:00+00:00,18209.05,18214.0555,18205.0,18207.0055
2024-04-09 09:35:00+00:00,18206.712,18207.4945,18197.0,18198.0
2024-04-09 09:40:00+00:00,18197.101000000002,18202.072,18190.45,18196.933500000003
2024-04-09 09:45:00+00:00,18196.5555,18206.566499999997,18192.933500000003,18200.433500000003
2024-04-09 09:50:00+00:00,18200.212,18210.5055,18197.439000000002,18210.428
2024-04-09 09:55:00+00:00,18211.060999999998,18215.572,18195.0,18197.0
2024-04-09 10:00:00+00:00,18195.978,18201.011,18191.0555,18194.9835
2024-04-09 10:05:00+00:00,18194.45,18195.0,18179.4945,18181.0
2024-04-09 10:10:00+00:00,18181.478,18190.066499999997,18176.5,18185.5165
2024-04-09 10:15:00+00:00,18186.572,18202.483500000002,18181.9945,18201.0055
2024-04-09 10:20:00+00:00,18202.0055,18205.011,18193.5055,18194.560999999998
2024-04-09 10:25:00+00:00,18193.9945,18194.5,18181.5,18182.989
2024-04-09 10:30:00+00:00,18182.5,18182.5,18160.9945,18161.5165
2024-04-09 10:35:00+00:00,18161.0,18163.0,18140.5,18142.011
2024-04-09 10:40:00+00:00,18143.4945,18155.016499999998,18140.0,18145.489
2024-04-09 10:45:00+00:00,18145.9945,18156.9835,18142.060999999998,18151.0055
2024-04-09 10:50:00+00:00,18150.745000000003,18158.95,18149.95,18152.0165
2024-04-09 10:55:00+00:00,18152.983500000002,18164.5055,18151.939000000002,18161.560999999998
2024-04-09 11:00:00+00:00,18162.011,18178.0055,18161.9945,18177.483500000002
2024-04-09 11:05:00+00:00,18177.0055,18186.0055,18175.0,18184.489
2024-04-09 11:10:00+00:00,18184.978,18205.5,18183.4945,18204.95
2024-04-09 11:15:00+00:00,18205.95,18213.066499999997,18190.9945,18191.55
2024-04-09 11:20:00+00:00,18190.939000000002,18200.060999999998,18190.011,18192.478
2024-04-09 11:25:00+00:00,18191.5,18193.016499999998,18180.9945,18184.978
2024-04-09 11:30:00+00:00,18185.439000000002,18195.572,18183.566499999997,18192.9945
2024-04-09 11:35:00+00:00,18192.511,18199.989,18189.0055,18197.0165
2024-04-09 11:40:00+00:00,18196.0055,18202.011,18191.072,18196.0
2024-04-09 11:45:00+00:00,18196.5055,18197.0055,18189.939000000002,18193.5055
2024-04-09 11:50:00+00:00,18194.0,18202.016499999998,18192.0,18201.0
2024-04-09 11:55:00+00:00,18201.95,18213.0555,18197.989,18213.0055
2024-04-09 12:00:00+00:00,18213.764000000003,18223.05,18211.483500000002,18220.989
2024-04-09 12:05:00+00:00,18220.016499999998,18221.560999999998,18213.072,18213.5
2024-04-09 12:10:00+00:00,18213.989,18225.0055,18213.0,18216.022
2024-04-09 12:15:00+00:00,18216.572,18221.0555,18209.489,18218.522
2024-04-09 12:20:00+00:00,18217.9945,18221.0055,18208.983500000002,18218.022
2024-04-09 12:25:00+00:00,18217.0,18223.4945,18215.5,18223.0
2024-04-09 12:30:00+00:00,18224.05,18229.016499999998,18221.0055,18227.5
2024-04-09 12:35:00+00:00,18226.9835,18230.0,18221.483500000002,18228.9445
2024-04-09 12:40:00+00:00,18230.066499999997,18233.0165,18225.9445,18230.511
2024-04-09 12:45:00+00:00,18231.060999999998,18232.9945,18217.4945,18221.978
2024-04-09 12:50:00+00:00,18224.0,18224.0,18208.95,18209.983500000002
2024-04-09 12:55:00+00:00,18210.989,18211.989,18200.933500000003,18200.933500000003
2024-04-09 13:00:00+00:00,18200.5,18205.0055,18181.9445,18184.9945
2024-04-09 13:05:00+00:00,18185.928,18189.516499999998,18174.9945,18176.072
2024-04-09 13:10:00+00:00,18176.9835,18181.0055,18171.933500000003,18173.011
2024-04-09 13:15:00+00:00,18172.5555,18185.560999999998,18166.560999999998,18183.45
2024-04-09 13:20:00+00:00,18184.016499999998,18197.022,18179.983500000002,18194.05
2024-04-09 13:25:00+00:00,18192.928,18199.072,18190.4945,18195.989
2024-04-09 13:30:00+00:00,18196.4835,18206.0555,18191.983500000002,18199.928
2024-04-09 13:35:00+00:00,18200.775,18217.9945,18198.5,18216.989
2024-04-09 13:40:00+00:00,18218.060999999998,18221.011,18192.0055,18192.9945
2024-04-09 13:45:00+00:00,18192.223,18197.983500000002,18177.011,18178.0055
2024-04-09 13:50:00+00:00,18177.933500000003,18177.933500000003,18177.933500000003,18177.933500000003
2024-04-09 13:55:00+00:00,18147.0,18152.0,18125.5,18146.4945
2024-04-09 14:00:00+00:00,18147.45,18160.0,18140.0,18151.5
2024-04-09 14:05:00+00:00,18152.0055,18156.011,18142.433500000003,18155.489
2024-04-09 14:10:00+00:00,18154.928,18165.05,18143.522,18154.989
2024-04-09 14:15:00+00:00,18155.5,18160.5,18143.9445,18150.428
2024-04-09 14:20:00+00:00,18150.245000000003,18156.4945,18143.9835,18152.433500000003
2024-04-09 14:25:00+00:00,18153.066499999997,18158.066499999997,18130.011,18134.978
2024-04-09 14:30:00+00:00,18135.745000000003,18136.0555,18118.5,18120.011
2024-04-09 14:35:00+00:00,18121.072,18122.0055,18090.9945,18093.4445
2024-04-09 14:40:00+00:00,18094.0,18100.5055,18059.933500000003,18071.522
2024-04-09 14:45:00+00:00,18072.011,18086.060999999998,18063.0,18066.066499999997
2024-04-09 14:50:00+00:00,18066.45,18076.983500000002,18056.933500000003,18061.9945
2024-04-09 14:55:00+00:00,18061.4945,18085.989,18058.511,18082.016499999998
2024-04-09 15:00:00+00:00,18081.745000000003,18086.011,18069.0055,18079.0055
2024-04-09 15:05:00+00:00,18079.566499999997,18091.9445,18073.0055,18086.0
2024-04-09 15:10:00+00:00,18085.245000000003,18091.5,18075.0055,18077.4945
2024-04-09 15:15:00+00:00,18078.55,18097.0,18078.05,18093.989
2024-04-09 15:20:00+00:00,18093.723,18098.522,18082.978,18083.4945
2024-04-09 15:25:00+00:00,18084.4835,18088.0165,18074.060999999998,18076.5
2024-04-09 15:30:00+00:00,18077.066499999997,18083.072,18074.5055,18076.933500000003
2024-04-09 15:35:00+00:00,18078.0,18080.060999999998,18068.0,18070.9945
2024-04-09 15:40:00+00:00,18071.483500000002,18094.066499999997,18070.489,18089.483500000002
2024-04-09 15:45:00+00:00,18088.9445,18096.060999999998,18087.989,18094.0055
2024-04-09 15:50:00+00:00,18094.5,18095.022,18078.95,18087.566499999997
2024-04-09 15:55:00+00:00,18087.983500000002,18091.0,18084.978,18085.989
2024-04-09 16:00:00+00:00,18085.0055,18094.4945,18085.0055,18092.0
2024-04-09 16:05:00+00:00,18091.511,18095.0055,18084.9835,18091.9945
2024-04-09 16:10:00+00:00,18091.5055,18100.5,18089.011,18098.5555
2024-04-09 16:15:00+00:00,18098.232500000002,18098.232500000002,18092.5055,18094.560999999998
2024-04-09 16:20:00+00:00,18095.0555,18099.0,18093.4835,18098.483500000002
2024-04-09 16:25:00+00:00,18099.011,18102.066499999997,18096.428,18098.5055
2024-04-09 16:30:00+00:00,18099.0,18107.0165,18098.0555,18105.566499999997
2024-04-09 16:35:00+00:00,18104.489,18104.5555,18097.0555,18102.4945
2024-04-09 16:40:00+00:00,18103.0055,18103.572,18098.989,18099.439000000002
2024-04-09 16:45:00+00:00,18099.254500000003,18102.511,18094.5165,18097.9945
2024-04-09 16:50:00+00:00,18097.4945,18099.05,18084.5,18087.05
2024-04-09 16:55:00+00:00,18086.55,18095.9835,18086.55,18091.483500000002
2024-04-09 17:00:00+00:00,18092.0,18097.566499999997,18088.428,18097.566499999997
2024-04-09 17:05:00+00:00,18098.0055,18103.5,18094.5165,18098.5165
2024-04-09 17:10:00+00:00,18098.9445,18100.572,18091.483500000002,18094.5055
2024-04-09 17:15:00+00:00,18094.983500000002,18099.05,18090.0165,18096.511
2024-04-09 17:20:00+00:00,18097.4835,18105.5055,18095.0,18096.489
2024-04-09 17:25:00+00:00,18096.0055,18098.5555,18090.9945,18093.95
2024-04-09 17:30:00+00:00,18093.4945,18100.5055,18092.572,18096.516499999998
2024-04-09 17:35:00+00:00,18096.9945,18104.011,18094.5555,18104.011
2024-04-09 17:40:00+00:00,18104.489,18106.983500000002,18093.978,18094.5055
2024-04-09 17:45:00+00:00,18095.0165,18096.060999999998,18087.983500000002,18090.511
2024-04-09 17:50:00+00:00,18090.022,18097.011,18089.022,18095.5165
2024-04-09 17:55:00+00:00,18095.060999999998,18095.5,18086.0,18086.0
2024-04-09 18:00:00+00:00,18085.433500000003,18086.011,18076.4945,18084.5055
2024-04-09 18:05:00+00:00,18084.989,18094.016499999998,18083.060999999998,18092.5
2024-04-09 18:10:00+00:00,18093.55,18095.066499999997,18087.983500000002,18091.5
2024-04-09 18:15:00+00:00,18090.9445,18096.05,18089.0,18095.0055
2024-04-09 18:20:00+00:00,18095.428,18098.011,18086.5055,18087.4945
2024-04-09 18:25:00+00:00,18087.989,18091.5165,18081.011,18083.9945
2024-04-09 18:30:00+00:00,18083.572,18084.989,18077.5055,18082.478
2024-04-09 18:35:00+00:00,18083.011,18086.0555,18077.0,18078.560999999998
2024-04-09 18:40:00+00:00,18078.0055,18085.5,18076.9945,18080.928
2024-04-09 18:45:00+00:00,18080.4945,18085.011,18076.5165,18079.489
2024-04-09 18:50:00+00:00,18080.0055,18087.060999999998,18076.978,18082.489
2024-04-09 18:55:00+00:00,18081.5055,18084.55,18079.489,18080.9945
2024-04-09 19:00:00+00:00,18080.688000000002,18080.688000000002,18073.9945,18079.0
2024-04-09 19:05:00+00:00,18078.489,18080.989,18069.989,18071.5055
2024-04-09 19:10:00+00:00,18071.2545,18077.433500000003,18067.0,18074.5165
2024-04-09 19:15:00+00:00,18074.0,18083.5,18072.9835,18083.5
2024-04-09 19:20:00+00:00,18082.989,18098.011,18082.989,18096.489
2024-04-09 19:25:00+00:00,18096.238,18122.439000000002,18095.989,18120.572
2024-04-09 19:30:00+00:00,18119.989,18128.511,18117.0055,18119.9945
2024-04-09 19:35:00+00:00,18120.5,18122.489,18106.066499999997,18106.066499999997
2024-04-09 19:40:00+00:00,18107.0555,18110.05,18099.45,18109.566499999997
2024-04-09 19:45:00+00:00,18110.0,18110.5,18101.433500000003,18106.4945
2024-04-09 19:50:00+00:00,18106.9445,18112.5055,18104.489,18112.5055
2024-04-09 19:55:00+00:00,18113.4445,18124.433500000003,18113.4445,18124.433500000003
2024-04-09 20:00:00+00:00,18123.5945,18164.7,18120.933500000003,18153.3055
2024-04-09 20:05:00+00:00,18152.394500000002,18155.911,18147.128,18148.9055
2024-04-09 20:10:00+00:00,18149.778,18151.6,18146.2945,18148.1
2024-04-09 22:05:00+00:00,18133.989,18135.722,18133.989,18134.728
2024-04-09 22:10:00+00:00,18133.928,18135.7,18130.439000000002,18131.278
2024-04-09 22:15:00+00:00,18132.139000000003,18134.8055,18132.139000000003,18134.8055
2024-04-09 22:20:00+00:00,18133.989,18135.761,18130.516499999998,18130.516499999998
2024-04-09 22:25:00+00:00,18130.961,18132.211,18128.65,18128.7
2024-04-09 22:30:00+00:00,18127.889000000003,18132.216500000002,18127.839,18132.216500000002
2024-04-09 22:35:00+00:00,18132.716500000002,18135.678,18130.5,18131.2945
2024-04-09 22:40:00+00:00,18130.4835,18130.516499999998,18126.089,18126.089
2024-04-09 22:45:00+00:00,18127.0165,18128.65,18126.05,18128.65
2024-04-09 22:50:00+00:00,18127.911,18129.610999999997,18126.989,18128.65
2024-04-09 22:55:00+00:00,18127.8835,18130.511,18127.8835,18130.45
2024-04-09 23:00:00+00:00,18131.2945,18132.183500000003,18128.7,18129.578
2024-04-09 23:05:00+00:00,18130.489,18130.5055,18128.6945,18129.6
2024-04-09 23:10:00+00:00,18128.644500000002,18131.3,18127.9,18130.5
2024-04-09 23:15:00+00:00,18129.978,18130.433500000003,18128.6835,18128.6835
2024-04-09 23:20:00+00:00,18127.9555,18129.6,18126.9945,18128.7555
2024-04-09 23:25:00+00:00,18127.911,18128.766499999998,18127.883500000004,18128.7055
2024-04-09 23:30:00+00:00,18127.9555,18127.9555,18126.978,18127.9055
2024-04-09 23:35:00+00:00,18128.644500000002,18130.5555,18127.883500000004,18130.5555
2024-04-09 23:40:00+00:00,18129.6,18129.6,18127.0055,18127.911
2024-04-09 23:45:00+00:00,18127.060999999998,18129.894500000002,18126.55,18129.883500000004
2024-04-09 23:50:00+00:00,18129.461,18129.9555,18128.9945,18129.060999999998
2024-04-09 23:55:00+00:00,18129.889000000003,18129.911,18127.139000000003,18127.222
2024-04-10 00:00:00+00:00,18127.6945,18133.489,18125.5055,18133.489
2024-04-10 00:05:00+00:00,18132.5335,18133.4945,18130.894500000002,18132.589
2024-04-10 00:10:00+00:00,18133.560999999998,18138.2,18132.528,18138.2
2024-04-10 00:15:00+00:00,18137.522,18137.522,18127.0055,18131.022
2024-04-10 00:20:00+00:00,18131.0055,18141.522,18131.0055,18137.939000000002
2024-04-10 00:25:00+00:00,18136.0,18138.516499999998,18136.0,18137.0055
2024-04-10 00:30:00+00:00,18137.5165,18139.5165,18136.9945,18136.9945
2024-04-10 00:35:00+00:00,18137.489,18142.0055,18136.983500000002,18136.983500000002
2024-04-10 00:40:00+00:00,18137.5055,18142.5,18137.5055,18139.511
2024-04-10 00:45:00+00:00,18140.016499999998,18140.983500000002,18138.933500000003,18138.933500000003
2024-04-10 00:50:00+00:00,18138.5055,18142.4945,18136.428,18139.0
2024-04-10 00:55:00+00:00,18139.5,18144.5,18139.5,18143.9835
2024-04-10 01:00:00+00:00,18144.5165,18151.0,18144.5165,18147.439000000002
2024-04-10 01:05:00+00:00,18147.933500000003,18149.566499999997,18147.933500000003,18149.4945
2024-04-10 01:10:00+00:00,18149.060999999998,18149.5555,18146.983500000002,18147.428
2024-04-10 01:15:00+00:00,18147.983500000002,18150.011,18146.9835,18147.5165
2024-04-10 01:20:00+00:00,18148.0,18148.072,18143.0055,18143.989
2024-04-10 01:25:00+00:00,18143.511,18145.566499999997,18142.4445,18144.016499999998
2024-04-10 01:30:00+00:00,18143.572,18146.0165,18140.9445,18144.989
2024-04-10 01:35:00+00:00,18145.5,18152.511,18142.5165,18152.066499999997
2024-04-10 01:40:00+00:00,18152.9945,18154.011,18150.9445,18153.011
2024-04-10 01:45:00+00:00,18155.072,18155.072,18148.928,18149.566499999997
2024-04-10 01:50:00+00:00,18149.0165,18154.983500000002,18149.0,18154.983500000002
2024-04-10 01:55:00+00:00,18154.0055,18156.05,18153.428,18155.5055
2024-04-10 02:00:00+00:00,18156.0,18156.0,18152.4945,18152.4945
2024-04-10 02:05:00+00:00,18152.066499999997,18156.060999999998,18150.5165,18156.060999999998
2024-04-10 02:10:00+00:00,18155.566499999997,18155.566499999997,18151.0,18151.0
2024-04-10 02:15:00+00:00,18152.0,18155.511,18152.0,18155.511
2024-04-10 02:20:00+00:00,18155.9945,18158.483500000002,18155.9945,18157.011
2024-04-10 02:25:00+00:00,18156.5055,18156.572,18154.511,18156.0
2024-04-10 02:30:00+00:00,18156.4945,18158.0165,18155.95,18158.0165
2024-04-10 02:35:00+00:00,18158.4945,18160.0055,18157.0555,18158.933500000003
2024-04-10 02:40:00+00:00,18158.5055,18161.489,18158.072,18161.478
2024-04-10 02:45:00+00:00,18160.978,18161.4945,18160.978,18161.0
2024-04-10 02:50:00+00:00,18160.489,18161.022,18158.5,18161.022
2024-04-10 02:55:00+00:00,18160.4945,18165.428,18160.4945,18164.0055
2024-04-10 03:00:00+00:00,18164.511,18166.0,18163.4945,18166.0
2024-04-10 03:05:00+00:00,18165.05,18165.0555,18162.928,18164.066499999997
2024-04-10 03:10:00+00:00,18163.566499999997,18163.566499999997,18160.928,18162.9445
2024-04-10 03:15:00+00:00,18162.433500000003,18163.016499999998,18161.9945,18162.983500000002
2024-04-10 03:20:00+00:00,18162.55,18162.55,18161.5555,18162.5055
2024-04-10 03:25:00+00:00,18162.0,18162.0,18160.428,18161.5
2024-04-10 03:30:00+00:00,18161.060999999998,18162.0055,18160.9945,18161.0055
2024-04-10 03:35:00+00:00,18160.016499999998,18160.016499999998,18155.011,18155.011
2024-04-10 03:40:00+00:00,18156.9945,18156.9945,18155.489,18155.489
2024-04-10 03:45:00+00:00,18155.983500000002,18157.060999999998,18154.933500000003,18157.060999999998
2024-04-10 03:50:00+00:00,18157.4945,18157.5,18155.572,18156.483500000002
2024-04-10 03:55:00+00:00,18155.9945,18156.0,18155.0,18156.0
2024-04-10 04:00:00+00:00,18155.5165,18155.5165,18154.511,18155.4445
2024-04-10 04:05:00+00:00,18155.060999999998,18156.05,18155.060999999998,18156.05
2024-04-10 04:10:00+00:00,18155.5165,18156.0055,18154.9945,18155.5055
2024-04-10 04:15:00+00:00,18154.989,18156.0055,18154.978,18155.983500000002
2024-04-10 04:20:00+00:00,18155.489,18157.0,18155.011,18157.0
2024-04-10 04:25:00+00:00,18158.5055,18158.5055,18157.5055,18157.5055
2024-04-10 04:30:00+00:00,18158.0055,18162.0,18158.0055,18160.439000000002
2024-04-10 04:35:00+00:00,18160.989,18166.072,18160.989,18165.0055
2024-04-10 04:40:00+00:00,18165.511,18165.511,18160.989,18160.989
2024-04-10 04:45:00+00:00,18160.522,18160.522,18158.516499999998,18159.522
2024-04-10 04:50:00+00:00,18158.9945,18160.0,18158.016499999998,18158.016499999998
2024-04-10 04:55:00+00:00,18158.4945,18158.9945,18158.0,18158.9945
2024-04-10 05:00:00+00:00,18159.933500000003,18165.4945,18159.933500000003,18165.060999999998
2024-04-10 05:05:00+00:00,18165.439000000002,18166.0055,18165.0,18166.0055
2024-04-10 05:10:00+00:00,18165.4945,18165.4945,18161.483500000002,18162.072
2024-04-10 05:15:00+00:00,18163.060999999998,18165.0555,18162.933500000003,18162.933500000003
2024-04-10 05:20:00+00:00,18162.5,18162.5,18157.928,18158.45
2024-04-10 05:25:00+00:00,18159.433500000003,18159.511,18156.5055,18156.983500000002
2024-04-10 05:30:00+00:00,18156.5,18159.060999999998,18153.983500000002,18156.0055
2024-04-10 05:35:00+00:00,18156.522,18158.0,18152.428,18153.011
2024-04-10 05:40:00+00:00,18152.5,18152.5,18145.0,18146.433500000003
2024-04-10 05:45:00+00:00,18147.0055,18147.522,18139.978,18141.478
2024-04-10 05:50:00+00:00,18141.9835,18145.05,18140.433500000003,18142.5055
2024-04-10 05:55:00+00:00,18143.0,18146.989,18142.5555,18146.0
2024-04-10 06:00:00+00:00,18147.011,18157.5,18141.0555,18143.0055
2024-04-10 06:05:00+00:00,18143.4945,18157.9945,18141.989,18156.5055
2024-04-10 06:10:00+00:00,18157.0,18165.511,18155.978,18162.978
2024-04-10 06:15:00+00:00,18163.5,18163.5055,18157.5055,18160.933500000003
2024-04-10 06:20:00+00:00,18161.5055,18170.0555,18157.9835,18168.022
2024-04-10 06:25:00+00:00,18168.5,18177.560999999998,18168.5,18175.0555
2024-04-10 06:30:00+00:00,18176.5,18182.566499999997,18167.0,18171.0555
2024-04-10 06:35:00+00:00,18170.45,18175.011,18169.939000000002,18170.439000000002
2024-04-10 06:40:00+00:00,18171.5,18174.0,18165.978,18174.0
2024-04-10 06:45:00+00:00,18174.5055,18181.0165,18170.989,18178.4945
2024-04-10 06:50:00+00:00,18179.0,18181.560999999998,18170.489,18180.511
2024-04-10 06:55:00+00:00,18179.989,18179.989,18163.011,18163.5055
2024-04-10 07:00:00+00:00,18163.245000000003,18193.566499999997,18162.0,18191.933500000003
2024-04-10 07:05:00+00:00,18193.5,18206.5165,18187.5,18206.45
2024-04-10 07:10:00+00:00,18207.0055,18210.0165,18188.522,18196.0
2024-04-10 07:15:00+00:00,18197.0,18207.066499999997,18195.560999999998,18197.5
2024-04-10 07:20:00+00:00,18198.572,18200.060999999998,18179.978,18180.9835
2024-04-10 07:25:00+00:00,18180.489,18204.060999999998,18180.433500000003,18198.9945
2024-04-10 07:30:00+00:00,18200.483500000002,18206.439000000002,18190.511,18192.483500000002
2024-04-10 07:35:00+00:00,18193.0,18194.05,18173.428,18178.0
2024-04-10 07:40:00+00:00,18177.5,18189.072,18175.5,18186.983500000002
2024-04-10 07:45:00+00:00,18187.933500000003,18193.516499999998,18175.5,18184.011
2024-04-10 07:50:00+00:00,18184.989,18201.560999999998,18184.989,18191.5
2024-04-10 07:55:00+00:00,18191.0055,18199.511,18191.0055,18195.9945
2024-04-10 08:00:00+00:00,18197.0055,18204.433500000003,18194.5055,18198.0055
2024-04-10 08:05:00+00:00,18197.5055,18204.55,18185.011,18195.0
2024-04-10 08:10:00+00:00,18194.5,18204.560999999998,18193.4945,18201.939000000002
2024-04-10 08:15:00+00:00,18202.4445,18219.5,18198.978,18215.989
2024-04-10 08:20:00+00:00,18216.5165,18218.0055,18201.511,18201.516499999998
2024-04-10 08:25:00+00:00,18202.05,18218.5,18202.05,18214.0055
2024-04-10 08:30:00+00:00,18214.4945,18222.0555,18205.011,18206.511
2024-04-10 08:35:00+00:00,18206.060999999998,18208.9835,18198.560999999998,18207.9445
2024-04-10 08:40:00+00:00,18209.0555,18214.511,18203.511,18203.511
2024-04-10 08:45:00+00:00,18204.516499999998,18207.0055,18192.978,18206.022
2024-04-10 08:50:00+00:00,18206.989,18217.5055,18202.0,18215.9945
2024-04-10 08:55:00+00:00,18215.0,18223.5,18214.983500000002,18219.022
2024-04-10 09:00:00+00:00,18219.5055,18224.511,18214.4945,18214.516499999998
2024-04-10 09:05:00+00:00,18215.428,18220.560999999998,18214.4835,18216.989
2024-04-10 09:10:00+00:00,18217.5055,18219.5,18209.433500000003,18209.433500000003
2024-04-10 09:15:00+00:00,18210.0,18212.011,18203.978,18211.5
2024-04-10 09:20:00+00:00,18212.0,18219.983500000002,18211.9945,18212.9445
2024-04-10 09:25:00+00:00,18212.5,18215.511,18206.05,18206.9835
2024-04-10 09:30:00+00:00,18207.978,18209.0,18200.522,18202.4445
2024-04-10 09:35:00+00:00,18203.0055,18204.011,18188.011,18191.983500000002
2024-04-10 09:40:00+00:00,18191.4945,18195.060999999998,18184.9945,18186.016499999998
2024-04-10 09:45:00+00:00,18185.5055,18190.572,18183.9945,18190.4945
2024-04-10 09:50:00+00:00,18190.95,18194.566499999997,18180.4945,18194.011
2024-04-10 09:55:00+00:00,18193.5055,18197.5555,18188.4945,18190.0165
2024-04-10 10:00:00+00:00,18189.5165,18208.0055,18184.55,18203.5165
2024-04-10 10:05:00+00:00,18202.9835,18203.5055,18189.572,18191.5
2024-04-10 10:10:00+00:00,18192.022,18201.566499999997,18191.989,18199.983500000002
2024-04-10 10:15:00+00:00,18200.572,18202.4945,18195.0,18195.9445
2024-04-10 10:20:00+00:00,18196.4835,18202.511,18194.0,18199.060999999998
2024-04-10 10:25:00+00:00,18199.5055,18202.066499999997,18195.5,18196.489
2024-04-10 10:30:00+00:00,18197.5055,18203.0055,18194.511,18202.939000000002
2024-04-10 10:35:00+00:00,18202.566499999997,18206.5555,18198.4945,18206.0055
2024-04-10 10:40:00+00:00,18206.4945,18212.439000000002,18203.5,18205.560999999998
2024-04-10 10:45:00+00:00,18204.723,18212.016499999998,18198.060999999998,18212.016499999998
2024-04-10 10:50:00+00:00,18212.516499999998,18219.572,18210.489,18219.572
2024-04-10 10:55:00+00:00,18220.0055,18225.5555,18218.0,18222.022
2024-04-10 11:00:00+00:00,18221.745000000003,18224.066499999997,18220.0,18222.989
2024-04-10 11:05:00+00:00,18223.511,18233.55,18223.072,18233.0055
2024-04-10 11:10:00+00:00,18232.223,18234.5555,18229.016499999998,18232.511
2024-04-10 11:15:00+00:00,18231.983500000002,18239.5,18231.983500000002,18237.0
2024-04-10 11:20:00+00:00,18236.572,18237.016499999998,18228.989,18232.4945
2024-04-10 11:25:00+00:00,18231.933500000003,18233.5,18223.483500000002,18224.428
2024-04-10 11:30:00+00:00,18225.511,18225.572,18216.989,18220.0
2024-04-10 11:35:00+00:00,18220.566499999997,18229.5,18219.439000000002,18225.5
2024-04-10 11:40:00+00:00,18225.212,18228.022,18221.489,18226.9445
2024-04-10 11:45:00+00:00,18226.5055,18233.522,18223.572,18231.066499999997
2024-04-10 11:50:00+00:00,18230.433500000003,18233.5165,18223.483500000002,18224.0055
2024-04-10 11:55:00+00:00,18224.5,18227.55,18222.5,18223.5
2024-04-10 12:00:00+00:00,18222.516499999998,18224.9945,18209.4445,18211.4945
2024-04-10 12:05:00+00:00,18211.933500000003,18214.560999999998,18204.989,18209.5055
2024-04-10 12:10:00+00:00,18209.016499999998,18219.723,18208.489,18219.011
2024-04-10 12:15:00+00:00,18218.0055,18218.0055,18197.978,18198.5
2024-04-10 12:20:00+00:00,18199.483500000002,18201.066499999997,18190.95,18192.022
2024-04-10 12:25:00+00:00,18191.5055,18208.439000000002,18188.4945,18193.5165
2024-04-10 12:30:00+00:00,18195.489,18195.489,18059.939000000002,18080.05
2024-04-10 12:35:00+00:00,18079.746000000003,18091.0,18038.5,18054.989
2024-04-10 12:40:00+00:00,18056.022,18068.511,18030.95,18043.989
2024-04-10 12:45:00+00:00,18042.933500000003,18065.066499999997,18030.5,18034.928
2024-04-10 12:50:00+00:00,18033.9445,18040.060999999998,18014.572,18017.0
2024-04-10 12:55:00+00:00,18016.212,18036.0,18014.5055,18029.5055
2024-04-10 13:00:00+00:00,18030.566499999997,18036.072,17991.439000000002,17996.5055
2024-04-10 13:05:00+00:00,17996.0055,18007.4945,17985.983500000002,17990.928
2024-04-10 13:10:00+00:00,17990.55,18003.428,17973.9945,17977.9835
2024-04-10 13:15:00+00:00,17978.428,18002.5055,17978.428,17998.5165
2024-04-10 13:20:00+00:00,17998.95,18008.5,17980.0055,18003.072
2024-04-10 13:25:00+00:00,18001.55,18020.0055,17998.0,18015.4945
2024-04-10 13:30:00+00:00,18016.0,18034.0165,18004.5555,18027.511
2024-04-10 13:35:00+00:00,18027.983500000002,18039.9945,18015.9445,18033.428
2024-04-10 13:40:00+00:00,18033.011,18055.011,18019.978,18054.016499999998
2024-04-10 13:45:00+00:00,18053.4945,18055.511,18018.4945,18025.989
2024-04-10 13:50:00+00:00,18026.489,18054.0055,18022.9945,18051.511
2024-04-10 13:55:00+00:00,18050.428,18077.5,18040.066499999997,18053.428
2024-04-10 14:00:00+00:00,18052.939000000002,18070.0165,18044.478,18046.9945
2024-04-10 14:05:00+00:00,18047.4945,18087.072,18046.0055,18082.9945
2024-04-10 14:10:00+00:00,18082.489,18091.5555,18072.5,18079.0
2024-04-10 14:15:00+00:00,18078.489,18111.4945,18071.0055,18106.933500000003
2024-04-10 14:20:00+00:00,18107.983500000002,18119.4445,18097.5,18118.5055
2024-04-10 14:25:00+00:00,18118.016499999998,18128.011,18112.45,18117.0055
2024-04-10 14:30:00+00:00,18118.5165,18134.5,18116.572,18128.072
2024-04-10 14:35:00+00:00,18128.5,18149.572,18128.5,18143.4445
2024-04-10 14:40:00+00:00,18144.072,18146.5055,18133.4945,18135.011
2024-04-10 14:45:00+00:00,18136.05,18143.478,18126.5055,18135.072
2024-04-10 14:50:00+00:00,18134.5055,18139.989,18118.439000000002,18122.060999999998
2024-04-10 14:55:00+00:00,18123.0055,18124.0165,18097.011,18112.0
2024-04-10 15:00:00+00:00,18112.9945,18114.5,18097.989,18098.511
2024-04-10 15:05:00+00:00,18098.9945,18105.072,18093.511,18101.0055
2024-04-10 15:10:00+00:00,18101.9945,18102.522,18082.5055,18092.4945
2024-04-10 15:15:00+00:00,18093.0,18097.0055,18081.489,18088.489
2024-04-10 15:20:00+00:00,18087.5,18098.0,18086.5055,18091.55
2024-04-10 15:25:00+00:00,18090.9835,18101.560999999998,18087.4945,18096.4445
2024-04-10 15:30:00+00:00,18097.011,18100.0055,18084.4945,18094.4945
2024-04-10 15:35:00+00:00,18094.9835,18097.5055,18082.5055,18084.5165
2024-04-10 15:40:00+00:00,18083.9945,18084.566499999997,18076.022,18078.0
2024-04-10 15:45:00+00:00,18078.4835,18085.511,18075.489,18080.522
2024-04-10 15:50:00+00:00,18080.016499999998,18087.489,18079.511,18086.5055
2024-04-10 15:55:00+00:00,18086.177000000003,18089.489,18081.5165,18088.5
2024-04-10 16:00:00+00:00,18088.0165,18093.572,18082.5055,18090.511
2024-04-10 16:05:00+00:00,18091.0055,18094.022,18081.5,18085.5
2024-04-10 16:10:00+00:00,18086.5,18087.011,18077.428,18078.5055
2024-04-10 16:15:00+00:00,18078.011,18083.489,18077.4945,18077.5
2024-04-10 16:20:00+00:00,18078.0055,18081.4445,18072.439000000002,18077.4945
2024-04-10 16:25:00+00:00,18076.978,18085.560999999998,18076.4945,18080.0
2024-04-10 16:30:00+00:00,18079.5,18080.011,18074.439000000002,18080.011
2024-04-10 16:35:00+00:00,18080.4445,18086.011,18079.489,18079.489
2024-04-10 16:40:00+00:00,18079.1935,18082.989,18074.572,18078.4945
2024-04-10 16:45:00+00:00,18077.9835,18087.933500000003,18077.5,18086.0
2024-04-10 16:50:00+00:00,18085.511,18092.0055,18081.5,18090.511
2024-04-10 16:55:00+00:00,18089.989,18102.011,18089.5,18096.95
2024-04-10 17:00:00+00:00,18097.572,18100.566499999997,18067.433500000003,18071.939000000002
2024-04-10 17:05:00+00:00,18071.511,18073.5,18055.489,18056.022
2024-04-10 17:10:00+00:00,18055.478,18063.022,18048.5,18062.0
2024-04-10 17:15:00+00:00,18060.45,18078.0055,18057.4445,18075.0055
2024-04-10 17:20:00+00:00,18074.439000000002,18106.95,18072.066499999997,18103.989
2024-04-10 17:25:00+00:00,18103.511,18112.0055,18087.0165,18087.572
2024-04-10 17:30:00+00:00,18086.011,18094.939000000002,18056.5055,18066.989
2024-04-10 17:35:00+00:00,18066.0,18072.011,18045.5,18048.933500000003
2024-04-10 17:40:00+00:00,18048.511,18069.016499999998,18046.489,18056.55
2024-04-10 17:45:00+00:00,18056.199,18073.0555,18054.428,18071.5
2024-04-10 17:50:00+00:00,18070.732500000002,18075.5,18059.5,18069.489
2024-04-10 17:55:00+00:00,18069.249,18096.5055,18067.522,18078.511
2024-04-10 18:00:00+00:00,18078.928,18089.0,18068.560999999998,18085.011
2024-04-10 18:05:00+00:00,18085.978,18088.516499999998,18074.0055,18084.4945
2024-04-10 18:10:00+00:00,18084.983500000002,18090.5055,18078.0,18087.060999999998
2024-04-10 18:15:00+00:00,18086.45,18093.011,18068.9835,18073.9945
2024-04-10 18:20:00+00:00,18073.699,18085.511,18064.439000000002,18065.5
2024-04-10 18:25:00+00:00,18066.0,18073.0055,18059.5,18060.45
2024-04-10 18:30:00+00:00,18061.0165,18066.0055,18056.016499999998,18061.989
2024-04-10 18:35:00+00:00,18061.478,18073.489,18057.572,18071.483500000002
2024-04-10 18:40:00+00:00,18072.0,18077.5165,18067.0,18074.011
2024-04-10 18:45:00+00:00,18074.489,18079.5,18069.066499999997,18075.511
2024-04-10 18:50:00+00:00,18073.5055,18080.5,18063.983500000002,18071.0
2024-04-10 18:55:00+00:00,18070.511,18070.5165,18051.5055,18052.05
2024-04-10 19:00:00+00:00,18052.4945,18062.0,18046.9945,18051.5
2024-04-10 19:05:00+00:00,18052.489,18061.4945,18047.0055,18061.016499999998
2024-04-10 19:10:00+00:00,18061.55,18079.4945,18060.0,18078.989
2024-04-10 19:15:00+00:00,18078.4835,18084.060999999998,18069.489,18077.5
2024-04-10 19:20:00+00:00,18077.9835,18088.9945,18077.433500000003,18088.5
2024-04-10 19:25:00+00:00,18087.5,18092.4835,18081.478,18082.9945
2024-04-10 19:30:00+00:00,18083.511,18085.072,18069.9835,18074.0
2024-04-10 19:35:00+00:00,18073.5,18079.45,18066.45,18067.011
2024-04-10 19:40:00+00:00,18067.5055,18086.428,18066.55,18085.0
2024-04-10 19:45:00+00:00,18084.821000000004,18095.0555,18083.45,18091.928
2024-04-10 19:50:00+00:00,18090.989,18094.983500000002,18084.428,18093.9945
2024-04-10 19:55:00+00:00,18093.439000000002,18096.511,18085.489,18086.016499999998
2024-04-10 20:00:00+00:00,18085.5,18086.9555,18055.1945,18060.572
2024-04-10 20:05:00+00:00,18061.3835,18062.272,18047.310999999998,18061.105499999998
2024-04-10 20:10:00+00:00,18060.2555,18065.560999999998,18060.2555,18063.189000000002
2024-04-10 22:05:00+00:00,18057.394500000002,18061.728,18057.394500000002,18060.122
2024-04-10 22:10:00+00:00,18060.9665,18063.5835,18059.211,18061.7945
2024-04-10 22:15:00+00:00,18062.689000000002,18066.261,18062.628,18064.439000000002
2024-04-10 22:20:00+00:00,18064.95,18070.610999999997,18064.95,18070.610999999997
2024-04-10 22:25:00+00:00,18071.172,18072.4665,18070.5445,18070.605499999998
2024-04-10 22:30:00+00:00,18071.089,18072.3445,18063.5835,18068.0
2024-04-10 22:35:00+00:00,18068.378,18069.716500000002,18067.9835,18068.0
2024-04-10 22:40:00+00:00,18068.9165,18071.161,18067.928,18070.2
2024-04-10 22:45:00+00:00,18070.578,18072.45,18067.1,18068.022
2024-04-10 22:50:00+00:00,18068.889000000003,18069.7,18064.511,18065.3
2024-04-10 22:55:00+00:00,18064.9,18066.211,18063.605499999998,18066.211
2024-04-10 23:00:00+00:00,18065.233500000002,18066.2,18055.65,18057.411
2024-04-10 23:05:00+00:00,18058.3055,18060.478,18056.933500000003,18057.0
2024-04-10 23:10:00+00:00,18056.433500000003,18057.328,18048.589,18052.939000000002
2024-04-10 23:15:00+00:00,18052.6555,18052.95,18044.1945,18047.633500000004
2024-04-10 23:20:00+00:00,18048.622,18052.110999999997,18046.878,18047.6835
2024-04-10 23:25:00+00:00,18045.039,18050.4165,18042.489,18049.489
2024-04-10 23:30:00+00:00,18049.9,18052.161,18049.4445,18052.161
2024-04-10 23:35:00+00:00,18051.7,18062.7055,18051.289,18059.2
2024-04-10 23:40:00+00:00,18060.110999999997,18061.8,18059.2,18061.8
2024-04-10 23:45:00+00:00,18062.633500000004,18063.610999999997,18060.039,18060.8335
2024-04-10 23:50:00+00:00,18060.105499999998,18060.839,18052.766499999998,18053.428
2024-04-10 23:55:00+00:00,18052.65,18054.4165,18050.0165,18053.489
2024-04-11 00:00:00+00:00,18054.461,18068.5,18052.7,18064.9835
2024-04-11 00:05:00+00:00,18065.328,18065.328,18053.489,18056.211
2024-04-11 00:10:00+00:00,18057.105499999998,18064.0835,18057.105499999998,18061.65
2024-04-11 00:15:00+00:00,18071.983500000002,18074.0,18063.072,18072.05
2024-04-11 00:20:00+00:00,18072.0165,18077.011,18067.439000000002,18077.011
2024-04-11 00:25:00+00:00,18074.933500000003,18074.933500000003,18068.989,18069.511
2024-04-11 00:30:00+00:00,18068.978,18078.989,18068.5,18074.439000000002
2024-04-11 00:35:00+00:00,18074.9945,18075.011,18067.516499999998,18068.4445
2024-04-11 00:40:00+00:00,18070.483500000002,18070.95,18061.489,18065.5
2024-04-11 00:45:00+00:00,18064.9945,18065.511,18058.9945,18062.428
2024-04-11 00:50:00+00:00,18061.5,18066.5,18060.5,18066.5
2024-04-11 00:55:00+00:00,18065.928,18068.0,18065.0555,18068.0
2024-04-11 01:00:00+00:00,18067.7545,18077.566499999997,18067.5,18074.9945
2024-04-11 01:05:00+00:00,18075.439000000002,18080.05,18074.516499999998,18074.516499999998
2024-04-11 01:10:00+00:00,18073.45,18078.5165,18073.45,18078.022
2024-04-11 01:15:00+00:00,18077.5,18077.5,18065.5,18066.489
2024-04-11 01:20:00+00:00,18067.0,18067.4945,18059.0555,18061.011
2024-04-11 01:25:00+00:00,18061.428,18064.05,18059.0055,18064.011
2024-04-11 01:30:00+00:00,18064.5,18073.5055,18064.478,18073.05
2024-04-11 01:35:00+00:00,18072.4835,18081.989,18071.989,18078.560999999998
2024-04-11 01:40:00+00:00,18078.0,18079.55,18076.55,18078.4945
2024-04-11 01:45:00+00:00,18077.511,18081.9945,18075.511,18081.572
2024-04-11 01:50:00+00:00,18082.011,18090.072,18082.011,18089.572
2024-04-11 01:55:00+00:00,18089.983500000002,18089.983500000002,18081.522,18083.489
2024-04-11 02:00:00+00:00,18084.05,18085.022,18081.9835,18083.5
2024-04-11 02:05:00+00:00,18083.95,18089.4945,18083.0,18087.0165
2024-04-11 02:10:00+00:00,18086.5,18091.0,18085.939000000002,18088.5055
2024-04-11 02:15:00+00:00,18089.489,18092.5165,18089.489,18091.4945
2024-04-11 02:20:00+00:00,18091.05,18092.489,18089.95,18091.989
2024-04-11 02:25:00+00:00,18092.433500000003,18093.5,18091.4945,18092.572
2024-04-11 02:30:00+00:00,18094.55,18095.55,18090.0,18091.0
2024-04-11 02:35:00+00:00,18090.483500000002,18091.0,18085.0,18086.983500000002
2024-04-11 02:40:00+00:00,18087.489,18087.489,18083.939000000002,18084.5055
2024-04-11 02:45:00+00:00,18084.0055,18084.566499999997,18083.9945,18083.9945
2024-04-11 02:50:00+00:00,18085.0,18085.0,18081.5055,18083.4445
2024-04-11 02:55:00+00:00,18083.939000000002,18084.9945,18083.566499999997,18084.433500000003
2024-04-11 03:00:00+00:00,18085.011,18089.0,18083.9445,18087.0055
2024-04-11 03:05:00+00:00,18086.5055,18089.978,18084.5055,18087.5055
2024-04-11 03:10:00+00:00,18088.428,18094.0055,18088.428,18093.5
2024-04-11 03:15:00+00:00,18093.0,18098.0055,18092.4945,18097.489
2024-04-11 03:20:00+00:00,18098.5055,18098.5055,18093.5,18093.560999999998
2024-04-11 03:25:00+00:00,18093.95,18095.022,18093.95,18095.022
2024-04-11 03:30:00+00:00,18095.439000000002,18104.4445,18095.439000000002,18101.95
2024-04-11 03:35:00+00:00,18101.45,18101.45,18097.5555,18098.0055
2024-04-11 03:40:00+00:00,18098.511,18099.5555,18096.9945,18099.5555
2024-04-11 03:45:00+00:00,18098.572,18100.4945,18098.0,18098.566499999997
2024-04-11 03:50:00+00:00,18098.0555,18099.5055,18094.983500000002,18096.0
2024-04-11 03:55:00+00:00,18095.433500000003,18097.9945,18095.433500000003,18097.011
2024-04-11 04:00:00+00:00,18096.489,18098.5,18096.066499999997,18097.0055
2024-04-11 04:05:00+00:00,18096.4945,18096.928,18095.478,18095.478
2024-04-11 04:10:00+00:00,18094.983500000002,18096.5055,18094.5055,18095.9945
2024-04-11 04:15:00+00:00,18096.5,18099.433500000003,18096.489,18096.9945
2024-04-11 04:20:00+00:00,18098.0165,18099.9945,18096.9835,18099.5055
2024-04-11 04:25:00+00:00,18098.478,18099.0,18097.478,18097.478
2024-04-11 04:30:00+00:00,18097.95,18098.511,18087.5055,18087.5055
2024-04-11 04:35:00+00:00,18089.560999999998,18092.478,18088.45,18092.478
2024-04-11 04:40:00+00:00,18090.55,18092.55,18089.9945,18089.9945
2024-04-11 04:45:00+00:00,18089.45,18090.5055,18089.45,18090.5055
2024-04-11 04:50:00+00:00,18090.933500000003,18094.483500000002,18090.933500000003,18093.5055
2024-04-11 04:55:00+00:00,18094.433500000003,18096.511,18094.433500000003,18095.5555
2024-04-11 05:00:00+00:00,18094.511,18095.5555,18092.5,18094.478
2024-04-11 05:05:00+00:00,18093.5,18096.9945,18093.5,18094.572
2024-04-11 05:10:00+00:00,18095.5055,18101.489,18095.5055,18101.489
2024-04-11 05:15:00+00:00,18101.016499999998,18104.5,18100.5,18101.428
2024-04-11 05:20:00+00:00,18101.989,18101.989,18097.511,18099.478
2024-04-11 05:25:00+00:00,18100.0055,18102.439000000002,18099.5,18101.4445
2024-04-11 05:30:00+00:00,18101.0055,18101.0055,18094.0,18094.0055
2024-04-11 05:35:00+00:00,18092.5555,18096.439000000002,18090.4445,18094.4445
2024-04-11 05:40:00+00:00,18093.4835,18093.4945,18090.5,18093.45
2024-04-11 05:45:00+00:00,18093.9945,18096.4945,18092.5055,18096.4945
2024-04-11 05:50:00+00:00,18097.072,18100.478,18095.95,18100.478
2024-04-11 05:55:00+00:00,18100.939000000002,18101.4945,18096.4445,18096.522
2024-04-11 06:00:00+00:00,18095.011,18095.45,18080.566499999997,18086.511
2024-04-11 06:05:00+00:00,18087.511,18089.55,18080.428,18084.983500000002
2024-04-11 06:10:00+00:00,18085.489,18093.060999999998,18083.45,18089.45
2024-04-11 06:15:00+00:00,18088.45,18102.572,18088.45,18102.572
2024-04-11 06:20:00+00:00,18102.011,18110.011,18100.928,18104.5
2024-04-11 06:25:00+00:00,18105.022,18107.066499999997,18098.489,18100.433500000003
2024-04-11 06:30:00+00:00,18099.983500000002,18101.9835,18096.483500000002,18101.9835
2024-04-11 06:35:00+00:00,18101.522,18107.0055,18098.011,18103.55
2024-04-11 06:40:00+00:00,18102.5055,18102.5055,18092.939000000002,18094.5055
2024-04-11 06:45:00+00:00,18093.5,18095.516499999998,18089.989,18093.522
2024-04-11 06:50:00+00:00,18094.022,18094.022,18081.072,18084.511
2024-04-11 06:55:00+00:00,18084.05,18087.5055,18069.0,18069.572
2024-04-11 07:00:00+00:00,18071.5,18097.978,18067.978,18094.0165
2024-04-11 07:05:00+00:00,18094.4445,18099.022,18085.489,18097.5055
2024-04-11 07:10:00+00:00,18096.45,18096.45,18080.011,18084.572
2024-04-11 07:15:00+00:00,18085.223,18091.560999999998,18068.4945,18074.511
2024-04-11 07:20:00+00:00,18074.928,18093.511,18073.0165,18083.439000000002
2024-04-11 07:25:00+00:00,18082.0055,18087.4945,18073.4945,18080.4945
2024-04-11 07:30:00+00:00,18080.201,18093.989,18079.9945,18085.5055
2024-04-11 07:35:00+00:00,18086.0,18089.011,18077.928,18079.5
2024-04-11 07:40:00+00:00,18078.983500000002,18086.4945,18072.928,18080.483500000002
2024-04-11 07:45:00+00:00,18079.066499999997,18093.011,18078.5165,18089.4945
2024-04-11 07:50:00+00:00,18089.939000000002,18093.0,18085.5055,18089.0
2024-04-11 07:55:00+00:00,18087.989,18092.5555,18081.5,18089.983500000002
2024-04-11 08:00:00+00:00,18090.566499999997,18102.060999999998,18083.933500000003,18092.566499999997
2024-04-11 08:05:00+00:00,18093.011,18102.9945,18092.0555,18095.5055
2024-04-11 08:10:00+00:00,18094.928,18098.560999999998,18086.4445,18091.560999999998
2024-04-11 08:15:00+00:00,18092.0,18098.0,18084.4835,18096.95
2024-04-11 08:20:00+00:00,18096.5,18098.9945,18074.5,18077.0
2024-04-11 08:25:00+00:00,18077.933500000003,18082.560999999998,18070.989,18079.522
2024-04-11 08:30:00+00:00,18079.0,18085.572,18064.483500000002,18072.5
2024-04-11 08:35:00+00:00,18072.212,18080.939000000002,18066.4835,18071.522
2024-04-11 08:40:00+00:00,18071.022,18078.428,18066.4835,18076.5
2024-04-11 08:45:00+00:00,18076.95,18078.55,18054.989,18055.489
2024-04-11 08:50:00+00:00,18054.989,18060.0,18042.011,18045.9445
2024-04-11 08:55:00+00:00,18046.4945,18049.989,18024.55,18025.5
2024-04-11 09:00:00+00:00,18025.201,18039.0165,18018.4945,18036.5
2024-04-11 09:05:00+00:00,18036.0055,18039.5,18020.483500000002,18026.4835
2024-04-11 09:10:00+00:00,18027.0,18044.0055,18023.989,18041.0555
2024-04-11 09:15:00+00:00,18038.9945,18041.0555,18020.928,18024.9835
2024-04-11 09:20:00+00:00,18022.511,18032.428,18014.428,18016.9445
2024-04-11 09:25:00+00:00,18018.0055,18022.9945,18007.9945,18022.0055
2024-04-11 09:30:00+00:00,18021.572,18034.989,18018.0165,18028.0055
2024-04-11 09:35:00+00:00,18028.933500000003,18034.0,18016.978,18019.0
2024-04-11 09:40:00+00:00,18020.011,18031.511,18011.516499999998,18031.511
2024-04-11 09:45:00+00:00,18032.489,18039.0055,18019.55,18020.022
2024-04-11 09:50:00+00:00,18019.0055,18019.4445,18007.5555,18011.0055
2024-04-11 09:55:00+00:00,18011.439000000002,18017.9945,18002.4945,18015.45
2024-04-11 10:00:00+00:00,18015.9945,18021.511,18003.489,18009.0
2024-04-11 10:05:00+00:00,18009.516499999998,18010.0,17988.928,17997.060999999998
2024-04-11 10:10:00+00:00,17997.560999999998,18007.05,17994.55,18000.4945
2024-04-11 10:15:00+00:00,17999.489,18005.9945,17994.428,17996.0
2024-04-11 10:20:00+00:00,17995.5,18000.511,17988.989,17991.989
2024-04-11 10:25:00+00:00,17990.978,18000.5,17987.45,17999.022
2024-04-11 10:30:00+00:00,17998.0,18004.560999999998,17994.511,17996.933500000003
2024-04-11 10:35:00+00:00,17997.433500000003,17998.511,17976.439000000002,17977.55
2024-04-11 10:40:00+00:00,17977.9945,18006.489,17977.9945,18003.478
2024-04-11 10:45:00+00:00,18004.011,18005.4945,17986.989,18003.978
2024-04-11 10:50:00+00:00,18004.5055,18005.016499999998,17992.0,18005.016499999998
2024-04-11 10:55:00+00:00,18003.9945,18007.55,17993.566499999997,17997.9945
2024-04-11 11:00:00+00:00,17997.601000000002,18006.566499999997,17991.9945,17996.989
2024-04-11 11:05:00+00:00,17996.489,17998.05,17979.4945,17981.0555
2024-04-11 11:10:00+00:00,17981.511,17994.516499999998,17981.5,17990.9445
2024-04-11 11:15:00+00:00,17990.5055,17997.572,17986.939000000002,17987.989
2024-04-11 11:20:00+00:00,17987.478,17997.5,17979.0,17995.5
2024-04-11 11:25:00+00:00,17996.072,17997.5,17983.5,17992.05
2024-04-11 11:30:00+00:00,17991.0055,18002.489,17984.0055,17984.983500000002
2024-04-11 11:35:00+00:00,17984.5,17989.989,17974.439000000002,17984.0055
2024-04-11 11:40:00+00:00,17981.489,17985.016499999998,17964.45,17968.489
2024-04-11 11:45:00+00:00,17967.723,17970.011,17951.45,17952.5
2024-04-11 11:50:00+00:00,17953.5165,17963.5055,17951.489,17962.5165
2024-04-11 11:55:00+00:00,17963.4835,17973.516499999998,17959.933500000003,17963.489
2024-04-11 12:00:00+00:00,17964.060999999998,17968.060999999998,17954.428,17961.9945
2024-04-11 12:05:00+00:00,17962.566499999997,17976.0165,17960.0055,17967.4945
2024-04-11 12:10:00+00:00,17967.212,17967.212,17953.939000000002,17957.5165
2024-04-11 12:15:00+00:00,17956.978,17989.560999999998,17956.978,17979.9945
2024-04-11 12:20:00+00:00,17980.572,17990.072,17973.478,17983.011
2024-04-11 12:25:00+00:00,17982.5,17983.9945,17962.560999999998,17968.011
2024-04-11 12:30:00+00:00,17956.0165,18030.0055,17951.5,18024.9445
2024-04-11 12:35:00+00:00,18025.433500000003,18056.9945,18015.5055,18047.0055
2024-04-11 12:40:00+00:00,18048.478,18053.0,18024.0,18027.011
2024-04-11 12:45:00+00:00,18027.9945,18061.0165,18026.4835,18059.0055
2024-04-11 12:50:00+00:00,18060.0555,18067.489,18049.978,18063.0
2024-04-11 12:55:00+00:00,18063.489,18068.4835,18041.989,18049.011
2024-04-11 13:00:00+00:00,18049.5165,18059.511,18042.5,18051.983500000002
2024-04-11 13:05:00+00:00,18052.511,18075.5055,18045.4445,18071.0
2024-04-11 13:10:00+00:00,18072.060999999998,18083.066499999997,18065.433500000003,18068.022
2024-04-11 13:15:00+00:00,18069.9835,18072.5165,18051.016499999998,18057.428
2024-04-11 13:20:00+00:00,18058.0,18065.0,18051.5,18057.483500000002
2024-04-11 13:25:00+00:00,18056.489,18059.066499999997,18035.95,18047.066499999997
2024-04-11 13:30:00+00:00,18046.601000000002,18061.566499999997,18035.428,18060.939000000002
2024-04-11 13:35:00+00:00,18062.011,18063.060999999998,18038.95,18042.5
2024-04-11 13:40:00+00:00,18042.201,18051.0,18018.5,18018.95
2024-04-11 13:45:00+00:00,18019.989,18031.0555,18015.4945,18027.989
2024-04-11 13:50:00+00:00,18027.0,18035.939000000002,18020.4945,18030.0
2024-04-11 13:55:00+00:00,18032.0,18042.05,18014.5055,18018.989
2024-04-11 14:00:00+00:00,18019.5,18019.5,17967.5,17974.489
2024-04-11 14:05:00+00:00,17973.734,17975.4835,17895.0,17915.060999999998
2024-04-11 14:10:00+00:00,17914.511,17919.939000000002,17897.0165,17905.011
2024-04-11 14:15:00+00:00,17903.478,17905.011,17878.989,17887.0055
2024-04-11 14:20:00+00:00,17884.011,17908.072,17879.989,17893.9835
2024-04-11 14:25:00+00:00,17895.0055,17896.572,17862.4835,17863.011
2024-04-11 14:30:00+00:00,17862.223,17883.511,17860.4945,17873.978
2024-04-11 14:35:00+00:00,17875.0055,17896.560999999998,17866.933500000003,17894.060999999998
2024-04-11 14:40:00+00:00,17894.5165,17906.9945,17893.560999999998,17904.5055
2024-04-11 14:45:00+00:00,17904.201,17931.9945,17903.9445,17917.433500000003
2024-04-11 14:50:00+00:00,17917.0055,17928.489,17903.933500000003,17910.0
2024-04-11 14:55:00+00:00,17911.212,17923.072,17902.45,17907.9945
2024-04-11 15:00:00+00:00,17908.4945,17933.439000000002,17902.939000000002,17932.4945
2024-04-11 15:05:00+00:00,17932.0,17933.5555,17915.0,17920.9445
2024-04-11 15:10:00+00:00,17921.5,17936.011,17921.5,17932.989
2024-04-11 15:15:00+00:00,17931.989,17947.489,17931.989,17935.0
2024-04-11 15:20:00+00:00,17935.5555,17954.4945,17935.433500000003,17944.5165
2024-04-11 15:25:00+00:00,17945.0055,17948.566499999997,17939.9945,17948.5055
2024-04-11 15:30:00+00:00,17947.712,17962.5,17947.0055,17953.5055
2024-04-11 15:35:00+00:00,17953.9835,17957.5555,17946.9945,17953.5
2024-04-11 15:40:00+00:00,17953.0,17970.983500000002,17953.0,17954.4445
2024-04-11 15:45:00+00:00,17955.9835,17966.011,17954.4945,17960.0
2024-04-11 15:50:00+00:00,17960.489,17975.5,17960.489,17971.0165
2024-04-11 15:55:00+00:00,17971.566499999997,17992.5,17969.983500000002,17989.439000000002
2024-04-11 16:00:00+00:00,17989.939000000002,17992.011,17982.428,17983.560999999998
2024-04-11 16:05:00+00:00,17982.428,17985.9945,17978.933500000003,17981.0
2024-04-11 16:10:00+00:00,17981.9945,17985.55,17980.439000000002,17984.0055
2024-04-11 16:15:00+00:00,17983.560999999998,17984.978,17979.489,17983.4445
2024-04-11 16:20:00+00:00,17982.566499999997,17987.511,17979.478,17987.5
2024-04-11 16:25:00+00:00,17988.05,17988.428,17976.0,17977.5055
2024-04-11 16:30:00+00:00,17977.989,17981.572,17973.489,17979.439000000002
2024-04-11 16:35:00+00:00,17978.511,17983.572,17974.5055,17977.560999999998
2024-04-11 16:40:00+00:00,17978.566499999997,17985.5055,17977.439000000002,17982.5555
2024-04-11 16:45:00+00:00,17981.9945,17992.55,17981.4945,17991.933500000003
2024-04-11 16:50:00+00:00,17992.428,17995.55,17990.478,17991.011
2024-04-11 16:55:00+00:00,17990.5165,17994.0,17985.5,17988.989
2024-04-11 17:00:00+00:00,17989.483500000002,18001.011,17978.928,17997.95
2024-04-11 17:05:00+00:00,17998.5,18008.0,17995.989,18003.060999999998
2024-04-11 17:10:00+00:00,18003.439000000002,18015.5165,18002.489,18013.0055
2024-04-11 17:15:00+00:00,18013.5555,18021.0,18008.9835,18020.5055
2024-04-11 17:20:00+00:00,18020.238,18027.45,18013.9945,18019.5
2024-04-11 17:25:00+00:00,18019.9945,18026.522,18019.5,18021.5055
2024-04-11 17:30:00+00:00,18023.478,18027.05,18019.928,18020.489
2024-04-11 17:35:00+00:00,18021.011,18026.0,18016.989,18016.989
2024-04-11 17:40:00+00:00,18017.4945,18028.55,18013.489,18027.478
2024-04-11 17:45:00+00:00,18027.05,18031.9835,18024.0055,18031.511
2024-04-11 17:50:00+00:00,18031.066499999997,18034.439000000002,18025.5,18031.0055
2024-04-11 17:55:00+00:00,18030.499,18035.516499999998,18029.4445,18031.5055
2024-04-11 18:00:00+00:00,18030.5,18040.522,18029.9445,18037.9835
2024-04-11 18:05:00+00:00,18038.55,18056.5165,18038.5055,18050.5
2024-04-11 18:10:00+00:00,18050.978,18051.439000000002,18039.489,18041.928
2024-04-11 18:15:00+00:00,18042.5,18048.55,18041.5165,18043.5055
2024-04-11 18:20:00+00:00,18042.933500000003,18045.0165,18037.433500000003,18041.9445
2024-04-11 18:25:00+00:00,18042.5055,18047.5055,18040.933500000003,18044.55
2024-04-11 18:30:00+00:00,18045.572,18052.5055,18042.5165,18051.983500000002
2024-04-11 18:35:00+00:00,18051.5,18054.066499999997,18048.9445,18052.516499999998
2024-04-11 18:40:00+00:00,18052.989,18053.5165,18049.4945,18050.483500000002
2024-04-11 18:45:00+00:00,18051.483500000002,18051.483500000002,18040.489,18044.0
2024-04-11 18:50:00+00:00,18043.4945,18045.4945,18035.4835,18038.5055
2024-04-11 18:55:00+00:00,18038.011,18044.4945,18037.5,18040.5055
2024-04-11 19:00:00+00:00,18041.55,18048.060999999998,18040.5,18046.4945
2024-04-11 19:05:00+00:00,18047.060999999998,18057.5,18047.011,18048.522
2024-04-11 19:10:00+00:00,18049.0,18051.0,18042.428,18042.428
2024-04-11 19:15:00+00:00,18043.011,18044.5,18038.5,18041.439000000002
2024-04-11 19:20:00+00:00,18041.022,18048.560999999998,18037.4835,18045.5055
2024-04-11 19:25:00+00:00,18045.2545,18048.566499999997,18042.489,18046.4945
2024-04-11 19:30:00+00:00,18046.0555,18048.016499999998,18039.989,18044.928
2024-04-11 19:35:00+00:00,18044.699,18046.560999999998,18043.5,18046.0055
2024-04-11 19:40:00+00:00,18046.5,18050.522,18042.433500000003,18048.0
2024-04-11 19:45:00+00:00,18047.511,18052.489,18042.989,18043.5165
2024-04-11 19:50:00+00:00,18041.939000000002,18043.433500000003,18036.4835,18040.9945
2024-04-11 19:55:00+00:00,18041.516499999998,18044.572,18038.433500000003,18042.5055
2024-04-11 20:00:00+00:00,18042.2545,18042.560999999998,18030.278,18038.1165
2024-04-11 20:05:00+00:00,18037.366499999996,18046.9165,18037.2945,18046.0
2024-04-11 20:10:00+00:00,18045.110999999997,18046.05,18041.539,18042.478
2024-04-11 22:05:00+00:00,18042.9,18047.1945,18042.878,18046.378
2024-04-11 22:10:00+00:00,18047.183500000003,18050.716500000002,18046.383500000004,18046.383500000004
2024-04-11 22:15:00+00:00,18047.1945,18051.6,18046.3335,18051.6
2024-04-11 22:20:00+00:00,18052.5,18055.911,18050.678,18051.65
2024-04-11 22:25:00+00:00,18050.689000000002,18050.689000000002,18047.933500000003,18048.866499999996
2024-04-11 22:30:00+00:00,18048.011,18048.011,18046.15,18047.0835
2024-04-11 22:35:00+00:00,18046.272,18048.016499999998,18045.4165,18048.0055
2024-04-11 22:40:00+00:00,18047.089,18048.0,18043.605499999998,18048.0
2024-04-11 22:45:00+00:00,18047.511,18048.8165,18046.133500000004,18046.133500000004
2024-04-11 22:50:00+00:00,18047.110999999997,18048.789,18047.0945,18047.989
2024-04-11 22:55:00+00:00,18047.572,18048.8,18047.089,18048.7945
2024-04-11 23:00:00+00:00,18049.25,18051.5055,18047.928,18047.928
2024-04-11 23:05:00+00:00,18047.116499999996,18048.816499999997,18047.028,18048.7835
2024-04-11 23:10:00+00:00,18049.7055,18050.6,18047.9835,18048.011
2024-04-11 23:15:00+00:00,18048.3835,18049.722,18047.983500000002,18048.810999999998
2024-04-11 23:20:00+00:00,18049.75,18049.766499999998,18047.9835,18047.9835
2024-04-11 23:25:00+00:00,18048.866499999996,18049.65,18046.2,18046.628
2024-04-11 23:30:00+00:00,18046.139000000003,18047.172,18044.45,18045.4665
2024-04-11 23:35:00+00:00,18046.183500000003,18047.1165,18045.389000000003,18045.422
2024-04-11 23:40:00+00:00,18046.2055,18046.2055,18044.489,18045.389000000003
2024-04-11 23:45:00+00:00,18046.2555,18046.261,18030.4445,18036.589
2024-04-11 23:50:00+00:00,18035.8,18040.15,18034.839,18038.394500000002
2024-04-11 23:55:00+00:00,18039.2945,18044.5,18039.239,18044.489
2024-04-12 00:00:00+00:00,18043.5945,18043.5945,18036.672,18039.3
2024-04-12 00:05:00+00:00,18040.1,18040.172,18036.528,18037.5055
2024-04-12 00:10:00+00:00,18036.605499999998,18037.5055,18033.1945,18034.072
2024-04-12 00:15:00+00:00,18044.989,18044.989,18015.5,18027.022
2024-04-12 00:20:00+00:00,18027.0,18031.011,18026.0055,18028.9945
2024-04-12 00:25:00+00:00,18029.2435,18041.9945,18029.0055,18039.489
2024-04-12 00:30:00+00:00,18040.0,18045.05,18040.0,18043.560999999998
2024-04-12 00:35:00+00:00,18044.05,18048.511,18044.05,18046.5
2024-04-12 00:40:00+00:00,18047.011,18047.011,18042.5055,18045.572
2024-04-12 00:45:00+00:00,18045.989,18048.0,18043.4945,18044.5
2024-04-12 00:50:00+00:00,18045.5055,18048.55,18045.5,18045.5055
2024-04-12 00:55:00+00:00,18045.011,18045.5555,18038.933500000003,18044.511
2024-04-12 01:00:00+00:00,18044.0055,18044.5,18036.933500000003,18038.5
2024-04-12 01:05:00+00:00,18039.0,18040.4835,18034.05,18034.989
2024-04-12 01:10:00+00:00,18035.516499999998,18036.478,18028.489,18032.439000000002
2024-04-12 01:15:00+00:00,18033.05,18040.939000000002,18032.5,18037.5055
2024-04-12 01:20:00+00:00,18038.560999999998,18040.0055,18037.483500000002,18038.9835
2024-04-12 01:25:00+00:00,18040.478,18045.0165,18040.478,18043.55
2024-04-12 01:30:00+00:00,18044.511,18051.5,18043.5555,18051.5
2024-04-12 01:35:00+00:00,18051.011,18051.011,18044.9835,18045.0055
2024-04-12 01:40:00+00:00,18045.4445,18050.0055,18041.489,18042.0055
2024-04-12 01:45:00+00:00,18041.511,18052.0165,18041.0055,18051.5165
2024-04-12 01:50:00+00:00,18050.9835,18052.0165,18050.0,18052.0165
2024-04-12 01:55:00+00:00,18051.5055,18055.5165,18050.5055,18055.0055
2024-04-12 02:00:00+00:00,18054.4835,18055.5165,18052.5,18054.0165
2024-04-12 02:05:00+00:00,18053.5165,18055.0,18051.4945,18055.0
2024-04-12 02:10:00+00:00,18054.516499999998,18055.011,18053.428,18054.489
2024-04-12 02:15:00+00:00,18054.0,18054.0,18049.4945,18050.0165
2024-04-12 02:20:00+00:00,18050.45,18053.5,18049.989,18050.066499999997
2024-04-12 02:25:00+00:00,18050.489,18053.0,18048.0165,18048.5
2024-04-12 02:30:00+00:00,18047.9945,18050.566499999997,18046.572,18050.489
2024-04-12 02:35:00+00:00,18049.9945,18053.0,18049.9945,18051.939000000002
2024-04-12 02:40:00+00:00,18051.489,18053.05,18050.4835,18052.522
2024-04-12 02:45:00+00:00,18054.5,18054.5,18049.939000000002,18051.0
2024-04-12 02:50:00+00:00,18050.4945,18052.489,18050.489,18051.5
2024-04-12 02:55:00+00:00,18052.0,18052.5055,18051.011,18051.9835
2024-04-12 03:00:00+00:00,18052.95,18055.95,18052.0055,18055.511
2024-04-12 03:05:00+00:00,18054.95,18055.5,18053.9945,18054.9945
2024-04-12 03:10:00+00:00,18055.5,18060.0055,18055.5,18057.0555
2024-04-12 03:15:00+00:00,18057.4835,18061.0055,18057.428,18060.4945
2024-04-12 03:20:00+00:00,18060.0,18060.0,18057.511,18057.978
2024-04-12 03:25:00+00:00,18058.4445,18060.978,18058.4445,18060.5
2024-04-12 03:30:00+00:00,18060.011,18061.016499999998,18049.428,18050.011
2024-04-12 03:35:00+00:00,18048.978,18052.5,18048.978,18049.9445
2024-04-12 03:40:00+00:00,18050.5165,18050.5165,18047.45,18047.489
2024-04-12 03:45:00+00:00,18048.0055,18048.0055,18042.5,18043.0
2024-04-12 03:50:00+00:00,18042.433500000003,18046.0055,18042.433500000003,18045.4945
2024-04-12 03:55:00+00:00,18044.9945,18045.483500000002,18042.5055,18043.016499999998
2024-04-12 04:00:00+00:00,18042.5,18045.4445,18042.0055,18043.428
2024-04-12 04:05:00+00:00,18044.0055,18045.989,18042.5055,18045.0055
2024-04-12 04:10:00+00:00,18045.5555,18050.5165,18045.5555,18050.0
2024-04-12 04:15:00+00:00,18049.511,18050.4945,18049.4945,18049.4945
2024-04-12 04:20:00+00:00,18047.933500000003,18049.516499999998,18047.933500000003,18049.0
2024-04-12 04:25:00+00:00,18049.511,18049.511,18048.0055,18048.0055
2024-04-12 04:30:00+00:00,18048.560999999998,18049.5165,18047.511,18049.511
2024-04-12 04:35:00+00:00,18048.9835,18049.572,18048.572,18048.572
2024-04-12 04:40:00+00:00,18049.0055,18050.478,18049.0055,18049.983500000002
2024-04-12 04:45:00+00:00,18050.4945,18050.5165,18047.478,18047.478
2024-04-12 04:50:00+00:00,18048.428,18055.4945,18048.011,18053.516499999998
2024-04-12 04:55:00+00:00,18053.016499999998,18054.4835,18047.939000000002,18048.5
2024-04-12 05:00:00+00:00,18048.022,18051.5055,18037.9945,18051.45
2024-04-12 05:05:00+00:00,18051.066499999997,18055.0,18050.428,18053.566499999997
2024-04-12 05:10:00+00:00,18053.0555,18054.5165,18048.511,18053.5
2024-04-12 05:15:00+00:00,18054.5,18056.5055,18051.478,18056.5055
2024-04-12 05:20:00+00:00,18057.5055,18057.5055,18051.45,18051.45
2024-04-12 05:25:00+00:00,18050.5055,18053.9835,18050.5055,18052.5055
2024-04-12 05:30:00+00:00,18053.4945,18057.439000000002,18052.45,18057.439000000002
2024-04-12 05:35:00+00:00,18058.45,18061.072,18050.566499999997,18050.566499999997
2024-04-12 05:40:00+00:00,18052.4445,18062.5055,18050.0055,18062.5055
2024-04-12 05:45:00+00:00,18061.483500000002,18063.022,18058.989,18060.5055
2024-04-12 05:50:00+00:00,18060.95,18070.489,18060.95,18065.572
2024-04-12 05:55:00+00:00,18065.0,18069.5,18058.4945,18060.9945
2024-04-12 06:00:00+00:00,18062.522,18084.0055,18060.5055,18081.5
2024-04-12 06:05:00+00:00,18080.572,18094.489,18079.928,18081.9945
2024-04-12 06:10:00+00:00,18082.4945,18086.05,18076.522,18076.95
2024-04-12 06:15:00+00:00,18076.5165,18100.0,18074.011,18099.560999999998
2024-04-12 06:20:00+00:00,18098.489,18100.0055,18086.483500000002,18086.483500000002
2024-04-12 06:25:00+00:00,18087.433500000003,18100.0,18087.433500000003,18098.4945
2024-04-12 06:30:00+00:00,18098.0055,18101.0,18087.433500000003,18092.489
2024-04-12 06:35:00+00:00,18093.05,18099.4945,18086.0055,18086.0055
2024-04-12 06:40:00+00:00,18084.560999999998,18101.560999999998,18084.560999999998,18098.4945
2024-04-12 06:45:00+00:00,18100.5055,18104.560999999998,18097.016499999998,18101.5055
2024-04-12 06:50:00+00:00,18101.9445,18103.9835,18093.5555,18103.060999999998
2024-04-12 06:55:00+00:00,18103.489,18116.522,18100.483500000002,18111.511
2024-04-12 07:00:00+00:00,18110.5055,18129.0055,18108.0055,18121.5
2024-04-12 07:05:00+00:00,18120.489,18123.0,18107.4945,18119.4835
2024-04-12 07:10:00+00:00,18120.016499999998,18131.011,18119.011,18129.5
2024-04-12 07:15:00+00:00,18129.212,18140.511,18128.989,18139.511
2024-04-12 07:20:00+00:00,18139.928,18146.478,18131.0555,18132.478
2024-04-12 07:25:00+00:00,18132.933500000003,18133.0,18120.4445,18123.45
2024-04-12 07:30:00+00:00,18124.5055,18135.511,18110.4835,18116.560999999998
2024-04-12 07:35:00+00:00,18116.011,18124.516499999998,18108.5165,18117.489
2024-04-12 07:40:00+00:00,18118.0,18133.572,18113.066499999997,18131.95
2024-04-12 07:45:00+00:00,18132.511,18135.560999999998,18114.5,18132.4445
2024-04-12 07:50:00+00:00,18132.9945,18143.5165,18131.4945,18142.489
2024-04-12 07:55:00+00:00,18143.0,18144.439000000002,18132.05,18135.511
2024-04-12 08:00:00+00:00,18135.928,18149.0165,18135.928,18143.572
2024-04-12 08:05:00+00:00,18143.0055,18144.511,18136.9945,18141.478
2024-04-12 08:10:00+00:00,18140.572,18153.4945,18136.5,18151.9945
2024-04-12 08:15:00+00:00,18151.734,18159.928,18148.489,18155.45
2024-04-12 08:20:00+00:00,18154.978,18158.928,18146.0,18157.5
2024-04-12 08:25:00+00:00,18158.5055,18162.011,18153.05,18161.5
2024-04-12 08:30:00+00:00,18161.9945,18161.9945,18145.483500000002,18147.939000000002
2024-04-12 08:35:00+00:00,18149.0165,18150.5555,18136.983500000002,18147.9945
2024-04-12 08:40:00+00:00,18148.55,18154.511,18129.9945,18131.5055
2024-04-12 08:45:00+00:00,18131.989,18144.983500000002,18131.489,18141.0
2024-04-12 08:50:00+00:00,18139.511,18147.066499999997,18137.978,18145.9945
2024-04-12 08:55:00+00:00,18145.996000000003,18149.5055,18140.4945,18140.522
2024-04-12 09:00:00+00:00,18142.0055,18143.95,18134.928,18143.489
2024-04-12 09:05:00+00:00,18143.05,18143.572,18130.928,18133.5
2024-04-12 09:10:00+00:00,18134.489,18140.566499999997,18124.5,18125.4945
2024-04-12 09:15:00+00:00,18125.0,18126.011,18108.9945,18112.0165
2024-04-12 09:20:00+00:00,18113.0055,18119.4945,18110.933500000003,18115.022
2024-04-12 09:25:00+00:00,18114.55,18115.560999999998,18104.4445,18105.0055
2024-04-12 09:30:00+00:00,18104.55,18112.9445,18101.011,18106.022
2024-04-12 09:35:00+00:00,18106.560999999998,18116.0055,18100.928,18116.0055
2024-04-12 09:40:00+00:00,18115.011,18115.011,18098.4445,18102.011
2024-04-12 09:45:00+00:00,18102.483500000002,18102.483500000002,18075.560999999998,18076.4945
2024-04-12 09:50:00+00:00,18077.249,18103.511,18077.249,18098.489
2024-04-12 09:55:00+00:00,18099.0,18108.0,18097.0055,18100.9945
2024-04-12 10:00:00+00:00,18100.522,18100.522,18074.989,18083.489
2024-04-12 10:05:00+00:00,18081.5555,18093.560999999998,18080.9445,18090.989
2024-04-12 10:10:00+00:00,18090.4835,18098.066499999997,18088.5055,18097.5
2024-04-12 10:15:00+00:00,18098.0055,18114.989,18098.0055,18114.572
2024-04-12 10:20:00+00:00,18113.983500000002,18116.5555,18107.5,18116.4945
2024-04-12 10:25:00+00:00,18117.0,18119.5,18108.989,18115.5
2024-04-12 10:30:00+00:00,18116.0,18119.0555,18113.478,18113.989
2024-04-12 10:35:00+00:00,18114.95,18121.060999999998,18109.011,18115.516499999998
2024-04-12 10:40:00+00:00,18116.0055,18118.05,18111.060999999998,18112.5
2024-04-12 10:45:00+00:00,18111.983500000002,18113.489,18094.45,18099.5055
2024-04-12 10:50:00+00:00,18098.483500000002,18098.483500000002,18069.011,18080.489
2024-04-12 10:55:00+00:00,18080.9945,18093.0165,18072.483500000002,18087.566499999997
2024-04-12 11:00:00+00:00,18088.4945,18101.072,18086.5555,18099.989
2024-04-12 11:05:00+00:00,18099.511,18101.511,18088.978,18089.989
2024-04-12 11:10:00+00:00,18090.5555,18097.4835,18089.5055,18091.5
2024-04-12 11:15:00+00:00,18091.0,18094.989,18082.05,18084.0055
2024-04-12 11:20:00+00:00,18084.4945,18101.933500000003,18082.5055,18101.5
2024-04-12 11:25:00+00:00,18102.022,18106.978,18097.5,18105.5
2024-04-12 11:30:00+00:00,18105.734,18107.5,18096.0,18097.428
2024-04-12 11:35:00+00:00,18098.0,18105.572,18097.522,18100.5
2024-04-12 11:40:00+00:00,18100.983500000002,18107.9945,18093.428,18107.9945
2024-04-12 11:45:00+00:00,18107.5,18119.060999999998,18102.5,18118.4945
2024-04-12 11:50:00+00:00,18117.989,18120.572,18105.0,18109.4945
2024-04-12 11:55:00+00:00,18110.011,18113.483500000002,18104.016499999998,18107.489
2024-04-12 12:00:00+00:00,18106.712,18116.5055,18101.9835,18112.428
2024-04-12 12:05:00+00:00,18112.05,18117.5,18100.5055,18100.5055
2024-04-12 12:10:00+00:00,18100.983500000002,18107.4945,18096.45,18102.0055
2024-04-12 12:15:00+00:00,18100.989,18112.566499999997,18099.433500000003,18111.5
2024-04-12 12:20:00+00:00,18110.978,18110.978,18099.0055,18099.478
2024-04-12 12:25:00+00:00,18100.0,18101.5,18093.933500000003,18093.933500000003
2024-04-12 12:30:00+00:00,18094.9945,18096.5055,18079.978,18084.016499999998
2024-04-12 12:35:00+00:00,18085.066499999997,18087.9835,18059.011,18059.011
2024-04-12 12:40:00+00:00,18059.5555,18063.0,18015.489,18015.489
2024-04-12 12:45:00+00:00,18014.4445,18024.9945,18004.5,18010.5
2024-04-12 12:50:00+00:00,18010.5,18010.5,17988.9835,17992.0
2024-04-12 12:55:00+00:00,17992.55,17993.066499999997,17950.983500000002,17954.0
2024-04-12 13:00:00+00:00,17953.55,17953.55,17904.489,17942.489
2024-04-12 13:05:00+00:00,17942.101000000002,17955.511,17931.0,17946.522
2024-04-12 13:10:00+00:00,17946.05,17964.0555,17929.483500000002,17963.0165
2024-04-12 13:15:00+00:00,17962.433500000003,17987.933500000003,17960.439000000002,17971.5
2024-04-12 13:20:00+00:00,17971.9945,17980.5055,17956.5,17959.0165
2024-04-12 13:25:00+00:00,17960.072,17965.5055,17945.560999999998,17962.9945
2024-04-12 13:30:00+00:00,17962.4945,17992.511,17951.4445,17992.0
2024-04-12 13:35:00+00:00,17991.566499999997,18013.072,17981.9445,18006.511
2024-04-12 13:40:00+00:00,18006.522,18018.0055,18000.939000000002,18013.483500000002
2024-04-12 13:45:00+00:00,18014.566499999997,18035.0165,18010.928,18021.5165
2024-04-12 13:50:00+00:00,18022.511,18024.4835,17989.9945,17989.9945
2024-04-12 13:55:00+00:00,17989.572,18002.5,17979.928,18002.072
2024-04-12 14:00:00+00:00,18003.011,18003.011,17944.428,17952.0
2024-04-12 14:05:00+00:00,17952.511,17960.0,17915.011,17927.989
2024-04-12 14:10:00+00:00,17927.0,17946.060999999998,17921.560999999998,17945.011
2024-04-12 14:15:00+00:00,17943.212,17953.9945,17914.5,17947.0555
2024-04-12 14:20:00+00:00,17946.5055,17982.439000000002,17944.478,17977.5055
2024-04-12 14:25:00+00:00,17975.5,17983.05,17935.989,17935.989
2024-04-12 14:30:00+00:00,17935.212,17950.0055,17921.978,17922.978
2024-04-12 14:35:00+00:00,17923.5,17934.55,17910.5165,17933.072
2024-04-12 14:40:00+00:00,17931.5055,17938.0055,17913.433500000003,17916.060999999998
2024-04-12 14:45:00+00:00,17913.928,17914.05,17897.4945,17905.5
2024-04-12 14:50:00+00:00,17904.745000000003,17908.560999999998,17876.978,17885.989
2024-04-12 14:55:00+00:00,17884.511,17895.05,17856.933500000003,17862.9445
2024-04-12 15:00:00+00:00,17862.201,17879.5,17856.5,17876.060999999998
2024-04-12 15:05:00+00:00,17875.560999999998,17895.5555,17873.9445,17885.4945
2024-04-12 15:10:00+00:00,17884.4945,17887.511,17872.4835,17876.522
2024-04-12 15:15:00+00:00,17877.0,17894.5055,17862.05,17891.439000000002
2024-04-12 15:20:00+00:00,17892.022,17900.55,17889.4445,17900.011
2024-04-12 15:25:00+00:00,17899.601000000002,17907.433500000003,17893.4945,17902.522
2024-04-12 15:30:00+00:00,17902.989,17925.483500000002,17901.483500000002,17922.478
2024-04-12 15:35:00+00:00,17922.0,17937.516499999998,17922.0,17931.9945
2024-04-12 15:40:00+00:00,17932.516499999998,17934.566499999997,17922.489,17931.0055
2024-04-12 15:45:00+00:00,17930.560999999998,17950.516499999998,17929.0,17946.022
2024-04-12 15:50:00+00:00,17945.799,17947.55,17932.0,17936.5055
2024-04-12 15:55:00+00:00,17936.011,17943.0,17933.978,17937.011
2024-04-12 16:00:00+00:00,17937.566499999997,17938.072,17924.4445,17925.5055
2024-04-12 16:05:00+00:00,17925.933500000003,17935.0,17924.5,17924.5
2024-04-12 16:10:00+00:00,17924.989,17927.060999999998,17912.5,17912.5
2024-04-12 16:15:00+00:00,17913.5,17918.0,17894.0,17894.928
2024-04-12 16:20:00+00:00,17895.4945,17915.060999999998,17895.433500000003,17912.011
2024-04-12 16:25:00+00:00,17911.511,17916.95,17900.4945,17900.9945
2024-04-12 16:30:00+00:00,17902.011,17908.05,17895.439000000002,17898.0055
2024-04-12 16:35:00+00:00,17899.0,17900.016499999998,17872.489,17879.0055
2024-04-12 16:40:00+00:00,17878.4945,17881.572,17872.478,17875.989
2024-04-12 16:45:00+00:00,17876.511,17881.511,17871.439000000002,17875.983500000002
2024-04-12 16:50:00+00:00,17876.4835,17890.4945,17876.4445,17885.022
2024-04-12 16:55:00+00:00,17884.511,17890.9945,17882.433500000003,17882.433500000003
2024-04-12 17:00:00+00:00,17882.0,17887.5055,17871.9835,17876.0
2024-04-12 17:05:00+00:00,17876.5,17881.0165,17862.0,17865.9445
2024-04-12 17:10:00+00:00,17865.5,17875.483500000002,17865.5,17872.989
2024-04-12 17:15:00+00:00,17872.511,17884.5165,17870.928,17872.011
2024-04-12 17:20:00+00:00,17871.572,17872.55,17856.511,17857.566499999997
2024-04-12 17:25:00+00:00,17857.933500000003,17864.0,17853.0055,17856.939000000002
2024-04-12 17:30:00+00:00,17856.8155,17857.4945,17847.989,17848.9945
2024-04-12 17:35:00+00:00,17849.5,17853.4945,17844.5555,17851.9945
2024-04-12 17:40:00+00:00,17851.4945,17879.060999999998,17851.4945,17872.511
2024-04-12 17:45:00+00:00,17872.011,17891.516499999998,17870.9945,17883.060999999998
2024-04-12 17:50:00+00:00,17883.55,17890.572,17871.5165,17872.9945
2024-04-12 17:55:00+00:00,17873.489,17881.489,17868.560999999998,17870.011
2024-04-12 18:00:00+00:00,17869.5165,17869.5165,17856.0055,17864.511
2024-04-12 18:05:00+00:00,17863.5,17885.4945,17863.022,17880.060999999998
2024-04-12 18:10:00+00:00,17879.45,17889.0165,17872.0,17873.022
2024-04-12 18:15:00+00:00,17873.478,17881.072,17871.4945,17875.0
2024-04-12 18:20:00+00:00,17875.5055,17879.0055,17862.560999999998,17863.011
2024-04-12 18:25:00+00:00,17863.5055,17864.566499999997,17854.4945,17859.0
2024-04-12 18:30:00+00:00,17859.572,17859.933500000003,17847.0,17853.072
2024-04-12 18:35:00+00:00,17852.489,17856.516499999998,17842.566499999997,17843.928
2024-04-12 18:40:00+00:00,17843.4945,17856.5,17839.5,17847.5
2024-04-12 18:45:00+00:00,17847.939000000002,17851.572,17841.5055,17843.0
2024-04-12 18:50:00+00:00,17842.5555,17855.511,17842.072,17850.0
2024-04-12 18:55:00+00:00,17849.511,17851.511,17838.511,17839.989
2024-04-12 19:00:00+00:00,17839.511,17845.5055,17832.55,17843.072
2024-04-12 19:05:00+00:00,17842.0055,17848.066499999997,17837.5,17843.428
2024-04-12 19:10:00+00:00,17843.9445,17847.0,17837.572,17838.9945
2024-04-12 19:15:00+00:00,17839.511,17849.4835,17835.5555,17847.45
2024-04-12 19:20:00+00:00,17846.9945,17851.9945,17843.011,17848.5
2024-04-12 19:25:00+00:00,17849.0,17851.433500000003,17842.5,17842.989
2024-04-12 19:30:00+00:00,17842.572,17856.989,17842.572,17852.428
2024-04-12 19:35:00+00:00,17852.0,17853.9945,17846.4945,17848.5
2024-04-12 19:40:00+00:00,17849.0,17874.516499999998,17849.0,17872.989
2024-04-12 19:45:00+00:00,17873.489,17880.0,17867.489,17869.489
2024-04-12 19:50:00+00:00,17871.0055,17872.011,17856.0,17861.9945
2024-04-12 19:55:00+00:00,17861.489,17867.060999999998,17850.5165,17853.478
2024-04-15 00:00:00+00:00,17903.483500000002,17909.6,17893.9055,17903.55
2024-04-15 00:05:00+00:00,17902.6555,17905.261,17898.2055,17903.45
2024-04-15 00:10:00+00:00,17903.894500000002,17904.4555,17894.6945,17895.6
2024-04-15 00:15:00+00:00,17883.0055,17899.5555,17874.4945,17875.5055
2024-04-15 00:20:00+00:00,17877.4945,17894.989,17872.560999999998,17894.55
2024-04-15 00:25:00+00:00,17895.066499999997,17896.9835,17885.9835,17894.489
2024-04-15 00:30:00+00:00,17890.489,17895.566499999997,17889.989,17895.522
2024-04-15 00:35:00+00:00,17895.0,17896.0,17886.4945,17890.560999999998
2024-04-15 00:40:00+00:00,17890.26,17903.45,17889.9445,17901.9945
2024-04-15 00:45:00+00:00,17901.478,17906.522,17894.0055,17895.9835
2024-04-15 00:50:00+00:00,17895.428,17898.572,17893.0,17896.0
2024-04-15 00:55:00+00:00,17896.9945,17901.489,17889.5165,17901.489
2024-04-15 01:00:00+00:00,17901.9945,17905.9945,17898.489,17902.511
2024-04-15 01:05:00+00:00,17902.0165,17902.0165,17892.489,17893.022
2024-04-15 01:10:00+00:00,17893.5055,17896.4945,17885.5055,17886.011
2024-04-15 01:15:00+00:00,17886.433500000003,17886.433500000003,17871.478,17878.439000000002
2024-04-15 01:20:00+00:00,17879.0055,17886.5055,17878.9945,17882.511
2024-04-15 01:25:00+00:00,17883.0165,17887.989,17882.0,17887.989
2024-04-15 01:30:00+00:00,17887.016499999998,17901.4945,17887.016499999998,17900.4835
2024-04-15 01:35:00+00:00,17899.928,17899.928,17892.978,17897.428
2024-04-15 01:40:00+00:00,17897.072,17898.0,17890.928,17897.4945
2024-04-15 01:45:00+00:00,17897.0,17899.4945,17887.5,17894.9945
2024-04-15 01:50:00+00:00,17895.511,17910.072,17895.4945,17908.0055
2024-04-15 01:55:00+00:00,17908.4835,17909.95,17906.928,17907.522
2024-04-15 02:00:00+00:00,17907.983500000002,17917.4835,17907.45,17916.072
2024-04-15 02:05:00+00:00,17916.439000000002,17917.511,17913.55,17914.5055
2024-04-15 02:10:00+00:00,17915.0055,17917.566499999997,17913.4445,17915.433500000003
2024-04-15 02:15:00+00:00,17915.9945,17922.4945,17915.9945,17918.9945
2024-04-15 02:20:00+00:00,17919.572,17923.5,17918.5,17921.5
2024-04-15 02:25:00+00:00,17922.011,17923.0,17918.011,17922.45
2024-04-15 02:30:00+00:00,17923.016499999998,17923.511,17914.428,17914.983500000002
2024-04-15 02:35:00+00:00,17915.516499999998,17919.0,17912.489,17919.0
2024-04-15 02:40:00+00:00,17918.566499999997,17926.060999999998,17917.572,17924.0165
2024-04-15 02:45:00+00:00,17923.511,17923.511,17916.0,17916.560999999998
2024-04-15 02:50:00+00:00,17916.978,17919.4445,17915.011,17916.939000000002
2024-04-15 02:55:00+00:00,17916.516499999998,17916.516499999998,17913.4945,17915.483500000002
2024-04-15 03:00:00+00:00,17915.066499999997,17916.05,17902.989,17907.011
2024-04-15 03:05:00+00:00,17906.433500000003,17909.072,17901.4945,17908.5
2024-04-15 03:10:00+00:00,17908.989,17909.478,17902.9945,17902.9945
2024-04-15 03:15:00+00:00,17902.05,17904.483500000002,17900.433500000003,17901.022
2024-04-15 03:20:00+00:00,17901.489,17908.4945,17900.9945,17906.011
2024-04-15 03:25:00+00:00,17906.428,17913.0055,17905.9445,17912.428
2024-04-15 03:30:00+00:00,17911.011,17920.439000000002,17911.011,17919.560999999998
2024-04-15 03:35:00+00:00,17920.5555,17924.989,17916.4835,17924.55
2024-04-15 03:40:00+00:00,17923.978,17926.0,17923.0,17923.489
2024-04-15 03:45:00+00:00,17922.011,17923.522,17921.439000000002,17921.933500000003
2024-04-15 03:50:00+00:00,17922.478,17923.0,17920.0,17920.0
2024-04-15 03:55:00+00:00,17920.522,17921.066499999997,17915.516499999998,17915.989
2024-04-15 04:00:00+00:00,17916.45,17920.9945,17916.45,17920.9945
2024-04-15 04:05:00+00:00,17920.5165,17921.5055,17918.9945,17920.511
2024-04-15 04:10:00+00:00,17917.9945,17917.9945,17913.983500000002,17913.983500000002
2024-04-15 04:15:00+00:00,17915.489,17919.0055,17913.9445,17919.0055
2024-04-15 04:20:00+00:00,17920.9835,17923.983500000002,17918.5055,17919.0
2024-04-15 04:25:00+00:00,17919.566499999997,17919.566499999997,17912.0055,17913.478
2024-04-15 04:30:00+00:00,17913.9835,17915.939000000002,17911.428,17913.0
2024-04-15 04:35:00+00:00,17913.5,17923.0055,17913.5,17922.011
2024-04-15 04:40:00+00:00,17921.81,17928.4945,17921.4945,17927.5555
2024-04-15 04:45:00+00:00,17926.939000000002,17931.066499999997,17923.489,17928.439000000002
2024-04-15 04:50:00+00:00,17927.989,17934.0,17927.939000000002,17931.489
2024-04-15 04:55:00+00:00,17931.928,17934.5555,17929.933500000003,17932.989
2024-04-15 05:00:00+00:00,17933.4445,17947.566499999997,17933.4445,17943.989
2024-04-15 05:05:00+00:00,17945.022,17954.55,17942.4945,17954.0555
2024-04-15 05:10:00+00:00,17954.4945,17960.011,17951.566499999997,17958.566499999997
2024-04-15 05:15:00+00:00,17957.989,17961.483500000002,17954.0165,17957.5
2024-04-15 05:20:00+00:00,17957.0555,17960.072,17950.939000000002,17954.928
2024-04-15 05:25:00+00:00,17955.4945,17959.522,17950.0055,17959.433500000003
2024-04-15 05:30:00+00:00,17959.011,17959.572,17951.0055,17959.572
2024-04-15 05:35:00+00:00,17958.760000000002,17960.9945,17950.978,17959.522
2024-04-15 05:40:00+00:00,17958.9445,17971.433500000003,17953.5,17970.989
2024-04-15 05:45:00+00:00,17970.2545,17970.2545,17958.9945,17963.428
2024-04-15 05:50:00+00:00,17962.072,17975.0555,17955.95,17975.0555
2024-04-15 05:55:00+00:00,17975.489,17997.9945,17972.489,17978.5165
2024-04-15 06:00:00+00:00,17978.4945,17987.0055,17964.9835,17964.9835
2024-04-15 06:05:00+00:00,17964.566499999997,17967.0,17956.022,17963.0165
2024-04-15 06:10:00+00:00,17962.022,17980.0055,17959.4835,17971.572
2024-04-15 06:15:00+00:00,17970.566499999997,17985.060999999998,17966.5,17974.0
2024-04-15 06:20:00+00:00,17973.522,17985.572,17967.522,17983.9945
2024-04-15 06:25:00+00:00,17983.4835,17991.5555,17981.439000000002,17988.560999999998
2024-04-15 06:30:00+00:00,17988.9945,17996.0055,17980.4835,17981.566499999997
2024-04-15 06:35:00+00:00,17979.4445,17992.5,17974.060999999998,17985.5
2024-04-15 06:40:00+00:00,17986.0,17998.5055,17980.9945,17987.489
2024-04-15 06:45:00+00:00,17986.5555,18003.0555,17985.489,17997.4945
2024-04-15 06:50:00+00:00,17996.95,18002.066499999997,17991.5,17998.5
2024-04-15 06:55:00+00:00,17996.572,18002.0055,17986.016499999998,17989.5
2024-04-15 07:00:00+00:00,17987.4445,18048.060999999998,17987.4445,18035.060999999998
2024-04-15 07:05:00+00:00,18034.983500000002,18043.0165,18023.9945,18029.928
2024-04-15 07:10:00+00:00,18029.489,18031.478,18018.989,18023.45
2024-04-15 07:15:00+00:00,18024.5165,18031.511,18003.4945,18030.983500000002
2024-04-15 07:20:00+00:00,18030.560999999998,18040.522,18014.433500000003,18017.489
2024-04-15 07:25:00+00:00,18016.5,18033.0,18005.5,18026.439000000002
2024-04-15 07:30:00+00:00,18027.483500000002,18035.5,18003.989,18021.5
2024-04-15 07:35:00+00:00,18019.516499999998,18041.55,18013.572,18039.9445
2024-04-15 07:40:00+00:00,18040.511,18044.933500000003,18026.4445,18027.489
2024-04-15 07:45:00+00:00,18027.9945,18047.0,18016.489,18047.0
2024-04-15 07:50:00+00:00,18046.5,18061.560999999998,18046.428,18058.0055
2024-04-15 07:55:00+00:00,18058.978,18062.511,18050.978,18058.489
2024-04-15 08:00:00+00:00,18057.601000000002,18069.5555,18057.5055,18069.5055
2024-04-15 08:05:00+00:00,18068.978,18079.433500000003,18054.5055,18060.989
2024-04-15 08:10:00+00:00,18060.245000000003,18071.0,18050.5,18065.478
2024-04-15 08:15:00+00:00,18066.072,18073.4945,18063.483500000002,18071.566499999997
2024-04-15 08:20:00+00:00,18072.5,18078.5555,18070.022,18073.5055
2024-04-15 08:25:00+00:00,18073.0,18073.4835,18059.5165,18070.5165
2024-04-15 08:30:00+00:00,18071.0,18084.011,18067.4945,18084.011
2024-04-15 08:35:00+00:00,18083.011,18091.016499999998,18082.433500000003,18088.428
2024-04-15 08:40:00+00:00,18090.433500000003,18093.072,18084.9945,18085.489
2024-04-15 08:45:00+00:00,18085.0055,18088.4945,18074.0055,18078.4835
2024-04-15 08:50:00+00:00,18077.572,18079.5055,18066.933500000003,18077.4445
2024-04-15 08:55:00+00:00,18077.978,18080.5055,18068.0,18068.55
2024-04-15 09:00:00+00:00,18069.4945,18086.989,18067.9445,18078.4945
2024-04-15 09:05:00+00:00,18079.016499999998,18086.0,18075.5,18082.5055
2024-04-15 09:10:00+00:00,18082.9835,18087.928,18055.9445,18059.483500000002
2024-04-15 09:15:00+00:00,18059.0,18068.55,18056.5055,18061.5055
2024-04-15 09:20:00+00:00,18062.0055,18069.511,18050.489,18053.4945
2024-04-15 09:25:00+00:00,18054.4945,18080.4835,18054.4945,18076.439000000002
2024-04-15 09:30:00+00:00,18077.0,18080.5,18070.011,18073.55
2024-04-15 09:35:00+00:00,18073.0,18082.489,18069.45,18078.5055
2024-04-15 09:40:00+00:00,18078.9445,18086.5,18072.011,18080.5055
2024-04-15 09:45:00+00:00,18081.433500000003,18086.011,18078.022,18085.5
2024-04-15 09:50:00+00:00,18084.928,18086.560999999998,18063.989,18063.989
2024-04-15 09:55:00+00:00,18063.489,18073.5555,18063.489,18068.4835
2024-04-15 10:00:00+00:00,18069.516499999998,18082.0055,18069.516499999998,18079.5165
2024-04-15 10:05:00+00:00,18079.0,18094.011,18079.0,18091.022
2024-04-15 10:10:00+00:00,18091.4445,18093.0055,18083.483500000002,18086.511
2024-04-15 10:15:00+00:00,18087.0555,18090.560999999998,18078.0,18078.4945
2024-04-15 10:20:00+00:00,18077.9945,18084.05,18067.933500000003,18068.5
2024-04-15 10:25:00+00:00,18067.4945,18075.478,18062.9445,18069.45
2024-04-15 10:30:00+00:00,18070.4945,18085.572,18069.5555,18083.5055
2024-04-15 10:35:00+00:00,18083.016499999998,18087.066499999997,18074.0555,18087.066499999997
2024-04-15 10:40:00+00:00,18086.723,18087.5,18080.0055,18087.060999999998
2024-04-15 10:45:00+00:00,18086.5055,18090.95,18084.989,18086.5
2024-04-15 10:50:00+00:00,18086.95,18092.5,18085.928,18088.45
2024-04-15 10:55:00+00:00,18087.439000000002,18088.5055,18073.4945,18075.5555
2024-04-15 11:00:00+00:00,18076.5165,18091.0165,18076.5165,18079.566499999997
2024-04-15 11:05:00+00:00,18080.0,18088.45,18076.489,18087.0
2024-04-15 11:10:00+00:00,18087.439000000002,18093.5,18085.011,18087.4945
2024-04-15 11:15:00+00:00,18085.9835,18098.511,18085.5055,18095.572
2024-04-15 11:20:00+00:00,18096.0055,18099.5055,18092.9945,18098.5555
2024-04-15 11:25:00+00:00,18097.95,18114.983500000002,18097.4945,18106.433500000003
2024-04-15 11:30:00+00:00,18106.9945,18111.5055,18097.428,18099.0055
2024-04-15 11:35:00+00:00,18099.5,18109.011,18099.0055,18107.5055
2024-04-15 11:40:00+00:00,18108.0,18113.0,18105.5,18112.5055
2024-04-15 11:45:00+00:00,18113.0055,18113.511,18105.9835,18108.4445
2024-04-15 11:50:00+00:00,18107.978,18115.5,18104.516499999998,18104.516499999998
2024-04-15 11:55:00+00:00,18105.4445,18120.4945,18103.5055,18119.5
2024-04-15 12:00:00+00:00,18120.0,18120.0,18100.433500000003,18105.5
2024-04-15 12:05:00+00:00,18106.5055,18123.516499999998,18105.0,18116.9835
2024-04-15 12:10:00+00:00,18117.4945,18124.566499999997,18114.483500000002,18123.4835
2024-04-15 12:15:00+00:00,18123.0165,18141.016499999998,18120.483500000002,18137.560999999998
2024-04-15 12:20:00+00:00,18137.072,18145.060999999998,18135.0,18143.489
2024-04-15 12:25:00+00:00,18144.0055,18150.0,18140.933500000003,18140.983500000002
2024-04-15 12:30:00+00:00,18141.0,18176.0,18132.489,18172.4945
2024-04-15 12:35:00+00:00,18173.5,18193.572,18166.9445,18171.066499999997
2024-04-15 12:40:00+00:00,18170.433500000003,18177.511,18168.066499999997,18176.939000000002
2024-04-15 12:45:00+00:00,18175.9945,18182.5,18165.0055,18165.939000000002
2024-04-15 12:50:00+00:00,18165.511,18175.011,18159.0165,18170.0
2024-04-15 12:55:00+00:00,18168.978,18174.511,18162.0055,18166.0
2024-04-15 13:00:00+00:00,18166.760000000002,18183.511,18164.433500000003,18169.522
2024-04-15 13:05:00+00:00,18169.066499999997,18184.566499999997,18159.4945,18159.9945
2024-04-15 13:10:00+00:00,18159.4945,18176.011,18156.428,18175.5
2024-04-15 13:15:00+00:00,18176.933500000003,18178.9835,18167.489,18167.489
2024-04-15 13:20:00+00:00,18168.0555,18173.516499999998,18163.45,18163.522
2024-04-15 13:25:00+00:00,18162.511,18170.55,18159.5,18160.55
2024-04-15 13:30:00+00:00,18160.9835,18177.0055,18157.928,18163.478
2024-04-15 13:35:00+00:00,18162.5165,18189.072,18161.489,18186.0555
2024-04-15 13:40:00+00:00,18186.95,18195.5,18178.0,18188.011
2024-04-15 13:45:00+00:00,18188.572,18189.511,18175.439000000002,18177.022
2024-04-15 13:50:00+00:00,18177.489,18185.797,18169.5,18174.5
2024-04-15 13:55:00+00:00,18175.0165,18177.95,18159.939000000002,18162.5
2024-04-15 14:00:00+00:00,18161.4945,18170.9445,18151.939000000002,18152.9945
2024-04-15 14:05:00+00:00,18153.433500000003,18153.433500000003,18094.511,18094.989
2024-04-15 14:10:00+00:00,18094.234,18097.011,18060.489,18092.511
2024-04-15 14:15:00+00:00,18093.016499999998,18124.511,18090.5165,18114.9445
2024-04-15 14:20:00+00:00,18114.489,18115.011,18087.511,18101.522
2024-04-15 14:25:00+00:00,18100.0055,18103.572,18081.5555,18085.933500000003
2024-04-15 14:30:00+00:00,18085.4945,18104.016499999998,18081.0,18082.45
2024-04-15 14:35:00+00:00,18081.9945,18086.55,18042.011,18044.522
2024-04-15 14:40:00+00:00,18045.5055,18061.5,18043.489,18054.483500000002
2024-04-15 14:45:00+00:00,18055.45,18061.5055,18038.060999999998,18052.4945
2024-04-15 14:50:00+00:00,18052.9445,18053.5055,18037.933500000003,18038.489
2024-04-15 14:55:00+00:00,18038.989,18045.5,18033.433500000003,18036.9945
2024-04-15 15:00:00+00:00,18037.511,18038.0,18013.5,18015.5
2024-04-15 15:05:00+00:00,18014.4445,18015.066499999997,17998.95,18000.489
2024-04-15 15:10:00+00:00,18001.4445,18015.45,18000.5,18009.933500000003
2024-04-15 15:15:00+00:00,18010.5055,18010.5055,17990.0055,17993.516499999998
2024-04-15 15:20:00+00:00,17992.933500000003,17994.511,17972.933500000003,17986.0165
2024-04-15 15:25:00+00:00,17984.933500000003,18000.983500000002,17982.4835,18000.5555
2024-04-15 15:30:00+00:00,18000.978,18024.5,18000.0,18023.0555
2024-04-15 15:35:00+00:00,18023.4945,18032.0,18014.5,18021.5
2024-04-15 15:40:00+00:00,18022.5165,18030.0,18008.0,18008.4945
2024-04-15 15:45:00+00:00,18009.978,18019.989,18008.566499999997,18012.439000000002
2024-04-15 15:50:00+00:00,18012.0,18032.05,18011.928,18031.9945
2024-04-15 15:55:00+00:00,18033.0055,18035.572,18028.439000000002,18029.5055
2024-04-15 16:00:00+00:00,18030.516499999998,18043.0055,18026.433500000003,18042.5
2024-04-15 16:05:00+00:00,18042.0,18042.0,18030.9945,18033.9945
2024-04-15 16:10:00+00:00,18033.732500000002,18035.011,18026.489,18033.0
2024-04-15 16:15:00+00:00,18032.428,18034.433500000003,18016.433500000003,18016.5555
2024-04-15 16:20:00+00:00,18016.989,18021.560999999998,17992.9945,17995.433500000003
2024-04-15 16:25:00+00:00,17994.989,17999.072,17984.45,17990.011
2024-04-15 16:30:00+00:00,17990.55,17990.55,17980.0055,17987.566499999997
2024-04-15 16:35:00+00:00,17987.0,17988.5,17973.516499999998,17980.066499999997
2024-04-15 16:40:00+00:00,17980.9945,17989.566499999997,17973.5,17975.9945
2024-04-15 16:45:00+00:00,17975.522,17980.5055,17971.95,17977.4945
2024-04-15 16:50:00+00:00,17977.9835,17986.5055,17975.45,17983.5055
2024-04-15 16:55:00+00:00,17983.9945,17994.516499999998,17981.5,17992.4445
2024-04-15 17:00:00+00:00,17991.939000000002,17992.4945,17976.4445,17987.9835
2024-04-15 17:05:00+00:00,17987.516499999998,18000.5,17986.522,17998.016499999998
2024-04-15 17:10:00+00:00,17998.572,17999.072,17977.9945,17979.428
2024-04-15 17:15:00+00:00,17978.5055,17980.560999999998,17957.489,17957.489
2024-04-15 17:20:00+00:00,17958.05,17958.560999999998,17941.489,17945.4945
2024-04-15 17:25:00+00:00,17946.0055,17950.5,17924.489,17925.522
2024-04-15 17:30:00+00:00,17925.9835,17931.489,17906.9445,17926.489
2024-04-15 17:35:00+00:00,17926.45,17940.5055,17914.428,17916.5
2024-04-15 17:40:00+00:00,17917.5,17932.566499999997,17908.989,17916.5055
2024-04-15 17:45:00+00:00,17916.31,17923.011,17901.928,17905.483500000002
2024-04-15 17:50:00+00:00,17906.0165,17926.0,17896.4445,17923.516499999998
2024-04-15 17:55:00+00:00,17924.478,17936.489,17917.95,17933.483500000002
2024-04-15 18:00:00+00:00,17932.933500000003,17933.55,17909.478,17917.428
2024-04-15 18:05:00+00:00,17917.0,17925.0,17910.0,17916.05
2024-04-15 18:10:00+00:00,17915.5,17916.560999999998,17898.4445,17909.5
2024-04-15 18:15:00+00:00,17909.0,17919.0055,17902.5,17917.566499999997
2024-04-15 18:20:00+00:00,17917.0,17923.5165,17894.5,17898.4945
2024-04-15 18:25:00+00:00,17898.9945,17917.060999999998,17897.9835,17901.9945
2024-04-15 18:30:00+00:00,17901.428,17921.0055,17897.933500000003,17918.5055
2024-04-15 18:35:00+00:00,17918.0555,17926.511,17915.5,17917.983500000002
2024-04-15 18:40:00+00:00,17917.7435,17924.516499999998,17913.0055,17917.5
2024-04-15 18:45:00+00:00,17918.0,17919.0555,17898.5,17899.511
2024-04-15 18:50:00+00:00,17900.0555,17903.4945,17891.95,17893.433500000003
2024-04-15 18:55:00+00:00,17894.0,17917.5,17892.522,17913.5
2024-04-15 19:00:00+00:00,17912.749,17914.011,17897.572,17898.0
2024-04-15 19:05:00+00:00,17897.55,17905.5555,17893.0055,17905.5555
2024-04-15 19:10:00+00:00,17906.516499999998,17910.5055,17897.511,17899.511
2024-04-15 19:15:00+00:00,17899.939000000002,17903.4945,17882.489,17883.928
2024-04-15 19:20:00+00:00,17884.4445,17909.4945,17880.989,17902.5
2024-04-15 19:25:00+00:00,17903.022,17907.0055,17886.522,17887.516499999998
2024-04-15 19:30:00+00:00,17889.5165,17912.439000000002,17888.9945,17903.060999999998
2024-04-15 19:35:00+00:00,17904.45,17910.9945,17897.489,17906.572
2024-04-15 19:40:00+00:00,17905.982500000002,17906.516499999998,17887.9445,17889.95
2024-04-15 19:45:00+00:00,17890.560999999998,17908.0,17887.5055,17907.5
2024-04-15 19:50:00+00:00,17906.95,17906.95,17894.566499999997,17897.489
2024-04-15 19:55:00+00:00,17896.566499999997,17899.572,17890.572,17893.060999999998
2024-04-15 20:00:00+00:00,17892.732500000002,17894.310999999998,17875.605499999998,17879.272
2024-04-15 20:05:00+00:00,17878.310999999998,17884.7055,17877.8445,17882.1
2024-04-15 20:10:00+00:00,17883.011,17884.7,17879.339,17880.289
2024-04-15 22:05:00+00:00,17891.6,17896.411,17891.6,17893.2945
2024-04-15 22:10:00+00:00,17894.1835,17904.972,17892.411,17903.105499999998
2024-04-15 22:15:00+00:00,17903.978,17903.978,17894.2,17898.6945
2024-04-15 22:20:00+00:00,17899.1,17901.4,17898.2,17900.610999999997
2024-04-15 22:25:00+00:00,17901.4165,17904.0945,17895.189000000002,17896.1
2024-04-15 22:30:00+00:00,17896.989,17904.3055,17896.0945,17902.6555
2024-04-15 22:35:00+00:00,17903.472,17905.2055,17900.739,17901.711
2024-04-15 22:40:00+00:00,17900.8,17901.761,17898.0835,17901.761
2024-04-15 22:45:00+00:00,17901.2,17907.9055,17899.9055,17901.7055
2024-04-15 22:50:00+00:00,17902.15,17904.3165,17901.7,17902.383500000004
2024-04-15 22:55:00+00:00,17903.3,17904.2165,17900.689000000002,17904.2165
2024-04-15 23:00:00+00:00,17903.289,17903.289,17886.489,17894.472
2024-04-15 23:05:00+00:00,17895.3055,17898.011,17892.6945,17897.939000000002
2024-04-15 23:10:00+00:00,17897.5945,17900.711,17896.189000000002,17896.261
2024-04-15 23:15:00+00:00,17876.605499999998,17881.9055,17866.8,17881.9055
2024-04-15 23:20:00+00:00,17881.0055,17888.15,17880.9945,17887.189000000002
2024-04-15 23:25:00+00:00,17888.1,17890.860999999997,17886.3,17889.9055
2024-04-15 23:30:00+00:00,17890.289,17894.372,17885.5055,17890.739
2024-04-15 23:35:00+00:00,17889.839,17896.110999999997,17889.828,17894.278
2024-04-15 23:40:00+00:00,17895.2165,17898.855499999998,17892.589,17894.310999999998
2024-04-15 23:45:00+00:00,17895.144500000002,17900.122,17893.378,17899.644500000002
2024-04-15 23:50:00+00:00,17898.8055,17900.610999999997,17892.983500000002,17897.022
2024-04-15 23:55:00+00:00,17896.1,17897.060999999998,17891.7,17894.3055
2024-04-16 00:00:00+00:00,17895.189000000002,17908.478,17889.011,17905.9
2024-04-16 00:05:00+00:00,17905.0055,17906.7945,17900.189000000002,17901.0445
2024-04-16 00:10:00+00:00,17900.189000000002,17904.711,17897.5945,17898.411
2024-04-16 00:15:00+00:00,17897.9945,17897.9945,17874.433500000003,17879.4835
2024-04-16 00:20:00+00:00,17879.511,17881.989,17863.5055,17872.05
2024-04-16 00:25:00+00:00,17871.439000000002,17878.5,17871.439000000002,17877.928
2024-04-16 00:30:00+00:00,17877.55,17878.9945,17868.522,17868.522
2024-04-16 00:35:00+00:00,17869.011,17872.439000000002,17861.989,17861.989
2024-04-16 00:40:00+00:00,17861.4945,17871.483500000002,17861.4945,17871.011
2024-04-16 00:45:00+00:00,17871.511,17872.011,17866.45,17866.45
2024-04-16 00:50:00+00:00,17865.933500000003,17865.933500000003,17852.989,17854.989
2024-04-16 00:55:00+00:00,17853.45,17856.0,17849.0,17854.433500000003
2024-04-16 01:00:00+00:00,17854.9945,17858.566499999997,17854.011,17854.5
2024-04-16 01:05:00+00:00,17854.05,17856.439000000002,17843.516499999998,17849.522
2024-04-16 01:10:00+00:00,17850.0055,17850.572,17836.022,17841.5
2024-04-16 01:15:00+00:00,17841.95,17842.433500000003,17835.9835,17838.0
2024-04-16 01:20:00+00:00,17838.9835,17844.5,17837.928,17842.489
2024-04-16 01:25:00+00:00,17842.0055,17843.5055,17836.989,17839.5
2024-04-16 01:30:00+00:00,17839.9945,17842.566499999997,17837.933500000003,17839.489
2024-04-16 01:35:00+00:00,17839.0055,17839.0165,17836.5165,17837.9945
2024-04-16 01:40:00+00:00,17836.928,17836.928,17820.9835,17831.439000000002
2024-04-16 01:45:00+00:00,17832.572,17841.022,17832.572,17836.5055
2024-04-16 01:50:00+00:00,17837.989,17839.0,17826.933500000003,17828.0055
2024-04-16 01:55:00+00:00,17828.5,17831.0,17826.516499999998,17829.5055
2024-04-16 02:00:00+00:00,17831.4945,17834.5055,17824.9835,17826.072
2024-04-16 02:05:00+00:00,17825.511,17826.428,17816.978,17819.5
2024-04-16 02:10:00+00:00,17818.9445,17818.9445,17809.511,17809.9945
2024-04-16 02:15:00+00:00,17810.511,17816.933500000003,17809.428,17812.439000000002
2024-04-16 02:20:00+00:00,17812.978,17820.066499999997,17812.978,17819.0
2024-04-16 02:25:00+00:00,17819.4945,17819.4945,17787.478,17787.478
2024-04-16 02:30:00+00:00,17787.182500000003,17794.072,17784.933500000003,17794.066499999997
2024-04-16 02:35:00+00:00,17793.4835,17794.0,17770.5,17775.433500000003
2024-04-16 02:40:00+00:00,17775.933500000003,17792.5,17774.478,17787.560999999998
2024-04-16 02:45:00+00:00,17788.0055,17790.0055,17787.0055,17789.4835
2024-04-16 02:50:00+00:00,17789.9945,17796.522,17789.4945,17795.011
2024-04-16 02:55:00+00:00,17794.5165,17797.072,17794.5165,17797.011
2024-04-16 03:00:00+00:00,17797.5,17798.5055,17789.45,17789.45
2024-04-16 03:05:00+00:00,17787.933500000003,17789.45,17784.0055,17788.4445
2024-04-16 03:10:00+00:00,17788.072,17789.483500000002,17777.5555,17780.0
2024-04-16 03:15:00+00:00,17779.072,17784.939000000002,17778.9945,17783.060999999998
2024-04-16 03:20:00+00:00,17783.428,17787.9945,17781.0,17785.4445
2024-04-16 03:25:00+00:00,17785.011,17785.011,17775.989,17781.522
2024-04-16 03:30:00+00:00,17782.072,17782.072,17769.011,17772.060999999998
2024-04-16 03:35:00+00:00,17772.5165,17780.4945,17772.5165,17778.5055
2024-04-16 03:40:00+00:00,17777.9945,17779.522,17767.9945,17771.439000000002
2024-04-16 03:45:00+00:00,17770.4445,17790.0165,17770.4445,17790.0165
2024-04-16 03:50:00+00:00,17788.989,17791.483500000002,17782.516499999998,17784.4835
2024-04-16 03:55:00+00:00,17785.0,17792.5165,17784.483500000002,17792.5
2024-04-16 04:00:00+00:00,17791.9945,17795.0055,17789.5055,17791.4945
2024-04-16 04:05:00+00:00,17792.0,17794.489,17788.566499999997,17791.5
2024-04-16 04:10:00+00:00,17791.9445,17793.5555,17790.9945,17791.016499999998
2024-04-16 04:15:00+00:00,17790.4945,17791.5165,17782.4945,17790.0165
2024-04-16 04:20:00+00:00,17789.572,17790.5055,17786.5,17788.9445
2024-04-16 04:25:00+00:00,17788.5165,17791.0,17787.439000000002,17790.0
2024-04-16 04:30:00+00:00,17789.4835,17789.4835,17765.989,17769.5055
2024-04-16 04:35:00+00:00,17769.9445,17788.95,17769.9445,17786.5
2024-04-16 04:40:00+00:00,17786.066499999997,17788.0055,17774.016499999998,17777.989
2024-04-16 04:45:00+00:00,17777.478,17787.0,17777.05,17784.5555
2024-04-16 04:50:00+00:00,17785.511,17794.0,17785.511,17790.5555
2024-04-16 04:55:00+00:00,17792.0165,17797.489,17790.9945,17792.0165
2024-04-16 05:00:00+00:00,17790.9945,17799.433500000003,17787.0,17799.433500000003
2024-04-16 05:05:00+00:00,17799.0,17812.5055,17799.0,17811.483500000002
2024-04-16 05:10:00+00:00,17811.978,17821.511,17810.4945,17821.511
2024-04-16 05:15:00+00:00,17820.05,17820.5,17811.439000000002,17817.5055
2024-04-16 05:20:00+00:00,17818.0,17822.060999999998,17812.9945,17821.0
2024-04-16 05:25:00+00:00,17821.5055,17833.9945,17820.4945,17827.0
2024-04-16 05:30:00+00:00,17826.016499999998,17835.0165,17821.0,17822.9945
2024-04-16 05:35:00+00:00,17823.45,17829.0,17819.939000000002,17828.0055
2024-04-16 05:40:00+00:00,17828.572,17832.428,17819.9945,17821.483500000002
2024-04-16 05:45:00+00:00,17822.5,17829.572,17821.4945,17822.016499999998
2024-04-16 05:50:00+00:00,17822.5165,17834.45,17822.5165,17830.439000000002
2024-04-16 05:55:00+00:00,17831.4945,17837.022,17824.933500000003,17825.572
2024-04-16 06:00:00+00:00,17824.4945,17831.016499999998,17804.0055,17810.566499999997
2024-04-16 06:05:00+00:00,17810.2545,17816.0055,17802.9945,17812.989
2024-04-16 06:10:00+00:00,17813.5055,17814.45,17782.066499999997,17792.0055
2024-04-16 06:15:00+00:00,17791.489,17792.989,17783.983500000002,17788.9945
2024-04-16 06:20:00+00:00,17789.5,17790.0,17768.9445,17775.072
2024-04-16 06:25:00+00:00,17774.439000000002,17779.560999999998,17770.489,17779.0055
2024-04-16 06:30:00+00:00,17778.05,17791.516499999998,17766.0,17791.0
2024-04-16 06:35:00+00:00,17791.989,17795.022,17770.0165,17794.0055
2024-04-16 06:40:00+00:00,17795.9445,17800.072,17788.0055,17794.5
2024-04-16 06:45:00+00:00,17793.9945,17803.9835,17789.9445,17795.022
2024-04-16 06:50:00+00:00,17795.933500000003,17803.978,17792.9835,17793.9945
2024-04-16 06:55:00+00:00,17794.939000000002,17803.0555,17785.011,17802.9945
2024-04-16 07:00:00+00:00,17802.223,17802.223,17741.478,17768.011
2024-04-16 07:05:00+00:00,17765.223,17794.566499999997,17756.4945,17771.011
2024-04-16 07:10:00+00:00,17770.989,17786.9945,17753.0055,17782.0055
2024-04-16 07:15:00+00:00,17782.978,17794.060999999998,17761.0055,17794.060999999998
2024-04-16 07:20:00+00:00,17792.05,17810.011,17788.9945,17795.0055
2024-04-16 07:25:00+00:00,17796.072,17798.05,17771.489,17796.011
2024-04-16 07:30:00+00:00,17797.4445,17797.4445,17765.9945,17777.0
2024-04-16 07:35:00+00:00,17776.478,17789.0055,17762.5555,17784.0
2024-04-16 07:40:00+00:00,17782.4945,17792.066499999997,17770.9945,17772.433500000003
2024-04-16 07:45:00+00:00,17773.060999999998,17776.0055,17757.95,17762.05
2024-04-16 07:50:00+00:00,17762.516499999998,17770.433500000003,17746.9945,17768.5555
2024-04-16 07:55:00+00:00,17769.45,17796.5165,17769.45,17790.5165
2024-04-16 08:00:00+00:00,17791.5055,17798.0,17780.0555,17796.0
2024-04-16 08:05:00+00:00,17794.9945,17795.011,17764.9445,17779.4445
2024-04-16 08:10:00+00:00,17780.060999999998,17792.060999999998,17772.9835,17786.05
2024-04-16 08:15:00+00:00,17784.9945,17784.9945,17764.0055,17764.0055
2024-04-16 08:20:00+00:00,17763.489,17767.511,17753.5055,17756.016499999998
2024-04-16 08:25:00+00:00,17755.011,17773.489,17754.45,17765.0
2024-04-16 08:30:00+00:00,17764.572,17769.066499999997,17752.928,17767.4945
2024-04-16 08:35:00+00:00,17768.4945,17788.066499999997,17767.511,17781.0
2024-04-16 08:40:00+00:00,17780.983500000002,17785.05,17759.4945,17759.4945
2024-04-16 08:45:00+00:00,17758.0055,17772.022,17755.489,17763.0055
2024-04-16 08:50:00+00:00,17764.0055,17772.0,17757.939000000002,17771.0
2024-04-16 08:55:00+00:00,17770.016499999998,17786.5055,17765.072,17772.022
2024-04-16 09:00:00+00:00,17771.234,17791.016499999998,17762.0,17789.983500000002
2024-04-16 09:05:00+00:00,17789.016499999998,17796.066499999997,17781.9945,17783.022
2024-04-16 09:10:00+00:00,17783.4445,17785.928,17765.95,17767.060999999998
2024-04-16 09:15:00+00:00,17767.5,17773.511,17761.95,17765.5165
2024-04-16 09:20:00+00:00,17767.4945,17776.0,17754.060999999998,17756.478
2024-04-16 09:25:00+00:00,17756.983500000002,17790.9835,17756.983500000002,17778.928
2024-04-16 09:30:00+00:00,17778.4835,17786.0,17754.0555,17755.439000000002
2024-04-16 09:35:00+00:00,17755.011,17769.566499999997,17755.0,17769.566499999997
2024-04-16 09:40:00+00:00,17768.9445,17772.0055,17759.9445,17769.0
2024-04-16 09:45:00+00:00,17768.212,17783.0,17766.983500000002,17771.0
2024-04-16 09:50:00+00:00,17769.939000000002,17773.978,17750.9445,17761.978
2024-04-16 09:55:00+00:00,17761.223,17773.511,17759.989,17769.0
2024-04-16 10:00:00+00:00,17768.5,17772.0055,17759.9945,17766.989
2024-04-16 10:05:00+00:00,17766.0,17773.072,17751.4945,17751.95
2024-04-16 10:10:00+00:00,17752.939000000002,17778.95,17752.0055,17774.072
2024-04-16 10:15:00+00:00,17774.5165,17781.939000000002,17769.05,17772.0055
2024-04-16 10:20:00+00:00,17771.428,17771.428,17753.016499999998,17756.011
2024-04-16 10:25:00+00:00,17755.516499999998,17768.489,17752.0,17764.011
2024-04-16 10:30:00+00:00,17763.212,17780.5555,17752.9945,17777.0055
2024-04-16 10:35:00+00:00,17776.433500000003,17783.55,17771.9445,17773.072
2024-04-16 10:40:00+00:00,17773.5055,17779.0,17768.989,17776.066499999997
2024-04-16 10:45:00+00:00,17776.95,17787.4445,17776.95,17786.989
2024-04-16 10:50:00+00:00,17785.939000000002,17789.433500000003,17775.95,17776.933500000003
2024-04-16 10:55:00+00:00,17776.701,17781.0,17770.4945,17777.0
2024-04-16 11:00:00+00:00,17775.9445,17792.5055,17772.939000000002,17791.489
2024-04-16 11:05:00+00:00,17790.928,17797.0165,17786.0,17789.011
2024-04-16 11:10:00+00:00,17789.560999999998,17802.0055,17788.4445,17801.9835
2024-04-16 11:15:00+00:00,17801.5,17818.5055,17801.5,17816.489
2024-04-16 11:20:00+00:00,17815.572,17825.522,17809.0055,17825.016499999998
2024-04-16 11:25:00+00:00,17826.4835,17839.072,17826.4835,17831.05
2024-04-16 11:30:00+00:00,17831.5,17850.9945,17830.5555,17840.9945
2024-04-16 11:35:00+00:00,17841.4945,17855.5555,17835.011,17851.989
2024-04-16 11:40:00+00:00,17850.9945,17852.011,17837.45,17839.0
2024-04-16 11:45:00+00:00,17838.45,17863.9945,17837.522,17862.489
2024-04-16 11:50:00+00:00,17861.522,17866.5,17856.983500000002,17864.5
2024-04-16 11:55:00+00:00,17865.5055,17868.066499999997,17860.95,17863.928
2024-04-16 12:00:00+00:00,17863.0055,17865.0,17851.9445,17851.9445
2024-04-16 12:05:00+00:00,17852.5055,17860.022,17841.0,17849.0
2024-04-16 12:10:00+00:00,17849.45,17863.522,17848.939000000002,17849.566499999997
2024-04-16 12:15:00+00:00,17849.0,17856.4945,17846.989,17852.9945
2024-04-16 12:20:00+00:00,17852.5555,17854.072,17825.939000000002,17825.939000000002
2024-04-16 12:25:00+00:00,17825.5055,17827.489,17818.0055,17818.0055
2024-04-16 12:30:00+00:00,17817.4835,17846.433500000003,17807.95,17843.011
2024-04-16 12:35:00+00:00,17844.016499999998,17858.511,17840.4945,17858.511
2024-04-16 12:40:00+00:00,17857.0,17865.072,17851.433500000003,17864.0
2024-04-16 12:45:00+00:00,17862.939000000002,17872.05,17862.489,17868.016499999998
2024-04-16 12:50:00+00:00,17868.433500000003,17871.522,17850.4945,17851.0055
2024-04-16 12:55:00+00:00,17850.511,17859.060999999998,17837.0,17844.011
2024-04-16 13:00:00+00:00,17846.489,17848.0555,17826.5,17832.0165
2024-04-16 13:05:00+00:00,17833.5,17846.95,17829.060999999998,17845.0055
2024-04-16 13:10:00+00:00,17845.4945,17846.011,17830.45,17832.0
2024-04-16 13:15:00+00:00,17832.4445,17832.4445,17815.9945,17817.0055
2024-04-16 13:20:00+00:00,17816.572,17824.5,17806.928,17819.0
2024-04-16 13:25:00+00:00,17818.516499999998,17821.511,17806.0165,17807.5055
2024-04-16 13:30:00+00:00,17805.511,17811.0,17794.5055,17800.989
2024-04-16 13:35:00+00:00,17800.05,17802.060999999998,17762.983500000002,17766.0
2024-04-16 13:40:00+00:00,17767.0,17767.5055,17731.511,17736.060999999998
2024-04-16 13:45:00+00:00,17735.723,17744.05,17712.989,17726.0055
2024-04-16 13:50:00+00:00,17726.5,17744.072,17720.9945,17742.072
2024-04-16 13:55:00+00:00,17741.011,17768.0,17734.0,17759.9835
2024-04-16 14:00:00+00:00,17760.9945,17763.0,17736.989,17751.9945
2024-04-16 14:05:00+00:00,17751.0055,17778.572,17739.0055,17774.011
2024-04-16 14:10:00+00:00,17773.489,17784.072,17761.011,17783.0
2024-04-16 14:15:00+00:00,17781.983500000002,17797.5055,17767.489,17769.05
2024-04-16 14:20:00+00:00,17772.489,17784.5055,17753.45,17758.0165
2024-04-16 14:25:00+00:00,17757.439000000002,17763.483500000002,17734.939000000002,17736.0
2024-04-16 14:30:00+00:00,17736.989,17752.011,17733.4945,17748.4945
2024-04-16 14:35:00+00:00,17748.05,17752.9945,17732.0055,17744.072
2024-04-16 14:40:00+00:00,17744.566499999997,17750.978,17724.9945,17746.9945
2024-04-16 14:45:00+00:00,17746.4945,17751.066499999997,17735.433500000003,17737.4835
2024-04-16 14:50:00+00:00,17738.489,17743.0055,17720.939000000002,17737.439000000002
2024-04-16 14:55:00+00:00,17738.016499999998,17743.572,17725.9945,17728.011
2024-04-16 15:00:00+00:00,17728.489,17748.511,17722.9445,17747.0055
2024-04-16 15:05:00+00:00,17746.5055,17752.0055,17736.0165,17741.9945
2024-04-16 15:10:00+00:00,17741.4945,17745.45,17733.5,17741.572
2024-04-16 15:15:00+00:00,17740.9835,17760.522,17740.5,17749.933500000003
2024-04-16 15:20:00+00:00,17749.5,17753.566499999997,17740.933500000003,17751.522
2024-04-16 15:25:00+00:00,17750.522,17757.978,17739.4445,17744.478
2024-04-16 15:30:00+00:00,17744.072,17758.9835,17736.433500000003,17757.9945
2024-04-16 15:35:00+00:00,17758.5,17764.433500000003,17755.4945,17757.5
2024-04-16 15:40:00+00:00,17757.2545,17784.0055,17755.511,17784.0055
2024-04-16 15:45:00+00:00,17783.5055,17799.4945,17764.5055,17788.478
2024-04-16 15:50:00+00:00,17788.0,17802.572,17785.45,17801.9945
2024-04-16 15:55:00+00:00,17801.749,17802.05,17780.0055,17782.0555
2024-04-16 16:00:00+00:00,17781.821000000004,17782.011,17761.95,17767.560999999998
2024-04-16 16:05:00+00:00,17767.199,17780.066499999997,17764.939000000002,17777.566499999997
2024-04-16 16:10:00+00:00,17777.2655,17781.9945,17770.4945,17776.939000000002
2024-04-16 16:15:00+00:00,17776.5555,17783.511,17774.5,17780.560999999998
2024-04-16 16:20:00+00:00,17781.0,17789.5055,17775.983500000002,17787.0
2024-04-16 16:25:00+00:00,17786.5,17794.55,17782.989,17785.483500000002
2024-04-16 16:30:00+00:00,17785.0055,17793.060999999998,17778.4835,17778.9945
2024-04-16 16:35:00+00:00,17778.5165,17781.4945,17770.9835,17775.0165
2024-04-16 16:40:00+00:00,17775.4945,17783.066499999997,17769.45,17772.060999999998
2024-04-16 16:45:00+00:00,17772.511,17789.5055,17771.4445,17788.9945
2024-04-16 16:50:00+00:00,17788.0,17791.011,17780.4835,17780.4835
2024-04-16 16:55:00+00:00,17781.072,17794.060999999998,17778.4945,17790.011
2024-04-16 17:00:00+00:00,17790.5,17792.016499999998,17775.428,17776.5
2024-04-16 17:05:00+00:00,17776.199,17794.45,17773.9445,17788.489
2024-04-16 17:10:00+00:00,17789.0,17795.5,17777.433500000003,17792.05
2024-04-16 17:15:00+00:00,17791.483500000002,17794.4945,17781.939000000002,17790.011
2024-04-16 17:20:00+00:00,17790.428,17795.060999999998,17787.5,17794.022
2024-04-16 17:25:00+00:00,17793.4445,17798.511,17773.928,17776.978
2024-04-16 17:30:00+00:00,17777.4945,17778.989,17726.0,17767.0555
2024-04-16 17:35:00+00:00,17765.989,17788.060999999998,17762.939000000002,17775.9445
2024-04-16 17:40:00+00:00,17776.522,17796.0,17776.522,17779.989
2024-04-16 17:45:00+00:00,17780.489,17786.066499999997,17760.928,17761.511
2024-04-16 17:50:00+00:00,17762.011,17777.0,17748.5,17772.0165
2024-04-16 17:55:00+00:00,17771.4935,17779.0,17767.933500000003,17774.4945
2024-04-16 18:00:00+00:00,17774.9835,17785.511,17768.989,17784.4945
2024-04-16 18:05:00+00:00,17784.989,17828.572,17782.9835,17827.0055
2024-04-16 18:10:00+00:00,17826.510000000002,17832.433500000003,17793.9835,17794.55
2024-04-16 18:15:00+00:00,17795.060999999998,17797.011,17767.989,17770.072
2024-04-16 18:20:00+00:00,17770.511,17774.0,17745.939000000002,17760.45
2024-04-16 18:25:00+00:00,17760.9445,17781.011,17757.0055,17762.9945
2024-04-16 18:30:00+00:00,17762.0,17790.0555,17762.0,17787.9445
2024-04-16 18:35:00+00:00,17790.0055,17796.983500000002,17776.928,17789.0055
2024-04-16 18:40:00+00:00,17788.4835,17794.011,17779.439000000002,17790.9945
2024-04-16 18:45:00+00:00,17790.8045,17796.016499999998,17779.939000000002,17790.516499999998
2024-04-16 18:50:00+00:00,17791.011,17807.5,17789.0055,17800.9835
2024-04-16 18:55:00+00:00,17802.05,17805.983500000002,17797.011,17804.989
2024-04-16 19:00:00+00:00,17804.5045,17805.5,17789.95,17792.0055
2024-04-16 19:05:00+00:00,17791.428,17800.933500000003,17786.9945,17796.5
2024-04-16 19:10:00+00:00,17796.016499999998,17799.989,17790.989,17791.983500000002
2024-04-16 19:15:00+00:00,17792.5055,17798.5055,17781.9835,17798.011
2024-04-16 19:20:00+00:00,17797.5,17807.0055,17793.5,17801.0
2024-04-16 19:25:00+00:00,17800.5,17806.511,17798.0,17801.0
2024-04-16 19:30:00+00:00,17799.9945,17799.9945,17755.933500000003,17756.0165
2024-04-16 19:35:00+00:00,17755.4835,17788.05,17750.983500000002,17780.939000000002
2024-04-16 19:40:00+00:00,17782.060999999998,17782.060999999998,17769.95,17778.939000000002
2024-04-16 19:45:00+00:00,17779.566499999997,17788.0055,17771.9835,17786.0
2024-04-16 19:50:00+00:00,17785.0055,17789.022,17771.016499999998,17780.0055
2024-04-16 19:55:00+00:00,17781.5,17783.060999999998,17759.0,17761.4945
2024-04-16 20:00:00+00:00,17762.011,17762.011,17746.389000000003,17760.489
2024-04-16 20:05:00+00:00,17761.389000000003,17761.461,17754.2945,17757.8335
2024-04-16 20:10:00+00:00,17758.7055,17763.0835,17755.15,17759.589
2024-04-16 22:05:00+00:00,17791.15,17793.9165,17786.855499999998,17788.6
2024-04-16 22:10:00+00:00,17788.933500000003,17789.4945,17785.089,17786.011
2024-04-16 22:15:00+00:00,17785.0835,17786.733500000002,17778.8445,17778.889000000003
2024-04-16 22:20:00+00:00,17780.7055,17780.716500000002,17778.011,17778.9165
2024-04-16 22:25:00+00:00,17778.011,17782.4,17777.105499999998,17782.35
2024-04-16 22:30:00+00:00,17781.489,17787.65,17781.489,17786.7445
2024-04-16 22:35:00+00:00,17785.122,17786.855499999998,17784.2055,17785.9835
2024-04-16 22:40:00+00:00,17786.7945,17787.7055,17785.983500000002,17786.0055
2024-04-16 22:45:00+00:00,17785.0445,17788.6555,17784.183500000003,17786.8055
2024-04-16 22:50:00+00:00,17787.6945,17789.9,17786.789,17789.4945
2024-04-16 22:55:00+00:00,17790.3335,17792.110999999997,17786.783499999998,17786.783499999998
2024-04-16 23:00:00+00:00,17787.716500000002,17787.761,17780.6835,17781.5
2024-04-16 23:05:00+00:00,17780.7,17786.0,17779.7945,17783.35
2024-04-16 23:10:00+00:00,17784.2,17784.2055,17781.428,17781.5
2024-04-16 23:15:00+00:00,17783.2835,17787.016499999998,17782.4555,17787.016499999998
2024-04-16 23:20:00+00:00,17787.75,17790.5,17787.75,17790.5
2024-04-16 23:25:00+00:00,17789.55,17798.4055,17789.55,17798.4055
2024-04-16 23:30:00+00:00,17799.2945,17801.95,17796.7,17801.122
2024-04-16 23:35:00+00:00,17800.139000000003,17804.2,17799.3,17802.0055
2024-04-16 23:40:00+00:00,17801.522,17809.072,17801.522,17807.310999999998
2024-04-16 23:45:00+00:00,17806.411,17810.0,17804.5335,17808.289
2024-04-16 23:50:00+00:00,17808.683500000003,17815.4665,17808.3,17814.528
2024-04-16 23:55:00+00:00,17813.678,17818.1665,17813.678,17816.2945
2024-04-17 00:00:00+00:00,17816.8,17816.8,17804.855499999998,17805.7
2024-04-17 00:05:00+00:00,17806.2,17808.411,17803.078,17803.078
2024-04-17 00:10:00+00:00,17804.0055,17805.75,17791.6,17796.839
2024-04-17 00:15:00+00:00,17785.45,17801.9835,17784.072,17784.072
2024-04-17 00:20:00+00:00,17784.0,17791.9835,17778.5,17790.022
2024-04-17 00:25:00+00:00,17786.5,17786.5,17771.5055,17772.522
2024-04-17 00:30:00+00:00,17771.978,17771.978,17749.522,17756.5055
2024-04-17 00:35:00+00:00,17756.9945,17756.9945,17749.0055,17754.011
2024-04-17 00:40:00+00:00,17753.522,17759.511,17751.428,17758.011
2024-04-17 00:45:00+00:00,17758.5555,17767.05,17754.5,17765.4945
2024-04-17 00:50:00+00:00,17766.011,17775.5055,17763.4835,17775.5055
2024-04-17 00:55:00+00:00,17774.978,17775.478,17758.011,17759.0
2024-04-17 01:00:00+00:00,17758.511,17758.511,17751.5055,17757.478
2024-04-17 01:05:00+00:00,17757.9945,17761.511,17756.0,17758.0165
2024-04-17 01:10:00+00:00,17757.55,17759.022,17755.0055,17758.55
2024-04-17 01:15:00+00:00,17759.0055,17763.5055,17754.4835,17757.4945
2024-04-17 01:20:00+00:00,17758.05,17767.489,17757.0,17765.4945
2024-04-17 01:25:00+00:00,17763.55,17769.560999999998,17758.0055,17761.511
2024-04-17 01:30:00+00:00,17761.9445,17765.0055,17757.95,17759.9945
2024-04-17 01:35:00+00:00,17759.4945,17764.516499999998,17759.011,17760.5055
2024-04-17 01:40:00+00:00,17759.982500000002,17765.0055,17759.489,17761.5165
2024-04-17 01:45:00+00:00,17760.989,17763.95,17760.4945,17761.95
2024-04-17 01:50:00+00:00,17762.566499999997,17784.0,17762.566499999997,17777.0
2024-04-17 01:55:00+00:00,17778.5,17782.572,17775.0,17781.016499999998
2024-04-17 02:00:00+00:00,17780.560999999998,17784.5,17778.978,17783.522
2024-04-17 02:05:00+00:00,17783.011,17783.011,17774.5555,17777.983500000002
2024-04-17 02:10:00+00:00,17778.5165,17781.516499999998,17775.4835,17781.516499999998
2024-04-17 02:15:00+00:00,17782.0,17783.0,17780.928,17781.5555
2024-04-17 02:20:00+00:00,17782.516499999998,17782.516499999998,17779.4945,17781.511
2024-04-17 02:25:00+00:00,17781.016499999998,17782.572,17781.016499999998,17781.9445
2024-04-17 02:30:00+00:00,17782.5555,17791.5,17782.0,17791.439000000002
2024-04-17 02:35:00+00:00,17791.0055,17791.0055,17783.989,17790.5555
2024-04-17 02:40:00+00:00,17790.011,17793.066499999997,17789.428,17793.0
2024-04-17 02:45:00+00:00,17792.55,17792.55,17789.0055,17791.060999999998
2024-04-17 02:50:00+00:00,17790.4945,17793.0,17787.522,17790.5055
2024-04-17 02:55:00+00:00,17790.0555,17791.45,17787.060999999998,17788.011
2024-04-17 03:00:00+00:00,17787.433500000003,17787.433500000003,17783.0555,17785.5
2024-04-17 03:05:00+00:00,17786.428,17786.428,17783.0165,17783.511
2024-04-17 03:10:00+00:00,17782.989,17790.0055,17782.433500000003,17788.5165
2024-04-17 03:15:00+00:00,17789.0055,17790.5,17783.5165,17783.5165
2024-04-17 03:20:00+00:00,17784.5055,17786.516499999998,17783.5055,17784.0
2024-04-17 03:25:00+00:00,17784.560999999998,17789.483500000002,17784.560999999998,17789.483500000002
2024-04-17 03:30:00+00:00,17790.011,17790.011,17784.0,17784.5
2024-04-17 03:35:00+00:00,17784.022,17786.0055,17783.0555,17785.928
2024-04-17 03:40:00+00:00,17786.5,17787.022,17777.483500000002,17779.5055
2024-04-17 03:45:00+00:00,17780.022,17783.0165,17777.511,17782.489
2024-04-17 03:50:00+00:00,17783.516499999998,17788.572,17781.489,17785.5
2024-04-17 03:55:00+00:00,17785.0055,17785.0055,17781.4835,17782.489
2024-04-17 04:00:00+00:00,17783.0,17784.939000000002,17780.45,17781.022
2024-04-17 04:05:00+00:00,17781.4945,17785.5,17779.011,17779.011
2024-04-17 04:10:00+00:00,17778.478,17780.939000000002,17774.433500000003,17780.0555
2024-04-17 04:15:00+00:00,17779.4945,17782.5,17777.4835,17778.433500000003
2024-04-17 04:20:00+00:00,17780.011,17783.933500000003,17780.011,17783.933500000003
2024-04-17 04:25:00+00:00,17781.489,17783.5,17781.428,17782.4945
2024-04-17 04:30:00+00:00,17782.0055,17782.522,17778.5165,17781.5555
2024-04-17 04:35:00+00:00,17781.05,17787.511,17780.511,17784.483500000002
2024-04-17 04:40:00+00:00,17783.989,17784.4945,17779.0055,17783.5
2024-04-17 04:45:00+00:00,17783.05,17786.0,17782.4945,17785.483500000002
2024-04-17 04:50:00+00:00,17786.0555,17788.0165,17786.0,17786.0
2024-04-17 04:55:00+00:00,17785.572,17792.5165,17783.978,17784.4835
2024-04-17 05:00:00+00:00,17784.402000000002,17786.978,17749.983500000002,17784.978
2024-04-17 05:05:00+00:00,17785.4945,17785.4945,17775.5,17782.022
2024-04-17 05:10:00+00:00,17783.4945,17786.933500000003,17782.9835,17785.0055
2024-04-17 05:15:00+00:00,17785.4945,17787.989,17781.4445,17785.978
2024-04-17 05:20:00+00:00,17786.483500000002,17787.0055,17782.978,17786.928
2024-04-17 05:25:00+00:00,17787.433500000003,17796.933500000003,17786.928,17789.072
2024-04-17 05:30:00+00:00,17789.5,17795.022,17787.072,17789.5055
2024-04-17 05:35:00+00:00,17790.511,17790.511,17776.5,17783.428
2024-04-17 05:40:00+00:00,17783.0055,17786.978,17774.5,17775.0055
2024-04-17 05:45:00+00:00,17775.5,17776.9945,17768.489,17768.489
2024-04-17 05:50:00+00:00,17768.9945,17773.566499999997,17758.4945,17761.022
2024-04-17 05:55:00+00:00,17762.060999999998,17770.011,17760.5,17767.0055
2024-04-17 06:00:00+00:00,17766.95,17771.011,17738.489,17745.516499999998
2024-04-17 06:05:00+00:00,17746.511,17748.511,17732.4835,17738.478
2024-04-17 06:10:00+00:00,17738.9945,17749.5,17729.0,17749.5
2024-04-17 06:15:00+00:00,17748.511,17749.5055,17725.9945,17728.4945
2024-04-17 06:20:00+00:00,17729.5055,17749.489,17728.45,17749.4835
2024-04-17 06:25:00+00:00,17748.489,17757.489,17744.95,17756.522
2024-04-17 06:30:00+00:00,17756.0,17756.511,17747.0,17749.5
2024-04-17 06:35:00+00:00,17750.4945,17761.4945,17746.489,17755.4945
2024-04-17 06:40:00+00:00,17754.433500000003,17761.9945,17745.5055,17756.511
2024-04-17 06:45:00+00:00,17755.988,17758.0,17743.0,17755.5
2024-04-17 06:50:00+00:00,17756.511,17767.0,17753.5,17754.95
2024-04-17 06:55:00+00:00,17755.489,17760.0555,17746.5,17747.5
2024-04-17 07:00:00+00:00,17748.5,17796.9835,17735.5,17787.5
2024-04-17 07:05:00+00:00,17786.5055,17794.4945,17772.489,17779.5055
2024-04-17 07:10:00+00:00,17778.0555,17795.45,17770.511,17780.5
2024-04-17 07:15:00+00:00,17779.489,17799.989,17775.489,17798.9945
2024-04-17 07:20:00+00:00,17798.5055,17811.478,17789.95,17799.0
2024-04-17 07:25:00+00:00,17798.4945,17804.5055,17789.428,17803.5
2024-04-17 07:30:00+00:00,17802.712,17802.712,17774.4445,17777.011
2024-04-17 07:35:00+00:00,17776.489,17782.483500000002,17746.0,17766.516499999998
2024-04-17 07:40:00+00:00,17766.9945,17799.560999999998,17760.428,17794.572
2024-04-17 07:45:00+00:00,17793.428,17808.066499999997,17790.0,17806.433500000003
2024-04-17 07:50:00+00:00,17804.022,17813.211,17797.989,17812.639000000003
2024-04-17 07:55:00+00:00,17811.923000000003,17828.7,17810.7,17828.211
2024-04-17 08:00:00+00:00,17827.912,17828.1835,17810.6945,17821.7
2024-04-17 08:05:00+00:00,17822.1945,17834.2165,17814.1945,17833.2055
2024-04-17 08:10:00+00:00,17832.183500000003,17849.6945,17831.15,17839.2
2024-04-17 08:15:00+00:00,17839.7055,17849.7,17835.7,17843.65
2024-04-17 08:20:00+00:00,17843.2055,17859.2055,17842.2,17856.0055
2024-04-17 08:25:00+00:00,17855.4945,17859.5,17849.483500000002,17854.511
2024-04-17 08:30:00+00:00,17853.95,17868.5,17844.933500000003,17867.0055
2024-04-17 08:35:00+00:00,17867.511,17868.4835,17856.989,17860.5055
2024-04-17 08:40:00+00:00,17859.9445,17868.511,17858.0,17866.989
2024-04-17 08:45:00+00:00,17865.5,17876.5055,17864.939000000002,17864.939000000002
2024-04-17 08:50:00+00:00,17864.5055,17865.05,17853.9945,17859.433500000003
2024-04-17 08:55:00+00:00,17860.0165,17867.4945,17857.9835,17864.9945
2024-04-17 09:00:00+00:00,17864.933500000003,17864.933500000003,17834.433500000003,17858.9945
2024-04-17 09:05:00+00:00,17860.0,17868.0,17859.511,17864.9445
2024-04-17 09:10:00+00:00,17866.0055,17868.511,17860.4945,17860.4945
2024-04-17 09:15:00+00:00,17862.0,17862.0,17852.928,17857.022
2024-04-17 09:20:00+00:00,17857.5555,17859.5,17851.0055,17857.5
2024-04-17 09:25:00+00:00,17857.022,17861.5,17852.989,17860.0555
2024-04-17 09:30:00+00:00,17860.511,17869.489,17859.433500000003,17864.4945
2024-04-17 09:35:00+00:00,17865.0,17870.516499999998,17864.933500000003,17869.0165
2024-04-17 09:40:00+00:00,17868.483500000002,17872.511,17864.478,17869.9445
2024-04-17 09:45:00+00:00,17870.4445,17873.511,17864.9445,17872.928
2024-04-17 09:50:00+00:00,17873.560999999998,17889.5055,17872.5055,17885.05
2024-04-17 09:55:00+00:00,17884.483500000002,17886.5555,17880.0,17882.516499999998
2024-04-17 10:00:00+00:00,17883.0055,17901.0555,17882.989,17899.0055
2024-04-17 10:05:00+00:00,17898.489,17909.0,17896.9945,17904.5
2024-04-17 10:10:00+00:00,17904.072,17905.522,17896.489,17898.978
2024-04-17 10:15:00+00:00,17899.566499999997,17900.560999999998,17891.5165,17895.989
2024-04-17 10:20:00+00:00,17895.5055,17895.5055,17872.4945,17877.072
2024-04-17 10:25:00+00:00,17878.4835,17894.060999999998,17878.4835,17893.5
2024-04-17 10:30:00+00:00,17894.433500000003,17901.0055,17886.9945,17888.0055
2024-04-17 10:35:00+00:00,17886.95,17895.933500000003,17884.5055,17891.5055
2024-04-17 10:40:00+00:00,17890.4945,17900.4945,17890.4945,17895.560999999998
2024-04-17 10:45:00+00:00,17896.0,17901.0,17892.989,17893.560999999998
2024-04-17 10:50:00+00:00,17893.9945,17893.9945,17880.983500000002,17880.9945
2024-04-17 10:55:00+00:00,17881.5,17883.433500000003,17870.4945,17872.9945
2024-04-17 11:00:00+00:00,17873.5,17881.5165,17868.95,17881.5055
2024-04-17 11:05:00+00:00,17882.016499999998,17885.5055,17871.989,17876.072
2024-04-17 11:10:00+00:00,17875.4945,17881.4945,17875.433500000003,17877.5
2024-04-17 11:15:00+00:00,17878.0,17881.0555,17863.128,17863.128
2024-04-17 11:20:00+00:00,17864.216500000002,17864.216500000002,17851.639000000003,17857.75
2024-04-17 11:25:00+00:00,17856.183500000003,17867.211,17853.65,17866.7
2024-04-17 11:30:00+00:00,17866.272,17870.1945,17857.2,17866.644500000002
2024-04-17 11:35:00+00:00,17866.2,17866.7,17855.7555,17859.216500000002
2024-04-17 11:40:00+00:00,17858.7055,17865.644500000002,17854.128,17861.128
2024-04-17 11:45:00+00:00,17861.6945,17867.711,17855.6835,17856.766499999998
2024-04-17 11:50:00+00:00,17856.222,17857.722,17846.1945,17848.6945
2024-04-17 11:55:00+00:00,17849.2,17850.7055,17843.7,17849.6835
2024-04-17 12:00:00+00:00,17848.6945,17850.772,17834.15,17838.133500000004
2024-04-17 12:05:00+00:00,17839.15,17853.7555,17838.711,17847.133500000004
2024-04-17 12:10:00+00:00,17845.1945,17855.2165,17837.2165,17853.7
2024-04-17 12:15:00+00:00,17854.1945,17869.261,17853.133500000004,17864.6945
2024-04-17 12:20:00+00:00,17865.211,17865.211,17832.2055,17833.2555
2024-04-17 12:25:00+00:00,17833.761,17850.6945,17828.683500000003,17845.689000000002
2024-04-17 12:30:00+00:00,17845.2555,17855.722,17841.2055,17854.7
2024-04-17 12:35:00+00:00,17855.6945,17875.266499999998,17855.6945,17870.7
2024-04-17 12:40:00+00:00,17871.644500000002,17875.716500000002,17865.1945,17874.65
2024-04-17 12:45:00+00:00,17874.189000000002,17888.189000000002,17869.211,17881.2
2024-04-17 12:50:00+00:00,17882.189000000002,17887.25,17876.65,17884.2055
2024-04-17 12:55:00+00:00,17884.7055,17887.2,17876.272,17880.2
2024-04-17 13:00:00+00:00,17879.2,17891.711,17876.6945,17882.678
2024-04-17 13:05:00+00:00,17883.6835,17888.183500000003,17873.2055,17882.272
2024-04-17 13:10:00+00:00,17881.6945,17904.2055,17881.139000000003,17902.6945
2024-04-17 13:15:00+00:00,17902.445,17904.7,17891.222,17902.1945
2024-04-17 13:20:00+00:00,17901.997,17905.1835,17897.128,17902.7
2024-04-17 13:25:00+00:00,17900.945,17904.689000000002,17896.6945,17903.272
2024-04-17 13:30:00+00:00,17902.6945,17902.6945,17887.2055,17887.633500000004
2024-04-17 13:35:00+00:00,17887.15,17902.2,17884.6945,17887.272
2024-04-17 13:40:00+00:00,17887.761,17894.216500000002,17877.1945,17892.1945
2024-04-17 13:45:00+00:00,17891.934,17903.272,17886.211,17887.2
2024-04-17 13:50:00+00:00,17888.133500000004,17898.266499999998,17866.139000000003,17869.2
2024-04-17 13:55:00+00:00,17868.1945,17869.1945,17843.7165,17847.766499999998
2024-04-17 14:00:00+00:00,17848.128,17850.211,17818.7555,17828.7
2024-04-17 14:05:00+00:00,17829.183500000003,17842.7,17823.7,17837.302000000003
2024-04-17 14:10:00+00:00,17836.633500000004,17842.7055,17816.1835,17823.266499999998
2024-04-17 14:15:00+00:00,17822.65,17825.2055,17810.7165,17822.7055
2024-04-17 14:20:00+00:00,17823.139000000003,17826.1945,17800.2,17822.633500000004
2024-04-17 14:25:00+00:00,17821.139000000003,17842.25,17821.139000000003,17833.6945
2024-04-17 14:30:00+00:00,17833.178,17834.7,17812.1945,17813.2055
2024-04-17 14:35:00+00:00,17812.6945,17818.7055,17800.7055,17805.2
2024-04-17 14:40:00+00:00,17804.7,17813.6945,17800.7,17810.7055
2024-04-17 14:45:00+00:00,17809.183500000003,17824.7,17800.1945,17823.6945
2024-04-17 14:50:00+00:00,17823.25,17824.222,17783.6945,17785.222
2024-04-17 14:55:00+00:00,17785.7,17800.1945,17783.678,17794.7
2024-04-17 15:00:00+00:00,17795.222,17811.7555,17792.7055,17810.711
2024-04-17 15:05:00+00:00,17810.7,17810.7,17785.7,17797.7
2024-04-17 15:10:00+00:00,17798.139000000003,17809.272,17797.178,17801.644500000002
2024-04-17 15:15:00+00:00,17802.711,17808.7,17791.1945,17793.711
2024-04-17 15:20:00+00:00,17794.139000000003,17797.25,17787.644500000002,17793.15
2024-04-17 15:25:00+00:00,17793.766499999998,17798.272,17784.189000000002,17787.628
2024-04-17 15:30:00+00:00,17786.25,17788.266499999998,17768.633500000004,17768.633500000004
2024-04-17 15:35:00+00:00,17769.2,17789.2,17768.183500000003,17784.7
2024-04-17 15:40:00+00:00,17784.499,17791.1945,17780.678,17781.716500000002
2024-04-17 15:45:00+00:00,17782.2,17785.222,17774.711,17783.689000000002
2024-04-17 15:50:00+00:00,17784.272,17788.183500000003,17775.2,17783.2055
2024-04-17 15:55:00+00:00,17782.644500000002,17787.772,17779.711,17781.678
2024-04-17 16:00:00+00:00,17781.46,17781.46,17755.711,17757.7
2024-04-17 16:05:00+00:00,17758.211,17760.2055,17747.2,17755.2055
2024-04-17 16:10:00+00:00,17755.7055,17779.644500000002,17755.628,17775.2055
2024-04-17 16:15:00+00:00,17774.7555,17775.222,17760.639000000003,17768.2165
2024-04-17 16:20:00+00:00,17769.2055,17779.25,17763.1945,17768.2
2024-04-17 16:25:00+00:00,17767.7055,17778.7055,17764.689000000002,17766.2
2024-04-17 16:30:00+00:00,17765.766499999998,17766.189000000002,17755.2,17760.216500000002
2024-04-17 16:35:00+00:00,17761.1945,17761.678,17751.2055,17753.2055
2024-04-17 16:40:00+00:00,17752.6835,17758.222,17736.1945,17736.644500000002
2024-04-17 16:45:00+00:00,17737.7165,17758.722,17735.2,17757.6945
2024-04-17 16:50:00+00:00,17757.1945,17762.772,17755.1835,17759.689000000002
2024-04-17 16:55:00+00:00,17759.178,17759.178,17742.7055,17748.6945
2024-04-17 17:00:00+00:00,17749.633500000004,17767.644500000002,17745.689000000002,17763.7055
2024-04-17 17:05:00+00:00,17764.222,17778.7055,17759.183500000003,17777.7
2024-04-17 17:10:00+00:00,17778.716500000002,17783.683500000003,17773.639000000003,17778.7055
2024-04-17 17:15:00+00:00,17779.722,17791.216500000002,17777.639000000003,17790.144500000002
2024-04-17 17:20:00+00:00,17790.761,17797.7165,17789.2555,17795.144500000002
2024-04-17 17:25:00+00:00,17795.683500000003,17801.2055,17788.639000000003,17801.2055
2024-04-17 17:30:00+00:00,17801.7055,17806.183500000003,17792.711,17795.15
2024-04-17 17:35:00+00:00,17796.2055,17804.2,17794.7,17798.6945
2024-04-17 17:40:00+00:00,17798.2055,17803.2055,17784.216500000002,17794.128
2024-04-17 17:45:00+00:00,17794.711,17798.266499999998,17783.2,17798.266499999998
2024-04-17 17:50:00+00:00,17799.1835,17808.266499999998,17788.65,17803.1945
2024-04-17 17:55:00+00:00,17802.7055,17812.189000000002,17802.15,17808.6945
2024-04-17 18:00:00+00:00,17809.2055,17814.689000000002,17801.716500000002,17812.2555
2024-04-17 18:05:00+00:00,17811.65,17814.6945,17806.1945,17810.189000000002
2024-04-17 18:10:00+00:00,17810.683500000003,17810.761,17799.189000000002,17802.2055
2024-04-17 18:15:00+00:00,17803.133500000004,17805.7,17791.178,17801.766499999998
2024-04-17 18:20:00+00:00,17801.2165,17801.772,17788.639000000003,17794.139000000003
2024-04-17 18:25:00+00:00,17793.6835,17803.272,17789.211,17793.133500000004
2024-04-17 18:30:00+00:00,17792.178,17798.2,17789.15,17793.1945
2024-04-17 18:35:00+00:00,17792.189000000002,17801.2055,17783.189000000002,17797.772
2024-04-17 18:40:00+00:00,17798.189000000002,17831.222,17797.689000000002,17830.711
2024-04-17 18:45:00+00:00,17830.272,17833.2555,17809.178,17810.272
2024-04-17 18:50:00+00:00,17811.261,17817.1945,17776.139000000003,17780.6945
2024-04-17 18:55:00+00:00,17780.199,17790.2055,17776.1945,17783.133500000004
2024-04-17 19:00:00+00:00,17782.001,17782.001,17765.189000000002,17765.2
2024-04-17 19:05:00+00:00,17765.75,17773.722,17763.2555,17768.711
2024-04-17 19:10:00+00:00,17769.1945,17772.1945,17756.7,17758.144500000002
2024-04-17 19:15:00+00:00,17757.877,17778.128,17757.6945,17768.25
2024-04-17 19:20:00+00:00,17768.689000000002,17772.2165,17760.7555,17767.266499999998
2024-04-17 19:25:00+00:00,17766.6945,17774.2,17761.1945,17763.772
2024-04-17 19:30:00+00:00,17764.6945,17776.211,17762.628,17773.75
2024-04-17 19:35:00+00:00,17773.189000000002,17773.189000000002,17756.128,17765.216500000002
2024-04-17 19:40:00+00:00,17764.711,17778.75,17758.722,17775.75
2024-04-17 19:45:00+00:00,17775.25,17788.211,17772.678,17784.183500000003
2024-04-17 19:50:00+00:00,17784.766499999998,17784.766499999998,17768.7165,17783.189000000002
2024-04-17 19:55:00+00:00,17782.189000000002,17783.15,17766.65,17772.189000000002
2024-04-17 20:00:00+00:00,17772.183500000003,17774.972,17753.511,17773.05
2024-04-17 20:05:00+00:00,17772.2,17774.9665,17762.3835,17773.1
2024-04-17 20:10:00+00:00,17772.1835,17773.939000000002,17767.810999999998,17770.3445
2024-04-17 22:05:00+00:00,17785.372,17788.789,17784.7945,17787.4445
2024-04-17 22:10:00+00:00,17787.9,17788.733500000002,17786.089,17786.15
2024-04-17 22:15:00+00:00,17786.6,17787.889000000003,17780.728,17787.889000000003
2024-04-17 22:20:00+00:00,17786.9945,17790.605499999998,17786.1,17786.9445
2024-04-17 22:25:00+00:00,17786.5945,17787.0055,17782.539,17782.539
2024-04-17 22:30:00+00:00,17784.394500000002,17787.45,17782.5835,17783.8335
2024-04-17 22:35:00+00:00,17783.511,17786.105499999998,17780.810999999998,17783.9165
2024-04-17 22:40:00+00:00,17784.339,17789.678,17783.9,17787.839
2024-04-17 22:45:00+00:00,17788.789,17789.711,17787.0,17787.066499999997
2024-04-17 22:50:00+00:00,17786.089,17786.0945,17780.8,17786.0945
2024-04-17 22:55:00+00:00,17786.9835,17788.822,17786.95,17787.011
2024-04-17 23:00:00+00:00,17787.839,17794.0835,17786.078,17792.378
2024-04-17 23:05:00+00:00,17791.566499999997,17794.1,17790.5835,17792.4
2024-04-17 23:10:00+00:00,17792.783499999998,17793.2055,17786.9945,17786.9945
2024-04-17 23:15:00+00:00,17787.566499999997,17788.8,17785.228,17786.1
2024-04-17 23:20:00+00:00,17787.0,17787.0055,17780.733500000002,17784.4165
2024-04-17 23:25:00+00:00,17785.3055,17785.355499999998,17782.605499999998,17785.25
2024-04-17 23:30:00+00:00,17785.6945,17787.961,17785.2945,17786.9945
2024-04-17 23:35:00+00:00,17786.661,17787.011,17783.3,17784.05
2024-04-17 23:40:00+00:00,17785.0055,17787.772,17784.0945,17786.8165
2024-04-17 23:45:00+00:00,17787.3055,17789.0055,17784.9835,17785.022
2024-04-17 23:50:00+00:00,17785.55,17789.5055,17785.0,17787.75
2024-04-17 23:55:00+00:00,17788.6555,17792.089,17786.7945,17790.4
2024-04-18 00:00:00+00:00,17791.144500000002,17791.189000000002,17784.0835,17784.9945
2024-04-18 00:05:00+00:00,17785.9665,17789.566499999997,17784.5945,17789.5
2024-04-18 00:10:00+00:00,17788.983500000002,17789.5,17784.939000000002,17787.6835
2024-04-18 00:15:00+00:00,17776.7055,17786.766499999998,17772.216500000002,17785.15
2024-04-18 00:20:00+00:00,17785.25,17786.7555,17779.2,17781.75
2024-04-18 00:25:00+00:00,17782.2055,17790.2,17781.6945,17782.222
2024-04-18 00:30:00+00:00,17781.761,17788.6945,17779.1945,17788.628
2024-04-18 00:35:00+00:00,17788.133500000004,17788.761,17783.7055,17787.2165
2024-04-18 00:40:00+00:00,17787.761,17789.211,17778.216500000002,17778.639000000003
2024-04-18 00:45:00+00:00,17779.2,17781.15,17774.716500000002,17776.633500000004
2024-04-18 00:50:00+00:00,17775.7555,17777.7,17768.2,17774.272
2024-04-18 00:55:00+00:00,17774.7055,17784.75,17774.7,17784.15
2024-04-18 01:00:00+00:00,17786.2165,17791.1945,17784.261,17784.261
2024-04-18 01:05:00+00:00,17784.689000000002,17786.6945,17782.7055,17782.7055
2024-04-18 01:10:00+00:00,17783.7,17788.211,17780.1945,17785.2
2024-04-18 01:15:00+00:00,17785.716500000002,17788.2555,17783.6835,17784.189000000002
2024-04-18 01:20:00+00:00,17783.683500000003,17783.683500000003,17774.2,17778.6945
2024-04-18 01:25:00+00:00,17778.4655,17784.7,17777.689000000002,17781.1835
2024-04-18 01:30:00+00:00,17780.96,17780.96,17776.683500000003,17778.644500000002
2024-04-18 01:35:00+00:00,17777.7,17783.633500000004,17777.2055,17780.65
2024-04-18 01:40:00+00:00,17780.2055,17781.2,17775.15,17776.689000000002
2024-04-18 01:45:00+00:00,17777.272,17782.2,17777.272,17781.189000000002
2024-04-18 01:50:00+00:00,17781.6945,17783.6945,17780.189000000002,17781.272
2024-04-18 01:55:00+00:00,17781.7055,17788.7,17781.7055,17788.7
2024-04-18 02:00:00+00:00,17789.7165,17790.711,17784.178,17789.75
2024-04-18 02:05:00+00:00,17790.2055,17790.2055,17783.65,17789.7165
2024-04-18 02:10:00+00:00,17789.2555,17792.272,17781.722,17791.25
2024-04-18 02:15:00+00:00,17791.711,17795.6835,17788.7,17795.6835
2024-04-18 02:20:00+00:00,17796.7,17796.7,17793.644500000002,17794.144500000002
2024-04-18 02:25:00+00:00,17795.2555,17796.211,17793.7055,17795.711
2024-04-18 02:30:00+00:00,17795.261,17795.7555,17794.2055,17794.2055
2024-04-18 02:35:00+00:00,17793.7,17800.272,17793.6945,17798.7
2024-04-18 02:40:00+00:00,17799.144500000002,17801.6835,17795.2165,17797.2055
2024-04-18 02:45:00+00:00,17798.2555,17798.2555,17794.6945,17796.1945
2024-04-18 02:50:00+00:00,17795.7,17798.2,17794.2,17798.2
2024-04-18 02:55:00+00:00,17797.7055,17798.711,17797.189000000002,17797.711
2024-04-18 03:00:00+00:00,17798.178,17798.7165,17796.1835,17798.15
2024-04-18 03:05:00+00:00,17799.689000000002,17801.761,17798.689000000002,17800.761
2024-04-18 03:10:00+00:00,17801.144500000002,17801.639000000003,17799.178,17800.189000000002
2024-04-18 03:15:00+00:00,17799.222,17800.211,17798.65,17798.65
2024-04-18 03:20:00+00:00,17799.216500000002,17801.7,17799.133500000004,17799.189000000002
2024-04-18 03:25:00+00:00,17799.6835,17801.75,17799.2055,17799.7165
2024-04-18 03:30:00+00:00,17799.178,17804.2,17799.178,17802.2
2024-04-18 03:35:00+00:00,17801.6945,17803.2,17798.644500000002,17798.644500000002
2024-04-18 03:40:00+00:00,17799.1945,17801.2,17798.689000000002,17800.639000000003
2024-04-18 03:45:00+00:00,17800.1835,17801.211,17798.644500000002,17798.711
2024-04-18 03:50:00+00:00,17798.222,17800.266499999998,17797.7055,17800.266499999998
2024-04-18 03:55:00+00:00,17800.7,17802.2055,17800.189000000002,17802.2055
2024-04-18 04:00:00+00:00,17802.766499999998,17805.7,17799.2,17805.7
2024-04-18 04:05:00+00:00,17806.1945,17811.7055,17805.644500000002,17806.2055
2024-04-18 04:10:00+00:00,17805.9435,17806.211,17802.261,17803.711
2024-04-18 04:15:00+00:00,17803.2165,17804.211,17802.1945,17804.211
2024-04-18 04:20:00+00:00,17803.711,17806.144500000002,17802.211,17805.25
2024-04-18 04:25:00+00:00,17804.2055,17809.711,17804.2055,17809.711
2024-04-18 04:30:00+00:00,17809.2165,17810.1945,17807.689000000002,17808.216500000002
2024-04-18 04:35:00+00:00,17807.7055,17808.144500000002,17805.2,17806.25
2024-04-18 04:40:00+00:00,17804.96,17805.644500000002,17802.189000000002,17802.7055
2024-04-18 04:45:00+00:00,17803.2,17810.7165,17802.2,17808.189000000002
2024-04-18 04:50:00+00:00,17807.689000000002,17808.1945,17805.139000000003,17805.2055
2024-04-18 04:55:00+00:00,17805.6945,17808.761,17804.711,17806.25
2024-04-18 05:00:00+00:00,17806.716500000002,17811.7,17803.6945,17806.6945
2024-04-18 05:05:00+00:00,17806.128,17812.189000000002,17806.128,17808.6835
2024-04-18 05:10:00+00:00,17809.1945,17814.716500000002,17804.144500000002,17809.139000000003
2024-04-18 05:15:00+00:00,17808.7,17808.7,17803.689000000002,17805.7
2024-04-18 05:20:00+00:00,17805.438000000002,17819.2,17803.2055,17819.2
2024-04-18 05:25:00+00:00,17818.189000000002,17832.144500000002,17817.2,17821.711
2024-04-18 05:30:00+00:00,17821.15,17837.7,17821.15,17835.1945
2024-04-18 05:35:00+00:00,17835.6945,17841.272,17832.128,17835.772
2024-04-18 05:40:00+00:00,17836.189000000002,17851.144500000002,17834.216500000002,17851.144500000002
2024-04-18 05:45:00+00:00,17850.2,17850.2,17841.2055,17845.2055
2024-04-18 05:50:00+00:00,17845.772,17848.2055,17838.7555,17847.7055
2024-04-18 05:55:00+00:00,17847.211,17847.266499999998,17841.2,17842.2
2024-04-18 06:00:00+00:00,17844.266499999998,17854.211,17839.266499999998,17850.65
2024-04-18 06:05:00+00:00,17850.25,17851.261,17836.128,17836.211
2024-04-18 06:10:00+00:00,17835.7,17837.7,17829.144500000002,17830.211
2024-04-18 06:15:00+00:00,17829.6945,17845.2165,17829.189000000002,17843.261
2024-04-18 06:20:00+00:00,17844.2055,17850.711,17843.133500000004,17845.2
2024-04-18 06:25:00+00:00,17844.222,17844.222,17832.189000000002,17835.15
2024-04-18 06:30:00+00:00,17835.722,17840.222,17835.7,17838.2055
2024-04-18 06:35:00+00:00,17840.189000000002,17840.189000000002,17833.144500000002,17834.1945
2024-04-18 06:40:00+00:00,17833.15,17844.2555,17833.15,17841.2
2024-04-18 06:45:00+00:00,17840.711,17859.216500000002,17837.2,17852.189000000002
2024-04-18 06:50:00+00:00,17851.2,17852.261,17837.7555,17838.211
2024-04-18 06:55:00+00:00,17838.633500000004,17849.2,17829.25,17844.1945
2024-04-18 07:00:00+00:00,17845.2,17848.2165,17820.183500000003,17824.2165
2024-04-18 07:05:00+00:00,17823.2,17823.2,17802.139000000003,17810.689000000002
2024-04-18 07:10:00+00:00,17811.475,17825.261,17802.633500000004,17817.139000000003
2024-04-18 07:15:00+00:00,17816.65,17826.133500000004,17802.216500000002,17813.716500000002
2024-04-18 07:20:00+00:00,17813.1945,17825.2,17808.15,17818.1945
2024-04-18 07:25:00+00:00,17817.2,17824.25,17808.189000000002,17808.189000000002
2024-04-18 07:30:00+00:00,17809.761,17821.1945,17801.15,17808.6945
2024-04-18 07:35:00+00:00,17807.711,17824.2055,17807.178,17812.25
2024-04-18 07:40:00+00:00,17811.7055,17814.272,17801.7055,17806.144500000002
2024-04-18 07:45:00+00:00,17805.178,17817.2055,17804.139000000003,17809.7165
2024-04-18 07:50:00+00:00,17809.2555,17820.689000000002,17805.644500000002,17810.2
2024-04-18 07:55:00+00:00,17809.65,17818.689000000002,17802.633500000004,17806.128
2024-04-18 08:00:00+00:00,17805.222,17810.2055,17794.683500000003,17794.683500000003
2024-04-18 08:05:00+00:00,17794.189000000002,17807.178,17794.189000000002,17805.75
2024-04-18 08:10:00+00:00,17805.2,17811.772,17792.6945,17807.2
2024-04-18 08:15:00+00:00,17806.678,17807.761,17786.722,17786.722
2024-04-18 08:20:00+00:00,17785.633500000004,17789.1945,17763.722,17772.272
2024-04-18 08:25:00+00:00,17773.133500000004,17790.261,17772.139000000003,17789.711
2024-04-18 08:30:00+00:00,17790.2055,17805.772,17788.2055,17800.189000000002
2024-04-18 08:35:00+00:00,17800.7055,17804.15,17787.2165,17787.2165
2024-04-18 08:40:00+00:00,17786.133500000004,17788.128,17777.7055,17784.1835
2024-04-18 08:45:00+00:00,17784.7,17797.772,17781.689000000002,17796.2
2024-04-18 08:50:00+00:00,17797.6945,17801.222,17787.7055,17787.801
2024-04-18 08:55:00+00:00,17787.7,17793.761,17774.7,17792.2
2024-04-18 09:00:00+00:00,17792.766499999998,17800.183500000003,17792.139000000003,17798.2055
2024-04-18 09:05:00+00:00,17798.722,17802.7,17791.716500000002,17800.7055
2024-04-18 09:10:00+00:00,17800.401,17802.7,17794.633500000004,17795.1835
2024-04-18 09:15:00+00:00,17794.7055,17795.1945,17773.139000000003,17773.7555
2024-04-18 09:20:00+00:00,17772.6945,17773.1945,17750.633500000004,17754.2165
2024-04-18 09:25:00+00:00,17755.2165,17769.6945,17746.7,17769.6945
2024-04-18 09:30:00+00:00,17768.901,17771.639000000003,17759.7,17764.711
2024-04-18 09:35:00+00:00,17765.2,17773.6945,17757.6945,17770.216500000002
2024-04-18 09:40:00+00:00,17771.1835,17777.7555,17769.2,17775.7055
2024-04-18 09:45:00+00:00,17776.139000000003,17782.1945,17774.1945,17776.711
2024-04-18 09:50:00+00:00,17776.272,17776.272,17764.689000000002,17768.2
2024-04-18 09:55:00+00:00,17767.761,17773.628,17762.211,17772.7
2024-04-18 10:00:00+00:00,17773.6945,17773.6945,17762.711,17770.7555
2024-04-18 10:05:00+00:00,17771.1945,17771.261,17763.7055,17766.2165
2024-04-18 10:10:00+00:00,17765.65,17765.65,17752.211,17759.2055
2024-04-18 10:15:00+00:00,17758.801,17759.6835,17754.144500000002,17757.7
2024-04-18 10:20:00+00:00,17758.272,17770.2555,17753.639000000003,17766.211
2024-04-18 10:25:00+00:00,17765.2055,17776.716500000002,17765.2055,17773.7055
2024-04-18 10:30:00+00:00,17774.178,17787.266499999998,17773.7,17779.2
2024-04-18 10:35:00+00:00,17780.1945,17788.772,17779.7,17784.1945
2024-04-18 10:40:00+00:00,17784.7,17785.7,17773.678,17774.689000000002
2024-04-18 10:45:00+00:00,17773.689000000002,17780.766499999998,17771.644500000002,17771.644500000002
2024-04-18 10:50:00+00:00,17771.15,17777.272,17768.7165,17772.211
2024-04-18 10:55:00+00:00,17773.689000000002,17783.683500000003,17773.2,17781.189000000002
2024-04-18 11:00:00+00:00,17781.633500000004,17784.766499999998,17775.678,17784.2055
2024-04-18 11:05:00+00:00,17781.628,17793.2,17781.628,17787.178
2024-04-18 11:10:00+00:00,17786.2055,17787.272,17772.2,17777.1835
2024-04-18 11:15:00+00:00,17776.716500000002,17784.6945,17769.7,17774.183500000003
2024-04-18 11:20:00+00:00,17773.633500000004,17784.189000000002,17768.7165,17769.761
2024-04-18 11:25:00+00:00,17770.1835,17770.7,17757.711,17758.261
2024-04-18 11:30:00+00:00,17756.7,17774.1945,17756.7,17768.7
2024-04-18 11:35:00+00:00,17769.2165,17772.761,17754.1945,17759.15
2024-04-18 11:40:00+00:00,17758.689000000002,17780.7,17758.183500000003,17774.144500000002
2024-04-18 11:45:00+00:00,17776.2055,17784.211,17772.128,17773.261
2024-04-18 11:50:00+00:00,17772.6945,17788.183500000003,17772.2,17785.2555
2024-04-18 11:55:00+00:00,17785.628,17788.7165,17783.628,17784.183500000003
2024-04-18 12:00:00+00:00,17783.7,17788.2,17769.133500000004,17769.133500000004
2024-04-18 12:05:00+00:00,17768.2055,17772.65,17763.178,17764.222
2024-04-18 12:10:00+00:00,17763.6945,17763.6945,17750.2,17755.7055
2024-04-18 12:15:00+00:00,17755.189000000002,17761.261,17751.1945,17759.2055
2024-04-18 12:20:00+00:00,17758.7,17761.2055,17750.139000000003,17752.25
2024-04-18 12:25:00+00:00,17751.711,17758.628,17748.6945,17751.711
2024-04-18 12:30:00+00:00,17754.2055,17755.7165,17742.644500000002,17745.689000000002
2024-04-18 12:35:00+00:00,17745.2,17770.7,17743.301,17757.683500000003
2024-04-18 12:40:00+00:00,17756.7165,17759.7,17746.15,17748.644500000002
2024-04-18 12:45:00+00:00,17748.211,17748.2165,17722.183500000003,17744.711
2024-04-18 12:50:00+00:00,17745.6945,17756.772,17740.211,17751.211
2024-04-18 12:55:00+00:00,17750.689000000002,17762.716500000002,17746.1945,17757.2055
2024-04-18 13:00:00+00:00,17757.689000000002,17773.6945,17757.139000000003,17772.211
2024-04-18 13:05:00+00:00,17772.6945,17783.266499999998,17769.761,17781.25
2024-04-18 13:10:00+00:00,17781.6835,17795.7,17778.7,17789.2
2024-04-18 13:15:00+00:00,17790.211,17792.7,17776.211,17788.178
2024-04-18 13:20:00+00:00,17787.189000000002,17794.6945,17781.7055,17781.7055
2024-04-18 13:25:00+00:00,17782.178,17789.2165,17770.144500000002,17772.683500000003
2024-04-18 13:30:00+00:00,17772.412,17781.7,17761.985999999997,17763.716500000002
2024-04-18 13:35:00+00:00,17763.211,17767.272,17718.6945,17719.75
2024-04-18 13:40:00+00:00,17719.211,17750.128,17714.7,17740.689000000002
2024-04-18 13:45:00+00:00,17740.183500000003,17776.689000000002,17734.65,17775.261
2024-04-18 13:50:00+00:00,17776.183500000003,17786.7055,17760.133500000004,17769.1945
2024-04-18 13:55:00+00:00,17769.711,17792.2,17765.761,17780.2555
2024-04-18 14:00:00+00:00,17780.2,17796.689000000002,17772.1945,17778.2055
2024-04-18 14:05:00+00:00,17779.15,17798.711,17776.139000000003,17796.211
2024-04-18 14:10:00+00:00,17796.174,17803.716500000002,17787.644500000002,17803.183500000003
2024-04-18 14:15:00+00:00,17805.133500000004,17813.211,17796.2555,17806.2055
2024-04-18 14:20:00+00:00,17804.133500000004,17807.2,17791.7,17795.216500000002
2024-04-18 14:25:00+00:00,17794.2055,17810.2,17791.683500000003,17808.189000000002
2024-04-18 14:30:00+00:00,17810.766499999998,17823.1945,17809.139000000003,17822.25
2024-04-18 14:35:00+00:00,17821.7165,17842.6835,17820.2055,17829.2
2024-04-18 14:40:00+00:00,17827.689000000002,17838.683500000003,17822.644500000002,17832.211
2024-04-18 14:45:00+00:00,17832.6945,17838.1945,17817.683500000003,17834.7165
2024-04-18 14:50:00+00:00,17834.211,17840.6835,17829.644500000002,17838.183500000003
2024-04-18 14:55:00+00:00,17838.639000000003,17850.261,17831.689000000002,17837.261
2024-04-18 15:00:00+00:00,17837.772,17847.766499999998,17834.183500000003,17841.1945
2024-04-18 15:05:00+00:00,17841.6945,17857.716500000002,17840.6945,17852.2
2024-04-18 15:10:00+00:00,17852.464,17859.1945,17844.1945,17849.683500000003
2024-04-18 15:15:00+00:00,17849.2,17861.6945,17848.7,17851.644500000002
2024-04-18 15:20:00+00:00,17851.2055,17865.716500000002,17850.678,17859.1945
2024-04-18 15:25:00+00:00,17858.689000000002,17859.2055,17849.7,17853.772
2024-04-18 15:30:00+00:00,17852.7,17853.2,17839.711,17840.722
2024-04-18 15:35:00+00:00,17840.2055,17844.6945,17830.133500000004,17831.639000000003
2024-04-18 15:40:00+00:00,17831.438000000002,17831.438000000002,17816.128,17819.75
2024-04-18 15:45:00+00:00,17819.5045,17819.5045,17807.216500000002,17808.7055
2024-04-18 15:50:00+00:00,17808.211,17810.2,17803.139000000003,17808.7
2024-04-18 15:55:00+00:00,17808.15,17821.772,17805.6945,17818.2
2024-04-18 16:00:00+00:00,17817.65,17833.7055,17816.6835,17818.128
2024-04-18 16:05:00+00:00,17818.716500000002,17818.716500000002,17800.183500000003,17807.2055
2024-04-18 16:10:00+00:00,17806.689000000002,17812.2555,17801.678,17805.2
2024-04-18 16:15:00+00:00,17804.716500000002,17809.211,17797.633500000004,17808.1945
2024-04-18 16:20:00+00:00,17807.678,17809.2055,17800.766499999998,17802.633500000004
2024-04-18 16:25:00+00:00,17802.2165,17810.722,17798.7055,17808.211
2024-04-18 16:30:00+00:00,17807.644500000002,17808.6835,17779.25,17782.211
2024-04-18 16:35:00+00:00,17782.7055,17807.7,17782.128,17798.2
2024-04-18 16:40:00+00:00,17798.628,17801.716500000002,17783.6945,17791.222
2024-04-18 16:45:00+00:00,17790.711,17791.766499999998,17773.2,17775.65
2024-04-18 16:50:00+00:00,17774.1835,17779.2,17761.2,17764.2
2024-04-18 16:55:00+00:00,17763.716500000002,17773.272,17762.678,17766.211
2024-04-18 17:00:00+00:00,17765.9435,17770.2165,17761.6835,17761.7555
2024-04-18 17:05:00+00:00,17762.2,17763.722,17751.6945,17760.216500000002
2024-04-18 17:10:00+00:00,17759.689000000002,17759.689000000002,17740.7055,17749.261
2024-04-18 17:15:00+00:00,17748.7,17752.211,17728.7055,17737.211
2024-04-18 17:20:00+00:00,17738.1945,17743.683500000003,17724.689000000002,17725.1835
2024-04-18 17:25:00+00:00,17726.2,17752.7055,17724.7,17751.211
2024-04-18 17:30:00+00:00,17752.2055,17757.761,17741.139000000003,17745.211
2024-04-18 17:35:00+00:00,17744.7,17749.261,17737.128,17740.2055
2024-04-18 17:40:00+00:00,17740.628,17748.7555,17728.15,17745.711
2024-04-18 17:45:00+00:00,17745.2,17755.128,17744.2,17749.6945
2024-04-18 17:50:00+00:00,17749.222,17749.7,17732.15,17737.7
2024-04-18 17:55:00+00:00,17738.644500000002,17746.689000000002,17735.6835,17745.222
2024-04-18 18:00:00+00:00,17744.644500000002,17745.211,17734.128,17737.189000000002
2024-04-18 18:05:00+00:00,17738.211,17742.2,17728.272,17732.2
2024-04-18 18:10:00+00:00,17731.639000000003,17739.261,17720.761,17734.772
2024-04-18 18:15:00+00:00,17734.432500000003,17751.222,17734.178,17749.689000000002
2024-04-18 18:20:00+00:00,17750.216500000002,17759.211,17745.1945,17752.2055
2024-04-18 18:25:00+00:00,17751.6945,17760.7555,17739.6945,17745.1835
2024-04-18 18:30:00+00:00,17745.6945,17746.189000000002,17722.178,17725.1945
2024-04-18 18:35:00+00:00,17724.1835,17738.689000000002,17723.6945,17734.189000000002
2024-04-18 18:40:00+00:00,17734.7,17748.189000000002,17733.128,17745.2
2024-04-18 18:45:00+00:00,17744.683500000003,17745.75,17736.711,17744.2
2024-04-18 18:50:00+00:00,17743.766499999998,17743.766499999998,17732.15,17735.2055
2024-04-18 18:55:00+00:00,17734.216500000002,17740.7055,17729.2055,17732.272
2024-04-18 19:00:00+00:00,17731.633500000004,17753.716500000002,17731.183500000003,17745.211
2024-04-18 19:05:00+00:00,17745.7,17757.25,17742.2055,17751.1945
2024-04-18 19:10:00+00:00,17750.772,17761.139000000003,17743.2055,17747.6835
2024-04-18 19:15:00+00:00,17748.183500000003,17753.772,17741.7,17748.722
2024-04-18 19:20:00+00:00,17749.2,17759.266499999998,17743.711,17753.1945
2024-04-18 19:25:00+00:00,17752.7165,17757.75,17745.183500000003,17753.2
2024-04-18 19:30:00+00:00,17753.644500000002,17762.266499999998,17752.2,17762.1945
2024-04-18 19:35:00+00:00,17761.65,17764.772,17755.689000000002,17755.711
2024-04-18 19:40:00+00:00,17756.2,17763.25,17752.6945,17759.261
2024-04-18 19:45:00+00:00,17759.683500000003,17763.683500000003,17755.178,17762.178
2024-04-18 19:50:00+00:00,17762.7055,17772.222,17752.2,17755.7
2024-04-18 19:55:00+00:00,17754.628,17755.772,17747.7,17754.6945
2024-04-18 20:00:00+00:00,17754.178,17774.216500000002,17733.228,17759.116499999996
2024-04-18 20:05:00+00:00,17758.211,17759.989,17745.778,17759.116499999996
2024-04-18 20:10:00+00:00,17759.5165,17764.4055,17753.8,17754.6665
2024-04-18 22:05:00+00:00,17761.566499999997,17764.122,17760.55,17762.394500000002
2024-04-18 22:10:00+00:00,17761.522,17763.366499999996,17760.6,17761.9165
2024-04-18 22:15:00+00:00,17762.472,17762.472,17757.828,17758.8055
2024-04-18 22:20:00+00:00,17759.75,17760.610999999997,17757.8335,17757.8335
2024-04-18 22:25:00+00:00,17758.8055,17759.761,17757.839,17757.839
2024-04-18 22:30:00+00:00,17758.739,17760.605499999998,17755.683500000003,17757.8335
2024-04-18 22:35:00+00:00,17757.428,17758.810999999998,17756.039,17758.810999999998
2024-04-18 22:40:00+00:00,17757.8835,17757.8835,17755.228,17755.75
2024-04-18 22:45:00+00:00,17756.122,17757.0555,17753.5165,17756.0945
2024-04-18 22:50:00+00:00,17755.699,17756.1165,17747.3,17749.072
2024-04-18 22:55:00+00:00,17748.610999999997,17749.9555,17748.0445,17749.9555
2024-04-18 23:00:00+00:00,17749.0165,17749.961,17744.0335,17746.411
2024-04-18 23:05:00+00:00,17747.233500000002,17749.060999999998,17744.5335,17747.360999999997
2024-04-18 23:10:00+00:00,17748.1,17749.922,17747.3,17748.1
2024-04-18 23:15:00+00:00,17747.355499999998,17747.366499999996,17736.589,17737.511
2024-04-18 23:20:00+00:00,17738.4055,17744.6665,17737.439000000002,17740.105499999998
2024-04-18 23:25:00+00:00,17740.661,17741.9,17737.5,17738.411
2024-04-18 23:30:00+00:00,17738.8,17741.878,17737.5,17740.039
2024-04-18 23:35:00+00:00,17739.683500000003,17743.6945,17739.683500000003,17741.9665
2024-04-18 23:40:00+00:00,17742.461,17742.816499999997,17737.9165,17740.1
2024-04-18 23:45:00+00:00,17740.9945,17741.95,17738.4,17738.4
2024-04-18 23:50:00+00:00,17737.5055,17738.472,17710.733500000002,17731.2
2024-04-18 23:55:00+00:00,17729.4945,17736.672,17721.9055,17723.261
2024-04-19 00:00:00+00:00,17722.349,17728.610999999997,17717.894500000002,17725.066499999997
2024-04-19 00:05:00+00:00,17725.5,17725.9165,17712.9835,17719.6945
2024-04-19 00:10:00+00:00,17718.778,17718.778,17701.9055,17705.4
2024-04-19 00:15:00+00:00,17726.211,17726.211,17700.722,17701.689000000002
2024-04-19 00:20:00+00:00,17701.7055,17701.7055,17685.25,17691.2
2024-04-19 00:25:00+00:00,17690.272,17702.7,17689.2,17697.7
2024-04-19 00:30:00+00:00,17698.15,17698.178,17684.139000000003,17691.2
2024-04-19 00:35:00+00:00,17691.7055,17693.7165,17689.266499999998,17693.7165
2024-04-19 00:40:00+00:00,17691.689000000002,17697.711,17691.15,17692.7055
2024-04-19 00:45:00+00:00,17693.1945,17693.7,17688.639000000003,17689.216500000002
2024-04-19 00:50:00+00:00,17688.75,17688.75,17682.261,17682.261
2024-04-19 00:55:00+00:00,17682.7,17687.711,17655.711,17669.216500000002
2024-04-19 01:00:00+00:00,17668.7,17676.2,17647.6945,17651.633500000004
2024-04-19 01:05:00+00:00,17652.178,17659.7,17623.6945,17627.144500000002
2024-04-19 01:10:00+00:00,17627.6945,17631.211,17604.2,17607.689000000002
2024-04-19 01:15:00+00:00,17609.2165,17610.2555,17595.7055,17610.2555
2024-04-19 01:20:00+00:00,17610.678,17618.75,17594.65,17604.7055
2024-04-19 01:25:00+00:00,17603.183500000003,17605.272,17590.1945,17590.1945
2024-04-19 01:30:00+00:00,17589.7055,17591.772,17524.7165,17533.689000000002
2024-04-19 01:35:00+00:00,17532.272,17537.128,17501.25,17501.7055
2024-04-19 01:40:00+00:00,17502.7,17516.7055,17475.689000000002,17475.6945
2024-04-19 01:45:00+00:00,17477.211,17530.189000000002,17475.15,17524.7055
2024-04-19 01:50:00+00:00,17525.7,17558.2,17524.7,17557.75
2024-04-19 01:55:00+00:00,17556.639000000003,17560.6945,17499.7055,17519.683500000003
2024-04-19 02:00:00+00:00,17519.2555,17529.6835,17492.2,17501.689000000002
2024-04-19 02:05:00+00:00,17501.216500000002,17506.211,17478.1945,17482.211
2024-04-19 02:10:00+00:00,17481.689000000002,17481.689000000002,17427.689000000002,17428.261
2024-04-19 02:15:00+00:00,17429.766499999998,17441.628,17398.7165,17400.711
2024-04-19 02:20:00+00:00,17401.216500000002,17448.7165,17401.216500000002,17448.266499999998
2024-04-19 02:25:00+00:00,17447.2055,17478.7165,17441.6945,17461.139000000003
2024-04-19 02:30:00+00:00,17458.139000000003,17461.6835,17439.1945,17440.139000000003
2024-04-19 02:35:00+00:00,17440.7,17457.2,17429.2055,17454.7055
2024-04-19 02:40:00+00:00,17453.2,17459.7055,17446.2,17454.761
2024-04-19 02:45:00+00:00,17455.222,17472.2,17427.2,17430.1945
2024-04-19 02:50:00+00:00,17433.6945,17458.678,17433.6945,17458.25
2024-04-19 02:55:00+00:00,17457.6945,17476.2,17453.222,17472.628
2024-04-19 03:00:00+00:00,17473.683500000003,17480.678,17464.15,17472.689000000002
2024-04-19 03:05:00+00:00,17472.133500000004,17500.15,17471.7,17499.15
2024-04-19 03:10:00+00:00,17498.75,17529.7,17493.683500000003,17522.6945
2024-04-19 03:15:00+00:00,17522.189000000002,17523.189000000002,17502.7555,17510.7055
2024-04-19 03:20:00+00:00,17510.189000000002,17518.2,17503.1835,17508.7555
2024-04-19 03:25:00+00:00,17507.7,17531.7055,17507.644500000002,17530.683500000003
2024-04-19 03:30:00+00:00,17531.139000000003,17556.7,17523.678,17533.7
2024-04-19 03:35:00+00:00,17533.15,17545.7,17530.183500000003,17530.183500000003
2024-04-19 03:40:00+00:00,17529.6945,17554.2165,17526.711,17546.6945
2024-04-19 03:45:00+00:00,17547.2055,17553.266499999998,17526.633500000004,17534.75
2024-04-19 03:50:00+00:00,17534.1945,17542.178,17523.7055,17540.7165
2024-04-19 03:55:00+00:00,17541.689000000002,17547.689000000002,17533.65,17535.189000000002
2024-04-19 04:00:00+00:00,17537.222,17581.75,17537.222,17567.633500000004
2024-04-19 04:05:00+00:00,17569.6945,17578.75,17569.6945,17577.1945
2024-04-19 04:10:00+00:00,17578.2,17581.683500000003,17567.644500000002,17575.2
2024-04-19 04:15:00+00:00,17577.7055,17577.7055,17564.222,17572.272
2024-04-19 04:20:00+00:00,17570.628,17591.189000000002,17570.211,17589.711
2024-04-19 04:25:00+00:00,17590.2055,17596.1945,17584.7055,17590.15
2024-04-19 04:30:00+00:00,17589.628,17590.261,17573.2,17577.211
2024-04-19 04:35:00+00:00,17576.6945,17591.2055,17576.633500000004,17587.2165
2024-04-19 04:40:00+00:00,17586.628,17590.711,17583.178,17590.711
2024-04-19 04:45:00+00:00,17589.711,17589.711,17572.7,17574.7165
2024-04-19 04:50:00+00:00,17575.183500000003,17578.2555,17562.189000000002,17562.7
2024-04-19 04:55:00+00:00,17562.2,17569.2055,17559.628,17564.689000000002
2024-04-19 05:00:00+00:00,17563.888,17589.261,17563.178,17585.7
2024-04-19 05:05:00+00:00,17587.189000000002,17598.266499999998,17571.7,17584.6945
2024-04-19 05:10:00+00:00,17584.189000000002,17597.189000000002,17572.216500000002,17576.689000000002
2024-04-19 05:15:00+00:00,17577.6945,17590.144500000002,17571.766499999998,17575.65
2024-04-19 05:20:00+00:00,17575.144500000002,17596.2055,17573.1945,17594.711
2024-04-19 05:25:00+00:00,17594.1945,17613.7,17589.7,17613.1945
2024-04-19 05:30:00+00:00,17613.7,17620.689000000002,17595.2555,17604.272
2024-04-19 05:35:00+00:00,17603.7055,17606.75,17589.644500000002,17600.189000000002
2024-04-19 05:40:00+00:00,17599.628,17616.139000000003,17599.628,17607.1945
2024-04-19 05:45:00+00:00,17607.766499999998,17615.7,17606.1835,17606.7055
2024-04-19 05:50:00+00:00,17607.211,17614.2,17595.65,17596.7
2024-04-19 05:55:00+00:00,17593.2,17597.7055,17579.189000000002,17579.189000000002
2024-04-19 06:00:00+00:00,17578.711,17580.7055,17502.2,17579.6835
2024-04-19 06:05:00+00:00,17579.139000000003,17593.2555,17564.6945,17589.1945
2024-04-19 06:10:00+00:00,17588.15,17638.178,17587.1945,17636.15
2024-04-19 06:15:00+00:00,17635.627,17650.2555,17624.628,17644.6945
2024-04-19 06:20:00+00:00,17645.683500000003,17662.2055,17643.2055,17648.711
2024-04-19 06:25:00+00:00,17648.222,17669.7,17645.633500000004,17665.2
2024-04-19 06:30:00+00:00,17666.211,17688.15,17642.7055,17668.2
2024-04-19 06:35:00+00:00,17667.5045,17686.211,17664.261,17680.2555
2024-04-19 06:40:00+00:00,17679.711,17688.639000000003,17666.1835,17686.678
2024-04-19 06:45:00+00:00,17686.222,17713.772,17671.7,17671.7
2024-04-19 06:50:00+00:00,17670.2055,17684.7555,17666.772,17681.2
2024-04-19 06:55:00+00:00,17680.9435,17687.639000000003,17666.7,17671.15
2024-04-19 07:00:00+00:00,17671.7,17687.1945,17648.639000000003,17651.722
2024-04-19 07:05:00+00:00,17650.801,17678.716500000002,17640.6945,17667.689000000002
2024-04-19 07:10:00+00:00,17666.2,17690.7165,17652.6945,17672.7
2024-04-19 07:15:00+00:00,17674.711,17680.772,17657.2055,17658.7
2024-04-19 07:20:00+00:00,17659.766499999998,17669.644500000002,17638.2055,17640.7
2024-04-19 07:25:00+00:00,17642.2,17671.216500000002,17640.7,17664.75
2024-04-19 07:30:00+00:00,17662.7,17662.7,17625.2055,17634.7
2024-04-19 07:35:00+00:00,17633.6945,17644.2,17629.7,17631.689000000002
2024-04-19 07:40:00+00:00,17632.711,17657.772,17625.216500000002,17644.689000000002
2024-04-19 07:45:00+00:00,17645.75,17666.261,17644.766499999998,17654.633500000004
2024-04-19 07:50:00+00:00,17655.65,17672.639000000003,17653.65,17666.7055
2024-04-19 07:55:00+00:00,17667.722,17686.133500000004,17666.628,17679.25
2024-04-19 08:00:00+00:00,17679.7055,17686.2055,17673.216500000002,17682.75
2024-04-19 08:05:00+00:00,17682.445,17688.766499999998,17668.2055,17685.072
2024-04-19 08:10:00+00:00,17683.9945,17685.0555,17652.05,17661.0055
2024-04-19 08:15:00+00:00,17661.439000000002,17705.489,17660.9835,17701.5
2024-04-19 08:20:00+00:00,17702.060999999998,17703.511,17678.4945,17689.072
2024-04-19 08:25:00+00:00,17688.511,17699.95,17685.989,17689.933500000003
2024-04-19 08:30:00+00:00,17688.9945,17698.0,17662.0055,17665.0
2024-04-19 08:35:00+00:00,17666.011,17672.5,17660.489,17662.072
2024-04-19 08:40:00+00:00,17662.989,17662.989,17645.4835,17652.05
2024-04-19 08:45:00+00:00,17651.734,17661.5,17645.439000000002,17659.989
2024-04-19 08:50:00+00:00,17660.4945,17677.522,17658.9945,17668.478
2024-04-19 08:55:00+00:00,17668.234,17671.011,17657.4945,17662.011
2024-04-19 09:00:00+00:00,17661.223,17689.483500000002,17658.9835,17680.5555
2024-04-19 09:05:00+00:00,17681.511,17683.060999999998,17664.928,17675.0
2024-04-19 09:10:00+00:00,17673.022,17682.939000000002,17659.45,17660.0
2024-04-19 09:15:00+00:00,17659.4945,17674.433500000003,17658.439000000002,17665.5555
2024-04-19 09:20:00+00:00,17665.0,17679.022,17663.928,17679.0
2024-04-19 09:25:00+00:00,17680.011,17701.9945,17679.4945,17697.9445
2024-04-19 09:30:00+00:00,17699.0,17725.0055,17696.9945,17722.489
2024-04-19 09:35:00+00:00,17721.939000000002,17726.9945,17711.9945,17715.0055
2024-04-19 09:40:00+00:00,17716.066499999997,17721.5165,17711.5,17715.4945
2024-04-19 09:45:00+00:00,17716.4945,17738.4835,17716.0,17738.4835
2024-04-19 09:50:00+00:00,17737.4945,17745.511,17715.511,17727.939000000002
2024-04-19 09:55:00+00:00,17726.572,17731.560999999998,17711.439000000002,17715.011
2024-04-19 10:00:00+00:00,17715.439000000002,17718.560999999998,17705.45,17706.9445
2024-04-19 10:05:00+00:00,17705.939000000002,17727.0,17705.939000000002,17722.933500000003
2024-04-19 10:10:00+00:00,17723.489,17726.9945,17716.483500000002,17718.011
2024-04-19 10:15:00+00:00,17718.5,17720.511,17709.0165,17716.011
2024-04-19 10:20:00+00:00,17717.011,17718.428,17705.511,17707.4945
2024-04-19 10:25:00+00:00,17707.011,17720.0,17701.4945,17717.9445
2024-04-19 10:30:00+00:00,17717.428,17730.516499999998,17715.511,17730.516499999998
2024-04-19 10:35:00+00:00,17730.989,17732.9945,17713.483500000002,17717.989
2024-04-19 10:40:00+00:00,17718.4835,17724.489,17700.9445,17703.5
2024-04-19 10:45:00+00:00,17704.0055,17724.0,17704.0055,17718.5555
2024-04-19 10:50:00+00:00,17719.0055,17720.560999999998,17699.4945,17704.55
2024-04-19 10:55:00+00:00,17704.939000000002,17723.511,17704.0,17722.0555
2024-04-19 11:00:00+00:00,17720.9945,17724.511,17698.933500000003,17702.928
2024-04-19 11:05:00+00:00,17702.072,17706.4945,17689.483500000002,17690.0555
2024-04-19 11:10:00+00:00,17689.511,17700.0,17687.516499999998,17691.0055
2024-04-19 11:15:00+00:00,17689.5555,17714.066499999997,17689.05,17707.0
2024-04-19 11:20:00+00:00,17706.0,17714.0,17699.0055,17713.4945
2024-04-19 11:25:00+00:00,17713.9945,17724.4945,17712.95,17719.933500000003
2024-04-19 11:30:00+00:00,17720.4945,17732.011,17720.4945,17727.016499999998
2024-04-19 11:35:00+00:00,17728.0,17733.0,17718.572,17733.0
2024-04-19 11:40:00+00:00,17733.489,17747.066499999997,17733.489,17739.428
2024-04-19 11:45:00+00:00,17738.601000000002,17738.601000000002,17716.989,17718.011
2024-04-19 11:50:00+00:00,17718.489,17723.072,17714.0,17719.989
2024-04-19 11:55:00+00:00,17720.5,17729.516499999998,17715.5,17729.016499999998
2024-04-19 12:00:00+00:00,17728.723,17732.016499999998,17718.566499999997,17719.0055
2024-04-19 12:05:00+00:00,17718.245000000003,17725.0165,17712.9445,17721.9835
2024-04-19 12:10:00+00:00,17723.0165,17732.022,17718.989,17731.4945
2024-04-19 12:15:00+00:00,17730.4835,17743.4945,17727.95,17742.516499999998
2024-04-19 12:20:00+00:00,17741.55,17749.9445,17737.511,17749.066499999997
2024-04-19 12:25:00+00:00,17750.016499999998,17750.016499999998,17740.9445,17742.0055
2024-04-19 12:30:00+00:00,17743.489,17753.066499999997,17741.511,17748.0165
2024-04-19 12:35:00+00:00,17749.060999999998,17749.9945,17728.483500000002,17729.5
2024-04-19 12:40:00+00:00,17728.5555,17735.072,17707.4835,17712.5
2024-04-19 12:45:00+00:00,17712.983500000002,17731.511,17702.428,17731.489
2024-04-19 12:50:00+00:00,17730.483500000002,17745.011,17729.5165,17734.011
2024-04-19 12:55:00+00:00,17731.928,17750.0,17729.428,17743.516499999998
2024-04-19 13:00:00+00:00,17742.9945,17757.5,17736.989,17751.9945
2024-04-19 13:05:00+00:00,17751.0,17751.0,17730.978,17731.989
2024-04-19 13:10:00+00:00,17733.011,17743.0,17728.0055,17728.5
2024-04-19 13:15:00+00:00,17728.989,17732.0055,17717.928,17722.022
2024-04-19 13:20:00+00:00,17722.560999999998,17724.5,17714.066499999997,17721.939000000002
2024-04-19 13:25:00+00:00,17722.4945,17732.0165,17709.989,17730.9945
2024-04-19 13:30:00+00:00,17728.9835,17747.066499999997,17715.9945,17743.978
2024-04-19 13:35:00+00:00,17743.572,17748.9835,17726.9445,17733.5
2024-04-19 13:40:00+00:00,17732.4445,17755.016499999998,17728.978,17751.0
2024-04-19 13:45:00+00:00,17751.983500000002,17772.511,17748.9945,17766.022
2024-04-19 13:50:00+00:00,17765.989,17765.989,17740.478,17745.4945
2024-04-19 13:55:00+00:00,17743.511,17763.5165,17737.5,17747.011
2024-04-19 14:00:00+00:00,17745.560999999998,17767.066499999997,17742.022,17755.011
2024-04-19 14:05:00+00:00,17754.201,17768.0055,17753.072,17753.978
2024-04-19 14:10:00+00:00,17752.4945,17752.4945,17731.989,17742.511
2024-04-19 14:15:00+00:00,17742.978,17749.060999999998,17731.0,17746.511
2024-04-19 14:20:00+00:00,17745.5055,17757.9835,17735.5055,17736.0
2024-04-19 14:25:00+00:00,17735.45,17741.5055,17719.05,17741.05
2024-04-19 14:30:00+00:00,17740.245000000003,17752.011,17731.5,17738.928
2024-04-19 14:35:00+00:00,17737.9835,17740.0,17723.978,17724.9945
2024-04-19 14:40:00+00:00,17725.989,17742.022,17721.016499999998,17741.572
2024-04-19 14:45:00+00:00,17742.066499999997,17751.560999999998,17739.45,17744.9945
2024-04-19 14:50:00+00:00,17745.45,17753.5165,17740.072,17751.0055
2024-04-19 14:55:00+00:00,17750.45,17752.072,17734.016499999998,17740.428
2024-04-19 15:00:00+00:00,17740.0,17750.05,17737.0,17746.989
2024-04-19 15:05:00+00:00,17747.95,17756.55,17743.939000000002,17755.933500000003
2024-04-19 15:10:00+00:00,17755.566499999997,17760.072,17745.989,17752.566499999997
2024-04-19 15:15:00+00:00,17751.5,17759.0,17743.4835,17744.489
2024-04-19 15:20:00+00:00,17746.511,17748.066499999997,17738.572,17739.9445
2024-04-19 15:25:00+00:00,17738.95,17743.072,17735.478,17743.072
2024-04-19 15:30:00+00:00,17743.5055,17745.066499999997,17723.4945,17732.511
2024-04-19 15:35:00+00:00,17733.0055,17742.5055,17727.511,17741.5055
2024-04-19 15:40:00+00:00,17741.928,17749.5055,17739.4835,17745.939000000002
2024-04-19 15:45:00+00:00,17745.5,17754.4945,17743.5,17748.0055
2024-04-19 15:50:00+00:00,17748.5055,17752.5055,17742.489,17744.016499999998
2024-04-19 15:55:00+00:00,17744.489,17746.9945,17730.9945,17738.066499999997
2024-04-19 16:00:00+00:00,17737.249,17751.0,17733.978,17736.522
2024-04-19 16:05:00+00:00,17737.0,17738.05,17722.5,17727.5055
2024-04-19 16:10:00+00:00,17727.0,17727.95,17706.011,17707.478
2024-04-19 16:15:00+00:00,17707.011,17714.939000000002,17703.9945,17703.9945
2024-04-19 16:20:00+00:00,17704.4945,17712.072,17704.066499999997,17705.55
2024-04-19 16:25:00+00:00,17706.066499999997,17711.0165,17695.016499999998,17695.016499999998
2024-04-19 16:30:00+00:00,17695.489,17704.5,17695.0055,17703.989
2024-04-19 16:35:00+00:00,17703.4445,17705.072,17693.978,17694.5165
2024-04-19 16:40:00+00:00,17695.0,17711.5,17692.4945,17710.0
2024-04-19 16:45:00+00:00,17709.016499999998,17718.0555,17705.560999999998,17713.9945
2024-04-19 16:50:00+00:00,17714.4945,17739.0055,17713.939000000002,17722.072
2024-04-19 16:55:00+00:00,17723.0165,17732.0055,17722.928,17732.0055
2024-04-19 17:00:00+00:00,17731.5055,17737.5055,17726.939000000002,17732.428
2024-04-19 17:05:00+00:00,17733.478,17741.516499999998,17728.978,17740.989
2024-04-19 17:10:00+00:00,17740.5055,17744.05,17733.483500000002,17736.933500000003
2024-04-19 17:15:00+00:00,17736.5,17748.0,17730.5,17746.928
2024-04-19 17:20:00+00:00,17748.022,17749.066499999997,17735.4445,17741.0555
2024-04-19 17:25:00+00:00,17741.5165,17744.0555,17721.928,17723.9445
2024-04-19 17:30:00+00:00,17722.5,17735.5,17722.5,17730.9945
2024-04-19 17:35:00+00:00,17731.933500000003,17733.9945,17722.5,17723.022
2024-04-19 17:40:00+00:00,17723.511,17733.478,17722.9945,17730.0
2024-04-19 17:45:00+00:00,17729.7545,17744.928,17728.978,17744.928
2024-04-19 17:50:00+00:00,17744.4445,17757.9945,17744.4445,17756.0165
2024-04-19 17:55:00+00:00,17756.9945,17760.05,17734.4945,17738.983500000002
2024-04-19 18:00:00+00:00,17737.9945,17738.0555,17712.511,17715.9945
2024-04-19 18:05:00+00:00,17716.5,17730.989,17706.566499999997,17719.05
2024-04-19 18:10:00+00:00,17719.95,17726.939000000002,17716.4835,17717.011
2024-04-19 18:15:00+00:00,17715.933500000003,17725.9835,17707.0555,17722.983500000002
2024-04-19 18:20:00+00:00,17722.55,17726.9945,17715.978,17725.0055
2024-04-19 18:25:00+00:00,17724.0,17724.0,17699.5,17700.0055
2024-04-19 18:30:00+00:00,17699.749,17709.0055,17698.0,17703.9945
2024-04-19 18:35:00+00:00,17704.45,17706.516499999998,17683.9445,17684.9945
2024-04-19 18:40:00+00:00,17685.5,17686.011,17674.511,17674.55
2024-04-19 18:45:00+00:00,17673.978,17685.066499999997,17667.511,17683.95
2024-04-19 18:50:00+00:00,17684.5,17689.439000000002,17677.95,17682.0
2024-04-19 18:55:00+00:00,17680.0,17697.983500000002,17680.0,17697.983500000002
2024-04-19 19:00:00+00:00,17697.7435,17702.060999999998,17687.989,17696.9945
2024-04-19 19:05:00+00:00,17696.572,17704.011,17684.0,17700.0
2024-04-19 19:10:00+00:00,17698.989,17715.433500000003,17696.928,17710.0
2024-04-19 19:15:00+00:00,17709.478,17709.55,17696.0055,17707.933500000003
2024-04-19 19:20:00+00:00,17707.016499999998,17711.4945,17700.0055,17700.989
2024-04-19 19:25:00+00:00,17702.0055,17719.011,17697.0055,17710.0
2024-04-19 19:30:00+00:00,17709.7435,17714.428,17704.933500000003,17707.9945
2024-04-19 19:35:00+00:00,17708.5,17713.9445,17691.9945,17700.9945
2024-04-19 19:40:00+00:00,17701.939000000002,17704.5,17690.0055,17700.933500000003
2024-04-19 19:45:00+00:00,17701.5055,17712.011,17692.989,17707.0165
2024-04-19 19:50:00+00:00,17705.701,17718.016499999998,17703.0055,17717.95
2024-04-19 19:55:00+00:00,17716.011,17722.5555,17710.9945,17719.489
2024-04-22 00:00:00+00:00,17786.372,17787.178,17781.3335,17783.2
2024-04-22 00:05:00+00:00,17784.1,17792.2,17783.7,17786.8055
2024-04-22 00:10:00+00:00,17785.95,17786.3,17779.178,17781.95
2024-04-22 00:15:00+00:00,17789.066499999997,17832.5,17789.066499999997,17825.983500000002
2024-04-22 00:20:00+00:00,17826.4945,17831.072,17824.4835,17826.489
2024-04-22 00:25:00+00:00,17830.522,17830.522,17819.55,17820.478
2024-04-22 00:30:00+00:00,17819.428,17820.45,17812.511,17814.928
2024-04-22 00:35:00+00:00,17816.0,17816.489,17793.516499999998,17794.0
2024-04-22 00:40:00+00:00,17793.5,17801.511,17777.4445,17788.511
2024-04-22 00:45:00+00:00,17789.4945,17802.5,17789.4945,17802.0
2024-04-22 00:50:00+00:00,17801.5055,17803.478,17778.489,17798.933500000003
2024-04-22 00:55:00+00:00,17798.5,17798.5,17777.428,17777.428
2024-04-22 01:00:00+00:00,17778.0,17786.522,17775.5,17778.0
2024-04-22 01:05:00+00:00,17777.516499999998,17790.478,17771.55,17790.478
2024-04-22 01:10:00+00:00,17791.5055,17802.0165,17791.5055,17800.0055
2024-04-22 01:15:00+00:00,17799.5055,17805.9835,17788.433500000003,17795.0055
2024-04-22 01:20:00+00:00,17794.5,17801.011,17793.9945,17794.5
2024-04-22 01:25:00+00:00,17793.9945,17796.5055,17785.5,17793.0
2024-04-22 01:30:00+00:00,17791.95,17800.011,17784.9445,17784.9945
2024-04-22 01:35:00+00:00,17785.478,17788.489,17774.4945,17776.5
2024-04-22 01:40:00+00:00,17777.0055,17790.522,17777.0055,17788.0055
2024-04-22 01:45:00+00:00,17788.522,17802.55,17788.060999999998,17801.5
2024-04-22 01:50:00+00:00,17802.5,17805.5055,17794.5055,17796.511
2024-04-22 01:55:00+00:00,17798.0,17806.4945,17797.0,17805.5055
2024-04-22 02:00:00+00:00,17806.933500000003,17808.45,17798.5,17801.5055
2024-04-22 02:05:00+00:00,17801.9945,17806.5055,17799.4835,17806.016499999998
2024-04-22 02:10:00+00:00,17805.0,17808.066499999997,17802.4945,17803.511
2024-04-22 02:15:00+00:00,17803.066499999997,17808.5,17802.4945,17808.4945
2024-04-22 02:20:00+00:00,17808.939000000002,17816.5055,17808.939000000002,17813.4945
2024-04-22 02:25:00+00:00,17812.9945,17814.5055,17802.55,17808.4445
2024-04-22 02:30:00+00:00,17808.939000000002,17810.560999999998,17807.933500000003,17808.5055
2024-04-22 02:35:00+00:00,17809.9945,17811.439000000002,17807.0055,17807.0055
2024-04-22 02:40:00+00:00,17807.95,17809.5055,17798.983500000002,17798.983500000002
2024-04-22 02:45:00+00:00,17799.483500000002,17800.5055,17798.9445,17800.5055
2024-04-22 02:50:00+00:00,17799.489,17799.560999999998,17797.022,17797.511
2024-04-22 02:55:00+00:00,17798.016499999998,17798.022,17797.433500000003,17797.5
2024-04-22 03:00:00+00:00,17797.0055,17803.016499999998,17795.0055,17803.016499999998
2024-04-22 03:05:00+00:00,17803.489,17804.5055,17801.072,17801.072
2024-04-22 03:10:00+00:00,17801.5055,17801.566499999997,17797.928,17797.928
2024-04-22 03:15:00+00:00,17797.489,17799.489,17797.439000000002,17797.489
2024-04-22 03:20:00+00:00,17798.0,17801.016499999998,17797.0,17800.4945
2024-04-22 03:25:00+00:00,17800.0055,17801.05,17798.9945,17800.05
2024-04-22 03:30:00+00:00,17796.9945,17800.9445,17785.928,17786.95
2024-04-22 03:35:00+00:00,17786.4945,17788.0555,17785.939000000002,17787.511
2024-04-22 03:40:00+00:00,17787.9945,17787.9945,17782.072,17784.5055
2024-04-22 03:45:00+00:00,17785.483500000002,17786.0555,17783.928,17785.9945
2024-04-22 03:50:00+00:00,17785.5,17787.439000000002,17783.0555,17783.5
2024-04-22 03:55:00+00:00,17783.060999999998,17785.95,17779.439000000002,17779.439000000002
2024-04-22 04:00:00+00:00,17779.0,17784.516499999998,17778.428,17782.5055
2024-04-22 04:05:00+00:00,17782.9945,17783.566499999997,17781.983500000002,17782.4835
2024-04-22 04:10:00+00:00,17781.989,17784.066499999997,17781.439000000002,17781.439000000002
2024-04-22 04:15:00+00:00,17781.011,17785.0,17780.933500000003,17783.05
2024-04-22 04:20:00+00:00,17782.4945,17783.5165,17782.4945,17783.0055
2024-04-22 04:25:00+00:00,17782.439000000002,17787.5055,17782.433500000003,17786.572
2024-04-22 04:30:00+00:00,17786.933500000003,17795.022,17786.933500000003,17794.5165
2024-04-22 04:35:00+00:00,17794.060999999998,17797.5555,17794.060999999998,17796.5
2024-04-22 04:40:00+00:00,17796.0165,17796.572,17793.428,17796.0165
2024-04-22 04:45:00+00:00,17796.511,17796.989,17795.428,17795.989
2024-04-22 04:50:00+00:00,17796.4835,17800.0555,17794.9945,17800.0055
2024-04-22 04:55:00+00:00,17799.5055,17799.5555,17794.928,17796.0
2024-04-22 05:00:00+00:00,17795.5,17798.011,17792.066499999997,17792.5165
2024-04-22 05:05:00+00:00,17791.989,17794.0165,17790.989,17792.9945
2024-04-22 05:10:00+00:00,17792.439000000002,17794.5055,17791.45,17792.0055
2024-04-22 05:15:00+00:00,17791.5,17792.560999999998,17790.478,17791.05
2024-04-22 05:20:00+00:00,17790.478,17796.072,17787.072,17792.928
2024-04-22 05:25:00+00:00,17793.560999999998,17794.0055,17789.5055,17791.45
2024-04-22 05:30:00+00:00,17792.05,17796.9945,17789.989,17795.489
2024-04-22 05:35:00+00:00,17795.0,17799.0,17795.0,17798.5055
2024-04-22 05:40:00+00:00,17799.5,17800.95,17796.016499999998,17798.0
2024-04-22 05:45:00+00:00,17798.5,17805.511,17798.483500000002,17801.5
2024-04-22 05:50:00+00:00,17801.0,17809.5,17798.0,17808.9945
2024-04-22 05:55:00+00:00,17808.489,17816.5,17808.011,17816.5
2024-04-22 06:00:00+00:00,17813.5055,17829.0,17809.928,17827.478
2024-04-22 06:05:00+00:00,17827.0,17831.5165,17821.45,17829.489
2024-04-22 06:10:00+00:00,17830.0055,17831.928,17817.5,17828.433500000003
2024-04-22 06:15:00+00:00,17827.511,17837.05,17824.522,17831.5055
2024-04-22 06:20:00+00:00,17830.511,17837.0,17826.439000000002,17836.572
2024-04-22 06:25:00+00:00,17834.428,17835.5055,17827.9835,17829.478
2024-04-22 06:30:00+00:00,17831.45,17832.5165,17820.9445,17823.4945
2024-04-22 06:35:00+00:00,17822.45,17829.9835,17819.478,17826.5055
2024-04-22 06:40:00+00:00,17829.5,17831.5,17823.483500000002,17831.5
2024-04-22 06:45:00+00:00,17830.511,17842.511,17830.511,17841.5055
2024-04-22 06:50:00+00:00,17841.9945,17849.566499999997,17841.4835,17846.483500000002
2024-04-22 06:55:00+00:00,17847.566499999997,17860.5165,17847.0,17852.4945
2024-04-22 07:00:00+00:00,17853.572,17880.5,17848.989,17873.55
2024-04-22 07:05:00+00:00,17872.4945,17878.572,17857.4835,17858.5
2024-04-22 07:10:00+00:00,17859.522,17865.5055,17849.0055,17852.566499999997
2024-04-22 07:15:00+00:00,17853.511,17855.5,17829.4445,17831.55
2024-04-22 07:20:00+00:00,17831.011,17834.0,17816.989,17819.428
2024-04-22 07:25:00+00:00,17820.428,17825.939000000002,17814.5,17818.9835
2024-04-22 07:30:00+00:00,17821.5055,17826.0555,17817.4945,17825.0555
2024-04-22 07:35:00+00:00,17826.060999999998,17831.072,17795.9945,17798.5055
2024-04-22 07:40:00+00:00,17797.489,17798.5,17783.5,17783.5
2024-04-22 07:45:00+00:00,17784.5555,17791.489,17775.933500000003,17789.489
2024-04-22 07:50:00+00:00,17788.5,17789.4945,17765.933500000003,17767.433500000003
2024-04-22 07:55:00+00:00,17766.5055,17782.5,17765.989,17771.989
2024-04-22 08:00:00+00:00,17770.989,17777.5,17760.55,17766.511
2024-04-22 08:05:00+00:00,17765.5,17776.511,17760.5055,17761.511
2024-04-22 08:10:00+00:00,17762.0555,17781.511,17761.478,17780.55
2024-04-22 08:15:00+00:00,17778.011,17785.983500000002,17767.95,17785.5
2024-04-22 08:20:00+00:00,17786.072,17788.95,17776.4945,17785.5165
2024-04-22 08:25:00+00:00,17786.0055,17794.0055,17778.489,17783.5055
2024-04-22 08:30:00+00:00,17784.4945,17796.022,17777.4945,17792.566499999997
2024-04-22 08:35:00+00:00,17791.511,17795.95,17790.0,17792.5
2024-04-22 08:40:00+00:00,17793.011,17793.572,17767.489,17771.4835
2024-04-22 08:45:00+00:00,17771.989,17788.989,17770.483500000002,17786.4945
2024-04-22 08:50:00+00:00,17785.522,17791.5555,17770.0,17791.5555
2024-04-22 08:55:00+00:00,17791.9945,17797.4945,17790.433500000003,17794.489
2024-04-22 09:00:00+00:00,17794.9945,17817.566499999997,17791.428,17814.439000000002
2024-04-22 09:05:00+00:00,17815.928,17822.072,17813.439000000002,17819.5
2024-04-22 09:10:00+00:00,17819.989,17823.5055,17815.0055,17823.5055
2024-04-22 09:15:00+00:00,17824.489,17827.928,17814.983500000002,17819.478
2024-04-22 09:20:00+00:00,17820.05,17823.516499999998,17812.060999999998,17816.5055
2024-04-22 09:25:00+00:00,17817.0165,17825.011,17811.0,17820.5
2024-04-22 09:30:00+00:00,17821.016499999998,17828.0555,17817.45,17825.522
2024-04-22 09:35:00+00:00,17826.572,17826.572,17814.011,17822.5
2024-04-22 09:40:00+00:00,17824.55,17843.0055,17823.983500000002,17840.566499999997
2024-04-22 09:45:00+00:00,17841.489,17842.0,17827.9835,17837.5
2024-04-22 09:50:00+00:00,17836.939000000002,17839.066499999997,17832.566499999997,17837.489
2024-04-22 09:55:00+00:00,17837.9945,17845.55,17832.95,17835.433500000003
2024-04-22 10:00:00+00:00,17835.066499999997,17852.983500000002,17834.516499999998,17850.45
2024-04-22 10:05:00+00:00,17850.9835,17863.060999999998,17850.9835,17854.522
2024-04-22 10:10:00+00:00,17856.011,17864.060999999998,17851.483500000002,17856.489
2024-04-22 10:15:00+00:00,17857.433500000003,17866.072,17855.433500000003,17858.060999999998
2024-04-22 10:20:00+00:00,17857.066499999997,17858.560999999998,17852.0055,17856.0055
2024-04-22 10:25:00+00:00,17856.9945,17857.989,17848.4835,17851.0
2024-04-22 10:30:00+00:00,17852.0,17852.0,17843.428,17845.0
2024-04-22 10:35:00+00:00,17844.5,17845.011,17830.022,17836.95
2024-04-22 10:40:00+00:00,17836.489,17840.5,17824.5055,17825.428
2024-04-22 10:45:00+00:00,17825.989,17825.989,17810.9945,17819.0055
2024-04-22 10:50:00+00:00,17819.5555,17823.9835,17813.939000000002,17823.4445
2024-04-22 10:55:00+00:00,17821.4835,17831.5055,17818.5055,17831.4945
2024-04-22 11:00:00+00:00,17832.5055,17834.566499999997,17820.5,17822.522
2024-04-22 11:05:00+00:00,17823.0055,17824.989,17813.439000000002,17814.5055
2024-04-22 11:10:00+00:00,17815.0055,17817.0055,17807.0555,17813.011
2024-04-22 11:15:00+00:00,17812.5055,17834.4945,17810.4945,17831.4835
2024-04-22 11:20:00+00:00,17831.9445,17832.5055,17815.978,17818.5055
2024-04-22 11:25:00+00:00,17817.483500000002,17824.022,17810.478,17818.428
2024-04-22 11:30:00+00:00,17819.011,17819.4945,17807.439000000002,17811.4945
2024-04-22 11:35:00+00:00,17812.016499999998,17827.5,17811.0055,17826.989
2024-04-22 11:40:00+00:00,17826.5555,17838.9945,17823.489,17838.522
2024-04-22 11:45:00+00:00,17838.9945,17847.0055,17834.5,17846.4945
2024-04-22 11:50:00+00:00,17846.0,17854.5555,17842.0,17842.011
2024-04-22 11:55:00+00:00,17841.066499999997,17850.0,17838.478,17845.4445
2024-04-22 12:00:00+00:00,17846.0555,17849.572,17839.989,17845.0555
2024-04-22 12:05:00+00:00,17844.5,17845.0055,17821.5,17821.5
2024-04-22 12:10:00+00:00,17820.989,17827.05,17814.9945,17821.511
2024-04-22 12:15:00+00:00,17822.0,17827.95,17816.983500000002,17825.072
2024-04-22 12:20:00+00:00,17826.022,17831.5055,17824.560999999998,17829.5
2024-04-22 12:25:00+00:00,17829.9835,17830.566499999997,17822.011,17822.011
2024-04-22 12:30:00+00:00,17821.5555,17828.566499999997,17818.522,17828.566499999997
2024-04-22 12:35:00+00:00,17827.5,17851.939000000002,17822.4835,17843.5
2024-04-22 12:40:00+00:00,17844.05,17854.0,17842.478,17853.011
2024-04-22 12:45:00+00:00,17853.5555,17860.0,17850.989,17856.5055
2024-04-22 12:50:00+00:00,17856.0055,17863.072,17856.0055,17863.072
2024-04-22 12:55:00+00:00,17863.516499999998,17867.066499999997,17859.022,17865.933500000003
2024-04-22 13:00:00+00:00,17866.511,17884.516499999998,17865.9945,17881.516499999998
2024-04-22 13:05:00+00:00,17882.5165,17889.428,17881.4445,17886.55
2024-04-22 13:10:00+00:00,17886.983500000002,17890.072,17881.4945,17883.0
2024-04-22 13:15:00+00:00,17883.4445,17891.978,17882.011,17884.5055
2024-04-22 13:20:00+00:00,17885.5,17887.0055,17867.933500000003,17868.0
2024-04-22 13:25:00+00:00,17868.989,17877.0,17862.5,17873.5165
2024-04-22 13:30:00+00:00,17872.5055,17877.489,17863.0,17865.9945
2024-04-22 13:35:00+00:00,17866.5,17867.566499999997,17853.4945,17864.439000000002
2024-04-22 13:40:00+00:00,17864.5,17869.5555,17844.983500000002,17868.4945
2024-04-22 13:45:00+00:00,17869.5055,17869.55,17857.5,17867.5
2024-04-22 13:50:00+00:00,17868.4945,17873.0055,17861.0055,17866.522
2024-04-22 13:55:00+00:00,17867.0055,17870.0,17861.9945,17862.989
2024-04-22 14:00:00+00:00,17863.489,17884.066499999997,17861.9835,17881.5555
2024-04-22 14:05:00+00:00,17882.0,17884.5,17861.989,17864.511
2024-04-22 14:10:00+00:00,17863.5,17878.5,17862.478,17867.060999999998
2024-04-22 14:15:00+00:00,17867.511,17872.011,17861.511,17868.9835
2024-04-22 14:20:00+00:00,17868.478,17870.5555,17848.5055,17856.5
2024-04-22 14:25:00+00:00,17857.483500000002,17857.572,17845.989,17850.478
2024-04-22 14:30:00+00:00,17851.0,17853.55,17837.0055,17848.5165
2024-04-22 14:35:00+00:00,17848.0,17863.0055,17841.522,17859.978
2024-04-22 14:40:00+00:00,17860.5,17870.572,17858.5,17870.45
2024-04-22 14:45:00+00:00,17870.9945,17875.939000000002,17861.9945,17868.5
2024-04-22 14:50:00+00:00,17869.0,17871.0,17862.989,17867.428
2024-04-22 14:55:00+00:00,17867.9945,17873.0555,17864.928,17870.9835
2024-04-22 15:00:00+00:00,17871.5,17875.483500000002,17864.928,17867.9835
2024-04-22 15:05:00+00:00,17868.4445,17875.0,17859.9835,17862.45
2024-04-22 15:10:00+00:00,17861.928,17865.5,17849.5,17850.566499999997
2024-04-22 15:15:00+00:00,17851.4945,17851.511,17834.989,17838.9945
2024-04-22 15:20:00+00:00,17839.55,17846.511,17834.989,17845.5055
2024-04-22 15:25:00+00:00,17845.0055,17856.016499999998,17838.978,17854.983500000002
2024-04-22 15:30:00+00:00,17854.734,17864.572,17852.9945,17862.9835
2024-04-22 15:35:00+00:00,17864.0055,17874.066499999997,17856.939000000002,17872.9835
2024-04-22 15:40:00+00:00,17873.5555,17875.072,17858.989,17860.4945
2024-04-22 15:45:00+00:00,17860.978,17869.5555,17859.5,17869.4445
2024-04-22 15:50:00+00:00,17870.011,17877.511,17868.9445,17876.516499999998
2024-04-22 15:55:00+00:00,17876.0055,17882.5,17876.0055,17881.489
2024-04-22 16:00:00+00:00,17882.489,17889.572,17878.511,17888.516499999998
2024-04-22 16:05:00+00:00,17889.0055,17889.939000000002,17881.560999999998,17882.5
2024-04-22 16:10:00+00:00,17882.933500000003,17890.066499999997,17882.011,17890.0
2024-04-22 16:15:00+00:00,17890.489,17906.5,17889.4835,17891.989
2024-04-22 16:20:00+00:00,17892.566499999997,17900.45,17890.560999999998,17891.072
2024-04-22 16:25:00+00:00,17892.0,17898.011,17890.0,17891.5
2024-04-22 16:30:00+00:00,17892.0055,17892.0055,17881.5055,17885.433500000003
2024-04-22 16:35:00+00:00,17885.0,17889.9945,17883.928,17889.0
2024-04-22 16:40:00+00:00,17889.5,17892.572,17886.928,17890.5
2024-04-22 16:45:00+00:00,17889.9945,17898.55,17888.95,17893.489
2024-04-22 16:50:00+00:00,17894.0055,17896.011,17889.978,17893.478
2024-04-22 16:55:00+00:00,17894.011,17899.016499999998,17891.4445,17898.478
2024-04-22 17:00:00+00:00,17898.95,17903.928,17892.9445,17901.433500000003
2024-04-22 17:05:00+00:00,17902.0,17905.4945,17900.978,17903.016499999998
2024-04-22 17:10:00+00:00,17903.5055,17908.5,17902.45,17906.5055
2024-04-22 17:15:00+00:00,17906.928,17907.5055,17901.566499999997,17905.5
2024-04-22 17:20:00+00:00,17905.0055,17910.5055,17903.4945,17910.5055
2024-04-22 17:25:00+00:00,17910.9945,17930.011,17910.5,17928.9945
2024-04-22 17:30:00+00:00,17928.022,17929.060999999998,17922.511,17927.5
2024-04-22 17:35:00+00:00,17927.022,17931.572,17924.5,17929.5055
2024-04-22 17:40:00+00:00,17930.5,17931.989,17927.0,17930.433500000003
2024-04-22 17:45:00+00:00,17931.072,17946.939000000002,17930.5055,17945.428
2024-04-22 17:50:00+00:00,17944.9945,17968.5055,17943.0055,17967.560999999998
2024-04-22 17:55:00+00:00,17968.0,17969.522,17947.5055,17958.5055
2024-04-22 18:00:00+00:00,17958.072,17960.5555,17953.9835,17958.5
2024-04-22 18:05:00+00:00,17958.933500000003,17964.5165,17954.9445,17959.060999999998
2024-04-22 18:10:00+00:00,17959.928,17966.4945,17958.478,17962.511
2024-04-22 18:15:00+00:00,17962.928,17972.011,17960.433500000003,17964.0
2024-04-22 18:20:00+00:00,17964.978,17977.066499999997,17964.978,17974.4945
2024-04-22 18:25:00+00:00,17975.066499999997,17977.5055,17970.9835,17972.516499999998
2024-04-22 18:30:00+00:00,17973.05,17979.5,17972.939000000002,17978.5055
2024-04-22 18:35:00+00:00,17978.060999999998,17981.9945,17964.95,17972.011
2024-04-22 18:40:00+00:00,17973.066499999997,17973.5055,17958.0,17959.989
2024-04-22 18:45:00+00:00,17960.428,17963.572,17954.45,17954.5
2024-04-22 18:50:00+00:00,17954.989,17957.566499999997,17950.933500000003,17956.5055
2024-04-22 18:55:00+00:00,17956.9835,17963.572,17956.511,17961.5
2024-04-22 19:00:00+00:00,17962.5,17963.511,17953.989,17955.072
2024-04-22 19:05:00+00:00,17955.489,17959.0,17953.933500000003,17956.95
2024-04-22 19:10:00+00:00,17956.8045,17961.516499999998,17951.939000000002,17959.5
2024-04-22 19:15:00+00:00,17958.9945,17960.5,17951.439000000002,17951.439000000002
2024-04-22 19:20:00+00:00,17951.0,17952.0,17940.989,17943.5055
2024-04-22 19:25:00+00:00,17943.249,17947.560999999998,17937.933500000003,17946.55
2024-04-22 19:30:00+00:00,17945.5,17946.4945,17925.9445,17926.016499999998
2024-04-22 19:35:00+00:00,17926.5055,17934.0555,17920.4945,17930.511
2024-04-22 19:40:00+00:00,17930.0055,17933.5,17924.4945,17931.4945
2024-04-22 19:45:00+00:00,17932.4945,17941.5055,17928.5,17939.0
2024-04-22 19:50:00+00:00,17937.5,17937.5,17924.55,17929.478
2024-04-22 19:55:00+00:00,17930.4445,17939.489,17925.489,17936.5055
2024-04-22 20:00:00+00:00,17937.0055,17943.2945,17916.2945,17916.360999999997
2024-04-22 20:05:00+00:00,17915.4165,17933.4,17915.4165,17930.7
2024-04-22 20:10:00+00:00,17929.75,17929.75,17923.5,17926.2
2024-04-22 22:05:00+00:00,17952.011,17953.289,17946.528,17947.5
2024-04-22 22:10:00+00:00,17948.4,17948.4,17943.9,17943.9
2024-04-22 22:15:00+00:00,17944.289,17944.289,17933.028,17934.0055
2024-04-22 22:20:00+00:00,17934.8835,17936.6945,17932.178,17935.7945
2024-04-22 22:25:00+00:00,17936.7165,17942.172,17936.633500000004,17942.172
2024-04-22 22:30:00+00:00,17942.5055,17944.310999999998,17940.372,17943.839
2024-04-22 22:35:00+00:00,17942.978,17944.810999999998,17942.978,17943.8445
2024-04-22 22:40:00+00:00,17943.394500000002,17944.7445,17938.9165,17942.105499999998
2024-04-22 22:45:00+00:00,17942.511,17946.6555,17942.511,17945.7
2024-04-22 22:50:00+00:00,17944.8055,17945.2165,17942.039,17942.428
2024-04-22 22:55:00+00:00,17942.15,17943.894500000002,17939.383500000004,17941.211
2024-04-22 23:00:00+00:00,17940.81,17943.4,17938.428,17941.2
2024-04-22 23:05:00+00:00,17940.689000000002,17943.9055,17937.5445,17937.5445
2024-04-22 23:10:00+00:00,17938.5,17939.389000000003,17903.4945,17915.9055
2024-04-22 23:15:00+00:00,17915.6325,17934.3,17914.439000000002,17934.3
2024-04-22 23:20:00+00:00,17934.789,17935.2,17928.9055,17930.678
2024-04-22 23:25:00+00:00,17931.2055,17935.772,17927.089,17935.2055
2024-04-22 23:30:00+00:00,17934.289,17941.4945,17932.5,17934.228
2024-04-22 23:35:00+00:00,17933.9165,17937.605499999998,17930.7055,17936.261
2024-04-22 23:40:00+00:00,17935.739,17937.616499999996,17934.389000000003,17935.289
2024-04-22 23:45:00+00:00,17934.828,17940.6945,17934.328,17939.7445
2024-04-22 23:50:00+00:00,17940.644500000002,17941.6555,17934.389000000003,17935.3055
2024-04-22 23:55:00+00:00,17936.183500000003,17937.1,17933.5055,17937.0445
2024-04-23 00:00:00+00:00,17937.9945,17944.6945,17936.139000000003,17942.5555
2024-04-23 00:05:00+00:00,17941.5945,17946.9945,17938.560999999998,17940.711
2024-04-23 00:10:00+00:00,17939.816499999997,17941.5945,17931.8,17931.8
2024-04-23 00:15:00+00:00,17959.5555,17965.9945,17938.0055,17962.939000000002
2024-04-23 00:20:00+00:00,17963.4945,17967.522,17955.060999999998,17960.478
2024-04-23 00:25:00+00:00,17961.0,17965.5165,17960.9835,17962.45
2024-04-23 00:30:00+00:00,17963.066499999997,17969.072,17959.939000000002,17963.0
2024-04-23 00:35:00+00:00,17962.5,17968.5,17962.5,17964.4445
2024-04-23 00:40:00+00:00,17964.978,17969.0055,17963.489,17964.9445
2024-04-23 00:45:00+00:00,17966.072,17981.439000000002,17966.072,17978.0055
2024-04-23 00:50:00+00:00,17976.0,17979.0055,17970.4945,17971.522
2024-04-23 00:55:00+00:00,17971.9835,17975.489,17969.489,17975.489
2024-04-23 01:00:00+00:00,17976.016499999998,17977.489,17970.066499999997,17970.066499999997
2024-04-23 01:05:00+00:00,17970.439000000002,17976.0,17970.439000000002,17974.0
2024-04-23 01:10:00+00:00,17975.0055,17975.0055,17969.9835,17973.433500000003
2024-04-23 01:15:00+00:00,17974.0165,17974.0165,17966.522,17971.0055
2024-04-23 01:20:00+00:00,17966.939000000002,17966.9945,17961.072,17963.560999999998
2024-04-23 01:25:00+00:00,17962.066499999997,17965.4945,17958.4945,17965.0
2024-04-23 01:30:00+00:00,17964.4945,17974.060999999998,17963.0,17970.478
2024-04-23 01:35:00+00:00,17970.9945,17974.55,17959.45,17961.478
2024-04-23 01:40:00+00:00,17961.989,17963.989,17955.55,17958.516499999998
2024-04-23 01:45:00+00:00,17959.0165,17959.066499999997,17951.439000000002,17954.511
2024-04-23 01:50:00+00:00,17955.011,17958.511,17940.978,17940.9835
2024-04-23 01:55:00+00:00,17941.478,17954.072,17939.989,17951.5
2024-04-23 02:00:00+00:00,17951.9445,17954.439000000002,17947.489,17952.4445
2024-04-23 02:05:00+00:00,17953.066499999997,17961.522,17953.066499999997,17961.522
2024-04-23 02:10:00+00:00,17961.989,17964.560999999998,17960.478,17960.989
2024-04-23 02:15:00+00:00,17961.45,17963.489,17956.933500000003,17957.4945
2024-04-23 02:20:00+00:00,17957.983500000002,17965.4835,17957.983500000002,17964.511
2024-04-23 02:25:00+00:00,17965.016499999998,17972.511,17960.05,17971.5055
2024-04-23 02:30:00+00:00,17968.511,17970.989,17963.928,17967.5
2024-04-23 02:35:00+00:00,17966.0055,17974.566499999997,17965.4835,17966.489
2024-04-23 02:40:00+00:00,17966.928,17972.560999999998,17963.933500000003,17972.489
2024-04-23 02:45:00+00:00,17973.0,17973.9445,17969.0055,17971.983500000002
2024-04-23 02:50:00+00:00,17971.483500000002,17973.072,17971.0055,17971.933500000003
2024-04-23 02:55:00+00:00,17972.489,17973.478,17971.0,17971.5555
2024-04-23 03:00:00+00:00,17972.011,17981.011,17971.4945,17973.9945
2024-04-23 03:05:00+00:00,17974.4835,17974.560999999998,17963.989,17966.489
2024-04-23 03:10:00+00:00,17966.978,17976.0,17966.489,17973.5
2024-04-23 03:15:00+00:00,17974.0,17978.9945,17972.989,17974.489
2024-04-23 03:20:00+00:00,17976.511,17976.516499999998,17974.05,17975.5055
2024-04-23 03:25:00+00:00,17975.0055,17977.0,17972.4445,17975.066499999997
2024-04-23 03:30:00+00:00,17975.439000000002,17977.022,17971.5555,17975.9835
2024-04-23 03:35:00+00:00,17975.4945,17976.5,17975.4945,17976.5
2024-04-23 03:40:00+00:00,17977.9945,17978.572,17975.0,17976.989
2024-04-23 03:45:00+00:00,17976.483500000002,17978.0,17975.5055,17975.560999999998
2024-04-23 03:50:00+00:00,17975.0555,17975.0555,17970.0,17970.511
2024-04-23 03:55:00+00:00,17969.9835,17973.011,17968.5,17972.9945
2024-04-23 04:00:00+00:00,17973.5,17973.5,17972.0,17972.928
2024-04-23 04:05:00+00:00,17973.4835,17973.5,17969.5055,17971.011
2024-04-23 04:10:00+00:00,17971.5,17972.5,17966.489,17967.9945
2024-04-23 04:15:00+00:00,17966.95,17966.95,17963.011,17963.011
2024-04-23 04:20:00+00:00,17963.5055,17963.516499999998,17958.566499999997,17958.566499999997
2024-04-23 04:25:00+00:00,17959.016499999998,17963.0,17958.95,17958.95
2024-04-23 04:30:00+00:00,17960.05,17960.05,17954.4945,17955.05
2024-04-23 04:35:00+00:00,17955.566499999997,17962.428,17955.566499999997,17957.9445
2024-04-23 04:40:00+00:00,17958.5555,17958.5555,17954.483500000002,17955.939000000002
2024-04-23 04:45:00+00:00,17956.5055,17957.522,17953.9945,17957.522
2024-04-23 04:50:00+00:00,17958.072,17960.0055,17956.439000000002,17958.989
2024-04-23 04:55:00+00:00,17958.478,17965.9835,17958.478,17965.9835
2024-04-23 05:00:00+00:00,17966.9945,17969.0055,17962.928,17962.928
2024-04-23 05:05:00+00:00,17962.5055,17963.060999999998,17959.0055,17959.0055
2024-04-23 05:10:00+00:00,17957.5,17959.5555,17957.5,17958.433500000003
2024-04-23 05:15:00+00:00,17959.011,17961.0055,17957.939000000002,17958.928
2024-04-23 05:20:00+00:00,17959.4945,17965.516499999998,17958.939000000002,17964.4945
2024-04-23 05:25:00+00:00,17962.928,17962.928,17958.4945,17958.4945
2024-04-23 05:30:00+00:00,17957.9945,17959.072,17955.939000000002,17956.511
2024-04-23 05:35:00+00:00,17955.0055,17955.0055,17948.572,17951.011
2024-04-23 05:40:00+00:00,17949.983500000002,17951.0,17948.478,17949.011
2024-04-23 05:45:00+00:00,17949.989,17961.5,17949.989,17960.45
2024-04-23 05:50:00+00:00,17958.95,17974.011,17958.0,17973.066499999997
2024-04-23 05:55:00+00:00,17973.5,17974.511,17962.5,17966.011
2024-04-23 06:00:00+00:00,17965.516499999998,17965.516499999998,17947.989,17949.0
2024-04-23 06:05:00+00:00,17948.489,17969.072,17948.478,17965.5055
2024-04-23 06:10:00+00:00,17966.0055,17970.989,17960.989,17962.5055
2024-04-23 06:15:00+00:00,17963.011,17965.0055,17957.011,17959.5
2024-04-23 06:20:00+00:00,17960.0,17961.9945,17957.978,17957.9945
2024-04-23 06:25:00+00:00,17957.522,17962.989,17955.060999999998,17957.0
2024-04-23 06:30:00+00:00,17956.428,17964.0055,17954.9945,17963.989
2024-04-23 06:35:00+00:00,17964.5,17977.066499999997,17963.5,17977.0555
2024-04-23 06:40:00+00:00,17976.566499999997,17983.5555,17975.9945,17983.55
2024-04-23 06:45:00+00:00,17983.0165,17986.5055,17974.9835,17979.95
2024-04-23 06:50:00+00:00,17980.511,18006.016499999998,17979.9945,18006.016499999998
2024-04-23 06:55:00+00:00,18007.0,18014.5,17994.489,18008.989
2024-04-23 07:00:00+00:00,18008.234,18046.489,17998.072,18034.0555
2024-04-23 07:05:00+00:00,18034.0,18035.0055,18018.0,18024.0055
2024-04-23 07:10:00+00:00,18025.0,18026.9445,18000.0165,18001.560999999998
2024-04-23 07:15:00+00:00,18002.483500000002,18010.4945,17981.0,17996.9945
2024-04-23 07:20:00+00:00,17997.201,18018.489,17995.511,18009.011
2024-04-23 07:25:00+00:00,18008.4945,18013.016499999998,17988.4445,18000.0055
2024-04-23 07:30:00+00:00,17999.4445,18000.489,17971.55,17973.0055
2024-04-23 07:35:00+00:00,17973.989,17986.516499999998,17966.983500000002,17974.0055
2024-04-23 07:40:00+00:00,17976.9945,17979.483500000002,17964.4945,17979.0055
2024-04-23 07:45:00+00:00,17977.989,17991.0555,17973.4835,17989.5
2024-04-23 07:50:00+00:00,17988.983500000002,17991.5165,17978.489,17979.9945
2024-04-23 07:55:00+00:00,17979.489,17988.5,17975.0,17975.0
2024-04-23 08:00:00+00:00,17976.5055,17996.011,17976.5055,17987.511
2024-04-23 08:05:00+00:00,17986.5,17987.072,17974.9945,17977.022
2024-04-23 08:10:00+00:00,17977.989,17997.5,17971.939000000002,17997.011
2024-04-23 08:15:00+00:00,17996.55,18002.5555,17992.016499999998,17998.0555
2024-04-23 08:20:00+00:00,17998.511,17998.522,17982.022,17982.022
2024-04-23 08:25:00+00:00,17982.989,17987.5055,17978.0555,17980.0
2024-04-23 08:30:00+00:00,17979.245000000003,17983.0055,17965.5,17973.566499999997
2024-04-23 08:35:00+00:00,17973.0055,17976.516499999998,17966.55,17967.9445
2024-04-23 08:40:00+00:00,17968.566499999997,17972.566499999997,17962.4945,17971.05
2024-04-23 08:45:00+00:00,17970.734,17977.0555,17965.0,17967.0
2024-04-23 08:50:00+00:00,17966.516499999998,17974.060999999998,17962.0,17973.0055
2024-04-23 08:55:00+00:00,17972.4945,17972.989,17954.933500000003,17957.989
2024-04-23 09:00:00+00:00,17957.5055,17966.016499999998,17954.939000000002,17965.428
2024-04-23 09:05:00+00:00,17964.9445,17966.0165,17956.939000000002,17962.5
2024-04-23 09:10:00+00:00,17961.5055,17977.0,17960.0,17972.016499999998
2024-04-23 09:15:00+00:00,17971.5055,17985.05,17967.016499999998,17978.0
2024-04-23 09:20:00+00:00,17978.4445,17981.489,17967.4445,17978.072
2024-04-23 09:25:00+00:00,17978.983500000002,17993.0,17975.989,17988.5
2024-04-23 09:30:00+00:00,17989.0555,17994.0055,17985.4835,17987.5
2024-04-23 09:35:00+00:00,17988.4945,17998.933500000003,17988.066499999997,17991.939000000002
2024-04-23 09:40:00+00:00,17992.511,18002.072,17987.9945,17987.9945
2024-04-23 09:45:00+00:00,17987.483500000002,17992.060999999998,17980.5,17991.0055
2024-04-23 09:50:00+00:00,17990.5055,17992.511,17987.0,17987.511
2024-04-23 09:55:00+00:00,17988.066499999997,17998.560999999998,17985.511,17998.4835
2024-04-23 10:00:00+00:00,17999.5055,18010.989,17997.072,18008.978
2024-04-23 10:05:00+00:00,18007.511,18013.5,18004.9945,18011.933500000003
2024-04-23 10:10:00+00:00,18012.516499999998,18027.5,18012.0,18025.05
2024-04-23 10:15:00+00:00,18024.572,18027.516499999998,18019.4835,18023.5165
2024-04-23 10:20:00+00:00,18022.55,18031.0055,18022.55,18026.439000000002
2024-04-23 10:25:00+00:00,18026.9445,18031.011,18024.989,18029.9945
2024-04-23 10:30:00+00:00,18031.011,18044.0,18029.4945,18042.522
2024-04-23 10:35:00+00:00,18042.0055,18049.011,18041.989,18045.9945
2024-04-23 10:40:00+00:00,18046.560999999998,18057.572,18045.978,18053.45
2024-04-23 10:45:00+00:00,18052.712,18062.572,18052.05,18059.989
2024-04-23 10:50:00+00:00,18060.511,18065.511,18057.066499999997,18061.95
2024-04-23 10:55:00+00:00,18062.489,18064.022,18055.939000000002,18060.95
2024-04-23 11:00:00+00:00,18061.989,18068.0055,18058.016499999998,18061.928
2024-04-23 11:05:00+00:00,18062.511,18072.011,18062.0,18071.0055
2024-04-23 11:10:00+00:00,18071.489,18076.5,18066.0055,18074.9445
2024-04-23 11:15:00+00:00,18074.439000000002,18075.522,18062.489,18062.5165
2024-04-23 11:20:00+00:00,18062.928,18066.5055,18057.439000000002,18063.4835
2024-04-23 11:25:00+00:00,18063.072,18069.5165,18054.439000000002,18055.060999999998
2024-04-23 11:30:00+00:00,18056.0555,18058.0055,18041.0055,18042.0055
2024-04-23 11:35:00+00:00,18042.9835,18048.0,18038.011,18039.0165
2024-04-23 11:40:00+00:00,18040.5,18047.933500000003,18039.933500000003,18045.0
2024-04-23 11:45:00+00:00,18043.5,18049.4445,18032.9945,18033.511
2024-04-23 11:50:00+00:00,18033.9945,18034.4945,18028.478,18032.0
2024-04-23 11:55:00+00:00,18032.483500000002,18037.5555,18029.489,18036.978
2024-04-23 12:00:00+00:00,18037.489,18043.433500000003,18034.55,18037.0
2024-04-23 12:05:00+00:00,18037.560999999998,18039.511,18031.9945,18035.016499999998
2024-04-23 12:10:00+00:00,18034.5,18035.072,18015.5055,18016.9945
2024-04-23 12:15:00+00:00,18017.489,18018.05,18009.95,18015.5
2024-04-23 12:20:00+00:00,18016.5,18027.5,18016.016499999998,18025.9945
2024-04-23 12:25:00+00:00,18026.5055,18032.489,18022.0555,18027.0055
2024-04-23 12:30:00+00:00,18027.5,18051.060999999998,18027.5,18049.5
2024-04-23 12:35:00+00:00,18050.433500000003,18069.066499999997,18048.933500000003,18065.0055
2024-04-23 12:40:00+00:00,18065.928,18069.011,18050.9945,18053.011
2024-04-23 12:45:00+00:00,18052.511,18056.0055,18047.011,18052.0
2024-04-23 12:50:00+00:00,18053.489,18061.572,18051.9835,18060.0055
2024-04-23 12:55:00+00:00,18060.9945,18065.0055,18057.5055,18063.989
2024-04-23 13:00:00+00:00,18063.723,18068.511,18060.4445,18064.933500000003
2024-04-23 13:05:00+00:00,18065.489,18069.022,18062.572,18068.066499999997
2024-04-23 13:10:00+00:00,18068.511,18069.572,18055.0,18059.5055
2024-04-23 13:15:00+00:00,18059.0,18059.0555,18053.4945,18056.5055
2024-04-23 13:20:00+00:00,18056.0,18061.566499999997,18053.489,18056.933500000003
2024-04-23 13:25:00+00:00,18057.566499999997,18063.060999999998,18053.011,18053.483500000002
2024-04-23 13:30:00+00:00,18054.489,18058.511,18047.933500000003,18051.566499999997
2024-04-23 13:35:00+00:00,18050.983500000002,18069.0,18050.5055,18067.0
2024-04-23 13:40:00+00:00,18066.734,18069.428,18057.989,18058.433500000003
2024-04-23 13:45:00+00:00,18065.9945,18091.489,18056.566499999997,18084.072
2024-04-23 13:50:00+00:00,18084.483500000002,18086.9945,18069.928,18085.478
2024-04-23 13:55:00+00:00,18084.4445,18094.9945,18077.489,18090.516499999998
2024-04-23 14:00:00+00:00,18090.989,18093.5055,18075.55,18077.939000000002
2024-04-23 14:05:00+00:00,18077.483500000002,18086.9835,18071.433500000003,18072.060999999998
2024-04-23 14:10:00+00:00,18073.0055,18082.060999999998,18070.5,18071.989
2024-04-23 14:15:00+00:00,18072.5055,18086.9945,18070.4945,18085.9835
2024-04-23 14:20:00+00:00,18085.483500000002,18097.022,18075.928,18078.9835
2024-04-23 14:25:00+00:00,18078.4945,18088.011,18075.05,18085.9945
2024-04-23 14:30:00+00:00,18086.9945,18109.45,18086.9945,18107.0165
2024-04-23 14:35:00+00:00,18105.9445,18109.5,18100.483500000002,18100.9445
2024-04-23 14:40:00+00:00,18099.9945,18106.072,18099.5,18103.0055
2024-04-23 14:45:00+00:00,18103.433500000003,18106.516499999998,18098.0,18103.0055
2024-04-23 14:50:00+00:00,18103.5,18118.0055,18102.016499999998,18118.0055
2024-04-23 14:55:00+00:00,18117.5055,18128.0,18115.95,18117.9945
2024-04-23 15:00:00+00:00,18119.0055,18121.989,18098.5055,18107.489
2024-04-23 15:05:00+00:00,18108.0055,18117.45,18104.5055,18108.95
2024-04-23 15:10:00+00:00,18109.989,18130.9945,18109.989,18129.511
2024-04-23 15:15:00+00:00,18130.489,18138.928,18127.5055,18130.95
2024-04-23 15:20:00+00:00,18131.489,18144.0,18130.95,18142.989
2024-04-23 15:25:00+00:00,18143.560999999998,18146.5055,18137.4945,18145.0
2024-04-23 15:30:00+00:00,18144.5,18144.5,18128.0555,18138.022
2024-04-23 15:35:00+00:00,18137.489,18143.566499999997,18130.939000000002,18140.5055
2024-04-23 15:40:00+00:00,18140.983500000002,18140.983500000002,18131.489,18135.9945
2024-04-23 15:45:00+00:00,18136.5165,18137.560999999998,18124.5,18127.5055
2024-04-23 15:50:00+00:00,18127.0055,18129.072,18121.4945,18127.5055
2024-04-23 15:55:00+00:00,18127.072,18129.560999999998,18122.5,18125.0055
2024-04-23 16:00:00+00:00,18125.522,18134.022,18123.9945,18134.022
2024-04-23 16:05:00+00:00,18133.5,18134.428,18127.939000000002,18132.5555
2024-04-23 16:10:00+00:00,18132.0,18141.0055,18129.489,18140.5
2024-04-23 16:15:00+00:00,18140.060999999998,18146.5,18136.560999999998,18138.566499999997
2024-04-23 16:20:00+00:00,18138.0,18143.489,18137.4945,18140.5
2024-04-23 16:25:00+00:00,18141.022,18148.5055,18139.989,18147.0
2024-04-23 16:30:00+00:00,18147.511,18154.072,18143.9945,18151.9945
2024-04-23 16:35:00+00:00,18151.5055,18153.0,18142.0165,18149.016499999998
2024-04-23 16:40:00+00:00,18149.4945,18152.560999999998,18147.928,18152.0
2024-04-23 16:45:00+00:00,18152.489,18153.0,18146.989,18148.0055
2024-04-23 16:50:00+00:00,18148.5055,18151.5055,18145.5055,18147.5055
2024-04-23 16:55:00+00:00,18146.5,18149.489,18139.511,18142.0
2024-04-23 17:00:00+00:00,18141.799,18149.428,18137.9445,18148.5
2024-04-23 17:05:00+00:00,18147.55,18152.022,18144.95,18146.5
2024-04-23 17:10:00+00:00,18147.0,18148.060999999998,18136.928,18141.0055
2024-04-23 17:15:00+00:00,18140.489,18147.0165,18136.428,18144.066499999997
2024-04-23 17:20:00+00:00,18144.4445,18148.572,18143.5055,18145.022
2024-04-23 17:25:00+00:00,18146.489,18152.511,18143.5,18152.511
2024-04-23 17:30:00+00:00,18152.0,18153.4945,18148.933500000003,18151.0055
2024-04-23 17:35:00+00:00,18152.0,18156.0055,18148.5,18153.566499999997
2024-04-23 17:40:00+00:00,18154.4445,18164.0055,18150.928,18159.5
2024-04-23 17:45:00+00:00,18160.5055,18163.5055,18156.511,18161.0055
2024-04-23 17:50:00+00:00,18161.939000000002,18169.55,18160.439000000002,18165.5
2024-04-23 17:55:00+00:00,18165.939000000002,18168.0,18163.489,18165.9945
2024-04-23 18:00:00+00:00,18165.0,18166.072,18160.983500000002,18162.060999999998
2024-04-23 18:05:00+00:00,18161.4945,18165.572,18160.4945,18161.9945
2024-04-23 18:10:00+00:00,18162.5,18167.0055,18157.072,18163.0
2024-04-23 18:15:00+00:00,18163.478,18164.572,18160.5055,18162.989
2024-04-23 18:20:00+00:00,18163.5555,18169.066499999997,18163.5055,18168.022
2024-04-23 18:25:00+00:00,18169.0,18169.933500000003,18164.9445,18166.933500000003
2024-04-23 18:30:00+00:00,18166.81,18168.5165,18160.4445,18165.9945
2024-04-23 18:35:00+00:00,18166.4945,18171.0,18165.511,18167.4945
2024-04-23 18:40:00+00:00,18167.928,18172.5055,18164.5,18169.4945
2024-04-23 18:45:00+00:00,18169.0,18169.0,18163.9445,18166.011
2024-04-23 18:50:00+00:00,18165.572,18165.572,18155.939000000002,18157.489
2024-04-23 18:55:00+00:00,18158.011,18165.022,18157.0,18164.072
2024-04-23 19:00:00+00:00,18164.4945,18165.0,18151.4945,18160.0055
2024-04-23 19:05:00+00:00,18159.0555,18163.072,18155.5,18161.0555
2024-04-23 19:10:00+00:00,18160.5055,18167.072,18158.928,18161.978
2024-04-23 19:15:00+00:00,18161.511,18163.0,18158.989,18160.483500000002
2024-04-23 19:20:00+00:00,18159.989,18165.0,18159.011,18163.4945
2024-04-23 19:25:00+00:00,18164.016499999998,18165.511,18160.511,18164.0055
2024-04-23 19:30:00+00:00,18163.060999999998,18168.572,18159.5,18168.572
2024-04-23 19:35:00+00:00,18168.0055,18174.0,18166.011,18171.5
2024-04-23 19:40:00+00:00,18172.072,18177.0,18170.5,18174.0165
2024-04-23 19:45:00+00:00,18172.989,18173.428,18166.983500000002,18171.5
2024-04-23 19:50:00+00:00,18170.201,18172.511,18166.439000000002,18170.5055
2024-04-23 19:55:00+00:00,18171.55,18174.9445,18158.0,18164.478
2024-04-23 20:00:00+00:00,18166.0,18188.211,18164.339,18177.9
2024-04-23 20:05:00+00:00,18178.7945,18181.411,18169.6835,18178.7055
2024-04-23 20:10:00+00:00,18177.85,18183.272,18174.1835,18182.2945
2024-04-23 22:05:00+00:00,18185.35,18187.161,18179.0,18179.0
2024-04-23 22:10:00+00:00,18179.9165,18183.5,18177.610999999997,18179.9665
2024-04-23 22:15:00+00:00,18180.2945,18188.911,18179.011,18187.110999999997
2024-04-23 22:20:00+00:00,18186.2,18187.161,18178.9945,18182.1
2024-04-23 22:25:00+00:00,18181.7165,18182.672,18179.0055,18179.9055
2024-04-23 22:30:00+00:00,18180.866499999996,18180.866499999996,18177.1835,18178.928
2024-04-23 22:35:00+00:00,18179.411,18181.1945,18178.0945,18179.0
2024-04-23 22:40:00+00:00,18178.1,18180.810999999998,18178.1,18178.489
2024-04-23 22:45:00+00:00,18178.122,18182.605499999998,18178.122,18182.605499999998
2024-04-23 22:50:00+00:00,18181.7,18183.5555,18180.778,18183.5
2024-04-23 22:55:00+00:00,18184.4,18187.105499999998,18184.4,18186.189000000002
2024-04-23 23:00:00+00:00,18187.110999999997,18191.605499999998,18182.5945,18183.566499999997
2024-04-23 23:05:00+00:00,18184.328,18187.110999999997,18183.45,18186.1835
2024-04-23 23:10:00+00:00,18185.7,18188.972,18185.228,18188.4055
2024-04-23 23:15:00+00:00,18188.0,18191.661,18187.9445,18190.766499999998
2024-04-23 23:20:00+00:00,18188.972,18190.722,18187.9835,18189.733500000002
2024-04-23 23:25:00+00:00,18190.25,18193.472,18189.728,18193.45
2024-04-23 23:30:00+00:00,18195.211,18195.211,18187.0335,18187.9945
2024-04-23 23:35:00+00:00,18188.394500000002,18193.422,18187.0945,18193.339
2024-04-23 23:40:00+00:00,18193.8,18199.7,18192.4945,18196.7055
2024-04-23 23:45:00+00:00,18197.610999999997,18198.560999999998,18193.983500000002,18198.0165
2024-04-23 23:50:00+00:00,18198.5,18202.1665,18198.394500000002,18199.310999999998
2024-04-23 23:55:00+00:00,18198.4,18198.9445,18192.0835,18195.378
2024-04-24 00:00:00+00:00,18194.96,18194.96,18187.278,18190.0
2024-04-24 00:05:00+00:00,18190.911,18192.711,18189.078,18190.011
2024-04-24 00:10:00+00:00,18189.5055,18196.278,18189.0335,18194.572
2024-04-24 00:15:00+00:00,18183.933500000003,18185.5,18170.9945,18180.983500000002
2024-04-24 00:20:00+00:00,18181.05,18186.5,18181.05,18184.5
2024-04-24 00:25:00+00:00,18183.989,18187.983500000002,18182.933500000003,18187.983500000002
2024-04-24 00:30:00+00:00,18188.4445,18191.566499999997,18184.9945,18189.9945
2024-04-24 00:35:00+00:00,18189.511,18197.0555,18189.511,18195.939000000002
2024-04-24 00:40:00+00:00,18195.5165,18199.5,18193.0,18193.0
2024-04-24 00:45:00+00:00,18192.572,18193.0,18184.9445,18192.566499999997
2024-04-24 00:50:00+00:00,18193.0165,18205.5165,18193.0165,18205.5165
2024-04-24 00:55:00+00:00,18209.5055,18211.55,18199.9945,18199.9945
2024-04-24 01:00:00+00:00,18199.439000000002,18200.489,18196.011,18198.489
2024-04-24 01:05:00+00:00,18199.0555,18199.0555,18192.4945,18194.928
2024-04-24 01:10:00+00:00,18194.0,18198.072,18194.0,18197.9835
2024-04-24 01:15:00+00:00,18197.489,18212.522,18196.0165,18210.572
2024-04-24 01:20:00+00:00,18211.0165,18213.511,18208.0,18208.9445
2024-04-24 01:25:00+00:00,18208.022,18209.511,18201.4945,18203.4945
2024-04-24 01:30:00+00:00,18201.801,18203.0055,18193.4445,18196.4945
2024-04-24 01:35:00+00:00,18197.511,18198.9445,18193.983500000002,18196.0055
2024-04-24 01:40:00+00:00,18195.45,18196.016499999998,18193.0,18193.489
2024-04-24 01:45:00+00:00,18194.016499999998,18208.016499999998,18194.016499999998,18204.0
2024-04-24 01:50:00+00:00,18204.9945,18210.5,18201.9835,18210.5
2024-04-24 01:55:00+00:00,18211.0165,18214.5,18207.433500000003,18214.5
2024-04-24 02:00:00+00:00,18214.95,18215.0,18208.45,18209.4945
2024-04-24 02:05:00+00:00,18210.011,18213.478,18210.0,18212.989
2024-04-24 02:10:00+00:00,18212.560999999998,18213.011,18210.9835,18212.511
2024-04-24 02:15:00+00:00,18214.489,18214.489,18203.511,18205.511
2024-04-24 02:20:00+00:00,18206.05,18207.011,18199.4945,18202.4835
2024-04-24 02:25:00+00:00,18202.0,18202.4945,18202.0,18202.4445
2024-04-24 02:30:00+00:00,18202.0055,18203.560999999998,18202.0,18202.0
2024-04-24 02:35:00+00:00,18200.9945,18202.9945,18200.9945,18201.5
2024-04-24 02:40:00+00:00,18201.9445,18202.989,18198.9945,18201.016499999998
2024-04-24 02:45:00+00:00,18198.928,18204.489,18198.5,18204.0
2024-04-24 02:50:00+00:00,18204.428,18207.572,18197.5055,18197.5055
2024-04-24 02:55:00+00:00,18198.5555,18204.439000000002,18197.9835,18204.439000000002
2024-04-24 03:00:00+00:00,18205.928,18218.516499999998,18205.928,18218.516499999998
2024-04-24 03:05:00+00:00,18219.0165,18228.560999999998,18216.0,18218.05
2024-04-24 03:10:00+00:00,18216.4945,18218.0,18214.511,18217.983500000002
2024-04-24 03:15:00+00:00,18217.5,18219.55,18215.5055,18215.928
2024-04-24 03:20:00+00:00,18215.5,18215.9945,18215.0,18215.9945
2024-04-24 03:25:00+00:00,18215.4445,18216.0,18212.983500000002,18215.5
2024-04-24 03:30:00+00:00,18215.022,18218.5165,18214.9945,18215.9945
2024-04-24 03:35:00+00:00,18215.5,18215.5055,18201.489,18215.5055
2024-04-24 03:40:00+00:00,18217.0555,18220.522,18214.0,18217.011
2024-04-24 03:45:00+00:00,18216.511,18216.511,18208.4445,18210.9835
2024-04-24 03:50:00+00:00,18210.5,18214.489,18210.0055,18214.45
2024-04-24 03:55:00+00:00,18214.9835,18220.0055,18214.072,18218.5
2024-04-24 04:00:00+00:00,18217.9945,18218.933500000003,18216.978,18217.511
2024-04-24 04:05:00+00:00,18216.928,18217.5,18213.928,18217.5
2024-04-24 04:10:00+00:00,18214.989,18217.066499999997,18209.933500000003,18209.933500000003
2024-04-24 04:15:00+00:00,18210.5,18217.5,18210.5,18215.0055
2024-04-24 04:20:00+00:00,18215.5,18215.5,18210.483500000002,18212.560999999998
2024-04-24 04:25:00+00:00,18213.0,18213.4945,18209.0,18211.95
2024-04-24 04:30:00+00:00,18211.5,18211.5,18208.983500000002,18209.5
2024-04-24 04:35:00+00:00,18210.0055,18212.5,18210.0055,18212.5
2024-04-24 04:40:00+00:00,18211.4945,18211.572,18211.0055,18211.572
2024-04-24 04:45:00+00:00,18210.939000000002,18213.5055,18210.0,18210.011
2024-04-24 04:50:00+00:00,18210.5,18212.0555,18208.989,18209.489
2024-04-24 04:55:00+00:00,18210.560999999998,18216.572,18210.560999999998,18212.5055
2024-04-24 05:00:00+00:00,18212.0055,18213.989,18211.4835,18211.5165
2024-04-24 05:05:00+00:00,18212.572,18212.572,18212.572,18212.572
2024-04-24 05:10:00+00:00,18213.95,18227.011,18213.4945,18222.5055
2024-04-24 05:15:00+00:00,18222.249,18227.5165,18222.0,18223.511
2024-04-24 05:20:00+00:00,18222.989,18226.0555,18222.5055,18225.939000000002
2024-04-24 05:25:00+00:00,18226.5,18227.566499999997,18225.0,18225.489
2024-04-24 05:30:00+00:00,18225.0,18225.55,18221.483500000002,18221.483500000002
2024-04-24 05:35:00+00:00,18222.489,18225.0055,18222.489,18223.4835
2024-04-24 05:40:00+00:00,18223.9945,18228.05,18222.0,18226.016499999998
2024-04-24 05:45:00+00:00,18225.439000000002,18228.9945,18223.5055,18228.4945
2024-04-24 05:50:00+00:00,18229.4945,18234.5055,18229.4945,18234.0
2024-04-24 05:55:00+00:00,18233.522,18233.522,18226.989,18228.9945
2024-04-24 06:00:00+00:00,18228.0055,18239.060999999998,18222.55,18224.428
2024-04-24 06:05:00+00:00,18225.489,18230.5,18220.928,18229.439000000002
2024-04-24 06:10:00+00:00,18228.45,18228.511,18208.0,18210.4945
2024-04-24 06:15:00+00:00,18209.0165,18225.489,18206.483500000002,18218.511
2024-04-24 06:20:00+00:00,18219.0,18226.066499999997,18213.428,18216.5
2024-04-24 06:25:00+00:00,18215.511,18221.5055,18214.428,18215.072
2024-04-24 06:30:00+00:00,18214.5055,18219.5,18210.0,18215.4945
2024-04-24 06:35:00+00:00,18216.5,18222.4945,18210.489,18218.9445
2024-04-24 06:40:00+00:00,18218.4945,18219.5,18212.4445,18218.5055
2024-04-24 06:45:00+00:00,18217.989,18218.4945,18200.478,18200.5055
2024-04-24 06:50:00+00:00,18199.928,18201.978,18193.483500000002,18193.483500000002
2024-04-24 06:55:00+00:00,18194.011,18216.5055,18192.478,18216.5055
2024-04-24 07:00:00+00:00,18214.286,18214.286,18179.0055,18183.5055
2024-04-24 07:05:00+00:00,18182.489,18188.511,18166.522,18173.4945
2024-04-24 07:10:00+00:00,18173.989,18178.5,18165.439000000002,18174.5055
2024-04-24 07:15:00+00:00,18175.066499999997,18189.433500000003,18173.9835,18185.478
2024-04-24 07:20:00+00:00,18184.4945,18195.072,18179.489,18185.5
2024-04-24 07:25:00+00:00,18186.011,18189.5055,18177.5055,18178.428
2024-04-24 07:30:00+00:00,18178.223,18191.5055,18171.4945,18190.5055
2024-04-24 07:35:00+00:00,18191.489,18205.566499999997,18189.439000000002,18201.5
2024-04-24 07:40:00+00:00,18201.0,18201.4945,18184.428,18194.5055
2024-04-24 07:45:00+00:00,18194.9835,18209.05,18194.9835,18203.4945
2024-04-24 07:50:00+00:00,18203.0055,18219.5055,18201.0165,18212.989
2024-04-24 07:55:00+00:00,18212.723,18217.5,18201.5165,18203.439000000002
2024-04-24 08:00:00+00:00,18202.5,18217.9945,18200.9945,18216.489
2024-04-24 08:05:00+00:00,18215.433500000003,18225.933500000003,18213.9945,18222.5055
2024-04-24 08:10:00+00:00,18222.0165,18226.511,18214.5,18215.5
2024-04-24 08:15:00+00:00,18216.933500000003,18216.933500000003,18200.9945,18206.4945
2024-04-24 08:20:00+00:00,18207.0555,18210.05,18197.566499999997,18209.489
2024-04-24 08:25:00+00:00,18210.5,18212.566499999997,18195.933500000003,18200.5
2024-04-24 08:30:00+00:00,18200.0055,18204.989,18190.0,18204.989
2024-04-24 08:35:00+00:00,18205.511,18209.011,18199.9945,18207.478
2024-04-24 08:40:00+00:00,18208.511,18218.066499999997,18204.0,18213.5
2024-04-24 08:45:00+00:00,18212.5055,18218.5,18198.4945,18198.9945
2024-04-24 08:50:00+00:00,18199.5055,18200.4945,18182.483500000002,18183.0055
2024-04-24 08:55:00+00:00,18182.723,18184.5,18172.0,18172.5055
2024-04-24 09:00:00+00:00,18176.4945,18185.428,18175.428,18183.522
2024-04-24 09:05:00+00:00,18182.483500000002,18187.0555,18176.0055,18183.516499999998
2024-04-24 09:10:00+00:00,18184.022,18185.4945,18175.45,18184.0
2024-04-24 09:15:00+00:00,18184.5,18193.560999999998,18175.5165,18193.5
2024-04-24 09:20:00+00:00,18192.9445,18192.9445,18180.989,18182.522
2024-04-24 09:25:00+00:00,18183.0,18192.022,18181.978,18191.511
2024-04-24 09:30:00+00:00,18191.989,18198.0,18190.0055,18194.4445
2024-04-24 09:35:00+00:00,18195.022,18201.572,18192.939000000002,18197.0055
2024-04-24 09:40:00+00:00,18196.511,18198.4835,18186.9945,18190.5
2024-04-24 09:45:00+00:00,18191.066499999997,18193.4945,18178.989,18181.428
2024-04-24 09:50:00+00:00,18180.939000000002,18181.9945,18171.4835,18173.5055
2024-04-24 09:55:00+00:00,18174.433500000003,18181.016499999998,18172.072,18176.9945
2024-04-24 10:00:00+00:00,18177.5055,18186.516499999998,18173.5,18184.5165
2024-04-24 10:05:00+00:00,18185.0,18185.983500000002,18169.572,18176.4835
2024-04-24 10:10:00+00:00,18176.9835,18190.0055,18174.989,18189.560999999998
2024-04-24 10:15:00+00:00,18188.989,18193.0055,18183.4835,18189.9945
2024-04-24 10:20:00+00:00,18189.489,18193.511,18185.011,18191.989
2024-04-24 10:25:00+00:00,18192.4945,18192.4945,18185.4445,18186.560999999998
2024-04-24 10:30:00+00:00,18186.0055,18191.9945,18185.072,18189.511
2024-04-24 10:35:00+00:00,18189.05,18193.066499999997,18186.5555,18186.989
2024-04-24 10:40:00+00:00,18186.5165,18188.560999999998,18181.4835,18188.5165
2024-04-24 10:45:00+00:00,18189.0,18199.939000000002,18187.428,18193.4945
2024-04-24 10:50:00+00:00,18192.489,18198.5555,18190.066499999997,18198.489
2024-04-24 10:55:00+00:00,18197.5,18199.5,18190.55,18190.55
2024-04-24 11:00:00+00:00,18191.0,18199.022,18188.5,18196.511
2024-04-24 11:05:00+00:00,18196.011,18196.022,18189.45,18191.9945
2024-04-24 11:10:00+00:00,18192.572,18197.516499999998,18192.4945,18195.428
2024-04-24 11:15:00+00:00,18194.9945,18196.572,18182.45,18187.4945
2024-04-24 11:20:00+00:00,18188.511,18191.95,18180.5,18191.439000000002
2024-04-24 11:25:00+00:00,18190.5,18192.011,18186.489,18187.560999999998
2024-04-24 11:30:00+00:00,18186.478,18197.5055,18184.9945,18196.4945
2024-04-24 11:35:00+00:00,18196.939000000002,18201.5555,18196.5055,18197.5
2024-04-24 11:40:00+00:00,18197.989,18200.483500000002,18190.022,18190.5055
2024-04-24 11:45:00+00:00,18191.0055,18192.060999999998,18182.066499999997,18186.5055
2024-04-24 11:50:00+00:00,18186.011,18189.0555,18183.0,18187.489
2024-04-24 11:55:00+00:00,18188.5555,18190.5,18184.511,18186.483500000002
2024-04-24 12:00:00+00:00,18186.939000000002,18189.011,18180.5,18182.5
2024-04-24 12:05:00+00:00,18181.9945,18190.9835,18180.5,18187.5
2024-04-24 12:10:00+00:00,18187.0055,18190.989,18175.928,18181.5
2024-04-24 12:15:00+00:00,18182.45,18183.55,18175.989,18179.0
2024-04-24 12:20:00+00:00,18178.4945,18182.011,18173.011,18176.060999999998
2024-04-24 12:25:00+00:00,18175.0,18179.5055,18173.9945,18176.489
2024-04-24 12:30:00+00:00,18177.0,18185.55,18172.5,18174.483500000002
2024-04-24 12:35:00+00:00,18172.928,18175.0055,18162.4835,18163.560999999998
2024-04-24 12:40:00+00:00,18162.928,18166.5,18152.9945,18153.4945
2024-04-24 12:45:00+00:00,18154.0,18161.016499999998,18147.522,18151.0
2024-04-24 12:50:00+00:00,18151.489,18153.928,18143.489,18143.489
2024-04-24 12:55:00+00:00,18142.933500000003,18145.439000000002,18137.0,18138.5
2024-04-24 13:00:00+00:00,18137.45,18145.0,18131.95,18143.9835
2024-04-24 13:05:00+00:00,18144.5,18146.060999999998,18140.9945,18143.5055
2024-04-24 13:10:00+00:00,18143.0,18143.433500000003,18130.060999999998,18130.9445
2024-04-24 13:15:00+00:00,18129.983500000002,18137.55,18127.9445,18133.9945
2024-04-24 13:20:00+00:00,18134.5055,18140.566499999997,18132.9445,18139.4945
2024-04-24 13:25:00+00:00,18140.0,18144.011,18137.4445,18143.5555
2024-04-24 13:30:00+00:00,18144.0,18146.522,18118.9945,18133.5165
2024-04-24 13:35:00+00:00,18134.4945,18144.011,18130.5,18140.5555
2024-04-24 13:40:00+00:00,18139.478,18146.511,18133.0055,18145.516499999998
2024-04-24 13:45:00+00:00,18146.9945,18146.9945,18135.483500000002,18142.489
2024-04-24 13:50:00+00:00,18143.511,18145.566499999997,18134.4945,18137.0
2024-04-24 13:55:00+00:00,18136.483500000002,18136.5055,18113.5,18117.4835
2024-04-24 14:00:00+00:00,18116.522,18124.989,18110.5,18123.433500000003
2024-04-24 14:05:00+00:00,18122.928,18139.066499999997,18120.55,18133.4945
2024-04-24 14:10:00+00:00,18133.9945,18136.4945,18109.95,18110.4945
2024-04-24 14:15:00+00:00,18111.511,18117.022,18104.939000000002,18112.5165
2024-04-24 14:20:00+00:00,18111.989,18118.55,18108.4445,18117.572
2024-04-24 14:25:00+00:00,18118.016499999998,18121.989,18106.989,18108.0055
2024-04-24 14:30:00+00:00,18108.4835,18112.5,18101.011,18105.011
2024-04-24 14:35:00+00:00,18105.566499999997,18108.511,18093.0055,18093.0055
2024-04-24 14:40:00+00:00,18092.745000000003,18095.4945,18076.4445,18087.572
2024-04-24 14:45:00+00:00,18087.939000000002,18089.511,18075.060999999998,18084.5
2024-04-24 14:50:00+00:00,18084.011,18084.55,18072.433500000003,18076.5
2024-04-24 14:55:00+00:00,18077.5055,18083.011,18072.489,18075.0055
2024-04-24 15:00:00+00:00,18074.511,18082.55,18068.433500000003,18069.566499999997
2024-04-24 15:05:00+00:00,18069.016499999998,18074.011,18060.433500000003,18062.433500000003
2024-04-24 15:10:00+00:00,18063.022,18068.060999999998,18058.95,18066.5055
2024-04-24 15:15:00+00:00,18065.560999999998,18068.516499999998,18061.016499999998,18066.5
2024-04-24 15:20:00+00:00,18066.978,18067.0555,18056.428,18058.939000000002
2024-04-24 15:25:00+00:00,18058.511,18069.428,18058.5,18069.428
2024-04-24 15:30:00+00:00,18069.0055,18078.016499999998,18063.478,18077.5055
2024-04-24 15:35:00+00:00,18078.011,18084.066499999997,18077.989,18081.566499999997
2024-04-24 15:40:00+00:00,18081.9945,18083.0,18058.989,18059.522
2024-04-24 15:45:00+00:00,18058.939000000002,18069.572,18053.560999999998,18066.483500000002
2024-04-24 15:50:00+00:00,18066.0,18068.439000000002,18060.0055,18068.439000000002
2024-04-24 15:55:00+00:00,18069.4945,18069.511,18058.45,18059.0
2024-04-24 16:00:00+00:00,18058.4835,18074.0,18058.4835,18071.0
2024-04-24 16:05:00+00:00,18070.4945,18070.5,18059.478,18062.5055
2024-04-24 16:10:00+00:00,18062.9835,18065.522,18058.5,18063.4945
2024-04-24 16:15:00+00:00,18063.0055,18068.978,18063.0055,18065.5055
2024-04-24 16:20:00+00:00,18066.016499999998,18068.933500000003,18060.428,18064.4945
2024-04-24 16:25:00+00:00,18064.9945,18070.072,18061.5055,18068.5555
2024-04-24 16:30:00+00:00,18068.0,18068.4945,18055.011,18057.439000000002
2024-04-24 16:35:00+00:00,18056.522,18065.511,18056.439000000002,18064.989
2024-04-24 16:40:00+00:00,18065.55,18065.989,18057.439000000002,18061.511
2024-04-24 16:45:00+00:00,18060.55,18063.022,18055.572,18059.478
2024-04-24 16:50:00+00:00,18058.5055,18068.560999999998,18057.0,18067.9835
2024-04-24 16:55:00+00:00,18067.55,18078.4945,18064.4445,18077.5055
2024-04-24 17:00:00+00:00,18078.4945,18079.5165,18070.511,18074.016499999998
2024-04-24 17:05:00+00:00,18074.428,18083.022,18074.428,18079.511
2024-04-24 17:10:00+00:00,18079.199,18084.5055,18078.439000000002,18080.5
2024-04-24 17:15:00+00:00,18081.0055,18085.0055,18077.5,18084.511
2024-04-24 17:20:00+00:00,18085.0,18092.05,18081.478,18091.989
2024-04-24 17:25:00+00:00,18092.4945,18098.05,18090.9835,18096.55
2024-04-24 17:30:00+00:00,18097.4945,18106.4945,18095.9445,18102.9945
2024-04-24 17:35:00+00:00,18102.489,18115.9945,18101.011,18109.5
2024-04-24 17:40:00+00:00,18110.439000000002,18115.560999999998,18109.5,18114.05
2024-04-24 17:45:00+00:00,18113.4835,18122.0,18113.4835,18114.566499999997
2024-04-24 17:50:00+00:00,18114.0055,18118.522,18112.0,18115.933500000003
2024-04-24 17:55:00+00:00,18116.45,18119.989,18114.0,18116.5555
2024-04-24 18:00:00+00:00,18116.989,18118.933500000003,18109.4445,18111.428
2024-04-24 18:05:00+00:00,18111.0,18111.0,18098.45,18105.4945
2024-04-24 18:10:00+00:00,18104.566499999997,18108.5055,18093.5,18093.5
2024-04-24 18:15:00+00:00,18094.4445,18095.522,18088.4945,18093.5055
2024-04-24 18:20:00+00:00,18094.072,18098.5555,18090.933500000003,18095.5555
2024-04-24 18:25:00+00:00,18094.95,18097.4835,18086.933500000003,18090.5055
2024-04-24 18:30:00+00:00,18090.022,18092.022,18079.9445,18085.5
2024-04-24 18:35:00+00:00,18085.0055,18093.5,18083.4945,18090.0055
2024-04-24 18:40:00+00:00,18089.5555,18093.0,18086.428,18092.5555
2024-04-24 18:45:00+00:00,18092.0055,18093.516499999998,18086.4445,18088.478
2024-04-24 18:50:00+00:00,18088.939000000002,18088.939000000002,18078.0,18080.9945
2024-04-24 18:55:00+00:00,18080.5055,18083.0,18074.5,18075.428
2024-04-24 19:00:00+00:00,18074.989,18076.560999999998,18068.4835,18068.511
2024-04-24 19:05:00+00:00,18069.0055,18080.978,18066.0,18078.928
2024-04-24 19:10:00+00:00,18078.5,18084.516499999998,18076.0555,18082.516499999998
2024-04-24 19:15:00+00:00,18082.072,18083.572,18077.989,18081.478
2024-04-24 19:20:00+00:00,18081.983500000002,18095.5055,18080.5,18094.5
2024-04-24 19:25:00+00:00,18094.022,18099.5,18090.489,18093.433500000003
2024-04-24 19:30:00+00:00,18092.989,18093.566499999997,18088.516499999998,18092.433500000003
2024-04-24 19:35:00+00:00,18091.9945,18094.0,18086.9945,18091.428
2024-04-24 19:40:00+00:00,18092.0555,18097.0,18090.5,18095.0
2024-04-24 19:45:00+00:00,18095.5055,18099.5,18089.0,18089.0
2024-04-24 19:50:00+00:00,18088.511,18095.560999999998,18087.989,18093.489
2024-04-24 19:55:00+00:00,18094.516499999998,18097.4945,18084.933500000003,18084.933500000003
2024-04-24 20:00:00+00:00,18080.0055,18095.605499999998,18074.211,18088.4945
2024-04-24 20:05:00+00:00,18088.9,18089.4055,18002.089,18030.866499999996
2024-04-24 20:10:00+00:00,18031.6945,18032.933500000003,18017.4055,18019.139000000003
2024-04-24 22:05:00+00:00,18005.578,18008.360999999997,18004.639000000003,18008.360999999997
2024-04-24 22:10:00+00:00,18006.5055,18010.711,18002.3,18010.6945
2024-04-24 22:15:00+00:00,18008.9,18010.761,18001.855499999998,18008.016499999998
2024-04-24 22:20:00+00:00,18008.516499999998,18016.372,18007.983500000002,18015.4165
2024-04-24 22:25:00+00:00,18014.9165,18019.894500000002,18012.1165,18017.328
2024-04-24 22:30:00+00:00,18018.2445,18019.139000000003,18007.589,18010.4055
2024-04-24 22:35:00+00:00,18011.3,18012.261,18002.289,18005.772
2024-04-24 22:40:00+00:00,18005.2055,18013.310999999998,18005.2,18008.7945
2024-04-24 22:45:00+00:00,18009.233500000002,18012.072,18008.4055,18011.1555
2024-04-24 22:50:00+00:00,18012.0,18012.0,18005.628,18005.711
2024-04-24 22:55:00+00:00,18006.6,18008.566499999997,18004.789,18006.683500000003
2024-04-24 23:00:00+00:00,18008.4945,18012.5,18006.711,18011.2
2024-04-24 23:05:00+00:00,18010.239,18013.0,18008.433500000003,18012.9445
2024-04-24 23:10:00+00:00,18013.9,18020.1,18013.9,18017.45
2024-04-24 23:15:00+00:00,18018.310999999998,18018.310999999998,18012.105499999998,18014.778
2024-04-24 23:20:00+00:00,18013.889000000003,18014.85,18012.028,18012.1
2024-04-24 23:25:00+00:00,18013.022,18019.4,18012.116499999996,18019.4
2024-04-24 23:30:00+00:00,18019.894500000002,18022.078,18014.0945,18015.05
2024-04-24 23:35:00+00:00,18014.1,18017.766499999998,18014.089,18016.789
2024-04-24 23:40:00+00:00,18016.355499999998,18016.8055,18014.116499999996,18014.572
2024-04-24 23:45:00+00:00,18014.978,18018.2,18014.1,18014.589
2024-04-24 23:50:00+00:00,18015.5945,18016.605499999998,18006.783499999998,18009.411
2024-04-24 23:55:00+00:00,18010.3,18017.310999999998,18009.2165,18016.383500000004
2024-04-25 00:00:00+00:00,18017.289,18047.522,18017.289,18045.639000000003
2024-04-25 00:05:00+00:00,18046.6,18047.5,18035.2,18036.6
2024-04-25 00:10:00+00:00,18035.6945,18038.25,18031.4945,18033.3
2024-04-25 00:15:00+00:00,18044.4945,18049.5,18036.0,18043.0165
2024-04-25 00:20:00+00:00,18042.978,18047.0555,18042.978,18043.511
2024-04-25 00:25:00+00:00,18044.5165,18054.978,18043.022,18053.0
2024-04-25 00:30:00+00:00,18053.489,18074.478,18053.489,18074.478
2024-04-25 00:35:00+00:00,18074.9945,18075.489,18072.989,18073.9945
2024-04-25 00:40:00+00:00,18075.022,18077.522,18070.566499999997,18072.939000000002
2024-04-25 00:45:00+00:00,18075.05,18078.5165,18075.0055,18078.5165
2024-04-25 00:50:00+00:00,18079.439000000002,18080.0055,18077.0,18077.0
2024-04-25 00:55:00+00:00,18075.566499999997,18077.5,18072.489,18077.0
2024-04-25 01:00:00+00:00,18075.483500000002,18075.483500000002,18074.45,18074.45
2024-04-25 01:05:00+00:00,18073.933500000003,18074.5555,18067.05,18067.05
2024-04-25 01:10:00+00:00,18065.566499999997,18067.95,18065.566499999997,18066.5
2024-04-25 01:15:00+00:00,18064.4945,18065.5,18058.478,18062.989
2024-04-25 01:20:00+00:00,18063.294,18064.788500000002,18061.489,18064.788500000002
2024-04-25 01:25:00+00:00,18065.1995,18071.433500000003,18065.1995,18070.4945
2024-04-25 01:30:00+00:00,18069.989,18070.5,18069.060999999998,18069.060999999998
2024-04-25 01:35:00+00:00,18068.0,18068.0,18062.483500000002,18064.060999999998
2024-04-25 01:40:00+00:00,18061.928,18066.0,18059.9945,18064.066499999997
2024-04-25 01:45:00+00:00,18063.4835,18063.4835,18048.4945,18048.9445
2024-04-25 01:50:00+00:00,18049.5,18057.511,18049.5,18056.983500000002
2024-04-25 01:55:00+00:00,18058.0,18059.0,18052.4945,18053.060999999998
2024-04-25 02:00:00+00:00,18052.56,18054.0,18048.4945,18053.433500000003
2024-04-25 02:05:00+00:00,18052.978,18054.933500000003,18050.9445,18053.478
2024-04-25 02:10:00+00:00,18053.9945,18054.022,18053.428,18053.572
2024-04-25 02:15:00+00:00,18053.9945,18055.522,18051.983500000002,18051.983500000002
2024-04-25 02:20:00+00:00,18052.5,18054.939000000002,18052.0,18054.939000000002
2024-04-25 02:25:00+00:00,18054.55,18055.0,18054.478,18055.0
2024-04-25 02:30:00+00:00,18054.439000000002,18055.072,18053.989,18055.016499999998
2024-04-25 02:35:00+00:00,18055.489,18055.489,18054.5,18054.9945
2024-04-25 02:40:00+00:00,18054.0,18056.5555,18054.0,18056.5555
2024-04-25 02:45:00+00:00,18056.9445,18057.0,18054.9445,18055.5055
2024-04-25 02:50:00+00:00,18055.022,18059.0,18054.933500000003,18057.0
2024-04-25 02:55:00+00:00,18056.983500000002,18057.55,18056.483500000002,18057.55
2024-04-25 03:00:00+00:00,18057.072,18057.4945,18057.0055,18057.0055
2024-04-25 03:05:00+00:00,18056.9945,18057.511,18053.0555,18053.0555
2024-04-25 03:10:00+00:00,18053.489,18054.0,18052.511,18053.45
2024-04-25 03:15:00+00:00,18053.9445,18054.4945,18053.9445,18054.4945
2024-04-25 03:20:00+00:00,18054.4445,18054.4445,18053.989,18053.989
2024-04-25 03:25:00+00:00,18053.9945,18053.9945,18051.0,18051.0
2024-04-25 03:30:00+00:00,18050.478,18050.478,18042.939000000002,18043.9835
2024-04-25 03:35:00+00:00,18044.5,18045.9945,18043.428,18045.4945
2024-04-25 03:40:00+00:00,18043.939000000002,18045.0,18043.511,18043.511
2024-04-25 03:45:00+00:00,18043.0555,18043.45,18039.45,18039.989
2024-04-25 03:50:00+00:00,18040.428,18041.0055,18038.9945,18041.0055
2024-04-25 03:55:00+00:00,18041.4945,18041.9945,18040.9945,18040.9945
2024-04-25 04:00:00+00:00,18042.060999999998,18043.9945,18041.511,18042.0555
2024-04-25 04:05:00+00:00,18041.5,18041.5,18041.5,18041.5
2024-04-25 04:10:00+00:00,18041.0055,18041.0055,18041.0055,18041.0055
2024-04-25 04:15:00+00:00,18041.0,18041.511,18039.511,18039.511
2024-04-25 04:20:00+00:00,18039.5,18043.5055,18039.5,18042.011
2024-04-25 04:25:00+00:00,18042.489,18043.989,18041.478,18041.478
2024-04-25 04:30:00+00:00,18043.55,18054.522,18043.55,18053.511
2024-04-25 04:35:00+00:00,18052.5,18058.0055,18052.5,18056.5055
2024-04-25 04:40:00+00:00,18056.016499999998,18056.016499999998,18049.5,18051.5
2024-04-25 04:45:00+00:00,18051.9835,18054.0,18043.45,18044.9945
2024-04-25 04:50:00+00:00,18045.489,18046.5,18044.989,18046.011
2024-04-25 04:55:00+00:00,18046.4945,18046.4945,18043.011,18044.060999999998
2024-04-25 05:00:00+00:00,18044.5055,18045.95,18036.011,18036.011
2024-04-25 05:05:00+00:00,18036.45,18040.511,18036.45,18037.0555
2024-04-25 05:10:00+00:00,18037.5,18038.5,18032.489,18034.55
2024-04-25 05:15:00+00:00,18034.2435,18034.2435,18021.0555,18022.016499999998
2024-04-25 05:20:00+00:00,18022.55,18023.511,18019.4835,18020.478
2024-04-25 05:25:00+00:00,18021.05,18022.0165,18019.9945,18020.989
2024-04-25 05:30:00+00:00,18021.4945,18036.566499999997,18021.0165,18034.5
2024-04-25 05:35:00+00:00,18035.072,18039.45,18031.016499999998,18035.55
2024-04-25 05:40:00+00:00,18035.9835,18043.478,18035.9835,18037.478
2024-04-25 05:45:00+00:00,18038.9835,18048.0055,18038.9835,18048.0
2024-04-25 05:50:00+00:00,18047.4945,18048.05,18033.5555,18034.511
2024-04-25 05:55:00+00:00,18035.566499999997,18038.5,18031.55,18036.011
2024-04-25 06:00:00+00:00,18036.939000000002,18043.0165,18023.9445,18042.572
2024-04-25 06:05:00+00:00,18043.022,18046.9445,18039.511,18040.9945
2024-04-25 06:10:00+00:00,18042.0,18060.5,18042.0,18058.933500000003
2024-04-25 06:15:00+00:00,18058.0165,18062.439000000002,18055.072,18060.0
2024-04-25 06:20:00+00:00,18062.0555,18063.516499999998,18056.989,18062.0055
2024-04-25 06:25:00+00:00,18061.572,18061.572,18045.511,18046.0
2024-04-25 06:30:00+00:00,18046.9445,18053.0,18043.978,18048.0555
2024-04-25 06:35:00+00:00,18046.0,18050.939000000002,18036.483500000002,18048.0
2024-04-25 06:40:00+00:00,18047.0055,18054.55,18044.983500000002,18049.939000000002
2024-04-25 06:45:00+00:00,18050.011,18061.072,18048.939000000002,18059.939000000002
2024-04-25 06:50:00+00:00,18058.9945,18069.0,18057.989,18064.060999999998
2024-04-25 06:55:00+00:00,18065.989,18074.511,18063.9945,18073.0
2024-04-25 07:00:00+00:00,18074.939000000002,18083.4945,18028.0,18034.0
2024-04-25 07:05:00+00:00,18035.0555,18045.989,18027.011,18034.0
2024-04-25 07:10:00+00:00,18033.489,18049.0055,18009.4945,18011.9835
2024-04-25 07:15:00+00:00,18010.983500000002,18022.0055,17996.939000000002,17997.9945
2024-04-25 07:20:00+00:00,17999.0055,18002.933500000003,17976.066499999997,17985.016499999998
2024-04-25 07:25:00+00:00,17986.060999999998,17989.0165,17969.5055,17989.0165
2024-04-25 07:30:00+00:00,17991.0,18007.939000000002,17989.9945,18004.939000000002
2024-04-25 07:35:00+00:00,18004.5,18007.516499999998,17988.433500000003,17994.989
2024-04-25 07:40:00+00:00,17994.022,18009.978,17991.0,18009.933500000003
2024-04-25 07:45:00+00:00,18010.764000000003,18014.5055,18004.928,18012.0
2024-04-25 07:50:00+00:00,18013.05,18024.5055,18007.928,18011.016499999998
2024-04-25 07:55:00+00:00,18010.0055,18015.011,17997.989,17998.022
2024-04-25 08:00:00+00:00,17997.522,18013.066499999997,17992.516499999998,18006.9945
2024-04-25 08:05:00+00:00,18006.5,18016.011,18005.55,18015.072
2024-04-25 08:10:00+00:00,18014.4945,18030.5055,18011.4945,18023.4945
2024-04-25 08:15:00+00:00,18023.9945,18028.55,18015.483500000002,18016.478
2024-04-25 08:20:00+00:00,18016.989,18023.011,18010.511,18011.022
2024-04-25 08:25:00+00:00,18011.933500000003,18013.5,17995.983500000002,18008.0
2024-04-25 08:30:00+00:00,18007.734,18011.0,17987.45,17996.016499999998
2024-04-25 08:35:00+00:00,17995.0,18010.978,17995.0,18007.95
2024-04-25 08:40:00+00:00,18008.4945,18009.5,17995.95,17996.483500000002
2024-04-25 08:45:00+00:00,17995.9835,18004.060999999998,17995.433500000003,17996.0055
2024-04-25 08:50:00+00:00,17995.5,18002.522,17992.928,18002.011
2024-04-25 08:55:00+00:00,18002.978,18005.066499999997,17989.989,17992.95
2024-04-25 09:00:00+00:00,17993.483500000002,17995.55,17984.5,17989.9945
2024-04-25 09:05:00+00:00,17990.5055,17991.011,17977.5055,17982.0055
2024-04-25 09:10:00+00:00,17982.511,17992.45,17976.5055,17992.0
2024-04-25 09:15:00+00:00,17991.745000000003,17992.0055,17977.433500000003,17979.0165
2024-04-25 09:20:00+00:00,17979.5165,17984.4945,17974.933500000003,17975.9835
2024-04-25 09:25:00+00:00,17975.55,17982.5,17975.55,17979.4835
2024-04-25 09:30:00+00:00,17980.516499999998,17985.572,17972.483500000002,17974.983500000002
2024-04-25 09:35:00+00:00,17973.9835,17982.5555,17972.4945,17979.0
2024-04-25 09:40:00+00:00,17978.5,17990.05,17976.428,17985.489
2024-04-25 09:45:00+00:00,17986.060999999998,17995.989,17984.516499999998,17988.5
2024-04-25 09:50:00+00:00,17988.939000000002,17994.516499999998,17978.5,17979.066499999997
2024-04-25 09:55:00+00:00,17979.55,17984.5555,17977.0,17981.0
2024-04-25 10:00:00+00:00,17979.939000000002,17986.566499999997,17976.5055,17980.5055
2024-04-25 10:05:00+00:00,17980.939000000002,17985.0055,17977.433500000003,17981.0
2024-04-25 10:10:00+00:00,17980.4945,17983.066499999997,17967.55,17967.55
2024-04-25 10:15:00+00:00,17968.5555,17977.0,17966.489,17973.011
2024-04-25 10:20:00+00:00,17972.428,17972.428,17964.560999999998,17966.0
2024-04-25 10:25:00+00:00,17966.566499999997,17973.5,17965.5,17968.928
2024-04-25 10:30:00+00:00,17969.489,17982.4945,17964.5,17982.022
2024-04-25 10:35:00+00:00,17981.5,17981.5,17971.0055,17975.5
2024-04-25 10:40:00+00:00,17975.0055,17977.0055,17965.9445,17969.9445
2024-04-25 10:45:00+00:00,17970.511,17978.5,17967.5055,17971.4945
2024-04-25 10:50:00+00:00,17971.05,17975.011,17965.439000000002,17965.5
2024-04-25 10:55:00+00:00,17966.0,17966.0165,17950.928,17951.060999999998
2024-04-25 11:00:00+00:00,17951.5055,17954.428,17941.433500000003,17952.011
2024-04-25 11:05:00+00:00,17953.0,17953.4445,17944.4835,17945.522
2024-04-25 11:10:00+00:00,17945.011,17953.0055,17943.522,17953.0055
2024-04-25 11:15:00+00:00,17954.05,17966.0,17952.4445,17961.4835
2024-04-25 11:20:00+00:00,17961.0,17961.95,17952.439000000002,17957.0055
2024-04-25 11:25:00+00:00,17957.489,17960.0165,17950.489,17954.4945
2024-04-25 11:30:00+00:00,17955.5055,17958.572,17951.939000000002,17954.072
2024-04-25 11:35:00+00:00,17953.511,17955.572,17945.016499999998,17953.066499999997
2024-04-25 11:40:00+00:00,17953.5055,17969.983500000002,17948.5055,17969.05
2024-04-25 11:45:00+00:00,17968.489,17977.572,17962.489,17976.983500000002
2024-04-25 11:50:00+00:00,17977.483500000002,17985.5055,17974.016499999998,17985.0
2024-04-25 11:55:00+00:00,17986.0,17996.5165,17983.0055,17992.933500000003
2024-04-25 12:00:00+00:00,17991.522,17997.0,17984.022,17993.011
2024-04-25 12:05:00+00:00,17993.433500000003,18001.516499999998,17987.5055,18000.5
2024-04-25 12:10:00+00:00,18001.060999999998,18005.0555,17992.5,18004.439000000002
2024-04-25 12:15:00+00:00,18003.522,18009.5055,17998.5055,18000.05
2024-04-25 12:20:00+00:00,18000.489,18002.9945,17989.4445,17989.4445
2024-04-25 12:25:00+00:00,17990.0,17998.4945,17990.0,17995.511
2024-04-25 12:30:00+00:00,17995.223,18005.066499999997,17940.011,17961.016499999998
2024-04-25 12:35:00+00:00,17962.0055,17970.489,17941.011,17943.4445
2024-04-25 12:40:00+00:00,17942.734,17946.0,17912.983500000002,17924.511
2024-04-25 12:45:00+00:00,17925.0,17930.0,17903.939000000002,17907.0165
2024-04-25 12:50:00+00:00,17906.489,17915.066499999997,17890.9945,17897.4945
2024-04-25 12:55:00+00:00,17896.95,17902.0055,17880.0,17890.989
2024-04-25 13:00:00+00:00,17890.0055,17906.072,17886.0,17906.072
2024-04-25 13:05:00+00:00,17905.5555,17905.5555,17882.011,17884.9945
2024-04-25 13:10:00+00:00,17885.439000000002,17889.939000000002,17849.95,17870.0055
2024-04-25 13:15:00+00:00,17871.0,17873.4945,17860.433500000003,17862.989
2024-04-25 13:20:00+00:00,17861.95,17868.4945,17853.989,17864.0
2024-04-25 13:25:00+00:00,17861.9945,17868.939000000002,17854.0055,17858.0165
2024-04-25 13:30:00+00:00,17857.0055,17865.5055,17837.0,17841.5555
2024-04-25 13:35:00+00:00,17840.489,17847.566499999997,17818.0,17818.0
2024-04-25 13:40:00+00:00,17818.9945,17854.5055,17813.9945,17850.0055
2024-04-25 13:45:00+00:00,17849.101000000002,17852.011,17825.978,17832.0
2024-04-25 13:50:00+00:00,17831.712,17839.4945,17813.516499999998,17817.989
2024-04-25 13:55:00+00:00,17818.9835,17830.9945,17805.072,17817.0165
2024-04-25 14:00:00+00:00,17818.060999999998,17821.072,17795.0,17804.933500000003
2024-04-25 14:05:00+00:00,17805.560999999998,17828.0,17802.9445,17822.0
2024-04-25 14:10:00+00:00,17820.560999999998,17838.0055,17818.511,17835.0055
2024-04-25 14:15:00+00:00,17834.516499999998,17868.55,17833.483500000002,17865.072
2024-04-25 14:20:00+00:00,17865.483500000002,17877.0,17864.933500000003,17875.0055
2024-04-25 14:25:00+00:00,17874.0,17883.05,17869.4445,17881.0
2024-04-25 14:30:00+00:00,17881.933500000003,17895.0055,17868.560999999998,17873.0
2024-04-25 14:35:00+00:00,17874.0,17892.4945,17872.0,17888.939000000002
2024-04-25 14:40:00+00:00,17888.560999999998,17893.0055,17871.4945,17875.989
2024-04-25 14:45:00+00:00,17875.522,17889.989,17870.516499999998,17875.989
2024-04-25 14:50:00+00:00,17876.999,17888.989,17876.5055,17882.9945
2024-04-25 14:55:00+00:00,17882.745000000003,17898.516499999998,17875.439000000002,17894.478
2024-04-25 15:00:00+00:00,17894.101000000002,17904.072,17891.5,17900.066499999997
2024-04-25 15:05:00+00:00,17899.5165,17906.516499999998,17895.4945,17905.5
2024-04-25 15:10:00+00:00,17904.9945,17915.516499999998,17903.439000000002,17914.989
2024-04-25 15:15:00+00:00,17914.5,17919.428,17903.572,17915.0
2024-04-25 15:20:00+00:00,17915.566499999997,17930.4945,17913.0,17927.5
2024-04-25 15:25:00+00:00,17928.072,17929.5055,17917.489,17920.511
2024-04-25 15:30:00+00:00,17921.9835,17928.5,17906.05,17915.989
2024-04-25 15:35:00+00:00,17916.428,17918.522,17910.439000000002,17911.428
2024-04-25 15:40:00+00:00,17912.0,17919.572,17911.016499999998,17913.489
2024-04-25 15:45:00+00:00,17913.928,17915.978,17884.989,17885.5055
2024-04-25 15:50:00+00:00,17884.9945,17895.022,17880.9445,17891.9945
2024-04-25 15:55:00+00:00,17892.5055,17906.428,17886.0,17904.511
2024-04-25 16:00:00+00:00,17903.066499999997,17904.560999999998,17890.95,17892.4945
2024-04-25 16:05:00+00:00,17893.072,17901.0,17889.489,17896.0
2024-04-25 16:10:00+00:00,17896.439000000002,17897.4945,17880.978,17884.989
2024-04-25 16:15:00+00:00,17885.5,17893.5055,17882.9945,17883.011
2024-04-25 16:20:00+00:00,17884.0055,17900.511,17881.439000000002,17895.566499999997
2024-04-25 16:25:00+00:00,17896.0,17897.433500000003,17890.439000000002,17893.572
2024-04-25 16:30:00+00:00,17893.9835,17895.9835,17886.9945,17895.011
2024-04-25 16:35:00+00:00,17895.45,17899.9445,17889.483500000002,17893.9945
2024-04-25 16:40:00+00:00,17894.433500000003,17900.516499999998,17890.489,17898.4945
2024-04-25 16:45:00+00:00,17898.983500000002,17901.516499999998,17894.5,17896.0
2024-04-25 16:50:00+00:00,17896.511,17903.489,17892.0165,17901.5
2024-04-25 16:55:00+00:00,17901.9945,17908.516499999998,17900.5,17906.066499999997
2024-04-25 17:00:00+00:00,17905.572,17918.0055,17902.0165,17913.5555
2024-04-25 17:05:00+00:00,17914.0,17915.5165,17901.439000000002,17904.0165
2024-04-25 17:10:00+00:00,17902.9945,17905.489,17894.939000000002,17896.483500000002
2024-04-25 17:15:00+00:00,17897.572,17900.011,17894.4945,17898.011
2024-04-25 17:20:00+00:00,17897.55,17898.5165,17884.45,17889.072
2024-04-25 17:25:00+00:00,17888.5,17903.016499999998,17887.511,17900.511
2024-04-25 17:30:00+00:00,17899.999,17909.511,17897.011,17908.511
2024-04-25 17:35:00+00:00,17908.983500000002,17929.522,17908.5555,17927.933500000003
2024-04-25 17:40:00+00:00,17927.699,17928.572,17917.939000000002,17927.489
2024-04-25 17:45:00+00:00,17928.0,17940.5555,17925.939000000002,17935.566499999997
2024-04-25 17:50:00+00:00,17935.0055,17947.072,17933.428,17945.566499999997
2024-04-25 17:55:00+00:00,17946.022,17946.022,17938.928,17942.489
2024-04-25 18:00:00+00:00,17942.983500000002,17945.05,17935.928,17940.511
2024-04-25 18:05:00+00:00,17941.0055,17948.516499999998,17937.4945,17943.489
2024-04-25 18:10:00+00:00,17942.511,17947.5165,17939.989,17942.022
2024-04-25 18:15:00+00:00,17941.5,17948.4835,17941.5,17944.983500000002
2024-04-25 18:20:00+00:00,17945.5055,17948.0,17936.55,17937.489
2024-04-25 18:25:00+00:00,17937.060999999998,17941.572,17915.5055,17916.928
2024-04-25 18:30:00+00:00,17916.022,17933.566499999997,17916.022,17921.516499999998
2024-04-25 18:35:00+00:00,17920.9945,17923.516499999998,17912.4945,17917.0165
2024-04-25 18:40:00+00:00,17916.45,17920.022,17906.489,17911.560999999998
2024-04-25 18:45:00+00:00,17911.560999999998,17916.072,17908.9945,17913.022
2024-04-25 18:50:00+00:00,17912.572,17916.560999999998,17907.478,17913.478
2024-04-25 18:55:00+00:00,17913.022,17926.4945,17907.489,17923.5055
2024-04-25 19:00:00+00:00,17923.989,17937.483500000002,17922.5,17936.0
2024-04-25 19:05:00+00:00,17935.511,17937.5555,17929.9945,17936.511
2024-04-25 19:10:00+00:00,17936.188000000002,17941.060999999998,17933.511,17940.022
2024-04-25 19:15:00+00:00,17940.4835,17950.45,17938.9945,17950.016499999998
2024-04-25 19:20:00+00:00,17948.433500000003,17954.011,17943.0,17944.0055
2024-04-25 19:25:00+00:00,17943.0,17946.0,17938.0555,17941.9835
2024-04-25 19:30:00+00:00,17941.572,17942.522,17933.428,17936.0
2024-04-25 19:35:00+00:00,17935.5,17936.572,17926.428,17931.522
2024-04-25 19:40:00+00:00,17931.0,17932.489,17919.4445,17924.55
2024-04-25 19:45:00+00:00,17923.4945,17929.05,17920.9445,17921.95
2024-04-25 19:50:00+00:00,17924.0055,17929.55,17921.9945,17928.016499999998
2024-04-25 19:55:00+00:00,17927.5,17937.5,17925.060999999998,17934.560999999998
2024-04-25 20:00:00+00:00,17934.5055,18055.122,17924.65,18051.9055
2024-04-25 20:05:00+00:00,18048.339,18080.0,18039.828,18050.1
2024-04-25 20:10:00+00:00,18049.4545,18058.5055,18041.6,18053.661
2024-04-25 22:05:00+00:00,18038.928,18045.5055,18034.789,18045.5055
2024-04-25 22:10:00+00:00,18047.278,18048.1945,18037.5,18048.1945
2024-04-25 22:15:00+00:00,18048.6,18048.6,18038.8165,18040.661
2024-04-25 22:20:00+00:00,18040.2055,18044.5945,18037.4945,18044.5945
2024-04-25 22:25:00+00:00,18045.5055,18046.394500000002,18038.0,18041.989
2024-04-25 22:30:00+00:00,18041.572,18042.9055,18031.05,18033.689000000002
2024-04-25 22:35:00+00:00,18034.211,18038.261,18032.828,18037.3
2024-04-25 22:40:00+00:00,18036.961,18042.75,18035.5165,18040.0
2024-04-25 22:45:00+00:00,18039.1665,18041.872,18036.394500000002,18037.35
2024-04-25 22:50:00+00:00,18036.3445,18039.0335,18033.711,18034.6
2024-04-25 22:55:00+00:00,18035.55,18039.110999999997,18034.605499999998,18038.6
2024-04-25 23:00:00+00:00,18037.789,18039.9945,18029.7,18037.355499999998
2024-04-25 23:05:00+00:00,18037.8055,18038.211,18032.4665,18034.2055
2024-04-25 23:10:00+00:00,18033.7,18033.7,18020.389000000003,18027.4945
2024-04-25 23:15:00+00:00,18028.328,18031.1,18025.689000000002,18030.1945
2024-04-25 23:20:00+00:00,18029.3055,18032.0055,18028.4,18029.2945
2024-04-25 23:25:00+00:00,18028.7945,18029.228,18022.189000000002,18027.0055
2024-04-25 23:30:00+00:00,18027.9555,18031.5,18023.4945,18023.5
2024-04-25 23:35:00+00:00,18024.4665,18027.894500000002,18020.739,18023.5
2024-04-25 23:40:00+00:00,18024.4,18029.366499999996,18023.4835,18028.810999999998
2024-04-25 23:45:00+00:00,18029.310999999998,18035.1,18027.85,18034.211
2024-04-25 23:50:00+00:00,18033.372,18035.089,18027.839,18030.589
2024-04-25 23:55:00+00:00,18029.65,18031.5,18019.739,18019.822
2024-04-26 00:00:00+00:00,18020.7,18020.7,17983.428,17984.5835
2024-04-26 00:05:00+00:00,17984.1665,17989.711,17981.839,17987.0055
2024-04-26 00:10:00+00:00,17987.5,17996.6,17987.066499999997,17994.439000000002
2024-04-26 00:15:00+00:00,17979.9445,17980.0,17962.516499999998,17974.5
2024-04-26 00:20:00+00:00,17974.572,17979.978,17962.439000000002,17963.939000000002
2024-04-26 00:25:00+00:00,17964.5055,17979.489,17962.0,17968.933500000003
2024-04-26 00:30:00+00:00,17968.5,17978.0055,17968.5,17977.5
2024-04-26 00:35:00+00:00,17974.5,17976.511,17971.483500000002,17971.5555
2024-04-26 00:40:00+00:00,17971.232500000002,17971.522,17967.011,17971.522
2024-04-26 00:45:00+00:00,17970.989,17978.0055,17970.989,17972.0
2024-04-26 00:50:00+00:00,17971.4945,17975.066499999997,17970.0055,17971.5555
2024-04-26 00:55:00+00:00,17971.0,17974.5,17970.0,17973.0555
2024-04-26 01:00:00+00:00,17973.5555,17974.0,17967.933500000003,17971.0
2024-04-26 01:05:00+00:00,17971.489,17972.5055,17967.4445,17969.9945
2024-04-26 01:10:00+00:00,17970.5,17970.5,17964.989,17969.0055
2024-04-26 01:15:00+00:00,17968.821000000004,17977.5,17968.4945,17977.5
2024-04-26 01:20:00+00:00,17976.4945,17980.0055,17976.489,17979.428
2024-04-26 01:25:00+00:00,17979.9945,17979.9945,17976.989,17978.05
2024-04-26 01:30:00+00:00,17978.478,17988.560999999998,17978.478,17987.4945
2024-04-26 01:35:00+00:00,17987.0055,17993.0165,17987.0055,17988.933500000003
2024-04-26 01:40:00+00:00,17987.9945,17991.5165,17986.989,17989.0
2024-04-26 01:45:00+00:00,17987.928,17990.511,17987.572,17988.0
2024-04-26 01:50:00+00:00,17987.4945,17990.0,17985.989,17988.5
2024-04-26 01:55:00+00:00,17988.933500000003,17988.933500000003,17984.016499999998,17987.489
2024-04-26 02:00:00+00:00,17987.0,17987.5555,17985.0,17987.0
2024-04-26 02:05:00+00:00,17986.566499999997,17991.0,17985.5055,17990.928
2024-04-26 02:10:00+00:00,17990.511,17995.0,17989.0055,17992.939000000002
2024-04-26 02:15:00+00:00,17993.522,17998.0055,17991.9945,17996.016499999998
2024-04-26 02:20:00+00:00,17996.983500000002,18003.5,17996.983500000002,18002.9945
2024-04-26 02:25:00+00:00,18003.5055,18003.5055,18001.428,18001.516499999998
2024-04-26 02:30:00+00:00,18003.566499999997,18004.5165,18002.011,18002.011
2024-04-26 02:35:00+00:00,18001.4945,18001.55,18000.0,18001.55
2024-04-26 02:40:00+00:00,18000.9945,18001.478,17994.560999999998,17994.560999999998
2024-04-26 02:45:00+00:00,17995.433500000003,17995.5055,17982.066499999997,17984.0055
2024-04-26 02:50:00+00:00,17984.560999999998,17988.4835,17983.933500000003,17988.4835
2024-04-26 02:55:00+00:00,17989.4945,17989.4945,17987.489,17988.428
2024-04-26 03:00:00+00:00,17988.011,17989.011,17988.011,17989.011
2024-04-26 03:05:00+00:00,17988.483500000002,17989.0165,17988.4445,17989.011
2024-04-26 03:10:00+00:00,17988.560999999998,17990.5,17988.560999999998,17990.433500000003
2024-04-26 03:15:00+00:00,17989.522,17991.0055,17989.516499999998,17991.0055
2024-04-26 03:20:00+00:00,17990.4445,18008.0165,17988.022,18008.0165
2024-04-26 03:25:00+00:00,18007.572,18007.572,17997.9945,18001.989
2024-04-26 03:30:00+00:00,18001.81,18009.4945,18001.5,18002.066499999997
2024-04-26 03:35:00+00:00,18001.511,18001.511,17989.572,17991.939000000002
2024-04-26 03:40:00+00:00,17991.433500000003,17996.978,17989.4945,17990.5555
2024-04-26 03:45:00+00:00,17990.0055,17996.4945,17989.5055,17996.0555
2024-04-26 03:50:00+00:00,17995.016499999998,17997.4835,17991.9445,17995.0055
2024-04-26 03:55:00+00:00,17994.4945,17997.566499999997,17992.0,17996.9835
2024-04-26 04:00:00+00:00,17996.560999999998,17997.0555,17995.511,17996.016499999998
2024-04-26 04:05:00+00:00,17995.4445,17999.5055,17991.4945,17999.5055
2024-04-26 04:10:00+00:00,17997.4945,18000.511,17997.4945,17999.0
2024-04-26 04:15:00+00:00,17999.5055,17999.5055,17992.5055,17992.9445
2024-04-26 04:20:00+00:00,17993.4835,17995.511,17993.4835,17995.5
2024-04-26 04:25:00+00:00,17997.5,17999.066499999997,17997.5,17999.066499999997
2024-04-26 04:30:00+00:00,17999.439000000002,18001.4835,17999.439000000002,17999.9945
2024-04-26 04:35:00+00:00,17995.9945,17997.566499999997,17989.928,17989.928
2024-04-26 04:40:00+00:00,17990.5055,17993.05,17989.989,17991.489
2024-04-26 04:45:00+00:00,17992.0165,17993.989,17991.566499999997,17993.5
2024-04-26 04:50:00+00:00,17993.0,17993.011,17990.433500000003,17992.011
2024-04-26 04:55:00+00:00,17991.5,17993.0,17990.0055,17991.016499999998
2024-04-26 05:00:00+00:00,17990.433500000003,17990.433500000003,17986.011,17987.478
2024-04-26 05:05:00+00:00,17987.989,17987.989,17986.428,17987.5
2024-04-26 05:10:00+00:00,17987.989,17991.5,17986.978,17991.439000000002
2024-04-26 05:15:00+00:00,17992.022,18001.55,17990.428,18001.55
2024-04-26 05:20:00+00:00,17999.483500000002,18002.4945,17997.511,18001.9945
2024-04-26 05:25:00+00:00,17999.933500000003,18003.5,17999.011,18002.572
2024-04-26 05:30:00+00:00,18002.05,18005.45,17999.022,18000.989
2024-04-26 05:35:00+00:00,18002.0555,18013.983500000002,18002.0555,18012.5555
2024-04-26 05:40:00+00:00,18011.978,18011.978,18006.4445,18010.4945
2024-04-26 05:45:00+00:00,18010.0055,18018.572,18009.060999999998,18014.55
2024-04-26 05:50:00+00:00,18014.0165,18020.5055,18014.0165,18018.5055
2024-04-26 05:55:00+00:00,18019.511,18019.511,18013.0,18014.5055
2024-04-26 06:00:00+00:00,18015.433500000003,18035.489,18012.4445,18031.511
2024-04-26 06:05:00+00:00,18031.0055,18038.5055,18030.011,18033.489
2024-04-26 06:10:00+00:00,18033.983500000002,18039.45,18032.4945,18038.522
2024-04-26 06:15:00+00:00,18037.989,18042.05,18031.511,18033.9445
2024-04-26 06:20:00+00:00,18033.511,18035.9945,18029.95,18034.489
2024-04-26 06:25:00+00:00,18033.5,18033.5165,18027.489,18029.060999999998
2024-04-26 06:30:00+00:00,18029.483500000002,18032.060999999998,18021.983500000002,18026.55
2024-04-26 06:35:00+00:00,18026.9945,18032.066499999997,18024.4835,18029.4945
2024-04-26 06:40:00+00:00,18030.0,18032.572,18024.5555,18031.511
2024-04-26 06:45:00+00:00,18030.9945,18030.9945,18016.0055,18017.55
2024-04-26 06:50:00+00:00,18016.483500000002,18026.55,18015.516499999998,18021.5055
2024-04-26 06:55:00+00:00,18021.011,18021.5,18008.0,18012.5
2024-04-26 07:00:00+00:00,18013.432500000003,18028.478,18005.5,18024.566499999997
2024-04-26 07:05:00+00:00,18025.566499999997,18030.5055,18014.489,18018.560999999998
2024-04-26 07:10:00+00:00,18019.4835,18022.0555,18002.478,18005.5
2024-04-26 07:15:00+00:00,18006.0055,18006.511,17995.45,18003.516499999998
2024-04-26 07:20:00+00:00,18002.483500000002,18003.428,17995.489,18000.9835
2024-04-26 07:25:00+00:00,18000.4945,18009.560999999998,17996.439000000002,17999.072
2024-04-26 07:30:00+00:00,17998.4945,18008.072,17995.011,17998.5
2024-04-26 07:35:00+00:00,17999.0055,18010.066499999997,17999.0055,18009.55
2024-04-26 07:40:00+00:00,18008.45,18020.0165,18005.478,18020.0165
2024-04-26 07:45:00+00:00,18019.223,18021.5055,18012.928,18013.566499999997
2024-04-26 07:50:00+00:00,18014.5,18036.066499999997,18013.928,18027.45
2024-04-26 07:55:00+00:00,18027.0,18033.0,18024.011,18026.4945
2024-04-26 08:00:00+00:00,18026.060999999998,18029.016499999998,18019.5055,18023.5055
2024-04-26 08:05:00+00:00,18023.9945,18038.066499999997,18021.5,18036.511
2024-04-26 08:10:00+00:00,18037.0055,18046.483500000002,18036.566499999997,18043.5
2024-04-26 08:15:00+00:00,18043.245000000003,18055.489,18041.0055,18054.4945
2024-04-26 08:20:00+00:00,18055.0055,18058.060999999998,18043.478,18046.511
2024-04-26 08:25:00+00:00,18047.4945,18050.989,18037.0,18049.428
2024-04-26 08:30:00+00:00,18050.0,18058.0165,18050.0,18055.5055
2024-04-26 08:35:00+00:00,18055.0055,18055.439000000002,18040.522,18048.0
2024-04-26 08:40:00+00:00,18047.511,18060.0555,18045.989,18055.478
2024-04-26 08:45:00+00:00,18055.011,18060.983500000002,18053.439000000002,18053.4445
2024-04-26 08:50:00+00:00,18054.5055,18058.572,18048.4945,18048.4945
2024-04-26 08:55:00+00:00,18049.011,18055.978,18045.5,18048.983500000002
2024-04-26 09:00:00+00:00,18049.489,18049.489,18041.5055,18041.560999999998
2024-04-26 09:05:00+00:00,18040.511,18059.0055,18040.511,18055.4945
2024-04-26 09:10:00+00:00,18056.0,18057.011,18039.55,18039.55
2024-04-26 09:15:00+00:00,18040.072,18043.5,18032.9945,18036.433500000003
2024-04-26 09:20:00+00:00,18035.489,18041.55,18035.011,18039.428
2024-04-26 09:25:00+00:00,18040.011,18045.0055,18034.989,18045.0055
2024-04-26 09:30:00+00:00,18044.5055,18053.011,18039.489,18052.978
2024-04-26 09:35:00+00:00,18053.5,18055.5165,18050.4835,18051.5
2024-04-26 09:40:00+00:00,18051.0,18056.0,18046.478,18052.4445
2024-04-26 09:45:00+00:00,18051.9945,18060.011,18051.0,18058.5
2024-04-26 09:50:00+00:00,18058.989,18060.022,18048.489,18051.489
2024-04-26 09:55:00+00:00,18051.0055,18055.5555,18045.489,18047.5
2024-04-26 10:00:00+00:00,18048.0055,18051.066499999997,18042.511,18047.439000000002
2024-04-26 10:05:00+00:00,18047.989,18053.9945,18045.0,18050.066499999997
2024-04-26 10:10:00+00:00,18050.989,18054.4945,18045.5055,18046.566499999997
2024-04-26 10:15:00+00:00,18046.0,18050.011,18042.5,18048.5055
2024-04-26 10:20:00+00:00,18049.0055,18055.05,18048.560999999998,18052.0
2024-04-26 10:25:00+00:00,18053.011,18057.9945,18051.989,18056.566499999997
2024-04-26 10:30:00+00:00,18054.5,18055.060999999998,18045.560999999998,18049.5
2024-04-26 10:35:00+00:00,18048.9945,18055.0,18044.4945,18052.478
2024-04-26 10:40:00+00:00,18052.016499999998,18055.511,18048.489,18051.5
2024-04-26 10:45:00+00:00,18052.5055,18056.016499999998,18050.0,18051.55
2024-04-26 10:50:00+00:00,18051.011,18055.989,18049.5055,18053.511
2024-04-26 10:55:00+00:00,18054.011,18054.5555,18047.072,18053.522
2024-04-26 11:00:00+00:00,18053.9945,18059.516499999998,18052.5,18058.4445
2024-04-26 11:05:00+00:00,18059.016499999998,18065.011,18058.428,18061.066499999997
2024-04-26 11:10:00+00:00,18060.433500000003,18071.511,18060.433500000003,18070.4945
2024-04-26 11:15:00+00:00,18069.9445,18072.0055,18064.5055,18066.566499999997
2024-04-26 11:20:00+00:00,18065.95,18069.5,18058.9445,18060.4945
2024-04-26 11:25:00+00:00,18061.066499999997,18063.9945,18056.0165,18060.4945
2024-04-26 11:30:00+00:00,18060.011,18065.0,18057.4945,18058.5
2024-04-26 11:35:00+00:00,18058.9945,18062.5,18049.011,18049.5055
2024-04-26 11:40:00+00:00,18050.072,18051.511,18041.0055,18051.511
2024-04-26 11:45:00+00:00,18051.011,18052.4945,18043.9835,18045.0055
2024-04-26 11:50:00+00:00,18045.55,18055.566499999997,18042.928,18052.0055
2024-04-26 11:55:00+00:00,18052.489,18053.060999999998,18046.95,18052.0
2024-04-26 12:00:00+00:00,18052.511,18056.5055,18042.9945,18051.4835
2024-04-26 12:05:00+00:00,18051.0055,18053.511,18045.9445,18048.428
2024-04-26 12:10:00+00:00,18047.483500000002,18061.5,18045.9945,18053.489
2024-04-26 12:15:00+00:00,18053.9945,18057.9945,18050.572,18056.433500000003
2024-04-26 12:20:00+00:00,18057.0055,18060.0165,18053.478,18058.5
2024-04-26 12:25:00+00:00,18058.983500000002,18060.5555,18044.439000000002,18046.5055
2024-04-26 12:30:00+00:00,18045.5165,18109.511,18045.4835,18080.5055
2024-04-26 12:35:00+00:00,18081.4445,18100.511,18069.45,18100.511
2024-04-26 12:40:00+00:00,18100.433500000003,18100.433500000003,18075.489,18089.4945
2024-04-26 12:45:00+00:00,18090.0055,18093.5555,18057.572,18063.011
2024-04-26 12:50:00+00:00,18061.9945,18066.0555,18042.522,18045.433500000003
2024-04-26 12:55:00+00:00,18045.060999999998,18070.511,18044.5,18068.928
2024-04-26 13:00:00+00:00,18069.572,18089.55,18069.572,18079.433500000003
2024-04-26 13:05:00+00:00,18078.560999999998,18085.55,18072.45,18078.4945
2024-04-26 13:10:00+00:00,18079.482500000002,18087.5165,18066.5,18071.9445
2024-04-26 13:15:00+00:00,18071.55,18088.989,18071.4835,18086.4945
2024-04-26 13:20:00+00:00,18087.4945,18092.0055,18080.9445,18083.489
2024-04-26 13:25:00+00:00,18084.05,18092.5,18069.072,18070.522
2024-04-26 13:30:00+00:00,18071.55,18092.0,18067.011,18090.9945
2024-04-26 13:35:00+00:00,18091.5055,18127.5055,18090.439000000002,18125.011
2024-04-26 13:40:00+00:00,18126.0,18130.016499999998,18116.483500000002,18127.5
2024-04-26 13:45:00+00:00,18128.511,18135.0,18122.4945,18133.4945
2024-04-26 13:50:00+00:00,18133.9445,18160.9945,18129.5,18158.489
2024-04-26 13:55:00+00:00,18159.5555,18164.9835,18147.489,18148.989
2024-04-26 14:00:00+00:00,18149.95,18165.522,18146.5,18162.4945
2024-04-26 14:05:00+00:00,18164.45,18173.016499999998,18148.4445,18162.016499999998
2024-04-26 14:10:00+00:00,18161.4945,18176.5165,18159.428,18168.560999999998
2024-04-26 14:15:00+00:00,18169.5055,18178.5165,18161.5,18176.9445
2024-04-26 14:20:00+00:00,18177.433500000003,18195.0055,18176.933500000003,18194.5055
2024-04-26 14:25:00+00:00,18194.016499999998,18203.0055,18185.9445,18190.5
2024-04-26 14:30:00+00:00,18190.072,18197.0165,18184.983500000002,18193.572
2024-04-26 14:35:00+00:00,18193.0,18196.95,18180.9945,18181.989
2024-04-26 14:40:00+00:00,18180.4945,18182.439000000002,18166.5,18169.572
2024-04-26 14:45:00+00:00,18170.0055,18177.55,18162.0,18172.989
2024-04-26 14:50:00+00:00,18171.9945,18171.9945,18156.9945,18167.55
2024-04-26 14:55:00+00:00,18166.9445,18171.011,18157.9445,18159.433500000003
2024-04-26 15:00:00+00:00,18160.560999999998,18169.9945,18155.9835,18163.0
2024-04-26 15:05:00+00:00,18163.439000000002,18168.5555,18160.0055,18167.9445
2024-04-26 15:10:00+00:00,18168.560999999998,18170.022,18153.0055,18160.4945
2024-04-26 15:15:00+00:00,18160.016499999998,18164.5165,18158.4445,18162.060999999998
2024-04-26 15:20:00+00:00,18162.433500000003,18163.4945,18152.516499999998,18157.489
2024-04-26 15:25:00+00:00,18157.011,18170.511,18156.45,18168.072
2024-04-26 15:30:00+00:00,18168.5055,18169.439000000002,18154.0,18163.072
2024-04-26 15:35:00+00:00,18162.5,18166.011,18155.939000000002,18161.5165
2024-04-26 15:40:00+00:00,18161.066499999997,18171.05,18161.0055,18170.489
2024-04-26 15:45:00+00:00,18170.989,18172.011,18166.022,18168.0
2024-04-26 15:50:00+00:00,18168.5,18169.0,18161.478,18165.989
2024-04-26 15:55:00+00:00,18165.560999999998,18167.989,18162.978,18166.0555
2024-04-26 16:00:00+00:00,18165.0055,18168.0055,18155.4835,18167.05
2024-04-26 16:05:00+00:00,18166.5165,18167.5165,18161.5,18166.016499999998
2024-04-26 16:10:00+00:00,18166.511,18172.4835,18166.428,18172.0555
2024-04-26 16:15:00+00:00,18172.428,18173.060999999998,18167.989,18172.0555
2024-04-26 16:20:00+00:00,18172.4945,18172.5055,18168.5165,18170.0055
2024-04-26 16:25:00+00:00,18170.433500000003,18173.0555,18166.939000000002,18170.5055
2024-04-26 16:30:00+00:00,18170.9445,18180.0,18168.983500000002,18180.0
2024-04-26 16:35:00+00:00,18179.016499999998,18182.5555,18175.4445,18180.5
2024-04-26 16:40:00+00:00,18180.0,18182.433500000003,18176.9445,18180.516499999998
2024-04-26 16:45:00+00:00,18180.989,18184.0055,18177.989,18182.0
2024-04-26 16:50:00+00:00,18183.0,18184.060999999998,18179.439000000002,18183.0055
2024-04-26 16:55:00+00:00,18183.5,18186.560999999998,18181.483500000002,18184.989
2024-04-26 17:00:00+00:00,18184.5555,18187.5055,18179.489,18182.5055
2024-04-26 17:05:00+00:00,18183.011,18183.933500000003,18177.489,18180.022
2024-04-26 17:10:00+00:00,18180.4445,18186.489,18179.939000000002,18186.0
2024-04-26 17:15:00+00:00,18185.560999999998,18189.5,18184.0,18186.928
2024-04-26 17:20:00+00:00,18187.4945,18191.566499999997,18187.4945,18189.0055
2024-04-26 17:25:00+00:00,18188.511,18192.522,18186.4445,18187.989
2024-04-26 17:30:00+00:00,18188.439000000002,18193.511,18186.0055,18190.9445
2024-04-26 17:35:00+00:00,18191.4945,18196.022,18191.4945,18194.0
2024-04-26 17:40:00+00:00,18194.511,18194.511,18182.4835,18190.5
2024-04-26 17:45:00+00:00,18190.989,18198.5,18190.989,18196.489
2024-04-26 17:50:00+00:00,18197.5,18198.011,18194.4445,18196.05
2024-04-26 17:55:00+00:00,18194.9945,18195.572,18189.478,18191.011
2024-04-26 18:00:00+00:00,18191.4835,18192.983500000002,18184.978,18186.9945
2024-04-26 18:05:00+00:00,18186.4835,18189.516499999998,18185.5,18185.5
2024-04-26 18:10:00+00:00,18185.939000000002,18190.5555,18184.489,18184.983500000002
2024-04-26 18:15:00+00:00,18184.511,18188.072,18180.566499999997,18181.4945
2024-04-26 18:20:00+00:00,18182.060999999998,18184.989,18179.983500000002,18181.939000000002
2024-04-26 18:25:00+00:00,18182.5055,18182.5055,18177.433500000003,18180.516499999998
2024-04-26 18:30:00+00:00,18181.072,18181.072,18171.5055,18172.983500000002
2024-04-26 18:35:00+00:00,18173.5,18181.511,18173.5,18181.022
2024-04-26 18:40:00+00:00,18181.489,18184.5055,18178.489,18181.0
2024-04-26 18:45:00+00:00,18181.5055,18184.511,18178.5055,18181.933500000003
2024-04-26 18:50:00+00:00,18183.022,18184.0165,18177.572,18179.55
2024-04-26 18:55:00+00:00,18179.0,18191.011,18176.5055,18189.5055
2024-04-26 19:00:00+00:00,18188.9945,18192.5165,18183.928,18188.983500000002
2024-04-26 19:05:00+00:00,18189.5055,18189.5055,18184.933500000003,18187.016499999998
2024-04-26 19:10:00+00:00,18187.4945,18190.0,18183.9445,18184.566499999997
2024-04-26 19:15:00+00:00,18183.9945,18185.5,18180.016499999998,18184.05
2024-04-26 19:20:00+00:00,18184.9945,18187.489,18182.928,18186.060999999998
2024-04-26 19:25:00+00:00,18185.428,18187.5055,18182.9945,18187.5055
2024-04-26 19:30:00+00:00,18186.428,18186.428,18176.428,18178.5055
2024-04-26 19:35:00+00:00,18178.989,18183.511,18177.95,18179.5
2024-04-26 19:40:00+00:00,18178.933500000003,18181.9945,18169.9835,18173.0055
2024-04-26 19:45:00+00:00,18172.5,18180.511,18171.4835,18177.5
2024-04-26 19:50:00+00:00,18177.928,18178.016499999998,18174.4835,18175.978
2024-04-26 19:55:00+00:00,18176.489,18179.489,18169.5,18176.9835
2024-04-29 00:00:00+00:00,18220.4165,18222.3165,18218.628,18222.283499999998
2024-04-29 00:05:00+00:00,18223.144500000002,18226.066499999997,18222.289,18224.189000000002
2024-04-29 00:10:00+00:00,18223.8,18225.489,18220.644500000002,18224.689000000002
2024-04-29 00:15:00+00:00,18197.9945,18204.0,18188.4945,18188.4945
2024-04-29 00:20:00+00:00,18188.4945,18196.0,18188.4945,18194.478
2024-04-29 00:25:00+00:00,18194.983500000002,18196.5055,18191.9945,18196.05
2024-04-29 00:30:00+00:00,18196.5055,18206.478,18196.5055,18202.9945
2024-04-29 00:35:00+00:00,18203.9945,18208.0055,18203.9945,18205.933500000003
2024-04-29 00:40:00+00:00,18205.4945,18205.933500000003,18201.4445,18205.4945
2024-04-29 00:45:00+00:00,18204.933500000003,18207.511,18204.55,18204.55
2024-04-29 00:50:00+00:00,18204.9945,18214.433500000003,18204.9945,18210.516499999998
2024-04-29 00:55:00+00:00,18212.0,18212.0,18204.9945,18205.483500000002
2024-04-29 01:00:00+00:00,18204.983500000002,18209.0055,18204.983500000002,18208.428
2024-04-29 01:05:00+00:00,18209.516499999998,18217.522,18209.516499999998,18217.0
2024-04-29 01:10:00+00:00,18217.511,18217.560999999998,18213.566499999997,18215.522
2024-04-29 01:15:00+00:00,18214.939000000002,18222.4945,18214.939000000002,18218.9445
2024-04-29 01:20:00+00:00,18217.060999999998,18217.060999999998,18211.439000000002,18214.5055
2024-04-29 01:25:00+00:00,18215.4945,18217.9945,18212.4945,18217.9945
2024-04-29 01:30:00+00:00,18217.5055,18218.55,18217.4945,18218.0
2024-04-29 01:35:00+00:00,18218.5555,18223.572,18213.9445,18217.4945
2024-04-29 01:40:00+00:00,18217.939000000002,18219.0,18214.928,18217.489
2024-04-29 01:45:00+00:00,18217.0055,18219.05,18216.483500000002,18217.5165
2024-04-29 01:50:00+00:00,18217.978,18219.022,18216.9945,18218.072
2024-04-29 01:55:00+00:00,18216.9945,18223.0,18216.9945,18221.011
2024-04-29 02:00:00+00:00,18221.511,18221.989,18217.428,18217.5055
2024-04-29 02:05:00+00:00,18218.0,18222.0165,18216.439000000002,18221.4945
2024-04-29 02:10:00+00:00,18222.022,18222.060999999998,18220.983500000002,18220.989
2024-04-29 02:15:00+00:00,18220.4445,18220.9945,18219.5,18219.5
2024-04-29 02:20:00+00:00,18219.022,18221.072,18216.5,18217.939000000002
2024-04-29 02:25:00+00:00,18219.0055,18220.05,18218.4445,18219.489
2024-04-29 02:30:00+00:00,18220.0055,18224.066499999997,18219.0,18224.066499999997
2024-04-29 02:35:00+00:00,18224.4945,18225.572,18222.95,18225.522
2024-04-29 02:40:00+00:00,18225.011,18225.011,18220.9945,18222.45
2024-04-29 02:45:00+00:00,18223.0,18223.939000000002,18221.933500000003,18223.5055
2024-04-29 02:50:00+00:00,18224.55,18226.0,18223.5,18224.5
2024-04-29 02:55:00+00:00,18224.05,18224.05,18221.4445,18222.0555
2024-04-29 03:00:00+00:00,18221.5055,18224.9945,18220.4445,18222.9945
2024-04-29 03:05:00+00:00,18223.5,18223.5,18219.989,18223.022
2024-04-29 03:10:00+00:00,18222.4945,18226.45,18222.0055,18223.989
2024-04-29 03:15:00+00:00,18224.55,18225.072,18222.933500000003,18223.9445
2024-04-29 03:20:00+00:00,18223.5,18225.428,18221.4445,18221.4445
2024-04-29 03:25:00+00:00,18220.489,18220.489,18217.0,18217.0
2024-04-29 03:30:00+00:00,18215.933500000003,18216.516499999998,18212.439000000002,18214.0055
2024-04-29 03:35:00+00:00,18213.433500000003,18215.0,18213.433500000003,18214.5
2024-04-29 03:40:00+00:00,18212.5,18215.0055,18212.5,18214.5
2024-04-29 03:45:00+00:00,18215.9945,18215.9945,18211.011,18213.939000000002
2024-04-29 03:50:00+00:00,18214.5055,18215.0,18214.072,18214.072
2024-04-29 04:00:00+00:00,18213.5055,18216.489,18212.433500000003,18215.0
2024-04-29 04:05:00+00:00,18213.5,18215.016499999998,18208.4445,18214.022
2024-04-29 04:10:00+00:00,18214.5,18223.011,18213.9835,18223.0
2024-04-29 04:15:00+00:00,18222.5165,18222.989,18215.95,18217.5
2024-04-29 04:20:00+00:00,18219.0055,18221.55,18219.0055,18220.0165
2024-04-29 04:25:00+00:00,18220.566499999997,18225.011,18219.016499999998,18221.0
2024-04-29 04:30:00+00:00,18220.4945,18221.428,18218.5,18221.428
2024-04-29 04:35:00+00:00,18221.939000000002,18228.511,18221.939000000002,18223.4945
2024-04-29 04:40:00+00:00,18223.0,18225.5055,18220.95,18223.060999999998
2024-04-29 04:45:00+00:00,18223.489,18227.5,18223.45,18226.5055
2024-04-29 04:50:00+00:00,18226.9945,18228.0,18217.989,18218.433500000003
2024-04-29 04:55:00+00:00,18218.989,18223.511,18218.5,18221.4945
2024-04-29 05:00:00+00:00,18221.011,18221.4945,18216.05,18217.4945
2024-04-29 05:05:00+00:00,18216.9945,18217.572,18216.433500000003,18217.060999999998
2024-04-29 05:10:00+00:00,18218.433500000003,18220.5055,18217.489,18217.9835
2024-04-29 05:15:00+00:00,18219.489,18222.55,18219.439000000002,18220.0055
2024-04-29 05:20:00+00:00,18220.433500000003,18222.55,18219.928,18221.0
2024-04-29 05:25:00+00:00,18221.928,18227.0165,18221.0,18226.9945
2024-04-29 05:30:00+00:00,18226.516499999998,18226.516499999998,18220.4835,18222.511
2024-04-29 05:35:00+00:00,18220.928,18222.511,18219.9835,18221.072
2024-04-29 05:40:00+00:00,18224.011,18227.5555,18224.011,18227.5555
2024-04-29 05:45:00+00:00,18227.2435,18230.566499999997,18222.522,18229.0
2024-04-29 05:50:00+00:00,18229.428,18236.0,18226.483500000002,18230.5
2024-04-29 05:55:00+00:00,18231.0,18233.489,18229.95,18232.489
2024-04-29 06:00:00+00:00,18234.4945,18239.5055,18222.489,18228.0055
2024-04-29 06:05:00+00:00,18228.572,18231.489,18216.9835,18223.478
2024-04-29 06:10:00+00:00,18224.566499999997,18230.5,18221.428,18227.489
2024-04-29 06:15:00+00:00,18227.016499999998,18231.5055,18224.9945,18229.516499999998
2024-04-29 06:20:00+00:00,18229.0055,18232.489,18223.4945,18223.4945
2024-04-29 06:25:00+00:00,18223.0055,18225.489,18219.022,18222.483500000002
2024-04-29 06:30:00+00:00,18223.0555,18223.0555,18214.45,18214.5
2024-04-29 06:35:00+00:00,18214.0555,18217.4835,18206.060999999998,18207.5055
2024-04-29 06:40:00+00:00,18206.989,18207.5055,18202.5,18204.5
2024-04-29 06:45:00+00:00,18205.0165,18205.989,18199.928,18200.511
2024-04-29 06:50:00+00:00,18200.0055,18203.0165,18196.978,18200.011
2024-04-29 06:55:00+00:00,18200.4945,18215.5555,18196.433500000003,18201.5055
2024-04-29 07:00:00+00:00,18200.489,18229.5,18200.489,18210.4835
2024-04-29 07:05:00+00:00,18211.511,18211.511,18201.0055,18203.5055
2024-04-29 07:10:00+00:00,18202.511,18204.0055,18188.983500000002,18190.55
2024-04-29 07:15:00+00:00,18190.939000000002,18193.5055,18184.572,18190.066499999997
2024-04-29 07:20:00+00:00,18189.4945,18197.489,18185.516499999998,18192.478
2024-04-29 07:25:00+00:00,18191.483500000002,18197.0,18182.4945,18187.489
2024-04-29 07:30:00+00:00,18188.0,18205.0055,18186.989,18195.478
2024-04-29 07:35:00+00:00,18196.0,18196.0,18182.5055,18192.0
2024-04-29 07:40:00+00:00,18193.439000000002,18206.5555,18192.9945,18206.4835
2024-04-29 07:45:00+00:00,18206.016499999998,18214.072,18201.072,18213.0055
2024-04-29 07:50:00+00:00,18214.0,18229.066499999997,18214.0,18225.4945
2024-04-29 07:55:00+00:00,18226.0055,18227.0055,18209.989,18213.522
2024-04-29 08:00:00+00:00,18213.011,18213.489,18189.478,18190.5
2024-04-29 08:05:00+00:00,18188.0,18207.5,18186.9945,18205.4445
2024-04-29 08:10:00+00:00,18206.0,18206.011,18196.5,18199.4945
2024-04-29 08:15:00+00:00,18198.5055,18202.572,18192.928,18198.511
2024-04-29 08:20:00+00:00,18197.560999999998,18203.433500000003,18195.928,18200.05
2024-04-29 08:25:00+00:00,18199.745000000003,18202.511,18189.516499999998,18193.5
2024-04-29 08:30:00+00:00,18194.522,18196.060999999998,18188.0555,18190.489
2024-04-29 08:35:00+00:00,18191.516499999998,18196.560999999998,18188.4945,18190.016499999998
2024-04-29 08:40:00+00:00,18189.439000000002,18194.0055,18187.989,18192.489
2024-04-29 08:45:00+00:00,18191.511,18196.5,18183.9945,18190.433500000003
2024-04-29 08:50:00+00:00,18189.511,18190.0,18181.05,18183.5
2024-04-29 08:55:00+00:00,18182.45,18183.5,18175.95,18180.489
2024-04-29 09:00:00+00:00,18180.05,18184.433500000003,18176.4445,18181.483500000002
2024-04-29 09:05:00+00:00,18180.4835,18187.9945,18178.560999999998,18184.489
2024-04-29 09:10:00+00:00,18184.95,18188.060999999998,18179.989,18186.5
2024-04-29 09:15:00+00:00,18186.9945,18188.928,18177.5,18178.5555
2024-04-29 09:20:00+00:00,18178.011,18178.4835,18167.0055,18167.989
2024-04-29 09:25:00+00:00,18168.560999999998,18170.4945,18159.478,18162.072
2024-04-29 09:30:00+00:00,18161.45,18162.0055,18151.0,18151.5055
2024-04-29 09:35:00+00:00,18150.9945,18157.9945,18150.428,18154.0055
2024-04-29 09:40:00+00:00,18153.5165,18157.5,18150.0,18155.5
2024-04-29 09:45:00+00:00,18155.011,18156.55,18148.55,18149.5055
2024-04-29 09:50:00+00:00,18148.9945,18154.45,18144.928,18145.4945
2024-04-29 09:55:00+00:00,18145.234,18148.072,18143.483500000002,18146.566499999997
2024-04-29 10:00:00+00:00,18147.0055,18160.022,18143.9945,18157.45
2024-04-29 10:05:00+00:00,18157.9445,18158.989,18147.5,18158.5055
2024-04-29 10:10:00+00:00,18159.4945,18167.011,18151.511,18151.511
2024-04-29 10:15:00+00:00,18152.0,18161.0055,18150.9445,18155.9945
2024-04-29 10:20:00+00:00,18155.5,18157.5555,18151.478,18152.511
2024-04-29 10:25:00+00:00,18153.0,18162.511,18150.933500000003,18160.5
2024-04-29 10:30:00+00:00,18161.072,18162.5055,18154.489,18157.5
2024-04-29 10:35:00+00:00,18158.489,18162.0,18156.428,18161.511
2024-04-29 10:40:00+00:00,18161.0555,18165.0,18158.45,18164.4445
2024-04-29 10:45:00+00:00,18165.572,18167.072,18158.560999999998,18160.4445
2024-04-29 10:50:00+00:00,18160.066499999997,18163.022,18157.560999999998,18162.0055
2024-04-29 10:55:00+00:00,18162.439000000002,18165.516499999998,18160.489,18165.516499999998
2024-04-29 11:00:00+00:00,18165.066499999997,18165.066499999997,18153.928,18155.072
2024-04-29 11:05:00+00:00,18154.5555,18155.060999999998,18149.0055,18154.5165
2024-04-29 11:10:00+00:00,18155.0055,18157.5,18149.428,18151.439000000002
2024-04-29 11:15:00+00:00,18151.0055,18154.011,18148.989,18152.022
2024-04-29 11:20:00+00:00,18151.566499999997,18153.5055,18146.933500000003,18153.072
2024-04-29 11:25:00+00:00,18152.489,18155.0055,18149.4945,18153.478
2024-04-29 11:30:00+00:00,18153.9945,18157.566499999997,18149.45,18150.0
2024-04-29 11:35:00+00:00,18148.983500000002,18149.939000000002,18135.011,18137.511
2024-04-29 11:40:00+00:00,18137.011,18142.05,18136.433500000003,18142.05
2024-04-29 11:45:00+00:00,18142.511,18144.5055,18137.0,18140.9945
2024-04-29 11:50:00+00:00,18140.433500000003,18151.011,18140.433500000003,18151.011
2024-04-29 11:55:00+00:00,18150.101000000002,18150.511,18142.9945,18148.489
2024-04-29 12:00:00+00:00,18147.5,18155.022,18139.45,18149.0
2024-04-29 12:05:00+00:00,18148.723,18161.0,18148.4945,18156.5055
2024-04-29 12:10:00+00:00,18157.560999999998,18164.560999999998,18154.0,18162.9945
2024-04-29 12:15:00+00:00,18164.011,18166.072,18154.9445,18155.4445
2024-04-29 12:20:00+00:00,18154.9945,18157.560999999998,18147.5055,18152.011
2024-04-29 12:25:00+00:00,18151.45,18151.45,18140.4445,18140.4445
2024-04-29 12:30:00+00:00,18140.95,18140.95,18130.989,18130.989
2024-04-29 12:35:00+00:00,18131.5,18133.060999999998,18126.428,18128.5
2024-04-29 12:40:00+00:00,18127.9945,18136.566499999997,18127.9945,18136.55
2024-04-29 12:45:00+00:00,18137.0,18137.0,18132.4445,18134.45
2024-04-29 12:50:00+00:00,18133.4945,18139.0,18131.928,18132.5055
2024-04-29 12:55:00+00:00,18133.5055,18137.05,18130.572,18133.9945
2024-04-29 13:00:00+00:00,18134.489,18134.5055,18124.9445,18129.4945
2024-04-29 13:05:00+00:00,18128.5165,18130.5555,18120.9945,18128.511
2024-04-29 13:10:00+00:00,18129.0055,18132.016499999998,18125.0555,18130.55
2024-04-29 13:15:00+00:00,18131.0555,18141.011,18129.0,18138.0
2024-04-29 13:20:00+00:00,18138.433500000003,18139.0,18120.5,18122.066499999997
2024-04-29 13:25:00+00:00,18121.0,18122.011,18112.433500000003,18116.011
2024-04-29 13:30:00+00:00,18117.016499999998,18133.989,18116.9945,18133.989
2024-04-29 13:35:00+00:00,18134.572,18134.572,18117.016499999998,18118.5
2024-04-29 13:40:00+00:00,18118.022,18122.433500000003,18104.933500000003,18111.4945
2024-04-29 13:45:00+00:00,18112.439000000002,18118.0055,18108.5,18112.478
2024-04-29 13:50:00+00:00,18113.022,18117.022,18104.428,18106.0055
2024-04-29 13:55:00+00:00,18105.5,18116.022,18104.4835,18106.5
2024-04-29 14:00:00+00:00,18106.928,18117.9945,18104.9445,18115.0055
2024-04-29 14:05:00+00:00,18114.439000000002,18119.0,18107.9945,18117.0
2024-04-29 14:10:00+00:00,18117.511,18117.511,18106.45,18113.05
2024-04-29 14:15:00+00:00,18114.0,18129.0055,18112.928,18120.5165
2024-04-29 14:20:00+00:00,18121.428,18135.072,18120.989,18130.4945
2024-04-29 14:25:00+00:00,18130.9835,18134.0555,18123.933500000003,18125.489
2024-04-29 14:30:00+00:00,18125.223,18140.9945,18125.011,18138.928
2024-04-29 14:35:00+00:00,18140.983500000002,18141.0555,18129.478,18136.0
2024-04-29 14:40:00+00:00,18137.011,18144.016499999998,18135.0,18141.55
2024-04-29 14:45:00+00:00,18141.989,18143.072,18135.45,18140.016499999998
2024-04-29 14:50:00+00:00,18139.516499999998,18143.022,18136.489,18142.489
2024-04-29 14:55:00+00:00,18143.0,18144.0,18137.9945,18141.511
2024-04-29 15:00:00+00:00,18141.95,18149.0055,18136.483500000002,18147.0
2024-04-29 15:05:00+00:00,18147.560999999998,18148.566499999997,18137.0,18141.5055
2024-04-29 15:10:00+00:00,18142.066499999997,18142.066499999997,18129.0555,18135.483500000002
2024-04-29 15:15:00+00:00,18137.5055,18140.928,18133.489,18139.978
2024-04-29 15:20:00+00:00,18140.5,18140.9945,18132.989,18135.0
2024-04-29 15:25:00+00:00,18134.511,18135.072,18129.439000000002,18133.489
2024-04-29 15:30:00+00:00,18133.4835,18133.4835,18120.511,18124.4835
2024-04-29 15:35:00+00:00,18123.9945,18126.522,18120.928,18123.572
2024-04-29 15:40:00+00:00,18124.5,18129.0055,18119.428,18128.55
2024-04-29 15:45:00+00:00,18128.983500000002,18129.4835,18119.4835,18121.433500000003
2024-04-29 15:50:00+00:00,18121.95,18123.511,18119.022,18122.9945
2024-04-29 15:55:00+00:00,18124.0,18129.5055,18123.433500000003,18128.5
2024-04-29 16:00:00+00:00,18128.9835,18129.5555,18123.439000000002,18125.939000000002
2024-04-29 16:05:00+00:00,18126.5,18130.9945,18125.433500000003,18127.9945
2024-04-29 16:10:00+00:00,18127.572,18129.5,18126.489,18128.489
2024-04-29 16:15:00+00:00,18128.9945,18132.566499999997,18127.939000000002,18129.978
2024-04-29 16:20:00+00:00,18129.4945,18130.5,18126.428,18126.522
2024-04-29 16:25:00+00:00,18125.989,18129.45,18123.0055,18128.9945
2024-04-29 16:30:00+00:00,18128.5055,18130.5055,18126.489,18128.560999999998
2024-04-29 16:35:00+00:00,18128.9945,18130.4945,18126.0,18126.483500000002
2024-04-29 16:40:00+00:00,18127.4945,18128.060999999998,18120.928,18124.928
2024-04-29 16:45:00+00:00,18124.428,18126.572,18119.9945,18121.5
2024-04-29 16:50:00+00:00,18122.0,18124.072,18117.4445,18117.560999999998
2024-04-29 16:55:00+00:00,18118.0055,18121.516499999998,18117.4445,18121.5
2024-04-29 17:00:00+00:00,18121.989,18122.5,18116.4945,18121.0
2024-04-29 17:05:00+00:00,18121.5055,18121.5055,18114.5,18119.4945
2024-04-29 17:10:00+00:00,18120.5055,18120.5055,18115.478,18118.5
2024-04-29 17:15:00+00:00,18116.9945,18119.0555,18114.433500000003,18117.978
2024-04-29 17:20:00+00:00,18118.4945,18123.5165,18117.428,18123.489
2024-04-29 17:25:00+00:00,18123.978,18128.060999999998,18122.45,18127.511
2024-04-29 17:30:00+00:00,18128.511,18133.5055,18125.5165,18133.5055
2024-04-29 17:35:00+00:00,18133.0055,18134.9945,18130.5055,18131.928
2024-04-29 17:40:00+00:00,18132.5,18133.9945,18131.5,18132.483500000002
2024-04-29 17:45:00+00:00,18133.011,18133.5165,18127.4835,18128.483500000002
2024-04-29 17:50:00+00:00,18127.483500000002,18132.0055,18127.483500000002,18130.0055
2024-04-29 17:55:00+00:00,18129.428,18133.060999999998,18127.978,18131.4835
2024-04-29 18:00:00+00:00,18131.188000000002,18131.188000000002,18121.5,18128.483500000002
2024-04-29 18:05:00+00:00,18128.05,18130.0,18125.9945,18129.4945
2024-04-29 18:10:00+00:00,18128.978,18131.05,18128.428,18130.5055
2024-04-29 18:15:00+00:00,18129.989,18134.483500000002,18129.4835,18129.978
2024-04-29 18:20:00+00:00,18130.566499999997,18132.566499999997,18128.5,18128.5
2024-04-29 18:25:00+00:00,18127.45,18129.566499999997,18123.478,18124.5555
2024-04-29 18:30:00+00:00,18123.5,18123.516499999998,18101.0,18114.016499999998
2024-04-29 18:35:00+00:00,18113.5,18117.0555,18109.9945,18113.516499999998
2024-04-29 18:40:00+00:00,18112.9445,18125.011,18112.9445,18123.439000000002
2024-04-29 18:45:00+00:00,18123.072,18125.560999999998,18121.95,18124.572
2024-04-29 18:50:00+00:00,18124.066499999997,18126.939000000002,18121.478,18123.4445
2024-04-29 18:55:00+00:00,18124.0,18130.060999999998,18123.4835,18126.95
2024-04-29 19:00:00+00:00,18125.572,18125.572,18088.5,18095.072
2024-04-29 19:05:00+00:00,18094.5055,18103.5,18082.933500000003,18101.5055
2024-04-29 19:10:00+00:00,18102.0,18105.5,18099.483500000002,18103.989
2024-04-29 19:15:00+00:00,18103.489,18108.9835,18100.5,18106.0
2024-04-29 19:20:00+00:00,18107.072,18114.572,18106.428,18109.0165
2024-04-29 19:25:00+00:00,18108.5,18114.022,18106.928,18110.011
2024-04-29 19:30:00+00:00,18110.489,18115.5055,18109.489,18115.0555
2024-04-29 19:35:00+00:00,18114.522,18117.016499999998,18108.489,18112.978
2024-04-29 19:40:00+00:00,18114.0,18117.022,18108.989,18114.0
2024-04-29 19:45:00+00:00,18113.7435,18118.511,18113.0055,18115.011
2024-04-29 19:50:00+00:00,18116.016499999998,18129.011,18115.5165,18127.0165
2024-04-29 19:55:00+00:00,18127.45,18129.4945,18123.5055,18128.5055
2024-04-29 20:00:00+00:00,18128.4945,18142.7055,18126.716500000002,18132.028
2024-04-29 20:05:00+00:00,18132.9055,18134.639000000003,18128.489,18130.2945
2024-04-29 20:10:00+00:00,18129.4055,18132.972,18127.55,18129.45
2024-04-29 22:05:00+00:00,18121.6,18122.9,18120.189000000002,18121.0945
2024-04-29 22:10:00+00:00,18121.989,18124.7,18119.289,18120.211
2024-04-29 22:15:00+00:00,18121.105499999998,18122.911,18118.339,18121.0945
2024-04-29 22:20:00+00:00,18122.0,18122.589,18119.4055,18120.2945
2024-04-29 22:25:00+00:00,18121.222,18122.989,18120.2445,18122.078
2024-04-29 22:30:00+00:00,18121.75,18123.339,18121.222,18122.089
2024-04-29 22:35:00+00:00,18121.211,18121.211,18116.75,18117.6945
2024-04-29 22:40:00+00:00,18118.5945,18118.6555,18117.6945,18117.6945
2024-04-29 22:45:00+00:00,18116.7945,18119.461,18114.9945,18117.716500000002
2024-04-29 22:50:00+00:00,18116.872,18118.605499999998,18116.733500000002,18116.733500000002
2024-04-29 22:55:00+00:00,18117.272,18120.4,18116.3,18119.6555
2024-04-29 23:00:00+00:00,18120.011,18122.261,18119.55,18121.360999999997
2024-04-29 23:05:00+00:00,18121.739,18122.183500000003,18120.339,18121.2835
2024-04-29 23:10:00+00:00,18121.7945,18124.011,18120.35,18120.4
2024-04-29 23:15:00+00:00,18121.35,18121.35,18120.4,18120.4
2024-04-29 23:20:00+00:00,18121.360999999997,18121.360999999997,18116.7945,18117.6945
2024-04-29 23:25:00+00:00,18118.605499999998,18119.4165,18117.628,18117.628
2024-04-29 23:30:00+00:00,18118.661,18120.289,18118.5835,18119.4555
2024-04-29 23:35:00+00:00,18119.0,18120.372,18118.616499999996,18119.422
2024-04-29 23:40:00+00:00,18120.3,18121.261,18119.4,18120.2945
2024-04-29 23:45:00+00:00,18120.810999999998,18122.989,18120.228,18122.161
2024-04-29 23:50:00+00:00,18121.144500000002,18122.105499999998,18121.144500000002,18121.189000000002
2024-04-29 23:55:00+00:00,18122.1,18122.1165,18120.228,18120.228
2024-04-30 00:00:00+00:00,18119.4,18119.4,18111.4055,18112.3055
2024-04-30 00:05:00+00:00,18113.133500000004,18116.810999999998,18111.383500000004,18116.810999999998
2024-04-30 00:10:00+00:00,18117.1945,18117.1945,18110.6,18110.6
2024-04-30 00:15:00+00:00,18127.9945,18133.060999999998,18123.489,18130.5055
2024-04-30 00:20:00+00:00,18130.511,18139.0055,18130.511,18131.5
2024-04-30 00:25:00+00:00,18133.016499999998,18141.9945,18133.016499999998,18139.0055
2024-04-30 00:30:00+00:00,18138.0055,18138.0055,18131.933500000003,18134.95
2024-04-30 00:35:00+00:00,18136.011,18141.4945,18133.9835,18140.5055
2024-04-30 00:40:00+00:00,18139.9835,18143.522,18137.9945,18142.939000000002
2024-04-30 00:45:00+00:00,18142.4945,18144.011,18139.4445,18140.560999999998
2024-04-30 00:50:00+00:00,18140.928,18144.511,18140.928,18141.9945
2024-04-30 00:55:00+00:00,18142.5555,18144.5,18136.9945,18136.9945
2024-04-30 01:00:00+00:00,18136.5,18138.5,18133.5055,18137.5055
2024-04-30 01:05:00+00:00,18137.0555,18137.5055,18131.489,18132.5055
2024-04-30 01:10:00+00:00,18133.0055,18133.560999999998,18131.489,18133.478
2024-04-30 01:15:00+00:00,18134.5,18138.489,18131.4835,18136.983500000002
2024-04-30 01:20:00+00:00,18135.511,18138.516499999998,18133.45,18133.9945
2024-04-30 01:25:00+00:00,18133.478,18137.5055,18133.478,18135.0
2024-04-30 01:30:00+00:00,18134.511,18138.011,18132.433500000003,18132.433500000003
2024-04-30 01:35:00+00:00,18131.55,18136.55,18131.55,18133.989
2024-04-30 01:40:00+00:00,18134.939000000002,18139.5,18134.55,18134.55
2024-04-30 01:45:00+00:00,18135.0,18140.5165,18134.4945,18139.5055
2024-04-30 01:50:00+00:00,18138.983500000002,18138.983500000002,18132.489,18133.011
2024-04-30 01:55:00+00:00,18134.0,18134.439000000002,18129.939000000002,18131.5055
2024-04-30 02:00:00+00:00,18131.0055,18132.511,18131.0055,18131.4445
2024-04-30 02:05:00+00:00,18131.989,18132.511,18131.989,18132.0
2024-04-30 02:15:00+00:00,18132.5555,18132.5555,18130.489,18132.5
2024-04-30 02:20:00+00:00,18134.489,18136.572,18131.0,18132.0
2024-04-30 02:25:00+00:00,18131.511,18131.511,18131.0,18131.5
2024-04-30 02:30:00+00:00,18130.933500000003,18131.439000000002,18130.933500000003,18131.439000000002
2024-04-30 02:35:00+00:00,18132.483500000002,18136.989,18132.0055,18133.0165
2024-04-30 02:40:00+00:00,18132.022,18133.0,18128.45,18128.45
2024-04-30 02:45:00+00:00,18128.95,18128.989,18123.011,18124.511
2024-04-30 02:50:00+00:00,18125.0055,18127.4945,18124.066499999997,18124.428
2024-04-30 02:55:00+00:00,18124.0,18124.5,18123.433500000003,18123.5055
2024-04-30 03:00:00+00:00,18124.011,18126.5555,18123.511,18125.483500000002
2024-04-30 03:05:00+00:00,18125.0055,18126.5055,18119.478,18119.478
2024-04-30 03:10:00+00:00,18117.983500000002,18119.0,18115.939000000002,18117.5
2024-04-30 03:15:00+00:00,18117.9945,18118.0055,18116.5,18117.0
2024-04-30 03:20:00+00:00,18116.489,18118.0055,18116.439000000002,18116.566499999997
2024-04-30 03:25:00+00:00,18117.0,18117.0055,18115.5,18115.5
2024-04-30 03:30:00+00:00,18116.0,18120.522,18115.5,18120.522
2024-04-30 03:40:00+00:00,18119.978,18119.9945,18119.0055,18119.9945
2024-04-30 03:45:00+00:00,18120.5,18120.5,18119.95,18120.478
2024-04-30 03:50:00+00:00,18120.0,18121.011,18120.0,18121.011
2024-04-30 03:55:00+00:00,18122.478,18122.478,18119.433500000003,18121.9835
2024-04-30 04:00:00+00:00,18121.5,18124.5055,18121.0055,18124.5055
2024-04-30 04:05:00+00:00,18123.978,18125.511,18123.978,18124.516499999998
2024-04-30 04:10:00+00:00,18123.522,18124.4945,18122.4835,18123.4945
2024-04-30 04:15:00+00:00,18121.5,18121.5,18118.4835,18119.428
2024-04-30 04:20:00+00:00,18118.978,18121.0,18118.489,18119.566499999997
2024-04-30 04:25:00+00:00,18119.989,18120.0165,18118.989,18118.989
2024-04-30 04:30:00+00:00,18120.060999999998,18121.0055,18118.939000000002,18118.939000000002
2024-04-30 04:35:00+00:00,18119.0,18119.5,18118.5,18119.5
2024-04-30 04:40:00+00:00,18119.016499999998,18119.572,18118.022,18118.022
2024-04-30 04:45:00+00:00,18118.511,18119.572,18117.9835,18118.5
2024-04-30 04:50:00+00:00,18118.928,18119.933500000003,18115.483500000002,18116.522
2024-04-30 04:55:00+00:00,18117.572,18118.4835,18113.989,18115.483500000002
2024-04-30 05:00:00+00:00,18115.933500000003,18118.572,18115.933500000003,18116.55
2024-04-30 05:05:00+00:00,18117.5055,18119.572,18116.45,18119.5055
2024-04-30 05:10:00+00:00,18119.0055,18121.4835,18117.9945,18118.439000000002
2024-04-30 05:15:00+00:00,18117.511,18119.5,18116.511,18116.511
2024-04-30 05:20:00+00:00,18117.0555,18117.560999999998,18112.45,18114.5555
2024-04-30 05:25:00+00:00,18113.95,18115.5,18110.928,18111.5055
2024-04-30 05:30:00+00:00,18110.511,18117.522,18109.0055,18114.560999999998
2024-04-30 05:35:00+00:00,18114.0555,18114.0555,18106.433500000003,18107.439000000002
2024-04-30 05:40:00+00:00,18108.566499999997,18115.5055,18106.978,18111.433500000003
2024-04-30 05:45:00+00:00,18111.0165,18114.0165,18109.5055,18109.5055
2024-04-30 05:50:00+00:00,18110.4945,18112.0555,18098.5,18098.5
2024-04-30 05:55:00+00:00,18098.9945,18121.439000000002,18095.939000000002,18120.5555
2024-04-30 06:00:00+00:00,18119.749,18133.0055,18113.983500000002,18131.560999999998
2024-04-30 06:05:00+00:00,18132.989,18138.478,18127.0,18130.9445
2024-04-30 06:10:00+00:00,18131.489,18138.5,18128.0,18137.933500000003
2024-04-30 06:15:00+00:00,18138.489,18143.5055,18138.433500000003,18141.5
2024-04-30 06:20:00+00:00,18140.9945,18145.5,18137.933500000003,18141.4945
2024-04-30 06:25:00+00:00,18141.0055,18141.511,18133.9945,18138.060999999998
2024-04-30 06:30:00+00:00,18137.511,18140.5055,18134.45,18138.9945
2024-04-30 06:35:00+00:00,18138.5,18147.55,18138.022,18145.483500000002
2024-04-30 06:40:00+00:00,18146.016499999998,18148.5,18142.428,18144.0
2024-04-30 06:45:00+00:00,18135.4945,18139.060999999998,18130.433500000003,18136.572
2024-04-30 06:50:00+00:00,18138.489,18148.989,18138.489,18147.5
2024-04-30 06:55:00+00:00,18146.928,18146.928,18133.989,18137.5055
2024-04-30 07:00:00+00:00,18138.4945,18148.45,18119.0,18128.45
2024-04-30 07:05:00+00:00,18128.0555,18128.439000000002,18107.05,18111.572
2024-04-30 07:10:00+00:00,18112.060999999998,18114.9835,18103.939000000002,18107.4445
2024-04-30 07:15:00+00:00,18107.989,18110.5055,18097.0,18099.489
2024-04-30 07:20:00+00:00,18100.066499999997,18101.478,18084.489,18086.9945
2024-04-30 07:25:00+00:00,18087.55,18096.9835,18082.0055,18086.5055
2024-04-30 07:30:00+00:00,18086.95,18101.9945,18086.483500000002,18090.072
2024-04-30 07:35:00+00:00,18088.928,18090.0055,18073.9835,18076.5055
2024-04-30 07:40:00+00:00,18075.989,18092.928,18075.0055,18092.072
2024-04-30 07:45:00+00:00,18093.066499999997,18094.072,18076.4945,18079.5055
2024-04-30 07:50:00+00:00,18078.5055,18081.9835,18069.0,18069.928
2024-04-30 07:55:00+00:00,18070.516499999998,18071.011,18064.511,18065.489
2024-04-30 08:00:00+00:00,18065.101000000002,18074.0,18062.066499999997,18064.989
2024-04-30 08:05:00+00:00,18064.483500000002,18072.011,18062.0,18070.022
2024-04-30 08:10:00+00:00,18069.0,18069.0055,18059.0,18060.9945
2024-04-30 08:15:00+00:00,18060.478,18069.989,18052.5055,18062.511
2024-04-30 08:20:00+00:00,18061.734,18065.5,18047.560999999998,18051.989
2024-04-30 08:25:00+00:00,18052.5055,18064.511,18050.5055,18055.95
2024-04-30 08:30:00+00:00,18055.011,18062.066499999997,18046.433500000003,18049.5
2024-04-30 08:35:00+00:00,18048.522,18052.4445,18038.0165,18041.05
2024-04-30 08:40:00+00:00,18041.55,18045.05,18035.0055,18041.060999999998
2024-04-30 08:45:00+00:00,18041.5055,18041.5055,18033.0,18034.4445
2024-04-30 08:50:00+00:00,18033.9945,18035.0055,18023.439000000002,18023.5
2024-04-30 08:55:00+00:00,18023.983500000002,18031.0,18023.4945,18027.066499999997
2024-04-30 09:00:00+00:00,18026.433500000003,18037.0555,18014.572,18034.5055
2024-04-30 09:05:00+00:00,18034.011,18036.011,18029.45,18034.572
2024-04-30 09:10:00+00:00,18034.0,18043.5,18033.939000000002,18042.9445
2024-04-30 09:15:00+00:00,18043.4945,18056.05,18041.428,18047.4945
2024-04-30 09:20:00+00:00,18045.428,18050.983500000002,18040.5055,18049.566499999997
2024-04-30 09:25:00+00:00,18049.9445,18052.5,18042.011,18045.5
2024-04-30 09:30:00+00:00,18045.011,18047.511,18036.060999999998,18036.060999999998
2024-04-30 09:35:00+00:00,18035.566499999997,18044.5555,18034.5,18044.5555
2024-04-30 09:40:00+00:00,18043.4835,18050.483500000002,18043.4835,18049.45
2024-04-30 09:45:00+00:00,18048.983500000002,18051.489,18037.95,18040.489
2024-04-30 09:50:00+00:00,18041.022,18043.05,18032.0,18034.483500000002
2024-04-30 09:55:00+00:00,18034.072,18051.066499999997,18032.928,18049.9945
2024-04-30 10:00:00+00:00,18051.0,18051.572,18042.022,18043.516499999998
2024-04-30 10:05:00+00:00,18043.0,18052.0,18039.511,18048.566499999997
2024-04-30 10:10:00+00:00,18047.9445,18056.0055,18044.989,18049.0
2024-04-30 10:15:00+00:00,18047.95,18058.9945,18046.5,18057.983500000002
2024-04-30 10:20:00+00:00,18056.989,18063.5055,18052.928,18059.4835
2024-04-30 10:25:00+00:00,18060.0055,18060.0055,18054.011,18056.5055
2024-04-30 10:30:00+00:00,18055.5,18061.5055,18052.9835,18054.5165
2024-04-30 10:35:00+00:00,18053.5,18066.0,18049.5055,18061.0
2024-04-30 10:40:00+00:00,18060.0,18062.072,18053.5055,18056.4945
2024-04-30 10:45:00+00:00,18057.511,18069.0,18057.022,18067.5055
2024-04-30 10:50:00+00:00,18068.072,18077.511,18064.4945,18066.072
2024-04-30 10:55:00+00:00,18065.433500000003,18068.0,18061.0055,18065.522
2024-04-30 11:00:00+00:00,18065.0,18065.0,18049.011,18049.5555
2024-04-30 11:05:00+00:00,18050.072,18055.05,18047.5055,18052.5555
2024-04-30 11:10:00+00:00,18052.0,18058.572,18050.928,18057.0555
2024-04-30 11:15:00+00:00,18056.489,18063.072,18053.478,18062.5055
2024-04-30 11:20:00+00:00,18061.978,18062.9835,18056.0055,18058.989
2024-04-30 11:25:00+00:00,18059.983500000002,18064.516499999998,18054.928,18056.572
2024-04-30 11:30:00+00:00,18056.9945,18061.05,18045.433500000003,18047.011
2024-04-30 11:35:00+00:00,18046.516499999998,18049.5,18037.489,18041.0055
2024-04-30 11:40:00+00:00,18041.478,18043.016499999998,18034.978,18040.511
2024-04-30 11:45:00+00:00,18039.978,18040.5165,18030.011,18032.4945
2024-04-30 11:50:00+00:00,18032.989,18037.0555,18031.4945,18033.0055
2024-04-30 11:55:00+00:00,18033.45,18044.5,18032.9835,18043.428
2024-04-30 12:00:00+00:00,18043.989,18052.9445,18039.433500000003,18042.5555
2024-04-30 12:05:00+00:00,18043.4945,18050.0,18040.0055,18046.9835
2024-04-30 12:10:00+00:00,18046.5,18048.016499999998,18038.433500000003,18047.0165
2024-04-30 12:15:00+00:00,18046.511,18055.572,18045.511,18053.011
2024-04-30 12:20:00+00:00,18052.245000000003,18063.9945,18051.9945,18058.0055
2024-04-30 12:25:00+00:00,18058.4945,18061.989,18042.5055,18043.0055
2024-04-30 12:30:00+00:00,18042.439000000002,18042.439000000002,17989.011,17993.428
2024-04-30 12:35:00+00:00,17993.933500000003,18008.478,17991.560999999998,17995.489
2024-04-30 12:40:00+00:00,17995.201,18013.55,17988.989,18013.4945
2024-04-30 12:45:00+00:00,18012.5,18023.989,18006.989,18021.9835
2024-04-30 12:50:00+00:00,18022.478,18037.011,18014.489,18027.4945
2024-04-30 12:55:00+00:00,18027.989,18028.511,18002.439000000002,18005.5055
2024-04-30 13:00:00+00:00,18004.712,18006.5,17994.0,17999.011
2024-04-30 13:05:00+00:00,17998.5165,18019.011,17996.5,18004.9945
2024-04-30 13:10:00+00:00,18004.478,18024.011,18004.478,18020.011
2024-04-30 13:15:00+00:00,18019.511,18030.0055,18016.5,18028.0055
2024-04-30 13:20:00+00:00,18026.9835,18029.566499999997,18010.4445,18016.4835
2024-04-30 13:25:00+00:00,18017.516499999998,18021.5,18012.439000000002,18015.5055
2024-04-30 13:30:00+00:00,18013.522,18017.0,18000.0,18009.4835
2024-04-30 13:35:00+00:00,18009.0,18022.566499999997,18005.0055,18022.566499999997
2024-04-30 13:40:00+00:00,18021.734,18040.4945,18021.5,18036.4835
2024-04-30 13:45:00+00:00,18037.4835,18038.572,18024.4945,18027.0165
2024-04-30 13:50:00+00:00,18026.433500000003,18027.511,18011.933500000003,18021.5555
2024-04-30 13:55:00+00:00,18020.989,18035.566499999997,18019.489,18027.989
2024-04-30 14:00:00+00:00,18028.522,18039.516499999998,18027.0055,18036.072
2024-04-30 14:05:00+00:00,18035.4945,18047.5055,18032.0,18044.0055
2024-04-30 14:10:00+00:00,18045.066499999997,18046.5,18021.5,18030.9835
2024-04-30 14:15:00+00:00,18031.4945,18048.016499999998,18030.0055,18043.4945
2024-04-30 14:20:00+00:00,18044.0555,18048.5055,18030.9945,18033.983500000002
2024-04-30 14:25:00+00:00,18034.5055,18037.072,18013.0165,18015.0165
2024-04-30 14:30:00+00:00,18013.933500000003,18017.0,17996.572,18004.05
2024-04-30 14:35:00+00:00,18003.4945,18015.5,17998.433500000003,18010.478
2024-04-30 14:40:00+00:00,18010.0055,18017.060999999998,18008.489,18013.5
2024-04-30 14:45:00+00:00,18015.05,18020.0,18009.0,18018.011
2024-04-30 14:50:00+00:00,18018.95,18019.511,18006.9945,18009.4945
2024-04-30 14:55:00+00:00,18008.0055,18010.011,17996.572,17997.072
2024-04-30 15:00:00+00:00,17996.602000000003,17996.602000000003,17973.072,17974.4945
2024-04-30 15:05:00+00:00,17975.0,17975.511,17920.933500000003,17921.433500000003
2024-04-30 15:10:00+00:00,17924.0,17941.511,17918.978,17924.5
2024-04-30 15:15:00+00:00,17926.45,17943.066499999997,17922.428,17940.5165
2024-04-30 15:20:00+00:00,17940.0,17942.0055,17924.9445,17928.060999999998
2024-04-30 15:25:00+00:00,17929.0,17938.511,17919.989,17925.95
2024-04-30 15:30:00+00:00,17927.0165,17930.5165,17914.483500000002,17927.939000000002
2024-04-30 15:35:00+00:00,17929.5155,17939.0055,17927.5165,17933.489
2024-04-30 15:40:00+00:00,17933.066499999997,17934.066499999997,17925.0,17932.022
2024-04-30 15:45:00+00:00,17931.0555,17939.016499999998,17930.989,17935.983500000002
2024-04-30 15:50:00+00:00,17936.4835,17938.511,17928.9835,17934.066499999997
2024-04-30 15:55:00+00:00,17933.4445,17949.016499999998,17932.0,17947.060999999998
2024-04-30 16:00:00+00:00,17947.5055,17947.989,17932.939000000002,17937.0
2024-04-30 16:05:00+00:00,17936.511,17937.489,17930.0055,17935.011
2024-04-30 16:10:00+00:00,17935.5,17945.5,17934.433500000003,17945.0
2024-04-30 16:15:00+00:00,17944.05,17946.5,17938.4945,17946.066499999997
2024-04-30 16:20:00+00:00,17945.0,17950.072,17944.933500000003,17945.011
2024-04-30 16:25:00+00:00,17945.566499999997,17948.072,17938.016499999998,17940.0555
2024-04-30 16:30:00+00:00,17939.5,17939.5,17909.95,17913.5165
2024-04-30 16:35:00+00:00,17914.478,17923.060999999998,17912.0,17915.0165
2024-04-30 16:40:00+00:00,17913.9835,17915.016499999998,17904.95,17910.95
2024-04-30 16:45:00+00:00,17910.0055,17914.5,17906.5055,17912.011
2024-04-30 16:50:00+00:00,17911.55,17916.9945,17911.4945,17914.989
2024-04-30 16:55:00+00:00,17914.5,17927.9945,17914.5,17926.072
2024-04-30 17:00:00+00:00,17926.489,17933.989,17916.478,17922.4945
2024-04-30 17:05:00+00:00,17922.2655,17928.5,17918.0165,17920.9945
2024-04-30 17:10:00+00:00,17921.5555,17925.9445,17913.928,17920.5165
2024-04-30 17:15:00+00:00,17920.989,17924.5,17915.9945,17920.978
2024-04-30 17:20:00+00:00,17921.5165,17933.5055,17921.5,17932.0055
2024-04-30 17:25:00+00:00,17931.5055,17939.0055,17928.0,17929.0055
2024-04-30 17:30:00+00:00,17928.522,17933.5165,17925.983500000002,17932.05
2024-04-30 17:35:00+00:00,17931.0055,17937.983500000002,17929.428,17936.016499999998
2024-04-30 17:40:00+00:00,17935.5,17943.066499999997,17927.989,17935.5555
2024-04-30 17:45:00+00:00,17935.016499999998,17940.011,17935.016499999998,17939.939000000002
2024-04-30 17:50:00+00:00,17941.9945,17944.066499999997,17937.4445,17943.4945
2024-04-30 17:55:00+00:00,17944.5055,17947.0555,17939.9945,17945.072
2024-04-30 18:00:00+00:00,17944.483500000002,17951.011,17943.4835,17950.060999999998
2024-04-30 18:05:00+00:00,17949.55,17950.011,17938.0,17940.983500000002
2024-04-30 18:10:00+00:00,17942.011,17944.066499999997,17936.016499999998,17937.011
2024-04-30 18:15:00+00:00,17937.4945,17939.566499999997,17933.483500000002,17936.0055
2024-04-30 18:20:00+00:00,17936.4945,17941.05,17932.0,17932.0
2024-04-30 18:25:00+00:00,17932.478,17934.55,17920.4445,17922.9445
2024-04-30 18:30:00+00:00,17923.5165,17933.4835,17923.5,17933.060999999998
2024-04-30 18:35:00+00:00,17932.439000000002,17936.0555,17930.4445,17934.95
2024-04-30 18:40:00+00:00,17934.489,17935.511,17927.989,17929.05
2024-04-30 18:45:00+00:00,17929.5,17931.0,17918.9945,17920.060999999998
2024-04-30 18:50:00+00:00,17920.5,17920.5,17908.928,17914.928
2024-04-30 18:55:00+00:00,17914.5055,17921.011,17913.978,17919.939000000002
2024-04-30 19:00:00+00:00,17918.928,17931.011,17917.9945,17929.95
2024-04-30 19:05:00+00:00,17929.5555,17933.066499999997,17927.983500000002,17929.489
2024-04-30 19:10:00+00:00,17930.0055,17934.0,17927.989,17929.511
2024-04-30 19:15:00+00:00,17930.011,17930.560999999998,17917.928,17919.0
2024-04-30 19:20:00+00:00,17919.511,17924.516499999998,17914.9945,17917.55
2024-04-30 19:25:00+00:00,17918.011,17927.05,17917.560999999998,17926.0
2024-04-30 19:30:00+00:00,17927.989,17929.0165,17923.4835,17926.933500000003
2024-04-30 19:35:00+00:00,17927.489,17929.0,17918.433500000003,17919.9945
2024-04-30 19:40:00+00:00,17919.572,17925.989,17918.439000000002,17919.933500000003
2024-04-30 19:45:00+00:00,17921.011,17928.989,17917.4945,17925.5055
2024-04-30 19:50:00+00:00,17926.022,17927.011,17912.989,17916.433500000003
2024-04-30 19:55:00+00:00,17915.989,17916.5555,17895.0055,17900.928
2024-04-30 20:00:00+00:00,17900.983500000002,17946.4445,17865.8055,17923.310999999998
2024-04-30 20:05:00+00:00,17922.4155,17930.4,17875.55,17901.4055
2024-04-30 20:10:00+00:00,17902.7945,17902.8,17878.6,17892.9055
2024-04-30 22:05:00+00:00,17860.933500000003,17863.7,17854.2945,17856.039
2024-04-30 22:10:00+00:00,17856.589,17871.7945,17849.9,17865.589
2024-04-30 22:15:00+00:00,17864.766499999998,17873.189000000002,17863.8,17871.8055
2024-04-30 22:20:00+00:00,17870.922,17873.6665,17864.644500000002,17871.7445
2024-04-30 22:25:00+00:00,17872.711,17875.4055,17865.9445,17865.9445
2024-04-30 22:30:00+00:00,17865.5835,17877.222,17865.5835,17877.189000000002
2024-04-30 22:35:00+00:00,17876.316499999997,17881.2055,17874.3445,17876.605499999998
2024-04-30 22:40:00+00:00,17877.116499999996,17879.6945,17874.4055,17876.183500000003
2024-04-30 22:45:00+00:00,17875.760000000002,17877.161,17868.616499999996,17869.011
2024-04-30 22:50:00+00:00,17868.610999999997,17874.0,17868.610999999997,17873.5
2024-04-30 22:55:00+00:00,17873.0335,17873.9945,17870.4,17871.360999999997
2024-04-30 23:00:00+00:00,17870.789,17871.766499999998,17866.778,17870.4055
2024-04-30 23:05:00+00:00,17869.560999999998,17881.122,17869.560999999998,17880.6
2024-04-30 23:10:00+00:00,17880.189000000002,17882.066499999997,17873.3335,17877.0055
2024-04-30 23:15:00+00:00,17874.783499999998,17876.1165,17870.7055,17872.0945
2024-04-30 23:20:00+00:00,17871.672,17873.0555,17868.105499999998,17872.5555
2024-04-30 23:25:00+00:00,17873.0,17873.8,17870.372,17871.289
2024-04-30 23:30:00+00:00,17871.7,17872.2055,17863.211,17863.211
2024-04-30 23:35:00+00:00,17863.7,17865.961,17861.511,17863.139000000003
2024-04-30 23:40:00+00:00,17863.678,17871.366499999996,17863.678,17871.2445
2024-04-30 23:45:00+00:00,17872.2,17875.8,17872.183500000003,17874.5
2024-04-30 23:50:00+00:00,17874.05,17874.9835,17870.5,17872.4945
2024-04-30 23:55:00+00:00,17873.461,17882.3055,17872.4445,17880.2945
