Datetime,Open,High,Low,Close
2024-09-02 00:00:00+00:00,18937.439000000002,18938.422,18934.139000000003,18936.9
2024-09-02 00:05:00+00:00,18937.639000000003,18941.0,18935.928,18938.4835
2024-09-02 00:10:00+00:00,18938.1,18938.1,18934.25,18937.75
2024-09-02 00:15:00+00:00,18924.566499999997,18934.0055,18914.939000000002,18926.5
2024-09-02 00:20:00+00:00,18927.0,18936.0055,18926.489,18927.5165
2024-09-02 00:25:00+00:00,18927.95,18933.0165,18926.5055,18927.522
2024-09-02 00:30:00+00:00,18929.516499999998,18932.572,18929.478,18929.5165
2024-09-02 00:35:00+00:00,18929.933500000003,18935.0,18929.933500000003,18934.5
2024-09-02 00:40:00+00:00,18934.989,18937.066499999997,18926.566499999997,18926.566499999997
2024-09-02 00:45:00+00:00,18926.016499999998,18931.483500000002,18925.4945,18927.5
2024-09-02 00:50:00+00:00,18927.0055,18929.483500000002,18926.928,18927.5555
2024-09-02 00:55:00+00:00,18927.0,18928.0165,18918.572,18919.0555
2024-09-02 01:00:00+00:00,18919.489,18920.4835,18915.928,18917.05
2024-09-02 01:05:00+00:00,18917.5055,18927.439000000002,18915.933500000003,18926.0
2024-09-02 01:10:00+00:00,18925.05,18925.939000000002,18922.4945,18922.4945
2024-09-02 01:15:00+00:00,18923.566499999997,18927.4945,18918.939000000002,18927.4945
2024-09-02 01:20:00+00:00,18926.989,18929.022,18926.9835,18926.9835
2024-09-02 01:25:00+00:00,18927.522,18928.439000000002,18920.4945,18920.978
2024-09-02 01:30:00+00:00,18920.478,18926.5055,18920.478,18920.560999999998
2024-09-02 01:35:00+00:00,18920.0,18923.489,18917.489,18922.560999999998
2024-09-02 01:40:00+00:00,18921.989,18923.5,18919.489,18920.016499999998
2024-09-02 01:45:00+00:00,18919.433500000003,18926.511,18919.428,18926.0055
2024-09-02 01:50:00+00:00,18927.4445,18928.072,18920.5055,18920.5055
2024-09-02 01:55:00+00:00,18921.072,18924.011,18920.45,18923.9945
2024-09-02 02:00:00+00:00,18922.483500000002,18922.483500000002,18911.5055,18914.933500000003
2024-09-02 02:05:00+00:00,18914.5,18916.522,18910.933500000003,18915.4945
2024-09-02 02:10:00+00:00,18916.0055,18916.0055,18907.522,18907.522
2024-09-02 02:15:00+00:00,18906.989,18910.0,18906.0,18907.5555
2024-09-02 02:20:00+00:00,18907.0165,18907.5555,18897.0,18898.0165
2024-09-02 02:25:00+00:00,18897.511,18903.05,18895.939000000002,18900.0
2024-09-02 02:30:00+00:00,18899.433500000003,18905.0165,18899.433500000003,18905.0165
2024-09-02 02:35:00+00:00,18904.489,18907.560999999998,18902.489,18907.560999999998
2024-09-02 02:40:00+00:00,18906.0055,18908.4445,18901.95,18906.5055
2024-09-02 02:45:00+00:00,18906.939000000002,18910.0165,18903.066499999997,18903.9945
2024-09-02 02:50:00+00:00,18903.5055,18903.933500000003,18898.428,18903.489
2024-09-02 02:55:00+00:00,18904.0,18908.060999999998,18903.511,18907.0055
2024-09-02 03:00:00+00:00,18906.5,18906.5,18901.55,18902.489
2024-09-02 03:05:00+00:00,18903.0555,18907.439000000002,18902.433500000003,18906.4445
2024-09-02 03:10:00+00:00,18907.05,18908.5,18905.478,18908.5
2024-09-02 03:15:00+00:00,18907.989,18908.072,18905.489,18907.489
2024-09-02 03:20:00+00:00,18907.9945,18913.022,18907.9945,18911.022
2024-09-02 03:25:00+00:00,18910.55,18918.0055,18910.55,18916.0055
2024-09-02 03:30:00+00:00,18916.5055,18916.5055,18907.428,18908.489
2024-09-02 03:35:00+00:00,18907.4945,18911.0055,18902.478,18904.5
2024-09-02 03:40:00+00:00,18903.5,18904.560999999998,18899.428,18902.560999999998
2024-09-02 03:45:00+00:00,18903.0055,18911.05,18901.5,18910.5
2024-09-02 03:50:00+00:00,18911.0055,18917.0,18910.0,18915.560999999998
2024-09-02 03:55:00+00:00,18916.4945,18917.5,18915.522,18916.016499999998
2024-09-02 04:00:00+00:00,18914.9945,18917.489,18914.45,18915.572
2024-09-02 04:05:00+00:00,18914.4835,18915.5,18912.5,18912.9445
2024-09-02 04:10:00+00:00,18912.5055,18913.0055,18896.9445,18901.511
2024-09-02 04:15:00+00:00,18901.05,18909.511,18898.5,18909.439000000002
2024-09-02 04:20:00+00:00,18908.4945,18909.022,18906.9835,18908.0
2024-09-02 04:25:00+00:00,18909.05,18913.489,18907.978,18911.9945
2024-09-02 04:30:00+00:00,18911.483500000002,18913.0,18911.428,18912.0055
2024-09-02 04:35:00+00:00,18911.5555,18912.572,18908.5,18912.572
2024-09-02 04:40:00+00:00,18911.9945,18913.066499999997,18911.428,18913.0165
2024-09-02 04:45:00+00:00,18912.439000000002,18913.5555,18912.428,18913.5
2024-09-02 04:50:00+00:00,18914.511,18917.011,18914.483500000002,18914.511
2024-09-02 04:55:00+00:00,18914.9445,18920.511,18914.433500000003,18920.5055
2024-09-02 05:00:00+00:00,18919.5,18926.5,18918.489,18925.0
2024-09-02 05:05:00+00:00,18925.5055,18925.55,18923.4945,18924.483500000002
2024-09-02 05:10:00+00:00,18923.95,18923.95,18916.572,18918.0055
2024-09-02 05:15:00+00:00,18918.522,18918.9945,18914.4945,18916.433500000003
2024-09-02 05:20:00+00:00,18916.989,18920.0165,18913.066499999997,18920.0165
2024-09-02 05:25:00+00:00,18921.011,18925.0,18920.011,18925.0
2024-09-02 05:30:00+00:00,18925.511,18929.566499999997,18924.022,18924.478
2024-09-02 05:35:00+00:00,18924.0165,18933.060999999998,18924.0165,18933.060999999998
2024-09-02 05:40:00+00:00,18934.0555,18934.072,18932.0,18933.0555
2024-09-02 05:45:00+00:00,18933.560999999998,18934.4945,18924.9835,18930.5055
2024-09-02 05:50:00+00:00,18929.978,18931.5055,18923.511,18930.9445
2024-09-02 05:55:00+00:00,18931.5,18932.011,18922.5,18922.9945
2024-09-02 06:00:00+00:00,18923.4945,18935.011,18916.5,18934.0
2024-09-02 06:05:00+00:00,18934.566499999997,18934.566499999997,18913.978,18914.060999999998
2024-09-02 06:10:00+00:00,18914.489,18919.5165,18907.05,18909.072
2024-09-02 06:15:00+00:00,18908.0055,18923.433500000003,18907.4835,18914.439000000002
2024-09-02 06:20:00+00:00,18915.572,18915.572,18910.439000000002,18912.4945
2024-09-02 06:25:00+00:00,18914.011,18922.5,18912.9445,18919.9945
2024-09-02 06:30:00+00:00,18919.060999999998,18919.060999999998,18911.5,18912.5055
2024-09-02 06:35:00+00:00,18911.933500000003,18920.0,18911.933500000003,18918.9445
2024-09-02 06:40:00+00:00,18919.5,18919.5,18911.0,18916.0
2024-09-02 06:45:00+00:00,18916.5055,18917.9445,18907.928,18911.0165
2024-09-02 06:50:00+00:00,18910.5055,18917.5055,18907.5,18917.5055
2024-09-02 06:55:00+00:00,18916.5055,18918.060999999998,18910.9445,18916.978
2024-09-02 07:00:00+00:00,18915.428,18922.9445,18899.5,18901.489
2024-09-02 07:05:00+00:00,18901.9945,18904.55,18872.428,18872.9945
2024-09-02 07:10:00+00:00,18871.983500000002,18875.0,18859.5055,18862.9945
2024-09-02 07:15:00+00:00,18862.011,18862.4945,18823.95,18825.0055
2024-09-02 07:20:00+00:00,18824.0055,18840.478,18816.978,18830.933500000003
2024-09-02 07:25:00+00:00,18830.022,18837.4945,18804.5,18808.433500000003
2024-09-02 07:30:00+00:00,18808.983500000002,18811.9445,18769.9835,18806.9945
2024-09-02 07:35:00+00:00,18806.0,18822.989,18802.0,18813.9445
2024-09-02 07:40:00+00:00,18814.433500000003,18828.072,18810.4945,18818.933500000003
2024-09-02 07:45:00+00:00,18818.4445,18838.0055,18818.4445,18832.0
2024-09-02 07:50:00+00:00,18835.5,18851.5055,18832.928,18841.978
2024-09-02 07:55:00+00:00,18842.489,18851.5165,18841.5055,18850.5
2024-09-02 08:00:00+00:00,18849.560999999998,18857.55,18836.4945,18838.0
2024-09-02 08:05:00+00:00,18836.489,18852.0055,18836.45,18849.989
2024-09-02 08:10:00+00:00,18850.566499999997,18857.572,18847.989,18857.0555
2024-09-02 08:15:00+00:00,18855.9945,18876.0055,18853.989,18872.5
2024-09-02 08:20:00+00:00,18871.5555,18883.5,18864.489,18883.5
2024-09-02 08:25:00+00:00,18884.4945,18887.0,18868.489,18869.928
2024-09-02 08:30:00+00:00,18871.016499999998,18876.5055,18866.9445,18872.011
2024-09-02 08:35:00+00:00,18871.060999999998,18874.0,18865.478,18867.989
2024-09-02 08:40:00+00:00,18865.5,18878.939000000002,18863.9835,18871.978
2024-09-02 08:45:00+00:00,18871.5055,18877.066499999997,18866.0,18876.0
2024-09-02 08:50:00+00:00,18875.072,18877.0,18865.95,18874.928
2024-09-02 08:55:00+00:00,18876.0,18883.066499999997,18870.9445,18870.9445
2024-09-02 09:00:00+00:00,18872.016499999998,18875.5055,18862.939000000002,18865.983500000002
2024-09-02 09:05:00+00:00,18866.5165,18876.9835,18862.989,18876.5
2024-09-02 09:10:00+00:00,18876.0555,18879.0165,18872.4445,18877.072
2024-09-02 09:15:00+00:00,18876.0,18878.566499999997,18871.489,18874.9445
2024-09-02 09:20:00+00:00,18876.55,18877.511,18868.0,18872.0
2024-09-02 09:25:00+00:00,18873.4835,18880.016499999998,18869.9445,18872.5055
2024-09-02 09:30:00+00:00,18871.5,18874.0555,18862.011,18864.0055
2024-09-02 09:35:00+00:00,18863.5055,18876.5055,18862.439000000002,18876.0055
2024-09-02 09:40:00+00:00,18876.5555,18880.5055,18873.5055,18880.0
2024-09-02 09:45:00+00:00,18879.433500000003,18882.566499999997,18877.0055,18881.0
2024-09-02 09:50:00+00:00,18879.9945,18885.483500000002,18879.5055,18883.05
2024-09-02 09:55:00+00:00,18883.928,18888.9445,18881.989,18888.0
2024-09-02 10:00:00+00:00,18888.5,18888.5,18872.489,18875.05
2024-09-02 10:05:00+00:00,18877.0,18878.9945,18871.983500000002,18878.9835
2024-09-02 10:10:00+00:00,18878.566499999997,18880.9945,18872.489,18874.0
2024-09-02 10:15:00+00:00,18874.989,18880.4945,18873.0555,18875.072
2024-09-02 10:20:00+00:00,18874.489,18879.9945,18874.489,18877.0055
2024-09-02 10:25:00+00:00,18876.5555,18876.566499999997,18872.439000000002,18875.011
2024-09-02 10:30:00+00:00,18875.5055,18877.0055,18867.5,18869.5
2024-09-02 10:35:00+00:00,18869.016499999998,18879.5,18865.572,18878.939000000002
2024-09-02 10:40:00+00:00,18878.011,18879.55,18873.4445,18874.939000000002
2024-09-02 10:45:00+00:00,18875.989,18878.9945,18873.928,18873.939000000002
2024-09-02 10:50:00+00:00,18873.489,18876.5165,18870.489,18875.483500000002
2024-09-02 10:55:00+00:00,18875.9945,18877.5,18872.4945,18872.989
2024-09-02 11:00:00+00:00,18874.983500000002,18880.0,18874.511,18878.0
2024-09-02 11:05:00+00:00,18876.516499999998,18877.983500000002,18873.489,18876.989
2024-09-02 11:10:00+00:00,18876.560999999998,18884.5055,18876.560999999998,18883.5
2024-09-02 11:15:00+00:00,18882.933500000003,18885.560999999998,18880.022,18884.928
2024-09-02 11:20:00+00:00,18885.483500000002,18888.05,18876.4945,18878.011
2024-09-02 11:25:00+00:00,18877.511,18883.0055,18876.572,18877.0055
2024-09-02 11:30:00+00:00,18876.0055,18878.0,18872.9835,18878.0
2024-09-02 11:35:00+00:00,18877.5,18889.45,18877.5,18888.011
2024-09-02 11:40:00+00:00,18887.5555,18889.4835,18885.4945,18887.016499999998
2024-09-02 11:45:00+00:00,18888.011,18889.0055,18881.939000000002,18883.9945
2024-09-02 11:50:00+00:00,18884.5,18889.022,18878.511,18886.516499999998
2024-09-02 11:55:00+00:00,18885.939000000002,18890.511,18884.060999999998,18888.0
2024-09-02 12:00:00+00:00,18886.5,18890.511,18882.0,18887.011
2024-09-02 12:05:00+00:00,18886.478,18890.572,18886.439000000002,18886.489
2024-09-02 12:10:00+00:00,18886.983500000002,18894.5555,18885.983500000002,18894.0
2024-09-02 12:15:00+00:00,18892.516499999998,18894.4945,18885.5055,18892.4945
2024-09-02 12:20:00+00:00,18893.011,18895.511,18889.016499999998,18891.989
2024-09-02 12:25:00+00:00,18890.983500000002,18896.5555,18890.489,18895.978
2024-09-02 12:30:00+00:00,18895.516499999998,18900.5,18893.939000000002,18899.4835
2024-09-02 12:35:00+00:00,18898.928,18900.5165,18890.4445,18898.989
2024-09-02 12:40:00+00:00,18899.4945,18900.511,18892.4445,18894.511
2024-09-02 12:45:00+00:00,18895.489,18902.0,18893.511,18900.5055
2024-09-02 12:50:00+00:00,18899.5055,18907.989,18897.5,18899.4945
2024-09-02 12:55:00+00:00,18898.989,18904.4945,18896.989,18899.066499999997
2024-09-02 13:00:00+00:00,18897.95,18911.45,18896.489,18901.5055
2024-09-02 13:05:00+00:00,18902.0055,18902.5,18890.05,18892.5055
2024-09-02 13:10:00+00:00,18891.522,18898.0055,18888.9945,18897.95
2024-09-02 13:15:00+00:00,18898.433500000003,18901.489,18890.022,18895.0
2024-09-02 13:20:00+00:00,18894.511,18901.0,18893.433500000003,18894.0055
2024-09-02 13:25:00+00:00,18893.566499999997,18894.022,18880.45,18884.9945
2024-09-02 13:30:00+00:00,18885.516499999998,18888.5055,18874.5055,18874.55
2024-09-02 13:35:00+00:00,18874.978,18889.5,18874.978,18888.0165
2024-09-02 13:40:00+00:00,18887.489,18898.4945,18886.45,18896.4835
2024-09-02 13:45:00+00:00,18895.989,18897.989,18889.0,18889.511
2024-09-02 13:50:00+00:00,18890.5,18899.011,18890.0,18897.5055
2024-09-02 13:55:00+00:00,18898.0555,18904.5165,18892.9945,18897.0165
2024-09-02 14:00:00+00:00,18897.9445,18899.0,18887.9945,18889.939000000002
2024-09-02 14:05:00+00:00,18889.483500000002,18898.566499999997,18889.483500000002,18897.0
2024-09-02 14:10:00+00:00,18896.5,18909.572,18896.4445,18905.011
2024-09-02 14:15:00+00:00,18905.45,18910.4445,18901.4945,18905.433500000003
2024-09-02 14:20:00+00:00,18904.9835,18909.433500000003,18903.0055,18907.983500000002
2024-09-02 14:25:00+00:00,18907.4945,18917.4945,18907.4945,18915.95
2024-09-02 14:30:00+00:00,18916.5055,18924.0165,18916.5055,18918.483500000002
2024-09-02 14:35:00+00:00,18918.933500000003,18929.572,18918.483500000002,18928.9835
2024-09-02 14:40:00+00:00,18929.489,18932.511,18923.4835,18930.0
2024-09-02 14:45:00+00:00,18930.55,18932.5,18924.5555,18931.9945
2024-09-02 14:50:00+00:00,18932.5055,18938.566499999997,18932.5055,18934.55
2024-09-02 14:55:00+00:00,18934.989,18935.572,18925.933500000003,18926.5055
2024-09-02 15:00:00+00:00,18927.4945,18929.9945,18924.4445,18928.989
2024-09-02 15:05:00+00:00,18928.45,18929.522,18923.439000000002,18928.5
2024-09-02 15:10:00+00:00,18928.95,18929.011,18923.0055,18927.0
2024-09-02 15:15:00+00:00,18926.5055,18928.072,18923.428,18925.0055
2024-09-02 15:20:00+00:00,18925.4835,18927.5165,18922.95,18922.95
2024-09-02 15:25:00+00:00,18923.5055,18926.5555,18922.433500000003,18924.0055
2024-09-02 15:30:00+00:00,18923.478,18928.522,18922.5555,18927.4945
2024-09-02 15:35:00+00:00,18928.0165,18935.066499999997,18928.0165,18933.0055
2024-09-02 15:40:00+00:00,18932.5555,18936.0055,18931.439000000002,18934.989
2024-09-02 15:45:00+00:00,18934.478,18935.522,18931.428,18934.016499999998
2024-09-02 15:50:00+00:00,18933.5555,18935.516499999998,18932.9445,18933.5055
2024-09-02 15:55:00+00:00,18934.5055,18936.5,18933.5055,18935.011
2024-09-02 16:00:00+00:00,18934.5,18936.5,18934.433500000003,18935.95
2024-09-02 16:05:00+00:00,18935.5165,18939.511,18935.5165,18939.4835
2024-09-02 16:10:00+00:00,18939.95,18940.566499999997,18937.55,18937.55
2024-09-02 16:15:00+00:00,18936.5,18937.428,18935.95,18936.011
2024-09-02 16:20:00+00:00,18935.489,18935.489,18932.9835,18935.0055
2024-09-02 16:25:00+00:00,18934.55,18937.516499999998,18934.55,18937.516499999998
2024-09-02 16:30:00+00:00,18937.060999999998,18939.511,18936.489,18938.5055
2024-09-02 16:35:00+00:00,18937.9445,18939.566499999997,18937.5,18939.566499999997
2024-09-02 16:40:00+00:00,18938.928,18939.55,18937.5,18939.0
2024-09-02 16:45:00+00:00,18939.483500000002,18939.483500000002,18936.5,18937.016499999998
2024-09-02 16:50:00+00:00,18937.5165,18937.5165,18932.978,18934.5
2024-09-02 16:55:00+00:00,18933.9445,18938.511,18933.9445,18937.5
2024-09-02 17:00:00+00:00,18937.95,18940.05,18937.95,18939.5
2024-09-02 17:05:00+00:00,18939.928,18940.566499999997,18937.95,18938.9445
2024-09-02 17:10:00+00:00,18939.489,18939.511,18938.011,18938.9945
2024-09-02 17:15:00+00:00,18940.0,18940.5,18939.4945,18940.060999999998
2024-09-02 17:20:00+00:00,18941.011,18941.011,18937.4445,18939.428
2024-09-02 17:25:00+00:00,18940.072,18940.483500000002,18938.45,18939.478
2024-09-02 17:30:00+00:00,18939.9945,18941.011,18939.483500000002,18941.011
2024-09-02 17:35:00+00:00,18941.939000000002,18944.011,18940.516499999998,18942.011
2024-09-02 17:40:00+00:00,18943.516499999998,18943.516499999998,18941.511,18942.0555
2024-09-02 17:45:00+00:00,18940.9945,18944.978,18940.9945,18944.978
2024-09-02 17:50:00+00:00,18945.5165,18945.5165,18943.4945,18944.522
2024-09-02 17:55:00+00:00,18943.483500000002,18944.0555,18940.511,18942.560999999998
2024-09-02 18:00:00+00:00,18942.060999999998,18943.0165,18942.011,18942.011
2024-09-02 18:05:00+00:00,18942.9945,18944.4945,18942.9945,18943.95
2024-09-02 18:10:00+00:00,18944.4835,18944.4835,18943.439000000002,18943.9445
2024-09-02 18:15:00+00:00,18943.572,18943.572,18942.0,18943.060999999998
2024-09-02 18:25:00+00:00,18943.5055,18943.5055,18942.011,18943.483500000002
2024-09-02 18:30:00+00:00,18943.0055,18943.011,18941.9945,18943.011
2024-09-02 18:35:00+00:00,18943.5,18943.5,18941.5555,18942.5
2024-09-02 18:40:00+00:00,18942.066499999997,18942.9945,18941.989,18941.989
2024-09-02 18:45:00+00:00,18942.4945,18943.05,18940.566499999997,18941.45
2024-09-02 18:50:00+00:00,18942.0,18943.433500000003,18942.0,18942.0
2024-09-02 18:55:00+00:00,18942.4835,18943.066499999997,18942.011,18942.95
2024-09-02 19:05:00+00:00,18942.4945,18943.072,18941.9945,18943.072
2024-09-02 19:10:00+00:00,18942.478,18943.011,18942.478,18942.5555
2024-09-02 19:15:00+00:00,18943.016499999998,18943.4445,18941.989,18942.95
2024-09-02 19:20:00+00:00,18943.428,18943.428,18939.5,18940.928
2024-09-02 19:25:00+00:00,18941.5555,18941.5555,18940.4835,18940.939000000002
2024-09-02 19:30:00+00:00,18939.4835,18943.0165,18939.4835,18941.978
2024-09-02 19:35:00+00:00,18941.0055,18943.016499999998,18941.0,18942.560999999998
2024-09-02 19:40:00+00:00,18941.928,18943.5165,18940.989,18943.5165
2024-09-02 19:45:00+00:00,18944.933500000003,18947.066499999997,18943.5,18946.560999999998
2024-09-02 19:50:00+00:00,18946.0,18948.566499999997,18945.928,18947.5055
2024-09-02 19:55:00+00:00,18947.989,18948.516499999998,18944.511,18944.9945
2024-09-02 22:00:00+00:00,18937.4945,18945.8445,18935.8835,18942.810999999998
2024-09-02 22:05:00+00:00,18943.128,18943.6,18938.489,18940.211
2024-09-02 22:10:00+00:00,18941.0,18945.189000000002,18940.144500000002,18944.389000000003
2024-09-02 22:15:00+00:00,18945.2,18946.1,18935.483500000002,18935.483500000002
2024-09-02 22:20:00+00:00,18936.5055,18939.216500000002,18934.7945,18936.644500000002
2024-09-02 22:25:00+00:00,18937.1,18937.511,18929.7445,18929.7445
2024-09-02 22:30:00+00:00,18929.4665,18931.5,18926.339,18926.894500000002
2024-09-02 22:35:00+00:00,18927.3055,18928.9835,18919.7055,18922.3
2024-09-02 22:40:00+00:00,18923.039,18927.278,18923.039,18923.95
2024-09-02 22:45:00+00:00,18923.105499999998,18923.889000000003,18913.9,18919.65
2024-09-02 22:50:00+00:00,18918.961,18921.4055,18913.889000000003,18921.3835
2024-09-02 22:55:00+00:00,18920.622,18923.3,18919.628,18923.2945
2024-09-02 23:00:00+00:00,18923.689000000002,18923.689000000002,18912.45,18917.1945
2024-09-02 23:05:00+00:00,18916.3335,18920.6,18913.0055,18918.0
2024-09-02 23:10:00+00:00,18918.889000000003,18919.7055,18916.4,18919.2445
2024-09-02 23:15:00+00:00,18918.889000000003,18919.644500000002,18915.428,18919.644500000002
2024-09-02 23:20:00+00:00,18920.605499999998,18921.4665,18898.3,18908.2945
2024-09-02 23:25:00+00:00,18907.566499999997,18909.1665,18900.2835,18905.3055
2024-09-02 23:30:00+00:00,18904.9,18906.1165,18900.3055,18906.028
2024-09-02 23:35:00+00:00,18906.939000000002,18909.1,18898.95,18905.610999999997
2024-09-02 23:40:00+00:00,18904.810999999998,18904.810999999998,18891.4,18902.778
2024-09-02 23:45:00+00:00,18901.9665,18910.3055,18901.9,18909.428
2024-09-02 23:50:00+00:00,18908.6555,18912.0945,18903.8,18904.589
2024-09-02 23:55:00+00:00,18905.339,18910.5,18904.6165,18909.6555
2024-09-03 00:00:00+00:00,18910.961,18918.2,18910.961,18914.7945
2024-09-03 00:05:00+00:00,18913.978,18916.55,18904.289,18911.5165
2024-09-03 00:10:00+00:00,18910.928,18924.5055,18907.3,18924.5055
2024-09-03 00:15:00+00:00,18919.5,18932.0,18913.9445,18929.45
2024-09-03 00:20:00+00:00,18929.478,18932.489,18928.483500000002,18932.0
2024-09-03 00:25:00+00:00,18931.5055,18937.439000000002,18931.5055,18935.5
2024-09-03 00:30:00+00:00,18934.5055,18934.5055,18926.9945,18927.978
2024-09-03 00:35:00+00:00,18927.522,18929.511,18926.4945,18929.511
2024-09-03 00:40:00+00:00,18928.9945,18933.0165,18926.9945,18929.9835
2024-09-03 00:45:00+00:00,18930.522,18930.522,18929.0055,18929.522
2024-09-03 00:50:00+00:00,18928.9445,18930.011,18925.9945,18926.560999999998
2024-09-03 00:55:00+00:00,18928.0055,18938.0165,18927.5055,18937.511
2024-09-03 01:00:00+00:00,18938.5555,18940.0165,18933.933500000003,18933.933500000003
2024-09-03 01:05:00+00:00,18933.5,18939.4835,18932.0,18939.0
2024-09-03 01:10:00+00:00,18939.5055,18942.566499999997,18936.5,18942.060999999998
2024-09-03 01:15:00+00:00,18943.011,18944.516499999998,18941.489,18942.066499999997
2024-09-03 01:20:00+00:00,18941.0165,18951.55,18941.0165,18945.9835
2024-09-03 01:25:00+00:00,18945.011,18946.072,18942.0,18945.9945
2024-09-03 01:30:00+00:00,18945.011,18947.0055,18942.989,18942.989
2024-09-03 01:35:00+00:00,18944.0,18944.0,18940.478,18940.478
2024-09-03 01:40:00+00:00,18938.516499999998,18944.0055,18936.933500000003,18941.5055
2024-09-03 01:45:00+00:00,18940.95,18942.5055,18939.928,18941.939000000002
2024-09-03 01:50:00+00:00,18943.566499999997,18946.560999999998,18943.5055,18944.516499999998
2024-09-03 01:55:00+00:00,18945.066499999997,18950.0055,18942.9445,18947.439000000002
2024-09-03 02:00:00+00:00,18948.0055,18948.0055,18940.4945,18941.516499999998
2024-09-03 02:05:00+00:00,18941.0055,18948.4945,18940.511,18945.5
2024-09-03 02:10:00+00:00,18943.9835,18951.5055,18943.9835,18950.516499999998
2024-09-03 02:15:00+00:00,18949.478,18951.011,18947.5055,18949.989
2024-09-03 02:20:00+00:00,18949.4945,18953.0165,18948.011,18952.560999999998
2024-09-03 02:25:00+00:00,18951.4945,18953.0,18944.4445,18952.011
2024-09-03 02:30:00+00:00,18953.0,18953.05,18950.439000000002,18951.489
2024-09-03 02:35:00+00:00,18950.9945,18950.9945,18944.989,18945.55
2024-09-03 02:40:00+00:00,18944.95,18945.0,18939.0,18939.0
2024-09-03 02:45:00+00:00,18940.0165,18941.522,18939.0055,18941.4945
2024-09-03 02:50:00+00:00,18941.0,18942.511,18940.439000000002,18940.439000000002
2024-09-03 02:55:00+00:00,18940.0,18940.0,18932.511,18933.933500000003
2024-09-03 03:00:00+00:00,18932.95,18935.511,18926.4835,18927.9945
2024-09-03 03:05:00+00:00,18928.4945,18928.9945,18919.0165,18922.0
2024-09-03 03:10:00+00:00,18922.511,18922.511,18916.5165,18920.5055
2024-09-03 03:15:00+00:00,18920.072,18924.9945,18919.983500000002,18922.4945
2024-09-03 03:20:00+00:00,18921.5,18925.0165,18918.928,18919.45
2024-09-03 03:25:00+00:00,18920.05,18921.0165,18918.5055,18918.5055
2024-09-03 03:30:00+00:00,18917.978,18920.55,18917.95,18919.5
2024-09-03 03:35:00+00:00,18919.9445,18925.072,18919.9445,18920.483500000002
2024-09-03 03:40:00+00:00,18921.0165,18922.011,18918.5055,18920.4945
2024-09-03 03:45:00+00:00,18923.4445,18928.55,18923.4445,18927.511
2024-09-03 03:50:00+00:00,18928.0,18931.0055,18926.928,18928.933500000003
2024-09-03 03:55:00+00:00,18928.4835,18930.511,18928.4835,18928.989
2024-09-03 04:00:00+00:00,18930.4945,18936.0,18928.989,18929.072
2024-09-03 04:05:00+00:00,18927.9835,18930.0,18924.511,18925.5
2024-09-03 04:10:00+00:00,18926.05,18931.9945,18925.4445,18931.9945
2024-09-03 04:15:00+00:00,18931.55,18931.978,18928.433500000003,18928.433500000003
2024-09-03 04:20:00+00:00,18927.511,18928.489,18922.489,18924.072
2024-09-03 04:25:00+00:00,18923.0555,18930.4945,18923.0555,18929.9945
2024-09-03 04:30:00+00:00,18930.5,18930.5,18927.9445,18930.0
2024-09-03 04:35:00+00:00,18929.478,18931.05,18928.511,18931.05
2024-09-03 04:40:00+00:00,18929.9445,18934.978,18929.011,18934.5055
2024-09-03 04:45:00+00:00,18933.489,18936.566499999997,18931.489,18931.489
2024-09-03 04:50:00+00:00,18931.011,18934.95,18930.4945,18931.0
2024-09-03 04:55:00+00:00,18930.022,18932.066499999997,18928.433500000003,18930.9945
2024-09-03 05:00:00+00:00,18929.989,18937.011,18929.0055,18936.011
2024-09-03 05:05:00+00:00,18935.45,18939.0,18931.983500000002,18939.0
2024-09-03 05:10:00+00:00,18939.9945,18948.511,18939.511,18947.9945
2024-09-03 05:15:00+00:00,18948.9945,18960.5,18947.5,18958.5
2024-09-03 05:20:00+00:00,18957.511,18957.511,18939.9945,18940.516499999998
2024-09-03 05:25:00+00:00,18939.989,18947.0,18939.989,18942.5055
2024-09-03 05:30:00+00:00,18943.072,18944.5165,18938.5055,18942.5555
2024-09-03 05:35:00+00:00,18943.0,18943.0,18935.5055,18936.072
2024-09-03 05:40:00+00:00,18935.566499999997,18940.0055,18931.522,18935.560999999998
2024-09-03 05:45:00+00:00,18935.05,18935.5055,18924.928,18928.511
2024-09-03 05:50:00+00:00,18929.0,18933.0055,18923.9945,18927.5
2024-09-03 05:55:00+00:00,18927.939000000002,18937.4945,18926.5055,18935.5165
2024-09-03 06:00:00+00:00,18936.0055,18936.0055,18918.928,18930.45
2024-09-03 06:05:00+00:00,18931.022,18937.0055,18926.4445,18935.566499999997
2024-09-03 06:10:00+00:00,18934.9945,18937.511,18924.5,18931.4445
2024-09-03 06:15:00+00:00,18931.939000000002,18933.5,18926.478,18932.511
2024-09-03 06:20:00+00:00,18931.9945,18939.016499999998,18929.011,18934.4945
2024-09-03 06:25:00+00:00,18935.0055,18939.0055,18923.4945,18937.511
2024-09-03 06:30:00+00:00,18940.5,18944.5,18936.433500000003,18937.511
2024-09-03 06:35:00+00:00,18937.0,18948.4945,18933.5,18948.489
2024-09-03 06:40:00+00:00,18950.0055,18953.5,18946.4945,18952.5
2024-09-03 06:45:00+00:00,18953.0,18958.511,18951.0,18956.072
2024-09-03 06:50:00+00:00,18957.0055,18959.0055,18953.428,18955.011
2024-09-03 06:55:00+00:00,18954.5165,18954.5165,18936.5055,18937.072
2024-09-03 07:00:00+00:00,18939.55,18990.4945,18938.5,18983.489
2024-09-03 07:05:00+00:00,18984.511,18989.016499999998,18974.9945,18980.4835
2024-09-03 07:10:00+00:00,18980.939000000002,18982.016499999998,18952.060999999998,18960.4945
2024-09-03 07:15:00+00:00,18962.4945,18968.572,18949.489,18963.560999999998
2024-09-03 07:20:00+00:00,18964.5,18973.5555,18956.489,18972.511
2024-09-03 07:25:00+00:00,18973.511,18984.4945,18969.5,18971.989
2024-09-03 07:30:00+00:00,18971.0055,18976.516499999998,18966.978,18970.439000000002
2024-09-03 07:35:00+00:00,18969.5,18987.05,18969.022,18981.511
2024-09-03 07:40:00+00:00,18981.0,18989.55,18975.4945,18984.489
2024-09-03 07:45:00+00:00,18985.060999999998,18993.5,18970.5,18973.0555
2024-09-03 07:50:00+00:00,18973.439000000002,18974.5,18962.5,18969.0055
2024-09-03 07:55:00+00:00,18968.4445,18969.05,18961.9945,18964.0055
2024-09-03 08:00:00+00:00,18965.5055,18973.05,18956.0055,18956.0055
2024-09-03 08:05:00+00:00,18956.5,18963.4945,18952.489,18962.478
2024-09-03 08:10:00+00:00,18964.4945,18967.072,18944.4945,18945.5055
2024-09-03 08:15:00+00:00,18944.439000000002,18947.5055,18935.989,18939.5
2024-09-03 08:20:00+00:00,18938.9945,18938.9945,18922.560999999998,18925.478
2024-09-03 08:25:00+00:00,18924.95,18930.572,18911.939000000002,18913.511
2024-09-03 08:30:00+00:00,18912.511,18912.511,18897.572,18901.5
2024-09-03 08:35:00+00:00,18902.5165,18909.060999999998,18899.5555,18904.489
2024-09-03 08:40:00+00:00,18905.489,18927.022,18901.9945,18926.4835
2024-09-03 08:45:00+00:00,18926.0,18931.572,18918.428,18923.483500000002
2024-09-03 08:50:00+00:00,18924.566499999997,18924.566499999997,18906.489,18906.560999999998
2024-09-03 08:55:00+00:00,18906.0,18916.566499999997,18905.478,18909.5
2024-09-03 09:00:00+00:00,18910.4945,18910.4945,18897.483500000002,18904.4945
2024-09-03 09:05:00+00:00,18903.560999999998,18907.5165,18895.439000000002,18895.439000000002
2024-09-03 09:10:00+00:00,18894.4445,18896.060999999998,18874.939000000002,18875.928
2024-09-03 09:15:00+00:00,18876.5165,18889.489,18871.933500000003,18889.489
2024-09-03 09:20:00+00:00,18890.428,18892.5055,18884.9945,18891.5
2024-09-03 09:25:00+00:00,18892.5,18905.011,18888.5165,18888.5165
2024-09-03 09:30:00+00:00,18889.5055,18890.5,18879.439000000002,18887.4835
2024-09-03 09:35:00+00:00,18886.989,18887.55,18872.439000000002,18875.516499999998
2024-09-03 09:40:00+00:00,18876.4445,18877.4835,18862.0055,18865.0555
2024-09-03 09:45:00+00:00,18863.978,18866.5,18840.4835,18849.5055
2024-09-03 09:50:00+00:00,18849.016499999998,18857.511,18843.433500000003,18848.483500000002
2024-09-03 09:55:00+00:00,18849.016499999998,18854.5,18836.928,18841.933500000003
2024-09-03 10:00:00+00:00,18843.428,18861.6945,18836.7055,18858.2
2024-09-03 10:05:00+00:00,18859.2055,18859.2055,18831.7,18831.7
2024-09-03 10:10:00+00:00,18831.1835,18844.7555,18825.7165,18839.7055
2024-09-03 10:15:00+00:00,18839.266499999998,18852.711,18834.266499999998,18851.7
2024-09-03 10:20:00+00:00,18851.183500000003,18856.7,18840.2,18841.711
2024-09-03 10:25:00+00:00,18842.6945,18858.7555,18842.6945,18858.2165
2024-09-03 10:30:00+00:00,18857.7055,18862.7,18854.144500000002,18856.1945
2024-09-03 10:35:00+00:00,18855.75,18856.272,18843.2,18849.183500000003
2024-09-03 10:40:00+00:00,18847.628,18856.65,18845.7,18848.211
2024-09-03 10:45:00+00:00,18847.75,18854.772,18841.2,18854.216500000002
2024-09-03 10:50:00+00:00,18853.7,18868.189000000002,18853.7,18866.2
2024-09-03 10:55:00+00:00,18867.139000000003,18872.6945,18862.2055,18864.216500000002
2024-09-03 11:00:00+00:00,18864.75,18866.711,18853.7055,18857.211
2024-09-03 11:05:00+00:00,18856.7,18859.2555,18848.7165,18859.2
2024-09-03 11:10:00+00:00,18858.7,18863.211,18852.178,18862.139000000003
2024-09-03 11:15:00+00:00,18863.25,18880.7,18862.2,18879.7055
2024-09-03 11:20:00+00:00,18879.261,18879.7055,18872.15,18873.25
2024-09-03 11:25:00+00:00,18873.7,18882.644500000002,18870.272,18877.128
2024-09-03 11:30:00+00:00,18877.716500000002,18882.6945,18874.7,18879.689000000002
2024-09-03 11:35:00+00:00,18879.2,18883.2555,18877.139000000003,18882.178
2024-09-03 11:40:00+00:00,18883.2055,18883.261,18861.178,18861.178
2024-09-03 11:45:00+00:00,18860.7,18871.7555,18859.15,18865.266499999998
2024-09-03 11:50:00+00:00,18864.7,18870.2555,18860.7055,18870.2555
2024-09-03 11:55:00+00:00,18870.689000000002,18879.761,18870.689000000002,18877.2055
2024-09-03 12:00:00+00:00,18878.183500000003,18887.1945,18876.2,18880.25
2024-09-03 12:05:00+00:00,18879.2,18882.2555,18875.628,18878.766499999998
2024-09-03 12:10:00+00:00,18879.1945,18880.261,18866.222,18875.2
2024-09-03 12:15:00+00:00,18874.211,18878.25,18871.6945,18875.1945
2024-09-03 12:20:00+00:00,18876.211,18884.1835,18871.644500000002,18874.139000000003
2024-09-03 12:25:00+00:00,18873.722,18875.261,18864.683500000003,18867.2
2024-09-03 12:30:00+00:00,18866.189000000002,18872.189000000002,18859.711,18871.1945
2024-09-03 12:35:00+00:00,18872.144500000002,18880.216500000002,18869.189000000002,18870.183500000003
2024-09-03 12:40:00+00:00,18869.266499999998,18871.25,18857.139000000003,18859.211
2024-09-03 12:45:00+00:00,18858.2055,18863.266499999998,18851.75,18854.2055
2024-09-03 12:50:00+00:00,18854.689000000002,18855.1945,18845.15,18851.1945
2024-09-03 12:55:00+00:00,18850.222,18850.222,18839.133500000004,18841.2
2024-09-03 13:00:00+00:00,18841.683500000003,18851.711,18839.133500000004,18851.711
2024-09-03 13:05:00+00:00,18852.772,18856.2055,18842.133500000004,18843.128
2024-09-03 13:10:00+00:00,18843.711,18844.222,18826.1835,18828.75
2024-09-03 13:15:00+00:00,18829.25,18839.261,18826.633500000004,18838.1835
2024-09-03 13:20:00+00:00,18836.6835,18850.6835,18833.1945,18841.211
2024-09-03 13:25:00+00:00,18840.25,18841.2055,18825.189000000002,18830.711
2024-09-03 13:30:00+00:00,18831.2,18841.7165,18822.2,18838.272
2024-09-03 13:35:00+00:00,18837.689000000002,18842.216500000002,18818.2,18821.2055
2024-09-03 13:40:00+00:00,18820.1945,18825.633500000004,18807.266499999998,18823.2055
2024-09-03 13:45:00+00:00,18822.7055,18823.133500000004,18789.128,18798.216500000002
2024-09-03 13:50:00+00:00,18797.189000000002,18803.211,18773.689000000002,18796.644500000002
2024-09-03 13:55:00+00:00,18797.266499999998,18803.189000000002,18780.133500000004,18798.716500000002
2024-09-03 14:00:00+00:00,18793.222,18793.222,18743.2165,18753.633500000004
2024-09-03 14:05:00+00:00,18754.2,18756.2555,18734.683500000003,18748.216500000002
2024-09-03 14:10:00+00:00,18747.266499999998,18751.222,18726.7,18731.183500000003
2024-09-03 14:15:00+00:00,18729.211,18766.2165,18727.15,18757.272
2024-09-03 14:20:00+00:00,18756.2555,18774.211,18751.178,18761.2
2024-09-03 14:25:00+00:00,18760.211,18775.211,18756.189000000002,18774.216500000002
2024-09-03 14:30:00+00:00,18773.189000000002,18776.266499999998,18754.628,18769.139000000003
2024-09-03 14:35:00+00:00,18768.689000000002,18770.1945,18756.15,18757.2055
2024-09-03 14:40:00+00:00,18755.211,18769.222,18751.133500000004,18756.7
2024-09-03 14:45:00+00:00,18755.722,18756.139000000003,18727.2055,18727.2055
2024-09-03 14:50:00+00:00,18726.211,18750.222,18725.2055,18739.216500000002
2024-09-03 14:55:00+00:00,18738.711,18745.15,18731.211,18739.2165
2024-09-03 15:00:00+00:00,18739.7055,18758.7055,18732.711,18752.189000000002
2024-09-03 15:05:00+00:00,18751.2055,18774.266499999998,18750.128,18755.139000000003
2024-09-03 15:10:00+00:00,18754.261,18765.2555,18751.15,18751.628
2024-09-03 15:15:00+00:00,18752.2,18757.211,18742.183500000003,18744.639000000003
2024-09-03 15:20:00+00:00,18744.133500000004,18750.211,18741.766499999998,18748.7
2024-09-03 15:25:00+00:00,18749.644500000002,18761.211,18744.766499999998,18755.65
2024-09-03 15:30:00+00:00,18756.1945,18758.722,18745.183500000003,18746.128
2024-09-03 15:35:00+00:00,18747.711,18758.689000000002,18747.644500000002,18750.75
2024-09-03 15:40:00+00:00,18750.272,18750.7555,18735.1835,18737.6945
2024-09-03 15:45:00+00:00,18738.6945,18746.6945,18738.644500000002,18742.689000000002
2024-09-03 15:50:00+00:00,18743.2,18751.2055,18740.633500000004,18750.2
2024-09-03 15:55:00+00:00,18749.7,18753.65,18737.128,18737.183500000003
2024-09-03 16:00:00+00:00,18737.6945,18748.2555,18736.633500000004,18742.139000000003
2024-09-03 16:05:00+00:00,18742.7555,18747.266499999998,18732.689000000002,18736.7555
2024-09-03 16:10:00+00:00,18737.7165,18746.7165,18733.7055,18745.7055
2024-09-03 16:15:00+00:00,18746.216500000002,18751.139000000003,18740.2555,18745.25
2024-09-03 16:20:00+00:00,18744.7555,18753.2165,18743.1945,18743.689000000002
2024-09-03 16:25:00+00:00,18744.1945,18744.761,18736.766499999998,18744.2055
2024-09-03 16:30:00+00:00,18743.128,18743.25,18735.1945,18737.7
2024-09-03 16:35:00+00:00,18737.2,18740.216500000002,18731.689000000002,18737.2165
2024-09-03 16:40:00+00:00,18736.7055,18738.7,18727.6835,18732.144500000002
2024-09-03 16:45:00+00:00,18732.761,18734.15,18726.6945,18729.7
2024-09-03 16:50:00+00:00,18729.2055,18734.2555,18726.628,18732.272
2024-09-03 16:55:00+00:00,18733.2,18735.6945,18729.644500000002,18732.222
2024-09-03 17:00:00+00:00,18731.6945,18735.272,18727.6945,18731.7055
2024-09-03 17:05:00+00:00,18732.1945,18740.766499999998,18731.128,18738.75
2024-09-03 17:10:00+00:00,18739.2555,18740.761,18723.7165,18727.133500000004
2024-09-03 17:15:00+00:00,18726.766499999998,18733.15,18723.689000000002,18732.7055
2024-09-03 17:20:00+00:00,18733.6945,18746.211,18731.628,18741.6945
2024-09-03 17:25:00+00:00,18741.2,18743.2055,18737.711,18740.2055
2024-09-03 17:30:00+00:00,18739.7165,18740.711,18723.189000000002,18725.7
2024-09-03 17:35:00+00:00,18726.211,18740.2055,18724.689000000002,18738.772
2024-09-03 17:40:00+00:00,18738.189000000002,18738.189000000002,18724.7555,18728.639000000003
2024-09-03 17:45:00+00:00,18728.144500000002,18729.711,18721.644500000002,18724.711
2024-09-03 17:50:00+00:00,18725.139000000003,18727.711,18720.2,18725.772
2024-09-03 17:55:00+00:00,18725.128,18729.2165,18716.644500000002,18717.2
2024-09-03 18:00:00+00:00,18716.678,18717.711,18693.6945,18700.6945
2024-09-03 18:05:00+00:00,18699.7,18704.75,18687.189000000002,18690.6945
2024-09-03 18:10:00+00:00,18691.2555,18696.722,18688.7055,18693.25
2024-09-03 18:15:00+00:00,18692.75,18696.7165,18680.25,18681.628
2024-09-03 18:20:00+00:00,18682.7555,18692.7055,18681.644500000002,18683.7
2024-09-03 18:25:00+00:00,18684.2055,18693.711,18682.6945,18684.6835
2024-09-03 18:30:00+00:00,18685.15,18699.761,18682.128,18696.7055
2024-09-03 18:35:00+00:00,18697.2,18699.716500000002,18687.6945,18690.633500000004
2024-09-03 18:40:00+00:00,18691.2,18694.711,18686.6945,18688.7555
2024-09-03 18:45:00+00:00,18688.211,18693.75,18683.628,18684.2
2024-09-03 18:50:00+00:00,18683.7055,18687.211,18674.128,18675.1945
2024-09-03 18:55:00+00:00,18675.689000000002,18678.7,18669.133500000004,18672.7055
2024-09-03 19:00:00+00:00,18672.272,18675.222,18667.133500000004,18669.6945
2024-09-03 19:05:00+00:00,18670.211,18675.7165,18665.644500000002,18665.7
2024-09-03 19:10:00+00:00,18665.1945,18680.2055,18664.639000000003,18674.711
2024-09-03 19:15:00+00:00,18675.7055,18684.7,18673.766499999998,18680.633500000004
2024-09-03 19:20:00+00:00,18679.7,18688.766499999998,18678.1945,18679.711
2024-09-03 19:25:00+00:00,18680.2165,18681.75,18671.6945,18676.128
2024-09-03 19:30:00+00:00,18676.7165,18682.7,18672.65,18673.7
2024-09-03 19:35:00+00:00,18673.139000000003,18673.633500000004,18657.689000000002,18659.1945
2024-09-03 19:40:00+00:00,18658.689000000002,18659.6945,18639.1945,18648.7555
2024-09-03 19:45:00+00:00,18648.144500000002,18648.689000000002,18622.2055,18643.639000000003
2024-09-03 19:50:00+00:00,18645.2,18654.2165,18633.6945,18645.7
2024-09-03 19:55:00+00:00,18645.183500000003,18658.222,18642.7055,18655.7555
2024-09-03 20:00:00+00:00,18655.2055,18669.9055,18651.3,18664.8055
2024-09-03 20:05:00+00:00,18664.0,18664.0,18655.4945,18663.1
2024-09-03 20:10:00+00:00,18664.05,18664.05,18652.9945,18660.5445
2024-09-03 22:00:00+00:00,18637.878,18641.0055,18637.411,18639.722
2024-09-03 22:05:00+00:00,18639.228,18641.2945,18619.4055,18625.278
2024-09-03 22:10:00+00:00,18626.839,18643.783499999998,18626.511,18643.783499999998
2024-09-03 22:15:00+00:00,18643.05,18649.65,18636.2055,18645.483500000002
2024-09-03 22:20:00+00:00,18646.278,18653.1555,18645.5,18652.25
2024-09-03 22:25:00+00:00,18651.789,18653.911,18642.089,18644.6
2024-09-03 22:30:00+00:00,18645.0335,18651.733500000002,18643.7945,18648.55
2024-09-03 22:35:00+00:00,18649.411,18652.289,18648.589,18650.2055
2024-09-03 22:40:00+00:00,18649.472,18651.0835,18646.9,18647.7
2024-09-03 22:45:00+00:00,18648.589,18649.4,18644.2945,18644.2945
2024-09-03 22:50:00+00:00,18644.8055,18647.716500000002,18633.4055,18633.4055
2024-09-03 22:55:00+00:00,18634.211,18643.110999999997,18631.689000000002,18641.4665
2024-09-03 23:00:00+00:00,18640.511,18643.105499999998,18638.0,18640.511
2024-09-03 23:05:00+00:00,18636.283499999998,18639.7,18631.310999999998,18636.228
2024-09-03 23:10:00+00:00,18635.9665,18647.289,18633.8055,18646.4555
2024-09-03 23:15:00+00:00,18647.2945,18649.8165,18645.528,18649.7945
2024-09-03 23:20:00+00:00,18649.060999999998,18649.060999999998,18645.6,18647.372
2024-09-03 23:25:00+00:00,18646.4055,18646.4055,18634.528,18638.0
2024-09-03 23:30:00+00:00,18637.266499999998,18641.4,18636.289,18641.4
2024-09-03 23:35:00+00:00,18640.489,18643.9,18634.6,18635.5165
2024-09-03 23:40:00+00:00,18634.6165,18639.678,18632.8445,18639.678
2024-09-03 23:45:00+00:00,18638.8055,18641.4555,18628.7,18628.7
2024-09-03 23:50:00+00:00,18624.4945,18642.2555,18618.5335,18638.0055
2024-09-03 23:55:00+00:00,18639.689000000002,18643.110999999997,18634.672,18635.4445
2024-09-04 00:00:00+00:00,18636.233500000002,18647.011,18636.233500000002,18646.8055
2024-09-04 00:05:00+00:00,18646.0,18652.3,18644.228,18649.3055
2024-09-04 00:10:00+00:00,18648.5165,18649.310999999998,18639.711,18644.739
2024-09-04 00:15:00+00:00,18649.711,18656.2,18619.644500000002,18627.6945
2024-09-04 00:20:00+00:00,18627.644500000002,18650.7,18627.644500000002,18649.75
2024-09-04 00:25:00+00:00,18650.183500000003,18650.1945,18637.144500000002,18640.7
2024-09-04 00:30:00+00:00,18639.7,18640.7055,18632.716500000002,18636.722
2024-09-04 00:35:00+00:00,18637.2555,18641.2,18602.1835,18603.716500000002
2024-09-04 00:40:00+00:00,18602.633500000004,18613.722,18583.766499999998,18587.6945
2024-09-04 00:45:00+00:00,18586.628,18602.2555,18580.6945,18602.2555
2024-09-04 00:50:00+00:00,18602.633500000004,18608.7055,18575.772,18581.6945
2024-09-04 00:55:00+00:00,18582.2165,18587.7,18567.7555,18570.1945
2024-09-04 01:00:00+00:00,18569.216500000002,18582.7,18565.2165,18582.178
2024-09-04 01:05:00+00:00,18580.6945,18597.2,18578.2555,18596.6945
2024-09-04 01:10:00+00:00,18596.2555,18596.7055,18590.75,18592.7
2024-09-04 01:15:00+00:00,18592.189000000002,18593.2055,18567.2,18567.75
2024-09-04 01:20:00+00:00,18568.128,18583.144500000002,18560.7555,18561.6835
2024-09-04 01:25:00+00:00,18560.261,18589.1945,18559.211,18588.1945
2024-09-04 01:30:00+00:00,18588.6945,18607.711,18588.65,18605.183500000003
2024-09-04 01:35:00+00:00,18606.183500000003,18613.2,18601.7,18605.722
2024-09-04 01:40:00+00:00,18605.2,18615.7,18602.189000000002,18603.1945
2024-09-04 01:45:00+00:00,18603.75,18614.7,18602.7055,18612.222
2024-09-04 01:50:00+00:00,18611.7,18614.6945,18605.2055,18605.689000000002
2024-09-04 01:55:00+00:00,18605.261,18606.266499999998,18590.7055,18590.7055
2024-09-04 02:00:00+00:00,18589.683500000003,18590.761,18578.2055,18587.628
2024-09-04 02:05:00+00:00,18587.2555,18587.2555,18572.7,18581.222
2024-09-04 02:10:00+00:00,18581.7055,18586.6835,18577.266499999998,18584.211
2024-09-04 02:15:00+00:00,18583.6835,18591.2,18579.1945,18579.678
2024-09-04 02:20:00+00:00,18580.2055,18591.7,18578.7,18584.7555
2024-09-04 02:25:00+00:00,18585.2,18595.189000000002,18584.7,18588.628
2024-09-04 02:30:00+00:00,18587.7,18591.689000000002,18585.2,18588.7055
2024-09-04 02:35:00+00:00,18589.25,18602.2055,18589.25,18598.772
2024-09-04 02:40:00+00:00,18598.2,18598.2,18581.6945,18581.6945
2024-09-04 02:45:00+00:00,18579.15,18587.128,18577.189000000002,18581.222
2024-09-04 02:50:00+00:00,18580.1945,18581.644500000002,18575.2055,18577.183500000003
2024-09-04 02:55:00+00:00,18577.6835,18578.628,18565.189000000002,18573.711
2024-09-04 03:00:00+00:00,18573.2,18592.144500000002,18573.2,18592.144500000002
2024-09-04 03:05:00+00:00,18590.689000000002,18591.7,18585.139000000003,18588.6945
2024-09-04 03:10:00+00:00,18588.139000000003,18589.689000000002,18580.7555,18582.761
2024-09-04 03:15:00+00:00,18583.1945,18584.644500000002,18580.7,18584.144500000002
2024-09-04 03:20:00+00:00,18583.216500000002,18583.216500000002,18573.133500000004,18576.216500000002
2024-09-04 03:25:00+00:00,18575.711,18576.222,18569.189000000002,18571.6945
2024-09-04 03:30:00+00:00,18571.2055,18577.6945,18570.211,18571.178
2024-09-04 03:35:00+00:00,18570.7055,18570.7055,18564.1945,18565.6945
2024-09-04 03:40:00+00:00,18565.261,18577.7,18562.2055,18569.633500000004
2024-09-04 03:45:00+00:00,18569.1835,18570.766499999998,18565.139000000003,18566.722
2024-09-04 03:50:00+00:00,18567.189000000002,18568.2555,18559.1945,18562.2
2024-09-04 03:55:00+00:00,18564.133500000004,18568.678,18561.2,18567.222
2024-09-04 04:00:00+00:00,18567.75,18580.7,18567.75,18575.2
2024-09-04 04:05:00+00:00,18575.716500000002,18590.222,18574.2,18586.6945
2024-09-04 04:10:00+00:00,18587.2555,18589.7055,18579.711,18586.261
2024-09-04 04:15:00+00:00,18585.6945,18585.6945,18572.7,18573.2555
2024-09-04 04:20:00+00:00,18572.189000000002,18573.766499999998,18568.1945,18569.639000000003
2024-09-04 04:25:00+00:00,18570.211,18572.211,18563.2055,18565.1835
2024-09-04 04:30:00+00:00,18565.7,18567.7055,18562.6945,18564.711
2024-09-04 04:35:00+00:00,18565.222,18567.7165,18561.133500000004,18564.65
2024-09-04 04:40:00+00:00,18565.2165,18572.211,18564.7555,18569.7
2024-09-04 04:45:00+00:00,18570.2165,18570.2165,18567.15,18568.189000000002
2024-09-04 04:50:00+00:00,18568.6945,18568.6945,18558.1945,18564.7055
2024-09-04 04:55:00+00:00,18564.1945,18566.1945,18558.7,18560.689000000002
2024-09-04 05:00:00+00:00,18560.139000000003,18560.711,18545.2,18549.2555
2024-09-04 05:05:00+00:00,18549.6945,18553.211,18535.7055,18538.2
2024-09-04 05:10:00+00:00,18537.6835,18543.644500000002,18535.7,18539.722
2024-09-04 05:15:00+00:00,18539.266499999998,18543.1945,18535.689000000002,18536.183500000003
2024-09-04 05:20:00+00:00,18535.7,18546.772,18532.711,18546.139000000003
2024-09-04 05:25:00+00:00,18545.711,18559.189000000002,18545.7,18548.7055
2024-09-04 05:30:00+00:00,18550.6835,18555.628,18543.711,18546.2055
2024-09-04 05:35:00+00:00,18546.7055,18549.7,18541.689000000002,18541.711
2024-09-04 05:40:00+00:00,18542.772,18549.2055,18536.1945,18546.7165
2024-09-04 05:45:00+00:00,18541.178,18549.1945,18525.7055,18526.711
2024-09-04 05:50:00+00:00,18526.2555,18531.7,18520.2055,18525.639000000003
2024-09-04 05:55:00+00:00,18529.7055,18542.144500000002,18525.1835,18527.716500000002
2024-09-04 06:00:00+00:00,18528.189000000002,18548.144500000002,18527.689000000002,18538.689000000002
2024-09-04 06:05:00+00:00,18539.2055,18545.128,18523.6945,18528.2055
2024-09-04 06:10:00+00:00,18528.689000000002,18532.2,18516.1945,18520.7
2024-09-04 06:15:00+00:00,18521.222,18532.75,18513.144500000002,18513.6945
2024-09-04 06:20:00+00:00,18510.639000000003,18524.7055,18508.6945,18513.211
2024-09-04 06:25:00+00:00,18512.722,18542.722,18507.689000000002,18540.6945
2024-09-04 06:30:00+00:00,18541.7,18541.7,18524.711,18532.2055
2024-09-04 06:35:00+00:00,18530.7,18538.7055,18530.7,18533.211
2024-09-04 06:40:00+00:00,18530.766499999998,18531.216500000002,18516.266499999998,18529.211
2024-09-04 06:45:00+00:00,18529.689000000002,18534.1945,18520.216500000002,18527.6945
2024-09-04 06:50:00+00:00,18527.211,18527.7055,18490.6835,18494.2
2024-09-04 06:55:00+00:00,18494.6945,18503.2555,18471.7,18484.633500000004
2024-09-04 07:00:00+00:00,18485.689000000002,18558.772,18485.689000000002,18558.65
2024-09-04 07:05:00+00:00,18555.689000000002,18589.65,18548.75,18588.711
2024-09-04 07:10:00+00:00,18589.211,18604.766499999998,18581.183500000003,18583.15
2024-09-04 07:15:00+00:00,18582.183500000003,18599.6945,18579.644500000002,18587.7
2024-09-04 07:20:00+00:00,18588.7,18597.711,18566.7,18587.189000000002
2024-09-04 07:25:00+00:00,18588.7,18589.633500000004,18558.639000000003,18564.711
2024-09-04 07:30:00+00:00,18564.2165,18585.7555,18563.628,18580.7
2024-09-04 07:35:00+00:00,18581.189000000002,18598.711,18567.7,18586.7055
2024-09-04 07:40:00+00:00,18587.7,18612.222,18582.7055,18609.511
2024-09-04 07:45:00+00:00,18607.5055,18626.060999999998,18597.55,18624.022
2024-09-04 07:50:00+00:00,18622.5,18624.511,18610.9835,18617.483500000002
2024-09-04 07:55:00+00:00,18616.4945,18629.5555,18611.9945,18618.5055
2024-09-04 08:00:00+00:00,18617.522,18630.0,18608.4945,18616.511
2024-09-04 08:05:00+00:00,18615.5,18615.5,18593.060999999998,18593.522
2024-09-04 08:10:00+00:00,18594.4945,18603.05,18588.4945,18595.4945
2024-09-04 08:15:00+00:00,18596.489,18605.489,18591.489,18601.5
2024-09-04 08:20:00+00:00,18600.989,18613.5,18597.9945,18602.511
2024-09-04 08:25:00+00:00,18603.0,18616.066499999997,18600.0055,18602.9945
2024-09-04 08:30:00+00:00,18603.489,18632.5055,18603.483500000002,18627.5
2024-09-04 08:35:00+00:00,18628.072,18628.566499999997,18599.4945,18600.4835
2024-09-04 08:40:00+00:00,18600.022,18604.516499999998,18589.522,18593.439000000002
2024-09-04 08:45:00+00:00,18592.9945,18601.45,18583.0055,18583.0055
2024-09-04 08:50:00+00:00,18583.566499999997,18607.572,18579.560999999998,18606.5
2024-09-04 08:55:00+00:00,18607.5,18615.5055,18600.489,18602.4945
2024-09-04 09:00:00+00:00,18603.5,18607.428,18591.45,18599.522
2024-09-04 09:05:00+00:00,18598.4945,18601.511,18584.478,18586.433500000003
2024-09-04 09:10:00+00:00,18587.5055,18591.022,18582.9945,18586.9445
2024-09-04 09:15:00+00:00,18587.45,18605.011,18584.572,18604.489
2024-09-04 09:20:00+00:00,18603.489,18608.560999999998,18602.439000000002,18607.489
2024-09-04 09:25:00+00:00,18606.489,18619.522,18603.4445,18618.5
2024-09-04 09:30:00+00:00,18617.5,18625.0,18613.5,18624.572
2024-09-04 09:35:00+00:00,18623.5055,18631.489,18622.478,18627.5555
2024-09-04 09:40:00+00:00,18627.022,18635.428,18627.022,18629.45
2024-09-04 09:45:00+00:00,18628.5,18649.522,18628.5,18644.5
2024-09-04 09:50:00+00:00,18645.0,18645.5,18621.428,18626.5055
2024-09-04 09:55:00+00:00,18628.9945,18640.5055,18628.9945,18635.439000000002
2024-09-04 10:00:00+00:00,18636.060999999998,18644.05,18631.989,18635.5
2024-09-04 10:05:00+00:00,18636.572,18641.4445,18626.5,18628.5055
2024-09-04 10:10:00+00:00,18627.9945,18634.4945,18605.0,18605.0
2024-09-04 10:15:00+00:00,18605.5,18615.478,18602.072,18615.478
2024-09-04 10:20:00+00:00,18616.0,18623.511,18613.511,18619.5555
2024-09-04 10:25:00+00:00,18618.4945,18624.066499999997,18609.5,18611.516499999998
2024-09-04 10:30:00+00:00,18610.45,18630.5,18608.5,18629.011
2024-09-04 10:35:00+00:00,18628.5555,18633.989,18608.939000000002,18610.4445
2024-09-04 10:40:00+00:00,18609.5,18616.4945,18608.45,18612.511
2024-09-04 10:45:00+00:00,18612.9945,18612.9945,18601.95,18606.478
2024-09-04 10:50:00+00:00,18605.9945,18613.572,18604.4945,18606.066499999997
2024-09-04 10:55:00+00:00,18606.5165,18606.5165,18592.511,18593.0
2024-09-04 11:00:00+00:00,18594.5165,18598.511,18589.4835,18593.9945
2024-09-04 11:05:00+00:00,18594.511,18597.511,18591.0,18595.4945
2024-09-04 11:10:00+00:00,18595.0055,18601.011,18587.5,18589.5
2024-09-04 11:15:00+00:00,18589.060999999998,18589.560999999998,18580.0,18588.4445
2024-09-04 11:20:00+00:00,18587.522,18594.022,18576.433500000003,18576.433500000003
2024-09-04 11:25:00+00:00,18575.939000000002,18589.511,18575.428,18588.5055
2024-09-04 11:30:00+00:00,18586.9945,18598.066499999997,18583.5055,18594.5
2024-09-04 11:35:00+00:00,18593.511,18609.5055,18593.511,18609.5055
2024-09-04 11:40:00+00:00,18608.9445,18609.0055,18588.4945,18590.572
2024-09-04 11:45:00+00:00,18590.0,18592.072,18583.989,18585.011
2024-09-04 11:50:00+00:00,18584.5,18588.516499999998,18580.5,18583.072
2024-09-04 11:55:00+00:00,18581.439000000002,18594.0,18579.45,18579.45
2024-09-04 12:00:00+00:00,18579.9945,18595.511,18573.439000000002,18593.9945
2024-09-04 12:05:00+00:00,18593.478,18607.5055,18592.439000000002,18607.5055
2024-09-04 12:10:00+00:00,18606.5,18607.060999999998,18584.0,18584.4445
2024-09-04 12:15:00+00:00,18585.522,18589.5055,18580.4945,18589.428
2024-09-04 12:20:00+00:00,18588.989,18594.978,18580.5,18594.978
2024-09-04 12:25:00+00:00,18595.489,18607.0,18592.4835,18606.511
2024-09-04 12:30:00+00:00,18605.516499999998,18606.5165,18585.5555,18587.433500000003
2024-09-04 12:35:00+00:00,18588.5,18599.0,18579.45,18597.560999999998
2024-09-04 12:40:00+00:00,18596.516499999998,18616.978,18595.4445,18615.45
2024-09-04 12:45:00+00:00,18616.489,18617.9945,18607.428,18608.5
2024-09-04 12:50:00+00:00,18609.5,18614.516499999998,18600.478,18607.560999999998
2024-09-04 12:55:00+00:00,18608.478,18611.55,18600.511,18609.0055
2024-09-04 13:00:00+00:00,18609.5,18609.5,18591.489,18591.5
2024-09-04 13:05:00+00:00,18591.0,18598.5165,18586.5,18589.489
2024-09-04 13:10:00+00:00,18589.989,18593.45,18582.433500000003,18585.060999999998
2024-09-04 13:15:00+00:00,18585.55,18591.0055,18579.489,18584.489
2024-09-04 13:20:00+00:00,18583.989,18593.95,18577.5,18583.5
2024-09-04 13:25:00+00:00,18582.560999999998,18587.511,18572.5,18574.5555
2024-09-04 13:30:00+00:00,18573.5,18617.016499999998,18573.5,18615.5
2024-09-04 13:35:00+00:00,18616.45,18622.516499999998,18606.511,18612.5
2024-09-04 13:40:00+00:00,18613.572,18622.4835,18606.428,18606.9945
2024-09-04 13:45:00+00:00,18607.511,18621.516499999998,18606.428,18615.560999999998
2024-09-04 13:50:00+00:00,18614.983500000002,18626.011,18607.983500000002,18608.566499999997
2024-09-04 13:55:00+00:00,18608.9945,18619.516499999998,18597.45,18614.5055
2024-09-04 14:00:00+00:00,18615.011,18615.011,18541.4945,18575.5
2024-09-04 14:05:00+00:00,18576.5,18607.511,18566.489,18606.5055
2024-09-04 14:10:00+00:00,18607.55,18621.0055,18596.9945,18612.566499999997
2024-09-04 14:15:00+00:00,18613.4445,18627.483500000002,18589.0055,18595.0055
2024-09-04 14:20:00+00:00,18595.4445,18597.983500000002,18579.511,18591.95
2024-09-04 14:25:00+00:00,18591.489,18602.511,18576.483500000002,18602.511
2024-09-04 14:30:00+00:00,18603.483500000002,18610.511,18588.5,18607.4945
2024-09-04 14:35:00+00:00,18606.433500000003,18631.0055,18598.9835,18627.022
2024-09-04 14:40:00+00:00,18627.45,18632.072,18606.5055,18623.0
2024-09-04 14:45:00+00:00,18622.522,18626.5,18610.4945,18612.439000000002
2024-09-04 14:50:00+00:00,18612.978,18627.983500000002,18609.478,18627.516499999998
2024-09-04 14:55:00+00:00,18628.511,18636.4445,18623.9945,18631.989
2024-09-04 15:00:00+00:00,18633.522,18650.0055,18631.5,18649.989
2024-09-04 15:05:00+00:00,18649.0055,18655.0,18631.983500000002,18632.4945
2024-09-04 15:10:00+00:00,18633.566499999997,18634.5055,18607.5,18610.5055
2024-09-04 15:15:00+00:00,18609.5,18614.511,18603.5,18611.072
2024-09-04 15:20:00+00:00,18610.516499999998,18613.5055,18597.4945,18604.4945
2024-09-04 15:25:00+00:00,18603.5,18608.011,18587.566499999997,18590.0
2024-09-04 15:30:00+00:00,18590.433500000003,18596.522,18580.95,18589.978
2024-09-04 15:35:00+00:00,18591.066499999997,18593.5055,18575.9945,18579.439000000002
2024-09-04 15:40:00+00:00,18578.978,18580.428,18566.4945,18570.5055
2024-09-04 15:45:00+00:00,18571.0,18584.489,18571.0,18575.516499999998
2024-09-04 15:50:00+00:00,18576.428,18586.0055,18574.428,18585.5055
2024-09-04 15:55:00+00:00,18585.011,18585.011,18568.428,18575.45
2024-09-04 16:00:00+00:00,18574.4945,18578.5055,18565.939000000002,18566.489
2024-09-04 16:05:00+00:00,18566.05,18570.0165,18556.9835,18567.45
2024-09-04 16:10:00+00:00,18568.0055,18573.511,18555.9945,18555.9945
2024-09-04 16:15:00+00:00,18556.5,18570.928,18555.560999999998,18563.0055
2024-09-04 16:20:00+00:00,18562.5055,18577.0,18560.428,18576.5555
2024-09-04 16:25:00+00:00,18575.983500000002,18580.928,18567.489,18573.022
2024-09-04 16:30:00+00:00,18572.4945,18595.566499999997,18571.989,18595.011
2024-09-04 16:35:00+00:00,18593.566499999997,18601.0,18592.011,18597.55
2024-09-04 16:40:00+00:00,18596.9945,18599.572,18577.433500000003,18578.4835
2024-09-04 16:45:00+00:00,18578.989,18588.5,18575.4945,18583.439000000002
2024-09-04 16:50:00+00:00,18584.011,18592.5055,18577.4835,18590.060999999998
2024-09-04 16:55:00+00:00,18589.5555,18594.5,18583.4945,18591.983500000002
2024-09-04 17:00:00+00:00,18591.022,18592.522,18579.478,18583.433500000003
2024-09-04 17:05:00+00:00,18584.511,18595.0,18583.978,18593.5555
2024-09-04 17:10:00+00:00,18593.0,18597.9445,18586.0,18588.5165
2024-09-04 17:15:00+00:00,18588.978,18591.05,18579.483500000002,18583.4945
2024-09-04 17:20:00+00:00,18582.5,18591.5555,18577.9945,18580.439000000002
2024-09-04 17:25:00+00:00,18580.0,18584.522,18572.9945,18576.5
2024-09-04 17:30:00+00:00,18575.5055,18579.989,18571.939000000002,18577.022
2024-09-04 17:35:00+00:00,18576.4945,18578.572,18572.428,18574.9945
2024-09-04 17:40:00+00:00,18575.95,18579.560999999998,18567.566499999997,18568.5
2024-09-04 17:45:00+00:00,18569.478,18585.4835,18568.55,18574.483500000002
2024-09-04 17:50:00+00:00,18574.9945,18577.0165,18566.011,18573.5
2024-09-04 17:55:00+00:00,18572.9945,18578.0,18570.511,18573.011
2024-09-04 18:00:00+00:00,18573.483500000002,18576.5,18567.011,18568.5555
2024-09-04 18:05:00+00:00,18568.0165,18577.489,18565.9445,18568.4945
2024-09-04 18:10:00+00:00,18569.0,18577.566499999997,18564.928,18577.5
2024-09-04 18:15:00+00:00,18576.0,18581.072,18563.489,18564.489
2024-09-04 18:20:00+00:00,18565.0165,18570.0165,18560.5,18569.9945
2024-09-04 18:25:00+00:00,18568.978,18579.4945,18568.978,18575.983500000002
2024-09-04 18:30:00+00:00,18575.0055,18586.072,18570.060999999998,18571.0165
2024-09-04 18:35:00+00:00,18572.060999999998,18572.4945,18555.0165,18557.0055
2024-09-04 18:40:00+00:00,18557.45,18567.0,18556.978,18561.95
2024-09-04 18:45:00+00:00,18562.483500000002,18571.566499999997,18558.511,18566.066499999997
2024-09-04 18:50:00+00:00,18565.5165,18568.566499999997,18558.0,18564.4945
2024-09-04 18:55:00+00:00,18564.9945,18569.5055,18551.478,18553.0165
2024-09-04 19:00:00+00:00,18552.439000000002,18556.0055,18546.0555,18548.939000000002
2024-09-04 19:05:00+00:00,18549.483500000002,18555.4945,18546.011,18552.011
2024-09-04 19:10:00+00:00,18551.5,18555.0555,18547.928,18551.0
2024-09-04 19:15:00+00:00,18552.0,18559.011,18548.428,18550.489
2024-09-04 19:20:00+00:00,18549.989,18566.011,18549.489,18565.478
2024-09-04 19:25:00+00:00,18565.0,18572.572,18560.928,18570.0
2024-09-04 19:30:00+00:00,18570.5,18570.989,18554.928,18557.0165
2024-09-04 19:35:00+00:00,18556.5055,18560.011,18550.489,18558.5
2024-09-04 19:40:00+00:00,18558.0,18567.4945,18556.928,18564.0
2024-09-04 19:45:00+00:00,18563.4835,18566.5,18558.428,18565.95
2024-09-04 19:50:00+00:00,18564.983500000002,18579.066499999997,18564.928,18574.011
2024-09-04 19:55:00+00:00,18573.5,18582.011,18569.511,18569.511
2024-09-04 20:00:00+00:00,18569.0555,18569.0555,18555.4,18564.5835
2024-09-04 20:05:00+00:00,18564.1945,18566.3,18551.989,18554.55
2024-09-04 20:10:00+00:00,18555.411,18557.9165,18543.589,18544.4055
2024-09-04 22:00:00+00:00,18571.6945,18571.6945,18571.6945,18571.6945
2024-09-04 22:05:00+00:00,18571.178,18574.2055,18569.439000000002,18572.511
2024-09-04 22:10:00+00:00,18572.0945,18577.894500000002,18570.411,18574.5
2024-09-04 22:15:00+00:00,18572.911,18572.911,18565.2445,18565.2445
2024-09-04 22:20:00+00:00,18564.439000000002,18569.511,18564.439000000002,18568.65
2024-09-04 22:25:00+00:00,18569.1665,18572.011,18568.7,18568.7
2024-09-04 22:30:00+00:00,18569.4945,18577.9,18567.789,18577.122
2024-09-04 22:35:00+00:00,18577.894500000002,18581.355499999998,18575.389000000003,18575.394500000002
2024-09-04 22:40:00+00:00,18574.489,18577.95,18569.5,18574.428
2024-09-04 22:45:00+00:00,18574.989,18578.8,18572.828,18575.3335
2024-09-04 22:50:00+00:00,18576.2555,18577.105499999998,18573.7555,18575.411
2024-09-04 22:55:00+00:00,18575.0165,18575.7445,18572.85,18574.028
2024-09-04 23:00:00+00:00,18573.711,18576.211,18567.872,18570.233500000002
2024-09-04 23:05:00+00:00,18569.4945,18572.060999999998,18564.5055,18566.1
2024-09-04 23:10:00+00:00,18567.0165,18574.8055,18564.911,18568.894500000002
2024-09-04 23:15:00+00:00,18568.0335,18572.355499999998,18563.889000000003,18567.2555
2024-09-04 23:20:00+00:00,18566.7945,18569.378,18561.8055,18561.8055
2024-09-04 23:25:00+00:00,18562.25,18570.4,18557.5335,18567.911
2024-09-04 23:30:00+00:00,18568.7555,18570.383500000004,18564.4945,18566.610999999997
2024-09-04 23:35:00+00:00,18566.2,18566.266499999998,18548.4835,18551.05
2024-09-04 23:40:00+00:00,18552.689000000002,18556.911,18540.139000000003,18551.1945
2024-09-04 23:45:00+00:00,18551.939000000002,18557.110999999997,18547.728,18550.316499999997
2024-09-04 23:50:00+00:00,18549.5055,18557.772,18549.489,18556.722
2024-09-04 23:55:00+00:00,18555.711,18565.7945,18554.105499999998,18562.9945
2024-09-05 00:00:00+00:00,18560.511,18571.072,18558.35,18559.139000000003
2024-09-05 00:05:00+00:00,18558.8055,18570.105499999998,18555.8,18570.0945
2024-09-05 00:10:00+00:00,18571.0165,18579.4555,18570.1555,18576.0055
2024-09-05 00:15:00+00:00,18574.072,18586.066499999997,18569.0,18578.9945
2024-09-05 00:20:00+00:00,18578.9945,18586.489,18574.5,18575.939000000002
2024-09-05 00:25:00+00:00,18577.5,18586.5,18577.5,18584.05
2024-09-05 00:30:00+00:00,18583.5555,18585.022,18577.011,18578.483500000002
2024-09-05 00:35:00+00:00,18578.978,18578.978,18567.0,18575.072
2024-09-05 00:40:00+00:00,18575.5055,18575.5055,18564.489,18567.4945
2024-09-05 00:45:00+00:00,18568.011,18583.9945,18568.011,18583.933500000003
2024-09-05 00:50:00+00:00,18584.4945,18588.560999999998,18577.5555,18583.9945
2024-09-05 00:55:00+00:00,18583.0055,18583.5555,18578.0055,18579.9945
2024-09-05 01:00:00+00:00,18580.560999999998,18583.5,18577.45,18578.066499999997
2024-09-05 01:05:00+00:00,18578.511,18583.560999999998,18577.978,18581.5
2024-09-05 01:10:00+00:00,18582.0,18582.516499999998,18574.5,18576.989
2024-09-05 01:15:00+00:00,18573.989,18581.022,18573.989,18580.0165
2024-09-05 01:20:00+00:00,18579.4835,18581.0,18575.428,18580.4945
2024-09-05 01:25:00+00:00,18580.0055,18581.05,18577.4945,18578.4445
2024-09-05 01:30:00+00:00,18579.0555,18588.5055,18579.0555,18588.5
2024-09-05 01:35:00+00:00,18587.933500000003,18599.0055,18587.5,18597.4945
2024-09-05 01:40:00+00:00,18598.0055,18598.5055,18591.9835,18592.439000000002
2024-09-05 01:45:00+00:00,18592.9445,18594.566499999997,18580.439000000002,18580.95
2024-09-05 01:50:00+00:00,18580.516499999998,18583.5055,18572.489,18577.0055
2024-09-05 01:55:00+00:00,18578.0555,18583.511,18576.516499999998,18579.0
2024-09-05 02:00:00+00:00,18580.489,18584.511,18577.9835,18577.9835
2024-09-05 02:05:00+00:00,18578.45,18578.45,18563.939000000002,18565.0
2024-09-05 02:10:00+00:00,18563.439000000002,18565.572,18559.4945,18565.011
2024-09-05 02:15:00+00:00,18565.483500000002,18574.4835,18563.4445,18573.5055
2024-09-05 02:20:00+00:00,18573.066499999997,18579.572,18572.978,18579.572
2024-09-05 02:25:00+00:00,18578.939000000002,18579.572,18578.428,18579.05
2024-09-05 02:30:00+00:00,18579.9945,18585.5055,18577.4945,18584.011
2024-09-05 02:35:00+00:00,18583.4945,18583.566499999997,18577.478,18579.522
2024-09-05 02:40:00+00:00,18578.433500000003,18578.928,18573.428,18578.928
2024-09-05 02:45:00+00:00,18579.489,18580.516499999998,18579.0,18580.516499999998
2024-09-05 02:50:00+00:00,18585.0,18588.060999999998,18582.9445,18588.0555
2024-09-05 02:55:00+00:00,18588.4945,18590.5055,18582.9945,18583.9945
2024-09-05 03:00:00+00:00,18584.5055,18585.478,18576.9945,18579.4945
2024-09-05 03:05:00+00:00,18579.066499999997,18579.066499999997,18554.5165,18560.939000000002
2024-09-05 03:10:00+00:00,18559.933500000003,18563.0555,18555.0,18555.5
2024-09-05 03:15:00+00:00,18555.011,18564.489,18552.516499999998,18564.489
2024-09-05 03:20:00+00:00,18565.5165,18567.0165,18562.483500000002,18567.0165
2024-09-05 03:25:00+00:00,18566.5,18567.0,18562.933500000003,18566.983500000002
2024-09-05 03:30:00+00:00,18568.0055,18568.0055,18554.9945,18555.0
2024-09-05 03:35:00+00:00,18554.5165,18557.0,18550.072,18550.45
2024-09-05 03:40:00+00:00,18551.05,18556.939000000002,18550.428,18556.489
2024-09-05 03:45:00+00:00,18557.016499999998,18557.016499999998,18542.989,18548.989
2024-09-05 03:50:00+00:00,18548.5165,18551.55,18544.5,18548.011
2024-09-05 03:55:00+00:00,18548.478,18549.511,18544.0055,18546.5165
2024-09-05 04:00:00+00:00,18546.0,18547.989,18540.433500000003,18546.511
2024-09-05 04:05:00+00:00,18543.560999999998,18544.066499999997,18542.4445,18544.022
2024-09-05 04:10:00+00:00,18543.5,18549.0055,18543.5,18549.0055
2024-09-05 04:15:00+00:00,18548.45,18551.5,18542.489,18543.011
2024-09-05 04:20:00+00:00,18542.5055,18543.0165,18542.0,18542.072
2024-09-05 04:25:00+00:00,18543.066499999997,18545.522,18542.0,18544.5055
2024-09-05 04:30:00+00:00,18544.0,18544.0,18542.433500000003,18542.433500000003
2024-09-05 04:35:00+00:00,18541.989,18543.5555,18541.989,18542.489
2024-09-05 04:40:00+00:00,18543.011,18543.011,18528.478,18530.989
2024-09-05 04:45:00+00:00,18530.5,18536.989,18527.433500000003,18536.4945
2024-09-05 04:50:00+00:00,18536.9835,18548.5165,18536.5055,18544.9945
2024-09-05 04:55:00+00:00,18544.516499999998,18548.011,18539.928,18540.55
2024-09-05 05:00:00+00:00,18540.0165,18542.5,18529.933500000003,18531.511
2024-09-05 05:05:00+00:00,18531.0,18537.4835,18522.9445,18527.5055
2024-09-05 05:10:00+00:00,18527.983500000002,18540.9945,18527.439000000002,18540.9945
2024-09-05 05:15:00+00:00,18540.4445,18551.066499999997,18540.4445,18548.0055
2024-09-05 05:20:00+00:00,18547.5,18553.0,18541.0055,18542.478
2024-09-05 05:25:00+00:00,18541.9445,18555.566499999997,18541.9445,18553.0055
2024-09-05 05:30:00+00:00,18553.489,18563.011,18552.5055,18561.4945
2024-09-05 05:35:00+00:00,18562.511,18577.0055,18562.511,18570.55
2024-09-05 05:40:00+00:00,18569.989,18570.5055,18562.022,18565.0055
2024-09-05 05:45:00+00:00,18564.5055,18566.016499999998,18556.489,18556.55
2024-09-05 05:50:00+00:00,18557.5,18557.5,18550.9945,18554.989
2024-09-05 05:55:00+00:00,18555.5,18564.9445,18555.0055,18556.4835
2024-09-05 06:00:00+00:00,18555.5,18559.9945,18546.4945,18556.572
2024-09-05 06:05:00+00:00,18555.983500000002,18569.0,18555.978,18563.5055
2024-09-05 06:10:00+00:00,18563.9945,18566.011,18556.011,18561.989
2024-09-05 06:15:00+00:00,18561.511,18562.5,18544.0,18546.489
2024-09-05 06:20:00+00:00,18546.933500000003,18550.522,18533.0,18542.9945
2024-09-05 06:25:00+00:00,18542.478,18561.0,18542.478,18554.011
2024-09-05 06:30:00+00:00,18556.05,18560.0,18551.978,18552.016499999998
2024-09-05 06:35:00+00:00,18551.5055,18552.0,18543.439000000002,18547.0
2024-09-05 06:40:00+00:00,18545.5,18553.983500000002,18536.511,18538.0
2024-09-05 06:45:00+00:00,18537.5055,18539.0165,18526.060999999998,18526.060999999998
2024-09-05 06:50:00+00:00,18527.0,18531.022,18516.55,18517.066499999997
2024-09-05 06:55:00+00:00,18518.0,18540.489,18513.072,18529.066499999997
2024-09-05 07:00:00+00:00,18534.0,18549.0055,18503.9945,18538.9945
2024-09-05 07:05:00+00:00,18537.066499999997,18589.933500000003,18533.978,18588.0
2024-09-05 07:10:00+00:00,18587.016499999998,18617.0055,18587.016499999998,18617.0055
2024-09-05 07:15:00+00:00,18618.511,18626.066499999997,18597.9835,18605.9835
2024-09-05 07:20:00+00:00,18605.072,18614.560999999998,18601.5055,18605.566499999997
2024-09-05 07:25:00+00:00,18604.9945,18616.0055,18594.0,18608.978
2024-09-05 07:30:00+00:00,18608.0,18630.4945,18608.0,18627.9945
2024-09-05 07:35:00+00:00,18627.0555,18645.0,18621.572,18644.0165
2024-09-05 07:40:00+00:00,18642.989,18647.5,18634.0055,18634.9945
2024-09-05 07:45:00+00:00,18635.5555,18650.072,18635.5555,18647.016499999998
2024-09-05 07:50:00+00:00,18646.433500000003,18649.0055,18630.989,18635.05
2024-09-05 07:55:00+00:00,18633.9835,18646.066499999997,18631.489,18646.011
2024-09-05 08:00:00+00:00,18645.5165,18653.9835,18639.0055,18639.983500000002
2024-09-05 08:05:00+00:00,18639.016499999998,18650.5055,18627.5,18629.9945
2024-09-05 08:10:00+00:00,18631.05,18635.5555,18621.933500000003,18623.0
2024-09-05 08:15:00+00:00,18622.5,18631.0055,18610.060999999998,18616.0055
2024-09-05 08:20:00+00:00,18616.511,18617.022,18601.060999999998,18602.9945
2024-09-05 08:25:00+00:00,18602.5,18628.511,18602.5,18625.9445
2024-09-05 08:30:00+00:00,18624.933500000003,18629.0165,18604.05,18605.0055
2024-09-05 08:35:00+00:00,18604.0,18620.0555,18604.0,18611.989
2024-09-05 08:40:00+00:00,18610.978,18625.060999999998,18610.978,18613.489
2024-09-05 08:45:00+00:00,18613.9945,18618.0555,18606.978,18614.572
2024-09-05 08:50:00+00:00,18615.0,18626.011,18611.95,18623.011
2024-09-05 08:55:00+00:00,18624.011,18627.072,18617.933500000003,18622.989
2024-09-05 09:00:00+00:00,18622.5055,18631.0055,18618.489,18627.011
2024-09-05 09:05:00+00:00,18626.45,18631.0555,18617.478,18618.066499999997
2024-09-05 09:10:00+00:00,18617.483500000002,18622.011,18608.978,18609.95
2024-09-05 09:15:00+00:00,18609.489,18615.433500000003,18598.522,18602.5055
2024-09-05 09:20:00+00:00,18602.060999999998,18603.9945,18571.566499999997,18573.011
2024-09-05 09:25:00+00:00,18574.0165,18574.0165,18557.933500000003,18560.9945
2024-09-05 09:30:00+00:00,18560.439000000002,18581.978,18560.439000000002,18571.428
2024-09-05 09:35:00+00:00,18570.9945,18595.516499999998,18568.5055,18594.9835
2024-09-05 09:40:00+00:00,18593.9835,18604.5055,18592.0,18603.522
2024-09-05 09:45:00+00:00,18603.0,18607.989,18598.95,18604.011
2024-09-05 09:50:00+00:00,18603.522,18609.0,18598.9445,18599.05
2024-09-05 09:55:00+00:00,18599.5,18615.0055,18596.566499999997,18613.0
2024-09-05 10:00:00+00:00,18611.511,18628.060999999998,18609.0055,18627.0055
2024-09-05 10:05:00+00:00,18628.072,18636.0055,18621.05,18627.011
2024-09-05 10:10:00+00:00,18627.9945,18630.066499999997,18618.55,18622.011
2024-09-05 10:15:00+00:00,18622.511,18626.511,18607.5,18612.4945
2024-09-05 10:20:00+00:00,18612.9945,18616.011,18604.55,18607.511
2024-09-05 10:25:00+00:00,18607.0,18619.016499999998,18607.0,18612.072
2024-09-05 10:30:00+00:00,18611.0,18617.011,18606.0,18613.978
2024-09-05 10:35:00+00:00,18614.428,18620.978,18610.5,18619.4445
2024-09-05 10:40:00+00:00,18619.978,18621.022,18612.011,18613.0
2024-09-05 10:45:00+00:00,18613.4445,18620.011,18610.983500000002,18616.0055
2024-09-05 10:50:00+00:00,18618.0055,18621.511,18612.9945,18619.0055
2024-09-05 10:55:00+00:00,18618.5,18628.511,18613.939000000002,18624.9945
2024-09-05 11:00:00+00:00,18623.933500000003,18635.0,18620.989,18633.016499999998
2024-09-05 11:05:00+00:00,18633.572,18633.572,18623.478,18624.9945
2024-09-05 11:10:00+00:00,18624.5055,18629.016499999998,18612.9945,18629.016499999998
2024-09-05 11:15:00+00:00,18627.928,18629.9835,18617.428,18619.5
2024-09-05 11:20:00+00:00,18620.016499999998,18630.989,18617.489,18629.989
2024-09-05 11:25:00+00:00,18629.478,18641.060999999998,18618.9945,18641.011
2024-09-05 11:30:00+00:00,18639.45,18650.011,18638.5,18645.0165
2024-09-05 11:35:00+00:00,18643.978,18652.0165,18642.0,18644.55
2024-09-05 11:40:00+00:00,18643.939000000002,18645.478,18626.4945,18633.566499999997
2024-09-05 11:45:00+00:00,18633.0055,18635.5,18614.9945,18620.066499999997
2024-09-05 11:50:00+00:00,18619.011,18620.011,18608.0,18610.95
2024-09-05 11:55:00+00:00,18611.439000000002,18617.0,18608.939000000002,18617.0
2024-09-05 12:00:00+00:00,18616.433500000003,18626.511,18615.55,18621.933500000003
2024-09-05 12:05:00+00:00,18621.478,18631.0555,18619.978,18631.0555
2024-09-05 12:10:00+00:00,18630.4945,18643.9835,18629.5555,18643.0
2024-09-05 12:15:00+00:00,18641.9945,18641.9945,18602.939000000002,18609.0055
2024-09-05 12:20:00+00:00,18609.572,18613.0055,18584.489,18590.989
2024-09-05 12:25:00+00:00,18590.0,18609.566499999997,18581.989,18601.478
2024-09-05 12:30:00+00:00,18606.0055,18633.572,18598.0,18621.05
2024-09-05 12:35:00+00:00,18619.060999999998,18627.928,18603.0,18608.428
2024-09-05 12:40:00+00:00,18609.0555,18615.560999999998,18600.0165,18613.5055
2024-09-05 12:45:00+00:00,18614.0,18636.072,18606.511,18635.016499999998
2024-09-05 12:50:00+00:00,18634.011,18638.522,18616.933500000003,18624.933500000003
2024-09-05 12:55:00+00:00,18626.0055,18644.5055,18626.0055,18633.0
2024-09-05 13:00:00+00:00,18633.989,18645.566499999997,18628.516499999998,18639.9945
2024-09-05 13:05:00+00:00,18639.4945,18641.066499999997,18625.0,18639.0
2024-09-05 13:10:00+00:00,18638.511,18640.978,18629.9945,18632.9945
2024-09-05 13:15:00+00:00,18632.0555,18637.5055,18628.9945,18632.0055
2024-09-05 13:20:00+00:00,18632.9835,18634.0,18627.928,18629.9445
2024-09-05 13:25:00+00:00,18631.022,18637.060999999998,18626.5,18637.060999999998
2024-09-05 13:30:00+00:00,18638.0555,18644.066499999997,18598.4945,18598.95
2024-09-05 13:35:00+00:00,18598.0055,18628.0555,18593.989,18618.989
2024-09-05 13:40:00+00:00,18619.5055,18648.9445,18619.5055,18640.060999999998
2024-09-05 13:45:00+00:00,18642.011,18651.572,18620.9835,18626.0
2024-09-05 13:50:00+00:00,18627.9945,18633.483500000002,18613.95,18623.022
2024-09-05 13:55:00+00:00,18624.022,18637.0,18623.95,18636.5
2024-09-05 14:00:00+00:00,18643.5165,18663.9945,18639.983500000002,18656.489
2024-09-05 14:05:00+00:00,18655.9945,18667.928,18652.989,18658.428
2024-09-05 14:10:00+00:00,18659.0,18659.489,18626.489,18641.011
2024-09-05 14:15:00+00:00,18642.0055,18650.5055,18632.489,18639.4835
2024-09-05 14:20:00+00:00,18640.489,18676.511,18639.0,18676.016499999998
2024-09-05 14:25:00+00:00,18676.5165,18681.5,18657.0,18663.511
2024-09-05 14:30:00+00:00,18664.0055,18679.0055,18662.95,18677.489
2024-09-05 14:35:00+00:00,18677.0055,18679.4835,18665.433500000003,18668.0
2024-09-05 14:40:00+00:00,18667.016499999998,18670.0555,18658.4945,18663.011
2024-09-05 14:45:00+00:00,18662.0,18663.9835,18632.4445,18632.572
2024-09-05 14:50:00+00:00,18631.9945,18642.022,18622.478,18642.022
2024-09-05 14:55:00+00:00,18642.933500000003,18650.0,18639.989,18643.0
2024-09-05 15:00:00+00:00,18644.016499999998,18649.489,18621.978,18638.0
2024-09-05 15:05:00+00:00,18638.433500000003,18649.9945,18633.9445,18646.478
2024-09-05 15:10:00+00:00,18646.9445,18647.989,18608.011,18617.939000000002
2024-09-05 15:15:00+00:00,18618.9445,18628.0055,18614.9835,18619.0
2024-09-05 15:20:00+00:00,18619.428,18624.011,18605.9945,18609.060999999998
2024-09-05 15:25:00+00:00,18608.5055,18612.5,18594.4945,18597.5
2024-09-05 15:30:00+00:00,18597.9835,18597.9835,18577.4835,18577.4835
2024-09-05 15:35:00+00:00,18576.978,18593.5055,18576.489,18583.0
2024-09-05 15:40:00+00:00,18581.016499999998,18586.5,18566.95,18568.45
2024-09-05 15:45:00+00:00,18568.9445,18580.0,18566.9445,18570.0
2024-09-05 15:50:00+00:00,18569.5,18577.5,18562.928,18562.989
2024-09-05 15:55:00+00:00,18563.5165,18568.072,18552.0055,18553.05
2024-09-05 16:00:00+00:00,18552.4945,18566.4945,18549.5,18559.5555
2024-09-05 16:05:00+00:00,18559.022,18575.511,18556.9945,18572.5055
2024-09-05 16:10:00+00:00,18572.016499999998,18572.928,18545.478,18552.060999999998
2024-09-05 16:15:00+00:00,18553.0,18558.983500000002,18540.989,18553.511
2024-09-05 16:20:00+00:00,18554.05,18566.5,18548.4945,18566.5
2024-09-05 16:25:00+00:00,18565.95,18574.5,18564.478,18571.5
2024-09-05 16:30:00+00:00,18572.0055,18572.066499999997,18562.939000000002,18568.9945
2024-09-05 16:35:00+00:00,18569.5,18576.4945,18568.516499999998,18572.016499999998
2024-09-05 16:40:00+00:00,18572.45,18587.016499999998,18572.45,18580.9945
2024-09-05 16:45:00+00:00,18580.5,18581.560999999998,18574.4945,18577.066499999997
2024-09-05 16:50:00+00:00,18576.428,18582.066499999997,18574.978,18576.483500000002
2024-09-05 16:55:00+00:00,18576.9945,18596.45,18576.0055,18589.0055
2024-09-05 17:00:00+00:00,18588.511,18594.572,18585.933500000003,18587.5055
2024-09-05 17:05:00+00:00,18586.9945,18589.05,18573.072,18584.5
2024-09-05 17:10:00+00:00,18584.016499999998,18590.05,18580.5055,18581.939000000002
2024-09-05 17:15:00+00:00,18580.9945,18585.0055,18568.572,18584.5055
2024-09-05 17:20:00+00:00,18584.0055,18589.066499999997,18581.011,18588.0
2024-09-05 17:25:00+00:00,18587.5055,18589.439000000002,18571.428,18572.066499999997
2024-09-05 17:30:00+00:00,18572.55,18582.060999999998,18571.4445,18581.4945
2024-09-05 17:35:00+00:00,18582.511,18593.5555,18582.511,18589.05
2024-09-05 17:40:00+00:00,18588.560999999998,18610.4835,18587.4945,18609.011
2024-09-05 17:45:00+00:00,18609.560999999998,18624.983500000002,18608.0,18622.989
2024-09-05 17:50:00+00:00,18623.478,18625.516499999998,18614.4945,18616.566499999997
2024-09-05 17:55:00+00:00,18617.0055,18625.989,18616.0,18625.989
2024-09-05 18:00:00+00:00,18626.433500000003,18630.566499999997,18619.0055,18623.989
2024-09-05 18:05:00+00:00,18624.4445,18628.5,18619.439000000002,18620.511
2024-09-05 18:10:00+00:00,18619.989,18627.560999999998,18618.0,18618.5
2024-09-05 18:15:00+00:00,18618.05,18626.9945,18615.439000000002,18625.5
2024-09-05 18:20:00+00:00,18625.95,18627.489,18619.0,18620.0055
2024-09-05 18:25:00+00:00,18619.4835,18620.560999999998,18608.511,18610.928
2024-09-05 18:30:00+00:00,18609.9945,18621.5555,18609.9945,18618.011
2024-09-05 18:35:00+00:00,18618.428,18622.572,18615.933500000003,18619.4445
2024-09-05 18:40:00+00:00,18620.072,18622.4945,18614.439000000002,18618.5
2024-09-05 18:45:00+00:00,18618.9445,18630.4835,18618.511,18628.933500000003
2024-09-05 18:50:00+00:00,18629.5,18637.5,18625.4945,18628.0055
2024-09-05 18:55:00+00:00,18627.483500000002,18629.489,18616.489,18616.489
2024-09-05 19:00:00+00:00,18617.0,18618.060999999998,18607.933500000003,18615.939000000002
2024-09-05 19:05:00+00:00,18616.5055,18617.572,18610.5,18613.989
2024-09-05 19:10:00+00:00,18613.5055,18615.05,18606.433500000003,18606.9445
2024-09-05 19:15:00+00:00,18607.433500000003,18608.566499999997,18587.4445,18596.9445
2024-09-05 19:20:00+00:00,18596.4835,18599.978,18591.439000000002,18599.978
2024-09-05 19:25:00+00:00,18599.0,18605.072,18594.5,18602.05
2024-09-05 19:30:00+00:00,18601.511,18617.5,18599.0,18616.05
2024-09-05 19:35:00+00:00,18615.572,18615.572,18594.489,18595.066499999997
2024-09-05 19:40:00+00:00,18594.433500000003,18594.433500000003,18576.978,18579.0055
2024-09-05 19:45:00+00:00,18577.933500000003,18584.983500000002,18571.05,18584.0055
2024-09-05 19:50:00+00:00,18584.522,18586.478,18570.011,18581.0
2024-09-05 19:55:00+00:00,18581.5165,18601.072,18580.511,18601.072
2024-09-05 20:00:00+00:00,18600.45,18623.75,18597.539,18623.728
2024-09-05 20:05:00+00:00,18622.939000000002,18623.0,18608.589,18617.911
2024-09-05 20:10:00+00:00,18618.7,18620.411,18608.605499999998,18610.310999999998
2024-09-05 22:00:00+00:00,18599.589,18600.011,18599.589,18600.0
2024-09-05 22:05:00+00:00,18600.3835,18602.1,18592.644500000002,18593.4945
2024-09-05 22:10:00+00:00,18594.35,18594.4,18587.6,18589.3055
2024-09-05 22:15:00+00:00,18589.644500000002,18591.0055,18585.9055,18591.0055
2024-09-05 22:20:00+00:00,18590.6165,18590.6165,18584.1835,18585.078
2024-09-05 22:25:00+00:00,18584.1945,18584.1945,18577.889000000003,18582.4945
2024-09-05 23:15:00+00:00,18585.9,18585.9,18579.039,18579.039
2024-09-05 23:20:00+00:00,18580.733500000002,18586.239,18580.733500000002,18585.894500000002
2024-09-05 23:25:00+00:00,18586.644500000002,18587.560999999998,18584.189000000002,18586.633500000004
2024-09-05 23:30:00+00:00,18587.5,18590.9055,18586.689000000002,18588.411
2024-09-05 23:35:00+00:00,18588.8165,18590.9,18588.3835,18590.9
2024-09-05 23:40:00+00:00,18591.3055,18591.3055,18590.1,18590.1
2024-09-05 23:45:00+00:00,18589.211,18596.066499999997,18588.394500000002,18593.5
2024-09-05 23:50:00+00:00,18592.5945,18595.1,18588.389000000003,18592.5945
2024-09-05 23:55:00+00:00,18593.022,18596.0,18590.0445,18595.028
2024-09-06 00:00:00+00:00,18594.3055,18598.0945,18586.339,18588.95
2024-09-06 00:05:00+00:00,18588.15,18590.6,18583.9055,18586.4055
2024-09-06 00:10:00+00:00,18587.189000000002,18590.610999999997,18579.8445,18582.1665
2024-09-06 00:15:00+00:00,18583.9835,18594.0055,18570.478,18577.478
2024-09-06 00:20:00+00:00,18577.5055,18577.5055,18558.066499999997,18563.489
2024-09-06 00:25:00+00:00,18563.95,18577.9945,18563.95,18577.9945
2024-09-06 00:30:00+00:00,18577.0,18588.9945,18568.428,18570.0055
2024-09-06 00:35:00+00:00,18569.478,18569.478,18558.489,18565.011
2024-09-06 00:40:00+00:00,18564.0165,18571.933500000003,18559.0,18559.989
2024-09-06 00:45:00+00:00,18559.5555,18562.5,18552.983500000002,18555.4445
2024-09-06 00:50:00+00:00,18555.928,18566.928,18555.45,18562.511
2024-09-06 00:55:00+00:00,18562.011,18562.5,18550.011,18550.011
2024-09-06 01:00:00+00:00,18549.478,18554.9945,18533.560999999998,18534.511
2024-09-06 01:05:00+00:00,18533.511,18535.066499999997,18522.483500000002,18526.0
2024-09-06 01:10:00+00:00,18526.511,18535.060999999998,18513.0,18526.511
2024-09-06 01:15:00+00:00,18526.011,18527.0055,18520.4945,18521.4945
2024-09-06 01:20:00+00:00,18516.939000000002,18533.0055,18512.572,18531.066499999997
2024-09-06 01:25:00+00:00,18532.0,18548.989,18528.0,18548.5
2024-09-06 01:30:00+00:00,18548.989,18549.05,18538.060999999998,18546.983500000002
2024-09-06 01:35:00+00:00,18547.483500000002,18558.560999999998,18546.433500000003,18557.0
2024-09-06 01:40:00+00:00,18557.4945,18568.5,18554.9945,18565.5055
2024-09-06 01:45:00+00:00,18566.5055,18566.560999999998,18560.5055,18566.5055
2024-09-06 01:50:00+00:00,18567.0,18580.5165,18566.428,18577.989
2024-09-06 01:55:00+00:00,18577.560999999998,18591.011,18571.5,18582.0
2024-09-06 02:00:00+00:00,18581.5055,18591.989,18578.4945,18591.989
2024-09-06 02:05:00+00:00,18592.9945,18600.489,18590.05,18591.0055
2024-09-06 02:10:00+00:00,18591.5,18594.511,18590.45,18594.022
2024-09-06 02:15:00+00:00,18594.5,18600.5,18591.0,18600.05
2024-09-06 02:20:00+00:00,18599.483500000002,18599.483500000002,18590.0055,18591.428
2024-09-06 02:25:00+00:00,18590.9945,18599.060999999998,18589.9445,18590.0555
2024-09-06 02:30:00+00:00,18590.933500000003,18595.983500000002,18584.522,18593.433500000003
2024-09-06 02:35:00+00:00,18592.989,18600.5,18591.016499999998,18600.5
2024-09-06 02:40:00+00:00,18601.072,18602.489,18594.0,18600.489
2024-09-06 02:45:00+00:00,18600.989,18605.478,18595.483500000002,18595.4945
2024-09-06 02:50:00+00:00,18595.0165,18601.5165,18595.0165,18599.9945
2024-09-06 02:55:00+00:00,18600.5055,18605.0055,18599.5,18602.9445
2024-09-06 03:00:00+00:00,18603.560999999998,18605.489,18600.0,18602.4945
2024-09-06 03:05:00+00:00,18603.066499999997,18606.0055,18596.983500000002,18604.5055
2024-09-06 03:10:00+00:00,18604.989,18608.4945,18604.5055,18605.5
2024-09-06 03:15:00+00:00,18606.0,18606.572,18602.428,18605.0
2024-09-06 03:20:00+00:00,18604.439000000002,18605.0555,18597.983500000002,18598.5055
2024-09-06 03:25:00+00:00,18599.022,18601.433500000003,18594.011,18596.511
2024-09-06 03:30:00+00:00,18597.0,18599.0055,18594.5,18594.5
2024-09-06 03:35:00+00:00,18595.0,18595.5055,18584.072,18591.511
2024-09-06 03:40:00+00:00,18589.989,18596.011,18581.566499999997,18581.566499999997
2024-09-06 03:45:00+00:00,18583.0055,18590.55,18580.4945,18581.5
2024-09-06 03:50:00+00:00,18580.978,18585.0055,18579.9945,18581.489
2024-09-06 03:55:00+00:00,18582.0,18582.066499999997,18574.489,18577.022
2024-09-06 04:00:00+00:00,18576.489,18587.022,18575.933500000003,18578.572
2024-09-06 04:05:00+00:00,18579.489,18579.489,18572.016499999998,18573.489
2024-09-06 04:10:00+00:00,18574.511,18587.5,18573.566499999997,18585.522
2024-09-06 04:15:00+00:00,18586.4945,18586.4945,18582.5,18585.511
2024-09-06 04:20:00+00:00,18586.072,18591.9945,18584.978,18588.511
2024-09-06 04:25:00+00:00,18587.566499999997,18589.0,18583.5,18586.4945
2024-09-06 04:30:00+00:00,18587.0165,18591.5055,18583.45,18587.516499999998
2024-09-06 04:35:00+00:00,18586.011,18587.439000000002,18582.489,18583.560999999998
2024-09-06 04:40:00+00:00,18582.511,18590.011,18582.511,18587.95
2024-09-06 04:45:00+00:00,18588.522,18591.0,18586.011,18589.516499999998
2024-09-06 04:50:00+00:00,18589.072,18589.928,18581.011,18581.439000000002
2024-09-06 04:55:00+00:00,18580.989,18593.0055,18580.989,18589.433500000003
2024-09-06 05:00:00+00:00,18588.9945,18589.016499999998,18582.4945,18586.0
2024-09-06 05:05:00+00:00,18585.478,18588.439000000002,18575.989,18577.0
2024-09-06 05:10:00+00:00,18578.0,18578.5055,18571.489,18571.560999999998
2024-09-06 05:15:00+00:00,18571.011,18571.011,18562.5,18567.511
2024-09-06 05:20:00+00:00,18568.011,18577.066499999997,18567.939000000002,18575.989
2024-09-06 05:25:00+00:00,18574.939000000002,18580.5055,18573.9835,18573.9945
2024-09-06 05:30:00+00:00,18572.5555,18578.5055,18569.933500000003,18571.511
2024-09-06 05:35:00+00:00,18570.5,18573.4945,18559.45,18560.566499999997
2024-09-06 05:40:00+00:00,18560.989,18568.011,18555.5,18557.011
2024-09-06 05:45:00+00:00,18557.516499999998,18582.572,18557.516499999998,18581.9945
2024-09-06 05:50:00+00:00,18581.478,18598.516499999998,18581.439000000002,18595.011
2024-09-06 05:55:00+00:00,18594.483500000002,18598.5055,18576.4835,18579.5
2024-09-06 06:00:00+00:00,18579.939000000002,18589.5055,18571.478,18578.5055
2024-09-06 06:05:00+00:00,18583.433500000003,18583.433500000003,18551.516499999998,18559.5555
2024-09-06 06:10:00+00:00,18558.9945,18565.511,18552.9945,18556.928
2024-09-06 06:15:00+00:00,18557.5055,18561.5,18557.428,18558.989
2024-09-06 06:20:00+00:00,18559.5,18562.516499999998,18550.0555,18550.5555
2024-09-06 06:25:00+00:00,18550.9835,18560.5165,18546.511,18548.928
2024-09-06 06:30:00+00:00,18548.011,18548.5,18537.011,18537.011
2024-09-06 06:35:00+00:00,18536.5055,18545.433500000003,18532.5055,18543.4945
2024-09-06 06:40:00+00:00,18545.5,18553.9945,18545.5,18551.989
2024-09-06 06:45:00+00:00,18551.5,18552.4945,18541.483500000002,18545.0
2024-09-06 06:50:00+00:00,18545.489,18563.439000000002,18545.489,18563.0055
2024-09-06 06:55:00+00:00,18562.5055,18564.5055,18537.439000000002,18538.511
2024-09-06 07:00:00+00:00,18541.489,18550.5055,18521.5055,18527.989
2024-09-06 07:05:00+00:00,18529.9945,18530.5,18490.0055,18494.478
2024-09-06 07:10:00+00:00,18494.983500000002,18501.0055,18438.933500000003,18441.5
2024-09-06 07:15:00+00:00,18442.55,18455.072,18412.0,18419.5055
2024-09-06 07:20:00+00:00,18418.5,18454.522,18410.4945,18446.5055
2024-09-06 07:25:00+00:00,18447.4945,18455.489,18436.4945,18450.5165
2024-09-06 07:30:00+00:00,18452.072,18452.072,18424.9445,18443.566499999997
2024-09-06 07:35:00+00:00,18444.0165,18452.489,18438.428,18441.5055
2024-09-06 07:40:00+00:00,18443.428,18453.560999999998,18436.9945,18446.5
2024-09-06 07:45:00+00:00,18447.0055,18447.439000000002,18426.428,18445.5
2024-09-06 07:50:00+00:00,18444.511,18451.566499999997,18434.983500000002,18439.5555
2024-09-06 07:55:00+00:00,18440.483500000002,18508.939000000002,18440.0,18498.989
2024-09-06 08:00:00+00:00,18499.5555,18508.5055,18485.433500000003,18508.5055
2024-09-06 08:05:00+00:00,18509.5,18518.022,18500.022,18509.5
2024-09-06 08:10:00+00:00,18510.5,18518.4945,18498.4945,18517.9445
2024-09-06 08:15:00+00:00,18519.0165,18521.489,18495.0,18495.572
2024-09-06 08:20:00+00:00,18496.5555,18502.9445,18486.0,18493.5
2024-09-06 08:25:00+00:00,18492.522,18494.511,18472.0,18485.0
2024-09-06 08:30:00+00:00,18485.5165,18490.4945,18468.5055,18469.5055
2024-09-06 08:35:00+00:00,18468.5165,18468.5165,18431.489,18436.4445
2024-09-06 08:40:00+00:00,18436.0,18443.0055,18431.5,18434.55
2024-09-06 08:45:00+00:00,18435.489,18439.5555,18416.478,18423.572
2024-09-06 08:50:00+00:00,18422.5,18428.928,18416.0,18425.5
2024-09-06 08:55:00+00:00,18425.939000000002,18435.011,18416.5555,18433.5
2024-09-06 09:00:00+00:00,18432.5165,18462.511,18431.5,18453.5165
2024-09-06 09:05:00+00:00,18451.5,18455.5055,18439.5,18439.978
2024-09-06 09:10:00+00:00,18439.433500000003,18447.072,18424.5,18426.572
2024-09-06 09:15:00+00:00,18426.933500000003,18443.516499999998,18425.0,18439.5055
2024-09-06 09:20:00+00:00,18438.572,18466.572,18438.489,18466.572
2024-09-06 09:25:00+00:00,18466.978,18473.566499999997,18457.511,18467.0
2024-09-06 09:30:00+00:00,18466.511,18480.572,18464.0,18477.989
2024-09-06 09:35:00+00:00,18478.433500000003,18483.016499999998,18472.511,18473.511
2024-09-06 09:40:00+00:00,18474.483500000002,18474.483500000002,18463.5,18468.511
2024-09-06 09:45:00+00:00,18468.066499999997,18480.4445,18467.428,18473.5055
2024-09-06 09:50:00+00:00,18474.5055,18494.0,18466.5555,18489.5055
2024-09-06 09:55:00+00:00,18490.511,18509.489,18489.978,18507.5
2024-09-06 10:00:00+00:00,18504.572,18511.560999999998,18488.439000000002,18490.572
2024-09-06 10:05:00+00:00,18491.4945,18495.989,18483.5055,18488.55
2024-09-06 10:10:00+00:00,18487.9945,18490.066499999997,18480.489,18483.45
2024-09-06 10:15:00+00:00,18484.566499999997,18491.4945,18481.428,18489.933500000003
2024-09-06 10:20:00+00:00,18491.011,18500.5055,18490.439000000002,18498.511
2024-09-06 10:25:00+00:00,18499.5,18511.0,18495.511,18501.4945
2024-09-06 10:30:00+00:00,18502.566499999997,18504.483500000002,18486.489,18489.428
2024-09-06 10:35:00+00:00,18489.0,18492.511,18478.511,18483.522
2024-09-06 10:40:00+00:00,18482.5,18484.522,18451.4445,18459.5
2024-09-06 10:45:00+00:00,18459.016499999998,18472.55,18459.016499999998,18466.428
2024-09-06 10:50:00+00:00,18465.0,18465.5,18455.560999999998,18461.5
2024-09-06 10:55:00+00:00,18462.0055,18463.522,18455.4945,18455.95
2024-09-06 11:00:00+00:00,18457.5055,18482.516499999998,18456.4945,18475.5
2024-09-06 11:05:00+00:00,18474.4945,18493.5055,18471.5055,18493.5055
2024-09-06 11:10:00+00:00,18494.55,18498.0,18488.5,18491.511
2024-09-06 11:15:00+00:00,18491.0055,18500.572,18479.5055,18488.5165
2024-09-06 11:20:00+00:00,18487.522,18501.0,18486.9445,18499.560999999998
2024-09-06 11:25:00+00:00,18500.0,18503.566499999997,18488.516499999998,18489.439000000002
2024-09-06 11:30:00+00:00,18489.9445,18489.9445,18478.489,18484.55
2024-09-06 11:35:00+00:00,18483.5,18486.560999999998,18473.478,18477.5165
2024-09-06 11:40:00+00:00,18478.522,18479.560999999998,18469.022,18472.560999999998
2024-09-06 11:45:00+00:00,18471.55,18484.483500000002,18465.989,18484.483500000002
2024-09-06 11:50:00+00:00,18483.45,18498.5055,18482.989,18497.072
2024-09-06 11:55:00+00:00,18496.55,18497.4945,18486.45,18492.989
2024-09-06 12:00:00+00:00,18493.489,18502.4945,18489.511,18495.5
2024-09-06 12:05:00+00:00,18496.511,18498.989,18474.5,18474.566499999997
2024-09-06 12:10:00+00:00,18473.572,18474.5,18463.4945,18468.45
2024-09-06 12:15:00+00:00,18469.5,18473.939000000002,18461.428,18464.4445
2024-09-06 12:20:00+00:00,18463.478,18473.933500000003,18462.45,18467.4945
2024-09-06 12:25:00+00:00,18466.5055,18491.05,18466.5055,18475.566499999997
2024-09-06 12:30:00+00:00,18474.939000000002,18568.022,18465.989,18491.0
2024-09-06 12:35:00+00:00,18490.0555,18529.572,18485.05,18515.060999999998
2024-09-06 12:40:00+00:00,18515.5055,18520.0,18483.9945,18493.989
2024-09-06 12:45:00+00:00,18494.489,18550.560999999998,18490.016499999998,18547.011
2024-09-06 12:50:00+00:00,18546.5,18566.5,18542.5055,18557.5165
2024-09-06 12:55:00+00:00,18557.060999999998,18565.511,18536.516499999998,18542.5
2024-09-06 13:00:00+00:00,18541.4835,18554.5055,18520.5055,18522.9945
2024-09-06 13:05:00+00:00,18522.511,18570.5,18521.95,18564.022
2024-09-06 13:10:00+00:00,18563.522,18569.516499999998,18552.522,18560.5
2024-09-06 13:15:00+00:00,18560.0,18570.489,18547.45,18554.4945
2024-09-06 13:20:00+00:00,18555.5055,18572.5,18552.45,18560.560999999998
2024-09-06 13:25:00+00:00,18559.5,18569.5,18555.560999999998,18562.489
2024-09-06 13:30:00+00:00,18563.5055,18599.489,18557.4945,18597.45
2024-09-06 13:35:00+00:00,18598.4835,18609.939000000002,18571.0055,18574.5055
2024-09-06 13:40:00+00:00,18574.0,18578.4945,18545.4945,18569.478
2024-09-06 13:45:00+00:00,18570.011,18599.9835,18569.4445,18582.95
2024-09-06 13:50:00+00:00,18583.478,18586.483500000002,18548.5055,18549.5055
2024-09-06 13:55:00+00:00,18550.478,18562.4945,18524.016499999998,18524.439000000002
2024-09-06 14:00:00+00:00,18523.4945,18531.55,18506.4945,18509.4945
2024-09-06 14:05:00+00:00,18510.511,18526.511,18497.5055,18504.478
2024-09-06 14:10:00+00:00,18503.5055,18517.511,18488.5055,18496.4945
2024-09-06 14:15:00+00:00,18497.433500000003,18501.522,18480.516499999998,18500.0
2024-09-06 14:20:00+00:00,18499.489,18503.511,18474.022,18474.4835
2024-09-06 14:25:00+00:00,18475.05,18479.511,18425.489,18432.933500000003
2024-09-06 14:30:00+00:00,18432.489,18435.016499999998,18402.0,18403.428
2024-09-06 14:35:00+00:00,18404.4945,18410.511,18389.439000000002,18404.5055
2024-09-06 14:40:00+00:00,18404.0165,18404.0165,18362.5165,18363.939000000002
2024-09-06 14:45:00+00:00,18366.0,18376.5,18348.5165,18355.4945
2024-09-06 14:50:00+00:00,18356.5055,18358.5165,18325.4835,18326.0165
2024-09-06 14:55:00+00:00,18326.522,18340.4445,18311.5,18332.428
2024-09-06 15:00:00+00:00,18334.478,18422.4835,18329.433500000003,18362.5055
2024-09-06 15:05:00+00:00,18360.9945,18388.566499999997,18344.4445,18346.0
2024-09-06 15:10:00+00:00,18347.4445,18355.5,18319.011,18323.5
2024-09-06 15:15:00+00:00,18322.5055,18330.5555,18301.433500000003,18308.4945
2024-09-06 15:20:00+00:00,18309.45,18322.489,18303.433500000003,18309.4945
2024-09-06 15:25:00+00:00,18308.4945,18312.572,18272.9945,18284.433500000003
2024-09-06 15:30:00+00:00,18285.0,18313.5165,18283.511,18306.5
2024-09-06 15:35:00+00:00,18305.983500000002,18307.066499999997,18285.4445,18302.978
2024-09-06 15:40:00+00:00,18302.060999999998,18304.5,18286.478,18293.4945
2024-09-06 15:45:00+00:00,18292.428,18294.5165,18274.5165,18289.4945
2024-09-06 15:50:00+00:00,18288.5165,18297.55,18273.433500000003,18295.9945
2024-09-06 15:55:00+00:00,18295.45,18306.5555,18286.4945,18286.4945
2024-09-06 16:00:00+00:00,18287.0,18299.5555,18284.428,18289.45
2024-09-06 16:05:00+00:00,18290.0165,18301.45,18283.939000000002,18295.0
2024-09-06 16:10:00+00:00,18295.55,18302.989,18287.4945,18295.0
2024-09-06 16:15:00+00:00,18294.4445,18298.9945,18281.4945,18285.016499999998
2024-09-06 16:20:00+00:00,18284.5555,18290.439000000002,18279.0055,18285.4945
2024-09-06 16:25:00+00:00,18284.560999999998,18293.5555,18269.522,18273.011
2024-09-06 16:30:00+00:00,18273.5,18299.511,18273.5,18299.511
2024-09-06 16:35:00+00:00,18298.989,18306.5,18285.5055,18288.511
2024-09-06 16:40:00+00:00,18287.5,18299.5055,18282.511,18295.0
2024-09-06 16:45:00+00:00,18294.4945,18295.0,18274.928,18280.522
2024-09-06 16:50:00+00:00,18281.0,18285.45,18272.0,18279.05
2024-09-06 16:55:00+00:00,18278.0055,18292.478,18274.489,18289.489
2024-09-06 17:00:00+00:00,18290.011,18297.4945,18281.4945,18293.4835
2024-09-06 17:05:00+00:00,18292.5055,18314.5,18288.0,18312.433500000003
2024-09-06 17:10:00+00:00,18311.4945,18318.483500000002,18307.5055,18312.0055
2024-09-06 17:15:00+00:00,18312.5,18316.5165,18303.5,18308.9945
2024-09-06 17:20:00+00:00,18308.0,18320.560999999998,18307.560999999998,18319.0055
2024-09-06 17:25:00+00:00,18318.511,18319.0555,18293.5,18294.4945
2024-09-06 17:30:00+00:00,18294.011,18296.566499999997,18287.5055,18293.560999999998
2024-09-06 17:35:00+00:00,18294.022,18295.0,18281.511,18284.5165
2024-09-06 17:40:00+00:00,18283.4945,18287.511,18278.011,18281.0055
2024-09-06 17:45:00+00:00,18280.5,18283.5055,18275.5,18279.5555
2024-09-06 17:50:00+00:00,18279.939000000002,18293.511,18276.0055,18289.9445
2024-09-06 17:55:00+00:00,18290.5,18302.066499999997,18289.522,18294.5
2024-09-06 18:00:00+00:00,18295.4835,18301.5055,18281.989,18284.022
2024-09-06 18:05:00+00:00,18283.4835,18287.5,18280.489,18285.560999999998
2024-09-06 18:10:00+00:00,18284.5,18292.483500000002,18282.9945,18285.5055
2024-09-06 18:15:00+00:00,18287.55,18289.933500000003,18275.4945,18277.560999999998
2024-09-06 18:20:00+00:00,18278.0055,18282.4945,18265.4835,18269.5055
2024-09-06 18:25:00+00:00,18268.983500000002,18277.05,18264.4445,18273.4945
2024-09-06 18:30:00+00:00,18275.011,18280.489,18264.5,18268.5
2024-09-06 18:35:00+00:00,18269.511,18269.511,18259.439000000002,18267.439000000002
2024-09-06 18:40:00+00:00,18266.428,18271.0055,18261.478,18270.983500000002
2024-09-06 18:45:00+00:00,18270.5,18272.5,18261.5,18272.0555
2024-09-06 18:50:00+00:00,18271.5,18274.9945,18264.433500000003,18273.0055
2024-09-06 18:55:00+00:00,18272.522,18281.022,18270.4945,18279.5
2024-09-06 19:00:00+00:00,18277.928,18291.0,18276.9945,18288.5165
2024-09-06 19:05:00+00:00,18286.5,18295.072,18285.433500000003,18291.428
2024-09-06 19:10:00+00:00,18289.483500000002,18294.5,18282.0,18286.5055
2024-09-06 19:15:00+00:00,18285.978,18291.511,18282.4945,18282.572
2024-09-06 19:20:00+00:00,18283.4945,18293.5,18283.489,18292.489
2024-09-06 19:25:00+00:00,18292.0055,18301.011,18288.45,18288.9945
2024-09-06 19:30:00+00:00,18289.483500000002,18293.072,18282.4945,18285.5
2024-09-06 19:35:00+00:00,18285.0555,18287.928,18273.433500000003,18274.5
2024-09-06 19:40:00+00:00,18273.9945,18280.989,18268.9835,18274.566499999997
2024-09-06 19:45:00+00:00,18274.0,18285.016499999998,18273.511,18282.4445
2024-09-06 19:50:00+00:00,18285.0,18287.5555,18261.489,18269.566499999997
2024-09-06 19:55:00+00:00,18267.489,18267.489,18256.0,18264.0055
2024-09-06 20:00:00+00:00,18264.9445,18264.9445,18264.9445,18264.9445
2024-09-09 00:05:00+00:00,18269.4555,18280.810999999998,18267.289,18280.8
2024-09-09 00:10:00+00:00,18279.0445,18286.772,18278.216500000002,18284.183500000003
2024-09-09 00:15:00+00:00,18285.516499999998,18305.9445,18285.516499999998,18292.4945
2024-09-09 00:20:00+00:00,18293.0,18307.483500000002,18288.4445,18306.0
2024-09-09 00:25:00+00:00,18306.5055,18309.4445,18303.0555,18308.55
2024-09-09 00:30:00+00:00,18310.428,18316.983500000002,18310.428,18315.989
2024-09-09 00:35:00+00:00,18317.989,18324.511,18317.989,18323.4835
2024-09-09 00:40:00+00:00,18322.9945,18322.9945,18304.0,18310.011
2024-09-09 00:45:00+00:00,18309.022,18312.022,18303.522,18307.0055
2024-09-09 00:50:00+00:00,18307.428,18325.560999999998,18307.428,18324.433500000003
2024-09-09 00:55:00+00:00,18325.05,18325.05,18313.989,18314.5
2024-09-09 01:00:00+00:00,18315.0,18329.566499999997,18315.0,18329.0
2024-09-09 01:05:00+00:00,18330.072,18340.428,18326.989,18326.989
2024-09-09 01:10:00+00:00,18327.560999999998,18336.933500000003,18327.560999999998,18336.0
2024-09-09 01:15:00+00:00,18335.45,18335.45,18325.511,18326.5
2024-09-09 01:20:00+00:00,18326.989,18336.0165,18323.0055,18325.9945
2024-09-09 01:25:00+00:00,18325.55,18338.5055,18324.4445,18329.5
2024-09-09 01:30:00+00:00,18329.9835,18340.5055,18329.428,18333.016499999998
2024-09-09 01:35:00+00:00,18332.511,18333.072,18325.939000000002,18326.439000000002
2024-09-09 01:40:00+00:00,18325.5055,18334.011,18325.5055,18333.4945
2024-09-09 01:45:00+00:00,18332.483500000002,18337.4835,18327.983500000002,18333.011
2024-09-09 01:50:00+00:00,18333.483500000002,18344.05,18332.511,18338.5
2024-09-09 01:55:00+00:00,18337.989,18338.566499999997,18327.95,18330.9945
2024-09-09 02:00:00+00:00,18331.433500000003,18335.560999999998,18326.939000000002,18328.5055
2024-09-09 02:05:00+00:00,18327.5,18329.5,18323.9945,18324.4945
2024-09-09 02:10:00+00:00,18325.439000000002,18331.5055,18324.928,18330.5
2024-09-09 02:15:00+00:00,18330.9945,18336.0,18319.9945,18319.9945
2024-09-09 02:20:00+00:00,18319.4835,18323.511,18315.0,18321.516499999998
2024-09-09 02:25:00+00:00,18321.072,18323.011,18313.4945,18313.4945
2024-09-09 02:30:00+00:00,18311.489,18321.489,18311.489,18315.0055
2024-09-09 02:35:00+00:00,18315.511,18321.016499999998,18315.511,18319.4945
2024-09-09 02:40:00+00:00,18319.9945,18322.511,18313.9945,18314.4945
2024-09-09 02:45:00+00:00,18314.983500000002,18315.95,18314.5055,18314.5055
2024-09-09 02:50:00+00:00,18315.0,18319.9835,18314.016499999998,18319.9835
2024-09-09 02:55:00+00:00,18319.4445,18322.0165,18314.9945,18319.4835
2024-09-09 03:00:00+00:00,18320.433500000003,18324.016499999998,18319.566499999997,18322.5
2024-09-09 03:05:00+00:00,18321.933500000003,18328.572,18321.489,18328.0055
2024-09-09 03:10:00+00:00,18328.483500000002,18333.4945,18328.483500000002,18330.983500000002
2024-09-09 03:15:00+00:00,18331.5,18334.478,18324.933500000003,18324.989
2024-09-09 03:20:00+00:00,18324.4945,18325.066499999997,18322.522,18324.072
2024-09-09 03:25:00+00:00,18324.511,18327.522,18323.9945,18327.522
2024-09-09 03:30:00+00:00,18327.989,18332.060999999998,18326.978,18328.011
2024-09-09 03:35:00+00:00,18328.511,18331.5,18324.4945,18325.0
2024-09-09 03:40:00+00:00,18325.5,18332.5055,18325.0055,18329.066499999997
2024-09-09 03:45:00+00:00,18333.0,18334.511,18324.4835,18324.5165
2024-09-09 03:50:00+00:00,18325.0,18326.5,18322.511,18325.439000000002
2024-09-09 03:55:00+00:00,18324.9835,18326.5055,18321.483500000002,18326.5055
2024-09-09 04:00:00+00:00,18326.928,18329.4945,18326.4945,18326.5
2024-09-09 04:05:00+00:00,18326.989,18341.9945,18326.989,18341.4945
2024-09-09 04:10:00+00:00,18341.9445,18360.9835,18341.9445,18356.928
2024-09-09 04:15:00+00:00,18355.983500000002,18355.983500000002,18346.9445,18349.933500000003
2024-09-09 04:20:00+00:00,18349.489,18351.9445,18336.9945,18338.0555
2024-09-09 04:25:00+00:00,18338.522,18345.522,18338.522,18341.5555
2024-09-09 04:30:00+00:00,18341.016499999998,18348.011,18338.989,18348.011
2024-09-09 04:35:00+00:00,18348.489,18354.55,18346.511,18353.5055
2024-09-09 04:40:00+00:00,18353.0,18359.5055,18349.5,18352.978
2024-09-09 04:45:00+00:00,18352.5,18371.5,18350.9445,18370.4945
2024-09-09 04:50:00+00:00,18371.0,18371.9445,18361.939000000002,18361.989
2024-09-09 04:55:00+00:00,18362.522,18362.566499999997,18353.4445,18358.989
2024-09-09 05:00:00+00:00,18358.572,18358.572,18347.928,18348.5055
2024-09-09 05:05:00+00:00,18349.011,18356.016499999998,18348.05,18349.5
2024-09-09 05:10:00+00:00,18350.011,18358.572,18346.0165,18352.0
2024-09-09 05:15:00+00:00,18352.5,18359.560999999998,18350.483500000002,18359.560999999998
2024-09-09 05:20:00+00:00,18360.5165,18364.0055,18357.072,18364.0055
2024-09-09 05:25:00+00:00,18367.0165,18371.072,18354.011,18355.0
2024-09-09 05:30:00+00:00,18354.5055,18358.511,18350.0055,18352.489
2024-09-09 05:35:00+00:00,18352.9945,18360.978,18349.5,18360.572
2024-09-09 05:40:00+00:00,18363.072,18367.489,18344.4945,18346.989
2024-09-09 05:45:00+00:00,18346.060999999998,18349.489,18343.022,18348.011
2024-09-09 05:50:00+00:00,18346.560999999998,18346.560999999998,18333.5165,18333.5165
2024-09-09 05:55:00+00:00,18334.016499999998,18347.522,18334.016499999998,18346.439000000002
2024-09-09 06:00:00+00:00,18347.5,18368.560999999998,18339.4945,18367.978
2024-09-09 06:05:00+00:00,18366.060999999998,18388.5165,18363.989,18371.5
2024-09-09 06:10:00+00:00,18372.011,18379.0,18355.9945,18356.478
2024-09-09 06:15:00+00:00,18356.9445,18363.5,18353.439000000002,18359.983500000002
2024-09-09 06:20:00+00:00,18359.489,18373.4945,18359.489,18366.478
2024-09-09 06:25:00+00:00,18366.9445,18371.989,18359.489,18363.428
2024-09-09 06:30:00+00:00,18363.989,18369.0055,18355.9445,18361.983500000002
2024-09-09 06:35:00+00:00,18362.978,18362.978,18353.4945,18354.983500000002
2024-09-09 06:40:00+00:00,18354.0055,18354.022,18343.0,18353.0555
2024-09-09 06:45:00+00:00,18353.933500000003,18359.016499999998,18343.9945,18359.016499999998
2024-09-09 06:50:00+00:00,18359.4945,18365.0165,18351.9445,18365.0165
2024-09-09 06:55:00+00:00,18364.072,18378.066499999997,18360.9835,18375.939000000002
2024-09-09 07:00:00+00:00,18376.9835,18400.489,18364.05,18367.0055
2024-09-09 07:05:00+00:00,18368.983500000002,18382.0055,18357.566499999997,18378.011
2024-09-09 07:10:00+00:00,18380.978,18394.9945,18375.983500000002,18391.95
2024-09-09 07:15:00+00:00,18393.989,18409.983500000002,18385.9945,18385.9945
2024-09-09 07:20:00+00:00,18386.5,18405.066499999997,18382.0055,18386.983500000002
2024-09-09 07:25:00+00:00,18388.45,18404.978,18386.989,18403.0
2024-09-09 07:30:00+00:00,18404.0,18417.060999999998,18397.5,18401.9445
2024-09-09 07:35:00+00:00,18403.0555,18415.072,18400.0055,18403.011
2024-09-09 07:40:00+00:00,18402.433500000003,18408.0,18382.011,18390.011
2024-09-09 07:45:00+00:00,18389.5055,18411.0055,18382.9445,18405.933500000003
2024-09-09 07:50:00+00:00,18407.0,18417.4945,18399.4945,18399.4945
2024-09-09 07:55:00+00:00,18399.0,18410.9945,18391.95,18410.5055
2024-09-09 08:00:00+00:00,18411.0165,18418.011,18406.060999999998,18412.989
2024-09-09 08:05:00+00:00,18412.0,18412.011,18396.4445,18398.011
2024-09-09 08:10:00+00:00,18398.9945,18410.4945,18393.560999999998,18394.4445
2024-09-09 08:15:00+00:00,18394.9945,18396.060999999998,18386.0,18387.0
2024-09-09 08:20:00+00:00,18386.428,18389.989,18371.989,18388.0
2024-09-09 08:25:00+00:00,18389.022,18397.011,18379.0165,18392.939000000002
2024-09-09 08:30:00+00:00,18392.0055,18402.0165,18385.928,18388.9835
2024-09-09 08:35:00+00:00,18389.5055,18406.0055,18389.5055,18399.0555
2024-09-09 08:40:00+00:00,18400.511,18406.022,18391.0055,18393.0
2024-09-09 08:45:00+00:00,18392.4945,18406.0,18388.9445,18401.928
2024-09-09 08:50:00+00:00,18402.989,18418.483500000002,18401.9945,18415.011
2024-09-09 08:55:00+00:00,18416.0555,18417.0055,18409.0055,18412.022
2024-09-09 09:00:00+00:00,18411.011,18415.5,18406.011,18411.022
2024-09-09 09:05:00+00:00,18410.5555,18424.5,18409.0,18423.0555
2024-09-09 09:10:00+00:00,18423.9445,18433.060999999998,18423.0055,18432.05
2024-09-09 09:15:00+00:00,18432.983500000002,18441.5055,18431.9445,18437.060999999998
2024-09-09 09:20:00+00:00,18436.4835,18447.511,18431.5165,18447.511
2024-09-09 09:25:00+00:00,18448.522,18454.560999999998,18444.4835,18452.0
2024-09-09 09:30:00+00:00,18453.011,18461.9945,18453.0055,18453.489
2024-09-09 09:35:00+00:00,18452.483500000002,18454.0,18440.572,18444.572
2024-09-09 09:40:00+00:00,18443.989,18447.0,18429.4835,18431.5555
2024-09-09 09:45:00+00:00,18430.978,18443.572,18430.0,18441.5055
2024-09-09 09:50:00+00:00,18441.9835,18445.011,18420.433500000003,18421.022
2024-09-09 09:55:00+00:00,18422.0055,18435.05,18419.5,18435.0
2024-09-09 10:00:00+00:00,18434.011,18437.0055,18423.011,18424.0
2024-09-09 10:05:00+00:00,18424.5,18426.0055,18418.978,18423.978
2024-09-09 10:10:00+00:00,18423.5,18435.011,18420.9945,18433.928
2024-09-09 10:15:00+00:00,18435.0055,18436.4945,18422.428,18423.011
2024-09-09 10:20:00+00:00,18422.5,18428.0055,18411.9835,18414.0
2024-09-09 10:25:00+00:00,18414.95,18417.5165,18407.978,18413.933500000003
2024-09-09 10:30:00+00:00,18413.511,18419.072,18406.0,18407.072
2024-09-09 10:35:00+00:00,18405.989,18408.072,18400.989,18401.933500000003
2024-09-09 10:40:00+00:00,18401.5,18403.0,18390.4945,18391.011
2024-09-09 10:45:00+00:00,18390.5,18403.9945,18389.9945,18396.0055
2024-09-09 10:50:00+00:00,18396.560999999998,18400.9945,18392.516499999998,18395.9945
2024-09-09 10:55:00+00:00,18395.5555,18399.5165,18392.011,18399.0
2024-09-09 11:00:00+00:00,18399.5055,18412.0,18398.9945,18408.939000000002
2024-09-09 11:05:00+00:00,18411.011,18416.433500000003,18406.933500000003,18414.060999999998
2024-09-09 11:10:00+00:00,18415.060999999998,18426.072,18414.928,18426.05
2024-09-09 11:15:00+00:00,18426.5055,18428.983500000002,18422.5,18426.9445
2024-09-09 11:20:00+00:00,18427.4945,18438.511,18426.928,18436.0
2024-09-09 11:25:00+00:00,18437.05,18443.5,18434.0055,18440.0
2024-09-09 11:30:00+00:00,18440.4945,18443.022,18419.928,18419.928
2024-09-09 11:35:00+00:00,18418.9945,18419.511,18407.983500000002,18410.933500000003
2024-09-09 11:40:00+00:00,18409.016499999998,18418.5,18405.933500000003,18410.978
2024-09-09 11:45:00+00:00,18410.5165,18418.9945,18408.9835,18410.0
2024-09-09 11:50:00+00:00,18411.011,18412.011,18400.0555,18400.9445
2024-09-09 11:55:00+00:00,18402.060999999998,18408.522,18402.0,18403.011
2024-09-09 12:00:00+00:00,18403.933500000003,18404.55,18388.939000000002,18389.0
2024-09-09 12:05:00+00:00,18388.5165,18396.95,18383.9945,18391.011
2024-09-09 12:10:00+00:00,18390.5,18391.566499999997,18373.522,18376.072
2024-09-09 12:15:00+00:00,18377.0,18384.9945,18374.9445,18375.011
2024-09-09 12:20:00+00:00,18375.5,18381.0,18367.5165,18368.0165
2024-09-09 12:25:00+00:00,18368.4445,18372.5055,18357.4945,18358.983500000002
2024-09-09 12:30:00+00:00,18359.5165,18378.0,18359.5165,18374.560999999998
2024-09-09 12:35:00+00:00,18375.428,18380.060999999998,18369.483500000002,18372.016499999998
2024-09-09 12:40:00+00:00,18371.483500000002,18372.9945,18366.0,18369.0055
2024-09-09 12:45:00+00:00,18368.5,18380.511,18368.5,18379.05
2024-09-09 12:50:00+00:00,18381.489,18402.016499999998,18381.489,18401.5055
2024-09-09 12:55:00+00:00,18401.9835,18409.478,18398.9445,18402.5
2024-09-09 13:00:00+00:00,18403.478,18406.022,18390.439000000002,18392.0165
2024-09-09 13:05:00+00:00,18390.978,18396.016499999998,18382.516499999998,18382.939000000002
2024-09-09 13:10:00+00:00,18382.5,18387.5055,18376.983500000002,18378.9945
2024-09-09 13:15:00+00:00,18377.9945,18397.4945,18377.016499999998,18389.483500000002
2024-09-09 13:20:00+00:00,18390.0,18391.066499999997,18384.4945,18389.022
2024-09-09 13:25:00+00:00,18387.989,18396.572,18386.95,18391.989
2024-09-09 13:30:00+00:00,18394.0165,18408.0055,18387.0055,18407.978
2024-09-09 13:35:00+00:00,18408.433500000003,18417.55,18400.989,18404.9835
2024-09-09 13:40:00+00:00,18406.0055,18411.511,18390.939000000002,18405.066499999997
2024-09-09 13:45:00+00:00,18405.489,18414.0555,18398.4945,18406.0
2024-09-09 13:50:00+00:00,18407.011,18436.5165,18405.989,18436.5165
2024-09-09 13:55:00+00:00,18436.0555,18441.072,18424.939000000002,18430.060999999998
2024-09-09 14:00:00+00:00,18430.483500000002,18435.0055,18425.939000000002,18434.5555
2024-09-09 14:05:00+00:00,18434.05,18453.5,18432.489,18451.0
2024-09-09 14:10:00+00:00,18452.016499999998,18474.060999999998,18452.016499999998,18472.011
2024-09-09 14:15:00+00:00,18471.55,18485.0055,18464.9945,18472.989
2024-09-09 14:20:00+00:00,18474.072,18477.9945,18449.478,18453.011
2024-09-09 14:25:00+00:00,18453.5055,18458.989,18442.072,18442.433500000003
2024-09-09 14:30:00+00:00,18443.489,18446.5555,18419.0,18424.933500000003
2024-09-09 14:35:00+00:00,18426.0,18442.566499999997,18426.0,18442.566499999997
2024-09-09 14:40:00+00:00,18441.983500000002,18449.0,18435.05,18439.511
2024-09-09 14:45:00+00:00,18440.066499999997,18449.066499999997,18436.928,18448.566499999997
2024-09-09 14:50:00+00:00,18447.572,18449.572,18428.489,18434.0
2024-09-09 14:55:00+00:00,18433.4945,18442.0,18423.478,18426.433500000003
2024-09-09 15:00:00+00:00,18425.9945,18442.478,18420.066499999997,18431.0055
2024-09-09 15:05:00+00:00,18431.45,18435.516499999998,18423.516499999998,18428.5
2024-09-09 15:10:00+00:00,18427.489,18427.489,18406.0,18406.572
2024-09-09 15:15:00+00:00,18407.5,18417.489,18402.0,18413.433500000003
2024-09-09 15:20:00+00:00,18413.066499999997,18422.5555,18410.522,18421.9945
2024-09-09 15:25:00+00:00,18421.5165,18433.4945,18417.9445,18432.489
2024-09-09 15:30:00+00:00,18433.0,18456.511,18432.989,18448.55
2024-09-09 15:35:00+00:00,18449.566499999997,18458.0055,18447.439000000002,18458.0055
2024-09-09 15:40:00+00:00,18458.5165,18461.016499999998,18452.5055,18459.5
2024-09-09 15:45:00+00:00,18459.9945,18468.511,18457.489,18467.933500000003
2024-09-09 15:50:00+00:00,18467.5055,18470.4445,18460.489,18468.9445
2024-09-09 15:55:00+00:00,18469.511,18472.5,18462.483500000002,18466.060999999998
2024-09-09 16:00:00+00:00,18466.483500000002,18471.060999999998,18458.45,18465.016499999998
2024-09-09 16:05:00+00:00,18465.939000000002,18469.428,18459.45,18466.9835
2024-09-09 16:10:00+00:00,18467.5,18471.516499999998,18465.9445,18467.522
2024-09-09 16:15:00+00:00,18468.011,18472.0,18466.989,18471.0055
2024-09-09 16:20:00+00:00,18469.489,18472.5555,18466.989,18472.0055
2024-09-09 16:25:00+00:00,18471.5055,18473.0,18467.433500000003,18472.5165
2024-09-09 16:30:00+00:00,18472.95,18482.066499999997,18471.5,18480.0165
2024-09-09 16:35:00+00:00,18479.4835,18484.928,18473.516499999998,18478.4445
2024-09-09 16:40:00+00:00,18477.9945,18491.011,18477.9945,18487.5
2024-09-09 16:45:00+00:00,18488.0,18491.5055,18486.489,18487.9945
2024-09-09 16:50:00+00:00,18488.428,18492.4945,18484.0,18486.516499999998
2024-09-09 16:55:00+00:00,18486.0,18495.0,18486.0,18491.9945
2024-09-09 17:00:00+00:00,18493.0,18498.011,18487.0,18489.511
2024-09-09 17:05:00+00:00,18488.9945,18496.05,18488.989,18495.5
2024-09-09 17:10:00+00:00,18495.016499999998,18496.072,18483.0,18484.928
2024-09-09 17:15:00+00:00,18484.516499999998,18493.022,18481.478,18486.483500000002
2024-09-09 17:20:00+00:00,18485.5555,18486.55,18478.4945,18478.989
2024-09-09 17:25:00+00:00,18478.5555,18488.072,18478.5555,18485.0165
2024-09-09 17:30:00+00:00,18484.5,18485.0555,18469.011,18473.489
2024-09-09 17:35:00+00:00,18472.928,18480.560999999998,18470.0165,18480.060999999998
2024-09-09 17:40:00+00:00,18479.55,18484.560999999998,18458.978,18459.5055
2024-09-09 17:45:00+00:00,18460.0,18475.060999999998,18456.95,18473.566499999997
2024-09-09 17:50:00+00:00,18473.0,18474.016499999998,18461.0,18464.939000000002
2024-09-09 17:55:00+00:00,18464.572,18467.0055,18456.9835,18458.4945
2024-09-09 18:00:00+00:00,18456.989,18461.939000000002,18447.989,18451.478
2024-09-09 18:05:00+00:00,18452.022,18456.05,18448.4445,18451.989
2024-09-09 18:10:00+00:00,18450.9835,18453.4945,18447.928,18448.560999999998
2024-09-09 18:15:00+00:00,18448.011,18460.0055,18447.928,18458.511
2024-09-09 18:20:00+00:00,18459.0165,18465.4945,18451.4945,18464.511
2024-09-09 18:25:00+00:00,18465.0165,18470.016499999998,18456.95,18457.983500000002
2024-09-09 18:30:00+00:00,18458.5055,18462.060999999998,18453.433500000003,18460.0
2024-09-09 18:35:00+00:00,18460.572,18463.060999999998,18443.483500000002,18446.0
2024-09-09 18:40:00+00:00,18445.439000000002,18464.439000000002,18443.95,18462.989
2024-09-09 18:45:00+00:00,18464.0,18467.066499999997,18461.983500000002,18464.011
2024-09-09 18:50:00+00:00,18464.5555,18468.516499999998,18460.55,18462.928
2024-09-09 18:55:00+00:00,18462.5,18464.060999999998,18457.933500000003,18460.511
2024-09-09 19:00:00+00:00,18461.072,18464.0555,18454.9835,18455.978
2024-09-09 19:05:00+00:00,18455.0,18466.0,18455.0,18465.5
2024-09-09 19:10:00+00:00,18465.011,18466.0,18459.928,18463.566499999997
2024-09-09 19:15:00+00:00,18463.989,18470.5055,18461.483500000002,18462.05
2024-09-09 19:20:00+00:00,18461.4945,18464.522,18453.5,18464.0
2024-09-09 19:25:00+00:00,18463.489,18478.5,18459.5055,18477.022
2024-09-09 19:30:00+00:00,18476.55,18485.0055,18473.5,18475.95
2024-09-09 19:35:00+00:00,18476.5,18484.066499999997,18473.0,18478.5555
2024-09-09 19:40:00+00:00,18479.0,18487.0,18478.5,18482.433500000003
2024-09-09 19:45:00+00:00,18481.989,18484.0165,18474.478,18478.978
2024-09-09 19:50:00+00:00,18477.439000000002,18486.022,18469.483500000002,18480.011
2024-09-09 19:55:00+00:00,18481.983500000002,18485.511,18475.4445,18481.5055
2024-09-09 20:00:00+00:00,18481.45,18497.5,18479.778,18486.6
2024-09-09 20:05:00+00:00,18487.378,18496.7055,18486.6,18490.810999999998
2024-09-09 20:10:00+00:00,18491.5835,18498.411,18489.8335,18495.972
2024-09-09 22:05:00+00:00,18509.3055,18509.689000000002,18503.7945,18503.7945
2024-09-09 22:10:00+00:00,18504.2,18505.4945,18492.7945,18497.911
2024-09-09 22:15:00+00:00,18496.9945,18502.394500000002,18494.05,18495.5945
2024-09-09 22:20:00+00:00,18497.366499999996,18503.189000000002,18496.433500000003,18501.9
2024-09-09 22:25:00+00:00,18501.0,18504.2165,18499.2055,18503.461
2024-09-09 22:30:00+00:00,18502.528,18504.25,18498.3055,18502.5835
2024-09-09 22:35:00+00:00,18501.6945,18502.661,18499.661,18502.528
2024-09-09 22:40:00+00:00,18501.2945,18502.589,18495.7945,18495.855499999998
2024-09-09 22:45:00+00:00,18495.0,18495.85,18490.711,18492.411
2024-09-09 22:50:00+00:00,18493.2945,18495.8165,18491.622,18495.8165
2024-09-09 22:55:00+00:00,18495.011,18495.060999999998,18491.55,18491.605499999998
2024-09-09 23:00:00+00:00,18492.394500000002,18497.572,18491.539,18491.605499999998
2024-09-09 23:05:00+00:00,18491.928,18495.0165,18491.928,18493.683500000003
2024-09-09 23:10:00+00:00,18494.089,18499.2,18493.2445,18498.3055
2024-09-09 23:15:00+00:00,18497.428,18505.110999999997,18496.622,18503.339
2024-09-09 23:20:00+00:00,18504.211,18509.2835,18504.211,18509.2835
2024-09-09 23:25:00+00:00,18508.4945,18508.511,18505.122,18507.605499999998
2024-09-09 23:30:00+00:00,18506.8,18508.511,18503.35,18505.894500000002
2024-09-09 23:35:00+00:00,18506.8165,18510.2055,18498.589,18498.589
2024-09-09 23:40:00+00:00,18499.4,18504.5055,18498.65,18504.066499999997
2024-09-09 23:45:00+00:00,18504.439000000002,18505.360999999997,18502.7445,18503.6665
2024-09-09 23:50:00+00:00,18502.872,18502.872,18494.289,18494.789
2024-09-09 23:55:00+00:00,18494.289,18500.394500000002,18494.25,18498.65
2024-09-10 00:00:00+00:00,18499.610999999997,18500.461,18481.7,18486.0
2024-09-10 00:05:00+00:00,18486.7945,18489.2945,18476.989,18478.7055
2024-09-10 00:10:00+00:00,18477.8,18479.478,18463.5445,18466.4
2024-09-10 00:15:00+00:00,18471.011,18471.011,18454.0,18463.478
2024-09-10 00:20:00+00:00,18462.9445,18471.55,18461.933500000003,18469.4945
2024-09-10 00:25:00+00:00,18470.022,18478.0555,18468.939000000002,18470.483500000002
2024-09-10 00:30:00+00:00,18469.933500000003,18475.0165,18464.5055,18465.428
2024-09-10 00:35:00+00:00,18466.0055,18477.5,18459.9445,18476.4945
2024-09-10 00:40:00+00:00,18476.0,18492.072,18474.95,18490.433500000003
2024-09-10 00:45:00+00:00,18492.5055,18492.5055,18483.989,18485.060999999998
2024-09-10 00:50:00+00:00,18484.522,18491.516499999998,18484.522,18488.5
2024-09-10 00:55:00+00:00,18486.428,18491.572,18484.983500000002,18490.0055
2024-09-10 01:00:00+00:00,18489.489,18490.9445,18481.433500000003,18482.933500000003
2024-09-10 01:05:00+00:00,18485.560999999998,18491.5055,18481.983500000002,18490.9945
2024-09-10 01:10:00+00:00,18491.478,18494.5,18485.933500000003,18485.933500000003
2024-09-10 01:15:00+00:00,18486.560999999998,18486.9835,18479.428,18479.928
2024-09-10 01:20:00+00:00,18479.4945,18489.011,18479.4945,18488.5
2024-09-10 01:25:00+00:00,18487.522,18492.45,18486.4945,18487.4445
2024-09-10 01:30:00+00:00,18486.983500000002,18487.522,18471.5,18477.483500000002
2024-09-10 01:35:00+00:00,18477.0055,18491.989,18477.0055,18491.0165
2024-09-10 01:40:00+00:00,18490.0,18490.0,18469.433500000003,18473.939000000002
2024-09-10 01:45:00+00:00,18473.022,18479.0055,18471.0,18475.060999999998
2024-09-10 01:50:00+00:00,18476.011,18482.0055,18472.5055,18480.95
2024-09-10 01:55:00+00:00,18480.566499999997,18489.511,18478.933500000003,18488.060999999998
2024-09-10 02:00:00+00:00,18487.5,18488.0055,18455.4445,18455.4445
2024-09-10 02:05:00+00:00,18456.016499999998,18460.5,18452.439000000002,18460.022
2024-09-10 02:10:00+00:00,18459.489,18459.9445,18453.4945,18455.060999999998
2024-09-10 02:15:00+00:00,18454.5165,18458.5,18452.9945,18457.978
2024-09-10 02:20:00+00:00,18458.566499999997,18459.0055,18451.933500000003,18451.933500000003
2024-09-10 02:25:00+00:00,18452.55,18456.572,18451.4945,18454.9945
2024-09-10 02:30:00+00:00,18455.433500000003,18464.483500000002,18454.989,18462.9945
2024-09-10 02:35:00+00:00,18464.0,18469.011,18464.0,18467.4445
2024-09-10 02:40:00+00:00,18466.9945,18468.989,18466.011,18466.011
2024-09-10 02:45:00+00:00,18466.566499999997,18468.928,18464.939000000002,18467.989
2024-09-10 02:50:00+00:00,18467.433500000003,18468.0165,18459.9945,18459.9945
2024-09-10 02:55:00+00:00,18460.5555,18465.560999999998,18459.560999999998,18462.4945
2024-09-10 03:00:00+00:00,18463.016499999998,18464.4945,18459.016499999998,18461.022
2024-09-10 03:05:00+00:00,18459.5555,18460.478,18453.0555,18454.011
2024-09-10 03:10:00+00:00,18452.983500000002,18454.5165,18451.4945,18454.478
2024-09-10 03:15:00+00:00,18454.0055,18454.428,18445.4445,18450.0555
2024-09-10 03:20:00+00:00,18449.483500000002,18450.983500000002,18445.433500000003,18447.0055
2024-09-10 03:25:00+00:00,18446.5055,18447.011,18445.522,18446.011
2024-09-10 03:30:00+00:00,18449.489,18455.516499999998,18448.9835,18453.5165
2024-09-10 03:35:00+00:00,18453.0,18454.0,18443.511,18447.0
2024-09-10 03:40:00+00:00,18446.5,18446.5,18443.483500000002,18444.0055
2024-09-10 03:45:00+00:00,18444.5,18449.0,18444.5,18446.5055
2024-09-10 03:50:00+00:00,18448.0,18453.4945,18446.011,18446.011
2024-09-10 03:55:00+00:00,18444.489,18445.560999999998,18439.9835,18440.560999999998
2024-09-10 04:00:00+00:00,18440.933500000003,18447.5555,18439.5,18447.5555
2024-09-10 04:05:00+00:00,18447.011,18447.5055,18442.483500000002,18445.5
2024-09-10 04:10:00+00:00,18444.933500000003,18445.433500000003,18439.511,18441.0
2024-09-10 04:15:00+00:00,18440.572,18442.5,18436.939000000002,18437.516499999998
2024-09-10 04:20:00+00:00,18436.9835,18441.522,18436.0,18438.489
2024-09-10 04:25:00+00:00,18438.0,18438.0,18430.016499999998,18430.5055
2024-09-10 04:30:00+00:00,18429.511,18430.0165,18421.5,18428.5055
2024-09-10 04:35:00+00:00,18426.566499999997,18426.566499999997,18411.45,18418.978
2024-09-10 04:40:00+00:00,18419.5055,18422.0055,18414.933500000003,18422.0055
2024-09-10 04:45:00+00:00,18421.5055,18428.011,18421.5055,18427.5
2024-09-10 04:50:00+00:00,18426.55,18432.011,18423.9945,18425.433500000003
2024-09-10 04:55:00+00:00,18426.5,18426.5,18419.45,18419.933500000003
2024-09-10 05:00:00+00:00,18419.439000000002,18429.560999999998,18419.05,18429.560999999998
2024-09-10 05:05:00+00:00,18428.989,18439.511,18428.989,18434.560999999998
2024-09-10 05:10:00+00:00,18433.511,18444.522,18432.9445,18435.511
2024-09-10 05:15:00+00:00,18434.5,18445.9445,18434.5,18441.0055
2024-09-10 05:20:00+00:00,18440.489,18442.560999999998,18436.5,18438.060999999998
2024-09-10 05:25:00+00:00,18437.4945,18445.5555,18436.0,18445.0
2024-09-10 05:30:00+00:00,18445.511,18445.511,18423.0555,18425.066499999997
2024-09-10 05:35:00+00:00,18429.0165,18433.066499999997,18417.439000000002,18432.0165
2024-09-10 05:40:00+00:00,18432.433500000003,18448.5555,18431.011,18445.0
2024-09-10 05:45:00+00:00,18445.5055,18448.4445,18435.0,18441.522
2024-09-10 05:50:00+00:00,18442.05,18446.983500000002,18437.4945,18440.433500000003
2024-09-10 05:55:00+00:00,18441.433500000003,18441.9835,18437.933500000003,18440.5
2024-09-10 06:00:00+00:00,18441.0,18441.0,18424.4945,18429.5165
2024-09-10 06:05:00+00:00,18430.4945,18430.4945,18414.9445,18429.9945
2024-09-10 06:10:00+00:00,18429.060999999998,18439.45,18429.011,18439.016499999998
2024-09-10 06:15:00+00:00,18439.511,18451.5555,18438.928,18445.0
2024-09-10 06:20:00+00:00,18444.478,18446.489,18433.489,18435.066499999997
2024-09-10 06:25:00+00:00,18435.4945,18443.489,18432.0055,18443.0
2024-09-10 06:30:00+00:00,18442.5165,18445.011,18435.511,18438.939000000002
2024-09-10 06:35:00+00:00,18437.9945,18442.9945,18434.928,18440.060999999998
2024-09-10 06:40:00+00:00,18439.4945,18443.5,18436.0,18441.0
2024-09-10 06:45:00+00:00,18441.5,18445.060999999998,18439.933500000003,18440.0055
2024-09-10 06:50:00+00:00,18442.0,18442.9945,18434.939000000002,18437.0055
2024-09-10 06:55:00+00:00,18437.511,18446.928,18434.516499999998,18443.0
2024-09-10 07:00:00+00:00,18440.022,18446.066499999997,18407.989,18408.989
2024-09-10 07:05:00+00:00,18410.011,18449.060999999998,18409.566499999997,18444.9835
2024-09-10 07:10:00+00:00,18445.4945,18456.928,18438.928,18441.0055
2024-09-10 07:15:00+00:00,18441.989,18452.0,18435.989,18445.560999999998
2024-09-10 07:20:00+00:00,18445.0055,18456.9835,18441.560999999998,18447.011
2024-09-10 07:25:00+00:00,18449.0,18455.4945,18432.9945,18441.978
2024-09-10 07:30:00+00:00,18442.989,18464.9945,18442.989,18459.489
2024-09-10 07:35:00+00:00,18458.9945,18466.9945,18451.011,18465.45
2024-09-10 07:40:00+00:00,18466.016499999998,18472.0,18461.9945,18464.0055
2024-09-10 07:45:00+00:00,18465.016499999998,18478.016499999998,18460.0055,18461.566499999997
2024-09-10 07:50:00+00:00,18461.0555,18471.011,18455.989,18470.05
2024-09-10 07:55:00+00:00,18470.5,18480.9945,18467.489,18474.0
2024-09-10 08:00:00+00:00,18476.0165,18493.060999999998,18476.0165,18483.0
2024-09-10 08:05:00+00:00,18482.0,18490.022,18470.928,18472.016499999998
2024-09-10 08:10:00+00:00,18472.95,18474.55,18466.478,18467.072
2024-09-10 08:15:00+00:00,18467.4945,18484.060999999998,18464.4445,18477.0055
2024-09-10 08:20:00+00:00,18476.439000000002,18476.439000000002,18454.0055,18456.9445
2024-09-10 08:25:00+00:00,18457.5,18464.022,18452.9945,18460.0
2024-09-10 08:30:00+00:00,18460.489,18467.5,18436.0055,18437.939000000002
2024-09-10 08:35:00+00:00,18437.428,18442.072,18431.433500000003,18438.011
2024-09-10 08:40:00+00:00,18438.4945,18442.516499999998,18429.978,18431.4945
2024-09-10 08:45:00+00:00,18431.0,18431.0055,18418.5,18419.989
2024-09-10 08:50:00+00:00,18418.9445,18421.011,18406.05,18406.05
2024-09-10 08:55:00+00:00,18406.9945,18414.066499999997,18402.4945,18411.0055
2024-09-10 09:00:00+00:00,18410.016499999998,18411.0165,18388.0,18388.522
2024-09-10 09:05:00+00:00,18388.011,18389.0,18370.022,18370.022
2024-09-10 09:10:00+00:00,18369.066499999997,18376.511,18357.0,18371.989
2024-09-10 09:15:00+00:00,18370.072,18386.5,18361.9835,18384.0
2024-09-10 09:20:00+00:00,18383.572,18392.489,18380.428,18389.9945
2024-09-10 09:25:00+00:00,18389.45,18400.066499999997,18385.0,18395.516499999998
2024-09-10 09:30:00+00:00,18395.9835,18408.011,18395.9835,18403.0165
2024-09-10 09:35:00+00:00,18403.95,18428.011,18403.0165,18426.4835
2024-09-10 09:40:00+00:00,18427.0,18440.0055,18424.5555,18434.060999999998
2024-09-10 09:45:00+00:00,18433.45,18444.4945,18433.45,18440.9945
2024-09-10 09:50:00+00:00,18441.5,18454.022,18440.0555,18449.072
2024-09-10 09:55:00+00:00,18448.516499999998,18448.516499999998,18432.45,18435.072
2024-09-10 10:00:00+00:00,18436.0055,18445.483500000002,18429.4945,18430.0055
2024-09-10 10:05:00+00:00,18429.5055,18434.05,18424.989,18425.9945
2024-09-10 10:10:00+00:00,18426.4445,18427.011,18406.5,18410.011
2024-09-10 10:15:00+00:00,18409.489,18409.489,18390.9945,18407.0
2024-09-10 10:20:00+00:00,18406.5055,18419.4445,18403.0165,18414.439000000002
2024-09-10 10:25:00+00:00,18415.4945,18430.516499999998,18415.4945,18427.9945
2024-09-10 10:30:00+00:00,18428.95,18445.0555,18427.489,18445.0555
2024-09-10 10:35:00+00:00,18444.478,18444.478,18430.0,18433.9945
2024-09-10 10:40:00+00:00,18432.978,18436.4945,18426.483500000002,18436.0
2024-09-10 10:45:00+00:00,18436.5165,18439.9945,18430.933500000003,18437.0
2024-09-10 10:50:00+00:00,18437.4445,18440.0,18383.0,18383.072
2024-09-10 10:55:00+00:00,18382.478,18395.066499999997,18372.016499999998,18388.989
2024-09-10 11:00:00+00:00,18393.060999999998,18407.566499999997,18392.011,18397.978
2024-09-10 11:05:00+00:00,18398.5165,18401.4445,18382.0555,18385.928
2024-09-10 11:10:00+00:00,18383.95,18391.011,18368.9835,18369.939000000002
2024-09-10 11:15:00+00:00,18370.4445,18372.928,18358.55,18359.0055
2024-09-10 11:20:00+00:00,18358.4445,18366.45,18352.5,18362.4945
2024-09-10 11:25:00+00:00,18362.9945,18384.4945,18357.5,18382.928
2024-09-10 11:30:00+00:00,18382.0,18384.511,18363.0,18364.933500000003
2024-09-10 11:35:00+00:00,18364.522,18371.489,18331.928,18338.9945
2024-09-10 11:40:00+00:00,18338.05,18352.0555,18328.022,18348.0
2024-09-10 11:45:00+00:00,18348.933500000003,18365.0055,18346.983500000002,18357.022
2024-09-10 11:50:00+00:00,18357.511,18368.072,18351.928,18363.060999999998
2024-09-10 11:55:00+00:00,18364.0055,18370.072,18357.0,18358.016499999998
2024-09-10 12:00:00+00:00,18357.066499999997,18361.9945,18347.5055,18348.011
2024-09-10 12:05:00+00:00,18347.0555,18354.0055,18343.989,18348.983500000002
2024-09-10 12:10:00+00:00,18347.022,18377.5,18346.4945,18372.9945
2024-09-10 12:15:00+00:00,18375.0,18375.5055,18364.5055,18375.5055
2024-09-10 12:20:00+00:00,18376.011,18379.566499999997,18369.0,18378.066499999997
2024-09-10 12:25:00+00:00,18377.516499999998,18377.516499999998,18359.95,18362.9445
2024-09-10 12:30:00+00:00,18363.5055,18372.933500000003,18360.45,18362.0055
2024-09-10 12:35:00+00:00,18361.0055,18365.072,18346.0055,18347.016499999998
2024-09-10 12:40:00+00:00,18345.939000000002,18369.0,18343.933500000003,18364.0165
2024-09-10 12:45:00+00:00,18365.0,18376.4835,18361.489,18361.989
2024-09-10 12:50:00+00:00,18362.489,18365.4945,18353.983500000002,18358.0055
2024-09-10 12:55:00+00:00,18355.933500000003,18372.0,18353.989,18367.9445
2024-09-10 13:00:00+00:00,18366.933500000003,18371.0055,18351.9945,18353.939000000002
2024-09-10 13:05:00+00:00,18355.0555,18363.0055,18349.4945,18349.983500000002
2024-09-10 13:10:00+00:00,18348.933500000003,18349.066499999997,18314.978,18319.0
2024-09-10 13:15:00+00:00,18318.5055,18331.5555,18305.433500000003,18330.072
2024-09-10 13:20:00+00:00,18331.0055,18347.5,18330.0,18345.0055
2024-09-10 13:25:00+00:00,18343.060999999998,18351.5055,18339.0,18349.95
2024-09-10 13:30:00+00:00,18348.011,18349.983500000002,18296.9445,18304.5
2024-09-10 13:35:00+00:00,18305.0,18318.0555,18298.0,18298.428
2024-09-10 13:40:00+00:00,18297.9945,18312.066499999997,18292.928,18311.0555
2024-09-10 13:45:00+00:00,18311.5,18331.566499999997,18301.983500000002,18303.011
2024-09-10 13:50:00+00:00,18302.5555,18317.939000000002,18292.9445,18299.060999999998
2024-09-10 13:55:00+00:00,18298.0055,18303.022,18273.9945,18288.9945
2024-09-10 14:00:00+00:00,18288.011,18288.011,18273.5055,18282.95
2024-09-10 14:05:00+00:00,18282.0165,18282.0165,18243.060999999998,18270.0
2024-09-10 14:10:00+00:00,18268.928,18271.5055,18234.9945,18241.011
2024-09-10 14:15:00+00:00,18243.066499999997,18261.0055,18236.9945,18257.060999999998
2024-09-10 14:20:00+00:00,18258.060999999998,18263.0055,18239.9945,18243.5
2024-09-10 14:25:00+00:00,18243.95,18277.0055,18242.05,18275.989
2024-09-10 14:30:00+00:00,18276.5555,18282.4945,18249.9945,18254.9945
2024-09-10 14:35:00+00:00,18255.928,18277.4945,18250.928,18272.0055
2024-09-10 14:40:00+00:00,18272.5,18281.0,18251.066499999997,18252.072
2024-09-10 14:45:00+00:00,18251.4445,18263.016499999998,18242.983500000002,18262.0055
2024-09-10 14:50:00+00:00,18262.4945,18263.072,18240.928,18242.0055
2024-09-10 14:55:00+00:00,18241.060999999998,18247.0055,18230.522,18244.05
2024-09-10 15:00:00+00:00,18244.4945,18251.522,18239.0055,18243.5
2024-09-10 15:05:00+00:00,18243.0,18268.4945,18237.978,18266.572
2024-09-10 15:10:00+00:00,18267.0,18286.0,18264.9945,18285.0
2024-09-10 15:15:00+00:00,18285.4945,18294.489,18278.433500000003,18281.9945
2024-09-10 15:20:00+00:00,18280.95,18282.5,18266.5,18273.5
2024-09-10 15:25:00+00:00,18273.060999999998,18286.928,18273.0055,18281.4835
2024-09-10 15:30:00+00:00,18282.022,18285.0055,18261.0,18263.5
2024-09-10 15:35:00+00:00,18265.478,18273.433500000003,18249.439000000002,18254.0165
2024-09-10 15:40:00+00:00,18253.5555,18264.0,18252.011,18255.5165
2024-09-10 15:45:00+00:00,18254.928,18257.011,18246.5,18248.939000000002
2024-09-10 15:50:00+00:00,18248.5,18249.9945,18226.978,18230.0165
2024-09-10 15:55:00+00:00,18229.0,18234.011,18206.0055,18208.072
2024-09-10 16:00:00+00:00,18208.933500000003,18208.933500000003,18186.9445,18199.516499999998
2024-09-10 16:05:00+00:00,18200.9945,18211.0055,18194.933500000003,18198.9835
2024-09-10 16:10:00+00:00,18200.0055,18209.011,18194.483500000002,18194.978
2024-09-10 16:15:00+00:00,18195.5055,18210.5055,18194.9835,18209.933500000003
2024-09-10 16:20:00+00:00,18210.5165,18215.0055,18204.511,18212.933500000003
2024-09-10 16:25:00+00:00,18214.022,18217.5,18206.011,18208.4945
2024-09-10 16:30:00+00:00,18207.9945,18217.5055,18205.011,18216.939000000002
2024-09-10 16:35:00+00:00,18216.5055,18227.4945,18214.939000000002,18222.0055
2024-09-10 16:40:00+00:00,18221.5,18232.011,18220.5055,18230.4445
2024-09-10 16:45:00+00:00,18229.933500000003,18239.011,18225.4835,18237.4945
2024-09-10 16:50:00+00:00,18236.928,18247.060999999998,18233.5165,18246.45
2024-09-10 16:55:00+00:00,18245.989,18248.0055,18237.939000000002,18238.5
2024-09-10 17:00:00+00:00,18239.0,18243.0555,18232.9445,18241.016499999998
2024-09-10 17:05:00+00:00,18240.4945,18248.9945,18238.9445,18247.45
2024-09-10 17:10:00+00:00,18248.0,18266.0555,18246.978,18265.572
2024-09-10 17:15:00+00:00,18267.5,18269.95,18261.45,18262.05
2024-09-10 17:20:00+00:00,18262.478,18269.060999999998,18252.066499999997,18267.9835
2024-09-10 17:25:00+00:00,18266.989,18267.572,18255.95,18257.989
2024-09-10 17:30:00+00:00,18257.0555,18268.489,18257.0555,18267.4945
2024-09-10 17:35:00+00:00,18267.9945,18273.05,18265.4945,18272.0
2024-09-10 17:40:00+00:00,18271.0,18281.489,18271.0,18278.978
2024-09-10 17:45:00+00:00,18279.55,18282.9945,18273.016499999998,18277.0055
2024-09-10 17:50:00+00:00,18276.511,18284.572,18275.0055,18278.9835
2024-09-10 17:55:00+00:00,18279.428,18284.511,18277.9945,18284.5
2024-09-10 18:00:00+00:00,18284.989,18299.5165,18284.989,18294.933500000003
2024-09-10 18:05:00+00:00,18294.439000000002,18303.060999999998,18291.478,18301.5
2024-09-10 18:10:00+00:00,18301.05,18305.4945,18298.489,18301.4835
2024-09-10 18:15:00+00:00,18302.0165,18311.022,18302.0165,18308.933500000003
2024-09-10 18:20:00+00:00,18308.566499999997,18309.066499999997,18297.489,18305.478
2024-09-10 18:25:00+00:00,18305.989,18314.511,18300.95,18314.511
2024-09-10 18:30:00+00:00,18314.072,18320.511,18311.9945,18318.016499999998
2024-09-10 18:35:00+00:00,18318.560999999998,18322.5165,18314.428,18320.5055
2024-09-10 18:40:00+00:00,18320.9945,18325.933500000003,18319.489,18325.433500000003
2024-09-10 18:45:00+00:00,18325.0165,18328.072,18323.4945,18324.4945
2024-09-10 18:50:00+00:00,18325.5055,18328.489,18318.0055,18326.478
2024-09-10 18:55:00+00:00,18326.0555,18327.0055,18320.9945,18324.0
2024-09-10 19:00:00+00:00,18323.5,18328.566499999997,18320.978,18326.5
2024-09-10 19:05:00+00:00,18327.4945,18330.0,18321.433500000003,18324.05
2024-09-10 19:10:00+00:00,18324.4945,18333.522,18323.45,18333.066499999997
2024-09-10 19:15:00+00:00,18332.522,18333.433500000003,18329.4835,18332.5
2024-09-10 19:20:00+00:00,18333.05,18337.511,18331.55,18334.9945
2024-09-10 19:25:00+00:00,18334.45,18338.516499999998,18332.45,18336.55
2024-09-10 19:30:00+00:00,18335.9445,18335.9445,18326.066499999997,18328.5055
2024-09-10 19:35:00+00:00,18328.016499999998,18328.016499999998,18314.5055,18316.511
2024-09-10 19:40:00+00:00,18317.0055,18322.511,18314.489,18320.9835
2024-09-10 19:45:00+00:00,18320.4835,18329.572,18318.978,18324.066499999997
2024-09-10 19:50:00+00:00,18323.55,18330.489,18320.0165,18329.489
2024-09-10 19:55:00+00:00,18331.4835,18334.9945,18325.9445,18331.0555
2024-09-10 20:00:00+00:00,18331.0,18337.6835,18320.928,18328.55
2024-09-10 20:05:00+00:00,18327.689000000002,18330.266499999998,18325.15,18327.7
2024-09-10 20:10:00+00:00,18328.5055,18330.9945,18327.689000000002,18330.189000000002
2024-09-10 22:05:00+00:00,18317.1945,18319.7,18317.1945,18318.911
2024-09-10 22:10:00+00:00,18319.372,18322.716500000002,18315.2,18320.15
2024-09-10 22:15:00+00:00,18321.0165,18323.4945,18318.489,18318.489
2024-09-10 22:20:00+00:00,18317.7,18322.144500000002,18317.7,18318.572
2024-09-10 22:25:00+00:00,18318.9,18320.772,18316.9945,18320.772
2024-09-10 22:30:00+00:00,18320.2055,18322.3,18318.989,18320.7055
2024-09-10 22:35:00+00:00,18320.144500000002,18322.3,18319.8,18322.25
2024-09-10 22:40:00+00:00,18321.4945,18327.289,18321.4945,18324.85
2024-09-10 22:45:00+00:00,18324.011,18327.3055,18323.9445,18327.3055
2024-09-10 22:50:00+00:00,18326.511,18329.060999999998,18326.511,18327.2945
2024-09-10 22:55:00+00:00,18328.1945,18328.2555,18326.489,18327.3055
2024-09-10 23:00:00+00:00,18326.4945,18332.360999999997,18325.7055,18329.5
2024-09-10 23:05:00+00:00,18329.105499999998,18329.5055,18324.7445,18325.689000000002
2024-09-10 23:10:00+00:00,18324.866499999996,18327.1945,18323.211,18326.2445
2024-09-10 23:15:00+00:00,18325.5055,18326.372,18325.439000000002,18326.372
2024-09-10 23:20:00+00:00,18325.8445,18328.85,18325.5,18328.85
2024-09-10 23:25:00+00:00,18328.011,18329.866499999996,18327.2,18328.2055
2024-09-10 23:30:00+00:00,18328.55,18328.978,18326.45,18327.2945
2024-09-10 23:35:00+00:00,18326.4945,18329.05,18326.4945,18328.139000000003
2024-09-10 23:40:00+00:00,18328.661,18329.8055,18322.289,18324.222
2024-09-10 23:45:00+00:00,18324.6165,18325.05,18319.989,18320.0055
2024-09-10 23:50:00+00:00,18318.7,18319.939000000002,18314.15,18315.2
2024-09-10 23:55:00+00:00,18314.25,18319.678,18310.278,18319.678
2024-09-11 00:00:00+00:00,18320.489,18323.822,18308.7945,18309.722
2024-09-11 00:05:00+00:00,18309.189000000002,18309.772,18301.278,18304.6555
2024-09-11 00:10:00+00:00,18303.789,18308.05,18303.789,18305.5
2024-09-11 00:15:00+00:00,18289.5165,18298.066499999997,18281.066499999997,18283.5
2024-09-11 00:20:00+00:00,18287.5055,18293.0055,18287.4945,18290.928
2024-09-11 00:25:00+00:00,18291.511,18295.5,18284.989,18295.5
2024-09-11 00:30:00+00:00,18296.011,18305.0055,18295.45,18296.489
2024-09-11 00:35:00+00:00,18296.011,18304.516499999998,18296.011,18302.5165
2024-09-11 00:40:00+00:00,18302.9945,18307.5055,18300.4835,18307.5055
2024-09-11 00:45:00+00:00,18312.05,18313.066499999997,18300.428,18300.428
2024-09-11 00:50:00+00:00,18299.9445,18308.0,18296.066499999997,18298.9945
2024-09-11 00:55:00+00:00,18299.5,18300.566499999997,18292.5055,18293.4445
2024-09-11 01:00:00+00:00,18294.0,18294.5055,18284.978,18294.5055
2024-09-11 01:05:00+00:00,18294.933500000003,18302.928,18293.5,18294.066499999997
2024-09-11 01:10:00+00:00,18294.5,18294.989,18284.439000000002,18290.983500000002
2024-09-11 01:15:00+00:00,18290.5555,18296.45,18288.989,18296.0165
2024-09-11 01:20:00+00:00,18296.516499999998,18304.066499999997,18295.011,18302.9945
2024-09-11 01:25:00+00:00,18302.0,18305.0,18299.560999999998,18303.9945
2024-09-11 01:30:00+00:00,18304.522,18307.433500000003,18259.4445,18272.5055
2024-09-11 01:35:00+00:00,18271.9835,18276.5165,18260.489,18272.0055
2024-09-11 01:40:00+00:00,18272.4835,18305.066499999997,18272.066499999997,18304.928
2024-09-11 01:45:00+00:00,18306.5055,18306.989,18291.939000000002,18291.939000000002
2024-09-11 01:50:00+00:00,18292.5,18294.989,18285.511,18290.939000000002
2024-09-11 01:55:00+00:00,18290.4835,18291.072,18279.478,18279.989
2024-09-11 02:00:00+00:00,18279.522,18283.05,18278.0055,18283.05
2024-09-11 02:05:00+00:00,18282.439000000002,18284.072,18281.0,18283.5
2024-09-11 02:10:00+00:00,18284.011,18287.5055,18281.489,18285.978
2024-09-11 02:15:00+00:00,18285.05,18292.0055,18281.433500000003,18292.0055
2024-09-11 02:20:00+00:00,18292.5,18297.0055,18285.5,18293.0
2024-09-11 02:25:00+00:00,18292.45,18292.5165,18284.5055,18288.011
2024-09-11 02:30:00+00:00,18288.983500000002,18291.022,18281.489,18286.0
2024-09-11 02:35:00+00:00,18285.560999999998,18299.0,18285.489,18297.0055
2024-09-11 02:40:00+00:00,18298.022,18306.5055,18297.433500000003,18305.478
2024-09-11 02:45:00+00:00,18304.9945,18305.060999999998,18299.5,18300.4445
2024-09-11 02:50:00+00:00,18301.511,18301.511,18295.933500000003,18298.0165
2024-09-11 02:55:00+00:00,18298.566499999997,18302.022,18295.95,18298.022
2024-09-11 03:00:00+00:00,18297.428,18302.516499999998,18290.5055,18292.433500000003
2024-09-11 03:05:00+00:00,18292.0165,18292.560999999998,18286.066499999997,18292.5
2024-09-11 03:10:00+00:00,18291.0555,18292.566499999997,18285.45,18287.4945
2024-09-11 03:15:00+00:00,18288.0555,18288.0555,18274.5,18284.489
2024-09-11 03:20:00+00:00,18284.066499999997,18284.066499999997,18276.5,18279.9945
2024-09-11 03:25:00+00:00,18279.060999999998,18285.983500000002,18278.066499999997,18284.55
2024-09-11 03:30:00+00:00,18285.0,18285.0,18270.939000000002,18272.511
2024-09-11 03:35:00+00:00,18273.511,18278.572,18272.4445,18275.55
2024-09-11 03:40:00+00:00,18275.072,18280.566499999997,18273.928,18280.0055
2024-09-11 03:45:00+00:00,18280.5,18285.5555,18279.939000000002,18283.9945
2024-09-11 03:50:00+00:00,18284.55,18285.489,18283.011,18284.5055
2024-09-11 03:55:00+00:00,18288.9945,18292.95,18279.9945,18282.0055
2024-09-11 04:00:00+00:00,18281.05,18283.5055,18276.0,18276.011
2024-09-11 04:05:00+00:00,18275.5,18277.483500000002,18271.5,18273.9445
2024-09-11 04:10:00+00:00,18273.5055,18276.4945,18270.45,18275.9835
2024-09-11 04:15:00+00:00,18276.5055,18280.511,18269.9945,18272.95
2024-09-11 04:20:00+00:00,18272.572,18274.560999999998,18269.4945,18273.939000000002
2024-09-11 04:25:00+00:00,18274.511,18282.5055,18274.511,18282.5055
2024-09-11 04:30:00+00:00,18282.0055,18282.4945,18272.0,18272.933500000003
2024-09-11 04:35:00+00:00,18273.483500000002,18273.5,18271.016499999998,18272.566499999997
2024-09-11 04:40:00+00:00,18273.011,18273.560999999998,18265.5165,18272.0555
2024-09-11 04:45:00+00:00,18271.489,18272.072,18264.483500000002,18266.011
2024-09-11 04:50:00+00:00,18266.4445,18272.989,18264.511,18272.9835
2024-09-11 04:55:00+00:00,18272.0,18274.022,18266.9445,18270.5
2024-09-11 05:00:00+00:00,18270.060999999998,18277.489,18268.978,18272.4945
2024-09-11 05:05:00+00:00,18274.55,18278.483500000002,18268.989,18270.516499999998
2024-09-11 05:10:00+00:00,18270.989,18273.066499999997,18269.5055,18269.978
2024-09-11 05:15:00+00:00,18271.439000000002,18278.511,18265.9945,18267.9945
2024-09-11 05:20:00+00:00,18268.489,18274.5055,18265.560999999998,18268.439000000002
2024-09-11 05:25:00+00:00,18269.011,18274.5055,18260.0,18262.4945
2024-09-11 05:30:00+00:00,18261.566499999997,18284.9945,18261.566499999997,18281.5055
2024-09-11 05:35:00+00:00,18282.011,18284.9445,18267.5,18268.0
2024-09-11 05:40:00+00:00,18267.5055,18283.0,18264.4945,18277.5055
2024-09-11 05:45:00+00:00,18277.0,18287.5165,18273.4945,18286.933500000003
2024-09-11 05:50:00+00:00,18287.5165,18294.0055,18284.0,18292.011
2024-09-11 05:55:00+00:00,18293.0,18296.9835,18288.489,18288.489
2024-09-11 06:00:00+00:00,18291.5055,18306.060999999998,18284.989,18296.5
2024-09-11 06:05:00+00:00,18296.95,18303.5,18290.0,18303.011
2024-09-11 06:10:00+00:00,18303.4945,18318.4945,18301.5,18314.439000000002
2024-09-11 06:15:00+00:00,18317.433500000003,18323.572,18314.560999999998,18321.5
2024-09-11 06:20:00+00:00,18321.0055,18332.5,18320.939000000002,18332.433500000003
2024-09-11 06:25:00+00:00,18333.0,18344.522,18328.060999999998,18344.5
2024-09-11 06:30:00+00:00,18344.016499999998,18363.5165,18341.9945,18353.4945
2024-09-11 06:35:00+00:00,18353.9445,18357.9945,18339.5,18339.511
2024-09-11 06:40:00+00:00,18340.5555,18349.5,18335.439000000002,18345.478
2024-09-11 06:45:00+00:00,18346.5055,18346.5055,18334.95,18342.5055
2024-09-11 06:50:00+00:00,18343.428,18346.0,18335.489,18336.489
2024-09-11 06:55:00+00:00,18336.0,18336.511,18320.5055,18320.566499999997
2024-09-11 07:00:00+00:00,18329.5,18349.5555,18319.560999999998,18341.5
2024-09-11 07:05:00+00:00,18342.511,18349.516499999998,18323.9945,18323.9945
2024-09-11 07:10:00+00:00,18324.9945,18350.511,18321.489,18343.4835
2024-09-11 07:15:00+00:00,18343.016499999998,18369.9945,18338.0,18342.4945
2024-09-11 07:20:00+00:00,18342.072,18359.9945,18337.0055,18349.439000000002
2024-09-11 07:25:00+00:00,18349.9835,18351.9945,18336.989,18350.45
2024-09-11 07:30:00+00:00,18351.428,18366.989,18348.511,18356.5165
2024-09-11 07:35:00+00:00,18357.5055,18361.511,18345.511,18347.0
2024-09-11 07:40:00+00:00,18346.511,18354.566499999997,18329.939000000002,18330.522
2024-09-11 07:45:00+00:00,18332.072,18338.989,18316.55,18328.011
2024-09-11 07:50:00+00:00,18326.978,18353.511,18322.011,18349.011
2024-09-11 07:55:00+00:00,18348.072,18350.0165,18338.489,18343.5055
2024-09-11 08:00:00+00:00,18342.489,18348.939000000002,18331.522,18337.4945
2024-09-11 08:05:00+00:00,18338.060999999998,18350.5,18337.4945,18347.4945
2024-09-11 08:10:00+00:00,18349.016499999998,18358.0,18337.9945,18339.0055
2024-09-11 08:15:00+00:00,18339.5165,18351.9445,18331.933500000003,18342.511
2024-09-11 08:20:00+00:00,18343.5055,18351.5055,18333.489,18338.5055
2024-09-11 08:25:00+00:00,18337.5055,18349.5555,18337.5055,18346.5055
2024-09-11 08:30:00+00:00,18347.05,18347.439000000002,18319.0,18319.428
2024-09-11 08:35:00+00:00,18319.0,18319.4835,18303.0,18307.5165
2024-09-11 08:40:00+00:00,18308.511,18309.0165,18279.9945,18281.45
2024-09-11 08:45:00+00:00,18280.511,18299.5555,18271.511,18299.5555
2024-09-11 08:50:00+00:00,18300.0,18315.011,18296.511,18298.928
2024-09-11 08:55:00+00:00,18298.5555,18302.516499999998,18291.066499999997,18291.5055
2024-09-11 09:00:00+00:00,18293.55,18295.5,18281.011,18281.4945
2024-09-11 09:05:00+00:00,18280.55,18292.560999999998,18277.4945,18292.5
2024-09-11 09:10:00+00:00,18293.9945,18303.55,18293.428,18296.5
2024-09-11 09:15:00+00:00,18295.5165,18298.9445,18280.433500000003,18281.560999999998
2024-09-11 09:20:00+00:00,18281.011,18283.516499999998,18265.4945,18266.9945
2024-09-11 09:25:00+00:00,18266.4945,18279.933500000003,18263.489,18270.511
2024-09-11 09:30:00+00:00,18269.45,18296.478,18268.978,18290.5
2024-09-11 09:35:00+00:00,18291.011,18300.983500000002,18284.5,18284.5
2024-09-11 09:40:00+00:00,18284.9835,18287.516499999998,18273.511,18275.4945
2024-09-11 09:45:00+00:00,18274.0,18288.560999999998,18267.522,18281.55
2024-09-11 09:50:00+00:00,18282.5555,18298.0,18281.4835,18296.5055
2024-09-11 09:55:00+00:00,18297.011,18306.0,18294.05,18294.55
2024-09-11 10:00:00+00:00,18291.933500000003,18306.4445,18291.572,18294.478
2024-09-11 10:05:00+00:00,18295.4945,18308.9945,18295.4945,18302.5055
2024-09-11 10:10:00+00:00,18303.5,18313.572,18297.5,18313.0055
2024-09-11 10:15:00+00:00,18312.428,18322.511,18307.511,18318.5
2024-09-11 10:20:00+00:00,18319.011,18328.5165,18319.011,18323.560999999998
2024-09-11 10:25:00+00:00,18322.928,18323.483500000002,18311.5165,18317.5
2024-09-11 10:30:00+00:00,18318.0,18327.5055,18312.478,18323.483500000002
2024-09-11 10:35:00+00:00,18324.433500000003,18332.5055,18322.478,18330.983500000002
2024-09-11 10:40:00+00:00,18331.439000000002,18336.5,18329.489,18332.5055
2024-09-11 10:45:00+00:00,18332.9945,18337.9945,18329.428,18337.572
2024-09-11 10:50:00+00:00,18337.016499999998,18344.5555,18336.933500000003,18342.428
2024-09-11 10:55:00+00:00,18344.433500000003,18349.0555,18334.5,18338.489
2024-09-11 11:00:00+00:00,18339.5,18340.560999999998,18321.5,18330.522
2024-09-11 11:05:00+00:00,18330.011,18330.5,18319.428,18323.4945
2024-09-11 11:10:00+00:00,18322.5,18334.5,18322.5,18333.511
2024-09-11 11:15:00+00:00,18334.45,18350.5055,18334.45,18350.4945
2024-09-11 11:20:00+00:00,18350.0165,18355.489,18346.4945,18348.489
2024-09-11 11:25:00+00:00,18348.0055,18348.0055,18333.5,18340.516499999998
2024-09-11 11:30:00+00:00,18340.933500000003,18354.572,18339.9835,18354.572
2024-09-11 11:35:00+00:00,18353.4945,18364.0,18346.0165,18363.4945
2024-09-11 11:40:00+00:00,18363.9945,18368.9945,18349.9835,18350.5
2024-09-11 11:45:00+00:00,18350.9835,18357.072,18345.989,18354.478
2024-09-11 11:50:00+00:00,18355.011,18358.5055,18345.0,18345.489
2024-09-11 11:55:00+00:00,18346.4945,18349.989,18338.9835,18345.011
2024-09-11 12:00:00+00:00,18345.511,18360.011,18340.511,18350.516499999998
2024-09-11 12:05:00+00:00,18350.95,18354.566499999997,18345.0055,18345.572
2024-09-11 12:10:00+00:00,18343.05,18353.516499999998,18339.5,18346.566499999997
2024-09-11 12:15:00+00:00,18346.9945,18357.5,18342.9945,18354.439000000002
2024-09-11 12:20:00+00:00,18354.0055,18354.0055,18336.566499999997,18341.4445
2024-09-11 12:25:00+00:00,18340.989,18354.5,18337.989,18338.4445
2024-09-11 12:30:00+00:00,18338.016499999998,18344.5,18291.072,18319.983500000002
2024-09-11 12:35:00+00:00,18319.5,18366.560999999998,18313.0,18356.072
2024-09-11 12:40:00+00:00,18354.511,18357.5,18327.4945,18342.478
2024-09-11 12:45:00+00:00,18341.428,18372.5055,18341.428,18370.439000000002
2024-09-11 12:50:00+00:00,18371.4945,18384.511,18362.5,18379.5
2024-09-11 12:55:00+00:00,18381.066499999997,18406.55,18376.428,18393.4945
2024-09-11 13:00:00+00:00,18393.066499999997,18424.489,18393.066499999997,18412.489
2024-09-11 13:05:00+00:00,18413.5555,18425.0055,18401.5165,18406.5
2024-09-11 13:10:00+00:00,18407.511,18424.55,18406.4945,18422.489
2024-09-11 13:15:00+00:00,18423.5055,18435.483500000002,18422.5,18428.9445
2024-09-11 13:20:00+00:00,18428.433500000003,18431.511,18407.511,18409.5
2024-09-11 13:25:00+00:00,18409.0,18409.0,18394.0,18398.5
2024-09-11 13:30:00+00:00,18397.428,18406.439000000002,18378.45,18378.489
2024-09-11 13:35:00+00:00,18379.55,18388.439000000002,18367.072,18368.433500000003
2024-09-11 13:40:00+00:00,18369.928,18376.55,18348.5055,18376.066499999997
2024-09-11 13:45:00+00:00,18377.0165,18379.489,18346.939000000002,18362.5
2024-09-11 13:50:00+00:00,18362.0055,18362.0055,18332.4945,18343.5
2024-09-11 13:55:00+00:00,18344.5555,18348.5555,18319.939000000002,18323.5055
2024-09-11 14:00:00+00:00,18322.5165,18324.5165,18285.9945,18291.0
2024-09-11 14:05:00+00:00,18290.0,18299.4945,18279.0055,18289.0
2024-09-11 14:10:00+00:00,18290.9945,18293.072,18248.5,18248.989
2024-09-11 14:15:00+00:00,18248.0,18252.011,18230.05,18234.489
2024-09-11 14:20:00+00:00,18235.933500000003,18265.011,18216.0055,18245.989
2024-09-11 14:25:00+00:00,18245.011,18265.511,18237.0,18237.939000000002
2024-09-11 14:30:00+00:00,18237.4945,18248.5,18219.983500000002,18245.0555
2024-09-11 14:35:00+00:00,18243.989,18264.022,18242.5,18247.0
2024-09-11 14:40:00+00:00,18245.928,18246.060999999998,18221.4945,18228.0
2024-09-11 14:45:00+00:00,18227.0165,18235.0055,18206.9945,18212.933500000003
2024-09-11 14:50:00+00:00,18211.989,18252.989,18211.0,18251.928
2024-09-11 14:55:00+00:00,18251.511,18272.9945,18242.978,18272.0
2024-09-11 15:00:00+00:00,18271.0555,18279.522,18261.95,18277.933500000003
2024-09-11 15:05:00+00:00,18277.5,18311.483500000002,18277.5,18300.9945
2024-09-11 15:10:00+00:00,18300.022,18357.060999999998,18293.016499999998,18352.989
2024-09-11 15:15:00+00:00,18352.011,18356.0555,18336.428,18339.9945
2024-09-11 15:20:00+00:00,18339.522,18343.0,18314.95,18324.0555
2024-09-11 15:25:00+00:00,18323.011,18333.011,18319.9945,18327.572
2024-09-11 15:30:00+00:00,18327.978,18343.5,18326.0,18333.0
2024-09-11 15:35:00+00:00,18333.5055,18356.560999999998,18332.0055,18355.0
2024-09-11 15:40:00+00:00,18354.5,18373.066499999997,18352.0055,18372.05
2024-09-11 15:45:00+00:00,18370.989,18378.511,18367.928,18370.511
2024-09-11 15:50:00+00:00,18370.978,18374.072,18357.9945,18358.0
2024-09-11 15:55:00+00:00,18357.4835,18365.0,18335.978,18363.016499999998
2024-09-11 16:00:00+00:00,18362.4445,18385.072,18360.0055,18384.4945
2024-09-11 16:05:00+00:00,18384.0055,18395.0,18377.066499999997,18380.489
2024-09-11 16:10:00+00:00,18381.011,18389.4945,18375.489,18388.95
2024-09-11 16:15:00+00:00,18390.0055,18391.022,18378.9445,18389.0
2024-09-11 16:20:00+00:00,18389.566499999997,18397.022,18380.4945,18392.0555
2024-09-11 16:25:00+00:00,18392.483500000002,18398.933500000003,18389.9945,18398.011
2024-09-11 16:30:00+00:00,18398.5055,18407.989,18397.0055,18400.5055
2024-09-11 16:35:00+00:00,18400.939000000002,18409.9835,18395.989,18409.5
2024-09-11 16:40:00+00:00,18410.011,18414.566499999997,18396.9835,18399.939000000002
2024-09-11 16:45:00+00:00,18401.989,18406.55,18384.55,18388.989
2024-09-11 16:50:00+00:00,18389.989,18409.0055,18388.428,18407.0555
2024-09-11 16:55:00+00:00,18407.5,18408.0055,18392.428,18394.5055
2024-09-11 17:00:00+00:00,18394.9945,18416.5,18394.9945,18411.0055
2024-09-11 17:05:00+00:00,18410.011,18425.066499999997,18407.939000000002,18414.0
2024-09-11 17:10:00+00:00,18415.0,18427.9945,18415.0,18424.0
2024-09-11 17:15:00+00:00,18422.478,18428.0,18416.489,18419.560999999998
2024-09-11 17:20:00+00:00,18420.05,18421.0,18408.939000000002,18410.4945
2024-09-11 17:25:00+00:00,18410.011,18423.022,18409.989,18418.989
2024-09-11 17:30:00+00:00,18419.9945,18426.0,18415.933500000003,18420.4945
2024-09-11 17:35:00+00:00,18421.066499999997,18426.5165,18416.9945,18426.0055
2024-09-11 17:40:00+00:00,18426.5165,18433.0,18422.983500000002,18431.0055
2024-09-11 17:45:00+00:00,18430.5555,18450.060999999998,18428.011,18449.9945
2024-09-11 17:50:00+00:00,18449.5555,18459.0,18439.45,18442.0055
2024-09-11 17:55:00+00:00,18441.522,18442.066499999997,18426.516499999998,18434.433500000003
2024-09-11 18:00:00+00:00,18434.0,18443.011,18429.072,18440.560999999998
2024-09-11 18:05:00+00:00,18439.989,18450.05,18436.489,18447.511
2024-09-11 18:10:00+00:00,18447.0,18451.989,18438.0055,18440.05
2024-09-11 18:15:00+00:00,18439.511,18444.511,18432.011,18436.9445
2024-09-11 18:20:00+00:00,18436.5,18447.011,18436.5,18444.5
2024-09-11 18:25:00+00:00,18443.516499999998,18452.522,18439.5,18449.4945
2024-09-11 18:30:00+00:00,18449.9445,18462.0055,18448.95,18461.4445
2024-09-11 18:35:00+00:00,18461.072,18465.989,18450.928,18465.989
2024-09-11 18:40:00+00:00,18465.516499999998,18474.572,18461.439000000002,18463.433500000003
2024-09-11 18:45:00+00:00,18463.9835,18465.5165,18449.05,18454.5055
2024-09-11 18:50:00+00:00,18454.0555,18455.5,18438.4445,18438.4445
2024-09-11 18:55:00+00:00,18438.928,18451.0,18437.4945,18450.439000000002
2024-09-11 19:00:00+00:00,18449.5,18455.011,18445.5,18453.072
2024-09-11 19:05:00+00:00,18454.0055,18462.022,18448.5055,18458.5165
2024-09-11 19:10:00+00:00,18459.022,18460.072,18451.4945,18452.9945
2024-09-11 19:15:00+00:00,18453.9835,18464.011,18452.95,18455.989
2024-09-11 19:20:00+00:00,18455.5555,18464.5165,18454.560999999998,18463.939000000002
2024-09-11 19:25:00+00:00,18463.55,18467.5,18460.511,18466.428
2024-09-11 19:30:00+00:00,18465.4945,18467.0,18455.439000000002,18462.4445
2024-09-11 19:35:00+00:00,18461.928,18463.5,18455.433500000003,18456.522
2024-09-11 19:40:00+00:00,18456.9945,18460.978,18444.511,18456.4945
2024-09-11 19:45:00+00:00,18455.45,18469.0055,18453.4945,18467.9835
2024-09-11 19:50:00+00:00,18465.4945,18471.572,18456.0055,18471.066499999997
2024-09-11 19:55:00+00:00,18470.5,18485.566499999997,18470.5,18478.0
2024-09-11 20:00:00+00:00,18478.066499999997,18486.2945,18468.0,18471.3
2024-09-11 20:05:00+00:00,18472.272,18483.810999999998,18469.644500000002,18483.7945
2024-09-11 20:10:00+00:00,18484.7,18496.6945,18475.8,18476.7
2024-09-11 22:05:00+00:00,18474.783499999998,18484.5,18474.783499999998,18480.310999999998
2024-09-11 22:10:00+00:00,18481.272,18482.810999999998,18480.2945,18481.211
2024-09-11 22:15:00+00:00,18479.560999999998,18484.4945,18479.489,18484.4945
2024-09-11 22:20:00+00:00,18483.689000000002,18487.016499999998,18481.928,18481.928
2024-09-11 22:25:00+00:00,18482.389000000003,18484.522,18481.128,18482.8055
2024-09-11 22:30:00+00:00,18483.6945,18487.855499999998,18482.8055,18486.25
2024-09-11 22:35:00+00:00,18485.3055,18486.9835,18484.1,18486.189000000002
2024-09-11 22:40:00+00:00,18485.310999999998,18487.05,18484.428,18485.372
2024-09-11 22:45:00+00:00,18484.894500000002,18487.7835,18484.1165,18486.989
2024-09-11 22:50:00+00:00,18486.1945,18486.272,18485.233500000002,18486.15
2024-09-11 22:55:00+00:00,18487.0055,18489.8055,18485.239,18487.25
2024-09-11 23:00:00+00:00,18488.2,18489.860999999997,18488.128,18488.1945
2024-09-11 23:05:00+00:00,18488.989,18488.989,18484.011,18484.011
2024-09-11 23:10:00+00:00,18484.8055,18486.511,18484.8055,18485.6945
2024-09-11 23:15:00+00:00,18486.5055,18489.016499999998,18486.483500000002,18486.5
2024-09-11 23:20:00+00:00,18486.911,18488.6,18486.5,18487.360999999997
2024-09-11 23:25:00+00:00,18488.178,18489.8,18485.628,18485.689000000002
2024-09-11 23:30:00+00:00,18484.778,18486.4945,18483.983500000002,18485.644500000002
2024-09-11 23:35:00+00:00,18486.478,18486.478,18482.2945,18482.3
2024-09-11 23:40:00+00:00,18481.511,18484.816499999997,18481.511,18483.989
2024-09-11 23:45:00+00:00,18483.2055,18484.0555,18481.45,18484.0555
2024-09-11 23:50:00+00:00,18483.222,18484.860999999997,18482.283499999998,18483.189000000002
2024-09-11 23:55:00+00:00,18482.25,18486.5,18481.5555,18484.75
2024-09-12 00:00:00+00:00,18485.572,18490.522,18480.45,18488.072
2024-09-12 00:05:00+00:00,18488.7945,18490.566499999997,18485.5,18487.211
2024-09-12 00:10:00+00:00,18488.0,18498.2835,18487.189000000002,18496.7055
2024-09-12 00:15:00+00:00,18499.5055,18501.522,18490.5,18497.983500000002
2024-09-12 00:20:00+00:00,18498.0,18501.0,18490.939000000002,18499.060999999998
2024-09-12 00:25:00+00:00,18500.011,18503.0,18498.428,18501.511
2024-09-12 00:30:00+00:00,18502.0,18508.016499999998,18500.989,18507.0
2024-09-12 00:35:00+00:00,18507.5,18510.572,18505.5,18510.5055
2024-09-12 00:40:00+00:00,18510.011,18511.066499999997,18506.989,18509.489
2024-09-12 00:45:00+00:00,18509.9945,18515.560999999998,18504.478,18511.05
2024-09-12 00:50:00+00:00,18510.5055,18515.572,18505.0,18505.4945
2024-09-12 00:55:00+00:00,18505.0,18506.066499999997,18499.928,18501.0055
2024-09-12 01:00:00+00:00,18501.5555,18501.5555,18481.9835,18485.9445
2024-09-12 01:05:00+00:00,18486.511,18496.0055,18484.4445,18496.0055
2024-09-12 01:10:00+00:00,18495.511,18495.511,18478.5055,18482.5
2024-09-12 01:15:00+00:00,18483.066499999997,18497.0555,18481.9835,18495.989
2024-09-12 01:20:00+00:00,18496.4835,18501.072,18495.5165,18496.0
2024-09-12 01:25:00+00:00,18494.939000000002,18497.4945,18491.4945,18495.572
2024-09-12 01:30:00+00:00,18496.0055,18507.4445,18495.489,18507.4445
2024-09-12 01:35:00+00:00,18508.428,18513.066499999997,18506.4945,18511.978
2024-09-12 01:40:00+00:00,18512.45,18512.560999999998,18507.4445,18511.439000000002
2024-09-12 01:45:00+00:00,18510.95,18512.483500000002,18506.483500000002,18509.9445
2024-09-12 01:50:00+00:00,18509.489,18510.0555,18502.933500000003,18507.0
2024-09-12 01:55:00+00:00,18503.9445,18507.0,18499.9445,18502.4945
2024-09-12 02:00:00+00:00,18502.0055,18506.511,18498.978,18499.560999999998
2024-09-12 02:05:00+00:00,18500.011,18500.522,18490.0055,18493.0555
2024-09-12 02:10:00+00:00,18492.0055,18493.0055,18477.989,18477.989
2024-09-12 02:15:00+00:00,18478.5,18480.072,18473.0055,18474.9945
2024-09-12 02:20:00+00:00,18475.522,18491.0165,18475.522,18488.011
2024-09-12 02:25:00+00:00,18489.0055,18496.4835,18487.428,18495.572
2024-09-12 02:30:00+00:00,18495.0055,18500.011,18492.0055,18494.0055
2024-09-12 02:35:00+00:00,18493.516499999998,18494.011,18487.939000000002,18488.072
2024-09-12 02:40:00+00:00,18488.5,18490.511,18482.978,18485.483500000002
2024-09-12 02:45:00+00:00,18485.022,18489.066499999997,18483.4445,18485.5
2024-09-12 02:50:00+00:00,18484.928,18486.4945,18470.0,18475.0165
2024-09-12 02:55:00+00:00,18474.55,18480.0055,18474.428,18478.05
2024-09-12 03:00:00+00:00,18475.9945,18476.933500000003,18469.5055,18473.4945
2024-09-12 03:05:00+00:00,18474.011,18474.060999999998,18467.989,18469.983500000002
2024-09-12 03:10:00+00:00,18469.016499999998,18478.011,18468.9445,18476.066499999997
2024-09-12 03:15:00+00:00,18476.511,18479.0055,18474.933500000003,18478.0
2024-09-12 03:20:00+00:00,18478.55,18479.478,18475.489,18479.0
2024-09-12 03:25:00+00:00,18478.483500000002,18478.983500000002,18474.489,18475.0165
2024-09-12 03:30:00+00:00,18474.5,18477.989,18469.0,18477.989
2024-09-12 03:35:00+00:00,18478.572,18493.55,18478.011,18493.55
2024-09-12 03:40:00+00:00,18493.9945,18495.5,18491.060999999998,18495.5
2024-09-12 03:45:00+00:00,18495.0,18500.5055,18493.060999999998,18499.4945
2024-09-12 03:50:00+00:00,18498.9445,18505.0055,18494.9445,18498.9945
2024-09-12 03:55:00+00:00,18498.4945,18499.928,18492.9945,18497.0055
2024-09-12 04:00:00+00:00,18495.978,18498.5555,18491.511,18498.072
2024-09-12 04:05:00+00:00,18496.9445,18500.066499999997,18495.5,18496.433500000003
2024-09-12 04:10:00+00:00,18495.5,18503.566499999997,18495.428,18503.566499999997
2024-09-12 04:15:00+00:00,18503.9445,18505.511,18499.439000000002,18499.989
2024-09-12 04:20:00+00:00,18500.4945,18501.0055,18496.939000000002,18499.978
2024-09-12 04:25:00+00:00,18499.011,18503.060999999998,18499.011,18502.516499999998
2024-09-12 04:30:00+00:00,18503.011,18508.011,18503.011,18508.011
2024-09-12 04:35:00+00:00,18508.5,18512.516499999998,18507.989,18509.5
2024-09-12 04:40:00+00:00,18509.989,18520.016499999998,18509.989,18516.0055
2024-09-12 04:45:00+00:00,18515.433500000003,18517.5,18512.483500000002,18517.439000000002
2024-09-12 04:50:00+00:00,18517.989,18520.55,18512.0055,18517.9945
2024-09-12 04:55:00+00:00,18517.0165,18522.4945,18516.0165,18518.439000000002
2024-09-12 05:00:00+00:00,18517.989,18521.566499999997,18512.5055,18512.983500000002
2024-09-12 05:05:00+00:00,18514.060999999998,18514.060999999998,18507.5055,18512.9945
2024-09-12 05:10:00+00:00,18513.4945,18518.9945,18511.989,18517.95
2024-09-12 05:15:00+00:00,18518.5,18519.95,18512.489,18516.5055
2024-09-12 05:20:00+00:00,18516.060999999998,18525.0,18515.489,18522.9945
2024-09-12 05:25:00+00:00,18523.5,18528.560999999998,18523.5,18526.989
2024-09-12 05:30:00+00:00,18527.489,18528.939000000002,18521.0055,18521.0055
2024-09-12 05:35:00+00:00,18520.4445,18521.5,18506.4945,18510.0055
2024-09-12 05:40:00+00:00,18509.516499999998,18517.516499999998,18509.0,18517.0
2024-09-12 05:45:00+00:00,18516.5,18516.5,18510.511,18515.489
2024-09-12 05:50:00+00:00,18516.011,18531.5555,18515.5055,18519.928
2024-09-12 05:55:00+00:00,18520.5055,18526.072,18513.5055,18518.989
2024-09-12 06:00:00+00:00,18518.5055,18551.0165,18515.016499999998,18542.060999999998
2024-09-12 06:05:00+00:00,18543.0,18551.0,18533.0165,18539.55
2024-09-12 06:10:00+00:00,18538.9945,18540.0,18515.9445,18531.428
2024-09-12 06:15:00+00:00,18530.433500000003,18534.0,18508.5,18509.9835
2024-09-12 06:20:00+00:00,18510.572,18518.9835,18502.989,18514.5
2024-09-12 06:25:00+00:00,18515.0555,18519.566499999997,18511.989,18518.928
2024-09-12 06:30:00+00:00,18518.5055,18528.011,18509.989,18526.560999999998
2024-09-12 06:35:00+00:00,18525.9835,18526.428,18519.439000000002,18524.511
2024-09-12 06:40:00+00:00,18524.9945,18527.566499999997,18516.9945,18521.0555
2024-09-12 06:45:00+00:00,18519.928,18523.433500000003,18507.5,18507.5
2024-09-12 06:50:00+00:00,18508.0,18513.489,18505.4945,18505.4945
2024-09-12 06:55:00+00:00,18504.5,18506.560999999998,18491.45,18496.433500000003
2024-09-12 07:00:00+00:00,18501.572,18552.5165,18499.5,18551.5055
2024-09-12 07:05:00+00:00,18552.5,18558.989,18534.4945,18546.522
2024-09-12 07:10:00+00:00,18545.433500000003,18564.439000000002,18545.433500000003,18549.5
2024-09-12 07:15:00+00:00,18549.939000000002,18549.939000000002,18519.433500000003,18519.433500000003
2024-09-12 07:20:00+00:00,18519.978,18550.572,18519.5,18537.55
2024-09-12 07:25:00+00:00,18537.9945,18587.511,18537.5555,18585.489
2024-09-12 07:30:00+00:00,18584.511,18591.489,18554.4445,18566.5555
2024-09-12 07:35:00+00:00,18565.433500000003,18576.489,18554.489,18558.011
2024-09-12 07:40:00+00:00,18558.5,18570.5555,18552.489,18566.560999999998
2024-09-12 07:45:00+00:00,18566.989,18566.989,18542.5055,18548.489
2024-09-12 07:50:00+00:00,18549.5555,18566.0,18544.516499999998,18554.0055
2024-09-12 07:55:00+00:00,18553.483500000002,18554.5555,18536.572,18540.978
2024-09-12 08:00:00+00:00,18539.4945,18541.428,18522.5,18529.5
2024-09-12 08:05:00+00:00,18529.989,18540.0555,18523.489,18539.483500000002
2024-09-12 08:10:00+00:00,18540.9445,18549.016499999998,18528.5055,18530.5
2024-09-12 08:15:00+00:00,18532.516499999998,18541.439000000002,18527.989,18530.4945
2024-09-12 08:20:00+00:00,18529.478,18544.5,18529.478,18543.511
2024-09-12 08:25:00+00:00,18546.522,18549.511,18528.489,18529.489
2024-09-12 08:30:00+00:00,18531.428,18547.4945,18527.0,18544.511
2024-09-12 08:35:00+00:00,18543.483500000002,18549.489,18537.9945,18541.9445
2024-09-12 08:40:00+00:00,18542.433500000003,18562.5055,18535.428,18558.5055
2024-09-12 08:45:00+00:00,18559.572,18560.572,18539.45,18544.5555
2024-09-12 08:50:00+00:00,18543.9945,18550.983500000002,18538.9945,18548.45
2024-09-12 08:55:00+00:00,18547.9835,18547.9835,18529.0,18544.560999999998
2024-09-12 09:00:00+00:00,18541.011,18547.0,18534.016499999998,18540.5055
2024-09-12 09:05:00+00:00,18539.566499999997,18561.433500000003,18539.566499999997,18560.483500000002
2024-09-12 09:10:00+00:00,18561.5,18580.5055,18561.5,18579.572
2024-09-12 09:15:00+00:00,18580.5,18588.5,18576.978,18587.439000000002
2024-09-12 09:20:00+00:00,18588.0165,18598.0055,18584.4835,18588.511
2024-09-12 09:25:00+00:00,18588.0,18592.516499999998,18577.4835,18587.5
2024-09-12 09:30:00+00:00,18588.566499999997,18592.011,18584.478,18587.478
2024-09-12 09:35:00+00:00,18588.978,18591.022,18569.489,18570.5
2024-09-12 09:40:00+00:00,18569.933500000003,18575.483500000002,18557.989,18558.5055
2024-09-12 09:45:00+00:00,18558.9445,18564.9945,18540.0055,18548.5055
2024-09-12 09:50:00+00:00,18547.4945,18562.522,18545.483500000002,18562.522
2024-09-12 09:55:00+00:00,18563.4945,18564.439000000002,18554.5,18561.5555
2024-09-12 10:00:00+00:00,18561.05,18572.060999999998,18555.5,18568.0
2024-09-12 10:05:00+00:00,18569.5055,18573.560999999998,18565.978,18567.4945
2024-09-12 10:10:00+00:00,18568.011,18581.5055,18566.572,18576.5055
2024-09-12 10:15:00+00:00,18577.560999999998,18577.560999999998,18562.489,18563.4945
2024-09-12 10:20:00+00:00,18563.011,18567.016499999998,18555.489,18555.489
2024-09-12 10:25:00+00:00,18556.489,18557.4945,18547.511,18548.5055
2024-09-12 10:30:00+00:00,18547.4945,18559.5,18545.5,18554.516499999998
2024-09-12 10:35:00+00:00,18555.522,18566.5055,18552.5055,18553.5
2024-09-12 10:40:00+00:00,18554.522,18565.5165,18554.478,18563.4945
2024-09-12 10:45:00+00:00,18563.928,18565.9445,18556.433500000003,18558.45
2024-09-12 10:50:00+00:00,18557.5165,18558.4835,18546.5,18558.4835
2024-09-12 10:55:00+00:00,18557.4945,18564.022,18554.9445,18558.572
2024-09-12 11:00:00+00:00,18559.522,18560.572,18533.5055,18536.511
2024-09-12 11:05:00+00:00,18537.0165,18542.5,18533.428,18538.5
2024-09-12 11:10:00+00:00,18537.489,18543.560999999998,18533.439000000002,18534.5055
2024-09-12 11:15:00+00:00,18534.989,18540.522,18528.9945,18538.483500000002
2024-09-12 11:20:00+00:00,18538.0,18542.4945,18532.483500000002,18538.560999999998
2024-09-12 11:25:00+00:00,18537.5,18546.522,18534.428,18540.5555
2024-09-12 11:30:00+00:00,18539.989,18540.9945,18532.489,18540.5
2024-09-12 11:35:00+00:00,18540.0,18551.5,18532.439000000002,18532.439000000002
2024-09-12 11:40:00+00:00,18534.978,18543.5055,18534.978,18541.483500000002
2024-09-12 11:45:00+00:00,18542.9835,18551.928,18535.428,18547.4835
2024-09-12 11:50:00+00:00,18546.511,18554.428,18541.489,18553.489
2024-09-12 11:55:00+00:00,18554.572,18557.5,18551.522,18553.4445
2024-09-12 12:00:00+00:00,18554.011,18568.016499999998,18552.5,18567.5055
2024-09-12 12:05:00+00:00,18567.933500000003,18576.489,18563.0055,18575.9445
2024-09-12 12:10:00+00:00,18575.5,18576.566499999997,18567.433500000003,18572.95
2024-09-12 12:15:00+00:00,18573.5,18573.5,18545.0055,18551.0055
2024-09-12 12:20:00+00:00,18550.5,18554.5,18541.0,18551.0
2024-09-12 12:25:00+00:00,18551.4445,18561.05,18549.5,18561.05
2024-09-12 12:30:00+00:00,18561.55,18562.433500000003,18503.560999999998,18506.4445
2024-09-12 12:35:00+00:00,18507.4945,18510.522,18467.489,18470.5055
2024-09-12 12:40:00+00:00,18469.55,18514.5555,18461.5055,18509.989
2024-09-12 12:45:00+00:00,18510.483500000002,18526.566499999997,18486.939000000002,18491.511
2024-09-12 12:50:00+00:00,18492.072,18496.5055,18481.428,18484.4945
2024-09-12 12:55:00+00:00,18483.5055,18492.511,18472.483500000002,18475.45
2024-09-12 13:00:00+00:00,18474.989,18482.489,18465.433500000003,18466.5
2024-09-12 13:05:00+00:00,18466.95,18488.9945,18464.939000000002,18480.478
2024-09-12 13:10:00+00:00,18479.4945,18491.5,18468.022,18479.5
2024-09-12 13:15:00+00:00,18480.5165,18485.5,18459.5,18463.9945
2024-09-12 13:20:00+00:00,18464.5055,18473.4945,18454.5055,18454.5555
2024-09-12 13:25:00+00:00,18453.9445,18461.0555,18426.478,18426.9835
2024-09-12 13:30:00+00:00,18428.066499999997,18453.989,18411.983500000002,18441.5
2024-09-12 13:35:00+00:00,18440.4945,18465.5055,18433.928,18443.0165
2024-09-12 13:40:00+00:00,18442.5,18461.478,18426.989,18431.566499999997
2024-09-12 13:45:00+00:00,18433.560999999998,18447.060999999998,18399.939000000002,18400.522
2024-09-12 13:50:00+00:00,18401.9445,18425.511,18379.428,18421.928
2024-09-12 13:55:00+00:00,18421.566499999997,18432.511,18413.516499999998,18425.433500000003
2024-09-12 14:00:00+00:00,18426.45,18440.0555,18408.989,18424.4445
2024-09-12 14:05:00+00:00,18426.072,18451.4945,18425.439000000002,18451.0555
2024-09-12 14:10:00+00:00,18450.560999999998,18504.0,18446.433500000003,18498.5
2024-09-12 14:15:00+00:00,18497.5555,18514.4945,18490.511,18505.072
2024-09-12 14:20:00+00:00,18505.989,18507.4945,18483.516499999998,18484.0
2024-09-12 14:25:00+00:00,18484.55,18494.4445,18467.428,18480.522
2024-09-12 14:30:00+00:00,18479.428,18503.5055,18476.4945,18500.4945
2024-09-12 14:35:00+00:00,18499.566499999997,18499.566499999997,18465.489,18486.4945
2024-09-12 14:40:00+00:00,18487.4445,18509.4945,18485.5,18507.5
2024-09-12 14:45:00+00:00,18506.4945,18521.5,18503.4945,18518.0555
2024-09-12 14:50:00+00:00,18518.511,18524.0055,18509.011,18518.489
2024-09-12 14:55:00+00:00,18519.511,18528.522,18484.478,18484.4835
2024-09-12 15:00:00+00:00,18484.060999999998,18500.9945,18478.483500000002,18493.522
2024-09-12 15:05:00+00:00,18494.011,18516.060999999998,18490.978,18508.4835
2024-09-12 15:10:00+00:00,18507.989,18533.566499999997,18505.011,18525.9945
2024-09-12 15:15:00+00:00,18526.5,18529.5165,18507.928,18512.439000000002
2024-09-12 15:20:00+00:00,18513.0,18515.5,18498.5055,18507.4835
2024-09-12 15:25:00+00:00,18508.433500000003,18509.9945,18491.4835,18509.016499999998
2024-09-12 15:30:00+00:00,18508.489,18521.0055,18498.483500000002,18519.060999999998
2024-09-12 15:35:00+00:00,18518.489,18532.5055,18518.489,18522.5
2024-09-12 15:40:00+00:00,18522.0,18532.011,18504.0,18508.9945
2024-09-12 15:45:00+00:00,18510.4945,18514.0165,18497.4945,18499.0165
2024-09-12 15:50:00+00:00,18498.066499999997,18509.989,18494.989,18499.5055
2024-09-12 15:55:00+00:00,18500.0,18511.95,18481.489,18488.5055
2024-09-12 16:00:00+00:00,18487.511,18505.5,18483.439000000002,18503.983500000002
2024-09-12 16:05:00+00:00,18504.489,18505.9945,18489.4445,18499.5055
2024-09-12 16:10:00+00:00,18499.0055,18500.489,18489.5,18499.4945
2024-09-12 16:15:00+00:00,18498.978,18512.0055,18498.0055,18511.4445
2024-09-12 16:20:00+00:00,18512.016499999998,18520.55,18501.572,18505.4945
2024-09-12 16:25:00+00:00,18505.9445,18516.022,18505.9445,18508.0055
2024-09-12 16:30:00+00:00,18508.428,18515.511,18506.489,18515.489
2024-09-12 16:35:00+00:00,18514.933500000003,18520.072,18509.489,18509.489
2024-09-12 16:40:00+00:00,18509.022,18523.5,18505.5555,18523.5
2024-09-12 16:45:00+00:00,18522.933500000003,18536.9945,18519.928,18536.5555
2024-09-12 16:50:00+00:00,18536.9945,18556.016499999998,18533.939000000002,18555.0
2024-09-12 16:55:00+00:00,18556.0055,18557.022,18541.478,18554.0
2024-09-12 17:00:00+00:00,18554.489,18559.066499999997,18548.478,18555.55
2024-09-12 17:05:00+00:00,18556.5,18558.511,18550.9945,18554.989
2024-09-12 17:10:00+00:00,18554.5,18557.5,18548.0055,18554.511
2024-09-12 17:15:00+00:00,18556.5055,18560.928,18554.989,18557.511
2024-09-12 17:20:00+00:00,18556.928,18568.9945,18551.511,18568.5555
2024-09-12 17:25:00+00:00,18569.0055,18569.4835,18559.983500000002,18563.0
2024-09-12 17:30:00+00:00,18563.478,18570.5555,18562.511,18570.0055
2024-09-12 17:35:00+00:00,18571.05,18577.483500000002,18570.928,18577.0
2024-09-12 17:40:00+00:00,18576.4945,18577.989,18570.939000000002,18573.0
2024-09-12 17:45:00+00:00,18574.0055,18581.0555,18572.4835,18577.939000000002
2024-09-12 17:50:00+00:00,18577.566499999997,18588.022,18577.0,18586.4945
2024-09-12 17:55:00+00:00,18586.933500000003,18590.022,18574.5,18587.0165
2024-09-12 18:00:00+00:00,18587.45,18590.566499999997,18581.011,18586.560999999998
2024-09-12 18:05:00+00:00,18587.011,18588.0,18568.0,18572.066499999997
2024-09-12 18:10:00+00:00,18572.9945,18576.0,18567.9445,18572.072
2024-09-12 18:15:00+00:00,18573.5055,18574.072,18565.933500000003,18567.0055
2024-09-12 18:20:00+00:00,18567.516499999998,18577.0,18564.566499999997,18576.5055
2024-09-12 18:25:00+00:00,18576.011,18579.0,18566.978,18569.5055
2024-09-12 18:30:00+00:00,18568.5,18573.072,18562.928,18570.0555
2024-09-12 18:35:00+00:00,18570.45,18576.989,18569.95,18574.5055
2024-09-12 18:40:00+00:00,18575.011,18576.011,18568.0,18570.5
2024-09-12 18:45:00+00:00,18570.9835,18571.511,18560.939000000002,18563.5
2024-09-12 18:50:00+00:00,18563.072,18564.066499999997,18518.45,18540.5055
2024-09-12 18:55:00+00:00,18541.0,18556.516499999998,18540.489,18555.05
2024-09-12 19:00:00+00:00,18555.489,18557.0,18549.0,18550.5
2024-09-12 19:05:00+00:00,18550.939000000002,18561.0,18550.939000000002,18559.560999999998
2024-09-12 19:10:00+00:00,18559.022,18563.45,18555.011,18558.55
2024-09-12 19:15:00+00:00,18557.978,18563.0165,18554.939000000002,18561.95
2024-09-12 19:20:00+00:00,18562.522,18562.522,18553.989,18558.0
2024-09-12 19:25:00+00:00,18558.478,18560.072,18552.5,18557.4945
2024-09-12 19:30:00+00:00,18557.0555,18557.933500000003,18551.05,18554.489
2024-09-12 19:35:00+00:00,18554.0,18561.0555,18554.0,18558.428
2024-09-12 19:40:00+00:00,18558.0165,18564.5555,18555.983500000002,18562.989
2024-09-12 19:45:00+00:00,18563.489,18565.4945,18551.989,18555.05
2024-09-12 19:50:00+00:00,18553.0055,18564.516499999998,18552.522,18561.066499999997
2024-09-12 19:55:00+00:00,18562.483500000002,18575.016499999998,18560.011,18575.016499999998
2024-09-12 20:00:00+00:00,18574.9945,18575.7945,18564.189000000002,18566.689000000002
2024-09-12 20:05:00+00:00,18561.6945,18561.6945,18546.733500000002,18550.878
2024-09-12 20:10:00+00:00,18551.8,18555.122,18546.8,18552.6
2024-09-12 22:05:00+00:00,18569.1,18569.1,18564.589,18565.4055
2024-09-12 22:10:00+00:00,18565.8165,18572.0,18565.8165,18571.616499999996
2024-09-12 22:15:00+00:00,18571.939000000002,18572.9665,18570.339,18571.139000000003
2024-09-12 22:20:00+00:00,18571.6,18576.689000000002,18571.2,18572.5
2024-09-12 22:25:00+00:00,18573.4055,18578.8,18573.35,18577.8335
2024-09-12 22:30:00+00:00,18577.511,18580.011,18576.7555,18576.7555
2024-09-12 22:35:00+00:00,18576.3,18576.6945,18573.378,18576.2445
2024-09-12 22:40:00+00:00,18576.644500000002,18580.0165,18576.644500000002,18579.2
2024-09-12 22:45:00+00:00,18579.528,18585.022,18579.222,18582.483500000002
2024-09-12 22:50:00+00:00,18581.7,18584.266499999998,18581.7,18583.310999999998
2024-09-12 22:55:00+00:00,18582.489,18584.189000000002,18581.7055,18582.522
2024-09-12 23:00:00+00:00,18582.1,18588.25,18582.0835,18588.25
2024-09-12 23:05:00+00:00,18590.066499999997,18598.622,18589.0335,18596.9665
2024-09-12 23:10:00+00:00,18595.922,18595.922,18586.989,18587.05
2024-09-12 23:15:00+00:00,18587.8055,18588.6665,18584.428,18586.1555
2024-09-12 23:20:00+00:00,18585.6945,18586.028,18583.5335,18584.511
2024-09-12 23:25:00+00:00,18584.839,18587.8,18584.4445,18586.9835
2024-09-12 23:30:00+00:00,18586.511,18588.5945,18586.05,18588.5945
2024-09-12 23:35:00+00:00,18587.783499999998,18587.810999999998,18586.928,18587.810999999998
2024-09-12 23:40:00+00:00,18586.989,18592.8165,18586.5,18591.889000000003
2024-09-12 23:45:00+00:00,18591.0835,18597.711,18589.4945,18594.95
2024-09-12 23:50:00+00:00,18595.75,18596.6,18585.0,18585.8055
2024-09-12 23:55:00+00:00,18589.9165,18590.8,18584.028,18586.55
2024-09-13 00:00:00+00:00,18587.5055,18590.8055,18585.0,18585.060999999998
2024-09-13 00:05:00+00:00,18585.778,18589.822,18585.778,18586.9
2024-09-13 00:10:00+00:00,18586.511,18589.8055,18578.889000000003,18581.394500000002
2024-09-13 00:15:00+00:00,18586.489,18596.011,18569.5,18572.9945
2024-09-13 00:20:00+00:00,18573.0555,18584.489,18569.939000000002,18584.489
2024-09-13 00:25:00+00:00,18584.989,18590.0,18580.483500000002,18582.483500000002
2024-09-13 00:30:00+00:00,18581.566499999997,18594.0,18581.0,18593.5055
2024-09-13 00:35:00+00:00,18593.0,18594.9945,18589.4945,18589.4945
2024-09-13 00:40:00+00:00,18590.066499999997,18594.511,18586.9945,18592.4835
2024-09-13 00:45:00+00:00,18592.933500000003,18595.5165,18587.95,18595.5165
2024-09-13 00:50:00+00:00,18595.9835,18604.4835,18595.9835,18601.016499999998
2024-09-13 00:55:00+00:00,18600.511,18604.5,18595.5165,18603.483500000002
2024-09-13 01:00:00+00:00,18602.9945,18604.516499999998,18588.066499999997,18588.989
2024-09-13 01:05:00+00:00,18590.0,18600.5055,18584.4945,18592.933500000003
2024-09-13 01:10:00+00:00,18593.5,18593.5555,18589.0,18589.0
2024-09-13 01:15:00+00:00,18589.5055,18591.489,18582.5,18582.5
2024-09-13 01:20:00+00:00,18582.9945,18584.9945,18580.5055,18584.4945
2024-09-13 01:25:00+00:00,18584.989,18592.5,18584.989,18592.5
2024-09-13 01:30:00+00:00,18591.5,18594.0555,18587.5,18593.9445
2024-09-13 01:35:00+00:00,18593.560999999998,18594.0,18587.428,18592.989
2024-09-13 01:40:00+00:00,18593.5,18595.072,18584.5055,18587.072
2024-09-13 01:45:00+00:00,18586.4945,18586.983500000002,18584.939000000002,18585.572
2024-09-13 01:50:00+00:00,18585.9445,18592.95,18585.45,18592.95
2024-09-13 01:55:00+00:00,18592.478,18592.511,18585.433500000003,18585.928
2024-09-13 02:00:00+00:00,18585.5165,18586.978,18584.4835,18586.5555
2024-09-13 02:05:00+00:00,18585.5055,18585.5055,18584.433500000003,18585.0555
2024-09-13 02:10:00+00:00,18585.433500000003,18586.989,18581.978,18581.978
2024-09-13 02:15:00+00:00,18581.5055,18582.0,18571.428,18572.5
2024-09-13 02:20:00+00:00,18573.011,18575.489,18571.989,18573.9445
2024-09-13 02:25:00+00:00,18573.489,18575.5,18572.016499999998,18575.0055
2024-09-13 02:30:00+00:00,18573.9945,18575.489,18573.939000000002,18575.489
2024-09-13 02:35:00+00:00,18574.5,18575.011,18571.9445,18571.9445
2024-09-13 02:40:00+00:00,18571.511,18571.511,18565.4445,18570.55
2024-09-13 02:45:00+00:00,18569.9445,18571.478,18569.0,18571.0555
2024-09-13 02:50:00+00:00,18570.45,18572.5,18570.0055,18571.5055
2024-09-13 02:55:00+00:00,18571.016499999998,18571.016499999998,18568.928,18569.0055
2024-09-13 03:00:00+00:00,18568.478,18572.066499999997,18568.478,18571.5055
2024-09-13 03:05:00+00:00,18572.0555,18574.5,18571.522,18573.928
2024-09-13 03:10:00+00:00,18574.572,18583.983500000002,18574.572,18578.928
2024-09-13 03:15:00+00:00,18579.5,18582.428,18578.4945,18581.511
2024-09-13 03:20:00+00:00,18581.9945,18588.072,18581.489,18586.939000000002
2024-09-13 03:25:00+00:00,18587.5,18591.022,18584.511,18584.511
2024-09-13 03:30:00+00:00,18584.989,18585.5165,18581.9945,18584.0055
2024-09-13 03:35:00+00:00,18584.489,18586.5055,18584.489,18586.066499999997
2024-09-13 03:40:00+00:00,18586.522,18587.428,18586.0165,18587.428
2024-09-13 03:45:00+00:00,18588.0,18588.5055,18585.9445,18586.933500000003
2024-09-13 03:50:00+00:00,18587.522,18588.433500000003,18585.5055,18586.989
2024-09-13 03:55:00+00:00,18587.5,18590.022,18587.4835,18588.011
2024-09-13 04:00:00+00:00,18587.4945,18588.022,18586.433500000003,18586.5055
2024-09-13 04:05:00+00:00,18586.939000000002,18586.939000000002,18583.5,18583.5
2024-09-13 04:10:00+00:00,18585.5055,18586.516499999998,18584.5,18585.428
2024-09-13 04:15:00+00:00,18586.55,18589.560999999998,18586.55,18586.5555
2024-09-13 04:20:00+00:00,18587.011,18589.011,18585.45,18586.4945
2024-09-13 04:25:00+00:00,18585.933500000003,18586.566499999997,18583.4445,18586.566499999997
2024-09-13 04:30:00+00:00,18588.0055,18589.511,18585.0,18585.511
2024-09-13 04:35:00+00:00,18585.016499999998,18588.022,18584.5055,18586.9945
2024-09-13 04:40:00+00:00,18586.5,18589.5055,18584.5,18588.5055
2024-09-13 04:45:00+00:00,18587.989,18589.05,18586.489,18587.433500000003
2024-09-13 04:50:00+00:00,18586.5055,18589.983500000002,18586.5055,18589.0
2024-09-13 04:55:00+00:00,18588.5,18589.566499999997,18584.511,18585.05
2024-09-13 05:00:00+00:00,18583.933500000003,18586.9945,18580.983500000002,18586.0
2024-09-13 05:05:00+00:00,18587.0,18597.511,18580.0555,18597.011
2024-09-13 05:10:00+00:00,18596.4945,18598.5,18594.428,18598.5
2024-09-13 05:15:00+00:00,18598.060999999998,18598.060999999998,18589.5055,18592.428
2024-09-13 05:20:00+00:00,18591.989,18593.522,18591.439000000002,18592.0055
2024-09-13 05:25:00+00:00,18591.5,18599.483500000002,18590.9835,18596.489
2024-09-13 05:30:00+00:00,18595.5,18598.489,18591.5,18597.55
2024-09-13 05:35:00+00:00,18597.933500000003,18599.560999999998,18590.011,18592.939000000002
2024-09-13 05:40:00+00:00,18592.0055,18602.489,18591.072,18595.5165
2024-09-13 05:45:00+00:00,18594.989,18594.989,18585.439000000002,18586.0
2024-09-13 05:50:00+00:00,18587.5555,18588.572,18577.566499999997,18586.478
2024-09-13 05:55:00+00:00,18585.572,18585.572,18571.9835,18572.5
2024-09-13 06:00:00+00:00,18573.0055,18582.5055,18561.4945,18577.5165
2024-09-13 06:05:00+00:00,18577.0555,18580.072,18562.489,18563.9945
2024-09-13 06:10:00+00:00,18563.516499999998,18564.011,18558.989,18563.072
2024-09-13 06:15:00+00:00,18562.0055,18570.072,18551.933500000003,18551.989
2024-09-13 06:20:00+00:00,18553.05,18561.016499999998,18550.9945,18556.05
2024-09-13 06:25:00+00:00,18556.928,18558.060999999998,18549.9945,18553.022
2024-09-13 06:30:00+00:00,18552.433500000003,18557.011,18548.0055,18548.9945
2024-09-13 06:35:00+00:00,18548.522,18548.9945,18531.9945,18532.989
2024-09-13 06:40:00+00:00,18532.45,18546.0,18532.0055,18544.05
2024-09-13 06:45:00+00:00,18543.072,18551.016499999998,18541.5055,18550.5
2024-09-13 06:50:00+00:00,18550.05,18557.95,18543.9945,18546.0055
2024-09-13 06:55:00+00:00,18543.9945,18554.566499999997,18542.9945,18544.572
2024-09-13 07:00:00+00:00,18547.9945,18563.566499999997,18542.0,18551.928
2024-09-13 07:05:00+00:00,18552.928,18573.95,18549.9835,18570.072
2024-09-13 07:10:00+00:00,18570.95,18584.0055,18565.989,18577.939000000002
2024-09-13 07:15:00+00:00,18578.4445,18596.066499999997,18573.5,18593.022
2024-09-13 07:20:00+00:00,18593.978,18617.05,18591.9945,18614.5
2024-09-13 07:25:00+00:00,18615.011,18661.989,18607.5055,18650.0
2024-09-13 07:30:00+00:00,18649.0,18665.9945,18632.0,18637.0
2024-09-13 07:35:00+00:00,18637.572,18648.060999999998,18635.0,18643.0
2024-09-13 07:40:00+00:00,18644.011,18657.022,18639.9445,18641.9835
2024-09-13 07:45:00+00:00,18646.483500000002,18647.4945,18622.9445,18624.0055
2024-09-13 07:50:00+00:00,18624.5,18632.9945,18609.0,18610.05
2024-09-13 07:55:00+00:00,18608.4945,18616.5055,18606.95,18607.0
2024-09-13 08:00:00+00:00,18603.0055,18604.0,18583.439000000002,18585.5
2024-09-13 08:05:00+00:00,18586.0055,18607.0055,18582.5,18606.511
2024-09-13 08:10:00+00:00,18605.9835,18626.011,18597.928,18625.016499999998
2024-09-13 08:15:00+00:00,18625.4835,18625.4835,18602.933500000003,18614.0
2024-09-13 08:20:00+00:00,18614.4945,18617.522,18600.989,18600.989
2024-09-13 08:25:00+00:00,18600.483500000002,18602.5,18588.433500000003,18589.0555
2024-09-13 08:30:00+00:00,18589.5,18595.9945,18575.511,18577.989
2024-09-13 08:35:00+00:00,18577.016499999998,18592.483500000002,18573.428,18592.016499999998
2024-09-13 08:40:00+00:00,18592.433500000003,18599.0165,18587.978,18594.978
2024-09-13 08:45:00+00:00,18596.0055,18613.011,18592.5165,18611.9945
2024-09-13 08:50:00+00:00,18612.4945,18613.483500000002,18585.066499999997,18586.022
2024-09-13 08:55:00+00:00,18585.5,18589.489,18577.011,18585.0
2024-09-13 09:00:00+00:00,18585.4945,18594.0,18575.022,18587.0
2024-09-13 09:05:00+00:00,18587.483500000002,18595.0055,18578.95,18593.9945
2024-09-13 09:10:00+00:00,18592.983500000002,18606.489,18591.5,18604.95
2024-09-13 09:15:00+00:00,18603.9445,18608.928,18595.989,18603.011
2024-09-13 09:20:00+00:00,18602.05,18604.0555,18596.5055,18600.933500000003
2024-09-13 09:25:00+00:00,18602.0055,18602.0055,18584.072,18591.5
2024-09-13 09:30:00+00:00,18591.066499999997,18602.0,18589.978,18602.0
2024-09-13 09:35:00+00:00,18601.022,18616.511,18601.0,18613.072
2024-09-13 09:40:00+00:00,18613.978,18619.55,18610.0,18610.989
2024-09-13 09:45:00+00:00,18610.5055,18617.0,18603.933500000003,18605.511
2024-09-13 09:50:00+00:00,18605.989,18616.016499999998,18600.933500000003,18615.439000000002
2024-09-13 09:55:00+00:00,18616.011,18616.011,18602.0055,18604.983500000002
2024-09-13 10:00:00+00:00,18604.0,18611.011,18596.989,18598.978
2024-09-13 10:05:00+00:00,18598.011,18615.511,18595.9945,18613.5055
2024-09-13 10:10:00+00:00,18613.983500000002,18619.5555,18608.989,18618.989
2024-09-13 10:15:00+00:00,18618.5,18625.5,18613.9835,18617.0
2024-09-13 10:20:00+00:00,18616.011,18619.0,18611.5,18615.0
2024-09-13 10:25:00+00:00,18615.483500000002,18621.060999999998,18611.989,18620.060999999998
2024-09-13 10:30:00+00:00,18620.489,18620.489,18614.9445,18616.45
2024-09-13 10:35:00+00:00,18615.511,18617.45,18600.428,18603.5055
2024-09-13 10:40:00+00:00,18603.9945,18605.55,18593.483500000002,18599.5
2024-09-13 10:45:00+00:00,18599.0055,18609.478,18599.0055,18607.978
2024-09-13 10:50:00+00:00,18607.5,18618.066499999997,18606.933500000003,18615.95
2024-09-13 10:55:00+00:00,18616.433500000003,18618.95,18605.95,18616.9945
2024-09-13 11:00:00+00:00,18616.5,18620.022,18607.9945,18610.989
2024-09-13 11:05:00+00:00,18611.45,18620.072,18610.5055,18613.9445
2024-09-13 11:10:00+00:00,18613.522,18614.560999999998,18601.989,18602.4945
2024-09-13 11:15:00+00:00,18602.0,18611.5555,18602.0,18611.489
2024-09-13 11:20:00+00:00,18610.572,18618.5,18608.0055,18618.0165
2024-09-13 11:25:00+00:00,18618.95,18621.011,18612.928,18617.0055
2024-09-13 11:30:00+00:00,18615.9945,18616.5,18605.511,18606.928
2024-09-13 11:35:00+00:00,18606.0,18611.933500000003,18591.5,18595.0165
2024-09-13 11:40:00+00:00,18594.55,18615.066499999997,18593.9835,18612.022
2024-09-13 11:45:00+00:00,18612.9835,18616.4835,18599.5,18602.939000000002
2024-09-13 11:50:00+00:00,18602.439000000002,18610.9945,18600.022,18604.0055
2024-09-13 11:55:00+00:00,18602.5055,18615.011,18596.9945,18613.5
2024-09-13 12:00:00+00:00,18612.0,18624.0055,18607.439000000002,18623.060999999998
2024-09-13 12:05:00+00:00,18622.5055,18630.011,18616.989,18627.4445
2024-09-13 12:10:00+00:00,18628.060999999998,18641.522,18627.5,18639.072
2024-09-13 12:15:00+00:00,18638.4945,18646.066499999997,18633.989,18636.0165
2024-09-13 12:20:00+00:00,18635.016499999998,18643.011,18631.0555,18632.0
2024-09-13 12:25:00+00:00,18630.9945,18638.072,18622.072,18636.9945
2024-09-13 12:30:00+00:00,18637.9945,18648.072,18633.5055,18639.978
2024-09-13 12:35:00+00:00,18638.9835,18645.9945,18629.0,18630.060999999998
2024-09-13 12:40:00+00:00,18629.5055,18633.55,18615.0,18633.55
2024-09-13 12:45:00+00:00,18634.066499999997,18640.060999999998,18631.428,18636.0
2024-09-13 12:50:00+00:00,18637.011,18646.011,18634.4945,18642.0055
2024-09-13 12:55:00+00:00,18642.5,18650.0,18637.0,18637.939000000002
2024-09-13 13:00:00+00:00,18641.066499999997,18646.0055,18626.0,18640.989
2024-09-13 13:05:00+00:00,18640.011,18641.0,18628.0555,18633.05
2024-09-13 13:10:00+00:00,18633.9945,18634.0055,18622.95,18624.928
2024-09-13 13:15:00+00:00,18625.9945,18637.011,18623.5,18636.011
2024-09-13 13:20:00+00:00,18635.516499999998,18640.9945,18628.5,18635.939000000002
2024-09-13 13:25:00+00:00,18635.489,18644.0055,18623.939000000002,18627.4945
2024-09-13 13:30:00+00:00,18628.566499999997,18653.5055,18627.0,18645.978
2024-09-13 13:35:00+00:00,18647.0055,18655.0,18640.516499999998,18646.9945
2024-09-13 13:40:00+00:00,18646.489,18659.511,18636.4835,18652.072
2024-09-13 13:45:00+00:00,18652.9945,18680.022,18647.5055,18674.989
2024-09-13 13:50:00+00:00,18674.0055,18680.9835,18663.933500000003,18667.5165
2024-09-13 13:55:00+00:00,18668.511,18677.5,18665.560999999998,18673.05
2024-09-13 14:00:00+00:00,18679.483500000002,18691.489,18658.978,18681.016499999998
2024-09-13 14:05:00+00:00,18682.05,18682.05,18665.9945,18675.9945
2024-09-13 14:10:00+00:00,18676.4945,18696.0,18673.95,18691.0055
2024-09-13 14:15:00+00:00,18692.0055,18697.0,18684.9945,18693.928
2024-09-13 14:20:00+00:00,18694.4445,18720.5,18693.989,18718.9945
2024-09-13 14:25:00+00:00,18719.566499999997,18721.989,18695.983500000002,18697.5
2024-09-13 14:30:00+00:00,18697.0055,18698.5,18682.4945,18688.0165
2024-09-13 14:35:00+00:00,18687.0055,18704.516499999998,18681.983500000002,18703.989
2024-09-13 14:40:00+00:00,18704.5555,18723.066499999997,18703.516499999998,18723.066499999997
2024-09-13 14:45:00+00:00,18723.9835,18725.9945,18713.5055,18720.0555
2024-09-13 14:50:00+00:00,18718.983500000002,18720.933500000003,18702.9945,18705.05
2024-09-13 14:55:00+00:00,18704.511,18715.55,18689.4945,18689.560999999998
2024-09-13 15:00:00+00:00,18689.9945,18703.0055,18689.5055,18695.022
2024-09-13 15:05:00+00:00,18695.5,18701.5555,18683.983500000002,18684.489
2024-09-13 15:10:00+00:00,18683.95,18694.060999999998,18680.9945,18682.983500000002
2024-09-13 15:15:00+00:00,18683.5055,18694.0,18683.5055,18688.511
2024-09-13 15:20:00+00:00,18688.9945,18694.516499999998,18681.95,18694.016499999998
2024-09-13 15:25:00+00:00,18693.022,18698.516499999998,18687.439000000002,18688.511
2024-09-13 15:30:00+00:00,18687.511,18702.55,18685.928,18696.4945
2024-09-13 15:35:00+00:00,18697.011,18705.5055,18694.55,18698.5055
2024-09-13 15:40:00+00:00,18698.939000000002,18709.516499999998,18698.939000000002,18707.572
2024-09-13 15:45:00+00:00,18708.566499999997,18711.511,18703.0555,18709.566499999997
2024-09-13 15:50:00+00:00,18709.011,18710.572,18701.511,18705.5
2024-09-13 15:55:00+00:00,18705.0165,18708.0555,18701.933500000003,18704.4945
2024-09-13 16:00:00+00:00,18703.9445,18709.4945,18697.560999999998,18699.0055
2024-09-13 16:05:00+00:00,18698.5055,18702.489,18691.928,18697.0055
2024-09-13 16:10:00+00:00,18696.5055,18697.55,18682.016499999998,18687.511
2024-09-13 16:15:00+00:00,18686.933500000003,18687.5,18679.5055,18685.9445
2024-09-13 16:20:00+00:00,18685.0555,18685.0555,18674.439000000002,18674.439000000002
2024-09-13 16:25:00+00:00,18675.0165,18676.45,18658.4945,18661.489
2024-09-13 16:30:00+00:00,18660.9835,18671.4445,18660.566499999997,18671.4445
2024-09-13 16:35:00+00:00,18671.0,18671.4945,18661.978,18666.0055
2024-09-13 16:40:00+00:00,18666.511,18671.572,18664.433500000003,18668.0
2024-09-13 16:45:00+00:00,18667.5,18667.5,18661.95,18663.0165
2024-09-13 16:50:00+00:00,18662.560999999998,18676.011,18661.45,18676.0055
2024-09-13 16:55:00+00:00,18676.5,18679.0165,18671.4835,18678.511
2024-09-13 17:00:00+00:00,18677.4835,18679.05,18674.4835,18678.4945
2024-09-13 17:05:00+00:00,18677.9945,18685.9945,18677.5,18682.0555
2024-09-13 17:10:00+00:00,18682.560999999998,18688.511,18681.4945,18687.939000000002
2024-09-13 17:15:00+00:00,18687.4835,18693.011,18685.522,18689.511
2024-09-13 17:20:00+00:00,18689.0,18691.011,18682.428,18683.9445
2024-09-13 17:25:00+00:00,18684.511,18694.489,18684.0,18694.489
2024-09-13 17:30:00+00:00,18693.9835,18696.483500000002,18688.45,18689.0555
2024-09-13 17:35:00+00:00,18688.439000000002,18699.072,18686.489,18696.511
2024-09-13 17:40:00+00:00,18695.5,18698.989,18689.478,18693.478
2024-09-13 17:45:00+00:00,18694.016499999998,18697.0055,18693.072,18695.55
2024-09-13 17:50:00+00:00,18694.989,18696.5,18689.9445,18690.9945
2024-09-13 17:55:00+00:00,18691.4445,18691.560999999998,18681.0,18683.060999999998
2024-09-13 18:00:00+00:00,18682.4945,18683.489,18655.5,18674.483500000002
2024-09-13 18:05:00+00:00,18675.0,18693.016499999998,18674.5,18691.511
2024-09-13 18:10:00+00:00,18688.9945,18689.478,18670.9445,18676.45
2024-09-13 18:15:00+00:00,18677.072,18681.011,18673.928,18679.983500000002
2024-09-13 18:20:00+00:00,18680.572,18680.572,18668.0,18668.0
2024-09-13 18:25:00+00:00,18667.489,18669.511,18659.9945,18664.4945
2024-09-13 18:30:00+00:00,18664.0,18665.560999999998,18657.928,18663.433500000003
2024-09-13 18:35:00+00:00,18664.0,18666.0055,18662.433500000003,18664.489
2024-09-13 18:40:00+00:00,18665.0,18674.5,18662.483500000002,18667.5055
2024-09-13 18:45:00+00:00,18668.011,18672.5,18666.016499999998,18666.939000000002
2024-09-13 18:50:00+00:00,18666.4835,18667.5,18660.4945,18665.5165
2024-09-13 18:55:00+00:00,18665.0055,18668.511,18663.0055,18665.9945
2024-09-13 19:00:00+00:00,18664.5,18664.5,18656.478,18658.5055
2024-09-13 19:05:00+00:00,18658.933500000003,18668.511,18658.933500000003,18665.428
2024-09-13 19:10:00+00:00,18664.9945,18667.022,18660.511,18665.4835
2024-09-13 19:15:00+00:00,18665.0,18673.5,18664.4445,18671.0055
2024-09-13 19:20:00+00:00,18670.0055,18673.5055,18667.989,18672.5
2024-09-13 19:25:00+00:00,18672.989,18681.489,18670.433500000003,18680.522
2024-09-13 19:30:00+00:00,18680.939000000002,18684.516499999998,18678.4835,18682.45
2024-09-13 19:35:00+00:00,18681.5555,18682.55,18669.939000000002,18675.5
2024-09-13 19:40:00+00:00,18676.0055,18680.016499999998,18674.9445,18679.489
2024-09-13 19:45:00+00:00,18678.5165,18685.9445,18678.05,18679.4945
2024-09-13 19:50:00+00:00,18681.4945,18685.511,18677.5055,18685.0555
2024-09-13 19:55:00+00:00,18684.4835,18688.55,18680.9945,18687.522
2024-09-16 00:00:00+00:00,18698.722,18704.360999999997,18696.622,18702.610999999997
2024-09-16 00:05:00+00:00,18703.0,18705.1945,18700.489,18704.616499999996
2024-09-16 00:10:00+00:00,18705.0,18705.383500000004,18693.489,18698.560999999998
2024-09-16 00:15:00+00:00,18704.3055,18715.8,18702.8,18705.789
2024-09-16 00:20:00+00:00,18705.239,18711.3055,18705.239,18706.778
2024-09-16 00:25:00+00:00,18707.322,18707.355499999998,18701.789,18702.8055
2024-09-16 00:30:00+00:00,18702.3055,18703.860999999997,18698.233500000002,18703.860999999997
2024-09-16 00:35:00+00:00,18703.35,18707.7835,18699.810999999998,18707.2945
2024-09-16 00:40:00+00:00,18707.789,18715.8055,18700.8,18715.8055
2024-09-16 00:45:00+00:00,18715.310999999998,18715.816499999997,18698.8,18709.316499999997
2024-09-16 00:50:00+00:00,18707.810999999998,18710.3,18703.239,18703.85
2024-09-16 00:55:00+00:00,18704.3055,18710.8055,18703.7945,18709.278
2024-09-16 01:00:00+00:00,18708.789,18709.860999999997,18701.8,18702.8055
2024-09-16 01:05:00+00:00,18702.35,18706.310999999998,18699.3055,18699.8055
2024-09-16 01:10:00+00:00,18700.2945,18701.8,18695.3,18697.3
2024-09-16 01:15:00+00:00,18695.855499999998,18695.855499999998,18684.3,18689.289
2024-09-16 01:20:00+00:00,18692.7445,18696.789,18689.7945,18689.7945
2024-09-16 01:25:00+00:00,18690.316499999997,18699.289,18689.810999999998,18697.75
2024-09-16 01:30:00+00:00,18697.3,18698.789,18691.733500000002,18697.3055
2024-09-16 01:35:00+00:00,18696.7945,18696.7945,18689.2945,18695.289
2024-09-16 01:40:00+00:00,18694.8,18695.816499999997,18690.872,18691.289
2024-09-16 01:45:00+00:00,18691.872,18698.816499999997,18691.7945,18696.3055
2024-09-16 01:50:00+00:00,18696.7945,18700.778,18694.789,18698.7835
2024-09-16 01:55:00+00:00,18698.3,18702.816499999997,18696.7945,18701.3
2024-09-16 02:00:00+00:00,18701.8,18702.7945,18698.322,18698.8055
2024-09-16 02:05:00+00:00,18698.3,18702.239,18697.7445,18698.866499999996
2024-09-16 02:10:00+00:00,18698.2835,18704.789,18698.2835,18704.789
2024-09-16 02:15:00+00:00,18704.366499999996,18712.360999999997,18702.3,18712.360999999997
2024-09-16 02:20:00+00:00,18711.8,18715.860999999997,18710.3,18714.355499999998
2024-09-16 02:25:00+00:00,18713.810999999998,18715.7835,18710.360999999997,18714.3055
2024-09-16 02:30:00+00:00,18714.85,18715.8,18707.3,18711.3
2024-09-16 02:35:00+00:00,18711.8,18715.7835,18711.2835,18715.7835
2024-09-16 02:40:00+00:00,18715.289,18717.2945,18715.289,18715.3055
2024-09-16 02:45:00+00:00,18715.778,18717.366499999996,18714.8055,18717.366499999996
2024-09-16 02:50:00+00:00,18716.810999999998,18720.322,18716.3055,18718.8
2024-09-16 02:55:00+00:00,18718.3,18721.2945,18716.75,18720.789
2024-09-16 03:00:00+00:00,18721.3055,18721.3055,18716.8,18717.728
2024-09-16 03:05:00+00:00,18717.355499999998,18719.816499999997,18715.289,18719.789
2024-09-16 03:10:00+00:00,18719.289,18725.310999999998,18717.8,18724.2835
2024-09-16 03:15:00+00:00,18723.8,18728.316499999997,18722.8,18728.316499999997
2024-09-16 03:20:00+00:00,18727.789,18727.810999999998,18723.75,18724.289
2024-09-16 03:25:00+00:00,18725.310999999998,18725.810999999998,18723.789,18724.810999999998
2024-09-16 03:30:00+00:00,18725.872,18726.8,18723.233500000002,18725.8
2024-09-16 03:35:00+00:00,18726.360999999997,18726.360999999997,18721.3,18723.366499999996
2024-09-16 03:40:00+00:00,18723.8,18725.866499999996,18723.8,18725.739
2024-09-16 03:45:00+00:00,18726.278,18727.25,18725.316499999997,18727.228
2024-09-16 03:50:00+00:00,18726.3055,18727.322,18722.3,18724.2445
2024-09-16 03:55:00+00:00,18724.816499999997,18726.2835,18724.360999999997,18725.316499999997
2024-09-16 04:00:00+00:00,18725.8055,18725.85,18725.316499999997,18725.316499999997
2024-09-16 04:05:00+00:00,18724.8,18725.3,18723.855499999998,18725.3
2024-09-16 04:10:00+00:00,18725.789,18726.228,18725.789,18725.8
2024-09-16 04:15:00+00:00,18725.35,18725.85,18725.228,18725.85
2024-09-16 04:20:00+00:00,18725.2835,18725.2835,18723.8055,18725.2445
2024-09-16 04:25:00+00:00,18724.7835,18725.816499999997,18723.789,18725.8
2024-09-16 04:30:00+00:00,18724.816499999997,18725.8,18723.25,18724.860999999997
2024-09-16 04:35:00+00:00,18721.8,18722.8,18717.7445,18722.3
2024-09-16 04:40:00+00:00,18722.810999999998,18722.810999999998,18715.2835,18717.8
2024-09-16 04:45:00+00:00,18718.3055,18718.316499999997,18715.7945,18715.7945
2024-09-16 04:50:00+00:00,18716.3,18721.2445,18715.7445,18720.8055
2024-09-16 04:55:00+00:00,18720.3,18721.8055,18715.8055,18716.778
2024-09-16 05:00:00+00:00,18716.310999999998,18717.2835,18713.239,18714.8
2024-09-16 05:05:00+00:00,18714.2835,18716.8055,18713.310999999998,18714.822
2024-09-16 05:10:00+00:00,18714.310999999998,18714.789,18709.239,18711.3
2024-09-16 05:15:00+00:00,18710.778,18711.85,18705.2945,18706.289
2024-09-16 05:20:00+00:00,18707.316499999997,18711.35,18706.778,18706.778
2024-09-16 05:25:00+00:00,18706.310999999998,18707.816499999997,18704.739,18707.3055
2024-09-16 05:30:00+00:00,18706.8,18707.3,18701.789,18702.322
2024-09-16 05:35:00+00:00,18702.8,18703.3,18696.2945,18697.7945
2024-09-16 05:40:00+00:00,18698.3,18700.739,18694.3,18694.85
2024-09-16 05:45:00+00:00,18695.310999999998,18701.8055,18695.310999999998,18701.25
2024-09-16 05:50:00+00:00,18701.810999999998,18703.25,18696.7945,18701.7945
2024-09-16 05:55:00+00:00,18701.25,18701.789,18694.8,18698.7945
2024-09-16 06:00:00+00:00,18699.310999999998,18702.278,18686.789,18686.789
2024-09-16 06:05:00+00:00,18687.35,18687.789,18671.8,18676.355499999998
2024-09-16 06:10:00+00:00,18676.728,18676.728,18655.8,18662.310999999998
2024-09-16 06:15:00+00:00,18661.866499999996,18665.8055,18653.789,18663.3055
2024-09-16 06:20:00+00:00,18662.8,18665.3,18654.2835,18654.2835
2024-09-16 06:25:00+00:00,18653.7945,18660.872,18650.8,18653.855499999998
2024-09-16 06:30:00+00:00,18655.372,18655.372,18640.3,18641.289
2024-09-16 06:35:00+00:00,18641.7445,18644.35,18636.789,18639.2945
2024-09-16 06:40:00+00:00,18640.2945,18644.866499999996,18636.739,18641.366499999996
2024-09-16 06:45:00+00:00,18640.8055,18651.810999999998,18637.7945,18651.289
2024-09-16 06:50:00+00:00,18650.75,18653.85,18634.7445,18635.778
2024-09-16 06:55:00+00:00,18635.3,18642.8055,18627.289,18627.35
2024-09-16 07:00:00+00:00,18630.3,18641.2835,18607.8,18634.2835
2024-09-16 07:05:00+00:00,18634.810999999998,18657.360999999997,18626.7445,18650.366499999996
2024-09-16 07:10:00+00:00,18649.7945,18663.8,18645.289,18656.2835
2024-09-16 07:15:00+00:00,18656.810999999998,18656.810999999998,18633.739,18646.810999999998
2024-09-16 07:20:00+00:00,18646.289,18658.310999999998,18643.75,18649.3
2024-09-16 07:25:00+00:00,18648.8,18648.8,18626.310999999998,18627.316499999997
2024-09-16 07:30:00+00:00,18627.8055,18641.728,18622.8,18638.3055
2024-09-16 07:35:00+00:00,18638.7445,18642.3,18628.289,18633.855499999998
2024-09-16 07:40:00+00:00,18633.2945,18650.322,18632.733500000002,18635.316499999997
2024-09-16 07:45:00+00:00,18635.789,18650.866499999996,18631.3,18647.355499999998
2024-09-16 07:50:00+00:00,18646.7945,18654.855499999998,18640.289,18654.2835
2024-09-16 07:55:00+00:00,18653.8,18657.3,18641.85,18656.35
2024-09-16 08:00:00+00:00,18655.810999999998,18665.810999999998,18646.372,18665.239
2024-09-16 08:05:00+00:00,18666.2445,18666.8,18640.810999999998,18642.3
2024-09-16 08:10:00+00:00,18641.75,18644.3,18632.2945,18635.316499999997
2024-09-16 08:15:00+00:00,18634.816499999997,18649.3055,18633.778,18649.2835
2024-09-16 08:20:00+00:00,18648.789,18662.35,18645.239,18662.35
2024-09-16 08:25:00+00:00,18662.7945,18663.3,18651.7445,18653.3055
2024-09-16 08:30:00+00:00,18653.855499999998,18656.8055,18635.360999999997,18636.310999999998
2024-09-16 08:35:00+00:00,18636.816499999997,18640.310999999998,18628.7945,18634.3
2024-09-16 08:40:00+00:00,18633.8055,18650.372,18633.7945,18649.372
2024-09-16 08:45:00+00:00,18648.3,18649.3,18629.728,18635.2835
2024-09-16 08:50:00+00:00,18635.855499999998,18646.3055,18633.239,18642.7835
2024-09-16 08:55:00+00:00,18642.310999999998,18649.3055,18638.3,18649.3
2024-09-16 09:00:00+00:00,18648.7945,18651.5945,18643.2835,18648.116499999996
2024-09-16 09:05:00+00:00,18648.605499999998,18651.672,18642.122,18647.1
2024-09-16 09:10:00+00:00,18644.1665,18659.1,18643.1,18657.05
2024-09-16 09:15:00+00:00,18657.605499999998,18662.610999999997,18647.5335,18657.1
2024-09-16 09:20:00+00:00,18657.5945,18662.078,18655.0335,18656.0835
2024-09-16 09:25:00+00:00,18656.661,18662.5835,18649.1,18659.105499999998
2024-09-16 09:30:00+00:00,18658.6,18664.105499999998,18656.028,18661.1
2024-09-16 09:35:00+00:00,18662.1,18668.610999999997,18658.4315,18658.4315
2024-09-16 09:40:00+00:00,18658.605499999998,18661.426,18648.9925,18649.4945
2024-09-16 09:45:00+00:00,18648.933500000003,18651.0165,18636.989,18640.05
2024-09-16 09:50:00+00:00,18640.95,18640.95,18627.933500000003,18627.933500000003
2024-09-16 09:55:00+00:00,18627.022,18637.5055,18625.5055,18633.0
2024-09-16 10:00:00+00:00,18632.511,18643.928,18629.016499999998,18643.0165
2024-09-16 10:05:00+00:00,18642.572,18655.9945,18639.0055,18648.4945
2024-09-16 10:10:00+00:00,18648.0,18659.560999999998,18642.9945,18655.433500000003
2024-09-16 10:15:00+00:00,18653.9945,18656.016499999998,18649.0,18651.0
2024-09-16 10:20:00+00:00,18652.0,18655.0055,18647.939000000002,18653.489
2024-09-16 10:25:00+00:00,18654.0055,18654.016499999998,18639.9835,18641.0055
2024-09-16 10:30:00+00:00,18641.489,18647.566499999997,18641.489,18642.522
2024-09-16 10:35:00+00:00,18641.989,18652.0,18638.928,18647.05
2024-09-16 10:40:00+00:00,18647.5,18649.072,18640.928,18648.5
2024-09-16 10:45:00+00:00,18648.978,18661.0,18648.978,18661.0
2024-09-16 10:50:00+00:00,18662.011,18666.060999999998,18655.989,18662.0
2024-09-16 10:55:00+00:00,18661.0,18663.0165,18656.5,18656.5
2024-09-16 11:00:00+00:00,18656.978,18663.011,18651.0,18661.0055
2024-09-16 11:05:00+00:00,18662.0055,18664.572,18654.5,18654.939000000002
2024-09-16 11:10:00+00:00,18656.0055,18666.478,18654.072,18663.0
2024-09-16 11:15:00+00:00,18663.566499999997,18664.060999999998,18657.0,18658.066499999997
2024-09-16 11:20:00+00:00,18659.05,18660.0,18650.933500000003,18650.933500000003
2024-09-16 11:25:00+00:00,18651.989,18657.0055,18651.989,18655.0055
2024-09-16 11:30:00+00:00,18654.511,18659.060999999998,18645.016499999998,18658.9945
2024-09-16 11:35:00+00:00,18658.433500000003,18662.05,18650.9445,18654.5
2024-09-16 11:40:00+00:00,18654.0055,18657.4445,18647.45,18650.072
2024-09-16 11:45:00+00:00,18649.0055,18661.5,18648.0555,18660.0555
2024-09-16 11:50:00+00:00,18659.489,18667.0165,18654.066499999997,18655.933500000003
2024-09-16 11:55:00+00:00,18656.5165,18667.489,18650.489,18659.066499999997
2024-09-16 12:00:00+00:00,18658.55,18658.55,18642.989,18656.0
2024-09-16 12:05:00+00:00,18654.939000000002,18662.560999999998,18648.989,18662.560999999998
2024-09-16 12:10:00+00:00,18661.0,18667.5055,18656.0,18657.05
2024-09-16 12:15:00+00:00,18656.522,18660.928,18645.05,18645.05
2024-09-16 12:20:00+00:00,18644.560999999998,18646.489,18631.9945,18633.5
2024-09-16 12:25:00+00:00,18632.9945,18650.9835,18629.989,18650.9835
2024-09-16 12:30:00+00:00,18649.983500000002,18650.0165,18630.489,18634.978
2024-09-16 12:35:00+00:00,18634.5,18649.9945,18634.5,18646.011
2024-09-16 12:40:00+00:00,18645.428,18645.428,18636.55,18641.5055
2024-09-16 12:45:00+00:00,18642.011,18644.011,18633.4445,18636.5165
2024-09-16 12:50:00+00:00,18637.016499999998,18644.572,18629.933500000003,18640.05
2024-09-16 12:55:00+00:00,18639.0,18652.0055,18638.933500000003,18645.011
2024-09-16 13:00:00+00:00,18643.989,18649.4945,18637.060999999998,18637.522
2024-09-16 13:05:00+00:00,18637.0,18640.5055,18630.011,18639.0055
2024-09-16 13:10:00+00:00,18639.5,18644.0,18634.05,18640.989
2024-09-16 13:15:00+00:00,18640.433500000003,18641.4945,18628.439000000002,18636.011
2024-09-16 13:20:00+00:00,18636.489,18637.45,18627.4945,18627.9945
2024-09-16 13:25:00+00:00,18627.489,18640.5165,18626.4945,18635.489
2024-09-16 13:30:00+00:00,18636.0,18648.0055,18627.0,18630.978
2024-09-16 13:35:00+00:00,18630.566499999997,18632.0165,18604.511,18618.9835
2024-09-16 13:40:00+00:00,18618.0,18623.55,18600.939000000002,18603.011
2024-09-16 13:45:00+00:00,18602.5,18625.489,18596.989,18622.511
2024-09-16 13:50:00+00:00,18622.0,18653.989,18619.9445,18653.0055
2024-09-16 13:55:00+00:00,18652.066499999997,18656.428,18641.978,18653.0
2024-09-16 14:00:00+00:00,18652.0,18657.560999999998,18622.5,18639.933500000003
2024-09-16 14:05:00+00:00,18641.522,18663.05,18639.9835,18654.933500000003
2024-09-16 14:10:00+00:00,18653.9945,18662.011,18637.433500000003,18637.978
2024-09-16 14:15:00+00:00,18638.4945,18658.0555,18637.0,18656.9945
2024-09-16 14:20:00+00:00,18656.0,18657.572,18642.489,18649.489
2024-09-16 14:25:00+00:00,18650.060999999998,18658.022,18642.572,18657.022
2024-09-16 14:30:00+00:00,18656.0,18658.0,18610.928,18623.0
2024-09-16 14:35:00+00:00,18622.060999999998,18641.511,18618.011,18637.989
2024-09-16 14:40:00+00:00,18638.4445,18659.0165,18634.0,18658.022
2024-09-16 14:45:00+00:00,18657.5055,18658.060999999998,18632.0,18645.978
2024-09-16 14:50:00+00:00,18645.439000000002,18652.05,18628.05,18630.489
2024-09-16 14:55:00+00:00,18630.928,18637.0,18626.9445,18635.0
2024-09-16 15:00:00+00:00,18634.0555,18634.45,18619.45,18631.011
2024-09-16 15:05:00+00:00,18632.0,18641.9835,18628.9945,18638.066499999997
2024-09-16 15:10:00+00:00,18636.9445,18642.0,18629.0055,18629.0055
2024-09-16 15:15:00+00:00,18628.016499999998,18633.0555,18624.5,18630.05
2024-09-16 15:20:00+00:00,18629.0,18638.572,18625.9945,18637.489
2024-09-16 15:25:00+00:00,18637.95,18641.0055,18627.5,18629.9445
2024-09-16 15:30:00+00:00,18631.011,18635.9945,18627.489,18635.4945
2024-09-16 15:35:00+00:00,18636.0055,18638.428,18630.5,18636.0055
2024-09-16 15:40:00+00:00,18637.483500000002,18642.0,18632.522,18637.978
2024-09-16 15:45:00+00:00,18637.4835,18644.072,18633.022,18640.989
2024-09-16 15:50:00+00:00,18641.478,18652.072,18637.989,18651.989
2024-09-16 15:55:00+00:00,18652.4445,18654.939000000002,18645.989,18646.989
2024-09-16 16:00:00+00:00,18647.45,18652.560999999998,18643.983500000002,18643.989
2024-09-16 16:05:00+00:00,18644.9945,18653.511,18642.9835,18650.011
2024-09-16 16:10:00+00:00,18650.433500000003,18651.5055,18638.55,18641.0055
2024-09-16 16:15:00+00:00,18641.5,18646.4945,18637.511,18640.9945
2024-09-16 16:20:00+00:00,18640.5,18645.0055,18637.4945,18640.0055
2024-09-16 16:25:00+00:00,18640.478,18655.5,18640.072,18654.483500000002
2024-09-16 16:30:00+00:00,18654.0165,18655.0555,18640.4445,18645.989
2024-09-16 16:35:00+00:00,18645.5,18650.072,18644.489,18646.5165
2024-09-16 16:40:00+00:00,18646.0055,18653.072,18645.928,18651.5165
2024-09-16 16:45:00+00:00,18652.0055,18652.5555,18646.0,18650.439000000002
2024-09-16 16:50:00+00:00,18650.066499999997,18650.5555,18645.939000000002,18648.05
2024-09-16 16:55:00+00:00,18647.5055,18652.489,18645.933500000003,18649.45
2024-09-16 17:00:00+00:00,18649.989,18652.5165,18648.45,18650.95
2024-09-16 17:05:00+00:00,18651.5,18653.5055,18647.428,18651.522
2024-09-16 17:10:00+00:00,18652.511,18655.5055,18650.9445,18652.511
2024-09-16 17:15:00+00:00,18653.433500000003,18657.5,18651.433500000003,18657.5
2024-09-16 17:20:00+00:00,18658.433500000003,18659.011,18650.0,18657.0055
2024-09-16 17:25:00+00:00,18657.511,18662.9945,18651.5055,18660.016499999998
2024-09-16 17:30:00+00:00,18660.4945,18664.9835,18658.45,18664.4945
2024-09-16 17:35:00+00:00,18663.9945,18679.5165,18663.9945,18678.983500000002
2024-09-16 17:40:00+00:00,18678.4445,18686.511,18674.4945,18686.022
2024-09-16 17:45:00+00:00,18685.4945,18688.511,18681.5555,18686.928
2024-09-16 17:50:00+00:00,18687.572,18690.011,18685.4445,18686.5165
2024-09-16 17:55:00+00:00,18686.011,18691.5055,18684.439000000002,18690.522
2024-09-16 18:00:00+00:00,18690.0555,18691.072,18683.489,18683.5055
2024-09-16 18:05:00+00:00,18684.016499999998,18687.5,18680.511,18687.5
2024-09-16 18:10:00+00:00,18688.5165,18693.5,18687.428,18690.0165
2024-09-16 18:15:00+00:00,18690.4945,18690.572,18683.011,18685.511
2024-09-16 18:20:00+00:00,18684.989,18695.522,18683.939000000002,18692.5
2024-09-16 18:25:00+00:00,18692.9945,18697.0055,18691.439000000002,18696.428
2024-09-16 18:30:00+00:00,18697.45,18698.983500000002,18692.5,18698.5
2024-09-16 18:35:00+00:00,18698.9445,18701.5,18692.5,18696.4945
2024-09-16 18:40:00+00:00,18696.9945,18697.433500000003,18688.0055,18691.4835
2024-09-16 18:45:00+00:00,18692.0055,18696.011,18685.478,18695.989
2024-09-16 18:50:00+00:00,18695.55,18698.066499999997,18692.439000000002,18693.483500000002
2024-09-16 18:55:00+00:00,18694.0055,18711.428,18693.428,18709.4835
2024-09-16 19:00:00+00:00,18710.0055,18712.511,18704.0055,18707.5
2024-09-16 19:05:00+00:00,18706.939000000002,18712.5165,18705.5,18710.439000000002
2024-09-16 19:10:00+00:00,18711.4945,18712.0,18702.4945,18703.4445
2024-09-16 19:15:00+00:00,18702.989,18706.572,18701.489,18706.0055
2024-09-16 19:20:00+00:00,18705.4945,18705.9945,18696.433500000003,18697.9945
2024-09-16 19:25:00+00:00,18698.4445,18701.9945,18696.489,18699.433500000003
2024-09-16 19:30:00+00:00,18697.5055,18705.072,18696.4835,18704.060999999998
2024-09-16 19:35:00+00:00,18703.478,18707.022,18697.5055,18705.5
2024-09-16 19:40:00+00:00,18704.939000000002,18710.511,18704.939000000002,18707.9445
2024-09-16 19:45:00+00:00,18707.5,18710.45,18707.0,18708.9445
2024-09-16 19:50:00+00:00,18709.4945,18724.5,18709.0555,18723.0055
2024-09-16 19:55:00+00:00,18721.478,18725.55,18716.4945,18719.428
2024-09-16 20:00:00+00:00,18719.989,18719.989,18705.85,18707.5055
2024-09-16 20:05:00+00:00,18706.7,18711.75,18705.9,18710.511
2024-09-16 20:10:00+00:00,18710.0055,18710.0165,18704.2055,18705.172
2024-09-16 22:00:00+00:00,18704.883500000004,18708.6,18704.05,18707.3
2024-09-16 22:05:00+00:00,18706.9,18713.572,18706.489,18712.7055
2024-09-16 22:10:00+00:00,18713.028,18714.4165,18712.644500000002,18714.0165
2024-09-16 22:15:00+00:00,18714.4055,18722.866499999996,18713.5055,18721.6
2024-09-16 22:20:00+00:00,18721.222,18724.511,18718.644500000002,18722.8165
2024-09-16 22:25:00+00:00,18723.239,18724.439000000002,18717.922,18718.761
2024-09-16 22:30:00+00:00,18717.972,18723.233500000002,18717.8335,18720.95
2024-09-16 22:35:00+00:00,18720.6,18723.078,18720.128,18723.078
2024-09-16 22:40:00+00:00,18722.711,18722.711,18719.2445,18721.4665
2024-09-16 22:45:00+00:00,18721.0,18721.789,18716.828,18718.55
2024-09-16 22:50:00+00:00,18717.7,18722.7,18717.7,18720.5945
2024-09-16 22:55:00+00:00,18720.1945,18720.6,18715.128,18716.922
2024-09-16 23:00:00+00:00,18717.75,18722.766499999998,18717.644500000002,18717.644500000002
2024-09-16 23:05:00+00:00,18718.028,18719.3055,18714.728,18714.728
2024-09-16 23:10:00+00:00,18714.4055,18714.4055,18706.85,18708.610999999997
2024-09-16 23:15:00+00:00,18709.4,18712.511,18707.939000000002,18711.689000000002
2024-09-16 23:20:00+00:00,18711.278,18712.5,18708.35,18712.0945
2024-09-16 23:25:00+00:00,18712.489,18719.2555,18710.9055,18714.6
2024-09-16 23:30:00+00:00,18714.9945,18716.7,18709.55,18710.9
2024-09-16 23:35:00+00:00,18710.0,18710.9165,18708.394500000002,18710.016499999998
2024-09-16 23:40:00+00:00,18709.622,18712.489,18709.15,18709.989
2024-09-16 23:45:00+00:00,18710.55,18711.7,18709.128,18710.95
2024-09-16 23:50:00+00:00,18711.689000000002,18712.5555,18709.5835,18709.9945
2024-09-16 23:55:00+00:00,18709.222,18710.072,18705.9,18708.45
2024-09-17 00:00:00+00:00,18706.65,18715.060999999998,18705.105499999998,18709.266499999998
2024-09-17 00:05:00+00:00,18709.928,18709.928,18705.828,18707.6165
2024-09-17 00:10:00+00:00,18706.633500000004,18708.4165,18703.389000000003,18706.7
2024-09-17 00:15:00+00:00,18707.5055,18707.5055,18697.4945,18703.4835
2024-09-17 00:20:00+00:00,18703.5,18705.483500000002,18700.0055,18700.0055
2024-09-17 00:25:00+00:00,18700.5055,18703.428,18692.9945,18692.9945
2024-09-17 00:30:00+00:00,18694.439000000002,18699.572,18689.4945,18692.989
2024-09-17 00:35:00+00:00,18692.511,18692.933500000003,18689.0055,18689.0055
2024-09-17 00:40:00+00:00,18688.489,18688.489,18681.9945,18682.9945
2024-09-17 00:45:00+00:00,18682.439000000002,18685.0055,18681.939000000002,18684.022
2024-09-17 00:50:00+00:00,18684.5055,18688.4945,18684.5055,18685.9945
2024-09-17 00:55:00+00:00,18687.0165,18687.0165,18682.428,18683.483500000002
2024-09-17 01:00:00+00:00,18681.989,18683.5,18680.0,18683.0
2024-09-17 01:05:00+00:00,18683.566499999997,18683.566499999997,18679.5555,18681.0
2024-09-17 01:10:00+00:00,18680.439000000002,18684.0,18676.478,18676.5055
2024-09-17 01:15:00+00:00,18675.9945,18682.066499999997,18672.95,18678.0055
2024-09-17 01:20:00+00:00,18677.5,18677.9445,18670.989,18672.95
2024-09-17 01:25:00+00:00,18671.983500000002,18676.0,18671.983500000002,18674.95
2024-09-17 01:30:00+00:00,18676.0,18687.5055,18674.483500000002,18686.9945
2024-09-17 01:35:00+00:00,18689.5055,18689.5055,18683.4945,18685.0
2024-09-17 01:40:00+00:00,18685.5,18696.011,18685.5,18694.989
2024-09-17 01:45:00+00:00,18695.4945,18697.0055,18690.0555,18690.5555
2024-09-17 01:50:00+00:00,18689.9945,18690.5555,18685.072,18687.0
2024-09-17 01:55:00+00:00,18687.5555,18693.560999999998,18687.5,18692.9445
2024-09-17 02:00:00+00:00,18693.4945,18694.016499999998,18691.0,18691.978
2024-09-17 02:05:00+00:00,18691.522,18693.011,18684.9835,18685.022
2024-09-17 02:10:00+00:00,18684.516499999998,18690.4945,18684.066499999997,18689.0
2024-09-17 02:15:00+00:00,18689.5,18691.9945,18683.933500000003,18684.5
2024-09-17 02:20:00+00:00,18684.0165,18686.483500000002,18681.5,18681.5
2024-09-17 02:25:00+00:00,18682.522,18684.066499999997,18682.0,18683.433500000003
2024-09-17 02:30:00+00:00,18681.4835,18684.433500000003,18681.4835,18682.4945
2024-09-17 02:35:00+00:00,18683.011,18685.072,18681.4835,18683.9945
2024-09-17 02:40:00+00:00,18683.483500000002,18684.522,18683.0,18683.9945
2024-09-17 02:45:00+00:00,18683.516499999998,18686.5555,18683.516499999998,18686.5165
2024-09-17 02:50:00+00:00,18687.4445,18692.9945,18687.4445,18692.5055
2024-09-17 02:55:00+00:00,18693.022,18693.560999999998,18689.9945,18692.0055
2024-09-17 03:00:00+00:00,18692.5,18693.560999999998,18691.478,18692.478
2024-09-17 03:05:00+00:00,18693.011,18694.4945,18692.4445,18694.4945
2024-09-17 03:10:00+00:00,18693.489,18694.0,18688.0055,18688.9945
2024-09-17 03:15:00+00:00,18689.5055,18690.022,18683.433500000003,18684.0
2024-09-17 03:20:00+00:00,18683.5,18686.0,18683.5,18685.5555
2024-09-17 03:25:00+00:00,18686.0,18687.989,18685.989,18687.478
2024-09-17 03:30:00+00:00,18688.011,18699.0,18687.560999999998,18698.0165
2024-09-17 03:35:00+00:00,18698.5055,18698.5055,18687.0,18689.0055
2024-09-17 03:40:00+00:00,18689.483500000002,18690.5,18682.489,18689.433500000003
2024-09-17 03:45:00+00:00,18689.0055,18691.0,18684.95,18685.9945
2024-09-17 03:50:00+00:00,18685.516499999998,18691.072,18684.9945,18688.9945
2024-09-17 03:55:00+00:00,18688.0,18691.066499999997,18684.9945,18689.989
2024-09-17 04:00:00+00:00,18689.511,18693.022,18683.9945,18687.0
2024-09-17 04:05:00+00:00,18687.5055,18693.011,18687.5055,18692.5555
2024-09-17 04:10:00+00:00,18691.9835,18696.0055,18689.9945,18693.5
2024-09-17 04:15:00+00:00,18693.95,18694.0,18690.4445,18693.0
2024-09-17 04:20:00+00:00,18690.072,18691.011,18683.95,18686.0
2024-09-17 04:25:00+00:00,18685.478,18688.511,18684.989,18688.022
2024-09-17 04:30:00+00:00,18688.4835,18689.0,18685.433500000003,18686.05
2024-09-17 04:35:00+00:00,18685.4945,18688.022,18685.4945,18685.9835
2024-09-17 04:40:00+00:00,18686.5,18686.511,18683.978,18685.066499999997
2024-09-17 04:45:00+00:00,18685.55,18688.9945,18685.4945,18688.9945
2024-09-17 04:50:00+00:00,18689.5165,18689.5165,18684.560999999998,18686.511
2024-09-17 04:55:00+00:00,18687.428,18692.95,18687.428,18691.4945
2024-09-17 05:00:00+00:00,18691.978,18702.0555,18691.978,18698.05
2024-09-17 05:05:00+00:00,18697.011,18701.0165,18697.011,18700.0055
2024-09-17 05:10:00+00:00,18698.9945,18701.066499999997,18697.511,18697.511
2024-09-17 05:15:00+00:00,18697.9945,18700.4835,18697.439000000002,18698.989
2024-09-17 05:20:00+00:00,18699.5165,18702.5,18698.489,18702.4945
2024-09-17 05:25:00+00:00,18702.060999999998,18702.522,18693.4835,18694.0055
2024-09-17 05:30:00+00:00,18694.560999999998,18695.511,18693.066499999997,18695.011
2024-09-17 05:35:00+00:00,18692.989,18695.0,18689.928,18693.0
2024-09-17 05:40:00+00:00,18693.4945,18696.4445,18692.9445,18696.4445
2024-09-17 05:45:00+00:00,18697.5,18705.011,18693.5165,18704.0055
2024-09-17 05:50:00+00:00,18704.483500000002,18710.978,18701.483500000002,18710.011
2024-09-17 05:55:00+00:00,18709.5055,18716.4445,18706.933500000003,18711.5
2024-09-17 06:00:00+00:00,18713.0,18732.572,18713.0,18723.4945
2024-09-17 06:05:00+00:00,18722.9445,18724.022,18697.9945,18712.5055
2024-09-17 06:10:00+00:00,18712.9945,18717.516499999998,18710.4945,18711.066499999997
2024-09-17 06:15:00+00:00,18711.4945,18712.011,18698.4445,18700.5055
2024-09-17 06:20:00+00:00,18701.066499999997,18703.5055,18697.9945,18698.5
2024-09-17 06:25:00+00:00,18699.5,18702.560999999998,18693.439000000002,18698.5
2024-09-17 06:30:00+00:00,18699.5,18706.011,18697.4445,18705.5
2024-09-17 06:35:00+00:00,18706.0055,18708.983500000002,18704.022,18704.5165
2024-09-17 06:40:00+00:00,18706.55,18707.0055,18702.439000000002,18703.4945
2024-09-17 06:45:00+00:00,18704.0,18705.483500000002,18695.4445,18696.4835
2024-09-17 06:50:00+00:00,18695.933500000003,18704.566499999997,18691.5055,18704.566499999997
2024-09-17 06:55:00+00:00,18703.55,18710.9945,18700.478,18702.5055
2024-09-17 07:00:00+00:00,18705.5055,18715.4945,18687.4945,18689.5
2024-09-17 07:05:00+00:00,18688.489,18706.5055,18683.983500000002,18701.516499999998
2024-09-17 07:10:00+00:00,18702.5055,18713.5,18692.522,18695.478
2024-09-17 07:15:00+00:00,18694.928,18719.0,18693.4945,18707.489
2024-09-17 07:20:00+00:00,18708.516499999998,18713.989,18696.428,18705.45
2024-09-17 07:25:00+00:00,18706.5,18716.9945,18696.5,18704.489
2024-09-17 07:30:00+00:00,18703.511,18710.5055,18696.483500000002,18708.511
2024-09-17 07:35:00+00:00,18707.522,18717.0,18701.511,18705.55
2024-09-17 07:40:00+00:00,18706.4945,18706.5055,18695.4445,18703.4945
2024-09-17 07:45:00+00:00,18701.5,18701.5,18690.483500000002,18694.5
2024-09-17 07:50:00+00:00,18693.5,18694.439000000002,18669.5055,18674.516499999998
2024-09-17 07:55:00+00:00,18673.4445,18687.5055,18671.439000000002,18678.489
2024-09-17 08:00:00+00:00,18677.560999999998,18696.5055,18676.4945,18692.4945
2024-09-17 08:05:00+00:00,18693.9945,18698.560999999998,18687.9945,18694.5055
2024-09-17 08:10:00+00:00,18695.511,18702.560999999998,18692.022,18692.022
2024-09-17 08:15:00+00:00,18692.5,18698.566499999997,18683.572,18684.5055
2024-09-17 08:20:00+00:00,18684.0165,18699.5,18677.511,18698.4945
2024-09-17 08:25:00+00:00,18697.9945,18697.9945,18685.0,18691.4945
2024-09-17 08:30:00+00:00,18692.5055,18698.5055,18687.928,18693.572
2024-09-17 08:35:00+00:00,18694.0165,18709.55,18693.489,18708.489
2024-09-17 08:40:00+00:00,18709.0555,18715.0,18704.978,18710.4945
2024-09-17 08:45:00+00:00,18710.989,18711.5,18697.489,18699.489
2024-09-17 08:50:00+00:00,18700.928,18708.5055,18696.928,18708.5055
2024-09-17 08:55:00+00:00,18709.4945,18711.5,18707.5,18708.5055
2024-09-17 09:00:00+00:00,18709.016499999998,18714.511,18704.011,18705.478
2024-09-17 09:05:00+00:00,18704.989,18722.0,18703.4945,18716.5
2024-09-17 09:10:00+00:00,18716.011,18737.9445,18713.939000000002,18728.478
2024-09-17 09:15:00+00:00,18729.483500000002,18730.016499999998,18713.5555,18717.483500000002
2024-09-17 09:20:00+00:00,18718.5,18722.5055,18714.5,18722.483500000002
2024-09-17 09:25:00+00:00,18723.0055,18736.5055,18719.428,18735.5055
2024-09-17 09:30:00+00:00,18736.5055,18740.511,18727.439000000002,18727.439000000002
2024-09-17 09:35:00+00:00,18729.483500000002,18747.9945,18728.0055,18740.5055
2024-09-17 09:40:00+00:00,18741.522,18749.5555,18739.433500000003,18748.0055
2024-09-17 09:45:00+00:00,18749.0055,18760.060999999998,18747.4945,18759.483500000002
2024-09-17 09:50:00+00:00,18760.011,18769.05,18757.489,18768.9945
2024-09-17 09:55:00+00:00,18769.55,18769.55,18752.489,18752.511
2024-09-17 10:00:00+00:00,18753.5555,18768.95,18753.4945,18768.95
2024-09-17 10:05:00+00:00,18768.483500000002,18773.566499999997,18766.072,18772.433500000003
2024-09-17 10:10:00+00:00,18773.011,18791.55,18773.011,18790.478
2024-09-17 10:15:00+00:00,18789.0,18789.4945,18772.9945,18776.516499999998
2024-09-17 10:20:00+00:00,18778.4945,18783.478,18772.0,18777.5
2024-09-17 10:25:00+00:00,18778.511,18790.989,18773.0,18787.9445
2024-09-17 10:30:00+00:00,18788.9945,18794.428,18783.989,18793.483500000002
2024-09-17 10:35:00+00:00,18793.9945,18800.011,18789.989,18791.489
2024-09-17 10:40:00+00:00,18792.489,18802.511,18784.5055,18785.483500000002
2024-09-17 10:45:00+00:00,18786.4835,18788.989,18780.428,18780.4945
2024-09-17 10:50:00+00:00,18780.989,18784.072,18769.5055,18772.572
2024-09-17 10:55:00+00:00,18773.4945,18777.45,18764.072,18765.5
2024-09-17 11:00:00+00:00,18766.439000000002,18770.060999999998,18761.5,18766.489
2024-09-17 11:05:00+00:00,18765.95,18766.5165,18756.0,18758.516499999998
2024-09-17 11:10:00+00:00,18757.5055,18760.511,18753.4445,18754.5055
2024-09-17 11:15:00+00:00,18754.9945,18755.511,18744.511,18745.4945
2024-09-17 11:20:00+00:00,18747.489,18749.060999999998,18737.928,18742.439000000002
2024-09-17 11:25:00+00:00,18741.511,18741.511,18724.5055,18727.928
2024-09-17 11:30:00+00:00,18727.5,18736.522,18726.928,18729.516499999998
2024-09-17 11:35:00+00:00,18728.989,18745.433500000003,18727.55,18745.433500000003
2024-09-17 11:40:00+00:00,18744.55,18755.060999999998,18744.511,18754.5055
2024-09-17 11:45:00+00:00,18753.4945,18766.45,18753.4945,18764.983500000002
2024-09-17 11:50:00+00:00,18765.572,18776.9945,18764.933500000003,18771.55
2024-09-17 11:55:00+00:00,18771.9835,18777.5,18770.4945,18772.560999999998
2024-09-17 12:00:00+00:00,18771.433500000003,18779.011,18770.478,18774.4445
2024-09-17 12:05:00+00:00,18774.0165,18779.0,18771.4945,18775.5
2024-09-17 12:10:00+00:00,18774.511,18777.95,18769.433500000003,18773.5
2024-09-17 12:15:00+00:00,18774.0,18779.011,18769.5,18771.566499999997
2024-09-17 12:20:00+00:00,18771.0,18773.5055,18763.511,18773.433500000003
2024-09-17 12:25:00+00:00,18774.0555,18777.5,18760.9835,18760.9835
2024-09-17 12:30:00+00:00,18760.428,18775.95,18750.0055,18759.522
2024-09-17 12:35:00+00:00,18760.022,18779.478,18756.5,18762.0055
2024-09-17 12:40:00+00:00,18762.978,18782.0055,18761.989,18776.5055
2024-09-17 12:45:00+00:00,18777.5,18781.9945,18765.5055,18777.560999999998
2024-09-17 12:50:00+00:00,18779.55,18793.066499999997,18772.478,18790.9945
2024-09-17 12:55:00+00:00,18791.511,18805.5055,18789.4945,18802.5
2024-09-17 13:00:00+00:00,18803.483500000002,18807.5555,18790.9445,18793.511
2024-09-17 13:05:00+00:00,18794.5055,18796.5,18778.45,18784.428
2024-09-17 13:10:00+00:00,18784.0,18788.95,18774.9945,18785.489
2024-09-17 13:15:00+00:00,18786.0555,18786.5,18773.0055,18781.5
2024-09-17 13:20:00+00:00,18780.5055,18782.5555,18771.5055,18779.5055
2024-09-17 13:25:00+00:00,18778.983500000002,18785.0055,18770.489,18779.5
2024-09-17 13:30:00+00:00,18779.0555,18789.489,18754.072,18757.55
2024-09-17 13:35:00+00:00,18758.45,18760.011,18741.5055,18747.5055
2024-09-17 13:40:00+00:00,18746.011,18760.5,18737.489,18756.511
2024-09-17 13:45:00+00:00,18757.439000000002,18765.511,18739.5055,18741.5
2024-09-17 13:50:00+00:00,18742.572,18750.5555,18732.9445,18736.560999999998
2024-09-17 13:55:00+00:00,18737.5,18749.511,18732.983500000002,18736.55
2024-09-17 14:00:00+00:00,18735.5,18738.5555,18723.0055,18735.5055
2024-09-17 14:05:00+00:00,18734.5055,18758.489,18730.428,18749.5055
2024-09-17 14:10:00+00:00,18749.066499999997,18754.516499999998,18737.5,18746.5165
2024-09-17 14:15:00+00:00,18747.072,18758.0,18740.511,18749.511
2024-09-17 14:20:00+00:00,18748.5,18766.45,18748.5,18762.011
2024-09-17 14:25:00+00:00,18762.433500000003,18767.011,18749.4945,18760.45
2024-09-17 14:30:00+00:00,18762.478,18764.0165,18745.5,18748.522
2024-09-17 14:35:00+00:00,18747.5055,18754.522,18741.0055,18751.55
2024-09-17 14:40:00+00:00,18750.5165,18752.933500000003,18739.928,18744.022
2024-09-17 14:45:00+00:00,18743.4445,18761.9835,18743.4445,18756.4445
2024-09-17 14:50:00+00:00,18755.516499999998,18757.0555,18739.5055,18739.989
2024-09-17 14:55:00+00:00,18741.0055,18742.022,18716.0,18726.5055
2024-09-17 15:00:00+00:00,18729.45,18743.0,18723.428,18723.978
2024-09-17 15:05:00+00:00,18723.4945,18736.566499999997,18722.978,18731.560999999998
2024-09-17 15:10:00+00:00,18730.978,18730.978,18719.5,18724.5
2024-09-17 15:15:00+00:00,18724.9945,18736.511,18722.5055,18733.439000000002
2024-09-17 15:20:00+00:00,18732.9945,18735.0555,18720.4945,18732.0055
2024-09-17 15:25:00+00:00,18731.5055,18735.566499999997,18724.5,18730.0
2024-09-17 15:30:00+00:00,18730.066499999997,18734.0055,18723.4945,18725.989
2024-09-17 15:35:00+00:00,18726.989,18732.0055,18721.9945,18727.489
2024-09-17 15:40:00+00:00,18728.566499999997,18728.566499999997,18720.95,18721.989
2024-09-17 15:45:00+00:00,18722.928,18725.989,18719.4445,18720.489
2024-09-17 15:50:00+00:00,18721.060999999998,18726.0,18718.9945,18721.5
2024-09-17 15:55:00+00:00,18719.9945,18726.05,18718.978,18723.55
2024-09-17 16:00:00+00:00,18722.5,18727.072,18718.0,18719.5555
2024-09-17 16:05:00+00:00,18719.9445,18723.060999999998,18714.95,18716.0
2024-09-17 16:10:00+00:00,18715.511,18718.5,18713.5,18716.066499999997
2024-09-17 16:15:00+00:00,18713.9835,18714.5055,18698.428,18704.0055
2024-09-17 16:20:00+00:00,18703.55,18704.928,18683.0,18693.0055
2024-09-17 16:25:00+00:00,18692.5,18700.428,18683.983500000002,18697.560999999998
2024-09-17 16:30:00+00:00,18695.511,18696.072,18687.4945,18690.0055
2024-09-17 16:35:00+00:00,18690.489,18696.511,18682.989,18685.9945
2024-09-17 16:40:00+00:00,18685.511,18687.55,18670.428,18672.9945
2024-09-17 16:45:00+00:00,18672.511,18675.478,18636.45,18638.983500000002
2024-09-17 16:50:00+00:00,18638.5,18648.05,18617.478,18646.516499999998
2024-09-17 16:55:00+00:00,18645.933500000003,18662.511,18639.45,18645.483500000002
2024-09-17 17:00:00+00:00,18644.572,18655.489,18643.5,18649.489
2024-09-17 17:05:00+00:00,18650.522,18657.572,18646.9445,18656.45
2024-09-17 17:10:00+00:00,18656.011,18662.5,18645.989,18657.4945
2024-09-17 17:15:00+00:00,18656.9945,18667.483500000002,18651.933500000003,18664.9945
2024-09-17 17:20:00+00:00,18666.0555,18685.0,18664.9945,18684.5055
2024-09-17 17:25:00+00:00,18683.9445,18689.5555,18681.9445,18681.983500000002
2024-09-17 17:30:00+00:00,18682.45,18689.072,18670.978,18671.9445
2024-09-17 17:35:00+00:00,18671.4445,18681.5555,18671.4445,18673.989
2024-09-17 17:40:00+00:00,18673.4835,18674.0,18649.428,18650.0
2024-09-17 17:45:00+00:00,18648.9445,18671.5055,18640.511,18670.4835
2024-09-17 17:50:00+00:00,18669.9945,18683.0,18668.5,18681.0
2024-09-17 17:55:00+00:00,18680.0,18681.0,18673.511,18677.439000000002
2024-09-17 18:00:00+00:00,18677.066499999997,18683.0055,18673.0055,18680.933500000003
2024-09-17 18:05:00+00:00,18681.4945,18687.072,18678.4945,18686.560999999998
2024-09-17 18:10:00+00:00,18687.066499999997,18688.4835,18675.0055,18675.9945
2024-09-17 18:15:00+00:00,18676.516499999998,18681.978,18671.572,18674.0055
2024-09-17 18:20:00+00:00,18673.5,18684.0,18670.4945,18681.5555
2024-09-17 18:25:00+00:00,18680.939000000002,18683.9945,18672.428,18678.4945
2024-09-17 18:30:00+00:00,18679.0055,18682.0055,18672.9445,18680.489
2024-09-17 18:35:00+00:00,18679.989,18683.5055,18678.9445,18681.4945
2024-09-17 18:40:00+00:00,18680.5,18685.072,18679.0,18682.016499999998
2024-09-17 18:45:00+00:00,18681.572,18684.011,18660.483500000002,18668.5
2024-09-17 18:50:00+00:00,18668.933500000003,18670.5,18659.9945,18670.011
2024-09-17 18:55:00+00:00,18669.516499999998,18677.511,18667.55,18676.0055
2024-09-17 19:00:00+00:00,18675.439000000002,18681.5,18672.0,18672.45
2024-09-17 19:05:00+00:00,18672.9945,18676.439000000002,18668.5055,18675.511
2024-09-17 19:10:00+00:00,18675.0,18681.9945,18673.5,18681.933500000003
2024-09-17 19:15:00+00:00,18681.5,18683.572,18676.45,18678.4445
2024-09-17 19:20:00+00:00,18678.0055,18678.511,18663.0,18664.989
2024-09-17 19:25:00+00:00,18665.4945,18684.011,18665.0165,18683.4945
2024-09-17 19:30:00+00:00,18683.011,18683.011,18673.0165,18677.4835
2024-09-17 19:35:00+00:00,18677.978,18683.572,18670.95,18683.5
2024-09-17 19:40:00+00:00,18683.060999999998,18686.572,18677.939000000002,18678.511
2024-09-17 19:45:00+00:00,18679.0055,18685.560999999998,18677.066499999997,18684.560999999998
2024-09-17 19:50:00+00:00,18686.511,18689.9945,18677.5,18689.016499999998
2024-09-17 19:55:00+00:00,18688.0,18697.4945,18684.9945,18696.439000000002
2024-09-17 20:00:00+00:00,18696.483500000002,18702.2,18691.5945,18699.8
2024-09-17 20:05:00+00:00,18699.016499999998,18701.4165,18694.9,18697.3
2024-09-17 20:10:00+00:00,18698.05,18699.05,18695.628,18698.983500000002
2024-09-17 22:05:00+00:00,18695.4,18696.2055,18691.105499999998,18691.889000000003
2024-09-17 22:10:00+00:00,18692.310999999998,18699.289,18691.894500000002,18698.516499999998
2024-09-17 22:15:00+00:00,18699.2835,18699.355499999998,18696.75,18698.511
2024-09-17 22:20:00+00:00,18699.2945,18704.6165,18698.4945,18703.6945
2024-09-17 22:25:00+00:00,18702.911,18702.911,18701.3,18702.078
2024-09-17 22:30:00+00:00,18702.828,18703.7,18702.105499999998,18702.894500000002
2024-09-17 22:35:00+00:00,18702.1665,18702.1665,18698.072,18698.072
2024-09-17 22:40:00+00:00,18697.2055,18700.5055,18696.389000000003,18698.822
2024-09-17 22:45:00+00:00,18697.9945,18700.4945,18697.9945,18700.4945
2024-09-17 22:50:00+00:00,18700.9055,18703.716500000002,18700.433500000003,18701.2945
2024-09-17 22:55:00+00:00,18700.511,18703.1665,18696.389000000003,18701.733500000002
2024-09-17 23:00:00+00:00,18702.189000000002,18703.45,18700.1945,18701.789
2024-09-17 23:05:00+00:00,18702.6,18702.6,18697.7055,18698.5
2024-09-17 23:10:00+00:00,18699.4165,18701.0055,18696.9665,18701.0055
2024-09-17 23:15:00+00:00,18700.189000000002,18705.1,18700.189000000002,18704.289
2024-09-17 23:20:00+00:00,18703.5555,18704.289,18701.8165,18701.855499999998
2024-09-17 23:25:00+00:00,18702.589,18705.8445,18702.589,18702.589
2024-09-17 23:30:00+00:00,18703.4945,18703.8335,18702.6,18703.55
2024-09-17 23:35:00+00:00,18704.25,18713.5165,18704.25,18713.5165
2024-09-17 23:40:00+00:00,18713.0945,18714.310999999998,18711.678,18712.483500000002
2024-09-17 23:45:00+00:00,18713.278,18713.3055,18710.789,18713.2945
2024-09-17 23:50:00+00:00,18712.8835,18715.7945,18710.7945,18714.116499999996
2024-09-17 23:55:00+00:00,18714.8445,18714.972,18713.233500000002,18713.233500000002
2024-09-18 00:00:00+00:00,18714.9,18716.672,18710.7835,18711.8
2024-09-18 00:05:00+00:00,18712.689000000002,18713.5165,18706.839,18708.5835
2024-09-18 00:10:00+00:00,18708.2055,18712.6945,18706.894500000002,18711.7945
2024-09-18 00:15:00+00:00,18713.5055,18719.4945,18705.011,18718.9945
2024-09-18 00:20:00+00:00,18720.022,18720.566499999997,18710.4835,18711.4945
2024-09-18 00:25:00+00:00,18712.55,18719.5055,18712.55,18717.4945
2024-09-18 00:30:00+00:00,18718.5,18721.489,18717.4945,18720.5055
2024-09-18 00:35:00+00:00,18721.022,18722.4445,18715.5055,18719.489
2024-09-18 00:40:00+00:00,18719.011,18725.989,18717.5,18724.983500000002
2024-09-18 00:45:00+00:00,18724.5055,18729.022,18724.0055,18726.5555
2024-09-18 00:50:00+00:00,18727.0165,18729.478,18721.933500000003,18723.0165
2024-09-18 00:55:00+00:00,18723.478,18726.572,18720.939000000002,18720.989
2024-09-18 01:00:00+00:00,18721.9835,18721.9835,18710.0,18710.0
2024-09-18 01:05:00+00:00,18710.433500000003,18715.511,18706.9945,18715.483500000002
2024-09-18 01:10:00+00:00,18714.978,18715.5165,18703.0055,18704.4945
2024-09-18 01:15:00+00:00,18704.066499999997,18706.928,18702.989,18706.928
2024-09-18 01:20:00+00:00,18706.5,18707.9835,18705.511,18707.95
2024-09-18 01:25:00+00:00,18708.4945,18714.5055,18708.4945,18713.4945
2024-09-18 01:30:00+00:00,18713.011,18714.478,18709.55,18713.522
2024-09-18 01:35:00+00:00,18712.4945,18715.5555,18710.45,18715.0055
2024-09-18 01:40:00+00:00,18714.489,18715.5,18708.0,18710.0055
2024-09-18 01:45:00+00:00,18710.433500000003,18717.928,18709.9945,18717.928
2024-09-18 01:50:00+00:00,18717.522,18719.566499999997,18709.989,18709.989
2024-09-18 01:55:00+00:00,18710.566499999997,18716.072,18708.0,18715.4945
2024-09-18 02:00:00+00:00,18716.066499999997,18720.05,18714.478,18720.05
2024-09-18 02:05:00+00:00,18720.5,18723.5,18716.9835,18717.5165
2024-09-18 02:10:00+00:00,18716.989,18718.572,18716.939000000002,18717.522
2024-09-18 02:15:00+00:00,18717.9445,18718.060999999998,18714.011,18716.5055
2024-09-18 02:20:00+00:00,18716.072,18717.0055,18715.0,18715.978
2024-09-18 02:25:00+00:00,18716.45,18720.978,18716.45,18720.978
2024-09-18 02:30:00+00:00,18721.45,18724.4835,18720.9945,18721.428
2024-09-18 02:35:00+00:00,18720.439000000002,18721.0,18718.939000000002,18720.0555
2024-09-18 02:40:00+00:00,18719.572,18721.0055,18717.989,18719.45
2024-09-18 02:45:00+00:00,18718.933500000003,18719.5165,18715.5,18715.9835
2024-09-18 02:50:00+00:00,18716.489,18716.9945,18711.983500000002,18714.011
2024-09-18 02:55:00+00:00,18714.9835,18715.522,18713.0,18715.428
2024-09-18 03:00:00+00:00,18715.011,18715.489,18713.072,18713.072
2024-09-18 03:05:00+00:00,18713.439000000002,18714.011,18710.516499999998,18711.4945
2024-09-18 03:10:00+00:00,18711.989,18711.989,18706.4835,18706.4835
2024-09-18 03:15:00+00:00,18707.022,18708.022,18706.5,18707.983500000002
2024-09-18 03:20:00+00:00,18708.483500000002,18710.5165,18707.4835,18710.5165
2024-09-18 03:25:00+00:00,18710.0,18716.516499999998,18709.4945,18716.4945
2024-09-18 03:30:00+00:00,18715.5055,18716.560999999998,18703.5,18704.439000000002
2024-09-18 03:35:00+00:00,18705.05,18710.9945,18704.928,18710.511
2024-09-18 03:40:00+00:00,18709.572,18713.5,18709.428,18712.5165
2024-09-18 03:45:00+00:00,18711.572,18713.0,18705.5,18706.9445
2024-09-18 03:50:00+00:00,18706.489,18711.5,18706.489,18709.011
2024-09-18 03:55:00+00:00,18708.489,18708.489,18698.5,18699.9945
2024-09-18 04:00:00+00:00,18699.45,18702.0,18699.45,18699.560999999998
2024-09-18 04:05:00+00:00,18699.016499999998,18708.5,18698.5055,18708.0
2024-09-18 04:10:00+00:00,18708.5055,18708.5055,18701.978,18705.0055
2024-09-18 04:15:00+00:00,18703.0,18707.5555,18701.428,18705.511
2024-09-18 04:20:00+00:00,18706.516499999998,18710.5055,18705.05,18709.0055
2024-09-18 04:25:00+00:00,18708.5555,18711.0,18707.483500000002,18709.4945
2024-09-18 04:30:00+00:00,18708.5,18708.516499999998,18697.0555,18697.989
2024-09-18 04:35:00+00:00,18697.5055,18699.489,18694.9945,18699.0055
2024-09-18 04:40:00+00:00,18698.0055,18701.072,18695.933500000003,18697.0055
2024-09-18 04:45:00+00:00,18697.5,18699.060999999998,18695.0,18696.9945
2024-09-18 04:50:00+00:00,18697.5,18698.0,18693.0,18693.4835
2024-09-18 04:55:00+00:00,18692.4945,18696.489,18691.9945,18695.95
2024-09-18 05:00:00+00:00,18695.428,18698.060999999998,18692.933500000003,18695.428
2024-09-18 05:05:00+00:00,18696.066499999997,18697.5555,18690.5,18692.4835
2024-09-18 05:10:00+00:00,18692.0055,18698.9945,18691.439000000002,18697.0555
2024-09-18 05:15:00+00:00,18696.560999999998,18696.560999999998,18689.5555,18691.45
2024-09-18 05:20:00+00:00,18690.5055,18696.0,18690.5055,18695.489
2024-09-18 05:25:00+00:00,18698.989,18702.560999999998,18695.989,18699.560999999998
2024-09-18 05:30:00+00:00,18699.983500000002,18701.939000000002,18690.4945,18693.489
2024-09-18 05:35:00+00:00,18694.478,18700.0055,18694.016499999998,18696.989
2024-09-18 05:40:00+00:00,18697.5055,18703.0,18697.5055,18701.5
2024-09-18 05:45:00+00:00,18701.9945,18709.0055,18701.9945,18707.4945
2024-09-18 05:50:00+00:00,18708.0165,18723.011,18708.0165,18715.5
2024-09-18 05:55:00+00:00,18716.0055,18720.0055,18714.9945,18714.9945
2024-09-18 06:00:00+00:00,18715.989,18730.022,18712.060999999998,18725.5055
2024-09-18 06:05:00+00:00,18727.4445,18738.0555,18726.011,18735.9945
2024-09-18 06:10:00+00:00,18736.560999999998,18737.55,18732.433500000003,18733.511
2024-09-18 06:15:00+00:00,18731.928,18734.983500000002,18728.016499999998,18731.0055
2024-09-18 06:20:00+00:00,18730.5055,18730.5055,18718.516499999998,18719.072
2024-09-18 06:25:00+00:00,18718.4945,18722.5,18715.983500000002,18716.989
2024-09-18 06:30:00+00:00,18717.511,18720.9945,18711.433500000003,18711.9945
2024-09-18 06:35:00+00:00,18711.5,18713.5,18706.511,18710.022
2024-09-18 06:40:00+00:00,18709.5055,18714.0,18708.478,18710.511
2024-09-18 06:45:00+00:00,18710.9835,18714.9945,18707.011,18714.9945
2024-09-18 06:50:00+00:00,18717.0555,18730.5055,18714.45,18729.489
2024-09-18 06:55:00+00:00,18728.9835,18735.4945,18721.928,18724.5
2024-09-18 07:00:00+00:00,18728.4945,18743.978,18725.0055,18735.939000000002
2024-09-18 07:05:00+00:00,18739.4945,18746.0,18731.439000000002,18742.0055
2024-09-18 07:10:00+00:00,18742.9835,18752.5,18733.5555,18742.011
2024-09-18 07:15:00+00:00,18742.989,18743.0555,18728.0,18728.989
2024-09-18 07:20:00+00:00,18727.072,18729.0,18715.060999999998,18719.011
2024-09-18 07:25:00+00:00,18718.0165,18727.022,18716.0,18719.9945
2024-09-18 07:30:00+00:00,18722.011,18730.060999999998,18715.439000000002,18717.0055
2024-09-18 07:35:00+00:00,18717.5555,18725.9945,18712.5555,18725.939000000002
2024-09-18 07:40:00+00:00,18726.560999999998,18735.95,18718.989,18728.483500000002
2024-09-18 07:45:00+00:00,18727.939000000002,18739.5055,18721.0055,18738.978
2024-09-18 07:50:00+00:00,18738.511,18739.072,18726.9445,18729.95
2024-09-18 07:55:00+00:00,18729.0,18742.066499999997,18727.933500000003,18730.011
2024-09-18 08:00:00+00:00,18733.45,18741.016499999998,18724.011,18730.55
2024-09-18 08:05:00+00:00,18730.0055,18730.0055,18710.5,18711.5165
2024-09-18 08:10:00+00:00,18712.522,18716.560999999998,18699.989,18699.989
2024-09-18 08:15:00+00:00,18699.4835,18721.066499999997,18699.4835,18710.95
2024-09-18 08:20:00+00:00,18712.933500000003,18726.0,18708.0055,18708.016499999998
2024-09-18 08:25:00+00:00,18708.5055,18710.0555,18701.0,18702.022
2024-09-18 08:30:00+00:00,18700.939000000002,18708.989,18694.983500000002,18707.5
2024-09-18 08:35:00+00:00,18707.0,18715.066499999997,18704.939000000002,18714.0
2024-09-18 08:40:00+00:00,18713.016499999998,18721.0,18704.928,18714.0055
2024-09-18 08:45:00+00:00,18712.5,18721.9945,18709.011,18721.4835
2024-09-18 08:50:00+00:00,18722.4945,18728.4945,18718.4445,18726.0
2024-09-18 08:55:00+00:00,18727.011,18730.072,18719.0,18719.989
2024-09-18 09:00:00+00:00,18721.016499999998,18721.016499999998,18704.933500000003,18705.5055
2024-09-18 09:05:00+00:00,18706.433500000003,18713.0,18699.55,18711.989
2024-09-18 09:10:00+00:00,18712.983500000002,18714.066499999997,18704.5555,18712.05
2024-09-18 09:15:00+00:00,18713.060999999998,18714.011,18704.0,18705.95
2024-09-18 09:20:00+00:00,18705.0,18710.060999999998,18698.983500000002,18708.9945
2024-09-18 09:25:00+00:00,18708.0,18718.0,18708.0,18716.0555
2024-09-18 09:30:00+00:00,18718.5055,18724.572,18710.433500000003,18723.989
2024-09-18 09:35:00+00:00,18725.4945,18726.989,18718.989,18721.9945
2024-09-18 09:40:00+00:00,18721.5,18721.5,18714.928,18720.011
2024-09-18 09:45:00+00:00,18720.989,18723.05,18712.522,18721.011
2024-09-18 09:50:00+00:00,18721.5055,18723.0055,18712.989,18718.4945
2024-09-18 09:55:00+00:00,18717.9945,18729.0165,18717.5055,18726.0055
2024-09-18 10:00:00+00:00,18727.433500000003,18727.45,18717.9445,18722.939000000002
2024-09-18 10:05:00+00:00,18722.572,18725.022,18712.489,18712.989
2024-09-18 10:10:00+00:00,18712.566499999997,18713.0055,18702.4945,18702.572
2024-09-18 10:15:00+00:00,18702.0055,18713.5,18702.0055,18713.060999999998
2024-09-18 10:20:00+00:00,18712.511,18724.0,18710.95,18718.9445
2024-09-18 10:25:00+00:00,18718.5,18722.489,18716.4945,18717.95
2024-09-18 10:30:00+00:00,18717.4945,18720.511,18704.478,18704.9945
2024-09-18 10:35:00+00:00,18704.5055,18709.989,18703.478,18704.022
2024-09-18 10:40:00+00:00,18704.566499999997,18710.0,18703.016499999998,18706.072
2024-09-18 10:45:00+00:00,18706.933500000003,18710.060999999998,18701.4945,18703.011
2024-09-18 10:50:00+00:00,18704.0055,18706.0055,18698.5,18701.989
2024-09-18 10:55:00+00:00,18701.05,18707.072,18699.560999999998,18703.989
2024-09-18 11:00:00+00:00,18702.4945,18710.0,18702.0,18708.9945
2024-09-18 11:05:00+00:00,18708.511,18710.566499999997,18704.022,18704.978
2024-09-18 11:10:00+00:00,18704.489,18709.5555,18700.4945,18707.983500000002
2024-09-18 11:15:00+00:00,18707.0055,18719.0055,18706.5,18717.0055
2024-09-18 11:20:00+00:00,18716.511,18734.0165,18713.9835,18730.9945
2024-09-18 11:25:00+00:00,18732.0,18738.489,18721.9945,18726.0055
2024-09-18 11:30:00+00:00,18728.011,18733.0,18718.489,18721.0055
2024-09-18 11:35:00+00:00,18721.928,18723.5165,18718.439000000002,18721.989
2024-09-18 11:40:00+00:00,18723.0,18726.939000000002,18719.483500000002,18723.983500000002
2024-09-18 11:45:00+00:00,18724.566499999997,18735.55,18722.95,18734.560999999998
2024-09-18 11:50:00+00:00,18735.0,18736.4945,18727.022,18731.0055
2024-09-18 11:55:00+00:00,18732.0,18736.0,18728.45,18729.05
2024-09-18 12:00:00+00:00,18729.55,18729.55,18718.439000000002,18724.011
2024-09-18 12:05:00+00:00,18724.9945,18729.4445,18718.5055,18729.0055
2024-09-18 12:10:00+00:00,18728.0,18728.072,18714.0165,18717.066499999997
2024-09-18 12:15:00+00:00,18718.0055,18723.0165,18714.55,18718.0055
2024-09-18 12:20:00+00:00,18717.522,18727.989,18712.433500000003,18727.989
2024-09-18 12:25:00+00:00,18728.5055,18729.0,18716.928,18723.9945
2024-09-18 12:30:00+00:00,18724.522,18729.9945,18719.978,18725.060999999998
2024-09-18 12:35:00+00:00,18726.0,18737.511,18726.0,18737.45
2024-09-18 12:40:00+00:00,18736.9835,18740.072,18731.928,18737.011
2024-09-18 12:45:00+00:00,18737.439000000002,18740.0055,18731.9835,18740.0
2024-09-18 12:50:00+00:00,18741.0,18747.072,18737.5055,18742.9945
2024-09-18 12:55:00+00:00,18742.022,18742.5055,18734.011,18741.489
2024-09-18 13:00:00+00:00,18742.439000000002,18749.011,18738.9945,18746.983500000002
2024-09-18 13:05:00+00:00,18746.489,18749.0165,18736.9945,18748.9945
2024-09-18 13:10:00+00:00,18748.4945,18755.5055,18740.4945,18742.483500000002
2024-09-18 13:15:00+00:00,18742.9445,18747.5,18739.9945,18739.9945
2024-09-18 13:20:00+00:00,18739.0,18756.5,18738.011,18751.566499999997
2024-09-18 13:25:00+00:00,18751.0,18760.9945,18749.4945,18754.9945
2024-09-18 13:30:00+00:00,18755.9945,18760.0055,18733.011,18735.011
2024-09-18 13:35:00+00:00,18736.0055,18744.5055,18731.989,18740.0
2024-09-18 13:40:00+00:00,18738.939000000002,18748.066499999997,18732.439000000002,18741.0165
2024-09-18 13:45:00+00:00,18741.4945,18745.9945,18730.011,18732.05
2024-09-18 13:50:00+00:00,18731.0055,18735.95,18715.483500000002,18717.933500000003
2024-09-18 13:55:00+00:00,18716.933500000003,18721.989,18708.5055,18717.0
2024-09-18 14:00:00+00:00,18717.511,18729.0,18713.439000000002,18728.4945
2024-09-18 14:05:00+00:00,18728.939000000002,18731.0,18706.489,18713.989
2024-09-18 14:10:00+00:00,18716.072,18720.011,18699.928,18707.95
2024-09-18 14:15:00+00:00,18707.489,18718.0555,18701.939000000002,18707.5165
2024-09-18 14:20:00+00:00,18708.9945,18712.516499999998,18702.933500000003,18708.0055
2024-09-18 14:25:00+00:00,18707.511,18736.489,18700.05,18729.0
2024-09-18 14:30:00+00:00,18728.0055,18729.4945,18708.9445,18712.0
2024-09-18 14:35:00+00:00,18712.433500000003,18725.0555,18710.989,18722.522
2024-09-18 14:40:00+00:00,18722.9445,18736.5055,18719.0555,18734.066499999997
2024-09-18 14:45:00+00:00,18734.433500000003,18741.0165,18733.933500000003,18735.9835
2024-09-18 14:50:00+00:00,18736.572,18737.9945,18727.95,18734.55
2024-09-18 14:55:00+00:00,18733.978,18735.516499999998,18719.511,18724.9835
2024-09-18 15:00:00+00:00,18725.989,18736.072,18725.989,18726.511
2024-09-18 15:05:00+00:00,18725.4945,18731.511,18712.489,18719.0
2024-09-18 15:10:00+00:00,18718.0,18718.566499999997,18701.522,18715.0
2024-09-18 15:15:00+00:00,18715.516499999998,18718.978,18709.0,18717.5
2024-09-18 15:20:00+00:00,18718.9445,18719.4945,18710.95,18711.989
2024-09-18 15:25:00+00:00,18712.939000000002,18718.4945,18711.5,18717.0055
2024-09-18 15:30:00+00:00,18718.0055,18718.0055,18701.9445,18706.066499999997
2024-09-18 15:35:00+00:00,18706.489,18713.9945,18704.95,18710.978
2024-09-18 15:40:00+00:00,18710.011,18713.011,18706.983500000002,18712.928
2024-09-18 15:45:00+00:00,18714.066499999997,18715.4945,18700.016499999998,18709.011
2024-09-18 15:50:00+00:00,18709.5,18718.45,18708.428,18716.9945
2024-09-18 15:55:00+00:00,18717.4835,18722.011,18702.483500000002,18703.066499999997
2024-09-18 16:00:00+00:00,18702.439000000002,18705.016499999998,18696.4835,18699.072
2024-09-18 16:05:00+00:00,18698.0,18709.0555,18698.0,18706.9945
2024-09-18 16:10:00+00:00,18706.566499999997,18714.522,18706.4445,18713.5165
2024-09-18 16:15:00+00:00,18712.978,18718.072,18711.939000000002,18713.9945
2024-09-18 16:20:00+00:00,18714.5,18715.072,18709.9445,18712.989
2024-09-18 16:25:00+00:00,18712.489,18722.5,18711.5055,18719.9945
2024-09-18 16:30:00+00:00,18720.478,18725.5,18718.4445,18723.060999999998
2024-09-18 16:35:00+00:00,18723.511,18726.478,18721.989,18724.022
2024-09-18 16:40:00+00:00,18724.4445,18730.0,18720.4835,18727.489
2024-09-18 16:45:00+00:00,18727.9445,18733.011,18725.489,18728.45
2024-09-18 16:50:00+00:00,18729.483500000002,18736.0055,18729.483500000002,18735.9945
2024-09-18 16:55:00+00:00,18735.5055,18738.5055,18733.4835,18736.511
2024-09-18 17:00:00+00:00,18737.05,18740.516499999998,18735.433500000003,18737.5055
2024-09-18 17:05:00+00:00,18736.928,18739.5,18733.9445,18738.5055
2024-09-18 17:10:00+00:00,18738.9945,18741.566499999997,18733.9945,18736.489
2024-09-18 17:15:00+00:00,18736.983500000002,18742.0055,18736.516499999998,18741.05
2024-09-18 17:20:00+00:00,18741.433500000003,18743.5165,18731.9945,18735.0055
2024-09-18 17:25:00+00:00,18735.5555,18750.022,18735.489,18750.0055
2024-09-18 17:30:00+00:00,18750.9945,18758.511,18747.5,18757.511
2024-09-18 17:35:00+00:00,18758.0,18762.0,18740.9835,18754.95
2024-09-18 17:40:00+00:00,18755.5165,18759.55,18754.439000000002,18758.5
2024-09-18 17:45:00+00:00,18759.478,18762.5055,18751.9445,18753.0055
2024-09-18 17:50:00+00:00,18752.489,18757.0165,18750.428,18755.95
2024-09-18 17:55:00+00:00,18756.489,18769.060999999998,18752.928,18763.522
2024-09-18 18:00:00+00:00,18757.989,18917.511,18753.483500000002,18838.4835
2024-09-18 18:05:00+00:00,18839.072,18854.95,18779.0055,18800.0
2024-09-18 18:10:00+00:00,18802.0,18811.489,18763.45,18788.4945
2024-09-18 18:15:00+00:00,18789.4945,18827.9945,18788.428,18819.9945
2024-09-18 18:20:00+00:00,18818.989,18834.011,18804.4945,18822.511
2024-09-18 18:25:00+00:00,18823.0,18835.0165,18812.0,18827.05
2024-09-18 18:30:00+00:00,18827.5,18853.5555,18823.9945,18851.0
2024-09-18 18:35:00+00:00,18851.5,18852.0555,18805.9945,18825.478
2024-09-18 18:40:00+00:00,18827.933500000003,18829.439000000002,18778.5,18781.011
2024-09-18 18:45:00+00:00,18780.011,18817.016499999998,18775.95,18800.978
2024-09-18 18:50:00+00:00,18799.011,18824.9945,18796.489,18814.0555
2024-09-18 18:55:00+00:00,18812.066499999997,18820.060999999998,18773.4445,18773.4445
2024-09-18 19:00:00+00:00,18774.022,18774.066499999997,18749.45,18760.511
2024-09-18 19:05:00+00:00,18759.989,18763.0555,18737.072,18754.978
2024-09-18 19:10:00+00:00,18753.022,18787.5,18745.4945,18783.511
2024-09-18 19:15:00+00:00,18783.011,18785.4445,18769.989,18780.011
2024-09-18 19:20:00+00:00,18779.489,18781.989,18731.983500000002,18769.989
2024-09-18 19:25:00+00:00,18768.989,18799.0,18768.5,18784.011
2024-09-18 19:30:00+00:00,18783.478,18789.9445,18758.5,18762.566499999997
2024-09-18 19:35:00+00:00,18762.0055,18778.489,18755.9945,18769.0
2024-09-18 19:40:00+00:00,18767.5055,18773.022,18740.989,18740.989
2024-09-18 19:45:00+00:00,18741.5555,18753.5,18733.0,18737.016499999998
2024-09-18 19:50:00+00:00,18736.4945,18757.0,18733.928,18752.933500000003
2024-09-18 19:55:00+00:00,18752.478,18760.983500000002,18742.9945,18746.566499999997
2024-09-18 20:00:00+00:00,18745.989,18762.511,18731.039,18760.839
2024-09-18 20:05:00+00:00,18761.2835,18784.7945,18759.1945,18778.95
2024-09-18 20:10:00+00:00,18779.4,18779.860999999997,18769.0335,18774.1
2024-09-18 22:00:00+00:00,18778.6,18778.610999999997,18778.2,18778.610999999997
2024-09-18 22:05:00+00:00,18778.178,18780.7165,18770.011,18772.9665
2024-09-18 22:10:00+00:00,18773.2835,18782.8,18770.422,18781.511
2024-09-18 22:15:00+00:00,18781.95,18792.360999999997,18781.4945,18791.7835
2024-09-18 22:20:00+00:00,18792.3055,18793.105499999998,18789.739,18790.5335
2024-09-18 22:25:00+00:00,18789.7835,18799.894500000002,18787.9835,18796.1165
2024-09-18 22:30:00+00:00,18796.605499999998,18801.922,18794.894500000002,18799.0055
2024-09-18 22:35:00+00:00,18799.472,18801.7,18797.339,18800.9555
2024-09-18 22:40:00+00:00,18800.4055,18802.9055,18799.261,18801.978
2024-09-18 22:45:00+00:00,18801.272,18802.9555,18794.55,18795.8
2024-09-18 22:50:00+00:00,18795.328,18796.3,18791.228,18792.039
2024-09-18 22:55:00+00:00,18791.2945,18794.6,18786.394500000002,18792.0445
2024-09-18 23:00:00+00:00,18793.4,18803.711,18790.25,18793.672
2024-09-18 23:05:00+00:00,18794.4,18797.7555,18791.9835,18796.1
2024-09-18 23:10:00+00:00,18796.9055,18796.9055,18790.65,18793.578
2024-09-18 23:15:00+00:00,18792.810999999998,18793.610999999997,18783.689000000002,18786.389000000003
2024-09-18 23:20:00+00:00,18785.489,18788.0555,18775.528,18786.4055
2024-09-18 23:25:00+00:00,18787.211,18787.211,18778.0835,18779.872
2024-09-18 23:30:00+00:00,18780.6,18781.394500000002,18773.928,18779.810999999998
2024-09-18 23:35:00+00:00,18778.8335,18788.7945,18777.35,18787.6
2024-09-18 23:40:00+00:00,18787.1945,18790.4945,18780.189000000002,18781.9
2024-09-18 23:45:00+00:00,18781.1555,18787.766499999998,18780.1945,18787.7
2024-09-18 23:50:00+00:00,18788.433500000003,18818.25,18787.6945,18814.889000000003
2024-09-18 23:55:00+00:00,18814.483500000002,18856.6,18813.183500000003,18852.483500000002
2024-09-19 00:00:00+00:00,18854.0835,18884.65,18845.8,18846.95
2024-09-19 00:05:00+00:00,18847.894500000002,18851.2,18826.4,18832.15
2024-09-19 00:10:00+00:00,18832.578,18844.2,18827.1945,18830.5055
2024-09-19 00:15:00+00:00,18835.0,18842.9945,18820.439000000002,18823.072
2024-09-19 00:20:00+00:00,18823.060999999998,18834.4945,18813.5,18824.9945
2024-09-19 00:25:00+00:00,18825.572,18853.022,18824.478,18835.5165
2024-09-19 00:30:00+00:00,18835.016499999998,18835.016499999998,18816.4835,18818.428
2024-09-19 00:35:00+00:00,18816.978,18816.983500000002,18791.928,18795.0
2024-09-19 00:40:00+00:00,18795.4835,18796.5055,18784.989,18785.511
2024-09-19 00:45:00+00:00,18786.939000000002,18790.5055,18777.928,18784.9945
2024-09-19 00:50:00+00:00,18784.5,18789.5555,18772.5055,18789.5555
2024-09-19 00:55:00+00:00,18788.016499999998,18790.060999999998,18772.489,18779.5055
2024-09-19 01:00:00+00:00,18778.978,18784.511,18777.066499999997,18782.9445
2024-09-19 01:05:00+00:00,18782.0555,18787.5165,18781.9445,18786.022
2024-09-19 01:10:00+00:00,18786.4945,18787.05,18766.95,18773.933500000003
2024-09-19 01:15:00+00:00,18775.066499999997,18783.0,18773.95,18779.45
2024-09-19 01:20:00+00:00,18780.0,18787.478,18779.4945,18786.022
2024-09-19 01:25:00+00:00,18785.55,18789.5055,18771.978,18773.4945
2024-09-19 01:30:00+00:00,18773.0055,18778.5055,18769.5,18775.5165
2024-09-19 01:35:00+00:00,18776.0055,18796.478,18775.0165,18793.572
2024-09-19 01:40:00+00:00,18794.5,18799.5,18791.928,18798.022
2024-09-19 01:45:00+00:00,18798.478,18806.0055,18797.478,18805.5165
2024-09-19 01:50:00+00:00,18805.983500000002,18813.939000000002,18803.433500000003,18812.0055
2024-09-19 01:55:00+00:00,18812.511,18820.55,18808.489,18819.489
2024-09-19 02:00:00+00:00,18820.011,18836.4945,18819.9945,18834.5055
2024-09-19 02:05:00+00:00,18835.011,18835.939000000002,18823.5,18835.939000000002
2024-09-19 02:10:00+00:00,18836.428,18852.060999999998,18836.428,18850.4945
2024-09-19 02:15:00+00:00,18852.0555,18854.572,18848.489,18848.939000000002
2024-09-19 02:20:00+00:00,18849.5,18852.511,18848.0,18849.05
2024-09-19 02:25:00+00:00,18849.45,18850.522,18847.0055,18850.5
2024-09-19 02:30:00+00:00,18850.0055,18850.983500000002,18844.5,18847.5
2024-09-19 02:35:00+00:00,18848.489,18861.022,18848.489,18855.4835
2024-09-19 02:40:00+00:00,18855.072,18885.989,18854.489,18884.5055
2024-09-19 02:45:00+00:00,18884.011,18889.483500000002,18872.572,18876.0555
2024-09-19 02:50:00+00:00,18876.928,18880.55,18876.560999999998,18878.4945
2024-09-19 02:55:00+00:00,18879.0055,18879.572,18867.0,18867.939000000002
2024-09-19 03:00:00+00:00,18869.072,18876.022,18864.45,18864.45
2024-09-19 03:05:00+00:00,18862.978,18867.011,18859.939000000002,18866.0
2024-09-19 03:10:00+00:00,18865.5555,18865.5555,18859.4445,18859.4445
2024-09-19 03:15:00+00:00,18859.060999999998,18864.0,18851.45,18862.5055
2024-09-19 03:20:00+00:00,18859.95,18863.072,18857.983500000002,18862.489
2024-09-19 03:25:00+00:00,18862.016499999998,18868.5,18861.4945,18868.0055
2024-09-19 03:30:00+00:00,18867.0,18873.5,18863.939000000002,18873.5
2024-09-19 03:35:00+00:00,18875.5,18885.989,18869.978,18872.5055
2024-09-19 03:40:00+00:00,18873.489,18878.566499999997,18871.978,18871.978
2024-09-19 03:45:00+00:00,18872.5055,18879.0,18869.9835,18879.0
2024-09-19 03:50:00+00:00,18879.489,18889.4835,18878.560999999998,18883.060999999998
2024-09-19 03:55:00+00:00,18883.989,18894.5,18879.011,18890.989
2024-09-19 04:00:00+00:00,18891.478,18893.5,18884.9445,18887.5
2024-09-19 04:05:00+00:00,18886.55,18892.511,18884.95,18892.489
2024-09-19 04:10:00+00:00,18893.066499999997,18893.983500000002,18889.928,18890.022
2024-09-19 04:15:00+00:00,18890.5165,18891.0055,18882.4835,18883.4945
2024-09-19 04:20:00+00:00,18884.022,18885.9945,18880.5,18885.45
2024-09-19 04:25:00+00:00,18885.0165,18887.0,18883.0,18883.5055
2024-09-19 04:30:00+00:00,18883.9945,18891.5055,18883.5,18889.0
2024-09-19 04:35:00+00:00,18890.022,18891.5165,18884.5055,18886.489
2024-09-19 04:40:00+00:00,18886.9945,18888.066499999997,18880.0,18883.022
2024-09-19 04:45:00+00:00,18881.022,18887.560999999998,18881.022,18884.511
2024-09-19 04:50:00+00:00,18885.4945,18891.511,18885.4945,18889.5055
2024-09-19 04:55:00+00:00,18889.0055,18894.0,18888.5,18893.4445
2024-09-19 05:00:00+00:00,18891.433500000003,18893.516499999998,18882.95,18882.95
2024-09-19 05:05:00+00:00,18882.439000000002,18884.5055,18876.0055,18881.939000000002
2024-09-19 05:10:00+00:00,18880.011,18886.9945,18877.072,18886.0555
2024-09-19 05:15:00+00:00,18887.0165,18891.478,18884.022,18886.9945
2024-09-19 05:20:00+00:00,18887.483500000002,18887.522,18879.95,18881.0055
2024-09-19 05:25:00+00:00,18880.511,18880.511,18871.5,18873.0055
2024-09-19 05:30:00+00:00,18872.522,18873.511,18870.0055,18872.0055
2024-09-19 05:35:00+00:00,18871.5,18871.5,18859.939000000002,18861.05
2024-09-19 05:40:00+00:00,18861.9835,18867.016499999998,18860.983500000002,18865.9945
2024-09-19 05:45:00+00:00,18866.5,18867.066499999997,18852.978,18863.0555
2024-09-19 05:50:00+00:00,18862.560999999998,18871.0055,18859.5,18861.016499999998
2024-09-19 05:55:00+00:00,18862.0,18868.05,18852.978,18856.5
2024-09-19 06:00:00+00:00,18855.072,18860.4945,18836.4445,18836.4445
2024-09-19 06:05:00+00:00,18837.0,18837.0055,18819.016499999998,18829.95
2024-09-19 06:10:00+00:00,18830.5,18842.560999999998,18828.5555,18841.55
2024-09-19 06:15:00+00:00,18842.0,18848.95,18829.0,18848.95
2024-09-19 06:20:00+00:00,18848.5055,18868.9945,18847.95,18868.9945
2024-09-19 06:25:00+00:00,18868.5,18877.989,18859.928,18870.0
2024-09-19 06:30:00+00:00,18871.0055,18886.5055,18870.0055,18884.011
2024-09-19 06:35:00+00:00,18884.489,18892.560999999998,18880.0055,18880.483500000002
2024-09-19 06:40:00+00:00,18880.9945,18881.0,18863.489,18863.489
2024-09-19 06:45:00+00:00,18863.983500000002,18871.9945,18859.05,18871.9945
2024-09-19 06:50:00+00:00,18872.5,18878.016499999998,18861.0,18867.0
2024-09-19 06:55:00+00:00,18867.566499999997,18881.522,18862.428,18865.5555
2024-09-19 07:00:00+00:00,18873.5,18891.5055,18868.5,18873.516499999998
2024-09-19 07:05:00+00:00,18872.45,18873.5165,18847.4945,18849.0055
2024-09-19 07:10:00+00:00,18850.066499999997,18856.4945,18840.45,18853.983500000002
2024-09-19 07:15:00+00:00,18853.516499999998,18857.511,18839.5055,18851.4445
2024-09-19 07:20:00+00:00,18850.95,18867.989,18845.9945,18865.566499999997
2024-09-19 07:25:00+00:00,18864.939000000002,18867.522,18830.55,18831.5055
2024-09-19 07:30:00+00:00,18831.022,18832.489,18810.439000000002,18816.560999999998
2024-09-19 07:35:00+00:00,18815.989,18829.0,18807.511,18807.9945
2024-09-19 07:40:00+00:00,18808.489,18831.5165,18806.489,18826.4945
2024-09-19 07:45:00+00:00,18825.072,18830.489,18803.439000000002,18809.9945
2024-09-19 07:50:00+00:00,18810.45,18822.566499999997,18803.5,18821.978
2024-09-19 07:55:00+00:00,18822.5055,18844.572,18821.428,18843.5055
2024-09-19 08:00:00+00:00,18843.016499999998,18850.55,18829.428,18839.0055
2024-09-19 08:05:00+00:00,18838.5,18847.0055,18831.439000000002,18845.522
2024-09-19 08:10:00+00:00,18845.0055,18884.5,18845.0055,18884.4945
2024-09-19 08:15:00+00:00,18884.933500000003,18888.5055,18861.511,18868.55
2024-09-19 08:20:00+00:00,18869.0,18870.0055,18855.4945,18862.0
2024-09-19 08:25:00+00:00,18861.0,18876.572,18858.433500000003,18876.572
2024-09-19 08:30:00+00:00,18875.5,18888.5,18872.511,18874.072
2024-09-19 08:35:00+00:00,18872.428,18884.928,18867.4945,18884.928
2024-09-19 08:40:00+00:00,18885.5055,18907.016499999998,18883.983500000002,18897.566499999997
2024-09-19 08:45:00+00:00,18897.011,18899.0055,18886.483500000002,18899.0055
2024-09-19 08:50:00+00:00,18901.0,18918.0,18900.5555,18912.511
2024-09-19 08:55:00+00:00,18911.478,18916.5165,18908.428,18913.9835
2024-09-19 09:00:00+00:00,18914.9835,18942.433500000003,18911.5165,18941.978
2024-09-19 09:05:00+00:00,18942.516499999998,18948.0,18936.0,18941.489
2024-09-19 09:10:00+00:00,18942.0,18949.5555,18936.511,18948.933500000003
2024-09-19 09:15:00+00:00,18948.0,18965.05,18944.0,18956.0
2024-09-19 09:20:00+00:00,18956.5055,18975.0,18956.5055,18972.9945
2024-09-19 09:25:00+00:00,18973.5165,18981.572,18968.978,18973.428
2024-09-19 09:30:00+00:00,18973.95,18984.489,18970.5055,18981.9445
2024-09-19 09:35:00+00:00,18982.522,18991.933500000003,18979.928,18980.011
2024-09-19 09:40:00+00:00,18979.5055,18981.560999999998,18964.489,18967.95
2024-09-19 09:45:00+00:00,18967.483500000002,18970.95,18961.9835,18969.0055
2024-09-19 09:50:00+00:00,18968.5,18976.983500000002,18963.0,18973.483500000002
2024-09-19 09:55:00+00:00,18973.016499999998,18979.0,18966.4945,18967.0055
2024-09-19 10:00:00+00:00,18965.95,18978.0055,18965.0,18966.489
2024-09-19 10:05:00+00:00,18966.9445,18979.4945,18966.5,18974.072
2024-09-19 10:10:00+00:00,18973.566499999997,18978.0,18971.0055,18976.4945
2024-09-19 10:15:00+00:00,18974.5165,18982.511,18968.4445,18981.939000000002
2024-09-19 10:20:00+00:00,18982.5,18991.066499999997,18980.011,18990.5055
2024-09-19 10:25:00+00:00,18990.989,18994.5165,18980.0,18987.983500000002
2024-09-19 10:30:00+00:00,18988.9835,18992.572,18985.0,18989.5
2024-09-19 10:35:00+00:00,18990.5055,19002.0,18990.4445,18998.011
2024-09-19 10:40:00+00:00,19000.0555,19003.5055,18990.928,18995.0
2024-09-19 10:45:00+00:00,18994.5055,18998.4945,18986.5055,18995.433500000003
2024-09-19 10:50:00+00:00,18994.0055,19006.066499999997,18994.0055,19006.0055
2024-09-19 10:55:00+00:00,19006.5555,19008.0555,18996.016499999998,18997.0
2024-09-19 11:00:00+00:00,18996.4835,19008.0,18996.011,18998.511
2024-09-19 11:05:00+00:00,18998.060999999998,18998.060999999998,18986.5,18986.5
2024-09-19 11:10:00+00:00,18985.5555,18999.0055,18985.5,18985.989
2024-09-19 11:15:00+00:00,18987.0,18987.0,18972.433500000003,18984.511
2024-09-19 11:20:00+00:00,18982.9945,18990.5055,18981.0,18986.5
2024-09-19 11:25:00+00:00,18986.983500000002,19001.05,18985.478,18999.5
2024-09-19 11:30:00+00:00,19000.0,19017.5555,18996.5,19014.0055
2024-09-19 11:35:00+00:00,19013.45,19021.0055,19010.9445,19020.5165
2024-09-19 11:40:00+00:00,19020.989,19048.511,19020.4945,19037.5
2024-09-19 11:45:00+00:00,19035.983500000002,19036.0,19021.483500000002,19024.566499999997
2024-09-19 11:50:00+00:00,19025.0055,19026.5,19014.0,19018.45
2024-09-19 11:55:00+00:00,19019.5,19029.572,19018.478,19028.489
2024-09-19 12:00:00+00:00,19028.0055,19031.0165,19016.478,19025.572
2024-09-19 12:05:00+00:00,19025.983500000002,19028.5,19017.9945,19024.5055
2024-09-19 12:10:00+00:00,19025.5555,19035.066499999997,19021.483500000002,19028.4945
2024-09-19 12:15:00+00:00,19029.511,19040.0555,19024.9945,19037.0555
2024-09-19 12:20:00+00:00,19036.5,19038.4445,19021.4945,19022.989
2024-09-19 12:25:00+00:00,19024.4945,19028.483500000002,19018.5165,19019.0
2024-09-19 12:30:00+00:00,19020.489,19032.072,19016.489,19024.522
2024-09-19 12:35:00+00:00,19022.489,19022.560999999998,19009.5,19015.439000000002
2024-09-19 12:40:00+00:00,19015.9445,19020.066499999997,19007.4945,19013.0055
2024-09-19 12:45:00+00:00,19012.4445,19016.5165,19003.928,19007.489
2024-09-19 12:50:00+00:00,19008.05,19021.566499999997,19004.983500000002,19010.428
2024-09-19 12:55:00+00:00,19009.9945,19013.9445,19003.560999999998,19008.5555
2024-09-19 13:00:00+00:00,19011.428,19011.560999999998,18999.9445,19008.5055
2024-09-19 13:05:00+00:00,19009.928,19014.4945,18999.4945,19014.4945
2024-09-19 13:10:00+00:00,19013.0555,19024.9945,19013.0555,19024.5
2024-09-19 13:15:00+00:00,19023.989,19027.5555,19014.989,19025.4835
2024-09-19 13:20:00+00:00,19025.978,19034.0555,19023.489,19030.45
2024-09-19 13:25:00+00:00,19029.928,19040.011,19027.0055,19038.016499999998
2024-09-19 13:30:00+00:00,19038.928,19047.060999999998,19028.45,19028.5055
2024-09-19 13:35:00+00:00,19027.566499999997,19036.5,19022.511,19030.522
2024-09-19 13:40:00+00:00,19031.4945,19034.45,18993.0055,18993.0055
2024-09-19 13:45:00+00:00,18992.0,18995.011,18965.5055,18975.55
2024-09-19 13:50:00+00:00,18975.0055,18981.5,18947.483500000002,18980.566499999997
2024-09-19 13:55:00+00:00,18983.5055,18997.011,18981.5,18995.0165
2024-09-19 14:00:00+00:00,18995.939000000002,19005.478,18991.5,18995.483500000002
2024-09-19 14:05:00+00:00,18996.566499999997,18997.560999999998,18955.9445,18958.433500000003
2024-09-19 14:10:00+00:00,18959.5055,18990.55,18953.0165,18971.566499999997
2024-09-19 14:15:00+00:00,18971.983500000002,18980.9945,18953.9445,18980.9945
2024-09-19 14:20:00+00:00,18980.5555,18983.983500000002,18968.5,18983.489
2024-09-19 14:25:00+00:00,18982.5055,18991.0055,18974.9945,18988.5
2024-09-19 14:30:00+00:00,18987.489,19001.072,18985.4445,18995.4945
2024-09-19 14:35:00+00:00,18996.011,19000.5,18983.939000000002,18991.5
2024-09-19 14:40:00+00:00,18990.516499999998,18991.511,18972.433500000003,18981.511
2024-09-19 14:45:00+00:00,18980.566499999997,18982.5555,18961.9445,18981.9945
2024-09-19 14:50:00+00:00,18980.55,18982.0055,18963.478,18964.522
2024-09-19 14:55:00+00:00,18962.511,18975.011,18961.5555,18964.928
2024-09-19 15:00:00+00:00,18966.011,18986.5,18962.5,18979.572
2024-09-19 15:05:00+00:00,18980.0,18981.0,18956.5,18963.478
2024-09-19 15:10:00+00:00,18964.5,18988.511,18963.522,18983.4445
2024-09-19 15:15:00+00:00,18982.489,18997.489,18982.0055,18995.5055
2024-09-19 15:20:00+00:00,18994.5,19003.4945,18992.566499999997,19002.9835
2024-09-19 15:25:00+00:00,19002.5,19004.55,18995.55,19001.5055
2024-09-19 15:30:00+00:00,19000.439000000002,19006.478,18991.9945,19001.5
2024-09-19 15:35:00+00:00,19002.011,19021.989,19002.011,19011.489
2024-09-19 15:40:00+00:00,19013.516499999998,19018.5,19007.011,19008.95
2024-09-19 15:45:00+00:00,19009.5055,19022.060999999998,19009.0165,19017.5055
2024-09-19 15:50:00+00:00,19016.483500000002,19018.0055,19003.511,19010.45
2024-09-19 15:55:00+00:00,19009.0055,19013.560999999998,19005.45,19006.489
2024-09-19 16:00:00+00:00,19005.5055,19018.560999999998,19003.428,19018.489
2024-09-19 16:05:00+00:00,19019.0165,19023.5555,19018.011,19023.5555
2024-09-19 16:10:00+00:00,19023.022,19024.011,19010.0,19011.478
2024-09-19 16:15:00+00:00,19010.978,19026.0,19009.928,19024.05
2024-09-19 16:20:00+00:00,19023.5055,19025.5055,19015.05,19019.511
2024-09-19 16:25:00+00:00,19018.95,19027.55,19018.928,19026.428
2024-09-19 16:30:00+00:00,19025.566499999997,19029.5055,19023.478,19029.4835
2024-09-19 16:35:00+00:00,19029.05,19030.572,19026.9945,19029.4945
2024-09-19 16:40:00+00:00,19029.933500000003,19031.5055,19027.433500000003,19030.5
2024-09-19 16:45:00+00:00,19030.0,19032.489,19023.489,19023.9835
2024-09-19 16:50:00+00:00,19024.5,19027.4945,19023.5055,19026.5
2024-09-19 16:55:00+00:00,19025.9945,19029.5,19023.011,19024.0
2024-09-19 17:00:00+00:00,19024.4445,19026.0055,19021.0,19023.933500000003
2024-09-19 17:05:00+00:00,19023.55,19026.022,19020.9945,19025.439000000002
2024-09-19 17:10:00+00:00,19024.489,19025.55,19017.489,19022.5165
2024-09-19 17:15:00+00:00,19021.4835,19026.933500000003,19019.489,19025.9945
2024-09-19 17:20:00+00:00,19024.011,19025.066499999997,19018.5,19023.439000000002
2024-09-19 17:25:00+00:00,19023.9445,19027.560999999998,19022.4445,19026.5
2024-09-19 17:30:00+00:00,19026.0165,19031.5,19025.5,19029.5
2024-09-19 17:35:00+00:00,19029.928,19034.522,19029.928,19034.05
2024-09-19 17:40:00+00:00,19034.989,19044.0055,19034.989,19044.0055
2024-09-19 17:45:00+00:00,19043.5,19046.072,19039.9945,19040.9835
2024-09-19 17:50:00+00:00,19040.5,19044.516499999998,19038.5,19042.5
2024-09-19 17:55:00+00:00,19043.983500000002,19044.978,19042.45,19044.489
2024-09-19 18:00:00+00:00,19044.9945,19045.0055,19040.0,19043.4945
2024-09-19 18:05:00+00:00,19043.0055,19043.0055,19030.516499999998,19032.5
2024-09-19 18:10:00+00:00,19032.022,19033.5165,19028.483500000002,19032.5
2024-09-19 18:15:00+00:00,19031.9945,19031.9945,19011.5,19018.0165
2024-09-19 18:20:00+00:00,19019.0,19025.011,19017.5055,19023.5
2024-09-19 18:25:00+00:00,19022.4835,19029.9945,19019.478,19028.5165
2024-09-19 18:30:00+00:00,19029.0,19031.022,19021.4445,19021.4445
2024-09-19 18:35:00+00:00,19020.511,19025.928,19019.022,19025.928
2024-09-19 18:40:00+00:00,19024.0055,19027.5,19023.4945,19026.478
2024-09-19 18:45:00+00:00,19025.9445,19027.5165,19018.5,19019.4945
2024-09-19 18:50:00+00:00,19018.9835,19023.5055,19014.566499999997,19023.5055
2024-09-19 18:55:00+00:00,19022.5055,19025.522,19016.511,19025.522
2024-09-19 19:00:00+00:00,19024.989,19026.0055,19018.5055,19025.011
2024-09-19 19:05:00+00:00,19024.489,19025.5,19016.9945,19019.4945
2024-09-19 19:10:00+00:00,19020.011,19022.022,18975.978,18976.489
2024-09-19 19:15:00+00:00,18976.0,19002.5,18975.516499999998,18981.0555
2024-09-19 19:20:00+00:00,18982.060999999998,18999.016499999998,18975.0,18998.4945
2024-09-19 19:25:00+00:00,18997.572,18997.572,18977.489,18988.5
2024-09-19 19:30:00+00:00,18987.9945,18987.9945,18972.0555,18973.5
2024-09-19 19:35:00+00:00,18972.9945,18979.489,18967.566499999997,18970.5055
2024-09-19 19:40:00+00:00,18970.9945,18979.5165,18969.9945,18970.5055
2024-09-19 19:45:00+00:00,18969.939000000002,18983.428,18969.939000000002,18982.4945
2024-09-19 19:50:00+00:00,18980.572,18981.0,18961.0,18966.522
2024-09-19 19:55:00+00:00,18968.5,18976.4945,18964.489,18969.5
2024-09-19 20:00:00+00:00,18969.522,18971.25,18958.644500000002,18958.689000000002
2024-09-19 20:05:00+00:00,18959.605499999998,18963.683500000003,18958.639000000003,18961.2
2024-09-19 20:10:00+00:00,18962.0,18962.0,18952.1555,18952.8335
2024-09-19 22:05:00+00:00,18974.261,18975.011,18972.1,18974.2
2024-09-19 22:10:00+00:00,18973.810999999998,18975.9555,18972.4445,18973.339
2024-09-19 22:15:00+00:00,18972.989,18973.411,18961.789,18967.0945
2024-09-19 22:20:00+00:00,18966.239,18969.672,18964.6,18969.672
2024-09-19 22:25:00+00:00,18970.0055,18973.6945,18970.0055,18972.9055
2024-09-19 22:30:00+00:00,18973.283499999998,18974.566499999997,18967.0945,18968.2945
2024-09-19 22:35:00+00:00,18967.8445,18968.711,18955.05,18958.0055
2024-09-19 22:40:00+00:00,18957.616499999996,18961.289,18955.4945,18958.0
2024-09-19 22:45:00+00:00,18958.728,18958.860999999997,18951.2055,18952.0
2024-09-19 22:50:00+00:00,18952.422,18957.0055,18951.261,18956.978
2024-09-19 22:55:00+00:00,18957.472,18962.922,18956.589,18962.894500000002
2024-09-19 23:00:00+00:00,18962.161,18962.9165,18959.528,18959.6
2024-09-19 23:05:00+00:00,18960.0,18962.0335,18958.7445,18959.605499999998
2024-09-19 23:10:00+00:00,18960.5165,18965.4,18959.605499999998,18964.2055
2024-09-19 23:15:00+00:00,18964.5945,18964.5945,18960.439000000002,18962.911
2024-09-19 23:20:00+00:00,18962.4945,18963.872,18961.289,18961.289
2024-09-19 23:25:00+00:00,18962.1555,18963.789,18960.489,18963.789
2024-09-19 23:30:00+00:00,18964.610999999997,18967.9555,18964.610999999997,18967.9555
2024-09-19 23:35:00+00:00,18968.3055,18970.3835,18964.589,18967.1
2024-09-19 23:40:00+00:00,18967.5,18968.6945,18967.0945,18968.6945
2024-09-19 23:45:00+00:00,18968.310999999998,18971.216500000002,18966.2945,18967.1165
2024-09-19 23:50:00+00:00,18966.239,18967.110999999997,18958.7445,18959.605499999998
2024-09-19 23:55:00+00:00,18959.2,18959.605499999998,18953.0,18956.278
2024-09-20 00:00:00+00:00,18955.5055,18958.7945,18953.7445,18957.110999999997
2024-09-20 00:05:00+00:00,18957.5945,18959.605499999998,18945.55,18949.2
2024-09-20 00:10:00+00:00,18948.8165,18949.216500000002,18934.3165,18938.339
2024-09-20 00:15:00+00:00,18941.560999999998,18945.978,18927.0,18941.0055
2024-09-20 00:20:00+00:00,18940.989,18941.439000000002,18934.478,18939.45
2024-09-20 00:25:00+00:00,18941.0055,18946.0,18941.0055,18944.0
2024-09-20 00:30:00+00:00,18945.483500000002,18945.483500000002,18936.5055,18940.0
2024-09-20 00:35:00+00:00,18939.5055,18951.0,18937.45,18950.4945
2024-09-20 00:40:00+00:00,18949.4945,18950.0,18945.428,18947.0
2024-09-20 00:45:00+00:00,18946.5165,18950.5165,18943.95,18947.5
2024-09-20 00:50:00+00:00,18946.983500000002,18948.928,18937.5,18942.5165
2024-09-20 00:55:00+00:00,18943.0055,18943.489,18935.4445,18938.4945
2024-09-20 01:00:00+00:00,18938.0055,18946.0055,18937.4445,18939.483500000002
2024-09-20 01:05:00+00:00,18939.9835,18944.939000000002,18939.9835,18944.5055
2024-09-20 01:10:00+00:00,18943.9945,18945.522,18939.0555,18945.05
2024-09-20 01:15:00+00:00,18945.45,18945.45,18937.0,18937.016499999998
2024-09-20 01:20:00+00:00,18937.516499999998,18938.5555,18935.9835,18937.5
2024-09-20 01:25:00+00:00,18936.9945,18938.5055,18933.5555,18934.95
2024-09-20 01:30:00+00:00,18935.483500000002,18938.978,18934.978,18934.978
2024-09-20 01:35:00+00:00,18935.5,18939.989,18935.0165,18937.489
2024-09-20 01:40:00+00:00,18936.939000000002,18941.95,18935.0055,18940.483500000002
2024-09-20 01:45:00+00:00,18940.989,18945.5165,18939.439000000002,18945.0165
2024-09-20 01:50:00+00:00,18945.511,18948.05,18942.439000000002,18947.5555
2024-09-20 01:55:00+00:00,18948.5165,18951.989,18942.0,18946.5055
2024-09-20 02:00:00+00:00,18945.5055,18958.55,18944.5,18952.0055
2024-09-20 02:05:00+00:00,18951.489,18952.011,18939.5,18939.5
2024-09-20 02:10:00+00:00,18939.0,18956.55,18938.483500000002,18954.428
2024-09-20 02:15:00+00:00,18953.5,18957.0,18942.516499999998,18945.016499999998
2024-09-20 02:20:00+00:00,18944.5055,18947.5,18943.939000000002,18947.5
2024-09-20 02:25:00+00:00,18946.989,18947.5555,18946.439000000002,18946.439000000002
2024-09-20 02:30:00+00:00,18947.0,18949.011,18945.0,18945.516499999998
2024-09-20 02:35:00+00:00,18945.0,18946.0,18941.95,18941.95
2024-09-20 02:40:00+00:00,18942.55,18943.5,18941.989,18942.511
2024-09-20 02:45:00+00:00,18940.4945,18940.4945,18934.511,18935.483500000002
2024-09-20 02:50:00+00:00,18934.566499999997,18936.5055,18933.933500000003,18935.989
2024-09-20 02:55:00+00:00,18936.5555,18937.511,18933.0055,18933.0055
2024-09-20 03:00:00+00:00,18931.9945,18936.511,18931.9945,18934.489
2024-09-20 03:05:00+00:00,18934.0,18934.0,18923.9835,18927.978
2024-09-20 03:10:00+00:00,18928.511,18932.0,18926.9945,18930.9945
2024-09-20 03:15:00+00:00,18931.511,18934.011,18929.016499999998,18933.5055
2024-09-20 03:20:00+00:00,18933.0055,18933.511,18919.511,18921.5165
2024-09-20 03:25:00+00:00,18922.011,18925.0555,18920.511,18923.011
2024-09-20 03:30:00+00:00,18923.478,18933.5055,18922.95,18932.5
2024-09-20 03:35:00+00:00,18931.072,18940.511,18928.5,18936.5
2024-09-20 03:40:00+00:00,18937.0,18941.0,18936.516499999998,18939.989
2024-09-20 03:45:00+00:00,18940.5055,18941.511,18937.978,18939.0555
2024-09-20 03:50:00+00:00,18940.011,18940.516499999998,18937.95,18939.933500000003
2024-09-20 03:55:00+00:00,18939.566499999997,18942.5555,18936.560999999998,18938.5
2024-09-20 04:00:00+00:00,18938.072,18939.522,18923.511,18930.0
2024-09-20 04:05:00+00:00,18929.511,18936.016499999998,18927.5,18935.0555
2024-09-20 04:10:00+00:00,18933.9945,18939.9945,18933.9945,18937.022
2024-09-20 04:15:00+00:00,18936.5,18936.5,18928.9945,18931.060999999998
2024-09-20 04:20:00+00:00,18930.511,18937.516499999998,18930.483500000002,18936.4945
2024-09-20 04:25:00+00:00,18937.5,18941.560999999998,18936.45,18940.016499999998
2024-09-20 04:30:00+00:00,18940.55,18947.4945,18940.5,18945.0
2024-09-20 04:35:00+00:00,18945.5055,18946.511,18943.9445,18945.066499999997
2024-09-20 04:40:00+00:00,18943.5055,18945.489,18940.511,18941.55
2024-09-20 04:45:00+00:00,18942.5,18942.5,18933.072,18936.0
2024-09-20 04:50:00+00:00,18936.522,18937.011,18933.0055,18933.0055
2024-09-20 04:55:00+00:00,18933.5,18936.4945,18931.928,18931.928
2024-09-20 05:00:00+00:00,18933.0,18933.0,18924.0055,18924.5055
2024-09-20 05:05:00+00:00,18924.022,18928.9835,18920.9835,18920.9835
2024-09-20 05:10:00+00:00,18920.516499999998,18924.5555,18916.5055,18921.011
2024-09-20 05:15:00+00:00,18920.55,18920.55,18913.011,18916.0
2024-09-20 05:20:00+00:00,18915.489,18917.5055,18906.9445,18911.016499999998
2024-09-20 05:25:00+00:00,18910.5,18916.9945,18910.5,18912.060999999998
2024-09-20 05:30:00+00:00,18911.5055,18912.060999999998,18905.0,18906.95
2024-09-20 05:35:00+00:00,18906.483500000002,18909.572,18899.428,18908.4445
2024-09-20 05:40:00+00:00,18907.989,18916.0055,18899.072,18902.5055
2024-09-20 05:45:00+00:00,18903.0165,18912.4945,18898.983500000002,18907.5055
2024-09-20 05:50:00+00:00,18908.4945,18917.05,18905.933500000003,18913.489
2024-09-20 05:55:00+00:00,18912.9835,18919.011,18901.05,18911.433500000003
2024-09-20 06:00:00+00:00,18912.516499999998,18929.4835,18911.016499999998,18925.9945
2024-09-20 06:05:00+00:00,18925.4945,18930.5,18917.9945,18928.0055
2024-09-20 06:10:00+00:00,18927.439000000002,18938.489,18921.4945,18930.9945
2024-09-20 06:15:00+00:00,18929.483500000002,18931.011,18920.0055,18928.4945
2024-09-20 06:20:00+00:00,18931.0,18931.5,18920.5055,18926.0555
2024-09-20 06:25:00+00:00,18925.066499999997,18939.4945,18923.9835,18936.522
2024-09-20 06:30:00+00:00,18936.016499999998,18937.566499999997,18920.9945,18920.9945
2024-09-20 06:35:00+00:00,18920.4445,18934.5,18918.572,18932.0055
2024-09-20 06:40:00+00:00,18933.0,18937.489,18930.0,18930.9835
2024-09-20 06:45:00+00:00,18931.4945,18934.011,18923.989,18926.9945
2024-09-20 06:50:00+00:00,18926.439000000002,18929.072,18919.989,18920.0
2024-09-20 06:55:00+00:00,18919.4945,18926.0055,18901.0165,18903.0555
2024-09-20 07:00:00+00:00,18906.928,18915.55,18884.566499999997,18894.5055
2024-09-20 07:05:00+00:00,18893.933500000003,18895.433500000003,18861.9945,18861.9945
2024-09-20 07:10:00+00:00,18862.428,18880.022,18853.4445,18876.0
2024-09-20 07:15:00+00:00,18875.5,18881.989,18867.5055,18878.072
2024-09-20 07:20:00+00:00,18877.0055,18881.05,18853.0055,18854.066499999997
2024-09-20 07:25:00+00:00,18853.0055,18858.95,18838.011,18839.0
2024-09-20 07:30:00+00:00,18840.0165,18849.0,18829.9835,18833.0
2024-09-20 07:35:00+00:00,18834.0,18835.0,18810.989,18825.5055
2024-09-20 07:40:00+00:00,18824.45,18840.016499999998,18822.5055,18834.9945
2024-09-20 07:45:00+00:00,18833.011,18848.989,18827.566499999997,18848.011
2024-09-20 07:50:00+00:00,18846.989,18877.989,18846.95,18866.0
2024-09-20 07:55:00+00:00,18864.9945,18865.95,18845.560999999998,18848.05
2024-09-20 08:00:00+00:00,18847.0165,18855.983500000002,18825.9945,18827.489
2024-09-20 08:05:00+00:00,18827.0055,18848.0055,18825.0055,18837.989
2024-09-20 08:10:00+00:00,18838.5,18842.0,18817.0,18827.4945
2024-09-20 08:15:00+00:00,18826.928,18837.066499999997,18822.560999999998,18834.060999999998
2024-09-20 08:20:00+00:00,18833.489,18833.9945,18812.016499999998,18813.0055
2024-09-20 08:25:00+00:00,18813.511,18828.0,18807.0,18808.933500000003
2024-09-20 08:30:00+00:00,18808.5055,18815.5,18804.989,18810.0055
2024-09-20 08:35:00+00:00,18809.428,18816.0,18809.011,18816.0
2024-09-20 08:40:00+00:00,18815.478,18821.983500000002,18811.478,18819.011
2024-09-20 08:45:00+00:00,18819.9945,18825.0165,18817.9945,18824.011
2024-09-20 08:50:00+00:00,18824.9945,18838.060999999998,18820.5,18820.5
2024-09-20 08:55:00+00:00,18821.0,18830.0165,18820.978,18820.9945
2024-09-20 09:00:00+00:00,18820.478,18824.022,18809.989,18818.989
2024-09-20 09:05:00+00:00,18818.5055,18831.0165,18816.989,18827.5
2024-09-20 09:10:00+00:00,18826.989,18830.011,18818.0055,18820.983500000002
2024-09-20 09:15:00+00:00,18820.428,18840.928,18819.478,18839.0
2024-09-20 09:20:00+00:00,18840.016499999998,18840.016499999998,18821.0055,18826.0
2024-09-20 09:25:00+00:00,18827.0,18834.0,18821.5055,18834.0
2024-09-20 09:30:00+00:00,18833.5,18834.0,18818.433500000003,18818.9945
2024-09-20 09:35:00+00:00,18817.978,18821.011,18811.433500000003,18812.95
2024-09-20 09:40:00+00:00,18812.439000000002,18817.0,18806.511,18808.95
2024-09-20 09:45:00+00:00,18808.4945,18816.066499999997,18799.45,18814.011
2024-09-20 09:50:00+00:00,18813.483500000002,18824.072,18808.9945,18822.0
2024-09-20 09:55:00+00:00,18821.433500000003,18825.9945,18807.983500000002,18809.4945
2024-09-20 10:00:00+00:00,18811.978,18815.55,18804.4945,18806.522
2024-09-20 10:05:00+00:00,18808.0055,18821.022,18804.983500000002,18821.022
2024-09-20 10:10:00+00:00,18820.4835,18831.4445,18817.0,18827.9445
2024-09-20 10:15:00+00:00,18829.4945,18831.5,18820.011,18820.0165
2024-09-20 10:20:00+00:00,18818.95,18836.478,18818.95,18835.0
2024-09-20 10:25:00+00:00,18834.5,18842.5165,18834.5,18838.939000000002
2024-09-20 10:30:00+00:00,18838.511,18846.572,18837.5,18846.011
2024-09-20 10:35:00+00:00,18846.4945,18853.566499999997,18846.4945,18850.5
2024-09-20 10:40:00+00:00,18849.989,18853.5055,18848.433500000003,18850.95
2024-09-20 10:45:00+00:00,18850.4835,18851.0,18838.95,18845.516499999998
2024-09-20 10:50:00+00:00,18846.0555,18847.9445,18835.0,18837.516499999998
2024-09-20 10:55:00+00:00,18837.0055,18848.0555,18835.5055,18846.489
2024-09-20 11:00:00+00:00,18846.978,18861.0055,18846.060999999998,18854.0
2024-09-20 11:05:00+00:00,18855.05,18858.022,18851.5,18855.0
2024-09-20 11:10:00+00:00,18854.4945,18865.011,18853.95,18863.989
2024-09-20 11:15:00+00:00,18865.0055,18875.572,18864.511,18874.9445
2024-09-20 11:20:00+00:00,18875.511,18881.0055,18866.95,18871.0055
2024-09-20 11:25:00+00:00,18870.5,18874.0,18858.0,18858.5165
2024-09-20 11:30:00+00:00,18857.978,18858.572,18846.478,18846.5055
2024-09-20 11:35:00+00:00,18847.05,18859.022,18846.5555,18857.95
2024-09-20 11:40:00+00:00,18858.483500000002,18867.066499999997,18857.989,18859.0055
2024-09-20 11:45:00+00:00,18859.989,18862.016499999998,18856.428,18856.9945
2024-09-20 11:50:00+00:00,18856.5055,18864.066499999997,18856.5055,18862.9945
2024-09-20 11:55:00+00:00,18862.4945,18875.0055,18861.989,18874.011
2024-09-20 12:00:00+00:00,18874.478,18877.011,18869.939000000002,18876.45
2024-09-20 12:05:00+00:00,18876.978,18886.5555,18876.433500000003,18885.9945
2024-09-20 12:10:00+00:00,18885.45,18886.5055,18873.0,18874.9945
2024-09-20 12:15:00+00:00,18875.5,18881.478,18866.989,18871.0165
2024-09-20 12:20:00+00:00,18870.4445,18877.0,18866.928,18873.5055
2024-09-20 12:25:00+00:00,18873.0055,18880.428,18870.0055,18873.5
2024-09-20 12:30:00+00:00,18873.0165,18875.0,18863.511,18865.066499999997
2024-09-20 12:35:00+00:00,18866.0,18868.428,18858.428,18861.060999999998
2024-09-20 12:40:00+00:00,18862.0,18863.011,18854.0,18856.5
2024-09-20 12:45:00+00:00,18858.0165,18858.0165,18842.566499999997,18842.983500000002
2024-09-20 12:50:00+00:00,18843.489,18843.5055,18830.95,18830.983500000002
2024-09-20 12:55:00+00:00,18832.989,18841.022,18828.4945,18829.978
2024-09-20 13:00:00+00:00,18829.5,18832.5,18817.4945,18823.978
2024-09-20 13:05:00+00:00,18823.439000000002,18823.95,18806.011,18817.4945
2024-09-20 13:10:00+00:00,18818.5,18826.9945,18811.511,18812.0
2024-09-20 13:15:00+00:00,18811.0165,18812.05,18799.5055,18802.989
2024-09-20 13:20:00+00:00,18803.511,18811.95,18802.0055,18809.066499999997
2024-09-20 13:25:00+00:00,18811.0,18825.0,18808.489,18825.0
2024-09-20 13:30:00+00:00,18824.011,18831.933500000003,18811.983500000002,18817.0055
2024-09-20 13:35:00+00:00,18818.0,18823.072,18790.522,18791.05
2024-09-20 13:40:00+00:00,18790.478,18791.011,18744.0055,18750.0555
2024-09-20 13:45:00+00:00,18750.983500000002,18768.5,18744.978,18744.978
2024-09-20 13:50:00+00:00,18744.016499999998,18766.989,18744.016499999998,18751.5
2024-09-20 13:55:00+00:00,18751.933500000003,18757.989,18729.989,18732.95
2024-09-20 14:00:00+00:00,18734.016499999998,18734.016499999998,18714.933500000003,18722.05
2024-09-20 14:05:00+00:00,18720.989,18744.5555,18714.0,18736.9945
2024-09-20 14:10:00+00:00,18736.4945,18739.478,18706.011,18715.022
2024-09-20 14:15:00+00:00,18714.5,18746.489,18714.5,18742.0165
2024-09-20 14:20:00+00:00,18742.4945,18760.022,18741.0,18758.939000000002
2024-09-20 14:25:00+00:00,18759.5055,18765.011,18748.0055,18752.060999999998
2024-09-20 14:30:00+00:00,18753.011,18776.011,18749.95,18772.933500000003
2024-09-20 14:35:00+00:00,18772.011,18773.433500000003,18737.9945,18739.011
2024-09-20 14:40:00+00:00,18738.511,18753.933500000003,18736.433500000003,18737.0555
2024-09-20 14:45:00+00:00,18736.433500000003,18739.5,18726.439000000002,18727.5055
2024-09-20 14:50:00+00:00,18726.928,18738.5,18725.483500000002,18728.4945
2024-09-20 14:55:00+00:00,18729.011,18740.566499999997,18719.55,18736.011
2024-09-20 15:00:00+00:00,18735.011,18748.022,18728.983500000002,18731.489
2024-09-20 15:05:00+00:00,18732.939000000002,18743.5,18731.9945,18735.5
2024-09-20 15:10:00+00:00,18736.522,18738.011,18724.011,18725.428
2024-09-20 15:15:00+00:00,18726.5,18731.0165,18716.9945,18728.5055
2024-09-20 15:20:00+00:00,18727.95,18741.0,18727.483500000002,18730.95
2024-09-20 15:25:00+00:00,18732.9945,18733.9945,18723.9945,18732.516499999998
2024-09-20 15:30:00+00:00,18730.4945,18732.0,18707.4835,18718.0
2024-09-20 15:35:00+00:00,18718.511,18730.5165,18717.5555,18730.0
2024-09-20 15:40:00+00:00,18730.5,18745.9835,18718.489,18741.55
2024-09-20 15:45:00+00:00,18739.95,18746.0,18727.0,18744.5
2024-09-20 15:50:00+00:00,18742.9945,18746.0,18729.439000000002,18729.439000000002
2024-09-20 15:55:00+00:00,18731.489,18741.5,18728.511,18729.928
2024-09-20 16:00:00+00:00,18729.5555,18730.060999999998,18717.983500000002,18724.0
2024-09-20 16:05:00+00:00,18723.4945,18727.072,18718.983500000002,18720.0
2024-09-20 16:10:00+00:00,18719.566499999997,18724.5,18712.9945,18723.022
2024-09-20 16:15:00+00:00,18722.566499999997,18726.0055,18716.0,18721.511
2024-09-20 16:20:00+00:00,18720.489,18735.5,18717.95,18735.0
2024-09-20 16:25:00+00:00,18734.5165,18735.0055,18728.4445,18733.5055
2024-09-20 16:30:00+00:00,18732.5165,18739.0165,18730.9945,18735.572
2024-09-20 16:35:00+00:00,18736.011,18740.5055,18734.066499999997,18737.433500000003
2024-09-20 16:40:00+00:00,18736.9835,18738.9945,18733.95,18736.55
2024-09-20 16:45:00+00:00,18735.928,18738.511,18733.428,18737.0
2024-09-20 16:50:00+00:00,18737.489,18740.511,18735.511,18735.95
2024-09-20 16:55:00+00:00,18735.516499999998,18739.560999999998,18732.511,18733.060999999998
2024-09-20 17:00:00+00:00,18733.4945,18736.0,18723.0,18725.4945
2024-09-20 17:05:00+00:00,18725.0,18733.011,18724.011,18730.0
2024-09-20 17:10:00+00:00,18729.5,18736.566499999997,18727.939000000002,18736.566499999997
2024-09-20 17:15:00+00:00,18736.989,18740.4835,18733.4445,18740.433500000003
2024-09-20 17:20:00+00:00,18740.9945,18741.072,18729.939000000002,18730.489
2024-09-20 17:25:00+00:00,18731.572,18736.0555,18725.978,18733.0055
2024-09-20 17:30:00+00:00,18733.5,18744.516499999998,18732.978,18741.933500000003
2024-09-20 17:35:00+00:00,18742.511,18747.572,18742.489,18743.522
2024-09-20 17:40:00+00:00,18744.060999999998,18749.439000000002,18741.489,18745.5165
2024-09-20 17:45:00+00:00,18746.0055,18747.560999999998,18742.572,18743.011
2024-09-20 17:50:00+00:00,18743.511,18743.511,18736.0055,18737.5
2024-09-20 17:55:00+00:00,18737.066499999997,18740.0165,18734.0,18736.9945
2024-09-20 18:00:00+00:00,18736.5555,18739.05,18719.5165,18726.4445
2024-09-20 18:05:00+00:00,18728.483500000002,18728.566499999997,18714.4945,18719.4445
2024-09-20 18:10:00+00:00,18719.0055,18725.011,18711.4835,18722.0
2024-09-20 18:15:00+00:00,18721.4945,18727.511,18721.45,18724.45
2024-09-20 18:20:00+00:00,18723.989,18723.989,18716.0,18716.5
2024-09-20 18:25:00+00:00,18716.011,18719.072,18713.928,18714.5165
2024-09-20 18:30:00+00:00,18714.066499999997,18716.489,18709.516499999998,18710.989
2024-09-20 18:35:00+00:00,18708.9945,18713.5165,18704.5165,18709.9835
2024-09-20 18:40:00+00:00,18709.566499999997,18715.0055,18704.9835,18713.011
2024-09-20 18:45:00+00:00,18713.5555,18719.522,18710.45,18718.5
2024-09-20 18:50:00+00:00,18718.0055,18729.933500000003,18715.5,18728.516499999998
2024-09-20 18:55:00+00:00,18729.0555,18735.011,18726.0165,18729.4835
2024-09-20 19:00:00+00:00,18728.933500000003,18734.55,18727.9835,18733.0165
2024-09-20 19:05:00+00:00,18732.439000000002,18732.5055,18725.5,18730.489
2024-09-20 19:10:00+00:00,18731.5,18733.011,18727.0,18732.072
2024-09-20 19:15:00+00:00,18732.5055,18741.0165,18730.439000000002,18735.5
2024-09-20 19:20:00+00:00,18735.011,18748.55,18733.4945,18738.0055
2024-09-20 19:25:00+00:00,18737.5,18748.5055,18736.9445,18746.0
2024-09-20 19:30:00+00:00,18745.4945,18745.5055,18740.433500000003,18744.4945
2024-09-20 19:35:00+00:00,18744.9945,18758.9945,18741.4445,18752.5
2024-09-20 19:40:00+00:00,18752.989,18755.0165,18748.939000000002,18752.022
2024-09-20 19:45:00+00:00,18751.483500000002,18752.5165,18740.5,18741.4945
2024-09-20 19:50:00+00:00,18743.433500000003,18743.433500000003,18733.4945,18733.939000000002
2024-09-20 19:55:00+00:00,18733.5055,18739.4945,18726.9945,18737.4945
2024-09-23 00:00:00+00:00,18758.6945,18764.4055,18758.6945,18762.2945
2024-09-23 00:05:00+00:00,18761.511,18762.283499999998,18758.133500000004,18761.483500000002
2024-09-23 00:10:00+00:00,18760.65,18762.372,18759.1,18761.489
2024-09-23 00:15:00+00:00,18758.9945,18763.4945,18749.5055,18757.4835
2024-09-23 00:20:00+00:00,18757.5,18770.5165,18757.5,18770.5165
2024-09-23 00:25:00+00:00,18769.428,18776.5,18769.428,18776.4945
2024-09-23 00:30:00+00:00,18777.572,18788.0,18776.989,18782.4945
2024-09-23 00:35:00+00:00,18780.933500000003,18784.95,18779.0,18784.95
2024-09-23 00:40:00+00:00,18785.5,18787.478,18785.0165,18785.45
2024-09-23 00:45:00+00:00,18786.0,18796.989,18786.0,18792.011
2024-09-23 00:50:00+00:00,18790.5,18796.0055,18790.5,18796.0055
2024-09-23 00:55:00+00:00,18796.572,18799.0055,18796.4945,18797.0555
2024-09-23 01:00:00+00:00,18797.511,18799.5,18789.933500000003,18790.5055
2024-09-23 01:05:00+00:00,18790.933500000003,18794.433500000003,18790.4945,18793.4445
2024-09-23 01:10:00+00:00,18791.9835,18792.5,18791.022,18791.022
2024-09-23 01:15:00+00:00,18790.55,18794.05,18790.4945,18793.060999999998
2024-09-23 01:20:00+00:00,18793.5,18796.560999999998,18792.489,18796.4445
2024-09-23 01:25:00+00:00,18795.939000000002,18796.011,18792.011,18793.928
2024-09-23 01:30:00+00:00,18794.483500000002,18809.05,18794.483500000002,18809.05
2024-09-23 01:35:00+00:00,18806.0,18814.011,18806.0,18812.5055
2024-09-23 01:40:00+00:00,18812.9445,18821.0055,18812.5165,18814.011
2024-09-23 01:45:00+00:00,18813.4445,18813.5055,18812.45,18812.45
2024-09-23 01:50:00+00:00,18811.5,18811.5,18807.072,18807.072
2024-09-23 01:55:00+00:00,18805.9445,18805.9445,18802.572,18803.45
2024-09-23 02:00:00+00:00,18802.572,18807.5,18799.4945,18806.572
2024-09-23 02:05:00+00:00,18805.9445,18805.9445,18797.5055,18798.989
2024-09-23 02:10:00+00:00,18799.489,18804.5,18799.011,18804.0055
2024-09-23 02:15:00+00:00,18802.5055,18805.511,18802.0,18805.511
2024-09-23 02:20:00+00:00,18805.0,18811.011,18804.983500000002,18808.978
2024-09-23 02:25:00+00:00,18809.489,18811.566499999997,18809.0055,18810.511
2024-09-23 02:30:00+00:00,18810.060999999998,18810.483500000002,18800.4945,18801.016499999998
2024-09-23 02:35:00+00:00,18800.5,18808.5055,18799.983500000002,18807.4945
2024-09-23 02:40:00+00:00,18807.9835,18811.9945,18807.9835,18810.933500000003
2024-09-23 02:45:00+00:00,18808.5,18812.516499999998,18808.5,18812.0555
2024-09-23 02:50:00+00:00,18811.5,18812.5,18811.5,18812.5
2024-09-23 02:55:00+00:00,18812.016499999998,18812.016499999998,18809.511,18809.9835
2024-09-23 03:00:00+00:00,18810.5055,18812.0,18809.989,18811.55
2024-09-23 03:05:00+00:00,18810.9945,18811.489,18809.933500000003,18811.489
2024-09-23 03:10:00+00:00,18812.0555,18816.4945,18812.0555,18816.4945
2024-09-23 03:15:00+00:00,18817.560999999998,18819.483500000002,18814.9945,18815.0055
2024-09-23 03:20:00+00:00,18814.560999999998,18817.9945,18813.989,18814.5055
2024-09-23 03:25:00+00:00,18814.0055,18816.011,18810.566499999997,18813.072
2024-09-23 03:30:00+00:00,18813.489,18815.022,18811.0,18811.516499999998
2024-09-23 03:35:00+00:00,18812.011,18815.5,18810.0055,18810.516499999998
2024-09-23 03:40:00+00:00,18810.9445,18812.489,18809.489,18812.0
2024-09-23 03:45:00+00:00,18812.516499999998,18815.060999999998,18810.0,18812.516499999998
2024-09-23 03:50:00+00:00,18813.066499999997,18816.0,18805.4945,18805.4945
2024-09-23 03:55:00+00:00,18808.0,18808.0,18800.428,18800.9945
2024-09-23 04:00:00+00:00,18800.522,18814.5,18800.522,18810.522
2024-09-23 04:05:00+00:00,18811.066499999997,18819.5,18810.5,18817.4945
2024-09-23 04:10:00+00:00,18817.0,18821.511,18814.5055,18821.5
2024-09-23 04:15:00+00:00,18820.022,18821.5555,18815.478,18819.0
2024-09-23 04:20:00+00:00,18818.05,18818.05,18812.489,18813.489
2024-09-23 04:25:00+00:00,18815.0,18815.489,18813.489,18815.072
2024-09-23 04:30:00+00:00,18815.4445,18815.4445,18810.566499999997,18811.4835
2024-09-23 04:35:00+00:00,18812.4945,18815.072,18812.483500000002,18814.5055
2024-09-23 04:40:00+00:00,18813.511,18814.5,18807.9835,18810.0
2024-09-23 04:45:00+00:00,18810.5055,18811.5,18808.478,18811.0
2024-09-23 04:50:00+00:00,18811.4945,18811.55,18809.428,18811.0055
2024-09-23 04:55:00+00:00,18812.011,18815.011,18811.5055,18812.016499999998
2024-09-23 05:00:00+00:00,18811.45,18811.560999999998,18801.939000000002,18802.9945
2024-09-23 05:05:00+00:00,18803.4445,18804.05,18799.933500000003,18799.989
2024-09-23 05:10:00+00:00,18801.0,18801.011,18792.489,18793.428
2024-09-23 05:15:00+00:00,18794.511,18798.5,18789.511,18798.0055
2024-09-23 05:20:00+00:00,18799.016499999998,18799.016499999998,18795.022,18798.0055
2024-09-23 05:25:00+00:00,18798.989,18801.0055,18798.989,18800.511
2024-09-23 05:30:00+00:00,18800.9445,18802.939000000002,18799.439000000002,18802.939000000002
2024-09-23 05:35:00+00:00,18804.560999999998,18817.4945,18804.011,18816.4445
2024-09-23 05:40:00+00:00,18817.066499999997,18817.066499999997,18803.9835,18805.016499999998
2024-09-23 05:45:00+00:00,18805.478,18813.072,18804.0,18810.5
2024-09-23 05:50:00+00:00,18808.989,18808.989,18796.928,18797.989
2024-09-23 05:55:00+00:00,18798.5,18799.0165,18787.5055,18791.928
2024-09-23 06:00:00+00:00,18792.5055,18796.978,18783.0,18786.072
2024-09-23 06:05:00+00:00,18786.489,18791.0,18778.928,18781.4945
2024-09-23 06:10:00+00:00,18782.060999999998,18782.572,18773.5,18782.483500000002
2024-09-23 06:15:00+00:00,18782.0055,18784.522,18774.439000000002,18776.0055
2024-09-23 06:20:00+00:00,18776.511,18786.0,18774.478,18783.478
2024-09-23 06:25:00+00:00,18784.478,18793.511,18782.9945,18793.511
2024-09-23 06:30:00+00:00,18794.0,18795.5165,18779.572,18787.511
2024-09-23 06:35:00+00:00,18786.5,18788.572,18781.0055,18784.433500000003
2024-09-23 06:40:00+00:00,18784.978,18796.5,18784.978,18794.4945
2024-09-23 06:45:00+00:00,18795.0,18799.9945,18790.566499999997,18792.0055
2024-09-23 06:50:00+00:00,18792.516499999998,18793.55,18784.983500000002,18789.522
2024-09-23 06:55:00+00:00,18789.978,18791.5055,18773.433500000003,18776.55
2024-09-23 07:00:00+00:00,18779.5055,18788.5,18756.9945,18768.4445
2024-09-23 07:05:00+00:00,18768.0555,18771.566499999997,18733.072,18734.4945
2024-09-23 07:10:00+00:00,18734.989,18739.5,18722.439000000002,18732.511
2024-09-23 07:15:00+00:00,18687.489,18714.522,18680.4945,18701.483500000002
2024-09-23 07:20:00+00:00,18700.933500000003,18717.516499999998,18696.989,18706.5
2024-09-23 07:25:00+00:00,18705.5055,18736.516499999998,18702.439000000002,18730.439000000002
2024-09-23 07:30:00+00:00,18729.560999999998,18742.9945,18710.5165,18727.5
2024-09-23 07:35:00+00:00,18729.566499999997,18760.439000000002,18729.566499999997,18759.5055
2024-09-23 07:40:00+00:00,18758.4945,18766.4945,18740.939000000002,18742.483500000002
2024-09-23 07:45:00+00:00,18743.489,18765.4835,18739.489,18764.489
2024-09-23 07:50:00+00:00,18764.016499999998,18786.478,18761.489,18784.478
2024-09-23 07:55:00+00:00,18785.5055,18791.5555,18782.489,18791.511
2024-09-23 08:00:00+00:00,18792.478,18805.5055,18789.5055,18789.5055
2024-09-23 08:05:00+00:00,18790.0,18796.5555,18779.978,18783.560999999998
2024-09-23 08:10:00+00:00,18785.022,18788.5055,18764.105499999998,18774.6
2024-09-23 08:15:00+00:00,18775.0945,18778.539,18759.661,18770.711
2024-09-23 08:20:00+00:00,18771.25,18789.722,18770.7,18787.7555
2024-09-23 08:25:00+00:00,18788.7165,18800.222,18788.7165,18795.6
2024-09-23 08:30:00+00:00,18796.105499999998,18796.605499999998,18769.5945,18770.6
2024-09-23 08:35:00+00:00,18772.5835,18773.6665,18748.55,18751.672
2024-09-23 08:40:00+00:00,18750.539,18759.772,18741.6,18759.144500000002
2024-09-23 08:45:00+00:00,18758.6945,18768.2055,18746.133500000004,18766.761
2024-09-23 08:50:00+00:00,18767.711,18790.261,18767.711,18781.7055
2024-09-23 08:55:00+00:00,18783.266499999998,18791.211,18780.178,18786.1835
2024-09-23 09:00:00+00:00,18787.211,18789.222,18772.189000000002,18775.6945
2024-09-23 09:05:00+00:00,18775.25,18789.722,18772.7055,18787.178
2024-09-23 09:10:00+00:00,18787.761,18794.7,18776.6945,18778.678
2024-09-23 09:15:00+00:00,18779.689000000002,18780.7,18753.2,18755.65
2024-09-23 09:20:00+00:00,18754.139000000003,18788.689000000002,18749.189000000002,18787.7055
2024-09-23 09:25:00+00:00,18787.2055,18791.766499999998,18780.761,18786.75
2024-09-23 09:30:00+00:00,18785.678,18785.766499999998,18772.1,18775.5945
2024-09-23 09:35:00+00:00,18774.610999999997,18779.661,18769.605499999998,18774.5835
2024-09-23 09:40:00+00:00,18773.5945,18779.716500000002,18770.539,18778.7
2024-09-23 09:45:00+00:00,18779.2055,18789.25,18776.628,18788.628
2024-09-23 09:50:00+00:00,18789.7,18794.722,18787.2,18788.628
2024-09-23 09:55:00+00:00,18789.183500000003,18798.683500000003,18789.178,18797.7
2024-09-23 10:00:00+00:00,18798.722,18809.25,18798.722,18808.6945
2024-09-23 10:05:00+00:00,18810.272,18811.2,18798.2055,18801.7055
2024-09-23 10:10:00+00:00,18801.211,18805.2,18796.7,18799.75
2024-09-23 10:15:00+00:00,18801.2,18803.266499999998,18793.139000000003,18800.7
2024-09-23 10:20:00+00:00,18800.211,18810.2,18799.6945,18808.689000000002
2024-09-23 10:25:00+00:00,18808.211,18816.7,18805.7,18809.189000000002
2024-09-23 10:30:00+00:00,18809.711,18819.7,18808.628,18814.766499999998
2024-09-23 10:35:00+00:00,18814.211,18822.2555,18810.711,18821.7
2024-09-23 10:40:00+00:00,18822.2055,18826.211,18810.2055,18811.6945
2024-09-23 10:45:00+00:00,18812.2,18816.711,18810.633500000004,18816.266499999998
2024-09-23 10:50:00+00:00,18816.772,18830.211,18816.178,18825.716500000002
2024-09-23 10:55:00+00:00,18824.75,18826.211,18815.644500000002,18816.7
2024-09-23 11:00:00+00:00,18817.711,18820.766499999998,18805.633500000004,18806.639000000003
2024-09-23 11:05:00+00:00,18807.6945,18810.7,18800.139000000003,18810.1945
2024-09-23 11:10:00+00:00,18809.772,18813.2055,18808.144500000002,18808.644500000002
2024-09-23 11:15:00+00:00,18808.189000000002,18821.7055,18807.766499999998,18818.711
2024-09-23 11:20:00+00:00,18819.211,18829.2055,18818.15,18819.711
2024-09-23 11:25:00+00:00,18819.272,18822.189000000002,18810.133500000004,18821.7165
2024-09-23 11:30:00+00:00,18822.272,18823.266499999998,18809.7055,18813.644500000002
2024-09-23 11:35:00+00:00,18812.139000000003,18820.7,18807.1945,18819.644500000002
2024-09-23 11:40:00+00:00,18819.1945,18823.7,18814.7,18822.716500000002
2024-09-23 11:45:00+00:00,18822.266499999998,18827.7,18821.139000000003,18824.1
2024-09-23 11:50:00+00:00,18825.15,18826.110999999997,18817.6,18822.528
2024-09-23 11:55:00+00:00,18821.5945,18830.1165,18819.6,18824.5945
2024-09-23 12:00:00+00:00,18823.1,18827.110999999997,18819.105499999998,18822.661
2024-09-23 12:05:00+00:00,18823.1,18829.1555,18822.6,18824.078
2024-09-23 12:10:00+00:00,18825.172,18825.172,18818.6,18823.6665
2024-09-23 12:15:00+00:00,18824.55,18838.105499999998,18824.0945,18835.672
2024-09-23 12:20:00+00:00,18836.6,18849.0335,18834.1,18841.116499999996
2024-09-23 12:25:00+00:00,18840.5945,18848.578,18839.05,18845.105499999998
2024-09-23 12:30:00+00:00,18844.616499999996,18848.116499999996,18835.1,18840.089
2024-09-23 12:35:00+00:00,18840.589,18844.589,18838.089,18838.122
2024-09-23 12:40:00+00:00,18839.0945,18850.610999999997,18833.089,18848.5835
2024-09-23 12:45:00+00:00,18849.0945,18851.0335,18843.5835,18845.5335
2024-09-23 12:50:00+00:00,18845.078,18854.078,18844.1,18846.110999999997
2024-09-23 12:55:00+00:00,18845.105499999998,18847.1,18832.589,18846.5835
2024-09-23 13:00:00+00:00,18846.078,18854.6,18845.6,18850.105499999998
2024-09-23 13:05:00+00:00,18851.0945,18854.105499999998,18844.1,18844.1
2024-09-23 13:10:00+00:00,18845.078,18849.65,18839.5335,18840.5835
2024-09-23 13:15:00+00:00,18841.6,18854.089,18840.610999999997,18850.661
2024-09-23 13:20:00+00:00,18851.1,18854.610999999997,18842.605499999998,18845.105499999998
2024-09-23 13:25:00+00:00,18844.105499999998,18845.122,18829.0835,18829.65
2024-09-23 13:30:00+00:00,18828.661,18841.65,18817.5335,18827.605499999998
2024-09-23 13:35:00+00:00,18825.5945,18841.161,18816.589,18825.605499999998
2024-09-23 13:40:00+00:00,18825.15,18836.672,18825.105499999998,18831.5945
2024-09-23 13:45:00+00:00,18832.15,18847.589,18821.6,18844.589
2024-09-23 13:50:00+00:00,18845.539,18854.5945,18835.610999999997,18844.5445
2024-09-23 13:55:00+00:00,18845.039,18853.122,18839.605499999998,18842.6
2024-09-23 14:00:00+00:00,18842.0835,18859.672,18838.5445,18840.55
2024-09-23 14:05:00+00:00,18840.105499999998,18852.578,18828.610999999997,18843.5335
2024-09-23 14:10:00+00:00,18844.1,18851.078,18836.589,18836.6
2024-09-23 14:15:00+00:00,18837.6,18847.1,18828.5945,18843.6555
2024-09-23 14:20:00+00:00,18842.5945,18857.0945,18839.1,18839.1
2024-09-23 14:25:00+00:00,18839.539,18846.6555,18831.6,18835.616499999996
2024-09-23 14:30:00+00:00,18836.610999999997,18838.6165,18817.122,18818.5945
2024-09-23 14:35:00+00:00,18819.089,18819.622,18802.589,18802.589
2024-09-23 14:40:00+00:00,18803.110999999997,18823.6,18802.6,18822.589
2024-09-23 14:45:00+00:00,18823.0445,18824.5945,18812.0835,18814.578
2024-09-23 14:50:00+00:00,18813.610999999997,18828.6,18812.105499999998,18826.65
2024-09-23 14:55:00+00:00,18825.105499999998,18839.528,18820.078,18834.5445
2024-09-23 15:00:00+00:00,18835.1665,18836.110999999997,18820.0445,18820.0445
2024-09-23 15:05:00+00:00,18820.605499999998,18820.605499999998,18802.105499999998,18810.578
2024-09-23 15:10:00+00:00,18811.0945,18820.1,18807.610999999997,18819.5945
2024-09-23 15:15:00+00:00,18818.122,18824.089,18810.6,18816.089
2024-09-23 15:20:00+00:00,18814.672,18829.110999999997,18814.6,18828.105499999998
2024-09-23 15:25:00+00:00,18829.105499999998,18834.089,18826.0335,18832.589
2024-09-23 15:30:00+00:00,18831.078,18840.589,18829.55,18840.589
2024-09-23 15:35:00+00:00,18841.5335,18856.5335,18840.0945,18855.5945
2024-09-23 15:40:00+00:00,18856.028,18858.6,18851.039,18857.5335
2024-09-23 15:45:00+00:00,18858.105499999998,18861.578,18852.078,18852.55
2024-09-23 15:50:00+00:00,18853.1665,18866.122,18851.589,18861.105499999998
2024-09-23 15:55:00+00:00,18860.5335,18863.116499999996,18850.1,18850.1165
2024-09-23 16:00:00+00:00,18849.6,18850.610999999997,18840.5445,18843.605499999998
2024-09-23 16:05:00+00:00,18844.0445,18847.5445,18839.578,18841.039
2024-09-23 16:10:00+00:00,18840.5945,18841.172,18826.55,18831.6
2024-09-23 16:15:00+00:00,18831.0945,18841.5945,18826.089,18837.078
2024-09-23 16:20:00+00:00,18836.539,18847.65,18834.528,18847.6
2024-09-23 16:25:00+00:00,18848.122,18851.605499999998,18845.116499999996,18845.15
2024-09-23 16:30:00+00:00,18845.6,18851.110999999997,18841.078,18849.605499999998
2024-09-23 16:35:00+00:00,18850.605499999998,18851.6165,18841.078,18844.105499999998
2024-09-23 16:40:00+00:00,18843.622,18847.661,18841.039,18844.610999999997
2024-09-23 16:45:00+00:00,18844.1,18849.6165,18838.0335,18849.539
2024-09-23 16:50:00+00:00,18849.1165,18851.1,18844.1,18851.078
2024-09-23 16:55:00+00:00,18850.6555,18851.0945,18845.528,18849.6555
2024-09-23 17:00:00+00:00,18849.15,18849.6165,18839.55,18845.5945
2024-09-23 17:05:00+00:00,18846.161,18850.5945,18843.6,18850.5945
2024-09-23 17:10:00+00:00,18851.116499999996,18857.089,18849.0945,18854.6555
2024-09-23 17:15:00+00:00,18854.089,18858.6,18851.110999999997,18857.6
2024-09-23 17:20:00+00:00,18858.105499999998,18859.589,18852.0945,18852.610999999997
2024-09-23 17:25:00+00:00,18853.089,18858.589,18852.0445,18858.1165
2024-09-23 17:30:00+00:00,18857.605499999998,18867.110999999997,18856.5445,18867.110999999997
2024-09-23 17:35:00+00:00,18867.539,18867.622,18856.1,18861.661
2024-09-23 17:40:00+00:00,18862.039,18865.105499999998,18859.1,18860.0945
2024-09-23 17:45:00+00:00,18859.610999999997,18867.6665,18859.610999999997,18864.1
2024-09-23 17:50:00+00:00,18864.605499999998,18869.610999999997,18864.078,18868.110999999997
2024-09-23 17:55:00+00:00,18867.610999999997,18871.1,18865.605499999998,18870.028
2024-09-23 18:00:00+00:00,18869.1555,18870.161,18861.528,18861.6
2024-09-23 18:05:00+00:00,18860.5445,18866.661,18858.0945,18865.65
2024-09-23 18:10:00+00:00,18867.0835,18869.1,18864.110999999997,18865.605499999998
2024-09-23 18:15:00+00:00,18866.078,18873.161,18865.0835,18872.0835
2024-09-23 18:20:00+00:00,18872.6,18876.1,18871.089,18875.110999999997
2024-09-23 18:25:00+00:00,18875.6,18876.089,18867.172,18870.5445
2024-09-23 18:30:00+00:00,18871.0945,18875.110999999997,18869.528,18873.1555
2024-09-23 18:35:00+00:00,18874.0445,18875.116499999996,18870.089,18872.089
2024-09-23 18:40:00+00:00,18872.5945,18877.1,18871.028,18873.55
2024-09-23 18:45:00+00:00,18874.0945,18875.1555,18870.1,18873.105499999998
2024-09-23 18:50:00+00:00,18873.6,18874.105499999998,18871.0445,18873.1
2024-09-23 18:55:00+00:00,18872.5835,18879.1555,18872.1,18878.05
2024-09-23 19:00:00+00:00,18877.1665,18878.6165,18875.0835,18876.0945
2024-09-23 19:05:00+00:00,18875.605499999998,18878.105499999998,18873.028,18873.672
2024-09-23 19:10:00+00:00,18873.0945,18878.622,18872.6,18876.5835
2024-09-23 19:15:00+00:00,18876.105499999998,18883.1,18875.5945,18881.605499999998
2024-09-23 19:20:00+00:00,18881.078,18883.105499999998,18880.0335,18882.0835
2024-09-23 19:25:00+00:00,18881.6555,18886.0835,18881.6555,18884.616499999996
2024-09-23 19:30:00+00:00,18885.1,18887.6,18880.5445,18886.089
2024-09-23 19:35:00+00:00,18885.6,18888.65,18881.089,18881.089
2024-09-23 19:40:00+00:00,18880.089,18882.1,18873.539,18874.6
2024-09-23 19:45:00+00:00,18874.1,18882.105499999998,18871.605499999998,18881.5945
2024-09-23 19:50:00+00:00,18881.0945,18881.1555,18873.589,18876.122
2024-09-23 19:55:00+00:00,18875.528,18881.622,18875.528,18877.528
2024-09-23 20:00:00+00:00,18877.0335,18886.7055,18877.0335,18880.0945
2024-09-23 20:05:00+00:00,18880.9,18880.9055,18873.4835,18874.3165
2024-09-23 20:10:00+00:00,18873.5,18878.411,18873.5,18878.3335
2024-09-23 22:05:00+00:00,18876.2835,18876.2835,18864.789,18866.4165
2024-09-23 22:10:00+00:00,18867.3,18869.644500000002,18866.4,18868.9
2024-09-23 22:15:00+00:00,18868.511,18873.060999999998,18868.483500000002,18870.6
2024-09-23 22:20:00+00:00,18870.028,18871.4055,18869.239,18870.605499999998
2024-09-23 22:25:00+00:00,18871.4,18872.222,18869.683500000003,18869.683500000003
2024-09-23 22:30:00+00:00,18870.605499999998,18872.1945,18869.689000000002,18871.4
2024-09-23 22:35:00+00:00,18872.211,18872.2165,18866.394500000002,18866.394500000002
2024-09-23 22:40:00+00:00,18867.3055,18868.9,18865.528,18866.389000000003
2024-09-23 22:45:00+00:00,18867.2945,18868.9165,18866.35,18867.278
2024-09-23 22:50:00+00:00,18866.411,18868.110999999997,18865.528,18867.3
2024-09-23 22:55:00+00:00,18867.7165,18868.161,18866.4,18866.4
2024-09-23 23:00:00+00:00,18867.3,18867.3,18864.7945,18866.45
2024-09-23 23:05:00+00:00,18865.5335,18868.15,18865.5335,18866.4
2024-09-23 23:10:00+00:00,18867.2945,18868.110999999997,18866.3445,18867.3165
2024-09-23 23:15:00+00:00,18866.411,18867.366499999996,18865.55,18866.461
2024-09-23 23:20:00+00:00,18865.605499999998,18868.110999999997,18865.5835,18867.233500000002
2024-09-23 23:25:00+00:00,18866.860999999997,18867.372,18862.6835,18865.610999999997
2024-09-23 23:30:00+00:00,18866.411,18870.616499999996,18866.411,18868.95
2024-09-23 23:35:00+00:00,18869.7555,18875.5165,18869.7165,18870.5945
2024-09-23 23:40:00+00:00,18869.7,18870.6555,18865.6165,18870.605499999998
2024-09-23 23:45:00+00:00,18871.4,18877.2,18870.0445,18874.678
2024-09-23 23:50:00+00:00,18875.439000000002,18876.310999999998,18872.933500000003,18873.894500000002
2024-09-23 23:55:00+00:00,18874.7,18875.1,18873.011,18873.9665
2024-09-24 00:00:00+00:00,18872.9945,18874.2835,18868.95,18870.605499999998
2024-09-24 00:05:00+00:00,18869.639000000003,18870.6555,18867.2445,18869.3055
2024-09-24 00:10:00+00:00,18868.878,18873.911,18868.089,18873.016499999998
2024-09-24 00:15:00+00:00,18870.1555,18882.6,18870.1555,18875.610999999997
2024-09-24 00:20:00+00:00,18875.6555,18876.172,18870.0835,18870.5835
2024-09-24 00:25:00+00:00,18871.0335,18879.1,18871.0335,18874.605499999998
2024-09-24 00:30:00+00:00,18874.0945,18874.0945,18867.578,18868.105499999998
2024-09-24 00:35:00+00:00,18867.589,18868.610999999997,18852.172,18858.0945
2024-09-24 00:40:00+00:00,18856.616499999996,18857.1555,18847.610999999997,18854.105499999998
2024-09-24 00:45:00+00:00,18855.55,18857.605499999998,18852.6,18856.172
2024-09-24 00:50:00+00:00,18856.5835,18859.616499999996,18854.1,18858.6
2024-09-24 00:55:00+00:00,18859.105499999998,18862.5835,18858.5945,18860.610999999997
2024-09-24 01:00:00+00:00,18860.122,18873.089,18860.122,18873.089
2024-09-24 01:05:00+00:00,18872.610999999997,18889.6,18870.5445,18878.172
2024-09-24 01:10:00+00:00,18879.05,18898.622,18875.589,18890.610999999997
2024-09-24 01:15:00+00:00,18890.110999999997,18902.539,18890.105499999998,18897.0945
2024-09-24 01:20:00+00:00,18897.6,18897.6,18887.0445,18888.0945
2024-09-24 01:25:00+00:00,18887.6,18889.605499999998,18883.116499999996,18889.5945
2024-09-24 01:30:00+00:00,18888.105499999998,18892.05,18882.1,18890.1
2024-09-24 01:35:00+00:00,18890.589,18890.589,18881.1665,18882.5835
2024-09-24 01:40:00+00:00,18882.161,18890.6,18881.661,18886.605499999998
2024-09-24 01:45:00+00:00,18888.116499999996,18893.0835,18871.05,18871.05
2024-09-24 01:50:00+00:00,18869.6,18878.6555,18868.6,18870.110999999997
2024-09-24 01:55:00+00:00,18872.5945,18874.0945,18869.028,18869.028
2024-09-24 02:00:00+00:00,18867.6665,18876.1,18864.672,18871.6
2024-09-24 02:05:00+00:00,18872.1665,18872.5445,18856.028,18856.028
2024-09-24 02:10:00+00:00,18856.6,18861.105499999998,18855.0945,18859.0945
2024-09-24 02:15:00+00:00,18858.589,18859.122,18856.539,18857.610999999997
2024-09-24 02:20:00+00:00,18856.528,18858.078,18850.55,18851.1165
2024-09-24 02:25:00+00:00,18850.5945,18856.122,18849.1,18851.622
2024-09-24 02:30:00+00:00,18854.1,18856.661,18854.1,18855.6
2024-09-24 02:35:00+00:00,18856.0945,18856.0945,18850.0835,18850.089
2024-09-24 02:40:00+00:00,18850.5945,18854.116499999996,18849.661,18850.6
2024-09-24 02:45:00+00:00,18849.616499999996,18851.6,18848.039,18848.5945
2024-09-24 02:50:00+00:00,18849.078,18849.605499999998,18845.089,18849.1
2024-09-24 02:55:00+00:00,18849.672,18856.1,18849.116499999996,18852.1
2024-09-24 03:00:00+00:00,18852.589,18860.622,18849.6665,18860.5335
2024-09-24 03:05:00+00:00,18860.1,18860.605499999998,18855.539,18858.605499999998
2024-09-24 03:10:00+00:00,18859.1,18859.1,18855.5945,18855.5945
2024-09-24 03:15:00+00:00,18855.105499999998,18858.0835,18855.105499999998,18856.5945
2024-09-24 03:20:00+00:00,18857.0445,18857.1,18852.0835,18854.6
2024-09-24 03:25:00+00:00,18854.0335,18855.605499999998,18852.610999999997,18854.661
2024-09-24 03:30:00+00:00,18854.1,18856.0445,18850.55,18850.65
2024-09-24 03:35:00+00:00,18850.1,18854.610999999997,18849.1,18854.610999999997
2024-09-24 03:40:00+00:00,18855.110999999997,18859.55,18852.6555,18857.528
2024-09-24 03:45:00+00:00,18858.1,18860.1555,18856.528,18859.6
2024-09-24 03:50:00+00:00,18860.0945,18860.610999999997,18855.589,18856.116499999996
2024-09-24 03:55:00+00:00,18857.5945,18858.605499999998,18855.605499999998,18857.089
2024-09-24 04:00:00+00:00,18857.610999999997,18860.589,18853.55,18855.605499999998
2024-09-24 04:05:00+00:00,18855.105499999998,18858.105499999998,18854.55,18856.610999999997
2024-09-24 04:10:00+00:00,18856.122,18859.578,18853.1555,18857.6665
2024-09-24 04:15:00+00:00,18859.610999999997,18864.0835,18857.672,18862.105499999998
2024-09-24 04:20:00+00:00,18861.610999999997,18880.610999999997,18861.610999999997,18880.039
2024-09-24 04:25:00+00:00,18879.610999999997,18881.6165,18876.55,18881.6165
2024-09-24 04:30:00+00:00,18885.0945,18888.05,18882.039,18886.528
2024-09-24 04:35:00+00:00,18886.0945,18894.605499999998,18885.605499999998,18890.578
2024-09-24 04:40:00+00:00,18890.110999999997,18899.116499999996,18890.110999999997,18896.122
2024-09-24 04:45:00+00:00,18894.6,18900.672,18894.0335,18894.605499999998
2024-09-24 04:50:00+00:00,18895.5335,18906.616499999996,18895.5335,18906.616499999996
2024-09-24 04:55:00+00:00,18907.089,18910.122,18896.122,18900.6
2024-09-24 05:00:00+00:00,18904.1,18913.089,18904.1,18908.610999999997
2024-09-24 05:05:00+00:00,18907.5835,18927.1665,18907.5835,18925.5945
2024-09-24 05:10:00+00:00,18926.6,18928.15,18919.605499999998,18926.5835
2024-09-24 05:15:00+00:00,18927.0945,18930.1,18924.6,18926.028
2024-09-24 05:20:00+00:00,18924.028,18935.5945,18919.528,18926.528
2024-09-24 05:25:00+00:00,18926.0335,18933.6,18923.5945,18930.105499999998
2024-09-24 05:30:00+00:00,18933.116499999996,18935.6,18922.528,18925.661
2024-09-24 05:35:00+00:00,18926.078,18931.089,18918.605499999998,18928.605499999998
2024-09-24 05:40:00+00:00,18928.039,18937.589,18927.605499999998,18936.0945
2024-09-24 05:45:00+00:00,18935.610999999997,18938.1,18929.589,18930.039
2024-09-24 05:50:00+00:00,18929.605499999998,18935.089,18925.6,18931.65
2024-09-24 05:55:00+00:00,18932.089,18939.605499999998,18927.605499999998,18938.5335
2024-09-24 06:00:00+00:00,18938.0945,18955.122,18930.65,18935.610999999997
2024-09-24 06:05:00+00:00,18936.039,18941.110999999997,18925.0835,18927.1
2024-09-24 06:10:00+00:00,18925.105499999998,18941.528,18924.0945,18937.0835
2024-09-24 06:15:00+00:00,18937.6,18946.6,18933.589,18943.161
2024-09-24 06:20:00+00:00,18942.528,18950.039,18938.089,18947.0835
2024-09-24 06:25:00+00:00,18948.528,18957.605499999998,18942.539,18945.105499999998
2024-09-24 06:30:00+00:00,18944.578,18962.610999999997,18944.105499999998,18954.605499999998
2024-09-24 06:35:00+00:00,18954.078,18960.105499999998,18950.589,18956.589
2024-09-24 06:40:00+00:00,18956.105499999998,18968.105499999998,18955.028,18967.105499999998
2024-09-24 06:45:00+00:00,18966.605499999998,18980.105499999998,18964.6165,18975.105499999998
2024-09-24 06:50:00+00:00,18975.6,18985.6165,18974.5945,18983.1
2024-09-24 06:55:00+00:00,18983.6,18994.539,18983.1555,18986.672
2024-09-24 07:00:00+00:00,18987.0835,18998.1,18970.539,18977.089
2024-09-24 07:05:00+00:00,18977.5945,19005.089,18974.0945,18994.172
2024-09-24 07:10:00+00:00,18995.0835,19002.661,18987.1,18987.1
2024-09-24 07:15:00+00:00,18987.610999999997,19000.1555,18981.089,18984.5945
2024-09-24 07:20:00+00:00,18985.172,18996.65,18972.116499999996,18972.65
2024-09-24 07:25:00+00:00,18972.172,18981.089,18944.089,18946.0945
2024-09-24 07:30:00+00:00,18949.0945,18949.65,18936.1,18936.1
2024-09-24 07:35:00+00:00,18936.589,18964.15,18936.589,18956.116499999996
2024-09-24 07:40:00+00:00,18956.610999999997,18972.172,18951.0835,18970.1
2024-09-24 07:45:00+00:00,18971.0445,18983.1,18969.122,18971.089
2024-09-24 07:50:00+00:00,18970.6165,18986.605499999998,18967.605499999998,18984.605499999998
2024-09-24 07:55:00+00:00,18985.1165,18992.6165,18980.105499999998,18989.605499999998
2024-09-24 08:00:00+00:00,18988.610999999997,18999.589,18987.616499999996,18998.105499999998
2024-09-24 08:05:00+00:00,18999.1,19024.589,18997.0445,19018.028
2024-09-24 08:10:00+00:00,19019.089,19030.6,19004.105499999998,19005.116499999996
2024-09-24 08:15:00+00:00,19007.122,19009.078,18991.539,19002.5335
2024-09-24 08:20:00+00:00,19002.0945,19016.105499999998,19002.0945,19015.1
2024-09-24 08:25:00+00:00,19014.6165,19020.5945,19008.161,19015.0335
2024-09-24 08:30:00+00:00,19018.1,19018.1,18999.55,19000.0835
2024-09-24 08:35:00+00:00,18999.5945,19007.105499999998,18983.5945,18984.122
2024-09-24 08:40:00+00:00,18984.605499999998,18990.0945,18978.0835,18979.105499999998
2024-09-24 08:45:00+00:00,18980.0445,18986.1555,18970.105499999998,18981.1
2024-09-24 08:50:00+00:00,18980.589,18987.078,18976.039,18984.616499999996
2024-09-24 08:55:00+00:00,18985.1,18993.1,18984.110999999997,18989.1
2024-09-24 09:00:00+00:00,18987.5945,18996.105499999998,18983.0945,18995.15
2024-09-24 09:05:00+00:00,18995.605499999998,18996.105499999998,18987.172,18996.105499999998
2024-09-24 09:10:00+00:00,18997.089,18999.5945,18985.1,18986.6
2024-09-24 09:15:00+00:00,18987.1,18988.5945,18971.678,18972.266499999998
2024-09-24 09:20:00+00:00,18971.2,18971.2555,18950.65,18952.222
2024-09-24 09:25:00+00:00,18952.7,18960.211,18947.1945,18957.1945
2024-09-24 09:30:00+00:00,18957.722,18975.2,18955.261,18975.2
2024-09-24 09:35:00+00:00,18976.2,18982.7055,18969.211,18978.716500000002
2024-09-24 09:40:00+00:00,18979.2,18981.266499999998,18965.189000000002,18966.15
2024-09-24 09:45:00+00:00,18967.2055,18972.2055,18958.216500000002,18972.2055
2024-09-24 09:50:00+00:00,18972.644500000002,18982.2,18970.189000000002,18979.189000000002
2024-09-24 09:55:00+00:00,18979.689000000002,18979.689000000002,18968.133500000004,18972.1945
2024-09-24 10:00:00+00:00,18971.683500000003,18974.2555,18966.261,18967.7055
2024-09-24 10:05:00+00:00,18966.2,18970.216500000002,18956.2,18963.216500000002
2024-09-24 10:10:00+00:00,18963.7,18972.2,18959.722,18972.1945
2024-09-24 10:15:00+00:00,18971.689000000002,18984.189000000002,18971.216500000002,18976.216500000002
2024-09-24 10:20:00+00:00,18976.628,18980.722,18970.144500000002,18977.178
2024-09-24 10:25:00+00:00,18977.7,18977.7,18970.689000000002,18974.761
2024-09-24 10:30:00+00:00,18975.128,18986.7555,18975.128,18982.128
2024-09-24 10:35:00+00:00,18981.683500000003,18987.1945,18978.1945,18979.216500000002
2024-09-24 10:40:00+00:00,18978.7055,18996.689000000002,18978.7055,18994.6945
2024-09-24 10:45:00+00:00,18995.2,18997.711,18979.2055,18979.6945
2024-09-24 10:50:00+00:00,18978.7,18986.211,18976.1945,18979.1945
2024-09-24 10:55:00+00:00,18978.683500000003,18989.25,18976.1945,18979.1945
2024-09-24 11:00:00+00:00,18978.7,18982.761,18952.7,18953.261
2024-09-24 11:05:00+00:00,18952.766499999998,18956.639000000003,18943.3835,18945.4
2024-09-24 11:10:00+00:00,18946.411,18962.3835,18943.3445,18956.3835
2024-09-24 11:15:00+00:00,18955.9,18966.355499999998,18953.889000000003,18957.2835
2024-09-24 11:20:00+00:00,18958.2945,18962.310999999998,18951.25,18960.3
2024-09-24 11:25:00+00:00,18959.228,18968.7945,18955.7945,18966.8165
2024-09-24 11:30:00+00:00,18966.233500000002,18976.310999999998,18964.283499999998,18975.2445
2024-09-24 11:35:00+00:00,18974.7945,18976.7945,18970.289,18972.1945
2024-09-24 11:40:00+00:00,18971.678,18972.2555,18960.128,18962.189000000002
2024-09-24 11:45:00+00:00,18961.711,18963.211,18953.7,18956.822
2024-09-24 11:50:00+00:00,18955.728,18956.316499999997,18947.728,18949.310999999998
2024-09-24 11:55:00+00:00,18948.85,18949.316499999997,18930.8,18933.8055
2024-09-24 12:00:00+00:00,18934.2445,18947.860999999997,18928.283499999998,18947.3
2024-09-24 12:05:00+00:00,18946.3,18955.8,18936.816499999997,18952.233500000002
2024-09-24 12:10:00+00:00,18953.789,18959.3165,18942.822,18958.360999999997
2024-09-24 12:15:00+00:00,18959.316499999997,18966.3,18952.7445,18959.25
2024-09-24 12:20:00+00:00,18958.144500000002,18961.2555,18948.1835,18949.216500000002
2024-09-24 12:25:00+00:00,18948.7165,18949.2,18931.6945,18941.1945
2024-09-24 12:30:00+00:00,18940.1945,18947.222,18906.711,18910.1945
2024-09-24 12:35:00+00:00,18909.711,18922.261,18904.266499999998,18908.189000000002
2024-09-24 12:40:00+00:00,18907.7,18921.689000000002,18905.133500000004,18918.2
2024-09-24 12:45:00+00:00,18917.211,18928.2555,18911.139000000003,18925.689000000002
2024-09-24 12:50:00+00:00,18927.189000000002,18937.683500000003,18924.7055,18936.266499999998
2024-09-24 12:55:00+00:00,18935.139000000003,18953.211,18932.1945,18949.1945
2024-09-24 13:00:00+00:00,18949.7,18953.722,18940.2055,18945.1945
2024-09-24 13:05:00+00:00,18946.133500000004,18965.189000000002,18945.2,18965.189000000002
2024-09-24 13:10:00+00:00,18965.7,18966.211,18955.189000000002,18963.183500000003
2024-09-24 13:15:00+00:00,18964.2,18966.272,18956.7,18957.189000000002
2024-09-24 13:20:00+00:00,18956.7555,18960.2165,18946.144500000002,18947.7555
2024-09-24 13:25:00+00:00,18947.128,18952.711,18938.211,18940.216500000002
2024-09-24 13:30:00+00:00,18939.689000000002,18950.2055,18926.2,18949.211
2024-09-24 13:35:00+00:00,18949.7,18966.6945,18948.633500000004,18950.222
2024-09-24 13:40:00+00:00,18949.7555,18970.2555,18949.144500000002,18968.211
2024-09-24 13:45:00+00:00,18967.716500000002,18974.644500000002,18962.144500000002,18971.2
2024-09-24 13:50:00+00:00,18970.272,18976.261,18959.678,18971.1945
2024-09-24 13:55:00+00:00,18970.261,18973.716500000002,18947.189000000002,18958.211
2024-09-24 14:00:00+00:00,18958.689000000002,18958.689000000002,18915.15,18926.189000000002
2024-09-24 14:05:00+00:00,18925.1945,18960.716500000002,18923.144500000002,18955.772
2024-09-24 14:10:00+00:00,18955.25,18966.711,18940.65,18942.7
2024-09-24 14:15:00+00:00,18943.628,18950.2165,18933.128,18935.2
2024-09-24 14:20:00+00:00,18934.2,18944.2055,18916.189000000002,18934.178
2024-09-24 14:25:00+00:00,18933.1835,18937.75,18916.639000000003,18925.128
2024-09-24 14:30:00+00:00,18926.75,18936.189000000002,18918.1835,18921.128
2024-09-24 14:35:00+00:00,18920.25,18924.2,18905.689000000002,18906.2555
2024-09-24 14:40:00+00:00,18907.2055,18934.6945,18903.7055,18929.1945
2024-09-24 14:45:00+00:00,18931.139000000003,18950.211,18928.1945,18945.133500000004
2024-09-24 14:50:00+00:00,18946.772,18955.1835,18943.178,18951.2555
2024-09-24 14:55:00+00:00,18950.65,18962.6945,18949.6945,18956.644500000002
2024-09-24 15:00:00+00:00,18957.272,18970.7055,18956.689000000002,18968.7
2024-09-24 15:05:00+00:00,18969.211,18980.75,18963.633500000004,18980.261
2024-09-24 15:10:00+00:00,18979.711,18993.211,18977.689000000002,18990.7
2024-09-24 15:15:00+00:00,18991.189000000002,18991.633500000004,18980.128,18985.2555
2024-09-24 15:20:00+00:00,18984.7,18992.633500000004,18980.189000000002,18991.2
2024-09-24 15:25:00+00:00,18990.6945,18991.2,18981.128,18990.1945
2024-09-24 15:30:00+00:00,18989.2555,19004.711,18987.65,19002.2165
2024-09-24 15:35:00+00:00,18998.7,19001.266499999998,18988.633500000004,18998.711
2024-09-24 15:40:00+00:00,18999.183500000003,19002.189000000002,18990.683500000003,18990.7055
2024-09-24 15:45:00+00:00,18990.25,18998.216500000002,18989.272,18995.628
2024-09-24 15:50:00+00:00,18996.1945,19002.2,18992.639000000003,19000.716500000002
2024-09-24 15:55:00+00:00,19001.1945,19003.2165,18992.683500000003,18996.633500000004
2024-09-24 16:00:00+00:00,18997.216500000002,19005.711,18995.6835,18999.683500000003
2024-09-24 16:05:00+00:00,18999.272,19004.25,18995.65,18997.1835
2024-09-24 16:10:00+00:00,18996.689000000002,19003.772,18994.144500000002,19002.2
2024-09-24 16:15:00+00:00,19001.7,19002.222,18997.15,19000.189000000002
2024-09-24 16:20:00+00:00,18999.65,19003.2055,18996.7165,18998.711
2024-09-24 16:25:00+00:00,18999.211,19001.772,18991.7165,18994.189000000002
2024-09-24 16:30:00+00:00,18994.7555,18994.7555,18986.628,18991.7
2024-09-24 16:35:00+00:00,18991.2,18996.272,18991.128,18991.6945
2024-09-24 16:40:00+00:00,18992.133500000004,18999.628,18991.189000000002,18997.633500000004
2024-09-24 16:45:00+00:00,18997.2,19001.7,18994.628,18998.144500000002
2024-09-24 16:50:00+00:00,18997.2055,18999.772,18993.7055,18994.689000000002
2024-09-24 16:55:00+00:00,18995.189000000002,18995.7,18988.7165,18991.1835
2024-09-24 17:00:00+00:00,18990.7555,18997.2055,18988.678,18993.711
2024-09-24 17:05:00+00:00,18994.2,19001.2,18992.1945,18997.2
2024-09-24 17:10:00+00:00,18996.7,19003.75,18996.266499999998,19003.211
2024-09-24 17:15:00+00:00,19002.6945,19004.7,19000.689000000002,19003.678
2024-09-24 17:20:00+00:00,19002.6835,19003.2055,18996.178,18997.139000000003
2024-09-24 17:25:00+00:00,18996.2,18999.644500000002,18993.6945,18995.211
2024-09-24 17:30:00+00:00,18994.678,19001.711,18994.678,19001.711
2024-09-24 17:35:00+00:00,19002.189000000002,19002.189000000002,18991.628,18992.761
2024-09-24 17:40:00+00:00,18992.189000000002,18995.7555,18988.683500000003,18994.689000000002
2024-09-24 17:45:00+00:00,18993.683500000003,18994.2,18987.1835,18989.189000000002
2024-09-24 17:50:00+00:00,18988.711,18989.711,18984.689000000002,18987.6945
2024-09-24 17:55:00+00:00,18987.2,18987.2,18977.6945,18978.766499999998
2024-09-24 18:00:00+00:00,18979.7,18986.7555,18976.6835,18983.128
2024-09-24 18:05:00+00:00,18982.639000000003,18985.2,18981.139000000003,18982.689000000002
2024-09-24 18:10:00+00:00,18982.178,18982.7555,18978.7,18981.6945
2024-09-24 18:15:00+00:00,18981.261,18982.75,18974.633500000004,18980.211
2024-09-24 18:20:00+00:00,18979.6945,18983.6945,18979.65,18981.7165
2024-09-24 18:25:00+00:00,18982.633500000004,18982.722,18974.639000000003,18977.716500000002
2024-09-24 18:30:00+00:00,18977.2,18983.211,18965.644500000002,18981.6835
2024-09-24 18:35:00+00:00,18982.211,18987.772,18981.722,18987.633500000004
2024-09-24 18:40:00+00:00,18988.2555,18989.1835,18983.689000000002,18986.1835
2024-09-24 18:45:00+00:00,18985.644500000002,18986.772,18983.128,18984.772
2024-09-24 18:50:00+00:00,18983.716500000002,18989.2055,18982.644500000002,18987.1835
2024-09-24 18:55:00+00:00,18987.7165,18989.222,18982.689000000002,18986.183500000003
2024-09-24 19:00:00+00:00,18984.644500000002,18993.216500000002,18984.189000000002,18992.711
2024-09-24 19:05:00+00:00,18992.189000000002,18994.711,18990.7,18992.2
2024-09-24 19:10:00+00:00,18991.761,18994.6945,18987.628,18988.7055
2024-09-24 19:15:00+00:00,18987.689000000002,18990.75,18985.689000000002,18986.7
2024-09-24 19:20:00+00:00,18986.178,18993.7055,18985.633500000004,18992.1945
2024-09-24 19:25:00+00:00,18992.689000000002,18993.75,18991.633500000004,18991.689000000002
2024-09-24 19:30:00+00:00,18991.2055,18991.7,18987.639000000003,18987.689000000002
2024-09-24 19:35:00+00:00,18987.189000000002,18991.772,18986.772,18989.2
2024-09-24 19:40:00+00:00,18988.6945,18993.139000000003,18988.128,18988.644500000002
2024-09-24 19:45:00+00:00,18989.211,18994.1945,18988.144500000002,18992.1945
2024-09-24 19:50:00+00:00,18991.6945,18994.7165,18988.1835,18989.189000000002
2024-09-24 19:55:00+00:00,18987.639000000003,18997.7,18987.628,18996.7
2024-09-24 20:00:00+00:00,18997.1945,18997.266499999998,18985.5335,18985.5335
2024-09-24 20:05:00+00:00,18984.7945,18988.9055,18984.0,18985.6
2024-09-24 20:10:00+00:00,18986.4,18990.6,18984.7945,18989.810999999998
2024-09-24 22:05:00+00:00,18995.0,18997.322,18993.6,18996.828
2024-09-24 22:10:00+00:00,18997.639000000003,19000.216500000002,18997.639000000003,18998.483500000002
2024-09-24 22:15:00+00:00,18999.389000000003,18999.389000000003,18996.060999999998,18996.878
2024-09-24 22:20:00+00:00,18997.6945,18998.516499999998,18995.983500000002,18996.0055
2024-09-24 22:25:00+00:00,18996.889000000003,18997.7,18993.616499999996,18994.4055
2024-09-24 22:30:00+00:00,18994.855499999998,18994.855499999998,18993.589,18993.605499999998
2024-09-24 22:35:00+00:00,18993.272,18994.472,18991.883500000004,18994.472
2024-09-24 22:40:00+00:00,18993.589,18997.689000000002,18992.6945,18996.839
2024-09-24 22:45:00+00:00,18997.711,18998.572,18996.85,18997.689000000002
2024-09-24 22:50:00+00:00,18996.95,18998.433500000003,18996.95,18998.433500000003
2024-09-24 22:55:00+00:00,18999.383500000004,18999.383500000004,18996.9165,18998.5555
2024-09-24 23:00:00+00:00,18997.633500000004,18999.3835,18997.633500000004,18998.5
2024-09-24 23:05:00+00:00,18998.1,19002.633500000004,18997.639000000003,19002.633500000004
2024-09-24 23:10:00+00:00,19001.810999999998,19002.722,19000.9445,19001.378
2024-09-24 23:15:00+00:00,19000.9945,19002.711,19000.9945,19001.7445
2024-09-24 23:20:00+00:00,19002.639000000003,19003.872,19001.4165,19002.183500000003
2024-09-24 23:25:00+00:00,19003.0555,19003.0555,19002.183500000003,19002.1945
2024-09-24 23:30:00+00:00,19001.45,19002.1945,18998.883500000004,19000.4945
2024-09-24 23:35:00+00:00,18999.644500000002,19002.2165,18999.644500000002,19001.4
2024-09-24 23:40:00+00:00,19002.144500000002,19002.211,18998.839,18998.9
2024-09-24 23:45:00+00:00,18999.766499999998,19000.511,18997.9445,18998.922
2024-09-24 23:50:00+00:00,18998.066499999997,18998.894500000002,18997.128,18997.2055
2024-09-24 23:55:00+00:00,18997.528,18998.9555,18996.4165,18998.0555
2024-09-25 00:00:00+00:00,18998.883500000004,18999.711,18994.6945,18995.528
2024-09-25 00:05:00+00:00,18996.472,18996.472,18990.6,18993.116499999996
2024-09-25 00:10:00+00:00,18992.3,18993.105499999998,18985.5835,18988.105499999998
2024-09-25 00:15:00+00:00,18992.683500000003,18992.683500000003,18973.689000000002,18975.2
2024-09-25 00:20:00+00:00,18975.266499999998,18977.711,18972.144500000002,18975.6945
2024-09-25 00:25:00+00:00,18975.2,18978.7165,18975.144500000002,18978.1945
2024-09-25 00:30:00+00:00,18977.6945,18982.1835,18975.628,18981.6835
2024-09-25 00:35:00+00:00,18981.2,18981.2,18970.2,18977.7
2024-09-25 00:40:00+00:00,18978.1835,18978.683500000003,18969.7165,18976.6945
2024-09-25 00:45:00+00:00,18976.1945,18978.272,18972.139000000003,18975.6835
2024-09-25 00:50:00+00:00,18975.1945,18975.1945,18969.689000000002,18972.211
2024-09-25 00:55:00+00:00,18974.189000000002,18976.272,18970.211,18970.261
2024-09-25 01:00:00+00:00,18969.689000000002,18976.2555,18969.633500000004,18975.139000000003
2024-09-25 01:05:00+00:00,18976.211,18980.6945,18975.2,18978.1835
2024-09-25 01:10:00+00:00,18978.711,18979.711,18978.178,18979.211
2024-09-25 01:15:00+00:00,18978.761,18978.761,18963.144500000002,18963.144500000002
2024-09-25 01:20:00+00:00,18962.6945,18971.7055,18961.65,18969.65
2024-09-25 01:25:00+00:00,18968.65,18969.211,18965.65,18967.689000000002
2024-09-25 01:30:00+00:00,18966.7055,18967.766499999998,18956.139000000003,18965.2
2024-09-25 01:35:00+00:00,18964.75,18969.75,18964.75,18967.6945
2024-09-25 01:40:00+00:00,18968.139000000003,18973.7055,18967.644500000002,18969.7055
2024-09-25 01:45:00+00:00,18969.25,18969.25,18958.683500000003,18961.2055
2024-09-25 01:50:00+00:00,18959.7055,18959.7055,18953.689000000002,18955.6835
2024-09-25 01:55:00+00:00,18952.7055,18958.25,18950.2,18956.211
2024-09-25 02:00:00+00:00,18955.2,18960.2,18953.644500000002,18957.7
2024-09-25 02:05:00+00:00,18958.15,18960.1835,18955.144500000002,18956.761
2024-09-25 02:10:00+00:00,18955.644500000002,18957.75,18950.189000000002,18957.75
2024-09-25 02:15:00+00:00,18956.7055,18964.211,18956.139000000003,18958.75
2024-09-25 02:20:00+00:00,18959.25,18960.1835,18953.711,18953.711
2024-09-25 02:25:00+00:00,18953.2165,18953.766499999998,18947.766499999998,18951.7165
2024-09-25 02:30:00+00:00,18951.2055,18951.6945,18946.2555,18946.7
2024-09-25 02:35:00+00:00,18946.272,18953.65,18946.272,18952.2
2024-09-25 02:40:00+00:00,18951.628,18953.189000000002,18948.7055,18951.189000000002
2024-09-25 02:45:00+00:00,18951.761,18954.711,18945.272,18945.75
2024-09-25 02:50:00+00:00,18947.1945,18949.75,18944.1945,18949.1945
2024-09-25 02:55:00+00:00,18948.7,18950.7,18946.133500000004,18947.689000000002
2024-09-25 03:00:00+00:00,18946.65,18946.65,18940.211,18941.761
2024-09-25 03:05:00+00:00,18941.216500000002,18943.772,18936.7,18941.216500000002
2024-09-25 03:10:00+00:00,18941.722,18948.211,18941.711,18946.2555
2024-09-25 03:15:00+00:00,18945.2,18946.222,18932.65,18934.222
2024-09-25 03:20:00+00:00,18935.139000000003,18940.6945,18934.633500000004,18938.2555
2024-09-25 03:25:00+00:00,18934.689000000002,18939.211,18931.644500000002,18937.15
2024-09-25 03:30:00+00:00,18938.189000000002,18942.711,18926.678,18929.772
2024-09-25 03:35:00+00:00,18929.2,18930.1835,18922.144500000002,18923.766499999998
2024-09-25 03:40:00+00:00,18925.633500000004,18928.272,18921.183500000003,18925.1945
2024-09-25 03:45:00+00:00,18925.75,18928.1945,18923.2,18928.1945
2024-09-25 03:50:00+00:00,18927.7,18928.266499999998,18924.178,18926.2
2024-09-25 03:55:00+00:00,18926.761,18927.183500000003,18925.65,18926.144500000002
2024-09-25 04:00:00+00:00,18927.261,18927.7,18922.683500000003,18924.1945
2024-09-25 04:05:00+00:00,18923.689000000002,18923.7055,18921.2165,18922.7
2024-09-25 04:10:00+00:00,18923.261,18924.222,18919.211,18919.65
2024-09-25 04:15:00+00:00,18920.2555,18926.7,18919.128,18925.128
2024-09-25 04:20:00+00:00,18925.7055,18927.222,18924.2165,18927.139000000003
2024-09-25 04:25:00+00:00,18927.689000000002,18931.139000000003,18927.689000000002,18929.6945
2024-09-25 04:30:00+00:00,18930.1945,18930.7,18921.2,18921.25
2024-09-25 04:35:00+00:00,18920.7555,18923.211,18920.644500000002,18921.772
2024-09-25 04:40:00+00:00,18921.1945,18921.722,18917.65,18918.75
2024-09-25 04:45:00+00:00,18919.6945,18930.133500000004,18918.711,18930.133500000004
2024-09-25 04:50:00+00:00,18929.7055,18930.2,18918.6945,18920.139000000003
2024-09-25 04:55:00+00:00,18918.7,18920.211,18909.2,18910.211
2024-09-25 05:00:00+00:00,18909.7,18917.178,18908.6945,18917.178
2024-09-25 05:05:00+00:00,18917.7,18923.211,18917.7,18918.7055
2024-09-25 05:10:00+00:00,18920.1945,18920.1945,18909.7055,18910.128
2024-09-25 05:15:00+00:00,18909.7165,18910.2,18899.2,18902.65
2024-09-25 05:20:00+00:00,18904.2,18905.1835,18893.6945,18896.2
2024-09-25 05:25:00+00:00,18896.772,18896.772,18888.1945,18890.689000000002
2024-09-25 05:30:00+00:00,18890.178,18902.189000000002,18889.189000000002,18898.133500000004
2024-09-25 05:35:00+00:00,18895.689000000002,18896.1945,18882.6945,18886.711
2024-09-25 05:40:00+00:00,18885.7,18888.139000000003,18872.722,18875.7055
2024-09-25 05:45:00+00:00,18874.628,18878.711,18866.128,18866.128
2024-09-25 05:50:00+00:00,18867.25,18875.222,18859.678,18874.25
2024-09-25 05:55:00+00:00,18874.7,18880.2555,18871.722,18873.6835
2024-09-25 06:00:00+00:00,18875.711,18897.133500000004,18873.144500000002,18887.128
2024-09-25 06:05:00+00:00,18886.1945,18897.7,18882.711,18893.7555
2024-09-25 06:10:00+00:00,18893.183500000003,18898.683500000003,18878.772,18879.7
2024-09-25 06:15:00+00:00,18879.183500000003,18884.2,18871.7,18883.75
2024-09-25 06:20:00+00:00,18882.2,18885.222,18876.711,18884.7165
2024-09-25 06:25:00+00:00,18884.15,18886.7,18868.7,18870.2
2024-09-25 06:30:00+00:00,18871.139000000003,18873.7055,18858.189000000002,18858.189000000002
2024-09-25 06:35:00+00:00,18855.772,18860.266499999998,18846.7055,18858.128
2024-09-25 06:40:00+00:00,18856.7,18873.7055,18850.2,18872.2
2024-09-25 06:45:00+00:00,18871.683500000003,18875.75,18865.15,18875.7055
2024-09-25 06:50:00+00:00,18876.183500000003,18882.716500000002,18873.178,18879.711
2024-09-25 06:55:00+00:00,18879.189000000002,18879.761,18858.6945,18859.7
2024-09-25 07:00:00+00:00,18860.761,18873.65,18842.189000000002,18853.1945
2024-09-25 07:05:00+00:00,18852.722,18883.7,18848.628,18883.7
2024-09-25 07:10:00+00:00,18884.211,18889.2,18859.639000000003,18861.6945
2024-09-25 07:15:00+00:00,18862.628,18895.7,18861.7165,18884.7
2024-09-25 07:20:00+00:00,18885.683500000003,18896.6945,18875.7,18895.766499999998
2024-09-25 07:25:00+00:00,18896.639000000003,18911.639000000003,18892.689000000002,18909.766499999998
2024-09-25 07:30:00+00:00,18910.716500000002,18925.25,18902.7,18906.711
2024-09-25 07:35:00+00:00,18905.2555,18914.1835,18899.2055,18913.772
2024-09-25 07:40:00+00:00,18914.7055,18914.75,18904.6945,18906.683500000003
2024-09-25 07:45:00+00:00,18905.711,18913.2,18896.6945,18913.2
2024-09-25 07:50:00+00:00,18913.7055,18915.75,18905.211,18915.689000000002
2024-09-25 07:55:00+00:00,18916.7,18937.2555,18911.683500000003,18933.716500000002
2024-09-25 08:00:00+00:00,18935.7055,18938.722,18927.628,18937.7
2024-09-25 08:05:00+00:00,18937.128,18939.1835,18915.722,18917.7
2024-09-25 08:10:00+00:00,18918.65,18929.766499999998,18913.7055,18919.766499999998
2024-09-25 08:15:00+00:00,18920.272,18922.711,18905.6945,18907.711
2024-09-25 08:20:00+00:00,18906.7055,18915.2555,18899.7,18906.766499999998
2024-09-25 08:25:00+00:00,18906.128,18915.772,18902.7055,18911.644500000002
2024-09-25 08:30:00+00:00,18914.2,18925.711,18910.6835,18911.7
2024-09-25 08:35:00+00:00,18910.7055,18919.6945,18896.7,18914.7055
2024-09-25 08:40:00+00:00,18913.711,18922.2,18905.1945,18912.211
2024-09-25 08:45:00+00:00,18912.716500000002,18915.716500000002,18903.7,18908.2
2024-09-25 08:50:00+00:00,18909.211,18915.711,18903.1945,18904.7055
2024-09-25 08:55:00+00:00,18905.711,18912.75,18899.628,18906.211
2024-09-25 09:00:00+00:00,18905.6945,18905.6945,18890.689000000002,18892.722
2024-09-25 09:05:00+00:00,18891.689000000002,18901.711,18888.639000000003,18897.2
2024-09-25 09:10:00+00:00,18896.633500000004,18903.266499999998,18895.2,18899.7
2024-09-25 09:15:00+00:00,18898.6945,18899.7,18886.689000000002,18887.722
2024-09-25 09:20:00+00:00,18886.639000000003,18886.639000000003,18871.722,18874.128
2024-09-25 09:25:00+00:00,18874.7055,18886.761,18871.211,18878.628
2024-09-25 09:30:00+00:00,18880.772,18903.211,18875.65,18901.7
2024-09-25 09:35:00+00:00,18901.2055,18901.7165,18887.7055,18888.711
2024-09-25 09:40:00+00:00,18889.139000000003,18895.722,18884.683500000003,18886.2
2024-09-25 09:45:00+00:00,18885.65,18890.7555,18877.7,18886.2
2024-09-25 09:50:00+00:00,18885.761,18898.766499999998,18881.633500000004,18897.7055
2024-09-25 09:55:00+00:00,18898.7055,18906.25,18897.683500000003,18901.189000000002
2024-09-25 10:00:00+00:00,18902.178,18912.761,18895.766499999998,18902.211
2024-09-25 10:05:00+00:00,18902.7,18910.772,18902.189000000002,18904.722
2024-09-25 10:10:00+00:00,18905.211,18909.6835,18902.772,18905.2
2024-09-25 10:15:00+00:00,18905.628,18908.7,18903.7555,18907.6835
2024-09-25 10:20:00+00:00,18908.25,18919.128,18907.178,18910.644500000002
2024-09-25 10:25:00+00:00,18910.144500000002,18919.216500000002,18910.144500000002,18915.689000000002
2024-09-25 10:30:00+00:00,18916.1945,18924.139000000003,18913.7,18921.7165
2024-09-25 10:35:00+00:00,18922.1945,18923.211,18915.272,18917.7055
2024-09-25 10:40:00+00:00,18915.7,18920.266499999998,18905.633500000004,18905.633500000004
2024-09-25 10:45:00+00:00,18905.2055,18908.2,18900.2,18906.6945
2024-09-25 10:50:00+00:00,18907.189000000002,18914.689000000002,18905.2,18912.689000000002
2024-09-25 10:55:00+00:00,18911.716500000002,18922.189000000002,18910.2055,18919.711
2024-09-25 11:00:00+00:00,18920.2555,18926.75,18911.178,18923.711
2024-09-25 11:05:00+00:00,18922.711,18932.2055,18917.644500000002,18929.7
2024-09-25 11:10:00+00:00,18931.7,18938.2055,18930.65,18936.75
2024-09-25 11:15:00+00:00,18937.7,18948.7055,18937.211,18943.183500000003
2024-09-25 11:20:00+00:00,18944.178,18948.2555,18941.139000000003,18946.628
2024-09-25 11:25:00+00:00,18946.2055,18948.211,18934.133500000004,18934.7
2024-09-25 11:30:00+00:00,18934.1945,18936.75,18921.7055,18924.716500000002
2024-09-25 11:35:00+00:00,18924.178,18927.7,18920.189000000002,18920.272
2024-09-25 11:40:00+00:00,18920.6945,18922.7555,18916.7,18922.7055
2024-09-25 11:45:00+00:00,18922.266499999998,18931.7555,18922.266499999998,18930.6835
2024-09-25 11:50:00+00:00,18930.1945,18937.761,18928.761,18937.761
2024-09-25 11:55:00+00:00,18937.222,18939.1835,18933.7055,18937.689000000002
2024-09-25 12:00:00+00:00,18938.678,18942.7555,18933.644500000002,18935.689000000002
2024-09-25 12:05:00+00:00,18935.189000000002,18948.133500000004,18933.2055,18944.2
2024-09-25 12:10:00+00:00,18943.711,18945.722,18935.133500000004,18939.711
2024-09-25 12:15:00+00:00,18940.1835,18950.689000000002,18939.2055,18950.211
2024-09-25 12:20:00+00:00,18949.711,18958.766499999998,18949.1945,18953.2
2024-09-25 12:25:00+00:00,18953.722,18964.2165,18953.722,18962.2055
2024-09-25 12:30:00+00:00,18961.639000000003,18963.211,18946.1945,18950.6945
2024-09-25 12:35:00+00:00,18949.7,18961.711,18946.6945,18958.678
2024-09-25 12:40:00+00:00,18959.722,18963.7,18953.678,18953.678
2024-09-25 12:45:00+00:00,18954.266499999998,18954.75,18943.2055,18950.628
2024-09-25 12:50:00+00:00,18950.189000000002,18959.722,18950.189000000002,18957.261
2024-09-25 12:55:00+00:00,18957.75,18961.75,18944.633500000004,18949.716500000002
2024-09-25 13:00:00+00:00,18950.272,18956.2,18944.144500000002,18944.6945
2024-09-25 13:05:00+00:00,18944.128,18944.128,18933.6835,18940.7165
2024-09-25 13:10:00+00:00,18940.266499999998,18940.7,18923.2055,18928.716500000002
2024-09-25 13:15:00+00:00,18928.211,18930.7555,18923.178,18928.689000000002
2024-09-25 13:20:00+00:00,18928.139000000003,18928.139000000003,18917.689000000002,18920.7165
2024-09-25 13:25:00+00:00,18921.266499999998,18922.7,18911.7,18916.1835
2024-09-25 13:30:00+00:00,18915.6945,18921.211,18895.128,18897.211
2024-09-25 13:35:00+00:00,18896.7165,18907.722,18894.2,18903.7
2024-09-25 13:40:00+00:00,18904.2,18907.644500000002,18890.7,18906.716500000002
2024-09-25 13:45:00+00:00,18906.144500000002,18912.139000000003,18889.7055,18889.7055
2024-09-25 13:50:00+00:00,18890.6945,18899.2055,18878.211,18884.716500000002
2024-09-25 13:55:00+00:00,18883.7,18896.761,18878.711,18894.7
2024-09-25 14:00:00+00:00,18895.1945,18911.711,18891.133500000004,18907.7555
2024-09-25 14:05:00+00:00,18909.65,18934.266499999998,18906.644500000002,18921.189000000002
2024-09-25 14:10:00+00:00,18921.7055,18930.7,18901.1835,18906.689000000002
2024-09-25 14:15:00+00:00,18906.2055,18917.711,18903.689000000002,18904.689000000002
2024-09-25 14:20:00+00:00,18904.189000000002,18908.6945,18897.266499999998,18907.6945
2024-09-25 14:25:00+00:00,18908.639000000003,18908.711,18894.678,18898.711
2024-09-25 14:30:00+00:00,18899.2055,18903.2055,18893.144500000002,18903.2055
2024-09-25 14:35:00+00:00,18902.7,18914.222,18895.7,18913.6945
2024-09-25 14:40:00+00:00,18914.25,18922.25,18911.6945,18916.711
2024-09-25 14:45:00+00:00,18917.711,18920.2,18907.1835,18909.178
2024-09-25 14:50:00+00:00,18909.766499999998,18928.272,18905.7055,18918.6945
2024-09-25 14:55:00+00:00,18917.761,18922.689000000002,18909.689000000002,18915.6945
2024-09-25 15:00:00+00:00,18917.644500000002,18924.716500000002,18912.678,18921.2
2024-09-25 15:05:00+00:00,18921.75,18930.1945,18920.2055,18928.711
2024-09-25 15:10:00+00:00,18929.128,18929.128,18916.633500000004,18920.2055
2024-09-25 15:15:00+00:00,18921.7055,18924.139000000003,18917.633500000004,18921.2055
2024-09-25 15:20:00+00:00,18920.683500000003,18925.711,18918.2055,18923.211
2024-09-25 15:25:00+00:00,18922.211,18924.2555,18918.189000000002,18920.644500000002
2024-09-25 15:30:00+00:00,18920.189000000002,18921.266499999998,18911.2,18919.128
2024-09-25 15:35:00+00:00,18917.6945,18921.7,18912.216500000002,18919.211
2024-09-25 15:40:00+00:00,18919.711,18927.7,18917.2055,18918.1945
2024-09-25 15:45:00+00:00,18918.772,18921.2055,18915.189000000002,18918.2055
2024-09-25 15:50:00+00:00,18916.7165,18919.6945,18909.716500000002,18914.7
2024-09-25 15:55:00+00:00,18915.189000000002,18925.772,18915.183500000003,18925.272
2024-09-25 16:00:00+00:00,18924.189000000002,18926.222,18920.25,18925.144500000002
2024-09-25 16:05:00+00:00,18924.178,18927.1945,18918.2055,18926.6945
2024-09-25 16:10:00+00:00,18927.711,18930.25,18924.1835,18926.689000000002
2024-09-25 16:15:00+00:00,18927.761,18930.2,18921.25,18922.261
2024-09-25 16:20:00+00:00,18922.7055,18928.272,18921.689000000002,18927.144500000002
2024-09-25 16:25:00+00:00,18927.722,18931.766499999998,18927.7,18930.189000000002
2024-09-25 16:30:00+00:00,18930.7,18930.7,18923.139000000003,18928.689000000002
2024-09-25 16:35:00+00:00,18928.189000000002,18929.2055,18925.1945,18928.1835
2024-09-25 16:40:00+00:00,18928.772,18930.75,18921.7,18924.7055
2024-09-25 16:45:00+00:00,18924.183500000003,18928.2055,18918.2,18919.189000000002
2024-09-25 16:50:00+00:00,18918.772,18929.772,18918.2,18926.1945
2024-09-25 16:55:00+00:00,18925.2055,18926.644500000002,18913.7165,18916.1945
2024-09-25 17:00:00+00:00,18915.761,18917.2055,18900.6945,18913.772
2024-09-25 17:05:00+00:00,18913.222,18921.133500000004,18911.2,18915.2055
2024-09-25 17:10:00+00:00,18914.689000000002,18915.75,18909.761,18910.633500000004
2024-09-25 17:15:00+00:00,18911.2555,18917.2055,18909.2,18912.7
2024-09-25 17:20:00+00:00,18914.189000000002,18914.189000000002,18907.644500000002,18908.261
2024-09-25 17:25:00+00:00,18909.2,18910.266499999998,18905.211,18905.211
2024-09-25 17:30:00+00:00,18905.7,18909.7555,18899.1945,18899.1945
2024-09-25 17:35:00+00:00,18897.7,18903.25,18888.7055,18897.716500000002
2024-09-25 17:40:00+00:00,18897.133500000004,18897.628,18890.139000000003,18894.1835
2024-09-25 17:45:00+00:00,18893.6945,18894.683500000003,18885.6945,18891.1945
2024-09-25 17:50:00+00:00,18891.639000000003,18907.7055,18890.1835,18907.1945
2024-09-25 17:55:00+00:00,18908.216500000002,18915.2055,18905.689000000002,18914.766499999998
2024-09-25 18:00:00+00:00,18914.25,18916.7555,18909.261,18913.711
2024-09-25 18:05:00+00:00,18914.222,18915.2055,18907.1945,18909.628
2024-09-25 18:10:00+00:00,18910.1945,18913.272,18907.128,18907.7
2024-09-25 18:15:00+00:00,18908.2055,18910.2555,18901.1945,18909.266499999998
2024-09-25 18:20:00+00:00,18908.7055,18910.266499999998,18905.2055,18907.2555
2024-09-25 18:25:00+00:00,18907.722,18914.266499999998,18906.639000000003,18914.266499999998
2024-09-25 18:30:00+00:00,18913.7055,18915.222,18910.75,18915.222
2024-09-25 18:35:00+00:00,18915.7,18918.7055,18914.144500000002,18914.65
2024-09-25 18:40:00+00:00,18915.2,18915.75,18912.15,18913.2
2024-09-25 18:45:00+00:00,18913.6945,18916.2055,18912.261,18914.261
2024-09-25 18:50:00+00:00,18914.7,18915.1945,18910.633500000004,18914.1835
2024-09-25 18:55:00+00:00,18913.628,18915.189000000002,18907.633500000004,18911.178
2024-09-25 19:00:00+00:00,18910.139000000003,18914.7555,18906.65,18913.644500000002
2024-09-25 19:05:00+00:00,18913.1945,18915.2,18911.644500000002,18913.7055
2024-09-25 19:10:00+00:00,18914.15,18916.272,18912.139000000003,18913.7555
2024-09-25 19:15:00+00:00,18913.2055,18914.1835,18907.6945,18908.7
2024-09-25 19:20:00+00:00,18908.2,18912.261,18907.2055,18910.6835
2024-09-25 19:25:00+00:00,18910.211,18912.189000000002,18906.2055,18909.2
2024-09-25 19:30:00+00:00,18909.7,18910.266499999998,18905.1835,18907.2055
2024-09-25 19:35:00+00:00,18907.678,18909.261,18902.639000000003,18906.266499999998
2024-09-25 19:40:00+00:00,18905.211,18908.678,18902.628,18908.272
2024-09-25 19:45:00+00:00,18907.689000000002,18911.216500000002,18905.644500000002,18909.6945
2024-09-25 19:50:00+00:00,18910.189000000002,18912.272,18905.2,18908.6945
2024-09-25 19:55:00+00:00,18906.2055,18911.1945,18905.628,18910.6945
2024-09-25 20:00:00+00:00,18911.211,18924.4165,18907.85,18923.605499999998
2024-09-25 20:05:00+00:00,18922.810999999998,18925.672,18921.0445,18921.1
2024-09-25 20:10:00+00:00,18921.95,18928.5,18920.3055,18927.766499999998
2024-09-25 22:05:00+00:00,18914.461,18917.310999999998,18913.116499999996,18913.1555
2024-09-25 22:10:00+00:00,18913.4945,18920.822,18912.7,18920.0555
2024-09-25 22:15:00+00:00,18919.1,18919.5,18918.228,18918.239
2024-09-25 22:20:00+00:00,18917.5055,18919.089,18917.45,18918.289
2024-09-25 22:25:00+00:00,18919.089,18921.2055,18919.0835,18920.8
2024-09-25 22:30:00+00:00,18920.072,18928.272,18920.016499999998,18928.272
2024-09-25 22:35:00+00:00,18929.0055,18929.0055,18926.6,18928.15
2024-09-25 22:40:00+00:00,18928.978,18933.128,18928.978,18931.4945
2024-09-25 22:45:00+00:00,18932.322,18932.322,18928.133500000004,18928.1945
2024-09-25 22:50:00+00:00,18927.7945,18928.2055,18927.3445,18928.2
2024-09-25 22:55:00+00:00,18927.7945,18929.05,18927.383500000004,18927.4055
2024-09-25 23:00:00+00:00,18928.144500000002,18929.0165,18924.889000000003,18925.7055
2024-09-25 23:05:00+00:00,18925.2945,18925.689000000002,18924.1165,18924.894500000002
2024-09-25 23:10:00+00:00,18924.4945,18927.461,18924.4945,18927.461
2024-09-25 23:15:00+00:00,18926.422,18927.144500000002,18924.772,18924.772
2024-09-25 23:20:00+00:00,18925.172,18928.889000000003,18924.6835,18928.889000000003
2024-09-25 23:25:00+00:00,18929.7,18930.5555,18929.689000000002,18929.6945
2024-09-25 23:30:00+00:00,18930.4945,18932.189000000002,18929.6945,18930.5
2024-09-25 23:35:00+00:00,18929.711,18933.0055,18928.972,18932.25
2024-09-25 23:40:00+00:00,18932.6,18934.589,18929.772,18932.939000000002
2024-09-25 23:45:00+00:00,18933.4055,18947.85,18932.9445,18945.394500000002
2024-09-25 23:50:00+00:00,18945.85,18946.261,18941.2055,18941.589
2024-09-25 23:55:00+00:00,18941.1835,18944.5555,18941.1835,18942.839
2024-09-26 00:00:00+00:00,18944.5165,18953.233500000002,18944.5,18949.9945
2024-09-26 00:05:00+00:00,18950.8,18959.15,18950.7445,18957.394500000002
2024-09-26 00:10:00+00:00,18957.9,18962.283499999998,18955.0055,18961.9055
2024-09-26 00:15:00+00:00,18956.7055,18967.211,18956.7055,18962.2
2024-09-26 00:20:00+00:00,18962.2055,18963.1945,18954.144500000002,18957.189000000002
2024-09-26 00:25:00+00:00,18957.65,18966.133500000004,18957.65,18963.1945
2024-09-26 00:30:00+00:00,18965.139000000003,18972.2,18962.644500000002,18970.7555
2024-09-26 00:35:00+00:00,18971.1945,18978.678,18970.7,18975.1945
2024-09-26 00:40:00+00:00,18974.761,18979.139000000003,18971.772,18973.2
2024-09-26 00:45:00+00:00,18972.711,18974.1945,18968.2,18968.2
2024-09-26 00:50:00+00:00,18968.711,18969.2,18961.128,18961.222
2024-09-26 00:55:00+00:00,18962.189000000002,18967.1835,18959.7055,18966.2
2024-09-26 01:00:00+00:00,18964.2055,18967.211,18961.7,18963.689000000002
2024-09-26 01:05:00+00:00,18964.7,18965.6945,18961.1835,18962.628
2024-09-26 01:10:00+00:00,18963.189000000002,18969.6945,18963.189000000002,18965.2
2024-09-26 01:15:00+00:00,18964.7055,18965.128,18960.211,18961.7555
2024-09-26 01:20:00+00:00,18962.2,18966.211,18961.628,18965.183500000003
2024-09-26 01:25:00+00:00,18965.7555,18965.7555,18959.1835,18960.7
2024-09-26 01:30:00+00:00,18960.1945,18963.1945,18957.689000000002,18963.1945
2024-09-26 01:35:00+00:00,18962.6945,18963.1945,18957.711,18959.2165
2024-09-26 01:40:00+00:00,18961.144500000002,18966.628,18961.144500000002,18964.6945
2024-09-26 01:45:00+00:00,18963.644500000002,18971.2555,18963.644500000002,18970.6945
2024-09-26 01:50:00+00:00,18971.189000000002,18987.6945,18967.1945,18987.2055
2024-09-26 01:55:00+00:00,18987.689000000002,18993.689000000002,18983.183500000003,18992.75
2024-09-26 02:00:00+00:00,18992.2,18995.2,18986.711,18994.6945
2024-09-26 02:05:00+00:00,18992.133500000004,18994.633500000004,18991.689000000002,18994.1945
2024-09-26 02:10:00+00:00,18992.1945,18993.761,18991.7055,18992.211
2024-09-26 02:15:00+00:00,18991.189000000002,18991.261,18984.6945,18989.7
2024-09-26 02:20:00+00:00,18990.2,18996.261,18989.689000000002,18995.7
2024-09-26 02:25:00+00:00,18996.2,18999.211,18996.189000000002,18997.266499999998
2024-09-26 02:30:00+00:00,18996.689000000002,18999.211,18994.133500000004,18994.6945
2024-09-26 02:35:00+00:00,18995.716500000002,18996.211,18994.633500000004,18995.2055
2024-09-26 02:40:00+00:00,18991.7,18993.1945,18990.1945,18990.2055
2024-09-26 02:45:00+00:00,18990.7165,18992.7,18985.689000000002,18987.6945
2024-09-26 02:50:00+00:00,18987.2,18995.2555,18986.128,18993.6945
2024-09-26 02:55:00+00:00,18994.761,18994.761,18988.772,18991.2
2024-09-26 03:00:00+00:00,18990.6945,18998.711,18990.144500000002,18995.766499999998
2024-09-26 03:05:00+00:00,18995.189000000002,18995.761,18992.722,18992.722
2024-09-26 03:10:00+00:00,18993.183500000003,18993.7,18992.2,18993.1945
2024-09-26 03:15:00+00:00,18994.2055,18995.261,18990.6945,18992.144500000002
2024-09-26 03:20:00+00:00,18991.6945,18991.6945,18985.678,18989.2
2024-09-26 03:25:00+00:00,18988.7055,18992.7165,18988.678,18990.133500000004
2024-09-26 03:30:00+00:00,18991.1945,18997.2055,18988.766499999998,18996.683500000003
2024-09-26 03:35:00+00:00,18997.2,19005.683500000003,18996.711,19004.711
2024-09-26 03:40:00+00:00,19005.211,19011.133500000004,19005.211,19007.144500000002
2024-09-26 03:45:00+00:00,19008.1945,19016.211,19007.6945,19012.6945
2024-09-26 03:50:00+00:00,19012.222,19016.7055,19010.189000000002,19013.766499999998
2024-09-26 03:55:00+00:00,19012.689000000002,19014.722,19006.7055,19007.261
2024-09-26 04:00:00+00:00,19006.7165,19006.7165,18998.7165,18999.1835
2024-09-26 04:05:00+00:00,18998.7055,19007.766499999998,18997.2,19007.128
2024-09-26 04:10:00+00:00,19007.65,19010.139000000003,19001.7055,19006.144500000002
2024-09-26 04:15:00+00:00,19006.7,19007.266499999998,19005.683500000003,19005.683500000003
2024-09-26 04:20:00+00:00,19006.1945,19010.2555,19003.766499999998,19005.7165
2024-09-26 04:25:00+00:00,19005.2,19006.65,19004.716500000002,19005.178
2024-09-26 04:30:00+00:00,19004.711,19004.711,19003.711,19003.711
2024-09-26 04:35:00+00:00,19002.6945,19008.2,19002.6945,19005.678
2024-09-26 04:40:00+00:00,19006.722,19010.7,19004.7,19010.2
2024-09-26 04:45:00+00:00,19008.2055,19008.772,19002.633500000004,19004.711
2024-09-26 04:50:00+00:00,19005.2,19015.211,19003.711,19012.261
2024-09-26 04:55:00+00:00,19010.7,19015.2165,19007.628,19009.266499999998
2024-09-26 05:00:00+00:00,19008.766499999998,19012.2,19004.65,19009.1945
2024-09-26 05:05:00+00:00,19008.7055,19011.644500000002,19004.6945,19010.25
2024-09-26 05:10:00+00:00,19010.689000000002,19014.75,19009.128,19014.639000000003
2024-09-26 05:15:00+00:00,19014.1835,19020.2,19012.128,19013.2165
2024-09-26 05:20:00+00:00,19014.716500000002,19017.189000000002,19008.2165,19014.2
2024-09-26 05:25:00+00:00,19013.133500000004,19031.25,19012.2,19030.178
2024-09-26 05:30:00+00:00,19031.189000000002,19039.1945,19028.128,19029.144500000002
2024-09-26 05:35:00+00:00,19028.7055,19050.15,19026.766499999998,19050.15
2024-09-26 05:40:00+00:00,19049.2055,19074.2055,19042.689000000002,19074.2055
2024-09-26 05:45:00+00:00,19074.75,19093.6835,19069.216500000002,19073.183500000003
2024-09-26 05:50:00+00:00,19072.7055,19078.7,19067.628,19074.216500000002
2024-09-26 05:55:00+00:00,19074.75,19092.6945,19074.75,19079.2
2024-09-26 06:00:00+00:00,19078.2055,19092.2555,19075.133500000004,19083.7
2024-09-26 06:05:00+00:00,19083.211,19098.222,19082.7,19089.272
2024-09-26 06:10:00+00:00,19089.6945,19095.211,19084.272,19095.2055
2024-09-26 06:15:00+00:00,19097.216500000002,19103.711,19082.128,19084.189000000002
2024-09-26 06:20:00+00:00,19082.2,19085.716500000002,19073.2055,19083.2
2024-09-26 06:25:00+00:00,19083.7,19084.7,19076.211,19082.211
2024-09-26 06:30:00+00:00,19082.644500000002,19092.25,19082.2055,19087.2165
2024-09-26 06:35:00+00:00,19087.7555,19098.2,19085.133500000004,19094.2055
2024-09-26 06:40:00+00:00,19094.7055,19108.7,19092.7,19097.1945
2024-09-26 06:45:00+00:00,19097.689000000002,19106.189000000002,19097.178,19106.189000000002
2024-09-26 06:50:00+00:00,19106.6945,19106.6945,19096.65,19099.2
2024-09-26 06:55:00+00:00,19099.644500000002,19100.2055,19074.211,19076.189000000002
2024-09-26 07:00:00+00:00,19078.7055,19132.75,19078.7055,19132.75
2024-09-26 07:05:00+00:00,19133.7,19157.7055,19128.1835,19142.211
2024-09-26 07:10:00+00:00,19142.65,19144.25,19113.1945,19126.222
2024-09-26 07:15:00+00:00,19127.266499999998,19146.216500000002,19124.189000000002,19143.266499999998
2024-09-26 07:20:00+00:00,19142.15,19146.2,19127.133500000004,19129.7
2024-09-26 07:25:00+00:00,19130.75,19140.6945,19110.189000000002,19116.7055
2024-09-26 07:30:00+00:00,19117.189000000002,19126.25,19092.6945,19108.105499999998
2024-09-26 07:35:00+00:00,19106.6165,19111.116499999996,19089.089,19100.6
2024-09-26 07:40:00+00:00,19102.1,19114.0445,19100.5445,19110.15
2024-09-26 07:45:00+00:00,19111.0945,19115.605499999998,19105.039,19108.589
2024-09-26 07:50:00+00:00,19108.1,19128.6,19105.610999999997,19127.1
2024-09-26 07:55:00+00:00,19128.116499999996,19151.1,19128.116499999996,19144.089
2024-09-26 08:00:00+00:00,19143.6,19147.610999999997,19134.105499999998,19139.0945
2024-09-26 08:05:00+00:00,19140.589,19150.161,19125.2,19129.2
2024-09-26 08:10:00+00:00,19131.266499999998,19148.2,19126.2,19146.2
2024-09-26 08:15:00+00:00,19147.211,19150.7,19138.678,19147.689000000002
2024-09-26 08:20:00+00:00,19149.639000000003,19169.7055,19147.689000000002,19157.772
2024-09-26 08:25:00+00:00,19158.261,19163.211,19144.678,19158.261
2024-09-26 08:30:00+00:00,19159.1835,19166.772,19152.7055,19163.2
2024-09-26 08:35:00+00:00,19163.689000000002,19167.144500000002,19151.6945,19155.189000000002
2024-09-26 08:40:00+00:00,19154.7,19158.25,19141.7055,19149.7
2024-09-26 08:45:00+00:00,19150.2,19162.266499999998,19149.7,19155.216500000002
2024-09-26 08:50:00+00:00,19156.2,19160.2,19152.189000000002,19155.189000000002
2024-09-26 08:55:00+00:00,19154.7055,19164.216500000002,19153.1835,19163.6945
2024-09-26 09:00:00+00:00,19164.7165,19165.7055,19142.189000000002,19143.222
2024-09-26 09:05:00+00:00,19142.772,19142.772,19128.633500000004,19130.15
2024-09-26 09:10:00+00:00,19131.189000000002,19151.2055,19129.2055,19150.189000000002
2024-09-26 09:15:00+00:00,19149.2055,19152.122,19142.211,19151.661
2024-09-26 09:20:00+00:00,19152.0945,19155.6665,19144.589,19144.589
2024-09-26 09:25:00+00:00,19145.539,19157.0945,19140.661,19143.589
2024-09-26 09:30:00+00:00,19144.089,19146.1,19138.539,19143.1
2024-09-26 09:35:00+00:00,19144.028,19144.622,19129.028,19132.0335
2024-09-26 09:40:00+00:00,19132.605499999998,19142.116499999996,19130.6665,19131.1
2024-09-26 09:45:00+00:00,19131.6665,19134.1,19117.0835,19119.65
2024-09-26 09:50:00+00:00,19120.1,19126.616499999996,19117.5945,19121.6165
2024-09-26 09:55:00+00:00,19122.0945,19126.5945,19117.0335,19124.610999999997
2024-09-26 10:00:00+00:00,19124.089,19128.5835,19121.089,19121.089
2024-09-26 10:05:00+00:00,19120.661,19123.6665,19113.1,19117.122
2024-09-26 10:10:00+00:00,19116.0945,19117.1,19107.605499999998,19108.6
2024-09-26 10:15:00+00:00,19108.0945,19114.605499999998,19106.55,19111.0945
2024-09-26 10:20:00+00:00,19111.5835,19114.172,19107.0945,19109.1
2024-09-26 10:25:00+00:00,19108.578,19117.1,19107.089,19117.1
2024-09-26 10:30:00+00:00,19117.672,19127.6,19117.5335,19123.6
2024-09-26 10:35:00+00:00,19124.1,19124.122,19118.6,19119.039
2024-09-26 10:40:00+00:00,19119.589,19134.116499999996,19119.1,19134.116499999996
2024-09-26 10:45:00+00:00,19133.0945,19140.6665,19131.0445,19138.610999999997
2024-09-26 10:50:00+00:00,19139.0835,19144.661,19137.105499999998,19140.605499999998
2024-09-26 10:55:00+00:00,19141.028,19142.6165,19132.661,19138.1
2024-09-26 11:00:00+00:00,19137.616499999996,19138.5835,19129.0835,19129.0835
2024-09-26 11:05:00+00:00,19130.1555,19135.116499999996,19129.0945,19131.122
2024-09-26 11:10:00+00:00,19132.0335,19142.116499999996,19130.1,19133.1
2024-09-26 11:15:00+00:00,19133.6,19143.0835,19132.672,19140.110999999997
2024-09-26 11:20:00+00:00,19140.6165,19148.0945,19135.589,19144.078
2024-09-26 11:25:00+00:00,19144.6665,19153.066499999997,19142.089,19152.0055
2024-09-26 11:30:00+00:00,19151.433500000003,19155.5,19146.9945,19146.9945
2024-09-26 11:35:00+00:00,19148.5055,19153.978,19145.928,19147.0
2024-09-26 11:40:00+00:00,19148.05,19149.572,19141.989,19147.0
2024-09-26 11:45:00+00:00,19147.433500000003,19151.5165,19145.933500000003,19148.9945
2024-09-26 11:50:00+00:00,19149.478,19151.05,19139.95,19140.560999999998
2024-09-26 11:55:00+00:00,19140.9945,19149.9945,19140.5555,19149.478
2024-09-26 12:00:00+00:00,19150.0,19150.522,19134.511,19135.0
2024-09-26 12:05:00+00:00,19135.5,19138.511,19128.022,19130.0555
2024-09-26 12:10:00+00:00,19128.9835,19133.011,19124.933500000003,19130.511
2024-09-26 12:15:00+00:00,19129.9945,19134.522,19122.522,19132.983500000002
2024-09-26 12:20:00+00:00,19132.4945,19142.0555,19132.433500000003,19138.928
2024-09-26 12:25:00+00:00,19139.5165,19141.016499999998,19135.0,19138.95
2024-09-26 12:30:00+00:00,19142.011,19152.5,19131.4945,19152.0
2024-09-26 12:35:00+00:00,19150.9945,19162.0055,19148.016499999998,19159.011
2024-09-26 12:40:00+00:00,19159.511,19178.4945,19154.9945,19177.5
2024-09-26 12:45:00+00:00,19176.9945,19178.428,19168.5055,19174.4945
2024-09-26 12:50:00+00:00,19174.0,19193.011,19173.4945,19192.4945
2024-09-26 12:55:00+00:00,19191.5055,19202.572,19191.0055,19196.511
2024-09-26 13:00:00+00:00,19197.989,19220.511,19197.5,19213.9835
2024-09-26 13:05:00+00:00,19214.5,19238.5,19214.5,19230.989
2024-09-26 13:10:00+00:00,19230.0055,19234.5165,19222.989,19231.05
2024-09-26 13:15:00+00:00,19231.9945,19238.5555,19227.511,19233.0
2024-09-26 13:20:00+00:00,19232.5055,19235.5055,19222.9945,19226.9945
2024-09-26 13:25:00+00:00,19227.4945,19242.428,19225.5,19230.0
2024-09-26 13:30:00+00:00,19231.0055,19238.0,19215.9445,19228.011
2024-09-26 13:35:00+00:00,19229.0055,19253.989,19226.011,19240.516499999998
2024-09-26 13:40:00+00:00,19241.066499999997,19253.0,19235.011,19251.016499999998
2024-09-26 13:45:00+00:00,19250.0055,19257.022,19214.439000000002,19223.939000000002
2024-09-26 13:50:00+00:00,19223.5,19241.95,19212.45,19240.560999999998
2024-09-26 13:55:00+00:00,19241.4945,19242.060999999998,19226.0,19230.4945
2024-09-26 14:00:00+00:00,19231.0055,19246.928,19222.95,19226.933500000003
2024-09-26 14:05:00+00:00,19225.9945,19228.011,19210.0055,19213.989
2024-09-26 14:10:00+00:00,19215.0,19230.060999999998,19213.066499999997,19222.060999999998
2024-09-26 14:15:00+00:00,19222.9945,19228.011,19215.9945,19222.0
2024-09-26 14:20:00+00:00,19224.011,19224.011,19188.978,19195.0
2024-09-26 14:25:00+00:00,19193.939000000002,19202.439000000002,19187.5,19198.5055
2024-09-26 14:30:00+00:00,19199.983500000002,19204.05,19185.011,19191.989
2024-09-26 14:35:00+00:00,19191.5,19198.9945,19181.95,19198.483500000002
2024-09-26 14:40:00+00:00,19198.0055,19198.5,19175.483500000002,19177.5055
2024-09-26 14:45:00+00:00,19178.5055,19193.0555,19171.489,19173.9835
2024-09-26 14:50:00+00:00,19174.989,19175.0165,19164.511,19169.05
2024-09-26 14:55:00+00:00,19170.511,19180.022,19162.928,19179.0
2024-09-26 15:00:00+00:00,19177.0055,19199.9835,19172.511,19199.483500000002
2024-09-26 15:05:00+00:00,19199.011,19207.0055,19194.9945,19206.05
2024-09-26 15:10:00+00:00,19205.4445,19217.0055,19204.066499999997,19216.9835
2024-09-26 15:15:00+00:00,19216.5555,19217.0055,19206.433500000003,19210.0
2024-09-26 15:20:00+00:00,19209.4945,19223.022,19206.989,19221.5
2024-09-26 15:25:00+00:00,19221.022,19222.522,19212.439000000002,19219.45
2024-09-26 15:30:00+00:00,19220.0,19236.522,19217.478,19234.9945
2024-09-26 15:35:00+00:00,19235.5,19256.560999999998,19235.5,19255.483500000002
2024-09-26 15:40:00+00:00,19254.989,19263.572,19254.989,19260.428
2024-09-26 15:45:00+00:00,19260.016499999998,19264.5055,19252.45,19253.489
2024-09-26 15:50:00+00:00,19253.011,19259.55,19252.439000000002,19259.066499999997
2024-09-26 15:55:00+00:00,19257.9945,19274.511,19256.5055,19267.489
2024-09-26 16:00:00+00:00,19267.072,19268.0055,19251.433500000003,19253.9945
2024-09-26 16:05:00+00:00,19254.572,19260.5555,19253.5,19254.989
2024-09-26 16:10:00+00:00,19254.5055,19262.066499999997,19253.478,19257.5165
2024-09-26 16:15:00+00:00,19256.5055,19262.572,19256.489,19261.55
2024-09-26 16:20:00+00:00,19260.928,19264.072,19252.511,19256.478
2024-09-26 16:25:00+00:00,19256.939000000002,19263.072,19253.933500000003,19255.5055
2024-09-26 16:30:00+00:00,19254.989,19259.0555,19251.4945,19251.4945
2024-09-26 16:35:00+00:00,19251.022,19263.011,19250.511,19261.928
2024-09-26 16:40:00+00:00,19261.489,19262.560999999998,19253.5055,19260.9945
2024-09-26 16:45:00+00:00,19260.489,19263.5555,19255.516499999998,19257.5
2024-09-26 16:50:00+00:00,19257.0055,19261.511,19255.933500000003,19259.0
2024-09-26 16:55:00+00:00,19258.522,19261.516499999998,19255.939000000002,19257.983500000002
2024-09-26 17:00:00+00:00,19257.5,19260.0055,19254.5,19259.428
2024-09-26 17:05:00+00:00,19258.978,19260.072,19253.5055,19254.439000000002
2024-09-26 17:10:00+00:00,19255.0,19256.5165,19245.4445,19249.489
2024-09-26 17:15:00+00:00,19248.928,19251.439000000002,19232.5055,19235.489
2024-09-26 17:20:00+00:00,19235.989,19245.5,19234.928,19241.072
2024-09-26 17:25:00+00:00,19241.511,19251.5,19238.978,19250.489
2024-09-26 17:30:00+00:00,19251.0055,19263.0,19250.478,19257.489
2024-09-26 17:35:00+00:00,19258.011,19258.066499999997,19253.95,19255.011
2024-09-26 17:40:00+00:00,19254.4445,19258.572,19253.983500000002,19257.9945
2024-09-26 17:45:00+00:00,19258.516499999998,19263.5055,19258.428,19262.511
2024-09-26 17:50:00+00:00,19261.933500000003,19263.572,19258.4835,19262.489
2024-09-26 17:55:00+00:00,19262.9445,19267.011,19262.489,19266.0555
2024-09-26 18:00:00+00:00,19266.516499999998,19269.572,19264.5,19269.516499999998
2024-09-26 18:05:00+00:00,19269.0055,19270.572,19266.439000000002,19267.4835
2024-09-26 18:10:00+00:00,19268.489,19272.572,19264.4445,19272.5
2024-09-26 18:15:00+00:00,19272.939000000002,19279.5055,19271.428,19272.5
2024-09-26 18:20:00+00:00,19273.0,19274.5055,19266.0,19267.511
2024-09-26 18:25:00+00:00,19268.011,19270.5,19266.5165,19269.5
2024-09-26 18:30:00+00:00,19269.011,19270.572,19264.45,19267.978
2024-09-26 18:35:00+00:00,19268.5,19275.572,19266.4945,19272.5055
2024-09-26 18:40:00+00:00,19271.511,19272.572,19267.4445,19268.4945
2024-09-26 18:45:00+00:00,19267.983500000002,19268.55,19264.011,19265.522
2024-09-26 18:50:00+00:00,19265.933500000003,19271.566499999997,19265.516499999998,19271.511
2024-09-26 18:55:00+00:00,19270.439000000002,19275.516499999998,19270.439000000002,19274.5
2024-09-26 19:00:00+00:00,19273.5555,19273.5555,19268.489,19271.011
2024-09-26 19:05:00+00:00,19271.4835,19271.5555,19268.5055,19269.0
2024-09-26 19:10:00+00:00,19269.45,19270.4945,19265.0165,19265.5055
2024-09-26 19:15:00+00:00,19264.9945,19266.072,19262.9835,19264.0555
2024-09-26 19:20:00+00:00,19264.489,19267.489,19262.5,19263.5055
2024-09-26 19:25:00+00:00,19264.0165,19264.4945,19259.478,19264.4945
2024-09-26 19:30:00+00:00,19265.439000000002,19266.522,19259.5,19262.433500000003
2024-09-26 19:35:00+00:00,19262.066499999997,19266.4945,19258.560999999998,19266.4945
2024-09-26 19:40:00+00:00,19267.011,19269.011,19264.95,19268.55
2024-09-26 19:45:00+00:00,19269.05,19275.5055,19268.0055,19275.5055
2024-09-26 19:50:00+00:00,19275.928,19281.5,19269.483500000002,19281.5
2024-09-26 19:55:00+00:00,19280.939000000002,19294.572,19277.5,19278.433500000003
2024-09-26 20:00:00+00:00,19279.011,19283.0055,19272.05,19277.089
2024-09-26 20:05:00+00:00,19277.95,19286.4555,19276.3165,19285.45
2024-09-26 20:10:00+00:00,19284.761,19285.4945,19278.0,19278.060999999998
2024-09-26 22:05:00+00:00,19289.4835,19301.2555,19288.633500000004,19297.1
2024-09-26 22:10:00+00:00,19297.9555,19308.4055,19297.889000000003,19307.6
2024-09-26 22:15:00+00:00,19307.266499999998,19321.110999999997,19306.7945,19317.689000000002
2024-09-26 22:20:00+00:00,19318.078,19318.0945,19311.4,19312.316499999997
2024-09-26 22:25:00+00:00,19311.383500000004,19313.961,19308.605499999998,19309.4055
2024-09-26 22:30:00+00:00,19309.022,19309.4,19305.1835,19306.9
2024-09-26 22:35:00+00:00,19306.4945,19311.5055,19306.1555,19306.1555
2024-09-26 22:40:00+00:00,19305.711,19311.172,19305.1945,19309.816499999997
2024-09-26 22:45:00+00:00,19310.366499999996,19312.85,19309.4165,19309.45
2024-09-26 22:50:00+00:00,19308.65,19313.6555,19307.8,19312.3165
2024-09-26 22:55:00+00:00,19311.9,19312.866499999996,19308.15,19310.144500000002
2024-09-26 23:00:00+00:00,19309.4165,19309.4165,19301.9165,19301.9165
2024-09-26 23:05:00+00:00,19302.7,19311.172,19302.644500000002,19310.2
2024-09-26 23:10:00+00:00,19311.105499999998,19312.789,19309.4,19311.1
2024-09-26 23:15:00+00:00,19310.25,19311.5555,19308.528,19310.139000000003
2024-09-26 23:20:00+00:00,19309.4,19310.222,19306.0335,19306.5
2024-09-26 23:25:00+00:00,19306.0945,19306.105499999998,19303.5,19304.4
2024-09-26 23:30:00+00:00,19303.989,19304.45,19302.6945,19303.566499999997
2024-09-26 23:35:00+00:00,19303.0835,19303.5,19301.060999999998,19302.644500000002
2024-09-26 23:40:00+00:00,19301.922,19301.922,19296.7945,19300.2
2024-09-26 23:45:00+00:00,19299.394500000002,19300.7,19293.939000000002,19296.5
2024-09-26 23:50:00+00:00,19297.278,19298.189000000002,19293.9835,19296.5165
2024-09-26 23:55:00+00:00,19296.911,19301.5165,19296.433500000003,19301.5055
2024-09-27 00:00:00+00:00,19300.7,19301.5055,19274.383500000004,19287.0165
2024-09-27 00:05:00+00:00,19286.1665,19287.060999999998,19280.310999999998,19284.5
2024-09-27 00:10:00+00:00,19283.6,19285.3055,19280.2945,19285.1
2024-09-27 00:15:00+00:00,19265.989,19283.566499999997,19265.989,19274.560999999998
2024-09-27 00:20:00+00:00,19274.0,19274.55,19265.9945,19269.4945
2024-09-27 00:25:00+00:00,19269.072,19288.0,19267.983500000002,19286.5
2024-09-27 00:30:00+00:00,19286.989,19291.489,19282.428,19291.489
2024-09-27 00:35:00+00:00,19291.016499999998,19294.4835,19275.022,19279.560999999998
2024-09-27 00:40:00+00:00,19280.0055,19284.489,19276.016499999998,19278.022
2024-09-27 00:45:00+00:00,19278.4445,19287.0,19277.989,19283.5
2024-09-27 00:50:00+00:00,19287.5555,19290.511,19285.5555,19288.4945
2024-09-27 00:55:00+00:00,19289.5055,19292.511,19286.572,19290.5055
2024-09-27 01:00:00+00:00,19289.983500000002,19295.511,19287.5,19292.428
2024-09-27 01:05:00+00:00,19292.011,19292.4835,19281.95,19282.439000000002
2024-09-27 01:10:00+00:00,19282.983500000002,19286.9945,19280.5165,19280.983500000002
2024-09-27 01:15:00+00:00,19280.560999999998,19291.0,19277.5,19282.5055
2024-09-27 01:20:00+00:00,19282.060999999998,19283.55,19278.5055,19283.016499999998
2024-09-27 01:25:00+00:00,19282.428,19284.4945,19271.566499999997,19278.0055
2024-09-27 01:30:00+00:00,19278.5055,19282.4945,19269.5055,19271.9945
2024-09-27 01:35:00+00:00,19271.489,19272.016499999998,19259.928,19260.9945
2024-09-27 01:40:00+00:00,19260.011,19262.560999999998,19251.928,19253.5555
2024-09-27 01:45:00+00:00,19254.439000000002,19257.022,19249.989,19251.0555
2024-09-27 01:50:00+00:00,19250.5,19257.05,19247.560999999998,19256.011
2024-09-27 01:55:00+00:00,19255.572,19257.489,19247.5,19248.939000000002
2024-09-27 02:00:00+00:00,19249.5555,19250.511,19237.511,19241.066499999997
2024-09-27 02:05:00+00:00,19241.939000000002,19250.05,19240.0,19245.011
2024-09-27 02:10:00+00:00,19244.011,19248.572,19243.989,19248.0
2024-09-27 02:15:00+00:00,19248.478,19253.0,19243.0,19245.05
2024-09-27 02:20:00+00:00,19245.511,19245.5555,19240.011,19242.483500000002
2024-09-27 02:25:00+00:00,19243.0,19244.0,19234.478,19236.511
2024-09-27 02:30:00+00:00,19237.9835,19245.5,19236.5,19238.011
2024-09-27 02:35:00+00:00,19237.4945,19243.0055,19236.933500000003,19238.5165
2024-09-27 02:40:00+00:00,19239.0,19239.516499999998,19234.05,19237.0055
2024-09-27 02:45:00+00:00,19237.5555,19244.0,19236.983500000002,19241.983500000002
2024-09-27 02:50:00+00:00,19242.55,19245.566499999997,19239.0055,19239.0055
2024-09-27 02:55:00+00:00,19238.4945,19245.5055,19237.5,19245.016499999998
2024-09-27 03:00:00+00:00,19244.439000000002,19244.439000000002,19240.9945,19242.5055
2024-09-27 03:05:00+00:00,19243.516499999998,19243.516499999998,19237.4945,19238.0
2024-09-27 03:10:00+00:00,19237.433500000003,19238.9445,19235.5055,19236.4945
2024-09-27 03:15:00+00:00,19236.9945,19244.0,19235.489,19238.5
2024-09-27 03:20:00+00:00,19239.0055,19245.5165,19236.511,19239.95
2024-09-27 03:25:00+00:00,19239.439000000002,19240.0555,19231.4945,19238.433500000003
2024-09-27 03:30:00+00:00,19239.0055,19249.0055,19238.4945,19249.0055
2024-09-27 03:35:00+00:00,19248.5055,19255.5,19246.0055,19251.933500000003
2024-09-27 03:40:00+00:00,19251.0055,19256.4945,19249.0,19253.516499999998
2024-09-27 03:45:00+00:00,19253.011,19259.0,19249.933500000003,19249.9945
2024-09-27 03:50:00+00:00,19250.983500000002,19260.5,19250.983500000002,19257.511
2024-09-27 03:55:00+00:00,19258.4835,19262.0055,19258.4835,19261.4945
2024-09-27 04:00:00+00:00,19261.0,19272.060999999998,19261.0,19265.989
2024-09-27 04:05:00+00:00,19267.060999999998,19270.939000000002,19267.060999999998,19269.4945
2024-09-27 04:10:00+00:00,19270.022,19270.5055,19263.933500000003,19266.9445
2024-09-27 04:15:00+00:00,19266.489,19268.9945,19265.933500000003,19266.0
2024-09-27 04:20:00+00:00,19268.011,19268.011,19261.9945,19267.0
2024-09-27 04:25:00+00:00,19267.5,19271.9445,19262.011,19271.9445
2024-09-27 04:30:00+00:00,19271.4945,19273.572,19271.060999999998,19272.95
2024-09-27 04:35:00+00:00,19272.5,19275.939000000002,19267.011,19268.560999999998
2024-09-27 04:40:00+00:00,19269.0,19276.522,19269.0,19273.5555
2024-09-27 04:45:00+00:00,19274.066499999997,19277.572,19271.4445,19271.489
2024-09-27 04:50:00+00:00,19271.989,19283.5055,19271.989,19283.016499999998
2024-09-27 04:55:00+00:00,19282.4945,19286.0055,19280.511,19283.989
2024-09-27 05:00:00+00:00,19285.5055,19286.011,19278.928,19280.5
2024-09-27 05:05:00+00:00,19281.0055,19292.0055,19281.0055,19283.939000000002
2024-09-27 05:10:00+00:00,19283.4945,19284.0555,19274.5055,19280.9835
2024-09-27 05:15:00+00:00,19281.4945,19284.511,19276.989,19279.5
2024-09-27 05:20:00+00:00,19278.9445,19281.0,19271.060999999998,19271.5
2024-09-27 05:25:00+00:00,19269.95,19270.989,19251.489,19255.5
2024-09-27 05:30:00+00:00,19256.072,19256.9945,19245.933500000003,19248.016499999998
2024-09-27 05:35:00+00:00,19248.5555,19257.05,19247.9445,19249.433500000003
2024-09-27 05:40:00+00:00,19249.95,19256.989,19249.0055,19256.9835
2024-09-27 05:45:00+00:00,19257.439000000002,19264.016499999998,19255.928,19260.072
2024-09-27 05:50:00+00:00,19260.5055,19263.5,19252.439000000002,19258.060999999998
2024-09-27 05:55:00+00:00,19257.4945,19267.05,19256.05,19261.0555
2024-09-27 06:00:00+00:00,19264.928,19282.0,19259.0,19281.4945
2024-09-27 06:05:00+00:00,19282.0555,19284.928,19275.489,19280.489
2024-09-27 06:10:00+00:00,19280.928,19282.560999999998,19265.5,19271.5555
2024-09-27 06:15:00+00:00,19270.933500000003,19277.5,19262.4445,19271.5055
2024-09-27 06:20:00+00:00,19270.989,19276.060999999998,19257.5055,19265.5
2024-09-27 06:25:00+00:00,19265.060999999998,19268.983500000002,19260.433500000003,19263.9445
2024-09-27 06:30:00+00:00,19265.060999999998,19270.5,19255.5055,19269.4445
2024-09-27 06:35:00+00:00,19269.05,19269.05,19256.4945,19257.5
2024-09-27 06:40:00+00:00,19257.9445,19270.511,19257.9445,19263.511
2024-09-27 06:45:00+00:00,19270.45,19276.45,19266.433500000003,19269.439000000002
2024-09-27 06:50:00+00:00,19269.983500000002,19274.0555,19261.989,19267.4945
2024-09-27 06:55:00+00:00,19267.9945,19269.0165,19257.5,19257.516499999998
2024-09-27 07:00:00+00:00,19260.489,19267.433500000003,19248.4835,19248.4945
2024-09-27 07:05:00+00:00,19247.478,19271.5555,19241.9945,19266.5055
2024-09-27 07:10:00+00:00,19267.4945,19279.9945,19264.5055,19270.516499999998
2024-09-27 07:15:00+00:00,19270.95,19286.489,19269.011,19272.433500000003
2024-09-27 07:20:00+00:00,19273.060999999998,19275.566499999997,19257.9945,19270.0
2024-09-27 07:25:00+00:00,19269.516499999998,19275.9945,19262.989,19262.989
2024-09-27 07:30:00+00:00,19262.572,19273.4835,19258.433500000003,19263.5055
2024-09-27 07:35:00+00:00,19262.928,19275.989,19254.428,19268.0055
2024-09-27 07:40:00+00:00,19268.55,19278.0055,19261.983500000002,19262.011
2024-09-27 07:45:00+00:00,19262.5,19271.060999999998,19259.489,19271.0
2024-09-27 07:50:00+00:00,19270.5055,19278.072,19269.9945,19271.433500000003
2024-09-27 07:55:00+00:00,19271.9945,19277.5055,19265.5,19269.560999999998
2024-09-27 08:00:00+00:00,19270.4945,19277.011,19266.9945,19276.0
2024-09-27 08:05:00+00:00,19276.511,19286.016499999998,19272.011,19272.5
2024-09-27 08:10:00+00:00,19273.022,19279.5555,19268.5,19276.511
2024-09-27 08:15:00+00:00,19276.011,19278.516499999998,19262.489,19266.5055
2024-09-27 08:20:00+00:00,19264.9945,19284.511,19264.9945,19283.4945
2024-09-27 08:25:00+00:00,19282.4445,19295.016499999998,19279.5165,19294.5055
2024-09-27 08:30:00+00:00,19293.5,19319.489,19293.5,19315.511
2024-09-27 08:35:00+00:00,19314.45,19322.0055,19310.983500000002,19316.5
2024-09-27 08:40:00+00:00,19318.5,19319.433500000003,19303.5055,19305.5055
2024-09-27 08:45:00+00:00,19304.989,19319.9835,19304.5,19308.511
2024-09-27 08:50:00+00:00,19309.4445,19318.511,19306.4945,19308.5055
2024-09-27 08:55:00+00:00,19307.489,19310.5555,19301.5,19303.5165
2024-09-27 09:00:00+00:00,19303.933500000003,19311.066499999997,19300.011,19310.560999999998
2024-09-27 09:05:00+00:00,19310.0165,19320.0,19307.9945,19320.0
2024-09-27 09:10:00+00:00,19319.489,19330.572,19319.489,19329.489
2024-09-27 09:15:00+00:00,19329.0055,19357.066499999997,19329.0055,19356.5
2024-09-27 09:20:00+00:00,19357.511,19358.928,19336.489,19338.9945
2024-09-27 09:25:00+00:00,19338.489,19344.5,19334.4945,19337.5055
2024-09-27 09:30:00+00:00,19337.0165,19345.5,19328.5,19344.989
2024-09-27 09:35:00+00:00,19345.511,19349.5055,19338.483500000002,19347.060999999998
2024-09-27 09:40:00+00:00,19345.983500000002,19354.0,19340.45,19352.428
2024-09-27 09:45:00+00:00,19352.0,19362.5055,19348.511,19362.5055
2024-09-27 09:50:00+00:00,19361.478,19364.566499999997,19354.4945,19362.4945
2024-09-27 09:55:00+00:00,19362.0,19365.5165,19348.4445,19358.5
2024-09-27 10:00:00+00:00,19356.489,19368.066499999997,19350.428,19368.0055
2024-09-27 10:05:00+00:00,19368.5555,19395.928,19366.9945,19394.428
2024-09-27 10:10:00+00:00,19395.511,19395.511,19378.4945,19388.9945
2024-09-27 10:15:00+00:00,19388.5,19389.5,19377.928,19378.516499999998
2024-09-27 10:20:00+00:00,19379.0055,19387.9945,19378.5055,19383.55
2024-09-27 10:25:00+00:00,19383.022,19390.016499999998,19383.022,19388.4945
2024-09-27 10:30:00+00:00,19389.011,19392.0555,19380.978,19382.5
2024-09-27 10:35:00+00:00,19382.0055,19390.05,19378.4945,19381.4445
2024-09-27 10:40:00+00:00,19380.9945,19384.0555,19374.0555,19379.5
2024-09-27 10:45:00+00:00,19380.016499999998,19393.0055,19380.016499999998,19389.9945
2024-09-27 10:50:00+00:00,19390.483500000002,19394.011,19384.989,19392.511
2024-09-27 10:55:00+00:00,19391.9835,19397.011,19387.489,19395.560999999998
2024-09-27 11:00:00+00:00,19394.983500000002,19396.5055,19385.428,19390.0165
2024-09-27 11:05:00+00:00,19389.566499999997,19391.0055,19379.5165,19387.066499999997
2024-09-27 11:10:00+00:00,19386.4945,19393.511,19385.0055,19392.4945
2024-09-27 11:15:00+00:00,19391.5055,19413.5555,19390.0,19410.439000000002
2024-09-27 11:20:00+00:00,19409.439000000002,19419.4945,19398.483500000002,19400.0
2024-09-27 11:25:00+00:00,19399.5,19407.566499999997,19399.5,19407.060999999998
2024-09-27 11:30:00+00:00,19408.0,19422.4945,19408.0,19419.5055
2024-09-27 11:35:00+00:00,19419.989,19421.5055,19406.439000000002,19407.989
2024-09-27 11:40:00+00:00,19409.5055,19419.511,19406.989,19419.0
2024-09-27 11:45:00+00:00,19419.5555,19423.5055,19418.9945,19420.483500000002
2024-09-27 11:50:00+00:00,19420.0055,19426.5,19415.4945,19425.9445
2024-09-27 11:55:00+00:00,19427.066499999997,19436.011,19425.489,19428.4835
2024-09-27 12:00:00+00:00,19428.0055,19432.511,19420.4945,19429.989
2024-09-27 12:05:00+00:00,19428.9445,19439.439000000002,19427.4945,19438.5
2024-09-27 12:10:00+00:00,19438.933500000003,19451.0,19436.0,19445.566499999997
2024-09-27 12:15:00+00:00,19446.011,19450.9945,19441.9945,19448.5
2024-09-27 12:20:00+00:00,19449.0055,19451.5,19445.933500000003,19449.983500000002
2024-09-27 12:25:00+00:00,19450.572,19464.4945,19450.011,19459.5
2024-09-27 12:30:00+00:00,19460.511,19464.560999999998,19448.5,19459.011
2024-09-27 12:35:00+00:00,19459.489,19463.572,19447.9445,19462.939000000002
2024-09-27 12:40:00+00:00,19462.516499999998,19475.060999999998,19459.5555,19462.428
2024-09-27 12:45:00+00:00,19463.0,19478.066499999997,19463.0,19476.5055
2024-09-27 12:50:00+00:00,19476.066499999997,19476.522,19448.4945,19450.022
2024-09-27 12:55:00+00:00,19450.439000000002,19459.4945,19446.989,19455.9945
2024-09-27 13:00:00+00:00,19456.511,19456.511,19442.439000000002,19453.489
2024-09-27 13:05:00+00:00,19452.95,19459.489,19448.483500000002,19455.0
2024-09-27 13:10:00+00:00,19454.5055,19459.566499999997,19453.928,19457.489
2024-09-27 13:15:00+00:00,19456.4835,19457.5055,19436.5,19439.0055
2024-09-27 13:20:00+00:00,19438.489,19440.9945,19430.022,19437.483500000002
2024-09-27 13:25:00+00:00,19436.566499999997,19441.511,19435.5055,19436.5555
2024-09-27 13:30:00+00:00,19437.933500000003,19447.928,19431.478,19439.489
2024-09-27 13:35:00+00:00,19440.0,19448.989,19431.5055,19436.489
2024-09-27 13:40:00+00:00,19437.0,19443.9945,19422.5,19424.489
2024-09-27 13:45:00+00:00,19426.0055,19440.060999999998,19421.0055,19437.011
2024-09-27 13:50:00+00:00,19437.5055,19447.0,19426.5555,19438.022
2024-09-27 13:55:00+00:00,19438.511,19446.511,19428.9445,19436.4835
2024-09-27 14:00:00+00:00,19434.983500000002,19453.0,19425.439000000002,19445.522
2024-09-27 14:05:00+00:00,19445.0,19454.511,19434.9835,19451.489
2024-09-27 14:10:00+00:00,19451.072,19456.55,19443.0055,19451.511
2024-09-27 14:15:00+00:00,19450.5,19454.5165,19440.9945,19450.572
2024-09-27 14:20:00+00:00,19449.5,19456.522,19442.9945,19454.516499999998
2024-09-27 14:25:00+00:00,19455.060999999998,19473.439000000002,19453.9945,19461.5055
2024-09-27 14:30:00+00:00,19462.5555,19468.5,19456.5,19457.0055
2024-09-27 14:35:00+00:00,19457.489,19473.5055,19455.9835,19461.428
2024-09-27 14:40:00+00:00,19460.433500000003,19466.572,19451.0,19461.522
2024-09-27 14:45:00+00:00,19462.0055,19474.55,19460.45,19473.989
2024-09-27 14:50:00+00:00,19473.45,19495.016499999998,19473.45,19493.0055
2024-09-27 14:55:00+00:00,19493.55,19493.55,19481.5055,19483.4945
2024-09-27 15:00:00+00:00,19483.072,19489.066499999997,19473.939000000002,19484.011
2024-09-27 15:05:00+00:00,19485.0055,19489.9945,19464.0055,19473.428
2024-09-27 15:10:00+00:00,19473.989,19477.572,19468.989,19477.572
2024-09-27 15:15:00+00:00,19476.9835,19482.989,19473.989,19475.5
2024-09-27 15:20:00+00:00,19475.9445,19483.022,19474.4945,19482.9945
2024-09-27 15:25:00+00:00,19482.4945,19486.016499999998,19478.978,19481.0165
2024-09-27 15:30:00+00:00,19479.9835,19485.4445,19473.433500000003,19480.560999999998
2024-09-27 15:35:00+00:00,19480.9945,19483.022,19473.9445,19473.9445
2024-09-27 15:40:00+00:00,19474.511,19487.066499999997,19472.45,19485.5165
2024-09-27 15:45:00+00:00,19484.9835,19489.0,19477.5055,19477.5055
2024-09-27 15:50:00+00:00,19477.0055,19477.0055,19461.5055,19466.022
2024-09-27 15:55:00+00:00,19465.0,19467.060999999998,19455.5055,19455.939000000002
2024-09-27 16:00:00+00:00,19455.511,19457.5555,19448.439000000002,19449.0
2024-09-27 16:05:00+00:00,19448.511,19455.933500000003,19446.933500000003,19448.9945
2024-09-27 16:10:00+00:00,19448.572,19449.933500000003,19436.5,19440.489
2024-09-27 16:15:00+00:00,19440.066499999997,19452.928,19439.0555,19447.511
2024-09-27 16:20:00+00:00,19447.939000000002,19449.4835,19443.5,19448.0165
2024-09-27 16:25:00+00:00,19448.978,19455.478,19444.9835,19449.5555
2024-09-27 16:30:00+00:00,19448.433500000003,19452.9945,19439.0,19444.0
2024-09-27 16:35:00+00:00,19444.511,19447.511,19440.928,19441.022
2024-09-27 16:40:00+00:00,19440.0,19441.9945,19434.0,19435.0055
2024-09-27 16:45:00+00:00,19435.5,19436.4945,19428.989,19429.489
2024-09-27 16:50:00+00:00,19429.989,19431.016499999998,19426.433500000003,19427.511
2024-09-27 16:55:00+00:00,19426.989,19431.0,19424.978,19424.978
2024-09-27 17:00:00+00:00,19425.5,19438.060999999998,19425.5,19434.011
2024-09-27 17:05:00+00:00,19432.978,19433.522,19410.0,19412.511
2024-09-27 17:10:00+00:00,19412.0165,19418.522,19411.939000000002,19414.060999999998
2024-09-27 17:15:00+00:00,19413.0,19416.066499999997,19406.478,19407.516499999998
2024-09-27 17:20:00+00:00,19407.0165,19413.5,19405.072,19411.0055
2024-09-27 17:25:00+00:00,19408.9945,19410.011,19405.0055,19409.572
2024-09-27 17:30:00+00:00,19408.5,19410.0,19401.9445,19404.9445
2024-09-27 17:35:00+00:00,19404.0,19405.522,19398.933500000003,19399.560999999998
2024-09-27 17:40:00+00:00,19399.989,19407.0,19398.933500000003,19407.0
2024-09-27 17:45:00+00:00,19407.45,19414.0,19404.9945,19409.516499999998
2024-09-27 17:50:00+00:00,19409.0,19418.060999999998,19408.5055,19413.511
2024-09-27 17:55:00+00:00,19413.072,19417.0055,19407.978,19416.511
2024-09-27 18:00:00+00:00,19415.989,19420.560999999998,19413.0055,19413.522
2024-09-27 18:05:00+00:00,19413.983500000002,19416.0,19408.4945,19412.022
2024-09-27 18:10:00+00:00,19412.5,19414.522,19408.978,19408.9945
2024-09-27 18:15:00+00:00,19409.516499999998,19413.0,19404.939000000002,19404.989
2024-09-27 18:20:00+00:00,19405.5165,19411.072,19405.5165,19405.9835
2024-09-27 18:25:00+00:00,19406.516499999998,19406.516499999998,19386.9945,19387.5055
2024-09-27 18:30:00+00:00,19388.5,19391.439000000002,19374.489,19386.0
2024-09-27 18:35:00+00:00,19386.572,19386.572,19374.9945,19383.5055
2024-09-27 18:40:00+00:00,19383.0555,19395.5,19379.5055,19393.5
2024-09-27 18:45:00+00:00,19393.95,19403.0165,19393.95,19400.5055
2024-09-27 18:50:00+00:00,19400.0,19402.489,19394.489,19397.5
2024-09-27 18:55:00+00:00,19397.0055,19411.511,19396.989,19406.566499999997
2024-09-27 19:00:00+00:00,19404.45,19407.5,19400.489,19407.0555
2024-09-27 19:05:00+00:00,19406.5,19409.5555,19398.5,19400.0
2024-09-27 19:10:00+00:00,19399.522,19402.072,19397.011,19400.011
2024-09-27 19:15:00+00:00,19399.566499999997,19409.5,19398.45,19406.5
2024-09-27 19:20:00+00:00,19407.0,19409.072,19398.4945,19401.0055
2024-09-27 19:25:00+00:00,19400.478,19407.072,19395.522,19405.95
2024-09-27 19:30:00+00:00,19406.989,19411.9445,19403.978,19410.5
2024-09-27 19:35:00+00:00,19410.0165,19411.5055,19405.4945,19407.0
2024-09-27 19:40:00+00:00,19406.4945,19409.0,19402.9945,19409.0
2024-09-27 19:45:00+00:00,19407.989,19413.0,19404.4945,19410.5
2024-09-27 19:50:00+00:00,19410.9835,19420.072,19407.4945,19407.989
2024-09-27 19:55:00+00:00,19408.439000000002,19411.011,19398.0,19400.5
2024-09-27 20:00:00+00:00,19399.489,19399.489,19399.489,19399.489
2024-09-30 00:00:00+00:00,19438.310999999998,19441.605499999998,19433.933500000003,19439.7055
2024-09-30 00:05:00+00:00,19440.622,19448.5945,19438.8335,19447.733500000002
2024-09-30 00:10:00+00:00,19448.539,19448.8,19444.5835,19445.3335
2024-09-30 00:15:00+00:00,19445.011,19469.9945,19442.5,19466.5165
2024-09-30 00:20:00+00:00,19466.489,19468.5055,19446.0055,19446.0055
2024-09-30 00:25:00+00:00,19445.4945,19447.5,19434.9945,19436.072
2024-09-30 00:30:00+00:00,19436.5,19452.522,19436.478,19443.983500000002
2024-09-30 00:35:00+00:00,19444.983500000002,19448.5055,19444.489,19445.928
2024-09-30 00:40:00+00:00,19446.5055,19457.0,19446.0055,19448.5555
2024-09-30 00:45:00+00:00,19449.489,19453.4945,19440.45,19449.9945
2024-09-30 00:50:00+00:00,19447.9835,19449.939000000002,19444.5,19444.933500000003
2024-09-30 00:55:00+00:00,19445.5,19451.011,19442.0,19444.989
2024-09-30 01:00:00+00:00,19444.05,19444.489,19435.566499999997,19441.011
2024-09-30 01:05:00+00:00,19441.560999999998,19450.572,19441.433500000003,19442.5055
2024-09-30 01:10:00+00:00,19443.016499999998,19447.9945,19430.978,19434.516499999998
2024-09-30 01:15:00+00:00,19434.0,19447.9835,19434.0,19443.489
2024-09-30 01:20:00+00:00,19444.0,19457.0,19442.989,19456.011
2024-09-30 01:25:00+00:00,19456.4445,19462.566499999997,19452.016499999998,19462.428
2024-09-30 01:30:00+00:00,19463.0165,19473.066499999997,19462.433500000003,19473.0
2024-09-30 01:35:00+00:00,19472.511,19473.0055,19464.489,19464.489
2024-09-30 01:40:00+00:00,19465.0,19465.5,19452.022,19452.560999999998
2024-09-30 01:45:00+00:00,19452.9445,19455.55,19436.483500000002,19437.939000000002
2024-09-30 01:50:00+00:00,19438.4945,19448.489,19436.016499999998,19448.0
2024-09-30 01:55:00+00:00,19447.483500000002,19450.5165,19444.95,19449.0055
2024-09-30 02:00:00+00:00,19448.516499999998,19449.5,19445.983500000002,19447.989
2024-09-30 02:05:00+00:00,19447.5165,19452.9945,19444.989,19446.439000000002
2024-09-30 02:10:00+00:00,19448.0055,19449.0,19436.9945,19439.0
2024-09-30 02:15:00+00:00,19439.5055,19444.4945,19434.4945,19442.9945
2024-09-30 02:20:00+00:00,19442.489,19443.0055,19436.011,19436.011
2024-09-30 02:25:00+00:00,19436.489,19445.0165,19436.0055,19443.05
2024-09-30 02:30:00+00:00,19442.566499999997,19442.989,19433.060999999998,19437.0
2024-09-30 02:35:00+00:00,19437.483500000002,19438.511,19433.0,19437.572
2024-09-30 02:40:00+00:00,19437.978,19444.55,19437.5055,19442.5
2024-09-30 02:45:00+00:00,19441.9945,19447.0055,19440.511,19446.0
2024-09-30 02:50:00+00:00,19445.022,19449.489,19444.4445,19448.0165
2024-09-30 02:55:00+00:00,19448.5,19455.0,19448.0055,19453.0555
2024-09-30 03:00:00+00:00,19453.5,19457.0,19452.0055,19454.4835
2024-09-30 03:05:00+00:00,19454.9945,19459.5165,19452.939000000002,19459.072
2024-09-30 03:10:00+00:00,19458.572,19466.0055,19458.522,19465.439000000002
2024-09-30 03:15:00+00:00,19465.983500000002,19467.9945,19459.4945,19459.4945
2024-09-30 03:20:00+00:00,19459.0,19460.522,19457.489,19460.4835
2024-09-30 03:25:00+00:00,19460.0,19470.928,19459.928,19470.5555
2024-09-30 03:30:00+00:00,19469.5,19471.4945,19467.0,19470.011
2024-09-30 03:35:00+00:00,19470.5555,19475.989,19469.0165,19471.0
2024-09-30 03:40:00+00:00,19472.0,19472.5,19467.989,19470.060999999998
2024-09-30 03:45:00+00:00,19471.066499999997,19472.016499999998,19468.439000000002,19470.5055
2024-09-30 03:50:00+00:00,19470.978,19472.939000000002,19465.928,19472.5055
2024-09-30 03:55:00+00:00,19471.9835,19479.011,19470.5,19477.5
2024-09-30 04:00:00+00:00,19478.016499999998,19480.560999999998,19474.0,19474.0
2024-09-30 04:05:00+00:00,19474.9945,19476.522,19470.9945,19476.522
2024-09-30 04:10:00+00:00,19476.0055,19476.4945,19470.560999999998,19470.560999999998
2024-09-30 04:15:00+00:00,19470.9945,19472.9945,19467.5,19472.9945
2024-09-30 04:20:00+00:00,19470.9945,19477.072,19469.4945,19476.060999999998
2024-09-30 04:25:00+00:00,19476.5055,19476.5055,19465.0,19465.0
2024-09-30 04:30:00+00:00,19465.478,19471.060999999998,19460.978,19469.483500000002
2024-09-30 04:35:00+00:00,19469.989,19469.989,19466.928,19466.928
2024-09-30 04:40:00+00:00,19467.433500000003,19471.0,19466.439000000002,19469.95
2024-09-30 04:45:00+00:00,19470.5055,19470.5055,19459.978,19459.978
2024-09-30 04:50:00+00:00,19460.511,19462.5555,19457.933500000003,19462.5555
2024-09-30 04:55:00+00:00,19463.0,19468.5055,19460.5,19463.0
2024-09-30 05:00:00+00:00,19463.55,19464.0,19456.928,19458.989
2024-09-30 05:05:00+00:00,19461.5055,19464.5165,19460.4445,19462.489
2024-09-30 05:10:00+00:00,19462.9945,19465.011,19450.4945,19450.4945
2024-09-30 05:15:00+00:00,19451.4945,19459.55,19451.4945,19457.05
2024-09-30 05:20:00+00:00,19456.5555,19456.5555,19443.05,19452.9945
2024-09-30 05:25:00+00:00,19452.0165,19454.0,19446.022,19452.4945
2024-09-30 05:30:00+00:00,19453.0,19458.066499999997,19445.989,19445.989
2024-09-30 05:35:00+00:00,19444.489,19449.0555,19439.5055,19443.522
2024-09-30 05:40:00+00:00,19443.989,19446.0555,19439.4445,19442.939000000002
2024-09-30 05:45:00+00:00,19443.5055,19448.0055,19439.0165,19439.4445
2024-09-30 05:50:00+00:00,19440.483500000002,19442.478,19434.5,19440.516499999998
2024-09-30 05:55:00+00:00,19440.05,19440.522,19425.483500000002,19429.5
2024-09-30 06:00:00+00:00,19432.978,19438.0055,19417.9945,19436.0055
2024-09-30 06:05:00+00:00,19436.5,19440.9945,19415.5,19418.4945
2024-09-30 06:10:00+00:00,19417.9835,19420.0,19408.011,19409.489
2024-09-30 06:15:00+00:00,19409.989,19421.060999999998,19408.0,19411.0555
2024-09-30 06:20:00+00:00,19410.5055,19417.5,19402.4835,19402.511
2024-09-30 06:25:00+00:00,19401.5055,19408.5,19396.489,19403.016499999998
2024-09-30 06:30:00+00:00,19403.483500000002,19420.439000000002,19397.45,19419.011
2024-09-30 06:35:00+00:00,19418.5,19422.9945,19406.9445,19408.0
2024-09-30 06:40:00+00:00,19407.4445,19416.05,19407.0555,19414.511
2024-09-30 06:45:00+00:00,19414.9945,19420.560999999998,19412.0,19415.011
2024-09-30 06:50:00+00:00,19415.5055,19420.5165,19414.433500000003,19417.9945
2024-09-30 06:55:00+00:00,19417.522,19420.560999999998,19397.5,19403.066499999997
2024-09-30 07:00:00+00:00,19400.9945,19418.95,19399.0555,19416.439000000002
2024-09-30 07:05:00+00:00,19416.9945,19433.928,19413.9445,19433.011
2024-09-30 07:10:00+00:00,19431.9835,19447.9835,19431.9835,19438.0
2024-09-30 07:15:00+00:00,19438.522,19446.928,19418.9835,19419.0165
2024-09-30 07:20:00+00:00,19420.0,19438.016499999998,19411.95,19438.016499999998
2024-09-30 07:25:00+00:00,19439.0055,19441.0,19418.0,19418.55
2024-09-30 07:30:00+00:00,19418.0055,19436.978,19411.0055,19414.428
2024-09-30 07:35:00+00:00,19416.0,19426.0055,19408.511,19411.5055
2024-09-30 07:40:00+00:00,19411.939000000002,19428.5055,19411.939000000002,19425.489
2024-09-30 07:45:00+00:00,19424.572,19430.5165,19409.0055,19409.511
2024-09-30 07:50:00+00:00,19410.5555,19414.9835,19402.4835,19405.0055
2024-09-30 07:55:00+00:00,19405.55,19418.0555,19405.478,19413.5055
2024-09-30 08:00:00+00:00,19407.5,19417.022,19395.489,19403.128
2024-09-30 08:05:00+00:00,19402.683500000003,19408.766499999998,19392.711,19408.766499999998
2024-09-30 08:10:00+00:00,19408.1945,19409.7055,19388.428,19393.5
2024-09-30 08:15:00+00:00,19392.428,19401.566499999997,19389.4945,19390.9945
2024-09-30 08:20:00+00:00,19391.511,19402.011,19380.0055,19392.011
2024-09-30 08:25:00+00:00,19391.4945,19404.572,19387.0055,19396.0055
2024-09-30 08:30:00+00:00,19395.022,19395.5555,19376.428,19380.95
2024-09-30 08:35:00+00:00,19381.45,19390.066499999997,19379.489,19383.95
2024-09-30 08:40:00+00:00,19383.0165,19385.072,19374.989,19376.4445
2024-09-30 08:45:00+00:00,19376.0165,19384.572,19373.939000000002,19377.0
2024-09-30 08:50:00+00:00,19376.4945,19377.511,19370.5,19371.011
2024-09-30 08:55:00+00:00,19370.022,19376.4945,19368.5055,19374.0
2024-09-30 09:00:00+00:00,19373.0,19373.0055,19355.011,19360.9945
2024-09-30 09:05:00+00:00,19362.0,19367.428,19358.5055,19361.9445
2024-09-30 09:10:00+00:00,19363.0,19369.05,19355.939000000002,19363.5
2024-09-30 09:15:00+00:00,19365.066499999997,19366.9945,19351.9445,19355.0
2024-09-30 09:20:00+00:00,19354.5055,19372.016499999998,19354.5055,19372.016499999998
2024-09-30 09:25:00+00:00,19371.4945,19388.439000000002,19370.989,19380.0165
2024-09-30 09:30:00+00:00,19380.978,19388.072,19378.0,19383.022
2024-09-30 09:35:00+00:00,19385.0,19392.022,19379.55,19380.0555
2024-09-30 09:40:00+00:00,19379.511,19379.989,19367.928,19369.933500000003
2024-09-30 09:45:00+00:00,19371.066499999997,19382.0165,19369.478,19377.989
2024-09-30 09:50:00+00:00,19377.511,19388.0555,19374.978,19384.939000000002
2024-09-30 09:55:00+00:00,19386.0055,19393.516499999998,19383.5,19392.933500000003
2024-09-30 10:00:00+00:00,19393.5055,19399.5,19386.5055,19399.011
2024-09-30 10:05:00+00:00,19398.5,19398.522,19375.45,19376.989
2024-09-30 10:10:00+00:00,19376.5,19389.511,19375.433500000003,19386.0
2024-09-30 10:15:00+00:00,19384.016499999998,19392.9445,19384.016499999998,19390.95
2024-09-30 10:20:00+00:00,19391.4945,19394.5,19388.939000000002,19391.9835
2024-09-30 10:25:00+00:00,19392.983500000002,19397.5,19382.511,19383.928
2024-09-30 10:30:00+00:00,19383.5555,19390.0165,19375.9945,19375.9945
2024-09-30 10:35:00+00:00,19375.011,19381.55,19371.483500000002,19372.011
2024-09-30 10:40:00+00:00,19371.572,19378.072,19369.989,19372.933500000003
2024-09-30 10:45:00+00:00,19372.516499999998,19375.933500000003,19363.939000000002,19367.066499999997
2024-09-30 10:50:00+00:00,19368.511,19374.4945,19363.511,19370.0055
2024-09-30 10:55:00+00:00,19370.45,19372.9945,19363.0,19365.0055
2024-09-30 11:00:00+00:00,19366.05,19370.016499999998,19360.016499999998,19363.0165
2024-09-30 11:05:00+00:00,19362.489,19363.072,19347.9945,19348.55
2024-09-30 11:10:00+00:00,19349.0,19350.016499999998,19339.483500000002,19341.0055
2024-09-30 11:15:00+00:00,19341.5555,19349.0,19338.5055,19347.9945
2024-09-30 11:20:00+00:00,19348.4945,19361.5,19345.9945,19349.572
2024-09-30 11:25:00+00:00,19349.978,19350.022,19340.4945,19343.0
2024-09-30 11:30:00+00:00,19342.511,19343.9835,19331.928,19335.983500000002
2024-09-30 11:35:00+00:00,19334.989,19337.0055,19323.0,19328.0165
2024-09-30 11:40:00+00:00,19327.4445,19330.5,19323.9445,19327.0
2024-09-30 11:45:00+00:00,19326.0,19329.0165,19315.433500000003,19318.05
2024-09-30 11:50:00+00:00,19316.9445,19327.5055,19314.011,19316.0165
2024-09-30 11:55:00+00:00,19316.939000000002,19323.5555,19311.5,19316.9945
2024-09-30 12:00:00+00:00,19317.4945,19328.522,19313.9945,19322.989
2024-09-30 12:05:00+00:00,19322.0,19330.9945,19318.4945,19329.489
2024-09-30 12:10:00+00:00,19329.978,19329.978,19314.489,19317.011
2024-09-30 12:15:00+00:00,19316.0555,19323.5555,19313.989,19319.0
2024-09-30 12:20:00+00:00,19318.0,19323.439000000002,19315.011,19322.0055
2024-09-30 12:25:00+00:00,19321.483500000002,19330.572,19320.478,19323.489
2024-09-30 12:30:00+00:00,19322.95,19327.55,19316.989,19325.016499999998
2024-09-30 12:35:00+00:00,19325.983500000002,19326.5,19312.433500000003,19319.011
2024-09-30 12:40:00+00:00,19320.011,19324.5,19313.989,19319.489
2024-09-30 12:45:00+00:00,19318.989,19327.489,19318.989,19320.05
2024-09-30 12:50:00+00:00,19319.511,19328.572,19319.489,19326.5
2024-09-30 12:55:00+00:00,19326.011,19329.5,19320.5,19321.572
2024-09-30 13:00:00+00:00,19322.483500000002,19333.928,19314.5055,19333.928
2024-09-30 13:05:00+00:00,19334.4835,19360.066499999997,19334.428,19360.066499999997
2024-09-30 13:10:00+00:00,19361.011,19365.489,19347.978,19351.5055
2024-09-30 13:15:00+00:00,19350.9945,19352.0055,19339.9945,19342.0555
2024-09-30 13:20:00+00:00,19341.4835,19349.0055,19340.478,19349.0055
2024-09-30 13:25:00+00:00,19349.5,19358.55,19344.9945,19356.5
2024-09-30 13:30:00+00:00,19356.0165,19362.560999999998,19337.4945,19343.0555
2024-09-30 13:35:00+00:00,19342.483500000002,19344.933500000003,19320.5555,19327.978
2024-09-30 13:40:00+00:00,19329.95,19340.560999999998,19328.011,19332.939000000002
2024-09-30 13:45:00+00:00,19332.5,19359.9445,19332.5,19358.5
2024-09-30 13:50:00+00:00,19358.072,19363.016499999998,19351.0,19353.0
2024-09-30 13:55:00+00:00,19352.072,19358.0055,19339.9945,19342.0
2024-09-30 14:00:00+00:00,19340.489,19353.05,19336.5055,19347.566499999997
2024-09-30 14:05:00+00:00,19346.978,19356.060999999998,19342.5165,19347.95
2024-09-30 14:10:00+00:00,19347.439000000002,19356.5,19339.0,19350.5055
2024-09-30 14:15:00+00:00,19350.9445,19352.9945,19333.9945,19335.439000000002
2024-09-30 14:20:00+00:00,19336.0,19348.55,19332.516499999998,19343.933500000003
2024-09-30 14:25:00+00:00,19345.0,19359.4945,19340.9445,19352.928
2024-09-30 14:30:00+00:00,19354.066499999997,19368.0555,19348.439000000002,19366.9945
2024-09-30 14:35:00+00:00,19367.5055,19370.433500000003,19350.433500000003,19354.428
2024-09-30 14:40:00+00:00,19355.489,19359.0,19340.978,19343.516499999998
2024-09-30 14:45:00+00:00,19344.483500000002,19357.060999999998,19344.483500000002,19351.55
2024-09-30 14:50:00+00:00,19350.978,19350.978,19341.5165,19344.978
2024-09-30 14:55:00+00:00,19344.483500000002,19348.4945,19340.4945,19343.428
2024-09-30 15:00:00+00:00,19342.9945,19358.9945,19341.989,19355.928
2024-09-30 15:05:00+00:00,19355.511,19363.511,19345.0055,19345.0055
2024-09-30 15:10:00+00:00,19346.939000000002,19367.566499999997,19346.939000000002,19365.0055
2024-09-30 15:15:00+00:00,19365.9945,19367.0,19353.522,19356.45
2024-09-30 15:20:00+00:00,19356.983500000002,19360.511,19349.5,19350.0165
2024-09-30 15:25:00+00:00,19349.5,19351.5,19336.0,19342.489
2024-09-30 15:30:00+00:00,19342.0,19343.5055,19324.4945,19333.5
2024-09-30 15:35:00+00:00,19334.5055,19334.5055,19321.05,19324.933500000003
2024-09-30 15:40:00+00:00,19323.933500000003,19339.016499999998,19321.4945,19335.989
2024-09-30 15:45:00+00:00,19335.0,19338.55,19330.511,19336.95
2024-09-30 15:50:00+00:00,19336.45,19344.0555,19334.983500000002,19343.5
2024-09-30 15:55:00+00:00,19344.4945,19345.05,19340.95,19341.4945
2024-09-30 16:00:00+00:00,19341.0055,19344.072,19337.933500000003,19340.516499999998
2024-09-30 16:05:00+00:00,19339.9445,19349.0165,19337.516499999998,19343.9945
2024-09-30 16:10:00+00:00,19344.5165,19350.4945,19338.939000000002,19348.428
2024-09-30 16:15:00+00:00,19348.072,19349.516499999998,19346.439000000002,19347.0
2024-09-30 16:20:00+00:00,19347.511,19353.9945,19343.9945,19347.05
2024-09-30 16:25:00+00:00,19346.45,19349.072,19343.4445,19344.0
2024-09-30 16:30:00+00:00,19343.5555,19347.0,19341.4945,19342.478
2024-09-30 16:35:00+00:00,19343.5,19351.0055,19343.428,19350.483500000002
2024-09-30 16:40:00+00:00,19349.489,19352.566499999997,19345.478,19351.5
2024-09-30 16:45:00+00:00,19351.983500000002,19354.5,19349.5,19352.978
2024-09-30 16:50:00+00:00,19353.522,19356.011,19350.928,19353.0055
2024-09-30 16:55:00+00:00,19353.511,19358.55,19353.0165,19354.5055
2024-09-30 17:00:00+00:00,19354.05,19354.05,19345.489,19349.989
2024-09-30 17:05:00+00:00,19349.489,19353.5055,19347.4835,19348.05
2024-09-30 17:10:00+00:00,19347.566499999997,19349.55,19339.428,19344.5055
2024-09-30 17:15:00+00:00,19344.9945,19352.060999999998,19342.928,19349.4835
2024-09-30 17:20:00+00:00,19350.5055,19352.060999999998,19347.978,19348.4945
2024-09-30 17:25:00+00:00,19349.011,19349.5,19340.45,19341.45
2024-09-30 17:30:00+00:00,19340.989,19344.4945,19340.428,19341.566499999997
2024-09-30 17:35:00+00:00,19342.0055,19347.4445,19341.428,19346.011
2024-09-30 17:40:00+00:00,19346.433500000003,19350.4835,19344.489,19350.4835
2024-09-30 17:45:00+00:00,19349.933500000003,19350.5055,19345.5055,19348.516499999998
2024-09-30 17:50:00+00:00,19349.4945,19350.516499999998,19347.5,19349.0555
2024-09-30 17:55:00+00:00,19348.5055,19356.0055,19344.0555,19354.0
2024-09-30 18:00:00+00:00,19353.439000000002,19355.511,19350.4945,19355.4835
2024-09-30 18:05:00+00:00,19355.011,19358.560999999998,19347.0165,19357.0
2024-09-30 18:10:00+00:00,19355.989,19357.060999999998,19346.478,19349.0055
2024-09-30 18:15:00+00:00,19348.478,19348.478,19333.5,19333.5
2024-09-30 18:20:00+00:00,19333.0,19334.4835,19306.4945,19314.560999999998
2024-09-30 18:25:00+00:00,19315.5,19332.511,19310.011,19331.4945
2024-09-30 18:30:00+00:00,19331.072,19340.066499999997,19318.95,19336.0055
2024-09-30 18:35:00+00:00,19335.522,19351.511,19334.5,19348.95
2024-09-30 18:40:00+00:00,19349.560999999998,19354.4445,19345.4945,19353.072
2024-09-30 18:45:00+00:00,19353.55,19359.05,19351.0,19353.5555
2024-09-30 18:50:00+00:00,19354.05,19358.0055,19349.489,19355.989
2024-09-30 18:55:00+00:00,19355.45,19356.5055,19346.989,19347.4945
2024-09-30 19:00:00+00:00,19347.0055,19348.4945,19334.983500000002,19346.066499999997
2024-09-30 19:05:00+00:00,19345.4445,19353.0,19344.5,19348.560999999998
2024-09-30 19:10:00+00:00,19347.939000000002,19352.5055,19340.483500000002,19350.0
2024-09-30 19:15:00+00:00,19350.4945,19360.5055,19348.5,19357.011
2024-09-30 19:20:00+00:00,19357.4945,19357.4945,19347.9835,19351.011
2024-09-30 19:25:00+00:00,19351.516499999998,19354.016499999998,19346.433500000003,19353.5165
2024-09-30 19:30:00+00:00,19352.5055,19357.9945,19349.511,19351.0055
2024-09-30 19:35:00+00:00,19350.566499999997,19361.0,19349.9945,19359.5055
2024-09-30 19:40:00+00:00,19359.011,19364.5,19354.433500000003,19364.0
2024-09-30 19:45:00+00:00,19364.489,19374.4945,19360.4945,19370.5
2024-09-30 19:50:00+00:00,19370.95,19386.0,19370.011,19381.05
2024-09-30 19:55:00+00:00,19381.489,19392.022,19379.933500000003,19380.989
2024-09-30 20:00:00+00:00,19382.066499999997,19404.2055,19371.328,19378.122
2024-09-30 20:05:00+00:00,19377.35,19382.310999999998,19366.389000000003,19367.216500000002
2024-09-30 20:10:00+00:00,19368.0835,19374.7945,19367.133500000004,19368.110999999997
2024-09-30 22:05:00+00:00,19360.7055,19360.7055,19350.989,19355.0165
2024-09-30 22:10:00+00:00,19355.7945,19355.7945,19350.739,19353.289
2024-09-30 22:15:00+00:00,19352.4945,19354.310999999998,19345.7555,19354.310999999998
2024-09-30 22:20:00+00:00,19353.4945,19357.066499999997,19351.7835,19357.066499999997
2024-09-30 22:25:00+00:00,19357.7835,19368.9665,19357.0,19363.0555
2024-09-30 22:30:00+00:00,19362.578,19368.105499999998,19359.7555,19367.189000000002
2024-09-30 22:35:00+00:00,19368.0945,19371.461,19367.1,19369.6665
2024-09-30 22:40:00+00:00,19370.894500000002,19371.360999999997,19363.6835,19365.4665
2024-09-30 22:45:00+00:00,19366.1945,19368.722,19362.0055,19367.889000000003
2024-09-30 22:50:00+00:00,19368.7055,19369.589,19366.1945,19367.110999999997
2024-09-30 22:55:00+00:00,19366.2,19368.7055,19363.65,19365.411
2024-09-30 23:00:00+00:00,19364.939000000002,19365.35,19357.8,19358.6945
2024-09-30 23:05:00+00:00,19359.105499999998,19364.439000000002,19355.3055,19361.9945
2024-09-30 23:10:00+00:00,19362.45,19365.328,19360.2445,19364.489
2024-09-30 23:15:00+00:00,19365.4665,19366.2,19361.2555,19361.2555
2024-09-30 23:20:00+00:00,19361.5945,19363.7,19359.4445,19360.3055
2024-09-30 23:25:00+00:00,19359.439000000002,19359.439000000002,19355.633500000004,19357.8
2024-09-30 23:30:00+00:00,19358.272,19360.3165,19356.028,19358.7
2024-09-30 23:35:00+00:00,19357.7945,19359.5,19357.3445,19358.628
2024-09-30 23:40:00+00:00,19358.144500000002,19362.45,19357.778,19362.45
2024-09-30 23:45:00+00:00,19362.0,19362.0055,19357.810999999998,19357.810999999998
2024-09-30 23:50:00+00:00,19358.75,19364.5,19357.783499999998,19364.5
2024-09-30 23:55:00+00:00,19364.0945,19372.0835,19363.689000000002,19370.389000000003
