Datetime,Open,High,Low,Close
2024-07-01 00:00:00+00:00,18282.5565,18282.5565,18253.811999999998,18260.779
2024-07-01 00:05:00+00:00,18259.928999999996,18268.89,18259.928999999996,18268.89
2024-07-01 00:10:00+00:00,18268.001,18271.4065,18268.001,18269.751
2024-07-01 00:15:00+00:00,18370.4345,18375.4455,18319.001,18330.012
2024-07-01 00:20:00+00:00,18330.051,18347.022999999997,18315.9845,18315.9845
2024-07-01 00:25:00+00:00,18316.512,18339.5565,18316.512,18328.051
2024-07-01 00:30:00+00:00,18327.2545,18341.512,18320.0065,18339.9955
2024-07-01 00:35:00+00:00,18334.501,18349.567499999997,18326.5065,18349.567499999997
2024-07-01 00:40:00+00:00,18349.051,18351.517499999998,18345.022999999997,18347.561999999998
2024-07-01 00:45:00+00:00,18346.012,18346.012,18323.5065,18325.951
2024-07-01 00:50:00+00:00,18325.5065,18325.99,18319.951,18324.0065
2024-07-01 00:55:00+00:00,18323.4955,18326.001,18320.012,18326.001
2024-07-01 01:00:00+00:00,18325.5565,18325.5565,18319.512,18324.501
2024-07-01 01:05:00+00:00,18325.001,18329.501,18322.9845,18326.001
2024-07-01 01:10:00+00:00,18326.517499999998,18327.5065,18323.061999999998,18323.061999999998
2024-07-01 01:15:00+00:00,18323.512,18324.9955,18317.501,18319.9845
2024-07-01 01:20:00+00:00,18320.512,18325.9345,18320.428999999996,18325.9345
2024-07-01 01:25:00+00:00,18326.489999999998,18328.067499999997,18322.995499999997,18323.9455
2024-07-01 01:30:00+00:00,18323.5065,18323.9345,18320.5065,18321.979
2024-07-01 01:35:00+00:00,18322.501,18324.072999999997,18319.489999999998,18320.517499999998
2024-07-01 01:40:00+00:00,18320.061999999998,18321.0065,18319.4345,18320.989999999998
2024-07-01 01:45:00+00:00,18321.99,18326.501,18320.928999999996,18320.928999999996
2024-07-01 01:50:00+00:00,18319.9345,18319.9345,18312.989999999998,18315.067499999997
2024-07-01 01:55:00+00:00,18314.44,18321.501,18314.001,18321.501
2024-07-01 02:00:00+00:00,18322.012,18331.551,18322.012,18327.017499999998
2024-07-01 02:05:00+00:00,18325.995499999997,18331.4955,18325.995499999997,18331.4955
2024-07-01 02:10:00+00:00,18332.4345,18332.501,18329.928999999996,18329.928999999996
2024-07-01 02:15:00+00:00,18330.451,18330.451,18322.501,18322.501
2024-07-01 02:25:00+00:00,18324.5065,18329.489999999998,18323.067499999997,18324.428999999996
2024-07-01 02:30:00+00:00,18327.4845,18327.501,18325.501,18327.0565
2024-07-01 02:35:00+00:00,18326.489999999998,18328.9955,18325.94,18328.9955
2024-07-01 02:40:00+00:00,18327.94,18329.501,18327.94,18329.501
2024-07-01 02:45:00+00:00,18329.7565,18330.4955,18329.7565,18330.4955
2024-07-01 02:55:00+00:00,18330.4845,18337.001,18330.4845,18335.5065
2024-07-01 03:00:00+00:00,18334.951,18343.001,18334.951,18341.501
2024-07-01 03:05:00+00:00,18341.051,18343.501,18338.9455,18343.4955
2024-07-01 03:10:00+00:00,18345.001,18361.501,18345.001,18356.0065
2024-07-01 03:15:00+00:00,18354.451,18368.5065,18354.451,18362.017499999998
2024-07-01 03:20:00+00:00,18359.501,18361.49,18356.551,18356.551
2024-07-01 03:25:00+00:00,18353.0065,18358.561999999998,18352.489999999998,18358.561999999998
2024-07-01 03:30:00+00:00,18358.0065,18358.0065,18351.9345,18351.9345
2024-07-01 03:35:00+00:00,18351.5565,18357.4345,18350.979,18355.489999999998
2024-07-01 03:40:00+00:00,18354.989999999998,18360.951,18354.501,18358.928999999996
2024-07-01 03:45:00+00:00,18358.4845,18369.9845,18355.9845,18363.989999999998
2024-07-01 03:50:00+00:00,18364.501,18365.501,18356.567499999997,18359.012
2024-07-01 03:55:00+00:00,18358.7565,18359.061999999998,18352.4455,18356.9955
2024-07-01 04:00:00+00:00,18356.489999999998,18357.0065,18352.94,18353.001
2024-07-01 04:05:00+00:00,18351.94,18351.94,18351.94,18351.94
2024-07-01 04:10:00+00:00,18349.501,18353.0065,18342.4955,18353.0065
2024-07-01 04:15:00+00:00,18353.9345,18353.9345,18353.0065,18353.479
2024-07-01 04:20:00+00:00,18351.94,18354.9845,18351.5565,18354.9845
2024-07-01 04:25:00+00:00,18355.501,18363.501,18355.017499999998,18359.489999999998
2024-07-01 04:30:00+00:00,18357.94,18363.4955,18357.94,18362.495499999997
2024-07-01 04:35:00+00:00,18361.9955,18367.9955,18361.9455,18367.9955
2024-07-01 04:40:00+00:00,18366.4955,18367.4955,18361.99,18363.979
2024-07-01 04:45:00+00:00,18363.479,18369.49,18360.428999999996,18362.9955
2024-07-01 04:50:00+00:00,18363.4955,18366.9455,18356.489999999998,18356.489999999998
2024-07-01 04:55:00+00:00,18355.0065,18359.551,18354.001,18358.572999999997
2024-07-01 05:00:00+00:00,18357.012,18362.501,18352.9955,18359.489999999998
2024-07-01 05:05:00+00:00,18362.951,18377.989999999998,18362.4955,18377.989999999998
2024-07-01 05:10:00+00:00,18377.5565,18396.022999999997,18376.979,18389.4955
2024-07-01 05:15:00+00:00,18388.9845,18402.517499999998,18384.561999999998,18392.501
2024-07-01 05:20:00+00:00,18395.072999999997,18421.989999999998,18390.99,18412.501
2024-07-01 05:25:00+00:00,18409.451,18421.9955,18406.512,18419.001
2024-07-01 05:30:00+00:00,18422.99,18446.0065,18421.5565,18434.0065
2024-07-01 05:35:00+00:00,18434.4955,18442.061999999998,18426.017499999998,18438.4455
2024-07-01 05:40:00+00:00,18438.751,18446.501,18434.067499999997,18434.067499999997
2024-07-01 05:45:00+00:00,18434.517499999998,18434.517499999998,18417.0065,18422.995499999997
2024-07-01 05:50:00+00:00,18423.322999999997,18438.479,18413.0565,18424.5065
2024-07-01 05:55:00+00:00,18423.989999999998,18435.4955,18416.501,18433.94
2024-07-01 06:00:00+00:00,18433.001,18454.012,18424.979,18426.0065
2024-07-01 06:05:00+00:00,18426.428999999996,18427.551,18401.49,18401.4955
2024-07-01 06:10:00+00:00,18403.4955,18415.012,18403.4955,18407.001
2024-07-01 06:15:00+00:00,18406.572999999997,18409.017499999998,18396.5065,18406.4845
2024-07-01 06:20:00+00:00,18407.4955,18415.022999999997,18404.001,18414.067499999997
2024-07-01 06:25:00+00:00,18412.49,18417.479,18393.995499999997,18399.0565
2024-07-01 06:30:00+00:00,18399.522999999997,18414.051,18397.5065,18412.501
2024-07-01 06:35:00+00:00,18411.9345,18422.4455,18407.501,18408.5065
2024-07-01 06:40:00+00:00,18407.451,18407.451,18395.0065,18401.017499999998
2024-07-01 06:45:00+00:00,18400.512,18421.501,18400.067499999997,18417.501
2024-07-01 06:50:00+00:00,18419.5565,18433.517499999998,18414.428999999996,18426.49
2024-07-01 06:55:00+00:00,18427.5065,18432.067499999997,18404.44,18405.0065
2024-07-01 07:00:00+00:00,18411.4845,18463.5065,18411.483500000002,18448.517499999998
2024-07-01 07:05:00+00:00,18449.4345,18450.501,18421.479,18430.479
2024-07-01 07:10:00+00:00,18429.501,18435.928999999996,18415.49,18416.4345
2024-07-01 07:15:00+00:00,18417.495499999997,18420.572999999997,18383.517499999998,18390.572999999997
2024-07-01 07:20:00+00:00,18389.723,18403.001,18377.017499999998,18377.5065
2024-07-01 07:25:00+00:00,18377.45,18379.5565,18334.4955,18337.567499999997
2024-07-01 07:30:00+00:00,18336.451,18343.451,18321.512,18336.501
2024-07-01 07:35:00+00:00,18334.745000000003,18335.489999999998,18296.012,18296.012
2024-07-01 07:40:00+00:00,18296.451,18319.9955,18290.517499999998,18318.928999999996
2024-07-01 07:45:00+00:00,18317.512,18336.517499999998,18304.0065,18304.479
2024-07-01 07:50:00+00:00,18306.001,18311.0065,18297.501,18310.022999999997
2024-07-01 07:55:00+00:00,18309.712,18310.567499999997,18290.44,18309.951
2024-07-01 08:00:00+00:00,18311.501,18341.517499999998,18308.4455,18316.489999999998
2024-07-01 08:05:00+00:00,18316.001,18347.501,18315.501,18337.451
2024-07-01 08:10:00+00:00,18337.9955,18341.489999999998,18309.0065,18321.9955
2024-07-01 08:15:00+00:00,18321.4845,18338.4345,18316.4955,18335.522999999997
2024-07-01 08:20:00+00:00,18336.44,18342.022999999997,18329.4345,18329.4345
2024-07-01 08:25:00+00:00,18331.5065,18343.561999999998,18327.551,18342.501
2024-07-01 08:30:00+00:00,18341.995499999997,18361.4845,18328.551,18328.551
2024-07-01 08:35:00+00:00,18327.501,18330.501,18301.501,18303.489999999998
2024-07-01 08:40:00+00:00,18304.495499999997,18312.012,18291.017499999998,18310.4345
2024-07-01 08:45:00+00:00,18309.979,18327.5565,18307.512,18313.4845
2024-07-01 08:50:00+00:00,18312.49,18328.4955,18311.5065,18314.512
2024-07-01 08:55:00+00:00,18313.428999999996,18326.512,18307.428999999996,18315.495499999997
2024-07-01 09:00:00+00:00,18314.601000000002,18316.928999999996,18300.94,18304.572999999997
2024-07-01 09:05:00+00:00,18305.012,18320.512,18305.012,18307.517499999998
2024-07-01 09:10:00+00:00,18307.99,18310.428999999996,18289.44,18290.561999999998
2024-07-01 09:15:00+00:00,18291.428999999996,18299.067499999997,18284.4955,18285.5565
2024-07-01 09:20:00+00:00,18284.0065,18286.517499999998,18273.428999999996,18275.5065
2024-07-01 09:25:00+00:00,18276.4845,18284.567499999997,18270.9845,18275.489999999998
2024-07-01 09:30:00+00:00,18275.767499999998,18287.567499999997,18272.428999999996,18286.512
2024-07-01 09:35:00+00:00,18287.4455,18298.501,18281.501,18295.561999999998
2024-07-01 09:40:00+00:00,18293.017499999998,18293.495499999997,18273.451,18273.501
2024-07-01 09:45:00+00:00,18272.572999999997,18272.572999999997,18256.99,18268.49
2024-07-01 09:50:00+00:00,18268.45,18282.567499999997,18266.4845,18282.478
2024-07-01 09:55:00+00:00,18292.512,18301.512,18287.4345,18290.4845
2024-07-01 10:00:00+00:00,18287.572999999997,18298.5565,18287.4845,18293.501
2024-07-01 10:05:00+00:00,18293.516499999998,18302.551,18289.001,18301.5065
2024-07-01 10:10:00+00:00,18300.9845,18313.501,18298.489999999998,18311.479
2024-07-01 10:15:00+00:00,18310.49,18313.512,18292.428999999996,18292.5065
2024-07-01 10:20:00+00:00,18290.501,18306.5065,18285.94,18302.49
2024-07-01 10:25:00+00:00,18304.001,18304.001,18292.4955,18300.501
2024-07-01 10:30:00+00:00,18300.072999999997,18300.572999999997,18289.479,18290.517499999998
2024-07-01 10:35:00+00:00,18289.5065,18295.501,18285.4955,18288.501
2024-07-01 10:40:00+00:00,18287.501,18299.572999999997,18280.517499999998,18296.44
2024-07-01 10:45:00+00:00,18295.4955,18306.5065,18294.5065,18304.479
2024-07-01 10:50:00+00:00,18303.551,18308.49,18297.99,18300.501
2024-07-01 10:55:00+00:00,18299.451,18305.451,18289.4845,18290.567499999997
2024-07-01 11:00:00+00:00,18289.5565,18299.001,18283.512,18283.512
2024-07-01 11:05:00+00:00,18282.501,18295.517499999998,18281.451,18288.067499999997
2024-07-01 11:10:00+00:00,18287.001,18293.001,18282.49,18288.451
2024-07-01 11:15:00+00:00,18289.49,18303.995499999997,18288.501,18303.995499999997
2024-07-01 11:20:00+00:00,18302.951,18307.9955,18297.5065,18307.001
2024-07-01 11:25:00+00:00,18306.512,18307.5565,18300.4345,18300.49
2024-07-01 11:30:00+00:00,18302.9955,18306.989999999998,18294.4845,18301.495499999997
2024-07-01 11:35:00+00:00,18300.501,18307.501,18297.451,18305.501
2024-07-01 11:40:00+00:00,18304.495499999997,18306.0065,18296.501,18302.551
2024-07-01 11:45:00+00:00,18302.001,18305.451,18297.979,18298.4845
2024-07-01 11:50:00+00:00,18299.428999999996,18311.572999999997,18299.428999999996,18309.512
2024-07-01 11:55:00+00:00,18309.0065,18319.979,18306.4845,18319.512
2024-07-01 12:00:00+00:00,18318.951,18337.517499999998,18317.4955,18336.0065
2024-07-01 12:05:00+00:00,18335.501,18345.9455,18333.44,18337.517499999998
2024-07-01 12:10:00+00:00,18336.995499999997,18337.4955,18321.9455,18327.479
2024-07-01 12:15:00+00:00,18326.49,18328.517499999998,18309.572999999997,18313.4845
2024-07-01 12:20:00+00:00,18314.501,18334.012,18313.551,18331.4955
2024-07-01 12:25:00+00:00,18332.44,18336.501,18327.512,18328.522999999997
2024-07-01 12:30:00+00:00,18328.017499999998,18336.572999999997,18322.5065,18334.572999999997
2024-07-01 12:35:00+00:00,18334.9345,18335.517499999998,18318.501,18318.501
2024-07-01 12:40:00+00:00,18318.951,18327.5065,18314.4955,18326.551
2024-07-01 12:45:00+00:00,18326.9845,18341.017499999998,18326.9845,18339.4845
2024-07-01 12:50:00+00:00,18338.979,18340.9845,18335.512,18338.4955
2024-07-01 12:55:00+00:00,18339.5065,18339.5065,18327.9845,18330.9845
2024-07-01 13:00:00+00:00,18330.712,18344.001,18329.501,18341.489999999998
2024-07-01 13:05:00+00:00,18342.0565,18352.5065,18336.001,18349.017499999998
2024-07-01 13:10:00+00:00,18350.0565,18355.001,18346.49,18349.995499999997
2024-07-01 13:15:00+00:00,18350.451,18353.572999999997,18341.9955,18346.989999999998
2024-07-01 13:20:00+00:00,18347.512,18362.5065,18347.512,18354.94
2024-07-01 13:25:00+00:00,18354.501,18357.522999999997,18347.5065,18354.567499999997
2024-07-01 13:30:00+00:00,18354.99,18372.001,18353.001,18371.979
2024-07-01 13:35:00+00:00,18372.5065,18379.567499999997,18366.012,18371.989999999998
2024-07-01 13:40:00+00:00,18372.501,18381.0065,18366.4955,18373.0065
2024-07-01 13:45:00+00:00,18372.451,18373.49,18352.5565,18363.061999999998
2024-07-01 13:50:00+00:00,18362.001,18379.001,18354.928999999996,18366.49
2024-07-01 13:55:00+00:00,18366.9345,18369.501,18355.4455,18357.001
2024-07-01 14:00:00+00:00,18359.5065,18374.061999999998,18357.9845,18360.99
2024-07-01 14:05:00+00:00,18362.0065,18376.017499999998,18356.512,18361.928999999996
2024-07-01 14:10:00+00:00,18362.995499999997,18363.001,18311.489999999998,18318.072999999997
2024-07-01 14:15:00+00:00,18317.012,18332.051,18301.9455,18328.512
2024-07-01 14:20:00+00:00,18331.022999999997,18331.022999999997,18301.9955,18320.567499999997
2024-07-01 14:25:00+00:00,18320.94,18331.44,18312.989999999998,18324.0065
2024-07-01 14:30:00+00:00,18325.017499999998,18331.072999999997,18313.9345,18313.9345
2024-07-01 14:35:00+00:00,18315.051,18326.928999999996,18309.0065,18309.0065
2024-07-01 14:40:00+00:00,18309.4845,18313.061999999998,18296.995499999997,18308.017499999998
2024-07-01 14:45:00+00:00,18308.572999999997,18309.9345,18293.9345,18296.001
2024-07-01 14:50:00+00:00,18297.012,18306.0065,18285.001,18285.001
2024-07-01 14:55:00+00:00,18285.5065,18306.001,18280.4955,18302.928999999996
2024-07-01 15:00:00+00:00,18299.5065,18320.5065,18295.001,18320.012
2024-07-01 15:05:00+00:00,18320.272999999997,18322.0065,18303.9955,18314.989999999998
2024-07-01 15:10:00+00:00,18316.989999999998,18329.001,18313.989999999998,18326.9955
2024-07-01 15:15:00+00:00,18327.4955,18329.928999999996,18319.9455,18322.0565
2024-07-01 15:20:00+00:00,18321.061999999998,18321.517499999998,18312.979,18315.928999999996
2024-07-01 15:25:00+00:00,18317.4455,18323.501,18314.001,18320.9455
2024-07-01 15:30:00+00:00,18320.512,18322.067499999997,18304.501,18305.44
2024-07-01 15:35:00+00:00,18302.9845,18304.9955,18287.0065,18295.012
2024-07-01 15:40:00+00:00,18294.001,18303.001,18288.451,18289.017499999998
2024-07-01 15:45:00+00:00,18290.0065,18300.001,18289.989999999998,18300.001
2024-07-01 15:50:00+00:00,18299.551,18315.495499999997,18299.551,18314.001
2024-07-01 15:55:00+00:00,18313.517499999998,18314.551,18304.012,18313.001
2024-07-01 16:00:00+00:00,18312.49,18314.001,18299.428999999996,18302.5065
2024-07-01 16:05:00+00:00,18301.572999999997,18316.501,18300.4345,18316.501
2024-07-01 16:10:00+00:00,18315.501,18318.4955,18309.0065,18316.951
2024-07-01 16:15:00+00:00,18316.512,18320.5065,18311.517499999998,18319.522999999997
2024-07-01 16:20:00+00:00,18320.001,18324.001,18317.989999999998,18322.517499999998
2024-07-01 16:25:00+00:00,18322.012,18333.501,18321.4345,18332.9955
2024-07-01 16:30:00+00:00,18333.572999999997,18335.489999999998,18327.4455,18327.4455
2024-07-01 16:35:00+00:00,18328.017499999998,18331.5065,18323.489999999998,18323.501
2024-07-01 16:40:00+00:00,18323.9955,18328.067499999997,18322.4455,18327.495499999997
2024-07-01 16:45:00+00:00,18326.551,18329.512,18321.428999999996,18323.99
2024-07-01 16:50:00+00:00,18323.49,18325.517499999998,18319.989999999998,18320.572999999997
2024-07-01 16:55:00+00:00,18322.061999999998,18331.0065,18322.061999999998,18330.4955
2024-07-01 17:00:00+00:00,18329.522999999997,18333.451,18325.489999999998,18326.501
2024-07-01 17:05:00+00:00,18325.4345,18333.517499999998,18325.4345,18328.495499999997
2024-07-01 17:10:00+00:00,18327.512,18332.428999999996,18327.512,18330.501
2024-07-01 17:15:00+00:00,18329.9955,18334.512,18328.4455,18333.501
2024-07-01 17:20:00+00:00,18332.522999999997,18332.522999999997,18323.4345,18326.428999999996
2024-07-01 17:25:00+00:00,18327.4955,18334.989999999998,18327.479,18330.501
2024-07-01 17:30:00+00:00,18329.489999999998,18329.989999999998,18326.012,18328.567499999997
2024-07-01 17:35:00+00:00,18327.479,18333.5065,18327.479,18331.451
2024-07-01 17:40:00+00:00,18330.9955,18333.49,18327.512,18331.517499999998
2024-07-01 17:45:00+00:00,18330.9955,18335.4955,18329.49,18330.5065
2024-07-01 17:50:00+00:00,18329.561999999998,18333.517499999998,18329.517499999998,18331.561999999998
2024-07-01 17:55:00+00:00,18330.4955,18330.4955,18326.44,18328.489999999998
2024-07-01 18:00:00+00:00,18327.5565,18327.5565,18322.9955,18326.567499999997
2024-07-01 18:05:00+00:00,18326.9455,18334.051,18326.9455,18332.517499999998
2024-07-01 18:10:00+00:00,18332.001,18337.567499999997,18330.451,18334.517499999998
2024-07-01 18:15:00+00:00,18334.995499999997,18342.5065,18334.501,18340.4345
2024-07-01 18:20:00+00:00,18339.489999999998,18340.001,18329.495499999997,18329.495499999997
2024-07-01 18:25:00+00:00,18330.012,18330.572999999997,18318.94,18321.017499999998
2024-07-01 18:30:00+00:00,18320.501,18325.001,18315.9955,18325.001
2024-07-01 18:35:00+00:00,18324.572999999997,18327.0065,18322.951,18324.5565
2024-07-01 18:40:00+00:00,18324.9845,18333.572999999997,18323.49,18333.572999999997
2024-07-01 18:45:00+00:00,18332.4955,18332.995499999997,18321.012,18322.012
2024-07-01 18:50:00+00:00,18323.989999999998,18327.501,18320.001,18324.501
2024-07-01 18:55:00+00:00,18323.4845,18324.5065,18321.4455,18322.517499999998
2024-07-01 19:00:00+00:00,18322.2565,18325.572999999997,18320.94,18325.495499999997
2024-07-01 19:05:00+00:00,18326.0065,18331.572999999997,18325.501,18329.5065
2024-07-01 19:10:00+00:00,18328.5065,18330.4845,18326.428999999996,18327.012
2024-07-01 19:15:00+00:00,18327.512,18327.561999999998,18324.4345,18325.501
2024-07-01 19:20:00+00:00,18325.9955,18326.5065,18318.061999999998,18318.512
2024-07-01 19:25:00+00:00,18317.99,18317.99,18301.4455,18310.522999999997
2024-07-01 19:30:00+00:00,18310.061999999998,18321.001,18308.5065,18319.522999999997
2024-07-01 19:35:00+00:00,18319.7455,18321.017499999998,18313.061999999998,18317.44
2024-07-01 19:40:00+00:00,18316.428999999996,18323.512,18314.9345,18321.512
2024-07-01 19:45:00+00:00,18321.9845,18323.489999999998,18313.9845,18315.428999999996
2024-07-01 19:50:00+00:00,18316.0065,18328.001,18316.0065,18327.501
2024-07-01 19:55:00+00:00,18328.001,18335.0065,18324.989999999998,18332.4455
2024-07-01 20:00:00+00:00,18333.012,18335.5065,18325.4845,18332.2565
2024-07-01 20:05:00+00:00,18331.64,18334.762,18328.779,18331.2955
2024-07-01 20:10:00+00:00,18332.201,18332.2565,18325.428999999996,18325.4955
2024-07-01 22:05:00+00:00,18333.0165,18333.0165,18329.644500000002,18331.239
2024-07-01 22:10:00+00:00,18330.5,18330.5,18328.778,18329.6945
2024-07-01 22:15:00+00:00,18330.439000000002,18330.55,18325.5,18326.310999999998
2024-07-01 22:20:00+00:00,18327.272,18327.272,18325.483500000002,18326.3055
2024-07-01 22:25:00+00:00,18327.301,18327.311999999998,18324.7345,18325.6675
2024-07-01 22:30:00+00:00,18324.7955,18325.6175,18324.0065,18324.739999999998
2024-07-01 22:35:00+00:00,18325.5955,18325.601000000002,18323.94,18324.0065
2024-07-01 22:40:00+00:00,18323.59,18325.5845,18323.0345,18325.5845
2024-07-01 22:45:00+00:00,18324.751,18325.601000000002,18323.99,18323.99
2024-07-01 22:50:00+00:00,18323.1675,18323.1675,18317.279,18318.0955
2024-07-01 22:55:00+00:00,18318.99,18319.378999999997,18317.2955,18318.1065
2024-07-01 23:00:00+00:00,18319.017499999998,18319.811999999998,18316.501,18317.251
2024-07-01 23:05:00+00:00,18316.912,18318.0845,18316.44,18317.301
2024-07-01 23:10:00+00:00,18316.501,18316.501,18309.7955,18311.401
2024-07-01 23:15:00+00:00,18312.301,18316.44,18311.412,18316.44
2024-07-01 23:20:00+00:00,18316.962,18318.101000000002,18315.601000000002,18316.501
2024-07-01 23:25:00+00:00,18317.311999999998,18317.311999999998,18315.5955,18315.5955
2024-07-01 23:30:00+00:00,18314.811999999998,18314.873,18311.34,18314.817499999997
2024-07-01 23:35:00+00:00,18314.423,18314.8065,18308.051,18308.1175
2024-07-01 23:40:00+00:00,18307.2955,18310.601000000002,18307.2955,18310.601000000002
2024-07-01 23:45:00+00:00,18311.4065,18311.4065,18308.8955,18310.5345
2024-07-01 23:50:00+00:00,18310.1845,18314.817499999997,18309.779,18313.901
2024-07-01 23:55:00+00:00,18313.101000000002,18313.9175,18313.029,18313.901
2024-07-02 00:00:00+00:00,18314.7955,18317.373,18313.8955,18315.601000000002
2024-07-02 00:05:00+00:00,18314.7845,18315.673,18312.251,18312.2845
2024-07-02 00:10:00+00:00,18311.401,18313.901,18309.7955,18313.517499999998
2024-07-02 00:15:00+00:00,18315.9845,18320.572999999997,18296.517499999998,18301.012
2024-07-02 00:20:00+00:00,18301.017499999998,18302.0565,18294.5065,18301.017499999998
2024-07-02 00:25:00+00:00,18301.517499999998,18305.428999999996,18300.001,18302.001
2024-07-02 00:30:00+00:00,18302.479,18307.072999999997,18298.4955,18298.4955
2024-07-02 00:35:00+00:00,18298.051,18300.001,18295.501,18295.9955
2024-07-02 00:40:00+00:00,18296.9845,18297.4345,18290.5065,18294.512
2024-07-02 00:45:00+00:00,18295.551,18301.44,18295.551,18300.0065
2024-07-02 00:50:00+00:00,18299.479,18299.479,18293.512,18296.001
2024-07-02 00:55:00+00:00,18296.5065,18301.512,18296.5065,18301.4845
2024-07-02 01:00:00+00:00,18302.501,18302.501,18296.4955,18296.4955
2024-07-02 01:05:00+00:00,18297.061999999998,18297.061999999998,18292.001,18295.0065
2024-07-02 01:10:00+00:00,18294.512,18297.9955,18292.4955,18292.9845
2024-07-02 01:15:00+00:00,18293.4955,18294.012,18291.512,18293.512
2024-07-02 01:20:00+00:00,18294.0565,18295.001,18286.99,18292.017499999998
2024-07-02 01:25:00+00:00,18289.979,18296.4845,18289.001,18293.001
2024-07-02 01:30:00+00:00,18293.428999999996,18301.512,18293.428999999996,18299.9345
2024-07-02 01:35:00+00:00,18300.567499999997,18301.517499999998,18298.5565,18300.99
2024-07-02 01:40:00+00:00,18301.501,18303.0065,18299.5065,18299.9955
2024-07-02 01:45:00+00:00,18300.4455,18305.001,18300.4345,18305.001
2024-07-02 01:50:00+00:00,18301.517499999998,18302.001,18299.99,18301.5065
2024-07-02 01:55:00+00:00,18300.9955,18300.9955,18296.501,18297.479
2024-07-02 02:00:00+00:00,18297.0065,18305.017499999998,18297.0065,18305.001
2024-07-02 02:05:00+00:00,18304.0065,18304.4955,18300.001,18300.94
2024-07-02 02:10:00+00:00,18300.501,18304.5065,18300.001,18303.517499999998
2024-07-02 02:15:00+00:00,18302.9455,18304.989999999998,18302.512,18303.989999999998
2024-07-02 02:20:00+00:00,18303.5065,18304.522999999997,18301.99,18301.99
2024-07-02 02:25:00+00:00,18300.928999999996,18301.501,18293.501,18293.501
2024-07-02 02:30:00+00:00,18292.951,18292.951,18287.512,18290.551
2024-07-02 02:35:00+00:00,18290.051,18290.572999999997,18285.489999999998,18286.9955
2024-07-02 02:40:00+00:00,18287.989999999998,18289.001,18285.512,18287.512
2024-07-02 02:45:00+00:00,18288.495499999997,18293.067499999997,18288.451,18288.451
2024-07-02 02:50:00+00:00,18288.0065,18291.001,18287.5065,18289.989999999998
2024-07-02 02:55:00+00:00,18289.517499999998,18291.061999999998,18289.0065,18290.951
2024-07-02 03:00:00+00:00,18291.512,18292.001,18288.501,18289.495499999997
2024-07-02 03:05:00+00:00,18288.9345,18288.9345,18279.067499999997,18279.995499999997
2024-07-02 03:10:00+00:00,18280.4345,18280.99,18273.9455,18274.501
2024-07-02 03:15:00+00:00,18274.94,18274.94,18273.051,18273.051
2024-07-02 03:20:00+00:00,18272.567499999997,18273.561999999998,18271.551,18273.0565
2024-07-02 03:25:00+00:00,18272.022999999997,18272.022999999997,18271.517499999998,18271.517499999998
2024-07-02 03:30:00+00:00,18271.001,18273.567499999997,18271.001,18272.4955
2024-07-02 03:35:00+00:00,18273.051,18274.512,18270.001,18273.4455
2024-07-02 03:40:00+00:00,18273.001,18274.99,18272.522999999997,18273.5565
2024-07-02 03:45:00+00:00,18273.001,18273.451,18270.067499999997,18271.489999999998
2024-07-02 03:50:00+00:00,18272.0065,18274.001,18271.4845,18274.001
2024-07-02 03:55:00+00:00,18273.501,18274.99,18273.501,18273.99
2024-07-02 04:00:00+00:00,18273.428999999996,18275.9955,18273.428999999996,18275.001
2024-07-02 04:05:00+00:00,18273.4955,18273.4955,18271.551,18273.4955
2024-07-02 04:10:00+00:00,18275.001,18275.572999999997,18273.5065,18274.572999999997
2024-07-02 04:15:00+00:00,18274.067499999997,18274.067499999997,18272.428999999996,18273.44
2024-07-02 04:20:00+00:00,18274.501,18274.94,18273.995499999997,18274.522999999997
2024-07-02 04:25:00+00:00,18275.001,18276.9345,18274.428999999996,18275.512
2024-07-02 04:30:00+00:00,18276.012,18276.012,18275.479,18275.479
2024-07-02 04:35:00+00:00,18276.001,18276.44,18274.44,18275.989999999998
2024-07-02 04:40:00+00:00,18275.567499999997,18277.061999999998,18274.989999999998,18276.001
2024-07-02 04:45:00+00:00,18275.4845,18277.9845,18274.9955,18275.428999999996
2024-07-02 04:50:00+00:00,18276.072999999997,18276.551,18274.5065,18275.5065
2024-07-02 04:55:00+00:00,18274.99,18276.501,18274.501,18275.0065
2024-07-02 05:00:00+00:00,18275.501,18276.001,18269.99,18271.49
2024-07-02 05:05:00+00:00,18272.501,18272.951,18270.0065,18270.9845
2024-07-02 05:10:00+00:00,18271.522999999997,18272.4955,18271.001,18271.489999999998
2024-07-02 05:15:00+00:00,18271.017499999998,18271.017499999998,18269.495499999997,18270.4845
2024-07-02 05:20:00+00:00,18270.928999999996,18271.0065,18263.928999999996,18265.012
2024-07-02 05:25:00+00:00,18266.012,18281.94,18266.012,18280.489999999998
2024-07-02 05:30:00+00:00,18280.995499999997,18295.5065,18280.995499999997,18295.5065
2024-07-02 05:35:00+00:00,18296.051,18297.0065,18290.9845,18292.512
2024-07-02 05:40:00+00:00,18293.989999999998,18302.489999999998,18293.989999999998,18301.551
2024-07-02 05:45:00+00:00,18301.928999999996,18303.012,18291.517499999998,18293.012
2024-07-02 05:50:00+00:00,18291.979,18303.001,18291.979,18302.4955
2024-07-02 05:55:00+00:00,18300.451,18303.489999999998,18293.451,18294.567499999997
2024-07-02 06:00:00+00:00,18294.272999999997,18307.0065,18277.551,18279.928999999996
2024-07-02 06:05:00+00:00,18279.4845,18282.4455,18271.517499999998,18271.517499999998
2024-07-02 06:10:00+00:00,18271.9955,18275.5565,18258.001,18268.9955
2024-07-02 06:15:00+00:00,18268.501,18269.061999999998,18258.001,18263.017499999998
2024-07-02 06:20:00+00:00,18264.517499999998,18268.001,18259.94,18267.5065
2024-07-02 06:25:00+00:00,18267.928999999996,18275.517499999998,18265.44,18274.061999999998
2024-07-02 06:30:00+00:00,18274.501,18274.9955,18262.4845,18263.501
2024-07-02 06:35:00+00:00,18263.9345,18271.99,18262.479,18267.4955
2024-07-02 06:40:00+00:00,18267.0065,18272.012,18262.9345,18271.4845
2024-07-02 06:45:00+00:00,18271.701,18282.451,18265.022999999997,18268.4455
2024-07-02 06:50:00+00:00,18267.951,18273.517499999998,18264.512,18270.428999999996
2024-07-02 06:55:00+00:00,18271.0065,18271.0065,18241.989999999998,18253.012
2024-07-02 07:00:00+00:00,18249.012,18249.012,18207.983500000002,18234.0
2024-07-02 07:05:00+00:00,18236.072,18237.060999999998,18211.9945,18221.9945
2024-07-02 07:10:00+00:00,18222.933500000003,18230.0165,18201.560999999998,18207.05
2024-07-02 07:15:00+00:00,18205.978,18212.060999999998,18196.489,18205.0055
2024-07-02 07:20:00+00:00,18204.101000000002,18211.011,18195.928,18200.0
2024-07-02 07:25:00+00:00,18200.989,18203.0,18138.0055,18167.5055
2024-07-02 07:30:00+00:00,18167.067499999997,18178.011,18157.511,18166.928
2024-07-02 07:35:00+00:00,18167.0055,18172.011,18150.560999999998,18155.9835
2024-07-02 07:40:00+00:00,18155.516499999998,18161.5055,18139.511,18140.072
2024-07-02 07:45:00+00:00,18140.9835,18158.0,18137.0,18150.439000000002
2024-07-02 07:50:00+00:00,18150.0555,18168.0055,18138.983500000002,18138.983500000002
2024-07-02 07:55:00+00:00,18139.428,18181.45,18138.9945,18172.0
2024-07-02 08:00:00+00:00,18170.223,18173.066499999997,18144.5165,18149.9835
2024-07-02 08:05:00+00:00,18149.0055,18173.978,18143.0,18158.439000000002
2024-07-02 08:10:00+00:00,18160.0055,18173.011,18148.939000000002,18172.011
2024-07-02 08:15:00+00:00,18172.1955,18185.4945,18159.989,18165.0055
2024-07-02 08:20:00+00:00,18169.072,18174.478,18161.9945,18166.0
2024-07-02 08:25:00+00:00,18166.522999999997,18166.522999999997,18147.0,18148.939000000002
2024-07-02 08:30:00+00:00,18147.0555,18167.0,18144.95,18165.95
2024-07-02 08:35:00+00:00,18167.060999999998,18167.060999999998,18150.978,18150.978
2024-07-02 08:40:00+00:00,18149.5055,18163.0,18147.0,18152.9445
2024-07-02 08:45:00+00:00,18154.0,18168.989,18151.933500000003,18156.989
2024-07-02 08:50:00+00:00,18157.489,18170.016499999998,18148.478,18155.0
2024-07-02 08:55:00+00:00,18153.483500000002,18162.9945,18151.989,18162.9945
2024-07-02 09:00:00+00:00,18163.5,18171.4945,18149.9945,18161.511
2024-07-02 09:05:00+00:00,18161.016499999998,18161.5,18140.0,18157.95
2024-07-02 09:10:00+00:00,18155.9945,18158.072,18133.9945,18141.45
2024-07-02 09:15:00+00:00,18140.439000000002,18148.522,18135.511,18139.5
2024-07-02 09:20:00+00:00,18139.5,18139.5,18118.5,18119.5
2024-07-02 09:25:00+00:00,18120.4945,18134.0055,18115.5,18132.522
2024-07-02 09:30:00+00:00,18131.4835,18131.4835,18103.566499999997,18103.566499999997
2024-07-02 09:35:00+00:00,18102.560999999998,18119.516499999998,18101.522,18104.566499999997
2024-07-02 09:40:00+00:00,18105.55,18112.5,18095.066499999997,18097.489
2024-07-02 09:45:00+00:00,18096.4945,18113.511,18096.016499999998,18111.489
2024-07-02 09:50:00+00:00,18110.95,18114.560999999998,18100.5,18113.55
2024-07-02 09:55:00+00:00,18114.5055,18126.9945,18104.5555,18104.5555
2024-07-02 10:00:00+00:00,18103.4835,18119.5,18103.4835,18111.4835
2024-07-02 10:05:00+00:00,18111.734,18122.5,18111.522,18119.511
2024-07-02 10:10:00+00:00,18119.0555,18122.5055,18106.511,18121.511
2024-07-02 10:15:00+00:00,18122.478,18126.0,18114.4945,18120.511
2024-07-02 10:20:00+00:00,18119.428,18122.4945,18112.566499999997,18121.5
2024-07-02 10:25:00+00:00,18121.0165,18127.572,18117.978,18121.489
2024-07-02 10:30:00+00:00,18120.4445,18125.0,18109.5,18112.489
2024-07-02 10:35:00+00:00,18111.5,18116.5,18101.9945,18104.4945
2024-07-02 10:40:00+00:00,18105.0055,18118.511,18105.0055,18117.4835
2024-07-02 10:45:00+00:00,18117.572,18121.989,18102.5055,18104.511
2024-07-02 10:50:00+00:00,18104.5065,18113.489,18102.0555,18106.478
2024-07-02 10:55:00+00:00,18105.5,18106.9945,18097.9945,18101.9835
2024-07-02 11:00:00+00:00,18102.0055,18104.511,18091.072,18094.483500000002
2024-07-02 11:05:00+00:00,18094.8065,18101.511,18087.522,18090.5
2024-07-02 11:10:00+00:00,18090.016499999998,18091.5055,18064.4445,18072.428
2024-07-02 11:15:00+00:00,18073.0055,18076.511,18060.0555,18063.55
2024-07-02 11:20:00+00:00,18062.601000000002,18076.4945,18052.511,18073.5055
2024-07-02 11:25:00+00:00,18072.566499999997,18077.5,18065.5,18072.478
2024-07-02 11:30:00+00:00,18073.511,18084.060999999998,18066.989,18077.560999999998
2024-07-02 11:35:00+00:00,18077.0055,18084.489,18074.4445,18077.4945
2024-07-02 11:40:00+00:00,18078.011,18081.011,18068.5055,18071.566499999997
2024-07-02 11:45:00+00:00,18071.05,18082.511,18064.928,18066.5055
2024-07-02 11:50:00+00:00,18065.5055,18067.572,18049.0,18050.4945
2024-07-02 11:55:00+00:00,18049.483500000002,18079.516499999998,18049.483500000002,18079.516499999998
2024-07-02 12:00:00+00:00,18079.011,18083.5055,18065.989,18071.511
2024-07-02 12:05:00+00:00,18072.522,18086.072,18069.072,18083.9945
2024-07-02 12:10:00+00:00,18086.0,18086.0,18075.0055,18079.989
2024-07-02 12:15:00+00:00,18079.439000000002,18087.0,18072.9835,18085.983500000002
2024-07-02 12:20:00+00:00,18084.939000000002,18089.5,18078.5055,18087.928
2024-07-02 12:25:00+00:00,18088.516499999998,18089.212,18078.483500000002,18079.9835
2024-07-02 12:30:00+00:00,18080.483500000002,18095.011,18074.4445,18075.016499999998
2024-07-02 12:35:00+00:00,18076.011,18076.5055,18060.9945,18065.9945
2024-07-02 12:40:00+00:00,18066.5565,18073.0055,18041.428,18045.4945
2024-07-02 12:45:00+00:00,18044.489,18058.011,18040.0,18046.066499999997
2024-07-02 12:50:00+00:00,18045.0,18049.0,18028.45,18043.011
2024-07-02 12:55:00+00:00,18042.0,18064.022,18039.489,18064.022
2024-07-02 13:00:00+00:00,18064.4945,18089.511,18063.572,18080.0
2024-07-02 13:05:00+00:00,18078.9945,18093.4945,18071.5,18089.0
2024-07-02 13:10:00+00:00,18088.5,18096.4945,18083.0,18090.9835
2024-07-02 13:15:00+00:00,18092.011,18096.511,18080.978,18090.483500000002
2024-07-02 13:20:00+00:00,18090.978,18099.0,18088.566499999997,18097.5
2024-07-02 13:25:00+00:00,18097.9835,18111.572,18092.5,18111.0
2024-07-02 13:30:00+00:00,18110.511,18112.011,18090.4945,18094.433500000003
2024-07-02 13:35:00+00:00,18092.978,18109.433500000003,18084.478,18105.572
2024-07-02 13:40:00+00:00,18106.5055,18117.022,18097.483500000002,18102.516499999998
2024-07-02 13:45:00+00:00,18103.072999999997,18117.572,18100.489,18105.5
2024-07-02 13:50:00+00:00,18104.989,18124.05,18103.4945,18123.511
2024-07-02 13:55:00+00:00,18123.74,18127.572,18110.511,18119.989
2024-07-02 14:00:00+00:00,18120.0055,18143.560999999998,18110.566499999997,18137.5
2024-07-02 14:05:00+00:00,18136.989,18155.5055,18131.4945,18137.9945
2024-07-02 14:10:00+00:00,18137.55,18137.55,18117.5165,18125.9445
2024-07-02 14:15:00+00:00,18125.060999999998,18143.522,18122.478,18143.522
2024-07-02 14:20:00+00:00,18142.5055,18151.566499999997,18136.022,18140.5055
2024-07-02 14:25:00+00:00,18139.723,18166.4945,18139.4945,18165.4945
2024-07-02 14:30:00+00:00,18165.016499999998,18172.9945,18157.4445,18163.511
2024-07-02 14:35:00+00:00,18163.0,18163.4945,18152.9945,18158.483500000002
2024-07-02 14:40:00+00:00,18159.5555,18160.011,18135.9835,18139.566499999997
2024-07-02 14:45:00+00:00,18140.560999999998,18144.011,18134.4445,18142.478
2024-07-02 14:50:00+00:00,18143.011,18151.5,18131.483500000002,18143.511
2024-07-02 14:55:00+00:00,18143.9955,18159.5,18143.5,18146.4445
2024-07-02 15:00:00+00:00,18147.69,18161.433500000003,18142.4945,18154.522
2024-07-02 15:05:00+00:00,18155.572,18164.55,18153.55,18159.4945
2024-07-02 15:10:00+00:00,18159.978,18163.489,18150.0055,18159.489
2024-07-02 15:15:00+00:00,18159.729,18167.5055,18150.9835,18154.5
2024-07-02 15:20:00+00:00,18155.511,18158.0,18145.9945,18151.5055
2024-07-02 15:25:00+00:00,18151.05,18156.939000000002,18148.5,18154.0
2024-07-02 15:30:00+00:00,18154.495499999997,18166.55,18152.989,18162.483500000002
2024-07-02 15:35:00+00:00,18163.4945,18167.0,18159.933500000003,18160.511
2024-07-02 15:40:00+00:00,18159.933500000003,18166.0555,18157.489,18157.55
2024-07-02 15:45:00+00:00,18157.95,18161.55,18151.939000000002,18158.978
2024-07-02 15:50:00+00:00,18159.489,18162.978,18156.9835,18157.478
2024-07-02 15:55:00+00:00,18157.0,18158.016499999998,18145.5,18150.072
2024-07-02 16:00:00+00:00,18149.5165,18152.072,18142.939000000002,18147.4445
2024-07-02 16:05:00+00:00,18147.0,18148.5055,18141.0,18141.989
2024-07-02 16:10:00+00:00,18142.433500000003,18145.572,18137.4945,18144.511
2024-07-02 16:15:00+00:00,18144.066499999997,18151.05,18141.9945,18149.478
2024-07-02 16:20:00+00:00,18148.5,18153.5555,18146.0,18152.5
2024-07-02 16:25:00+00:00,18152.8065,18161.522,18151.939000000002,18159.4445
2024-07-02 16:30:00+00:00,18160.55,18161.0055,18145.4945,18147.516499999998
2024-07-02 16:35:00+00:00,18146.989,18149.989,18143.989,18144.0165
2024-07-02 16:40:00+00:00,18143.0,18149.0165,18143.0,18145.5055
2024-07-02 16:45:00+00:00,18145.011,18148.9945,18141.5055,18143.489
2024-07-02 16:50:00+00:00,18143.95,18145.9945,18140.4835,18145.4945
2024-07-02 16:55:00+00:00,18145.0,18145.060999999998,18140.4945,18144.9945
2024-07-02 17:00:00+00:00,18144.5555,18149.016499999998,18141.928,18149.016499999998
2024-07-02 17:05:00+00:00,18149.5055,18156.566499999997,18149.5055,18156.439000000002
2024-07-02 17:10:00+00:00,18157.45,18162.4835,18155.511,18159.5055
2024-07-02 17:15:00+00:00,18160.45,18167.060999999998,18160.0055,18162.511
2024-07-02 17:20:00+00:00,18161.939000000002,18166.522,18161.939000000002,18164.511
2024-07-02 17:25:00+00:00,18164.066499999997,18168.5055,18163.511,18164.5
2024-07-02 17:30:00+00:00,18164.989,18165.5055,18153.55,18157.489
2024-07-02 17:35:00+00:00,18156.9835,18160.55,18151.066499999997,18160.4835
2024-07-02 17:40:00+00:00,18159.5,18162.022,18156.5,18157.489
2024-07-02 17:45:00+00:00,18158.4945,18163.9945,18156.489,18161.5
2024-07-02 17:50:00+00:00,18162.5055,18170.4445,18162.5055,18170.4445
2024-07-02 17:55:00+00:00,18169.572,18174.5165,18167.5,18168.478
2024-07-02 18:00:00+00:00,18168.989,18175.572,18167.483500000002,18174.478
2024-07-02 18:05:00+00:00,18173.522,18177.016499999998,18173.4945,18175.560999999998
2024-07-02 18:10:00+00:00,18175.072,18182.511,18175.072,18179.4835
2024-07-02 18:15:00+00:00,18180.489,18181.5055,18174.5,18177.511
2024-07-02 18:20:00+00:00,18177.6955,18182.511,18176.0,18182.478
2024-07-02 18:25:00+00:00,18183.489,18183.5555,18180.433500000003,18181.560999999998
2024-07-02 18:30:00+00:00,18181.989,18181.989,18172.489,18173.45
2024-07-02 18:35:00+00:00,18172.9835,18179.5555,18172.428,18177.522
2024-07-02 18:40:00+00:00,18178.5,18179.011,18175.011,18177.0
2024-07-02 18:45:00+00:00,18177.439000000002,18184.516499999998,18176.5055,18182.4945
2024-07-02 18:50:00+00:00,18181.989,18185.4945,18181.989,18183.5055
2024-07-02 18:55:00+00:00,18183.0,18186.060999999998,18173.9945,18174.511
2024-07-02 19:00:00+00:00,18175.4945,18184.5,18175.4945,18181.489
2024-07-02 19:05:00+00:00,18182.016499999998,18184.511,18180.4445,18182.5055
2024-07-02 19:10:00+00:00,18182.9835,18183.572,18179.95,18183.511
2024-07-02 19:15:00+00:00,18181.5555,18185.5055,18179.4945,18184.433500000003
2024-07-02 19:20:00+00:00,18183.5055,18186.5,18183.0555,18184.489
2024-07-02 19:25:00+00:00,18183.933500000003,18187.483500000002,18183.0,18183.5
2024-07-02 19:30:00+00:00,18181.4945,18186.5055,18179.4835,18184.5
2024-07-02 19:35:00+00:00,18185.933500000003,18187.989,18179.989,18180.566499999997
2024-07-02 19:40:00+00:00,18179.5,18186.05,18178.0055,18180.0
2024-07-02 19:45:00+00:00,18179.478,18186.0055,18177.5055,18178.560999999998
2024-07-02 19:50:00+00:00,18176.5,18186.55,18176.5,18183.489
2024-07-02 19:55:00+00:00,18182.489,18186.5,18176.4945,18185.016499999998
2024-07-02 20:00:00+00:00,18184.9945,18186.672,18169.360999999997,18171.0055
2024-07-02 20:05:00+00:00,18171.810999999998,18172.610999999997,18166.089,18166.0945
2024-07-02 20:10:00+00:00,18165.6,18178.461,18165.6,18175.105499999998
2024-07-02 22:00:00+00:00,18168.8055,18169.278,18167.6,18167.6
2024-07-02 22:05:00+00:00,18168.0055,18171.7,18167.5335,18171.289
2024-07-02 22:10:00+00:00,18171.628,18172.989,18170.8335,18171.6945
2024-07-02 22:15:00+00:00,18170.9665,18172.6165,18170.1,18172.539
2024-07-02 22:20:00+00:00,18173.4,18177.428,18172.5835,18177.428
2024-07-02 22:25:00+00:00,18178.372,18180.0555,18176.7,18178.3055
2024-07-02 22:30:00+00:00,18179.0945,18182.411,18178.283499999998,18181.589
2024-07-02 22:35:00+00:00,18182.394500000002,18182.422,18180.7835,18182.422
2024-07-02 22:40:00+00:00,18181.6555,18182.411,18180.060999999998,18180.7445
2024-07-02 22:45:00+00:00,18180.3445,18181.6,18179.089,18180.0
2024-07-02 22:50:00+00:00,18180.394500000002,18180.872,18179.978,18180.866499999996
2024-07-02 22:55:00+00:00,18180.066499999997,18180.066499999997,18178.6,18178.9945
2024-07-02 23:00:00+00:00,18179.7945,18179.860999999997,18178.1555,18178.928
2024-07-02 23:05:00+00:00,18179.733500000002,18181.4055,18179.016499999998,18179.016499999998
2024-07-02 23:10:00+00:00,18179.7945,18180.5945,18176.4835,18176.4835
2024-07-02 23:15:00+00:00,18175.639000000003,18177.3,18174.0,18174.0
2024-07-02 23:20:00+00:00,18175.711,18175.711,18171.5835,18172.4555
2024-07-02 23:25:00+00:00,18173.2165,18173.2165,18170.644500000002,18170.644500000002
2024-07-02 23:30:00+00:00,18169.85,18171.6665,18168.2445,18171.589
2024-07-02 23:35:00+00:00,18170.689000000002,18171.605499999998,18169.961,18169.961
2024-07-02 23:40:00+00:00,18170.7055,18170.7055,18168.2945,18169.105499999998
2024-07-02 23:45:00+00:00,18168.7555,18169.172,18163.589,18163.5945
2024-07-02 23:50:00+00:00,18163.9945,18166.9,18163.6555,18166.1
2024-07-02 23:55:00+00:00,18166.828,18166.9,18165.283499999998,18166.9
2024-07-03 00:00:00+00:00,18167.3565,18171.011,18166.911,18171.011
2024-07-03 00:05:00+00:00,18170.2,18176.8055,18169.394500000002,18173.439000000002
2024-07-03 00:10:00+00:00,18174.366499999996,18176.0055,18173.8335,18174.2835
2024-07-03 00:15:00+00:00,18185.011,18198.5,18185.011,18191.9945
2024-07-03 00:20:00+00:00,18192.0055,18199.511,18192.0055,18199.511
2024-07-03 00:25:00+00:00,18199.989,18200.511,18197.439000000002,18197.560999999998
2024-07-03 00:30:00+00:00,18200.439000000002,18203.5555,18199.4835,18203.4945
2024-07-03 00:35:00+00:00,18203.0055,18203.4945,18199.9835,18201.983500000002
2024-07-03 00:40:00+00:00,18200.5,18204.5055,18199.4835,18204.5055
2024-07-03 00:45:00+00:00,18204.928,18205.5555,18203.5055,18203.5055
2024-07-03 00:50:00+00:00,18202.95,18203.511,18201.0055,18201.989
2024-07-03 00:55:00+00:00,18201.5,18203.433500000003,18198.4945,18199.5055
2024-07-03 01:00:00+00:00,18198.928,18200.4945,18193.5165,18193.5165
2024-07-03 01:05:00+00:00,18192.9945,18199.478,18192.989,18196.0
2024-07-03 01:10:00+00:00,18194.9945,18195.511,18192.983500000002,18192.983500000002
2024-07-03 01:15:00+00:00,18191.433500000003,18193.489,18190.560999999998,18192.560999999998
2024-07-03 01:20:00+00:00,18192.978,18198.5055,18192.0055,18196.0
2024-07-03 01:25:00+00:00,18196.201,18198.433500000003,18193.933500000003,18198.433500000003
2024-07-03 01:30:00+00:00,18197.4945,18197.5055,18193.5055,18196.489
2024-07-03 01:35:00+00:00,18197.0055,18197.5,18195.5055,18196.4945
2024-07-03 01:40:00+00:00,18196.0055,18196.5055,18192.9945,18194.5555
2024-07-03 01:45:00+00:00,18193.489,18193.489,18188.989,18189.933500000003
2024-07-03 01:50:00+00:00,18189.0055,18191.5,18188.9945,18191.5
2024-07-03 01:55:00+00:00,18192.0165,18194.0055,18191.433500000003,18194.0055
2024-07-03 02:00:00+00:00,18194.511,18201.566499999997,18194.511,18201.566499999997
2024-07-03 02:05:00+00:00,18202.55,18211.0165,18202.55,18210.5
2024-07-03 02:10:00+00:00,18210.016499999998,18211.978,18207.5055,18211.5
2024-07-03 02:15:00+00:00,18210.9945,18213.4945,18210.983500000002,18212.489
2024-07-03 02:20:00+00:00,18213.439000000002,18215.516499999998,18211.9945,18215.516499999998
2024-07-03 02:25:00+00:00,18214.45,18216.011,18214.45,18216.011
2024-07-03 02:30:00+00:00,18217.928,18219.983500000002,18215.5555,18219.983500000002
2024-07-03 02:35:00+00:00,18219.066499999997,18220.0,18215.0055,18215.0055
2024-07-03 02:40:00+00:00,18214.428,18215.0055,18210.060999999998,18210.060999999998
2024-07-03 02:45:00+00:00,18210.5,18212.5055,18210.439000000002,18210.989
2024-07-03 02:50:00+00:00,18212.5,18213.0,18209.4945,18210.072
2024-07-03 02:55:00+00:00,18209.5,18212.511,18209.4445,18212.511
2024-07-03 03:00:00+00:00,18213.0,18216.522,18212.5055,18214.9945
2024-07-03 03:05:00+00:00,18215.5055,18216.560999999998,18215.0,18215.0
2024-07-03 03:15:00+00:00,18214.5,18215.0,18204.4945,18205.066499999997
2024-07-03 03:20:00+00:00,18204.433500000003,18204.9945,18202.0,18204.511
2024-07-03 03:25:00+00:00,18205.022,18207.5555,18203.45,18204.928
2024-07-03 03:30:00+00:00,18205.5555,18215.4945,18204.45,18214.5
2024-07-03 03:35:00+00:00,18214.9445,18216.0,18208.95,18210.5
2024-07-03 03:40:00+00:00,18209.0055,18213.483500000002,18208.928,18211.9945
2024-07-03 03:45:00+00:00,18211.478,18212.0165,18209.489,18210.5
2024-07-03 03:50:00+00:00,18209.989,18211.5,18208.011,18210.489
2024-07-03 03:55:00+00:00,18211.0,18211.5555,18209.0,18210.016499999998
2024-07-03 04:00:00+00:00,18210.5,18212.566499999997,18209.511,18211.45
2024-07-03 04:05:00+00:00,18212.0,18213.566499999997,18211.5,18212.5055
2024-07-03 04:10:00+00:00,18211.9835,18213.4835,18211.072,18213.4835
2024-07-03 04:15:00+00:00,18212.428,18214.428,18212.428,18213.9945
2024-07-03 04:20:00+00:00,18215.0055,18215.0055,18213.5,18213.5
2024-07-03 04:25:00+00:00,18214.9945,18217.0,18214.433500000003,18216.9445
2024-07-03 04:30:00+00:00,18217.478,18219.516499999998,18217.478,18219.516499999998
2024-07-03 04:35:00+00:00,18219.022,18220.4945,18217.011,18220.4945
2024-07-03 04:40:00+00:00,18219.560999999998,18221.072,18217.4945,18217.4945
2024-07-03 04:45:00+00:00,18218.0555,18220.5055,18218.0555,18219.5
2024-07-03 04:50:00+00:00,18220.989,18220.989,18214.4945,18215.9945
2024-07-03 04:55:00+00:00,18215.5,18216.522,18210.5055,18215.4945
2024-07-03 05:00:00+00:00,18215.0055,18220.5055,18214.989,18217.928
2024-07-03 05:05:00+00:00,18217.4945,18217.4945,18205.5,18206.5
2024-07-03 05:10:00+00:00,18207.072,18209.983500000002,18203.9945,18204.0055
2024-07-03 05:15:00+00:00,18203.483500000002,18204.0,18202.0,18204.0
2024-07-03 05:20:00+00:00,18202.5,18212.9945,18202.5,18209.428
2024-07-03 05:25:00+00:00,18208.4445,18209.516499999998,18203.489,18209.516499999998
2024-07-03 05:30:00+00:00,18209.9945,18210.5055,18206.011,18207.0055
2024-07-03 05:35:00+00:00,18207.5055,18208.5555,18203.016499999998,18203.016499999998
2024-07-03 05:40:00+00:00,18202.516499999998,18210.566499999997,18202.5055,18209.5055
2024-07-03 05:45:00+00:00,18208.928,18219.0,18208.0555,18218.478
2024-07-03 05:50:00+00:00,18218.022,18218.5055,18207.478,18207.478
2024-07-03 05:55:00+00:00,18207.0,18215.55,18205.0,18214.511
2024-07-03 06:00:00+00:00,18214.066499999997,18248.511,18214.066499999997,18247.5
2024-07-03 06:05:00+00:00,18247.989,18259.060999999998,18239.5055,18240.5
2024-07-03 06:10:00+00:00,18241.0165,18245.566499999997,18235.0165,18237.989
2024-07-03 06:15:00+00:00,18240.072,18240.072,18222.483500000002,18225.55
2024-07-03 06:20:00+00:00,18225.9945,18237.428,18219.5,18228.522
2024-07-03 06:25:00+00:00,18228.0,18242.5,18228.0,18234.522
2024-07-03 06:30:00+00:00,18234.011,18238.511,18231.5,18236.928
2024-07-03 06:35:00+00:00,18237.5055,18245.0,18236.016499999998,18241.066499999997
2024-07-03 06:40:00+00:00,18240.5055,18243.022,18230.5055,18230.5055
2024-07-03 06:45:00+00:00,18231.572,18238.072,18218.489,18238.072
2024-07-03 06:50:00+00:00,18239.060999999998,18241.5,18235.0,18239.0055
2024-07-03 06:55:00+00:00,18239.9945,18242.05,18231.0555,18234.060999999998
2024-07-03 07:00:00+00:00,18238.0055,18256.511,18230.9945,18244.9445
2024-07-03 07:05:00+00:00,18244.989,18258.0165,18224.483500000002,18229.9835
2024-07-03 07:10:00+00:00,18229.0,18253.933500000003,18226.9835,18247.5
2024-07-03 07:15:00+00:00,18248.9945,18266.0055,18247.978,18266.0055
2024-07-03 07:20:00+00:00,18267.05,18270.0055,18258.983500000002,18263.516499999998
2024-07-03 07:25:00+00:00,18263.989,18283.5555,18263.989,18281.0055
2024-07-03 07:30:00+00:00,18281.978,18288.5555,18277.011,18286.022
2024-07-03 07:35:00+00:00,18286.5055,18297.0055,18285.928,18294.011
2024-07-03 07:40:00+00:00,18294.939000000002,18300.989,18274.939000000002,18278.0
2024-07-03 07:45:00+00:00,18275.989,18276.0165,18246.572,18247.0
2024-07-03 07:50:00+00:00,18246.433500000003,18259.011,18243.016499999998,18247.011
2024-07-03 07:55:00+00:00,18247.572,18253.011,18243.0,18246.9445
2024-07-03 08:00:00+00:00,18246.511,18248.0165,18229.989,18238.0
2024-07-03 08:05:00+00:00,18236.978,18251.0055,18225.933500000003,18251.0055
2024-07-03 08:10:00+00:00,18251.5165,18264.011,18245.0,18258.0555
2024-07-03 08:15:00+00:00,18257.223,18258.489,18243.9945,18253.011
2024-07-03 08:20:00+00:00,18253.9835,18262.011,18248.939000000002,18258.011
2024-07-03 08:25:00+00:00,18257.0,18260.072,18244.928,18250.489
2024-07-03 08:30:00+00:00,18250.0055,18268.928,18248.022,18266.05
2024-07-03 08:35:00+00:00,18266.4445,18274.511,18262.016499999998,18269.0165
2024-07-03 08:40:00+00:00,18269.4945,18287.011,18266.9945,18281.0
2024-07-03 08:45:00+00:00,18281.501,18292.011,18277.9945,18292.011
2024-07-03 08:50:00+00:00,18293.022,18301.066499999997,18282.939000000002,18285.983500000002
2024-07-03 08:55:00+00:00,18287.0165,18291.011,18280.516499999998,18281.9945
2024-07-03 09:00:00+00:00,18281.478,18290.0555,18271.928,18281.0055
2024-07-03 09:05:00+00:00,18280.983500000002,18293.0,18280.983500000002,18289.9945
2024-07-03 09:10:00+00:00,18291.49,18301.4945,18289.9445,18301.4945
2024-07-03 09:15:00+00:00,18301.0,18319.060999999998,18299.489,18319.060999999998
2024-07-03 09:20:00+00:00,18319.517499999998,18321.5555,18312.9445,18321.0555
2024-07-03 09:25:00+00:00,18322.5055,18325.5055,18317.428,18320.4835
2024-07-03 09:30:00+00:00,18320.989,18322.560999999998,18312.489,18318.489
2024-07-03 09:35:00+00:00,18319.0,18345.0055,18318.011,18337.0055
2024-07-03 09:40:00+00:00,18339.0055,18340.011,18330.989,18335.9945
2024-07-03 09:45:00+00:00,18337.0,18343.5055,18330.428,18342.9945
2024-07-03 09:50:00+00:00,18343.4945,18351.05,18328.55,18332.072
2024-07-03 09:55:00+00:00,18332.983500000002,18338.511,18325.060999999998,18332.0
2024-07-03 10:00:00+00:00,18333.011,18344.0555,18331.0,18342.983500000002
2024-07-03 10:05:00+00:00,18342.5,18348.516499999998,18337.0055,18347.0
2024-07-03 10:10:00+00:00,18348.989,18349.0055,18337.0055,18344.072
2024-07-03 10:15:00+00:00,18343.5055,18347.5,18340.011,18343.989
2024-07-03 10:20:00+00:00,18345.072,18346.0,18332.928,18334.016499999998
2024-07-03 10:25:00+00:00,18334.511,18336.0,18327.95,18330.0055
2024-07-03 10:30:00+00:00,18331.072,18334.45,18325.0,18331.439000000002
2024-07-03 10:35:00+00:00,18332.5055,18345.0555,18332.0,18339.511
2024-07-03 10:40:00+00:00,18340.55,18346.511,18339.95,18339.9835
2024-07-03 10:45:00+00:00,18339.55,18344.011,18337.5,18340.9945
2024-07-03 10:50:00+00:00,18341.9945,18345.4945,18337.989,18339.0055
2024-07-03 10:55:00+00:00,18339.939000000002,18340.0055,18329.9445,18329.9445
2024-07-03 11:00:00+00:00,18329.5055,18349.011,18329.489,18344.9445
2024-07-03 11:05:00+00:00,18343.522,18348.433500000003,18338.4945,18339.0055
2024-07-03 11:10:00+00:00,18339.433500000003,18345.011,18337.928,18343.0555
2024-07-03 11:15:00+00:00,18342.478,18344.022,18331.5055,18342.0
2024-07-03 11:20:00+00:00,18342.489,18350.05,18342.489,18347.022
2024-07-03 11:25:00+00:00,18347.511,18347.511,18338.5055,18342.0
2024-07-03 11:30:00+00:00,18343.0055,18350.5,18342.511,18345.072
2024-07-03 11:35:00+00:00,18344.566499999997,18345.566499999997,18340.9945,18344.511
2024-07-03 11:40:00+00:00,18343.9445,18353.0055,18342.5055,18351.983500000002
2024-07-03 11:45:00+00:00,18352.511,18359.433500000003,18340.0,18357.0
2024-07-03 11:50:00+00:00,18356.5,18356.983500000002,18340.0055,18342.0
2024-07-03 11:55:00+00:00,18342.566499999997,18354.0555,18341.989,18352.0
2024-07-03 12:00:00+00:00,18352.989,18359.511,18347.0555,18350.978
2024-07-03 12:05:00+00:00,18351.522,18351.522,18335.0,18338.5
2024-07-03 12:10:00+00:00,18338.05,18339.066499999997,18324.4945,18327.511
2024-07-03 12:15:00+00:00,18327.939000000002,18336.060999999998,18322.0,18322.0
2024-07-03 12:20:00+00:00,18322.223,18329.989,18318.4445,18319.978
2024-07-03 12:25:00+00:00,18319.212,18324.0555,18308.489,18315.011
2024-07-03 12:30:00+00:00,18314.511,18319.0555,18297.95,18317.95
2024-07-03 12:35:00+00:00,18317.4955,18326.0,18316.0055,18323.0555
2024-07-03 12:40:00+00:00,18323.439000000002,18329.9945,18317.928,18324.9945
2024-07-03 12:45:00+00:00,18324.0555,18347.55,18322.439000000002,18329.95
2024-07-03 12:50:00+00:00,18330.4955,18343.5055,18330.4955,18341.060999999998
2024-07-03 12:55:00+00:00,18340.4945,18357.511,18340.4945,18348.9945
2024-07-03 13:00:00+00:00,18349.439000000002,18350.5,18341.0055,18345.022
2024-07-03 13:05:00+00:00,18344.489,18346.022,18331.522,18333.989
2024-07-03 13:10:00+00:00,18333.566499999997,18339.0,18317.5,18327.4945
2024-07-03 13:15:00+00:00,18327.066499999997,18335.0055,18324.933500000003,18328.983500000002
2024-07-03 13:20:00+00:00,18328.201,18336.011,18323.983500000002,18329.95
2024-07-03 13:25:00+00:00,18330.5165,18332.5,18323.0,18327.0
2024-07-03 13:30:00+00:00,18326.478,18344.0055,18325.0,18338.439000000002
2024-07-03 13:35:00+00:00,18339.022,18354.9945,18338.939000000002,18345.016499999998
2024-07-03 13:40:00+00:00,18344.439000000002,18347.060999999998,18331.978,18332.5
2024-07-03 13:45:00+00:00,18332.933500000003,18347.5055,18329.5055,18347.05
2024-07-03 13:50:00+00:00,18350.0555,18351.066499999997,18328.983500000002,18330.9945
2024-07-03 13:55:00+00:00,18332.0555,18347.516499999998,18328.0555,18340.5
2024-07-03 14:00:00+00:00,18340.428,18366.9945,18333.978,18346.011
2024-07-03 14:05:00+00:00,18347.989,18354.0165,18340.989,18348.933500000003
2024-07-03 14:10:00+00:00,18349.551,18360.4945,18340.0055,18344.989
2024-07-03 14:15:00+00:00,18343.989,18364.0055,18343.011,18355.9945
2024-07-03 14:20:00+00:00,18354.439000000002,18366.4945,18351.933500000003,18362.989
2024-07-03 14:25:00+00:00,18362.516499999998,18363.989,18328.483500000002,18329.9945
2024-07-03 14:30:00+00:00,18330.267499999998,18346.0555,18328.928,18343.066499999997
2024-07-03 14:35:00+00:00,18343.428,18355.5,18336.5555,18350.0055
2024-07-03 14:40:00+00:00,18350.201,18350.5055,18339.939000000002,18347.011
2024-07-03 14:45:00+00:00,18346.5055,18368.983500000002,18345.978,18366.939000000002
2024-07-03 14:50:00+00:00,18368.060999999998,18376.511,18366.4835,18372.0
2024-07-03 14:55:00+00:00,18370.95,18377.022,18359.05,18365.0
2024-07-03 15:00:00+00:00,18365.011,18366.933500000003,18355.0,18364.572
2024-07-03 15:05:00+00:00,18365.0555,18369.9945,18359.439000000002,18369.989
2024-07-03 15:10:00+00:00,18369.072,18385.483500000002,18362.9445,18385.011
2024-07-03 15:15:00+00:00,18385.489,18393.9945,18382.5055,18392.572
2024-07-03 15:20:00+00:00,18392.011,18396.4945,18385.9945,18388.0
2024-07-03 15:25:00+00:00,18388.2455,18392.5055,18380.4945,18380.983500000002
2024-07-03 15:30:00+00:00,18381.262,18394.9945,18377.0055,18383.072
2024-07-03 15:35:00+00:00,18383.4945,18387.4945,18375.066499999997,18380.0555
2024-07-03 15:40:00+00:00,18380.517499999998,18382.022,18372.05,18372.9945
2024-07-03 15:45:00+00:00,18374.016499999998,18379.5,18373.433500000003,18377.489
2024-07-03 15:50:00+00:00,18376.9945,18381.011,18373.016499999998,18380.011
2024-07-03 15:55:00+00:00,18379.511,18382.572,18378.0,18381.428
2024-07-03 16:00:00+00:00,18382.016499999998,18388.05,18379.011,18386.066499999997
2024-07-03 16:05:00+00:00,18386.4945,18389.4945,18384.9945,18386.9945
2024-07-03 16:10:00+00:00,18387.428,18396.022,18385.060999999998,18394.5
2024-07-03 16:15:00+00:00,18392.522,18395.55,18388.4945,18390.016499999998
2024-07-03 16:20:00+00:00,18390.989,18394.05,18390.5,18391.9445
2024-07-03 16:25:00+00:00,18392.560999999998,18392.939000000002,18390.0055,18390.560999999998
2024-07-03 16:30:00+00:00,18389.9445,18390.0555,18379.5,18380.5555
2024-07-03 16:35:00+00:00,18379.9945,18388.516499999998,18379.511,18387.5
2024-07-03 16:40:00+00:00,18387.072,18389.5,18383.0,18383.0
2024-07-03 16:45:00+00:00,18383.560999999998,18385.560999999998,18378.489,18385.0
2024-07-03 16:50:00+00:00,18384.05,18393.9835,18384.0,18392.478
2024-07-03 16:55:00+00:00,18393.0065,18398.572,18391.489,18395.0
2024-07-03 17:00:00+00:00,18395.5,18396.5555,18390.060999999998,18396.5055
2024-07-03 17:05:00+00:00,18397.4945,18397.516499999998,18390.022,18390.4945
2024-07-03 17:10:00+00:00,18390.9945,18392.5055,18388.511,18391.0055
2024-07-03 17:15:00+00:00,18392.0055,18393.511,18390.983500000002,18390.983500000002
2024-07-03 17:20:00+00:00,18392.478,18396.0,18392.478,18393.4945
2024-07-03 17:25:00+00:00,18392.9835,18396.011,18390.4945,18392.5
2024-07-03 17:30:00+00:00,18391.989,18394.572,18391.433500000003,18394.011
2024-07-03 17:35:00+00:00,18394.4835,18395.5,18392.478,18392.9945
2024-07-03 17:40:00+00:00,18394.0055,18394.489,18392.9945,18393.989
2024-07-03 17:45:00+00:00,18393.5,18394.011,18393.5,18394.0055
2024-07-03 17:50:00+00:00,18394.489,18395.4945,18393.4445,18395.4945
2024-07-03 17:55:00+00:00,18394.428,18396.022,18394.428,18396.022
2024-07-03 18:00:00+00:00,18393.989,18394.95,18391.489,18394.939000000002
2024-07-03 18:05:00+00:00,18394.511,18394.511,18393.978,18393.978
2024-07-03 18:10:00+00:00,18394.95,18394.95,18392.05,18393.433500000003
2024-07-03 18:15:00+00:00,18394.011,18394.0165,18391.433500000003,18392.5
2024-07-03 18:20:00+00:00,18392.9835,18395.011,18392.9835,18393.572
2024-07-03 18:25:00+00:00,18394.0,18394.0,18393.511,18394.0
2024-07-03 18:30:00+00:00,18394.489,18396.016499999998,18394.489,18396.016499999998
2024-07-03 18:35:00+00:00,18396.478,18398.066499999997,18396.433500000003,18397.5555
2024-07-03 18:40:00+00:00,18397.0165,18398.5,18396.5055,18397.5
2024-07-03 18:45:00+00:00,18398.072,18398.4945,18397.511,18397.978
2024-07-03 18:50:00+00:00,18397.572,18398.0055,18396.9945,18397.4835
2024-07-03 18:55:00+00:00,18398.572,18399.489,18397.4945,18399.0
2024-07-03 19:00:00+00:00,18399.5,18400.0055,18398.511,18398.511
2024-07-03 19:05:00+00:00,18398.011,18399.4945,18397.933500000003,18397.933500000003
2024-07-03 19:10:00+00:00,18397.428,18399.4945,18397.428,18398.978
2024-07-03 19:15:00+00:00,18399.511,18399.511,18397.05,18398.5
2024-07-03 19:20:00+00:00,18398.928,18399.0,18396.989,18398.0055
2024-07-03 19:25:00+00:00,18397.45,18397.45,18394.572,18395.0055
2024-07-03 19:30:00+00:00,18394.0,18401.516499999998,18393.489,18398.5165
2024-07-03 19:35:00+00:00,18399.0,18400.439000000002,18396.5055,18398.522
2024-07-03 19:40:00+00:00,18399.5055,18402.489,18397.55,18399.5555
2024-07-03 19:45:00+00:00,18400.511,18404.433500000003,18397.439000000002,18403.5055
2024-07-03 19:50:00+00:00,18403.05,18403.5165,18400.5,18400.9445
2024-07-03 19:55:00+00:00,18401.5,18404.5,18399.933500000003,18403.511
2024-07-04 00:15:00+00:00,18413.983500000002,18415.9945,18397.0,18398.511
2024-07-04 00:20:00+00:00,18398.439000000002,18404.489,18397.428,18402.45
2024-07-04 00:25:00+00:00,18403.0,18403.072,18395.5,18396.983500000002
2024-07-04 00:30:00+00:00,18397.45,18402.0055,18393.0055,18398.9945
2024-07-04 00:35:00+00:00,18398.5,18398.566499999997,18394.989,18394.989
2024-07-04 00:40:00+00:00,18396.0,18397.0055,18394.0,18394.0165
2024-07-04 00:45:00+00:00,18394.511,18396.433500000003,18393.4835,18393.4945
2024-07-04 00:50:00+00:00,18393.011,18394.5055,18393.011,18393.9445
2024-07-04 00:55:00+00:00,18393.5165,18394.066499999997,18393.0,18393.0
2024-07-04 01:00:00+00:00,18393.978,18398.433500000003,18393.978,18395.511
2024-07-04 01:05:00+00:00,18395.9835,18397.0055,18394.45,18394.522
2024-07-04 01:10:00+00:00,18393.022,18393.022,18391.9945,18393.0055
2024-07-04 01:15:00+00:00,18393.483500000002,18396.4945,18390.9945,18390.9945
2024-07-04 01:20:00+00:00,18390.4945,18390.978,18389.0,18390.572
2024-07-04 01:25:00+00:00,18389.989,18391.072,18389.433500000003,18391.0555
2024-07-04 01:30:00+00:00,18392.0,18396.9945,18392.0,18395.0
2024-07-04 01:35:00+00:00,18395.5,18399.011,18394.4945,18398.428
2024-07-04 01:40:00+00:00,18397.4945,18402.516499999998,18395.9945,18401.560999999998
2024-07-04 01:45:00+00:00,18401.9945,18404.05,18400.55,18404.05
2024-07-04 01:50:00+00:00,18403.4945,18403.9835,18398.5,18398.5
2024-07-04 01:55:00+00:00,18396.433500000003,18396.433500000003,18394.978,18394.978
2024-07-04 02:00:00+00:00,18395.45,18395.989,18392.95,18393.0165
2024-07-04 02:05:00+00:00,18392.011,18396.5055,18390.0165,18393.5
2024-07-04 02:10:00+00:00,18392.989,18395.511,18392.989,18394.516499999998
2024-07-04 02:15:00+00:00,18395.060999999998,18396.060999999998,18393.9945,18395.4945
2024-07-04 02:20:00+00:00,18395.939000000002,18397.011,18395.439000000002,18396.0
2024-07-04 02:25:00+00:00,18396.511,18396.511,18392.9945,18396.011
2024-07-04 02:30:00+00:00,18396.4945,18401.011,18393.9445,18400.933500000003
2024-07-04 02:35:00+00:00,18400.560999999998,18401.989,18399.0,18399.0
2024-07-04 02:40:00+00:00,18399.45,18400.022,18398.4945,18400.022
2024-07-04 02:45:00+00:00,18402.5055,18402.5555,18399.9945,18399.9945
2024-07-04 02:50:00+00:00,18399.5,18399.5,18395.489,18395.978
2024-07-04 02:55:00+00:00,18396.439000000002,18396.439000000002,18396.439000000002,18396.439000000002
2024-07-04 03:00:00+00:00,18396.011,18398.05,18396.0,18397.4945
2024-07-04 03:05:00+00:00,18398.0,18398.0,18393.9945,18393.9945
2024-07-04 03:10:00+00:00,18394.489,18394.489,18392.45,18392.45
2024-07-04 03:15:00+00:00,18393.05,18395.4835,18393.05,18394.9945
2024-07-04 03:20:00+00:00,18395.45,18398.0165,18395.45,18396.5
2024-07-04 03:25:00+00:00,18395.022,18397.5,18394.939000000002,18397.5
2024-07-04 03:30:00+00:00,18396.9835,18399.5555,18395.989,18398.511
2024-07-04 03:35:00+00:00,18399.0055,18402.5555,18398.5,18401.022
2024-07-04 03:40:00+00:00,18400.5055,18400.5055,18395.4945,18396.022
2024-07-04 03:45:00+00:00,18395.439000000002,18396.022,18392.45,18395.489
2024-07-04 03:50:00+00:00,18394.9945,18396.0555,18394.0,18396.0555
2024-07-04 03:55:00+00:00,18395.5,18397.489,18395.5,18397.489
2024-07-04 04:00:00+00:00,18396.9945,18402.433500000003,18396.5055,18397.9445
2024-07-04 04:05:00+00:00,18397.566499999997,18400.0165,18397.5,18398.933500000003
2024-07-04 04:10:00+00:00,18400.072,18403.011,18400.0,18402.989
2024-07-04 04:15:00+00:00,18403.9945,18403.9945,18399.0555,18401.4945
2024-07-04 04:25:00+00:00,18399.9945,18400.928,18399.9945,18400.0
2024-07-04 04:30:00+00:00,18400.4945,18400.4945,18396.0,18396.0
2024-07-04 04:35:00+00:00,18397.4835,18398.0055,18394.933500000003,18394.933500000003
2024-07-04 04:40:00+00:00,18394.4835,18395.516499999998,18392.5,18394.989
2024-07-04 04:45:00+00:00,18395.4835,18395.560999999998,18394.939000000002,18395.0055
2024-07-04 04:50:00+00:00,18395.511,18396.572,18394.978,18394.978
2024-07-04 04:55:00+00:00,18394.5055,18403.9945,18394.5055,18401.0
2024-07-04 05:00:00+00:00,18400.489,18402.478,18395.0,18396.022
2024-07-04 05:05:00+00:00,18397.066499999997,18397.522,18392.9945,18393.9445
2024-07-04 05:10:00+00:00,18394.5,18396.45,18392.483500000002,18393.4445
2024-07-04 05:15:00+00:00,18392.983500000002,18395.5,18390.511,18390.989
2024-07-04 05:20:00+00:00,18390.0055,18390.5555,18389.45,18390.011
2024-07-04 05:25:00+00:00,18389.428,18400.9945,18384.5,18400.9945
2024-07-04 05:30:00+00:00,18400.0,18400.0,18393.939000000002,18393.939000000002
2024-07-04 05:35:00+00:00,18393.4945,18413.011,18389.5055,18407.072
2024-07-04 05:40:00+00:00,18406.511,18406.511,18401.933500000003,18404.0
2024-07-04 05:45:00+00:00,18404.5,18410.572,18400.983500000002,18407.072
2024-07-04 05:50:00+00:00,18406.511,18409.0,18398.0,18402.066499999997
2024-07-04 05:55:00+00:00,18400.989,18411.022,18400.483500000002,18410.0
2024-07-04 06:00:00+00:00,18409.5,18419.011,18397.928,18415.066499999997
2024-07-04 06:05:00+00:00,18416.0055,18423.5,18413.45,18418.0055
2024-07-04 06:10:00+00:00,18416.989,18422.511,18416.5,18421.478
2024-07-04 06:15:00+00:00,18421.066499999997,18431.5055,18420.0,18420.0
2024-07-04 06:20:00+00:00,18422.05,18422.05,18411.0555,18414.983500000002
2024-07-04 06:25:00+00:00,18414.516499999998,18416.489,18406.939000000002,18407.4945
2024-07-04 06:30:00+00:00,18408.0065,18412.066499999997,18407.4835,18409.511
2024-07-04 06:35:00+00:00,18411.5055,18426.4945,18411.5055,18422.433500000003
2024-07-04 06:40:00+00:00,18422.6955,18423.5055,18417.016499999998,18422.572
2024-07-04 06:45:00+00:00,18422.928,18426.433500000003,18419.428,18421.4945
2024-07-04 06:50:00+00:00,18422.516499999998,18424.55,18421.0555,18423.566499999997
2024-07-04 06:55:00+00:00,18423.989,18436.439000000002,18422.4945,18433.4945
2024-07-04 07:00:00+00:00,18433.433500000003,18435.511,18419.4945,18427.4945
2024-07-04 07:05:00+00:00,18427.0055,18427.0055,18412.978,18414.4945
2024-07-04 07:10:00+00:00,18415.5,18430.511,18410.989,18420.4945
2024-07-04 07:15:00+00:00,18420.0,18433.5055,18420.0,18425.5
2024-07-04 07:20:00+00:00,18426.5055,18466.4445,18426.5055,18459.0
2024-07-04 07:25:00+00:00,18459.5,18459.5,18438.5,18440.5
2024-07-04 07:30:00+00:00,18440.522,18444.566499999997,18423.0,18437.3165
2024-07-04 07:35:00+00:00,18434.7835,18436.810999999998,18416.789,18418.8
2024-07-04 07:40:00+00:00,18417.7835,18420.866499999996,18412.2835,18412.7835
2024-07-04 07:45:00+00:00,18413.860999999997,18430.310999999998,18410.2945,18429.7945
2024-07-04 07:50:00+00:00,18430.783499999998,18444.310999999998,18429.7835,18441.872
2024-07-04 07:55:00+00:00,18440.733500000002,18452.822,18434.8,18448.3
2024-07-04 08:00:00+00:00,18448.85,18454.4165,18439.328,18449.4165
2024-07-04 08:05:00+00:00,18448.601000000002,18452.4555,18446.4,18449.411
2024-07-04 08:10:00+00:00,18450.389000000003,18450.894500000002,18437.828,18449.0335
2024-07-04 08:15:00+00:00,18448.5835,18452.0945,18438.5835,18451.5335
2024-07-04 08:20:00+00:00,18450.1165,18456.089,18447.5945,18453.5945
2024-07-04 08:25:00+00:00,18454.0945,18455.65,18448.610999999997,18453.589
2024-07-04 08:30:00+00:00,18454.6,18460.622,18446.6,18457.589
2024-07-04 08:35:00+00:00,18458.105499999998,18464.0945,18448.6555,18448.6555
2024-07-04 08:40:00+00:00,18449.0945,18451.65,18443.172,18449.605499999998
2024-07-04 08:45:00+00:00,18450.605499999998,18454.5945,18442.105499999998,18443.605499999998
2024-07-04 08:50:00+00:00,18444.5445,18447.578,18432.589,18434.605499999998
2024-07-04 08:55:00+00:00,18434.089,18443.089,18431.6,18435.610999999997
2024-07-04 09:00:00+00:00,18435.6,18446.5945,18431.5335,18432.5835
2024-07-04 09:05:00+00:00,18432.089,18434.6165,18423.05,18431.5945
2024-07-04 09:10:00+00:00,18431.089,18438.105499999998,18427.6,18434.589
2024-07-04 09:15:00+00:00,18433.605499999998,18434.610999999997,18425.5445,18430.672
2024-07-04 09:20:00+00:00,18431.578,18438.610999999997,18430.528,18430.6165
2024-07-04 09:25:00+00:00,18430.0835,18433.6,18425.161,18431.610999999997
2024-07-04 09:30:00+00:00,18431.6,18443.528,18431.589,18442.539
2024-07-04 09:35:00+00:00,18442.1165,18442.1165,18428.116499999996,18435.5945
2024-07-04 09:40:00+00:00,18436.0835,18449.55,18435.5335,18444.1
2024-07-04 09:45:00+00:00,18443.6,18453.5945,18439.578,18448.6165
2024-07-04 09:50:00+00:00,18449.028,18451.6,18428.5445,18429.661
2024-07-04 09:55:00+00:00,18429.1,18436.5945,18423.589,18432.610999999997
2024-07-04 10:00:00+00:00,18434.172,18436.5445,18426.110999999997,18427.6665
2024-07-04 10:05:00+00:00,18426.622,18432.161,18424.0945,18427.5835
2024-07-04 10:10:00+00:00,18426.610999999997,18432.6,18423.578,18430.6
2024-07-04 10:15:00+00:00,18430.172,18436.605499999998,18430.172,18433.6
2024-07-04 10:20:00+00:00,18433.105499999998,18438.105499999998,18431.589,18437.672
2024-07-04 10:25:00+00:00,18436.605499999998,18437.0945,18424.589,18428.1
2024-07-04 10:30:00+00:00,18428.595500000003,18435.0945,18424.5835,18425.605499999998
2024-07-04 10:35:00+00:00,18425.1165,18432.6,18425.1165,18431.110999999997
2024-07-04 10:40:00+00:00,18430.5835,18433.672,18427.0835,18427.65
2024-07-04 10:45:00+00:00,18428.105499999998,18438.672,18428.105499999998,18436.578
2024-07-04 10:50:00+00:00,18435.6,18444.661,18433.6,18442.5835
2024-07-04 10:55:00+00:00,18441.6,18443.0445,18432.1555,18436.5945
2024-07-04 11:00:00+00:00,18436.6,18436.6,18428.122,18431.5945
2024-07-04 11:05:00+00:00,18431.105499999998,18439.610999999997,18426.105499999998,18435.610999999997
2024-07-04 11:10:00+00:00,18435.110999999997,18443.610999999997,18433.6,18443.589
2024-07-04 11:15:00+00:00,18444.105499999998,18445.6,18436.589,18437.0945
2024-07-04 11:20:00+00:00,18436.1165,18442.605499999998,18435.539,18439.5835
2024-07-04 11:25:00+00:00,18440.116499999996,18440.605499999998,18432.5945,18435.589
2024-07-04 11:30:00+00:00,18436.110999999997,18447.610999999997,18436.110999999997,18443.6
2024-07-04 11:35:00+00:00,18441.610999999997,18444.0945,18435.578,18438.5945
2024-07-04 11:40:00+00:00,18437.6,18438.622,18430.089,18433.6
2024-07-04 11:45:00+00:00,18433.039,18441.0835,18429.5945,18431.589
2024-07-04 11:50:00+00:00,18432.105499999998,18438.6,18429.5335,18429.55
2024-07-04 11:55:00+00:00,18430.0445,18433.6,18427.0835,18427.610999999997
2024-07-04 12:00:00+00:00,18428.039,18431.610999999997,18425.528,18429.5945
2024-07-04 12:05:00+00:00,18429.122,18432.161,18423.5945,18430.6
2024-07-04 12:10:00+00:00,18431.105499999998,18431.105499999998,18421.5445,18424.55
2024-07-04 12:15:00+00:00,18425.110999999997,18425.672,18420.528,18422.6
2024-07-04 12:20:00+00:00,18422.105499999998,18425.090000000004,18418.1,18425.089
2024-07-04 12:25:00+00:00,18424.5335,18432.089,18424.089,18431.5445
2024-07-04 12:30:00+00:00,18432.09,18437.610999999997,18429.5945,18434.605499999998
2024-07-04 12:35:00+00:00,18435.0945,18446.1,18431.539,18443.028
2024-07-04 12:40:00+00:00,18443.610999999997,18448.1,18438.5945,18439.622
2024-07-04 12:45:00+00:00,18440.578,18447.0945,18435.1,18445.6
2024-07-04 12:50:00+00:00,18445.0945,18453.0945,18445.0945,18451.5335
2024-07-04 12:55:00+00:00,18452.05,18457.605499999998,18449.528,18457.6
2024-07-04 13:00:00+00:00,18458.1,18461.1,18444.0945,18445.589
2024-07-04 13:05:00+00:00,18446.6,18455.6165,18443.0945,18455.089
2024-07-04 13:10:00+00:00,18454.6,18461.528,18452.5945,18459.089
2024-07-04 13:15:00+00:00,18459.6555,18461.6,18455.0335,18456.0945
2024-07-04 13:20:00+00:00,18455.0445,18456.65,18451.1,18453.0945
2024-07-04 13:25:00+00:00,18453.589,18458.1,18453.589,18455.6
2024-07-04 13:30:00+00:00,18457.1,18457.1,18443.528,18444.105499999998
2024-07-04 13:35:00+00:00,18444.622,18454.6665,18444.610999999997,18454.5445
2024-07-04 13:40:00+00:00,18453.616499999996,18453.616499999996,18444.622,18449.605499999998
2024-07-04 13:45:00+00:00,18448.605499999998,18452.610999999997,18440.5835,18440.5835
2024-07-04 13:50:00+00:00,18441.0835,18443.0945,18434.05,18435.605499999998
2024-07-04 13:55:00+00:00,18436.1,18439.5945,18434.1,18435.6
2024-07-04 14:00:00+00:00,18436.5835,18443.161,18432.105499999998,18433.089
2024-07-04 14:05:00+00:00,18432.616499999996,18437.622,18426.1,18426.6665
2024-07-04 14:10:00+00:00,18427.105499999998,18432.089,18423.5945,18429.028
2024-07-04 14:15:00+00:00,18428.6,18430.622,18420.201,18420.5945
2024-07-04 14:20:00+00:00,18419.610999999997,18425.0945,18418.5445,18423.5835
2024-07-04 14:25:00+00:00,18423.110999999997,18430.122,18418.578,18419.5835
2024-07-04 14:30:00+00:00,18420.105499999998,18428.616499999996,18417.589,18427.5445
2024-07-04 14:35:00+00:00,18425.701,18428.6,18422.5945,18425.6
2024-07-04 14:40:00+00:00,18424.6665,18431.1,18423.5835,18430.605499999998
2024-07-04 14:45:00+00:00,18429.845,18436.661,18428.605499999998,18436.661
2024-07-04 14:50:00+00:00,18437.078,18446.1,18436.610999999997,18445.605499999998
2024-07-04 14:55:00+00:00,18444.6,18447.1665,18441.605499999998,18441.605499999998
2024-07-04 15:00:00+00:00,18442.578,18454.528,18442.578,18454.528
2024-07-04 15:05:00+00:00,18454.0445,18460.089,18450.610999999997,18458.0945
2024-07-04 15:10:00+00:00,18458.605499999998,18464.0945,18456.05,18462.661
2024-07-04 15:15:00+00:00,18461.528,18464.578,18454.5445,18461.0445
2024-07-04 15:20:00+00:00,18460.539,18461.1,18453.089,18456.589
2024-07-04 15:25:00+00:00,18457.089,18457.172,18452.605499999998,18453.110999999997
2024-07-04 15:30:00+00:00,18452.078,18453.089,18438.1,18446.0945
2024-07-04 15:35:00+00:00,18446.610999999997,18457.1,18445.589,18457.0835
2024-07-04 15:40:00+00:00,18456.589,18456.6,18451.5335,18454.6
2024-07-04 15:45:00+00:00,18455.1,18458.1555,18453.5945,18456.0945
2024-07-04 15:50:00+00:00,18455.5835,18456.172,18452.1,18452.1
2024-07-04 15:55:00+00:00,18452.55,18456.1665,18451.1,18454.1555
2024-07-04 16:00:00+00:00,18453.539,18454.6,18447.528,18447.6
2024-07-04 16:05:00+00:00,18447.0445,18449.605499999998,18444.5945,18445.110999999997
2024-07-04 16:10:00+00:00,18445.589,18447.6,18444.622,18446.578
2024-07-04 16:15:00+00:00,18446.851000000002,18455.078,18446.851000000002,18453.5945
2024-07-04 16:20:00+00:00,18454.1,18454.5835,18448.5945,18450.622
2024-07-04 16:25:00+00:00,18451.172,18451.172,18447.539,18449.122
2024-07-04 16:30:00+00:00,18448.610999999997,18450.0335,18447.5945,18449.578
2024-07-04 16:35:00+00:00,18449.0835,18450.1,18445.5945,18450.1
2024-07-04 16:40:00+00:00,18450.6,18452.0945,18449.105499999998,18449.539
2024-07-04 16:45:00+00:00,18448.6,18448.6,18444.5835,18446.6
2024-07-04 16:50:00+00:00,18447.15,18447.622,18441.610999999997,18444.0945
2024-07-04 16:55:00+00:00,18443.605499999998,18445.1,18441.0335,18444.5945
2024-07-04 17:00:00+00:00,18445.0945,18446.661,18443.6,18446.661
2024-07-04 17:05:00+00:00,18447.5945,18450.105499999998,18444.5945,18447.105499999998
2024-07-04 17:10:00+00:00,18447.4175,18447.622,18444.539,18445.55
2024-07-04 17:15:00+00:00,18446.1665,18446.1665,18445.5335,18445.5335
2024-07-04 17:20:00+00:00,18445.1,18445.55,18443.089,18443.089
2024-07-04 17:25:00+00:00,18443.5835,18443.5835,18441.1,18442.5335
2024-07-04 17:30:00+00:00,18443.5945,18445.589,18443.5945,18445.589
2024-07-04 17:35:00+00:00,18444.661,18444.661,18442.6165,18443.1
2024-07-04 17:40:00+00:00,18441.55,18442.5835,18441.55,18442.5835
2024-07-04 17:45:00+00:00,18442.105499999998,18442.661,18440.661,18441.5835
2024-07-04 17:50:00+00:00,18441.1665,18442.0945,18440.55,18442.0945
2024-07-04 17:55:00+00:00,18443.605499999998,18444.1165,18442.5835,18443.0445
2024-07-04 18:00:00+00:00,18444.110999999997,18447.110999999997,18444.110999999997,18446.605499999998
2024-07-04 18:05:00+00:00,18447.6,18448.110999999997,18446.6,18447.578
2024-07-04 18:10:00+00:00,18447.105499999998,18447.105499999998,18444.610999999997,18444.610999999997
2024-07-04 18:15:00+00:00,18444.0945,18444.0945,18442.1555,18442.6
2024-07-04 18:20:00+00:00,18442.028,18442.028,18441.110999999997,18441.610999999997
2024-07-04 18:30:00+00:00,18441.105499999998,18443.1,18440.605499999998,18442.672
2024-07-04 18:35:00+00:00,18443.1,18445.1165,18443.1,18444.5445
2024-07-04 18:40:00+00:00,18444.089,18445.039,18444.089,18444.6
2024-07-04 18:45:00+00:00,18445.1,18445.672,18444.122,18444.6
2024-07-04 18:55:00+00:00,18444.116499999996,18444.116499999996,18442.539,18443.0945
2024-07-04 19:00:00+00:00,18443.5945,18444.0335,18442.528,18442.528
2024-07-04 19:05:00+00:00,18442.105499999998,18442.578,18442.105499999998,18442.161
2024-07-04 19:10:00+00:00,18443.028,18443.028,18443.028,18443.028
2024-07-04 19:15:00+00:00,18442.5335,18443.5445,18442.5335,18443.5445
2024-07-04 19:20:00+00:00,18444.105499999998,18444.105499999998,18442.5835,18442.6
2024-07-04 19:25:00+00:00,18442.15,18443.5335,18442.15,18443.1
2024-07-04 19:30:00+00:00,18442.616499999996,18445.1,18442.616499999996,18443.610999999997
2024-07-04 19:35:00+00:00,18443.122,18453.589,18443.122,18448.5335
2024-07-04 19:40:00+00:00,18449.0335,18453.161,18448.5835,18451.672
2024-07-04 19:45:00+00:00,18451.1,18453.589,18449.1,18452.116499999996
2024-07-04 19:50:00+00:00,18451.5335,18458.039,18448.078,18451.0945
2024-07-04 19:55:00+00:00,18451.5945,18458.6555,18451.1,18456.039
2024-07-04 20:00:00+00:00,18455.5335,18455.605499999998,18455.5335,18455.605499999998
2024-07-04 22:05:00+00:00,18456.1,18456.1,18450.2945,18451.110999999997
2024-07-04 22:10:00+00:00,18451.9,18452.822,18450.2945,18451.839
2024-07-04 22:15:00+00:00,18452.8055,18453.6,18450.2945,18451.911
2024-07-04 22:20:00+00:00,18451.0945,18452.7835,18450.2445,18450.360999999997
2024-07-04 22:25:00+00:00,18451.1,18451.116499999996,18449.4055,18450.310999999998
2024-07-04 22:30:00+00:00,18451.05,18452.8165,18451.05,18451.911
2024-07-04 22:35:00+00:00,18452.85,18452.85,18450.25,18451.1665
2024-07-04 22:40:00+00:00,18451.5,18451.8335,18450.3055,18450.3055
2024-07-04 22:45:00+00:00,18450.7,18451.9,18450.3,18451.5055
2024-07-04 22:50:00+00:00,18451.889000000003,18451.889000000003,18451.122,18451.172
2024-07-04 22:55:00+00:00,18450.711,18451.078,18449.4,18450.3
2024-07-04 23:00:00+00:00,18451.1,18451.9165,18451.1,18451.9165
2024-07-04 23:05:00+00:00,18452.8,18453.578,18452.8,18452.8
2024-07-04 23:10:00+00:00,18451.85,18452.8165,18451.85,18451.9055
2024-07-04 23:15:00+00:00,18452.2945,18454.411,18451.85,18454.411
2024-07-04 23:20:00+00:00,18455.228,18456.161,18453.5335,18454.011
2024-07-04 23:25:00+00:00,18454.3335,18456.9,18453.610999999997,18456.1
2024-07-04 23:30:00+00:00,18455.7,18457.822,18454.8165,18456.9
2024-07-04 23:35:00+00:00,18457.860999999997,18457.860999999997,18454.3445,18455.2835
2024-07-04 23:40:00+00:00,18454.4055,18454.4055,18453.589,18454.4055
2024-07-04 23:45:00+00:00,18453.578,18455.366499999996,18453.578,18454.389000000003
2024-07-04 23:50:00+00:00,18453.989,18455.316499999997,18452.4,18452.4
2024-07-04 23:55:00+00:00,18452.011,18452.011,18449.9665,18449.9665
2024-07-05 00:00:00+00:00,18450.7455,18455.822,18450.7455,18454.122
2024-07-05 00:05:00+00:00,18453.3,18455.810999999998,18453.228,18455.810999999998
2024-07-05 00:10:00+00:00,18455.3,18455.3055,18454.089,18454.911
2024-07-05 00:15:00+00:00,18461.161,18461.610999999997,18444.605499999998,18447.0945
2024-07-05 00:20:00+00:00,18447.089,18452.089,18444.089,18451.1
2024-07-05 00:25:00+00:00,18450.078,18452.605499999998,18446.0945,18451.110999999997
2024-07-05 00:30:00+00:00,18451.279,18453.672,18445.5945,18445.5945
2024-07-05 00:35:00+00:00,18446.161,18451.622,18446.161,18450.089
2024-07-05 00:40:00+00:00,18451.172,18456.089,18451.172,18456.089
2024-07-05 00:45:00+00:00,18458.110999999997,18459.610999999997,18453.110999999997,18454.528
2024-07-05 00:50:00+00:00,18454.116499999996,18455.1665,18453.1,18454.605499999998
2024-07-05 00:55:00+00:00,18453.672,18453.672,18444.6,18448.5835
2024-07-05 01:00:00+00:00,18448.0835,18449.605499999998,18445.15,18446.6
2024-07-05 01:05:00+00:00,18447.6555,18449.589,18444.6,18448.605499999998
2024-07-05 01:10:00+00:00,18448.105499999998,18452.5945,18446.610999999997,18450.605499999998
2024-07-05 01:15:00+00:00,18449.589,18453.610999999997,18448.1,18452.6
2024-07-05 01:20:00+00:00,18452.0945,18452.6165,18449.605499999998,18449.605499999998
2024-07-05 01:25:00+00:00,18450.028,18450.028,18450.028,18450.028
2024-07-05 01:30:00+00:00,18450.589,18454.1665,18448.622,18449.605499999998
2024-07-05 01:35:00+00:00,18450.173,18453.578,18448.105499999998,18450.6555
2024-07-05 01:40:00+00:00,18451.110999999997,18452.105499999998,18448.6,18449.55
2024-07-05 01:45:00+00:00,18450.6165,18454.6,18450.089,18453.605499999998
2024-07-05 01:50:00+00:00,18453.8565,18454.15,18451.1,18453.6
2024-07-05 01:55:00+00:00,18453.105499999998,18453.105499999998,18451.1,18452.5835
2024-07-05 02:00:00+00:00,18452.172,18452.605499999998,18443.528,18443.528
2024-07-05 02:05:00+00:00,18443.1,18449.15,18442.616499999996,18446.610999999997
2024-07-05 02:10:00+00:00,18446.078,18447.605499999998,18444.589,18446.15
2024-07-05 02:15:00+00:00,18446.589,18447.605499999998,18443.172,18443.172
2024-07-05 02:20:00+00:00,18443.55,18444.110999999997,18441.578,18444.110999999997
2024-07-05 02:25:00+00:00,18443.672,18446.172,18443.05,18443.105499999998
2024-07-05 02:30:00+00:00,18442.0335,18444.5945,18442.0335,18443.6
2024-07-05 02:35:00+00:00,18443.110999999997,18443.6,18441.089,18441.5835
2024-07-05 02:40:00+00:00,18442.605499999998,18445.0945,18441.6,18444.1
2024-07-05 02:45:00+00:00,18443.616499999996,18443.616499999996,18441.089,18442.6
2024-07-05 02:50:00+00:00,18441.5945,18442.539,18441.55,18442.528
2024-07-05 02:55:00+00:00,18443.15,18445.5835,18442.5945,18444.122
2024-07-05 03:00:00+00:00,18444.6,18451.610999999997,18444.589,18450.661
2024-07-05 03:05:00+00:00,18449.616499999996,18453.6165,18449.616499999996,18452.1
2024-07-05 03:10:00+00:00,18452.6,18452.6,18444.55,18449.0835
2024-07-05 03:15:00+00:00,18449.539,18450.605499999998,18446.5835,18449.610999999997
2024-07-05 03:20:00+00:00,18449.105499999998,18451.605499999998,18449.039,18450.672
2024-07-05 03:25:00+00:00,18449.5835,18451.105499999998,18447.0835,18447.6
2024-07-05 03:30:00+00:00,18447.0945,18448.661,18445.528,18445.528
2024-07-05 03:35:00+00:00,18445.1665,18449.1,18445.028,18446.539
2024-07-05 03:40:00+00:00,18447.122,18449.6,18444.5835,18447.6
2024-07-05 03:45:00+00:00,18448.605499999998,18450.6165,18446.610999999997,18448.5835
2024-07-05 03:50:00+00:00,18449.1,18449.1,18443.610999999997,18445.672
2024-07-05 03:55:00+00:00,18446.028,18449.105499999998,18446.028,18446.5945
2024-07-05 04:00:00+00:00,18447.105499999998,18447.105499999998,18441.55,18441.55
2024-07-05 04:05:00+00:00,18442.528,18442.5945,18441.1,18441.15
2024-07-05 04:10:00+00:00,18441.610999999997,18442.672,18437.5335,18439.610999999997
2024-07-05 04:15:00+00:00,18440.578,18444.105499999998,18439.6165,18444.1
2024-07-05 04:20:00+00:00,18443.6,18448.1,18442.6165,18445.605499999998
2024-07-05 04:25:00+00:00,18446.6,18446.6555,18444.6,18445.1
2024-07-05 04:30:00+00:00,18445.5835,18447.6555,18443.105499999998,18443.105499999998
2024-07-05 04:35:00+00:00,18444.110999999997,18445.110999999997,18443.078,18443.55
2024-07-05 04:40:00+00:00,18444.105499999998,18448.105499999998,18443.605499999998,18446.605499999998
2024-07-05 04:45:00+00:00,18447.105499999998,18447.105499999998,18443.605499999998,18445.1665
2024-07-05 04:50:00+00:00,18445.610999999997,18448.1555,18445.5945,18445.622
2024-07-05 04:55:00+00:00,18446.105499999998,18449.5335,18443.605499999998,18444.6
2024-07-05 05:00:00+00:00,18445.105499999998,18452.122,18443.672,18450.15
2024-07-05 05:05:00+00:00,18449.610999999997,18453.089,18447.078,18452.172
2024-07-05 05:10:00+00:00,18452.6165,18454.116499999996,18451.6,18452.5945
2024-07-05 05:15:00+00:00,18452.116499999996,18458.0945,18452.116499999996,18457.0945
2024-07-05 05:20:00+00:00,18456.0945,18461.110999999997,18456.0945,18460.116499999996
2024-07-05 05:25:00+00:00,18460.5835,18463.65,18460.5835,18463.105499999998
2024-07-05 05:30:00+00:00,18463.3565,18465.1665,18462.622,18463.078
2024-07-05 05:35:00+00:00,18462.578,18464.110999999997,18460.1,18463.089
2024-07-05 05:40:00+00:00,18462.105499999998,18470.110999999997,18462.105499999998,18470.1
2024-07-05 05:45:00+00:00,18470.605499999998,18472.0835,18469.5945,18472.0835
2024-07-05 05:50:00+00:00,18471.65,18489.15,18471.65,18487.1
2024-07-05 05:55:00+00:00,18486.528,18493.0835,18479.089,18479.5445
2024-07-05 06:00:00+00:00,18479.84,18487.5835,18459.110999999997,18459.110999999997
2024-07-05 06:05:00+00:00,18463.089,18470.1165,18458.661,18468.110999999997
2024-07-05 06:10:00+00:00,18467.672,18474.078,18467.672,18473.110999999997
2024-07-05 06:15:00+00:00,18471.605499999998,18472.616499999996,18463.610999999997,18465.5445
2024-07-05 06:20:00+00:00,18466.116499999996,18467.028,18464.65,18465.5335
2024-07-05 06:25:00+00:00,18465.05,18476.1,18464.5835,18467.5945
2024-07-05 06:30:00+00:00,18468.0445,18484.122,18468.0445,18484.089
2024-07-05 06:35:00+00:00,18483.610999999997,18489.110999999997,18482.1,18484.089
2024-07-05 06:40:00+00:00,18483.5945,18493.605499999998,18481.5445,18493.0945
2024-07-05 06:45:00+00:00,18493.5945,18500.1555,18492.089,18496.105499999998
2024-07-05 06:50:00+00:00,18494.923000000003,18513.528,18493.1,18511.161
2024-07-05 06:55:00+00:00,18511.6,18511.6,18499.672,18503.0945
2024-07-05 07:00:00+00:00,18503.5835,18527.6665,18500.089,18516.105499999998
2024-07-05 07:05:00+00:00,18515.105499999998,18531.089,18508.0835,18524.105499999998
2024-07-05 07:10:00+00:00,18523.605499999998,18556.15,18521.1,18550.105499999998
2024-07-05 07:15:00+00:00,18551.122,18574.1665,18545.589,18572.0835
2024-07-05 07:20:00+00:00,18572.323,18574.105499999998,18524.1,18527.0945
2024-07-05 07:25:00+00:00,18528.110999999997,18554.116499999996,18528.110999999997,18554.116499999996
2024-07-05 07:30:00+00:00,18554.595500000003,18583.0445,18553.039,18573.105499999998
2024-07-05 07:35:00+00:00,18573.6555,18588.610999999997,18565.05,18583.028
2024-07-05 07:40:00+00:00,18582.105499999998,18589.110999999997,18574.105499999998,18587.0945
2024-07-05 07:45:00+00:00,18588.0335,18603.110999999997,18587.0835,18602.122
2024-07-05 07:50:00+00:00,18603.116499999996,18615.116499999996,18592.1,18612.0945
2024-07-05 07:55:00+00:00,18612.605499999998,18617.0945,18599.116499999996,18605.0445
2024-07-05 08:00:00+00:00,18604.5945,18608.105499999998,18591.110999999997,18595.1
2024-07-05 08:05:00+00:00,18597.0945,18610.1,18590.1665,18607.1165
2024-07-05 08:10:00+00:00,18606.589,18614.605499999998,18594.089,18607.110999999997
2024-07-05 08:15:00+00:00,18608.1,18618.6665,18600.589,18615.161
2024-07-05 08:20:00+00:00,18614.345,18618.6665,18605.0835,18616.6
2024-07-05 08:25:00+00:00,18616.110999999997,18624.5835,18601.0945,18621.1
2024-07-05 08:30:00+00:00,18621.0835,18626.6,18611.610999999997,18613.078
2024-07-05 08:35:00+00:00,18612.5445,18614.1665,18599.622,18604.6
2024-07-05 08:40:00+00:00,18604.8675,18612.110999999997,18602.089,18610.172
2024-07-05 08:45:00+00:00,18608.1,18618.0945,18603.605499999998,18609.039
2024-07-05 08:50:00+00:00,18610.0945,18616.1,18602.110999999997,18605.1
2024-07-05 08:55:00+00:00,18604.610999999997,18612.5945,18600.105499999998,18611.1
2024-07-05 09:00:00+00:00,18611.110999999997,18620.5335,18611.110999999997,18613.1
2024-07-05 09:05:00+00:00,18614.1,18629.110999999997,18612.110999999997,18626.05
2024-07-05 09:10:00+00:00,18625.1,18635.1,18624.15,18634.5835
2024-07-05 09:15:00+00:00,18635.0945,18635.616499999996,18622.122,18631.161
2024-07-05 09:20:00+00:00,18629.5945,18635.1,18627.5945,18628.1
2024-07-05 09:25:00+00:00,18628.6,18632.1,18621.1665,18628.0945
2024-07-05 09:30:00+00:00,18628.078,18629.161,18618.105499999998,18626.1
2024-07-05 09:35:00+00:00,18627.110999999997,18632.616499999996,18623.5445,18625.1
2024-07-05 09:40:00+00:00,18624.0335,18627.55,18617.1,18618.528
2024-07-05 09:45:00+00:00,18618.039,18618.039,18606.1,18615.089
2024-07-05 09:50:00+00:00,18616.0835,18623.5945,18603.105499999998,18622.605499999998
2024-07-05 09:55:00+00:00,18622.116499999996,18628.161,18616.110999999997,18623.089
2024-07-05 10:00:00+00:00,18622.6,18628.1,18616.6,18620.0445
2024-07-05 10:05:00+00:00,18618.5945,18627.1,18612.6,18623.105499999998
2024-07-05 10:10:00+00:00,18623.610999999997,18626.116499999996,18618.589,18623.15
2024-07-05 10:15:00+00:00,18621.610999999997,18624.15,18617.0335,18618.0945
2024-07-05 10:20:00+00:00,18619.110999999997,18621.089,18612.161,18612.161
2024-07-05 10:25:00+00:00,18612.605499999998,18615.1165,18606.0445,18608.172
2024-07-05 10:30:00+00:00,18607.5445,18616.0835,18602.578,18606.589
2024-07-05 10:35:00+00:00,18606.0945,18613.172,18606.0945,18611.122
2024-07-05 10:40:00+00:00,18611.6,18611.6,18597.089,18599.0945
2024-07-05 10:45:00+00:00,18599.623,18604.110999999997,18595.1,18600.1665
2024-07-05 10:50:00+00:00,18599.1,18605.6,18598.078,18601.1
2024-07-05 10:55:00+00:00,18602.105499999998,18605.116499999996,18590.105499999998,18592.110999999997
2024-07-05 11:00:00+00:00,18592.612,18604.172,18589.5335,18604.110999999997
2024-07-05 11:05:00+00:00,18605.122,18613.116499999996,18602.110999999997,18611.05
2024-07-05 11:10:00+00:00,18610.539,18610.539,18597.089,18600.089
2024-07-05 11:15:00+00:00,18600.5945,18607.6,18592.5335,18593.1165
2024-07-05 11:20:00+00:00,18594.1555,18594.1555,18584.039,18589.105499999998
2024-07-05 11:25:00+00:00,18588.323,18595.1,18583.089,18589.616499999996
2024-07-05 11:30:00+00:00,18590.0945,18597.894500000002,18588.394500000002,18591.4
2024-07-05 11:35:00+00:00,18590.472,18598.922,18589.922,18595.839
2024-07-05 11:40:00+00:00,18596.4555,18596.4555,18585.9665,18589.4055
2024-07-05 11:45:00+00:00,18588.9555,18598.8835,18587.4,18593.4055
2024-07-05 11:50:00+00:00,18594.4,18599.4665,18589.389000000003,18593.394500000002
2024-07-05 11:55:00+00:00,18592.378,18592.378,18585.35,18589.9
2024-07-05 12:00:00+00:00,18589.389000000003,18589.389000000003,18581.828,18585.4055
2024-07-05 12:05:00+00:00,18584.4665,18594.95,18584.3835,18593.461
2024-07-05 12:10:00+00:00,18593.9055,18593.9055,18585.339,18586.394500000002
2024-07-05 12:15:00+00:00,18588.411,18591.4055,18584.394500000002,18588.472
2024-07-05 12:20:00+00:00,18588.828,18593.411,18579.4055,18591.394500000002
2024-07-05 12:25:00+00:00,18591.9055,18611.389000000003,18590.411,18611.389000000003
2024-07-05 12:30:00+00:00,18612.339,18665.911,18584.839,18599.961
2024-07-05 12:35:00+00:00,18601.4,18629.9,18596.389000000003,18606.911
2024-07-05 12:40:00+00:00,18607.383500000004,18613.4055,18596.4055,18611.389000000003
2024-07-05 12:45:00+00:00,18611.911,18618.883500000004,18596.328,18598.894500000002
2024-07-05 12:50:00+00:00,18598.601000000002,18629.4165,18597.894500000002,18624.389000000003
2024-07-05 12:55:00+00:00,18624.839,18624.839,18596.394500000002,18596.889000000003
2024-07-05 13:00:00+00:00,18595.9555,18604.4555,18576.378,18585.461
2024-07-05 13:05:00+00:00,18584.922,18596.883500000004,18582.339,18592.4665
2024-07-05 13:10:00+00:00,18593.411,18606.45,18592.35,18595.411
2024-07-05 13:15:00+00:00,18594.612,18608.9165,18591.461,18600.4165
2024-07-05 13:20:00+00:00,18600.972,18607.394500000002,18596.394500000002,18607.394500000002
2024-07-05 13:25:00+00:00,18606.645,18607.389000000003,18583.3335,18583.411
2024-07-05 13:30:00+00:00,18584.4,18586.4555,18556.3335,18573.911
2024-07-05 13:35:00+00:00,18573.422,18576.411,18544.3445,18554.4055
2024-07-05 13:40:00+00:00,18554.894500000002,18558.383500000004,18544.394500000002,18547.411
2024-07-05 13:45:00+00:00,18547.901,18548.378,18498.4165,18503.889000000003
2024-07-05 13:50:00+00:00,18502.394500000002,18502.394500000002,18477.4,18490.394500000002
2024-07-05 13:55:00+00:00,18489.601000000002,18498.9665,18477.378,18480.4
2024-07-05 14:00:00+00:00,18480.894500000002,18486.3335,18450.472,18461.911
2024-07-05 14:05:00+00:00,18461.4,18468.883500000004,18434.35,18434.35
2024-07-05 14:10:00+00:00,18433.389000000003,18458.422,18419.894500000002,18452.889000000003
2024-07-05 14:15:00+00:00,18452.9,18462.8835,18436.35,18462.3445
2024-07-05 14:20:00+00:00,18461.339,18465.4,18432.4,18432.4
2024-07-05 14:25:00+00:00,18432.894500000002,18450.411,18427.4,18430.411
2024-07-05 14:30:00+00:00,18429.389000000003,18448.9555,18417.9055,18437.472
2024-07-05 14:35:00+00:00,18436.394500000002,18437.3445,18423.9055,18427.0
2024-07-05 14:40:00+00:00,18428.016499999998,18455.0055,18426.9945,18454.0055
2024-07-05 14:45:00+00:00,18453.0,18468.066499999997,18449.0055,18463.0055
2024-07-05 14:50:00+00:00,18462.234,18470.0,18457.989,18468.0
2024-07-05 14:55:00+00:00,18467.4835,18472.011,18459.511,18467.0165
2024-07-05 15:00:00+00:00,18468.933500000003,18485.5,18466.928,18477.4945
2024-07-05 15:05:00+00:00,18476.5055,18488.0,18473.9445,18478.978
2024-07-05 15:10:00+00:00,18477.9945,18483.072,18467.489,18471.05
2024-07-05 15:15:00+00:00,18471.939000000002,18479.0,18469.066499999997,18476.0
2024-07-05 15:20:00+00:00,18474.9835,18478.05,18460.989,18463.989
2024-07-05 15:25:00+00:00,18463.511,18465.011,18454.939000000002,18461.0
2024-07-05 15:30:00+00:00,18461.178999999996,18479.4835,18461.178999999996,18476.011
2024-07-05 15:35:00+00:00,18477.0165,18478.4945,18465.511,18471.011
2024-07-05 15:40:00+00:00,18470.489,18475.5,18469.011,18472.4835
2024-07-05 15:45:00+00:00,18472.989,18474.55,18466.572,18471.516499999998
2024-07-05 15:50:00+00:00,18470.9945,18473.4945,18465.5055,18465.989
2024-07-05 15:55:00+00:00,18466.5,18467.572,18462.45,18464.989
2024-07-05 16:00:00+00:00,18465.2565,18467.9945,18458.9945,18460.0
2024-07-05 16:05:00+00:00,18460.5055,18465.566499999997,18456.5055,18463.516499999998
2024-07-05 16:10:00+00:00,18464.072,18473.433500000003,18463.439000000002,18471.4945
2024-07-05 16:15:00+00:00,18471.0,18471.4835,18462.9835,18469.572
2024-07-05 16:20:00+00:00,18468.9945,18473.066499999997,18468.9945,18470.989
2024-07-05 16:25:00+00:00,18471.9945,18472.489,18465.4835,18466.428
2024-07-05 16:30:00+00:00,18466.060999999998,18466.433500000003,18454.5055,18454.989
2024-07-05 16:35:00+00:00,18454.439000000002,18458.0055,18451.9835,18457.928
2024-07-05 16:40:00+00:00,18457.5,18457.983500000002,18451.5165,18452.5
2024-07-05 16:45:00+00:00,18453.0,18457.072,18451.0055,18453.0
2024-07-05 16:50:00+00:00,18453.478,18459.5055,18452.989,18456.978
2024-07-05 16:55:00+00:00,18457.5,18459.5055,18452.022,18458.5
2024-07-05 17:00:00+00:00,18458.066499999997,18458.066499999997,18452.428,18453.9945
2024-07-05 17:05:00+00:00,18455.0,18457.983500000002,18452.016499999998,18456.0055
2024-07-05 17:10:00+00:00,18455.4835,18457.0055,18450.983500000002,18451.939000000002
2024-07-05 17:15:00+00:00,18452.4835,18457.511,18451.95,18454.011
2024-07-05 17:20:00+00:00,18455.066499999997,18461.9945,18455.066499999997,18460.022
2024-07-05 17:25:00+00:00,18461.011,18464.0555,18459.9945,18462.4945
2024-07-05 17:30:00+00:00,18462.928,18466.066499999997,18461.933500000003,18465.978
2024-07-05 17:35:00+00:00,18466.2565,18470.928,18465.4445,18470.928
2024-07-05 17:40:00+00:00,18471.4945,18475.5165,18468.0,18472.9445
2024-07-05 17:45:00+00:00,18473.489,18477.0055,18470.0055,18472.060999999998
2024-07-05 17:50:00+00:00,18470.989,18474.5055,18469.011,18472.428
2024-07-05 17:55:00+00:00,18473.511,18475.022,18467.5,18469.9945
2024-07-05 18:00:00+00:00,18470.489,18474.011,18464.428,18464.989
2024-07-05 18:05:00+00:00,18465.4835,18472.0055,18465.4835,18468.0
2024-07-05 18:10:00+00:00,18468.9945,18472.066499999997,18467.933500000003,18471.0
2024-07-05 18:15:00+00:00,18470.4945,18471.933500000003,18468.016499999998,18470.011
2024-07-05 18:20:00+00:00,18470.4945,18471.060999999998,18465.939000000002,18467.0
2024-07-05 18:25:00+00:00,18466.5165,18471.072,18466.5165,18468.0555
2024-07-05 18:30:00+00:00,18466.928,18473.0055,18466.439000000002,18473.0055
2024-07-05 18:35:00+00:00,18473.5,18474.55,18468.483500000002,18468.978
2024-07-05 18:40:00+00:00,18469.4945,18470.978,18466.5055,18470.05
2024-07-05 18:45:00+00:00,18470.566499999997,18475.522,18470.5,18475.0555
2024-07-05 18:50:00+00:00,18473.55,18478.572,18473.55,18475.9945
2024-07-05 18:55:00+00:00,18475.5,18479.0055,18475.0,18477.989
2024-07-05 19:00:00+00:00,18478.5065,18488.511,18478.060999999998,18487.5055
2024-07-05 19:05:00+00:00,18486.9835,18488.5055,18484.0,18487.9445
2024-07-05 19:10:00+00:00,18488.928,18489.0,18482.989,18486.0
2024-07-05 19:15:00+00:00,18485.439000000002,18486.572,18483.4945,18486.0
2024-07-05 19:20:00+00:00,18485.4945,18487.566499999997,18484.45,18487.566499999997
2024-07-05 19:25:00+00:00,18486.9835,18491.511,18486.4445,18490.011
2024-07-05 19:30:00+00:00,18491.0,18493.701,18487.0,18493.701
2024-07-05 19:35:00+00:00,18493.95,18500.9945,18492.978,18500.9945
2024-07-05 19:40:00+00:00,18501.516499999998,18507.9945,18497.5,18507.560999999998
2024-07-05 19:45:00+00:00,18506.9835,18507.5165,18501.9945,18506.4945
2024-07-05 19:50:00+00:00,18506.8065,18515.5555,18501.928,18506.011
2024-07-05 19:55:00+00:00,18505.511,18515.5,18504.5,18509.4945
2024-07-05 20:00:00+00:00,18509.483500000002,18509.483500000002,18509.483500000002,18509.483500000002
2024-07-08 00:00:00+00:00,18473.860999999997,18476.872,18473.383500000004,18476.778
2024-07-08 00:05:00+00:00,18475.9,18475.9,18469.283499999998,18471.855499999998
2024-07-08 00:10:00+00:00,18472.528,18472.6,18470.028,18470.9055
2024-07-08 00:15:00+00:00,18414.011,18478.933500000003,18414.011,18469.560999999998
2024-07-08 00:20:00+00:00,18472.251,18483.5055,18468.0055,18480.928
2024-07-08 00:25:00+00:00,18481.4945,18490.5,18481.4945,18485.0055
2024-07-08 00:30:00+00:00,18478.439000000002,18478.439000000002,18469.428,18469.428
2024-07-08 00:35:00+00:00,18469.801,18475.933500000003,18468.511,18475.933500000003
2024-07-08 00:40:00+00:00,18476.428,18478.489,18468.478,18478.489
2024-07-08 00:45:00+00:00,18477.983500000002,18480.511,18477.5055,18477.989
2024-07-08 00:50:00+00:00,18478.5055,18481.5055,18476.5055,18481.5055
2024-07-08 00:55:00+00:00,18481.6955,18482.489,18477.0055,18478.0555
2024-07-08 01:00:00+00:00,18477.5055,18477.5055,18470.511,18471.5055
2024-07-08 01:05:00+00:00,18472.0,18472.5,18472.0,18472.5
2024-07-08 01:10:00+00:00,18473.0,18473.0,18470.511,18472.0055
2024-07-08 01:15:00+00:00,18475.0,18478.511,18475.0,18476.428
2024-07-08 01:20:00+00:00,18480.011,18482.5555,18470.511,18472.011
2024-07-08 01:25:00+00:00,18471.483500000002,18483.489,18471.483500000002,18483.489
2024-07-08 01:30:00+00:00,18484.0165,18488.5,18483.5055,18483.9945
2024-07-08 01:35:00+00:00,18483.5,18489.9945,18483.5,18488.433500000003
2024-07-08 01:40:00+00:00,18488.0,18488.5,18485.522,18486.978
2024-07-08 01:45:00+00:00,18486.428,18486.989,18483.4945,18483.4945
2024-07-08 01:50:00+00:00,18482.428,18488.0055,18482.05,18488.0055
2024-07-08 01:55:00+00:00,18487.489,18487.489,18484.5,18484.5
2024-07-08 02:00:00+00:00,18485.5055,18485.5055,18480.978,18480.978
2024-07-08 02:05:00+00:00,18480.478,18481.4945,18479.5555,18480.983500000002
2024-07-08 02:10:00+00:00,18481.5,18482.0,18481.5,18482.0
2024-07-08 02:15:00+00:00,18482.522,18482.522,18481.978,18481.989
2024-07-08 02:20:00+00:00,18482.428,18484.511,18481.511,18484.511
2024-07-08 02:25:00+00:00,18484.0,18484.0,18484.0,18484.0
2024-07-08 02:30:00+00:00,18483.566499999997,18485.011,18483.566499999997,18485.011
2024-07-08 02:35:00+00:00,18484.5,18488.0055,18484.0,18488.0055
2024-07-08 02:40:00+00:00,18488.511,18489.0055,18486.4945,18489.0055
2024-07-08 02:45:00+00:00,18490.4945,18491.0055,18488.011,18490.0
2024-07-08 02:50:00+00:00,18488.5,18491.05,18488.5,18490.989
2024-07-08 02:55:00+00:00,18490.066499999997,18491.0055,18486.989,18486.989
2024-07-08 03:00:00+00:00,18487.489,18491.55,18487.489,18491.55
2024-07-08 03:05:00+00:00,18493.066499999997,18493.066499999997,18487.95,18490.011
2024-07-08 03:10:00+00:00,18490.4945,18491.060999999998,18486.989,18490.489
2024-07-08 03:15:00+00:00,18490.9945,18506.0055,18490.9945,18504.5055
2024-07-08 03:20:00+00:00,18505.9945,18510.0,18505.978,18505.978
2024-07-08 03:25:00+00:00,18505.4945,18506.060999999998,18500.5,18500.5
2024-07-08 03:30:00+00:00,18499.989,18503.9945,18499.989,18503.9835
2024-07-08 03:35:00+00:00,18503.439000000002,18505.0055,18499.5,18505.0055
2024-07-08 03:40:00+00:00,18507.0055,18510.011,18507.0055,18508.011
2024-07-08 03:45:00+00:00,18505.9945,18508.011,18504.4445,18506.011
2024-07-08 03:50:00+00:00,18504.9945,18504.9945,18497.489,18497.489
2024-07-08 03:55:00+00:00,18498.011,18500.516499999998,18498.011,18499.489
2024-07-08 04:00:00+00:00,18496.0555,18496.428,18496.0555,18496.428
2024-07-08 04:05:00+00:00,18494.522,18494.983500000002,18492.0,18494.983500000002
2024-07-08 04:10:00+00:00,18494.478,18494.478,18490.489,18492.0
2024-07-08 04:15:00+00:00,18492.511,18492.989,18487.9945,18490.439000000002
2024-07-08 04:20:00+00:00,18489.9835,18490.978,18489.9835,18490.978
2024-07-08 04:30:00+00:00,18491.522,18491.522,18484.5055,18484.5055
2024-07-08 04:35:00+00:00,18484.0,18484.5165,18469.5,18472.011
2024-07-08 04:40:00+00:00,18472.489,18475.45,18472.489,18474.0
2024-07-08 04:45:00+00:00,18474.4945,18474.4945,18474.066499999997,18474.066499999997
2024-07-08 04:55:00+00:00,18473.433500000003,18473.433500000003,18469.9445,18469.9445
2024-07-08 05:00:00+00:00,18467.95,18467.95,18462.4945,18463.9945
2024-07-08 05:05:00+00:00,18461.989,18462.5,18454.428,18454.428
2024-07-08 05:10:00+00:00,18454.0,18454.0555,18449.511,18452.55
2024-07-08 05:15:00+00:00,18453.4945,18453.4945,18443.5055,18447.0
2024-07-08 05:20:00+00:00,18448.0055,18457.5,18448.0055,18449.516499999998
2024-07-08 05:25:00+00:00,18450.0055,18451.5,18445.5,18449.5
2024-07-08 05:30:00+00:00,18449.95,18461.5055,18449.5055,18459.0
2024-07-08 05:35:00+00:00,18458.4945,18464.989,18458.4945,18459.5055
2024-07-08 05:40:00+00:00,18460.0555,18474.0,18459.489,18466.072
2024-07-08 05:45:00+00:00,18466.9945,18468.016499999998,18456.989,18457.489
2024-07-08 05:50:00+00:00,18458.022,18460.516499999998,18442.0,18446.433500000003
2024-07-08 05:55:00+00:00,18445.478,18451.060999999998,18438.989,18444.0165
2024-07-08 06:00:00+00:00,18443.560999999998,18451.0,18433.011,18442.978
2024-07-08 06:05:00+00:00,18441.939000000002,18443.516499999998,18429.489,18438.5165
2024-07-08 06:10:00+00:00,18439.478,18444.572,18437.4945,18442.478
2024-07-08 06:15:00+00:00,18443.4445,18465.0,18442.928,18444.0
2024-07-08 06:20:00+00:00,18444.522,18465.989,18442.989,18465.989
2024-07-08 06:25:00+00:00,18467.478,18478.5555,18457.0,18464.9945
2024-07-08 06:30:00+00:00,18464.5,18464.5,18452.5055,18454.0
2024-07-08 06:35:00+00:00,18453.572,18457.5055,18451.0,18453.072
2024-07-08 06:40:00+00:00,18454.022,18459.5,18448.066499999997,18459.0
2024-07-08 06:45:00+00:00,18459.4945,18462.5555,18454.5,18456.5055
2024-07-08 06:50:00+00:00,18457.0055,18458.489,18448.0,18455.9945
2024-07-08 06:55:00+00:00,18455.5165,18471.5555,18443.9835,18471.5555
2024-07-08 07:00:00+00:00,18471.745000000003,18485.5,18443.489,18480.5055
2024-07-08 07:05:00+00:00,18481.5,18491.5,18465.572,18466.5
2024-07-08 07:10:00+00:00,18466.989999999998,18481.5,18464.0165,18476.5555
2024-07-08 07:15:00+00:00,18477.4945,18505.478,18476.489,18497.566499999997
2024-07-08 07:20:00+00:00,18498.4445,18522.011,18495.5,18522.011
2024-07-08 07:25:00+00:00,18521.5,18532.522,18499.566499999997,18530.5555
2024-07-08 07:30:00+00:00,18532.478,18539.55,18521.0055,18530.989
2024-07-08 07:35:00+00:00,18531.4835,18541.5,18525.433500000003,18536.5
2024-07-08 07:40:00+00:00,18536.0055,18560.0055,18536.0055,18548.511
2024-07-08 07:45:00+00:00,18548.9835,18556.516499999998,18529.5,18541.5
2024-07-08 07:50:00+00:00,18540.5,18554.511,18535.439000000002,18540.5
2024-07-08 07:55:00+00:00,18540.1845,18555.511,18535.0055,18554.511
2024-07-08 08:00:00+00:00,18555.0,18572.489,18552.433500000003,18564.5165
2024-07-08 08:05:00+00:00,18563.978,18566.5055,18557.511,18566.4445
2024-07-08 08:10:00+00:00,18567.4945,18599.072,18567.0055,18592.516499999998
2024-07-08 08:15:00+00:00,18594.511,18599.011,18572.489,18576.5
2024-07-08 08:20:00+00:00,18577.5,18594.522,18569.5555,18591.489
2024-07-08 08:25:00+00:00,18591.0055,18604.5,18585.560999999998,18604.05
2024-07-08 08:30:00+00:00,18603.234,18633.5,18601.978,18622.511
2024-07-08 08:35:00+00:00,18623.016499999998,18626.0055,18612.9945,18616.5055
2024-07-08 08:40:00+00:00,18617.428,18621.066499999997,18600.0,18611.5165
2024-07-08 08:45:00+00:00,18610.933500000003,18619.0,18608.428,18613.5
2024-07-08 08:50:00+00:00,18614.4835,18618.0055,18602.5055,18604.983500000002
2024-07-08 08:55:00+00:00,18604.5055,18607.011,18583.478,18585.4945
2024-07-08 09:00:00+00:00,18584.601000000002,18587.5055,18554.428,18556.428
2024-07-08 09:05:00+00:00,18555.9445,18560.516499999998,18537.983500000002,18549.5055
2024-07-08 09:10:00+00:00,18550.011,18555.5,18533.0,18551.4945
2024-07-08 09:15:00+00:00,18552.001,18567.566499999997,18549.5055,18559.5055
2024-07-08 09:20:00+00:00,18560.439000000002,18579.5055,18560.439000000002,18578.9835
2024-07-08 09:25:00+00:00,18578.478,18593.439000000002,18578.478,18590.511
2024-07-08 09:30:00+00:00,18590.0,18595.566499999997,18580.428,18585.566499999997
2024-07-08 09:35:00+00:00,18586.016499999998,18586.016499999998,18562.4945,18565.5555
2024-07-08 09:40:00+00:00,18564.5,18578.55,18560.5,18567.4945
2024-07-08 09:45:00+00:00,18566.723,18580.483500000002,18564.522,18577.489
2024-07-08 09:50:00+00:00,18576.572,18578.560999999998,18569.428,18574.5
2024-07-08 09:55:00+00:00,18574.016499999998,18574.4945,18564.9945,18572.478
2024-07-08 10:00:00+00:00,18571.9945,18571.9945,18558.0,18568.5
2024-07-08 10:05:00+00:00,18567.4945,18568.5055,18550.989,18552.5
2024-07-08 10:10:00+00:00,18552.9945,18569.9945,18552.0555,18564.9945
2024-07-08 10:15:00+00:00,18565.2565,18568.066499999997,18549.95,18563.0055
2024-07-08 10:20:00+00:00,18562.011,18573.55,18559.9945,18570.0555
2024-07-08 10:25:00+00:00,18570.483500000002,18570.483500000002,18556.989,18558.0
2024-07-08 10:30:00+00:00,18557.439000000002,18564.0555,18554.933500000003,18562.0
2024-07-08 10:35:00+00:00,18562.572,18563.0,18547.45,18551.9835
2024-07-08 10:40:00+00:00,18548.511,18550.011,18539.011,18543.0555
2024-07-08 10:45:00+00:00,18542.522,18543.011,18527.478,18534.439000000002
2024-07-08 10:50:00+00:00,18534.989,18534.989,18521.5055,18533.0
2024-07-08 10:55:00+00:00,18531.0,18531.0,18515.939000000002,18518.4945
2024-07-08 11:00:00+00:00,18518.0055,18533.989,18517.978,18530.0
2024-07-08 11:05:00+00:00,18530.511,18545.066499999997,18530.5055,18544.0
2024-07-08 11:10:00+00:00,18542.511,18550.566499999997,18539.983500000002,18548.060999999998
2024-07-08 11:15:00+00:00,18548.4945,18557.9945,18547.439000000002,18547.928
2024-07-08 11:20:00+00:00,18548.489,18552.0165,18536.9835,18540.5
2024-07-08 11:25:00+00:00,18540.0055,18548.011,18539.0165,18544.9835
2024-07-08 11:30:00+00:00,18543.9945,18546.0055,18538.95,18540.928
2024-07-08 11:35:00+00:00,18540.5055,18546.9835,18536.0555,18546.066499999997
2024-07-08 11:40:00+00:00,18547.0,18553.511,18545.933500000003,18548.016499999998
2024-07-08 11:45:00+00:00,18547.0055,18551.011,18541.5,18543.989
2024-07-08 11:50:00+00:00,18542.928,18543.066499999997,18536.489,18542.0
2024-07-08 11:55:00+00:00,18542.4945,18546.0055,18536.989,18546.0055
2024-07-08 12:00:00+00:00,18545.066499999997,18545.066499999997,18529.0,18534.0
2024-07-08 12:05:00+00:00,18533.5065,18541.9835,18532.989,18536.0
2024-07-08 12:10:00+00:00,18535.0055,18535.066499999997,18522.928,18525.55
2024-07-08 12:15:00+00:00,18526.489,18540.072,18525.989,18540.072
2024-07-08 12:20:00+00:00,18539.478,18540.0,18521.989,18525.566499999997
2024-07-08 12:25:00+00:00,18525.0,18536.9835,18524.478,18530.983500000002
2024-07-08 12:30:00+00:00,18531.5055,18540.022,18525.9945,18539.0
2024-07-08 12:35:00+00:00,18537.9945,18559.9945,18536.928,18555.9835
2024-07-08 12:40:00+00:00,18557.011,18563.4945,18543.989,18562.9945
2024-07-08 12:45:00+00:00,18563.5,18565.060999999998,18543.978,18556.066499999997
2024-07-08 12:50:00+00:00,18556.2565,18562.989,18553.928,18555.9835
2024-07-08 12:55:00+00:00,18555.522,18559.022,18549.016499999998,18558.0055
2024-07-08 13:00:00+00:00,18558.517499999998,18567.060999999998,18555.0,18566.0
2024-07-08 13:05:00+00:00,18564.978,18565.016499999998,18555.0055,18560.522
2024-07-08 13:10:00+00:00,18560.983500000002,18561.011,18542.933500000003,18547.0
2024-07-08 13:15:00+00:00,18548.072,18551.05,18544.928,18550.072
2024-07-08 13:20:00+00:00,18550.5,18561.4945,18548.516499999998,18559.95
2024-07-08 13:25:00+00:00,18559.489,18563.060999999998,18550.939000000002,18551.983500000002
2024-07-08 13:30:00+00:00,18552.0,18569.5055,18549.9945,18569.0055
2024-07-08 13:35:00+00:00,18568.489,18569.0,18554.933500000003,18559.928
2024-07-08 13:40:00+00:00,18561.0,18566.4835,18543.939000000002,18545.0
2024-07-08 13:45:00+00:00,18545.4955,18553.0055,18541.989,18549.5
2024-07-08 13:50:00+00:00,18549.95,18560.95,18539.9835,18544.0165
2024-07-08 13:55:00+00:00,18543.022,18547.5055,18530.511,18534.989
2024-07-08 14:00:00+00:00,18534.245000000003,18534.978,18508.0555,18509.989
2024-07-08 14:05:00+00:00,18509.016499999998,18512.0,18495.5,18502.0
2024-07-08 14:10:00+00:00,18500.4945,18509.5165,18498.0,18508.489
2024-07-08 14:15:00+00:00,18509.066499999997,18521.516499999998,18500.933500000003,18503.9835
2024-07-08 14:20:00+00:00,18503.011,18514.489,18497.5,18514.0
2024-07-08 14:25:00+00:00,18513.566499999997,18519.011,18500.016499999998,18500.016499999998
2024-07-08 14:30:00+00:00,18499.5055,18508.511,18490.9945,18499.5
2024-07-08 14:35:00+00:00,18499.0,18501.9445,18479.516499999998,18488.989
2024-07-08 14:40:00+00:00,18489.5055,18491.0,18473.511,18477.0
2024-07-08 14:45:00+00:00,18478.016499999998,18494.0,18472.9945,18489.0055
2024-07-08 14:50:00+00:00,18488.05,18489.55,18476.9945,18477.9945
2024-07-08 14:55:00+00:00,18479.0055,18480.0,18470.0,18478.989
2024-07-08 15:00:00+00:00,18477.9945,18494.4835,18474.983500000002,18488.060999999998
2024-07-08 15:05:00+00:00,18488.566499999997,18492.072,18483.566499999997,18490.9945
2024-07-08 15:10:00+00:00,18491.5,18491.9835,18482.0055,18485.489
2024-07-08 15:15:00+00:00,18486.0055,18491.489,18485.9945,18486.9945
2024-07-08 15:20:00+00:00,18488.0055,18499.0055,18486.516499999998,18497.4945
2024-07-08 15:25:00+00:00,18497.066499999997,18498.060999999998,18489.489,18490.011
2024-07-08 15:30:00+00:00,18490.234,18493.5055,18477.0,18478.0
2024-07-08 15:35:00+00:00,18479.0,18480.5055,18470.95,18472.983500000002
2024-07-08 15:40:00+00:00,18473.4945,18480.011,18472.5,18479.489
2024-07-08 15:45:00+00:00,18479.989,18484.0165,18474.989,18481.983500000002
2024-07-08 15:50:00+00:00,18482.4445,18483.022,18477.9835,18479.989
2024-07-08 15:55:00+00:00,18479.5555,18479.5555,18472.439000000002,18475.011
2024-07-08 16:00:00+00:00,18475.572,18475.572,18462.9945,18464.0055
2024-07-08 16:05:00+00:00,18463.4835,18463.4945,18454.9445,18455.011
2024-07-08 16:10:00+00:00,18454.4835,18459.989,18451.5,18453.4945
2024-07-08 16:15:00+00:00,18454.0,18456.0055,18450.011,18456.0
2024-07-08 16:20:00+00:00,18456.4445,18458.516499999998,18450.989,18453.983500000002
2024-07-08 16:25:00+00:00,18452.9945,18456.0555,18450.011,18454.022
2024-07-08 16:30:00+00:00,18453.066499999997,18455.9835,18450.428,18451.95
2024-07-08 16:35:00+00:00,18453.0,18458.011,18452.011,18455.066499999997
2024-07-08 16:40:00+00:00,18454.483500000002,18458.560999999998,18453.939000000002,18453.939000000002
2024-07-08 16:45:00+00:00,18455.0,18458.0,18455.0,18456.066499999997
2024-07-08 16:50:00+00:00,18455.022,18459.0055,18454.022,18459.0
2024-07-08 16:55:00+00:00,18458.4945,18462.989,18457.478,18459.072
2024-07-08 17:00:00+00:00,18460.011,18460.011,18453.4835,18453.95
2024-07-08 17:05:00+00:00,18453.4835,18457.522,18450.939000000002,18451.489
2024-07-08 17:10:00+00:00,18452.0555,18454.0555,18449.489,18450.9835
2024-07-08 17:15:00+00:00,18451.262,18452.516499999998,18444.9945,18451.933500000003
2024-07-08 17:20:00+00:00,18452.5055,18453.066499999997,18448.989,18451.0
2024-07-08 17:25:00+00:00,18451.483500000002,18454.0055,18449.933500000003,18453.4445
2024-07-08 17:30:00+00:00,18453.060999999998,18460.478,18451.989,18457.522
2024-07-08 17:35:00+00:00,18457.022,18462.9945,18456.939000000002,18462.0
2024-07-08 17:40:00+00:00,18463.05,18464.55,18460.9835,18463.928
2024-07-08 17:45:00+00:00,18463.511,18464.55,18461.4945,18462.522
2024-07-08 17:50:00+00:00,18462.95,18465.0055,18461.978,18462.478
2024-07-08 17:55:00+00:00,18462.928,18466.0,18461.928,18465.95
2024-07-08 18:00:00+00:00,18466.566499999997,18466.566499999997,18461.433500000003,18461.978
2024-07-08 18:05:00+00:00,18461.4945,18463.566499999997,18458.489,18462.489
2024-07-08 18:10:00+00:00,18462.751,18466.022,18462.428,18466.0
2024-07-08 18:15:00+00:00,18465.4945,18468.978,18465.4945,18468.978
2024-07-08 18:20:00+00:00,18468.4945,18468.4945,18465.011,18465.05
2024-07-08 18:25:00+00:00,18465.4945,18467.989,18465.4945,18466.0055
2024-07-08 18:30:00+00:00,18465.4945,18466.4945,18462.511,18463.0
2024-07-08 18:35:00+00:00,18462.489,18462.489,18454.933500000003,18457.9945
2024-07-08 18:40:00+00:00,18457.516499999998,18457.939000000002,18443.983500000002,18445.989
2024-07-08 18:45:00+00:00,18445.0555,18454.0165,18438.0,18452.989
2024-07-08 18:50:00+00:00,18453.9945,18460.5,18452.928,18459.978
2024-07-08 18:55:00+00:00,18460.5055,18465.0165,18460.5055,18464.0165
2024-07-08 19:00:00+00:00,18463.4945,18463.4945,18458.428,18459.5
2024-07-08 19:05:00+00:00,18458.0,18461.0055,18457.483500000002,18458.928
2024-07-08 19:10:00+00:00,18458.4945,18465.489,18458.439000000002,18463.522
2024-07-08 19:15:00+00:00,18463.9445,18464.5555,18461.511,18463.928
2024-07-08 19:20:00+00:00,18463.511,18468.0,18463.511,18467.0
2024-07-08 19:25:00+00:00,18466.4945,18467.4945,18459.928,18461.0
2024-07-08 19:30:00+00:00,18460.560999999998,18463.511,18459.511,18462.55
2024-07-08 19:35:00+00:00,18462.0055,18469.566499999997,18462.0055,18468.5
2024-07-08 19:40:00+00:00,18468.0165,18470.572,18466.95,18470.55
2024-07-08 19:45:00+00:00,18470.0055,18471.511,18464.572,18469.0
2024-07-08 19:50:00+00:00,18469.4945,18473.0,18465.989,18468.489
2024-07-08 19:55:00+00:00,18468.95,18475.011,18459.928,18461.0055
2024-07-08 20:00:00+00:00,18460.511,18464.65,18456.3835,18463.860999999997
2024-07-08 20:05:00+00:00,18464.589,18470.411,18464.589,18468.872
2024-07-08 20:10:00+00:00,18469.672,18469.672,18462.144500000002,18463.789
2024-07-08 22:05:00+00:00,18469.894500000002,18473.616499999996,18469.4835,18472.0
2024-07-08 22:10:00+00:00,18472.8,18477.9165,18472.8,18477.116499999996
2024-07-08 22:15:00+00:00,18477.511,18481.183500000003,18476.283499999998,18481.183500000003
2024-07-08 22:20:00+00:00,18480.378,18481.1945,18479.610999999997,18480.422
2024-07-08 22:25:00+00:00,18481.272,18481.272,18479.55,18481.2
2024-07-08 22:30:00+00:00,18482.161,18482.911,18479.528,18479.528
2024-07-08 22:35:00+00:00,18478.728,18478.866499999996,18477.894500000002,18478.789
2024-07-08 22:40:00+00:00,18477.8335,18478.8,18477.0945,18477.889000000003
2024-07-08 22:45:00+00:00,18478.8,18479.6555,18478.728,18479.5945
2024-07-08 22:50:00+00:00,18479.2055,18479.6,18477.9,18477.9
2024-07-08 22:55:00+00:00,18478.8165,18478.860999999997,18476.889000000003,18477.739
2024-07-08 23:00:00+00:00,18478.55,18485.15,18478.55,18484.4055
2024-07-08 23:05:00+00:00,18483.511,18495.1165,18483.511,18491.011
2024-07-08 23:10:00+00:00,18490.1835,18493.5055,18490.1835,18490.272
2024-07-08 23:15:00+00:00,18490.6555,18492.5945,18490.178,18492.5945
2024-07-08 23:20:00+00:00,18491.8,18494.3055,18490.9945,18493.5055
2024-07-08 23:25:00+00:00,18492.5945,18495.9055,18491.85,18495.8445
2024-07-08 23:30:00+00:00,18496.783499999998,18502.6,18494.3,18499.289
2024-07-08 23:35:00+00:00,18498.011,18499.355499999998,18493.5835,18493.5835
2024-07-08 23:40:00+00:00,18492.810999999998,18493.6,18491.0335,18492.8
2024-07-08 23:45:00+00:00,18491.9665,18495.283499999998,18491.9,18494.389000000003
2024-07-08 23:50:00+00:00,18494.860999999997,18498.6,18494.328,18498.6
2024-07-08 23:55:00+00:00,18498.933500000003,18502.7,18498.528,18501.972
2024-07-09 00:00:00+00:00,18502.628,18506.0555,18500.189000000002,18501.0055
2024-07-09 00:05:00+00:00,18500.266499999998,18503.566499999997,18496.9945,18498.75
2024-07-09 00:10:00+00:00,18497.911,18499.511,18496.9945,18498.7
2024-07-09 00:15:00+00:00,18494.9945,18506.0,18485.0,18486.483500000002
2024-07-09 00:20:00+00:00,18486.522,18486.522,18483.516499999998,18483.572
2024-07-09 00:25:00+00:00,18484.0,18484.066499999997,18483.428,18483.45
2024-07-09 00:30:00+00:00,18484.0,18484.5055,18475.928,18476.489
2024-07-09 00:35:00+00:00,18476.066499999997,18476.066499999997,18471.4945,18472.489
2024-07-09 00:40:00+00:00,18471.511,18477.060999999998,18470.9945,18476.566499999997
2024-07-09 00:45:00+00:00,18476.9945,18478.5,18476.0,18478.0055
2024-07-09 00:50:00+00:00,18477.433500000003,18477.433500000003,18472.45,18472.45
2024-07-09 00:55:00+00:00,18471.55,18471.566499999997,18463.5,18464.016499999998
2024-07-09 01:00:00+00:00,18462.560999999998,18463.489,18461.0055,18461.9945
2024-07-09 01:05:00+00:00,18461.483500000002,18469.478,18460.933500000003,18468.511
2024-07-09 01:10:00+00:00,18467.978,18468.0055,18466.4835,18466.4835
2024-07-09 01:15:00+00:00,18467.95,18474.0555,18466.4945,18474.0555
2024-07-09 01:20:00+00:00,18474.5,18475.933500000003,18471.989,18471.989
2024-07-09 01:25:00+00:00,18472.516499999998,18474.0,18472.428,18474.0
2024-07-09 01:30:00+00:00,18474.5055,18477.989,18473.011,18474.066499999997
2024-07-09 01:35:00+00:00,18474.4945,18476.05,18474.05,18475.05
2024-07-09 01:40:00+00:00,18474.0055,18474.0055,18469.9445,18472.433500000003
2024-07-09 01:45:00+00:00,18472.9945,18474.45,18468.9945,18469.989
2024-07-09 01:50:00+00:00,18471.0,18471.5165,18469.5,18470.0165
2024-07-09 01:55:00+00:00,18467.511,18468.0055,18462.989,18463.066499999997
2024-07-09 02:00:00+00:00,18460.489,18460.489,18452.4945,18452.4945
2024-07-09 02:05:00+00:00,18451.939000000002,18453.0,18444.5,18446.4835
2024-07-09 02:10:00+00:00,18447.439000000002,18450.433500000003,18444.4945,18445.522
2024-07-09 02:15:00+00:00,18444.516499999998,18444.560999999998,18442.5,18443.489
2024-07-09 02:20:00+00:00,18442.9945,18446.4835,18441.5,18443.522
2024-07-09 02:25:00+00:00,18444.2345,18445.011,18439.45,18440.483500000002
2024-07-09 02:30:00+00:00,18443.0,18445.4945,18441.45,18444.5555
2024-07-09 02:35:00+00:00,18443.989,18444.0055,18441.9945,18442.433500000003
2024-07-09 02:40:00+00:00,18442.0055,18442.5,18440.511,18440.511
2024-07-09 02:45:00+00:00,18441.5555,18445.978,18441.5165,18444.989
2024-07-09 02:50:00+00:00,18445.428,18445.9945,18445.0,18445.0
2024-07-09 02:55:00+00:00,18445.478,18445.516499999998,18437.989,18438.5
2024-07-09 03:00:00+00:00,18439.45,18440.011,18434.5055,18435.5055
2024-07-09 03:05:00+00:00,18435.011,18437.5165,18434.489,18435.483500000002
2024-07-09 03:10:00+00:00,18435.0055,18435.5165,18435.0055,18435.066499999997
2024-07-09 03:15:00+00:00,18435.4945,18437.9835,18435.0,18437.5
2024-07-09 03:20:00+00:00,18440.5,18440.9945,18439.428,18439.4945
2024-07-09 03:25:00+00:00,18438.0055,18440.4945,18438.0055,18440.4945
2024-07-09 03:30:00+00:00,18441.5055,18445.4945,18441.5055,18445.4945
2024-07-09 03:35:00+00:00,18445.751,18446.5055,18444.55,18444.55
2024-07-09 03:40:00+00:00,18445.511,18445.511,18444.4945,18445.4945
2024-07-09 03:45:00+00:00,18444.9445,18448.011,18444.9445,18447.428
2024-07-09 03:50:00+00:00,18447.0055,18447.511,18446.0055,18446.05
2024-07-09 03:55:00+00:00,18446.5,18450.560999999998,18446.5,18449.989
2024-07-09 04:00:00+00:00,18449.4945,18449.4945,18447.483500000002,18447.978
2024-07-09 04:05:00+00:00,18448.55,18450.5,18448.55,18449.4945
2024-07-09 04:10:00+00:00,18450.0,18450.0,18450.0,18450.0
2024-07-09 04:15:00+00:00,18450.9945,18453.0055,18450.4445,18452.4445
2024-07-09 04:20:00+00:00,18452.933500000003,18457.428,18452.933500000003,18457.428
2024-07-09 04:25:00+00:00,18457.978,18462.4945,18457.978,18461.0055
2024-07-09 04:30:00+00:00,18460.0055,18465.511,18460.0055,18461.989
2024-07-09 04:35:00+00:00,18462.9945,18468.522,18462.066499999997,18466.511
2024-07-09 04:40:00+00:00,18467.5,18468.489,18466.4945,18467.0165
2024-07-09 04:45:00+00:00,18467.4945,18467.511,18459.572,18459.572
2024-07-09 04:50:00+00:00,18459.989,18462.5,18458.572,18459.066499999997
2024-07-09 04:55:00+00:00,18459.5,18470.489,18459.016499999998,18468.4835
2024-07-09 05:00:00+00:00,18469.060999999998,18475.0165,18468.0,18472.9945
2024-07-09 05:05:00+00:00,18473.572,18481.5,18473.572,18474.9835
2024-07-09 05:10:00+00:00,18475.433500000003,18478.5,18473.433500000003,18474.011
2024-07-09 05:15:00+00:00,18473.566499999997,18478.566499999997,18473.5,18475.45
2024-07-09 05:20:00+00:00,18475.0055,18475.0055,18464.0555,18467.933500000003
2024-07-09 05:25:00+00:00,18468.5,18469.983500000002,18467.011,18467.9945
2024-07-09 05:30:00+00:00,18468.4945,18469.072,18465.016499999998,18465.9445
2024-07-09 05:35:00+00:00,18463.428,18468.522,18463.428,18465.939000000002
2024-07-09 05:40:00+00:00,18466.989,18473.4445,18466.989,18471.45
2024-07-09 05:45:00+00:00,18471.983500000002,18475.4945,18468.928,18468.9445
2024-07-09 05:50:00+00:00,18469.45,18469.5,18451.45,18451.45
2024-07-09 05:55:00+00:00,18452.011,18453.060999999998,18441.9835,18450.072
2024-07-09 06:00:00+00:00,18450.05,18467.4945,18445.511,18452.0165
2024-07-09 06:05:00+00:00,18452.989,18458.05,18445.011,18450.0555
2024-07-09 06:10:00+00:00,18449.5055,18453.0555,18445.428,18449.55
2024-07-09 06:15:00+00:00,18450.4945,18451.5055,18440.572,18447.428
2024-07-09 06:20:00+00:00,18448.489,18453.011,18443.5,18450.5055
2024-07-09 06:25:00+00:00,18450.939000000002,18453.05,18440.489,18440.489
2024-07-09 06:30:00+00:00,18441.489,18444.55,18437.5,18438.572
2024-07-09 06:35:00+00:00,18437.433500000003,18438.4945,18429.4835,18429.5
2024-07-09 06:40:00+00:00,18427.4945,18433.45,18427.4945,18431.522
2024-07-09 06:45:00+00:00,18430.511,18430.522,18413.4945,18413.4945
2024-07-09 06:50:00+00:00,18412.978,18425.5165,18411.0,18420.0
2024-07-09 06:55:00+00:00,18420.511,18422.5,18414.9945,18422.5
2024-07-09 07:00:00+00:00,18419.489,18433.4945,18373.439000000002,18388.0165
2024-07-09 07:05:00+00:00,18387.072,18407.55,18382.4945,18397.566499999997
2024-07-09 07:10:00+00:00,18399.560999999998,18399.560999999998,18381.428,18384.5
2024-07-09 07:15:00+00:00,18384.511,18390.45,18375.4445,18375.4445
2024-07-09 07:20:00+00:00,18375.0055,18384.5,18363.439000000002,18371.983500000002
2024-07-09 07:25:00+00:00,18371.511,18393.511,18367.0,18393.511
2024-07-09 07:30:00+00:00,18394.022,18424.522,18390.560999999998,18417.566499999997
2024-07-09 07:35:00+00:00,18417.0055,18420.5055,18402.5,18420.5055
2024-07-09 07:40:00+00:00,18419.5,18433.0055,18411.522,18415.022
2024-07-09 07:45:00+00:00,18414.489,18425.45,18397.489,18404.483500000002
2024-07-09 07:50:00+00:00,18403.9835,18417.5555,18402.428,18405.5055
2024-07-09 07:55:00+00:00,18404.745000000003,18427.0,18402.433500000003,18419.4445
2024-07-09 08:00:00+00:00,18420.511,18435.516499999998,18415.5555,18428.5
2024-07-09 08:05:00+00:00,18429.0055,18437.9945,18419.5,18423.439000000002
2024-07-09 08:10:00+00:00,18424.4945,18431.989,18416.516499999998,18419.5
2024-07-09 08:15:00+00:00,18420.0,18432.5165,18419.016499999998,18424.5555
2024-07-09 08:20:00+00:00,18425.5165,18434.511,18415.4945,18431.5
2024-07-09 08:25:00+00:00,18431.751,18432.5055,18409.45,18412.5
2024-07-09 08:30:00+00:00,18413.5055,18431.0,18412.489,18421.85
2024-07-09 08:35:00+00:00,18422.789,18436.372,18413.810999999998,18426.8
2024-07-09 08:40:00+00:00,18426.2945,18450.3055,18422.739,18444.8055
2024-07-09 08:45:00+00:00,18445.25,18448.8055,18439.2445,18443.8
2024-07-09 08:50:00+00:00,18442.860999999997,18457.360999999997,18442.860999999997,18453.8
2024-07-09 08:55:00+00:00,18453.278,18464.289,18448.8,18458.783499999998
2024-07-09 09:00:00+00:00,18459.362,18468.310999999998,18458.3055,18463.85
2024-07-09 09:05:00+00:00,18464.789,18470.3055,18449.7445,18452.2835
2024-07-09 09:10:00+00:00,18451.2945,18452.739,18440.7945,18441.7445
2024-07-09 09:15:00+00:00,18441.001,18450.860999999997,18436.7445,18436.7445
2024-07-09 09:20:00+00:00,18436.3055,18436.3055,18420.810999999998,18421.310999999998
2024-07-09 09:25:00+00:00,18420.75,18446.855499999998,18420.75,18446.739
2024-07-09 09:30:00+00:00,18445.2945,18445.778,18437.2945,18437.2945
2024-07-09 09:35:00+00:00,18435.3,18449.3,18433.8,18443.816499999997
2024-07-09 09:40:00+00:00,18443.289,18445.2835,18431.739,18432.728
2024-07-09 09:45:00+00:00,18431.8,18440.8,18431.789,18434.8055
2024-07-09 09:50:00+00:00,18434.372,18447.789,18431.7445,18446.8055
2024-07-09 09:55:00+00:00,18447.8055,18448.3055,18433.810999999998,18433.810999999998
2024-07-09 10:00:00+00:00,18434.3,18442.7445,18433.783499999998,18440.789
2024-07-09 10:05:00+00:00,18440.3055,18440.7445,18430.3055,18433.7445
2024-07-09 10:10:00+00:00,18433.3,18444.816499999997,18428.75,18437.8055
2024-07-09 10:15:00+00:00,18436.7445,18442.822,18427.8,18435.733500000002
2024-07-09 10:20:00+00:00,18434.8055,18438.3055,18432.778,18436.866499999996
2024-07-09 10:25:00+00:00,18437.2945,18439.866499999996,18423.322,18423.816499999997
2024-07-09 10:30:00+00:00,18423.3,18427.872,18419.778,18427.872
2024-07-09 10:35:00+00:00,18427.310999999998,18427.310999999998,18414.810999999998,18415.8165
2024-07-09 10:40:00+00:00,18415.3055,18415.739,18401.810999999998,18401.810999999998
2024-07-09 10:45:00+00:00,18402.3055,18406.8165,18391.2835,18396.289
2024-07-09 10:50:00+00:00,18396.822,18403.733500000002,18392.8,18401.8055
2024-07-09 10:55:00+00:00,18400.283499999998,18403.789,18392.3165,18395.75
2024-07-09 11:00:00+00:00,18396.04,18396.8,18386.3,18395.8055
2024-07-09 11:05:00+00:00,18394.901,18395.2945,18381.8,18388.8165
2024-07-09 11:10:00+00:00,18390.7445,18390.7445,18377.75,18387.8
2024-07-09 11:15:00+00:00,18388.2445,18392.372,18380.728,18380.8055
2024-07-09 11:20:00+00:00,18379.8055,18379.8055,18355.8055,18363.8
2024-07-09 11:25:00+00:00,18362.8055,18378.872,18358.860999999997,18375.8055
2024-07-09 11:30:00+00:00,18374.783499999998,18390.5555,18374.783499999998,18387.0
2024-07-09 11:35:00+00:00,18386.5,18392.4945,18381.4835,18392.4945
2024-07-09 11:40:00+00:00,18392.016499999998,18395.5,18382.5055,18383.489
2024-07-09 11:45:00+00:00,18382.0555,18390.4945,18377.989,18389.5
2024-07-09 11:50:00+00:00,18388.511,18396.5055,18388.511,18395.45
2024-07-09 11:55:00+00:00,18394.983500000002,18397.4835,18382.022,18386.483500000002
2024-07-09 12:00:00+00:00,18386.7345,18394.45,18375.0,18376.560999999998
2024-07-09 12:05:00+00:00,18376.601000000002,18379.55,18368.489,18372.433500000003
2024-07-09 12:10:00+00:00,18371.45,18375.0555,18365.489,18369.478
2024-07-09 12:15:00+00:00,18368.439000000002,18371.5055,18346.9835,18347.5
2024-07-09 12:20:00+00:00,18346.560999999998,18353.489,18328.9945,18331.55
2024-07-09 12:25:00+00:00,18330.0055,18330.4945,18303.45,18305.478
2024-07-09 12:30:00+00:00,18304.978,18309.4945,18290.433500000003,18292.5
2024-07-09 12:35:00+00:00,18290.060999999998,18294.4945,18276.928,18278.5
2024-07-09 12:40:00+00:00,18277.560999999998,18291.0,18274.9945,18288.4945
2024-07-09 12:45:00+00:00,18287.9945,18288.5,18266.4445,18283.5055
2024-07-09 12:50:00+00:00,18282.5,18297.5,18274.4945,18297.5
2024-07-09 12:55:00+00:00,18296.9945,18309.4445,18283.55,18304.5
2024-07-09 13:00:00+00:00,18304.072,18330.511,18303.5055,18317.439000000002
2024-07-09 13:05:00+00:00,18318.0,18334.983500000002,18317.5,18325.5055
2024-07-09 13:10:00+00:00,18326.060999999998,18326.4835,18310.933500000003,18314.5
2024-07-09 13:15:00+00:00,18314.0,18322.016499999998,18309.011,18319.0
2024-07-09 13:20:00+00:00,18319.267499999998,18327.989,18318.0,18324.0
2024-07-09 13:25:00+00:00,18324.511,18335.060999999998,18323.989,18333.428
2024-07-09 13:30:00+00:00,18333.6955,18333.9945,18309.928,18315.5
2024-07-09 13:35:00+00:00,18316.522,18326.511,18313.4945,18315.5
2024-07-09 13:40:00+00:00,18316.5,18329.511,18313.0555,18320.4945
2024-07-09 13:45:00+00:00,18319.489,18325.522,18305.9445,18306.5055
2024-07-09 13:50:00+00:00,18307.433500000003,18311.511,18293.989,18298.0
2024-07-09 13:55:00+00:00,18298.311999999998,18298.522,18283.5055,18285.566499999997
2024-07-09 14:00:00+00:00,18284.4945,18292.0,18264.9835,18282.4945
2024-07-09 14:05:00+00:00,18282.0,18282.0,18252.0055,18252.516499999998
2024-07-09 14:10:00+00:00,18251.5165,18274.9445,18246.433500000003,18265.95
2024-07-09 14:15:00+00:00,18266.45,18276.0055,18259.483500000002,18266.5
2024-07-09 14:20:00+00:00,18265.439000000002,18266.9945,18255.978,18256.5055
2024-07-09 14:25:00+00:00,18255.572,18255.572,18233.4945,18239.511
2024-07-09 14:30:00+00:00,18239.0,18252.489,18221.4445,18249.9945
2024-07-09 14:35:00+00:00,18249.5,18270.572,18247.5,18266.983500000002
2024-07-09 14:40:00+00:00,18267.5,18270.478,18244.9945,18246.55
2024-07-09 14:45:00+00:00,18247.072,18250.5,18235.0055,18237.522
2024-07-09 14:50:00+00:00,18235.0055,18246.011,18226.4945,18245.433500000003
2024-07-09 14:55:00+00:00,18244.5,18245.566499999997,18227.933500000003,18229.05
2024-07-09 15:00:00+00:00,18228.011,18239.011,18220.5,18220.5
2024-07-09 15:05:00+00:00,18219.489,18228.9445,18215.939000000002,18220.5055
2024-07-09 15:10:00+00:00,18220.0,18234.0165,18213.0,18234.0165
2024-07-09 15:15:00+00:00,18230.4945,18237.4835,18225.433500000003,18226.022
2024-07-09 15:20:00+00:00,18224.433500000003,18228.5165,18220.5055,18223.060999999998
2024-07-09 15:25:00+00:00,18222.428,18225.45,18212.5,18225.022
2024-07-09 15:30:00+00:00,18224.234,18241.0,18217.5,18238.9445
2024-07-09 15:35:00+00:00,18238.0055,18240.016499999998,18224.5,18237.5
2024-07-09 15:40:00+00:00,18237.939000000002,18243.511,18234.483500000002,18242.0
2024-07-09 15:45:00+00:00,18240.4945,18251.522,18240.4945,18250.439000000002
2024-07-09 15:50:00+00:00,18251.989,18259.511,18249.4945,18259.511
2024-07-09 15:55:00+00:00,18259.989,18268.489,18259.989,18266.0
2024-07-09 16:00:00+00:00,18266.311999999998,18272.0,18263.0055,18265.0
2024-07-09 16:05:00+00:00,18265.4945,18270.0,18263.9445,18264.983500000002
2024-07-09 16:10:00+00:00,18264.55,18265.5,18258.4945,18258.978
2024-07-09 16:15:00+00:00,18259.4945,18265.060999999998,18257.4945,18258.5555
2024-07-09 16:20:00+00:00,18257.489,18263.5055,18253.560999999998,18259.5
2024-07-09 16:25:00+00:00,18258.9945,18264.0,18257.9835,18263.428
2024-07-09 16:30:00+00:00,18263.9945,18264.011,18253.5,18255.05
2024-07-09 16:35:00+00:00,18255.522,18258.522,18251.939000000002,18251.939000000002
2024-07-09 16:40:00+00:00,18253.072,18257.0,18251.011,18256.433500000003
2024-07-09 16:45:00+00:00,18256.983500000002,18257.5055,18252.9945,18254.011
2024-07-09 16:50:00+00:00,18254.4835,18262.55,18252.989,18260.511
2024-07-09 16:55:00+00:00,18261.0,18275.9945,18260.983500000002,18274.0
2024-07-09 17:00:00+00:00,18274.251,18283.022,18270.9835,18277.066499999997
2024-07-09 17:05:00+00:00,18276.5,18278.011,18268.0,18274.0055
2024-07-09 17:10:00+00:00,18274.939000000002,18276.928,18266.9945,18268.5055
2024-07-09 17:15:00+00:00,18269.066499999997,18269.066499999997,18246.4945,18259.978
2024-07-09 17:20:00+00:00,18261.0055,18262.560999999998,18252.0055,18252.9445
2024-07-09 17:25:00+00:00,18253.9945,18260.0165,18252.011,18257.489
2024-07-09 17:30:00+00:00,18257.0055,18267.4945,18256.439000000002,18266.4945
2024-07-09 17:35:00+00:00,18266.0055,18269.0055,18262.511,18263.933500000003
2024-07-09 17:40:00+00:00,18263.560999999998,18264.9945,18257.933500000003,18264.511
2024-07-09 17:45:00+00:00,18265.0165,18265.0165,18256.45,18256.9945
2024-07-09 17:50:00+00:00,18257.5,18261.489,18255.5055,18258.933500000003
2024-07-09 17:55:00+00:00,18259.5,18262.05,18255.022,18255.022
2024-07-09 18:00:00+00:00,18254.0,18258.0,18252.45,18254.983500000002
2024-07-09 18:05:00+00:00,18255.5055,18256.5,18250.5,18253.0165
2024-07-09 18:10:00+00:00,18253.4945,18257.989,18252.572,18254.0055
2024-07-09 18:15:00+00:00,18254.978,18258.478,18253.978,18254.9945
2024-07-09 18:20:00+00:00,18255.4945,18257.5,18252.0055,18255.0055
2024-07-09 18:25:00+00:00,18254.4945,18256.0055,18250.9945,18251.0165
2024-07-09 18:30:00+00:00,18251.928,18256.0555,18250.0,18255.428
2024-07-09 18:35:00+00:00,18255.011,18261.0055,18252.5,18259.572
2024-07-09 18:40:00+00:00,18258.9945,18260.989,18251.933500000003,18258.4945
2024-07-09 18:45:00+00:00,18257.989,18258.989,18255.4945,18255.978
2024-07-09 18:50:00+00:00,18256.560999999998,18256.989,18250.0055,18250.0055
2024-07-09 18:55:00+00:00,18249.522,18255.05,18249.0055,18253.9945
2024-07-09 19:00:00+00:00,18254.989,18255.5165,18248.572,18248.95
2024-07-09 19:05:00+00:00,18248.5,18250.489,18245.989,18249.45
2024-07-09 19:10:00+00:00,18248.989,18252.011,18247.5,18251.011
2024-07-09 19:15:00+00:00,18250.566499999997,18252.522,18247.5,18250.0
2024-07-09 19:20:00+00:00,18250.483500000002,18254.9835,18248.983500000002,18252.4945
2024-07-09 19:25:00+00:00,18252.022,18255.0,18250.9835,18252.978
2024-07-09 19:30:00+00:00,18253.516499999998,18256.511,18247.9445,18256.511
2024-07-09 19:35:00+00:00,18257.011,18257.011,18248.9445,18252.05
2024-07-09 19:40:00+00:00,18251.489,18259.0,18251.489,18251.5
2024-07-09 19:45:00+00:00,18251.939000000002,18258.939000000002,18249.45,18252.4945
2024-07-09 19:50:00+00:00,18250.4945,18256.016499999998,18249.011,18252.066499999997
2024-07-09 19:55:00+00:00,18249.9945,18257.989,18249.978,18251.0
2024-07-09 20:00:00+00:00,18250.989,18255.1,18246.039,18247.7
2024-07-09 20:05:00+00:00,18246.9,18250.1945,18246.0945,18249.328
2024-07-09 20:10:00+00:00,18250.183500000003,18250.211,18248.428,18249.3445
2024-07-09 22:05:00+00:00,18248.5055,18251.0055,18248.039,18249.3
2024-07-09 22:10:00+00:00,18248.911,18250.0945,18247.628,18247.628
2024-07-09 22:15:00+00:00,18248.5,18248.5055,18247.644500000002,18248.5055
2024-07-09 22:20:00+00:00,18249.289,18249.289,18249.289,18249.289
2024-07-09 22:30:00+00:00,18250.089,18251.7835,18250.089,18251.7835
2024-07-09 22:35:00+00:00,18252.65,18252.65,18251.728,18252.5835
2024-07-09 22:40:00+00:00,18253.389000000003,18255.272,18253.389000000003,18255.272
2024-07-09 22:45:00+00:00,18254.394500000002,18255.9945,18252.739,18253.6
2024-07-09 22:50:00+00:00,18252.8,18253.6555,18252.0055,18252.0055
2024-07-09 22:55:00+00:00,18252.7945,18253.5445,18251.9945,18253.5445
2024-07-09 23:00:00+00:00,18254.4055,18256.894500000002,18254.4055,18256.894500000002
2024-07-09 23:05:00+00:00,18257.761,18258.75,18256.878,18257.9
2024-07-09 23:10:00+00:00,18256.9445,18257.9665,18256.9445,18256.9945
2024-07-09 23:20:00+00:00,18256.211,18257.894500000002,18256.15,18257.894500000002
2024-07-09 23:25:00+00:00,18257.072,18257.9,18256.25,18257.0
2024-07-09 23:30:00+00:00,18256.2055,18256.9945,18256.2055,18256.9945
2024-07-09 23:35:00+00:00,18256.2055,18257.9055,18256.2,18257.9055
2024-07-09 23:40:00+00:00,18256.989,18258.75,18256.9445,18257.9
2024-07-09 23:45:00+00:00,18257.394500000002,18257.911,18256.2,18256.9945
2024-07-09 23:50:00+00:00,18256.15,18257.011,18255.4555,18255.4555
2024-07-09 23:55:00+00:00,18256.139000000003,18256.139000000003,18255.3445,18255.3445
2024-07-10 00:00:00+00:00,18256.2165,18261.572,18256.178,18261.572
2024-07-10 00:05:00+00:00,18260.689000000002,18263.883500000004,18259.922,18262.711
2024-07-10 00:10:00+00:00,18263.0945,18263.0945,18261.4835,18261.566499999997
2024-07-10 00:15:00+00:00,18267.933500000003,18271.011,18256.433500000003,18267.989
2024-07-10 00:20:00+00:00,18267.989,18270.0555,18262.516499999998,18267.483500000002
2024-07-10 00:25:00+00:00,18266.933500000003,18266.933500000003,18257.9835,18258.4945
2024-07-10 00:30:00+00:00,18258.011,18264.0165,18258.011,18262.0055
2024-07-10 00:35:00+00:00,18261.511,18266.511,18261.511,18262.511
2024-07-10 00:40:00+00:00,18262.066499999997,18266.05,18261.939000000002,18262.489
2024-07-10 00:45:00+00:00,18261.989,18265.05,18261.989,18263.0
2024-07-10 00:50:00+00:00,18263.572,18265.928,18262.939000000002,18264.011
2024-07-10 00:55:00+00:00,18264.489,18265.066499999997,18263.9445,18264.4945
2024-07-10 01:00:00+00:00,18264.983500000002,18264.983500000002,18257.939000000002,18259.4945
2024-07-10 01:05:00+00:00,18259.0055,18263.511,18258.45,18259.0
2024-07-10 01:10:00+00:00,18259.9445,18263.572,18259.9445,18261.511
2024-07-10 01:15:00+00:00,18263.0,18263.439000000002,18262.489,18262.4945
2024-07-10 01:20:00+00:00,18261.489,18261.489,18257.489,18258.0055
2024-07-10 01:25:00+00:00,18258.560999999998,18259.511,18257.9945,18259.511
2024-07-10 01:30:00+00:00,18258.978,18260.983500000002,18258.566499999997,18260.983500000002
2024-07-10 01:35:00+00:00,18259.489,18260.0555,18259.4445,18260.0055
2024-07-10 01:40:00+00:00,18260.5,18264.5555,18260.0055,18263.0
2024-07-10 01:45:00+00:00,18263.5055,18264.011,18260.511,18260.983500000002
2024-07-10 01:50:00+00:00,18260.489,18260.489,18260.489,18260.489
2024-07-10 01:55:00+00:00,18259.572,18259.572,18257.9945,18259.0055
2024-07-10 02:00:00+00:00,18260.428,18263.011,18260.428,18263.011
2024-07-10 02:05:00+00:00,18263.5,18268.4945,18263.5,18266.5165
2024-07-10 02:10:00+00:00,18265.522,18265.522,18263.5055,18263.5055
2024-07-10 02:15:00+00:00,18263.928,18265.072,18263.928,18264.072
2024-07-10 02:20:00+00:00,18264.5,18268.5,18264.0055,18267.939000000002
2024-07-10 02:25:00+00:00,18268.439000000002,18269.5165,18267.4945,18268.5
2024-07-10 02:30:00+00:00,18268.016499999998,18268.55,18267.9445,18267.9945
2024-07-10 02:35:00+00:00,18268.572,18269.5,18267.983500000002,18267.983500000002
2024-07-10 02:40:00+00:00,18268.4835,18268.55,18267.939000000002,18268.55
2024-07-10 02:45:00+00:00,18267.9945,18268.5055,18267.9945,18268.5055
2024-07-10 02:50:00+00:00,18269.483500000002,18269.483500000002,18268.5055,18268.5055
2024-07-10 03:00:00+00:00,18267.978,18267.978,18267.4945,18267.4945
2024-07-10 03:05:00+00:00,18267.072,18267.511,18263.45,18263.45
2024-07-10 03:10:00+00:00,18263.0,18265.0055,18261.9835,18265.0
2024-07-10 03:15:00+00:00,18264.0,18264.0,18264.0,18264.0
2024-07-10 03:20:00+00:00,18265.5555,18266.9945,18265.016499999998,18266.9945
2024-07-10 03:30:00+00:00,18264.4945,18264.4945,18262.478,18262.9945
2024-07-10 03:35:00+00:00,18262.483500000002,18262.483500000002,18259.5055,18261.011
2024-07-10 03:40:00+00:00,18260.4445,18261.066499999997,18260.428,18260.428
2024-07-10 03:45:00+00:00,18261.0055,18261.0055,18256.939000000002,18257.45
2024-07-10 03:50:00+00:00,18256.983500000002,18256.983500000002,18251.428,18253.05
2024-07-10 03:55:00+00:00,18253.560999999998,18254.9945,18252.9445,18254.933500000003
2024-07-10 04:00:00+00:00,18255.5,18255.5,18252.439000000002,18255.0
2024-07-10 04:05:00+00:00,18255.4945,18256.022,18254.939000000002,18256.022
2024-07-10 04:10:00+00:00,18255.511,18256.0055,18253.928,18253.928
2024-07-10 04:15:00+00:00,18255.05,18255.05,18251.433500000003,18254.0055
2024-07-10 04:20:00+00:00,18254.478,18255.5555,18253.0,18253.511
2024-07-10 04:25:00+00:00,18254.0,18255.5055,18254.0,18254.5165
2024-07-10 04:30:00+00:00,18254.939000000002,18260.4945,18254.939000000002,18260.0055
2024-07-10 04:35:00+00:00,18260.4945,18261.0055,18259.989,18261.0055
2024-07-10 04:40:00+00:00,18259.9835,18260.5055,18259.928,18260.016499999998
2024-07-10 04:45:00+00:00,18260.5,18260.5,18260.016499999998,18260.016499999998
2024-07-10 04:50:00+00:00,18260.5,18260.5055,18260.0,18260.016499999998
2024-07-10 04:55:00+00:00,18261.060999999998,18261.4445,18258.511,18258.9945
2024-07-10 05:00:00+00:00,18259.5065,18259.9945,18257.4945,18259.5
2024-07-10 05:05:00+00:00,18258.939000000002,18258.939000000002,18252.0,18253.5
2024-07-10 05:10:00+00:00,18252.928,18252.928,18248.433500000003,18251.011
2024-07-10 05:15:00+00:00,18251.4945,18254.511,18250.060999999998,18251.439000000002
2024-07-10 05:20:00+00:00,18251.0055,18251.5,18250.4445,18250.572
2024-07-10 05:25:00+00:00,18251.016499999998,18253.5165,18249.489,18249.489
2024-07-10 05:30:00+00:00,18250.072,18251.0,18249.4945,18249.4945
2024-07-10 05:35:00+00:00,18249.9945,18250.439000000002,18239.5055,18244.0555
2024-07-10 05:40:00+00:00,18244.5055,18245.566499999997,18242.489,18243.022
2024-07-10 05:45:00+00:00,18242.0,18242.0,18236.0055,18237.05
2024-07-10 05:50:00+00:00,18237.928,18240.0055,18232.9945,18232.9945
2024-07-10 05:55:00+00:00,18231.4945,18232.511,18225.428,18225.95
2024-07-10 06:00:00+00:00,18228.4945,18240.5,18223.478,18227.978
2024-07-10 06:05:00+00:00,18229.4945,18235.511,18224.4835,18235.511
2024-07-10 06:10:00+00:00,18233.428,18237.5055,18232.9445,18234.011
2024-07-10 06:15:00+00:00,18233.4445,18239.560999999998,18229.489,18239.560999999998
2024-07-10 06:20:00+00:00,18240.0055,18253.478,18240.0055,18253.45
2024-07-10 06:25:00+00:00,18252.511,18262.4945,18250.933500000003,18261.5055
2024-07-10 06:30:00+00:00,18262.0,18268.933500000003,18260.5055,18264.5
2024-07-10 06:35:00+00:00,18264.066499999997,18276.0,18264.066499999997,18270.5
2024-07-10 06:40:00+00:00,18270.072,18273.511,18260.5555,18266.5055
2024-07-10 06:45:00+00:00,18265.334,18277.4945,18260.489,18277.4945
2024-07-10 06:50:00+00:00,18276.0055,18283.5555,18272.011,18280.45
2024-07-10 06:55:00+00:00,18279.5,18280.5,18267.5,18274.5
2024-07-10 07:00:00+00:00,18275.4945,18307.489,18275.4945,18283.5
2024-07-10 07:05:00+00:00,18284.433500000003,18295.489,18272.489,18275.489
2024-07-10 07:10:00+00:00,18279.05,18285.511,18256.0,18256.4945
2024-07-10 07:15:00+00:00,18255.439000000002,18274.489,18250.560999999998,18265.45
2024-07-10 07:20:00+00:00,18266.5055,18271.978,18249.516499999998,18250.0
2024-07-10 07:25:00+00:00,18250.5055,18260.55,18242.4945,18248.478
2024-07-10 07:30:00+00:00,18249.017499999998,18277.5555,18243.9945,18269.5
2024-07-10 07:35:00+00:00,18270.5,18287.4835,18270.5,18280.5
2024-07-10 07:40:00+00:00,18280.072,18280.072,18261.478,18269.5
2024-07-10 07:45:00+00:00,18270.0,18283.0055,18268.511,18279.511
2024-07-10 07:50:00+00:00,18278.989,18285.983500000002,18272.489,18281.5
2024-07-10 07:55:00+00:00,18281.0,18286.55,18274.5,18284.489
2024-07-10 08:00:00+00:00,18284.989999999998,18287.928,18276.0055,18284.5
2024-07-10 08:05:00+00:00,18283.601000000002,18294.516499999998,18276.511,18291.4945
2024-07-10 08:10:00+00:00,18292.011,18297.4835,18289.05,18291.55
2024-07-10 08:15:00+00:00,18292.0055,18292.5055,18279.5,18279.5
2024-07-10 08:20:00+00:00,18280.0055,18292.5,18277.45,18285.489
2024-07-10 08:25:00+00:00,18286.05,18306.011,18285.5555,18304.5
2024-07-10 08:30:00+00:00,18303.95,18305.5,18296.5,18301.4945
2024-07-10 08:35:00+00:00,18303.560999999998,18315.516499999998,18302.4945,18302.522
2024-07-10 08:40:00+00:00,18303.5,18304.511,18287.5165,18302.4945
2024-07-10 08:45:00+00:00,18303.511,18303.511,18294.05,18297.5
2024-07-10 08:50:00+00:00,18296.55,18301.489,18292.5,18297.433500000003
2024-07-10 08:55:00+00:00,18298.0055,18311.489,18298.0055,18311.489
2024-07-10 09:00:00+00:00,18310.433500000003,18319.439000000002,18302.4835,18319.439000000002
2024-07-10 09:05:00+00:00,18318.511,18318.560999999998,18304.433500000003,18313.0055
2024-07-10 09:10:00+00:00,18313.566499999997,18333.011,18310.5055,18333.011
2024-07-10 09:15:00+00:00,18333.178999999996,18337.566499999997,18328.978,18335.9945
2024-07-10 09:20:00+00:00,18335.5,18356.478,18334.5,18352.0
2024-07-10 09:25:00+00:00,18352.439000000002,18358.0,18346.011,18349.0055
2024-07-10 09:30:00+00:00,18349.4955,18354.5055,18345.989,18354.5055
2024-07-10 09:35:00+00:00,18355.0,18357.5165,18348.5,18356.478
2024-07-10 09:40:00+00:00,18356.066499999997,18356.511,18341.516499999998,18344.4835
2024-07-10 09:45:00+00:00,18343.983500000002,18353.55,18342.489,18350.4835
2024-07-10 09:50:00+00:00,18349.428,18368.4945,18349.428,18364.4945
2024-07-10 09:55:00+00:00,18366.522,18372.489,18363.5,18371.439000000002
2024-07-10 10:00:00+00:00,18372.478,18386.060999999998,18370.4945,18373.428
2024-07-10 10:05:00+00:00,18373.022,18377.572,18365.511,18377.5055
2024-07-10 10:10:00+00:00,18377.9945,18383.011,18367.45,18376.483500000002
2024-07-10 10:15:00+00:00,18377.478,18382.511,18370.4945,18382.511
2024-07-10 10:20:00+00:00,18381.9835,18383.022,18372.55,18381.428
2024-07-10 10:25:00+00:00,18381.989,18385.4945,18373.489,18376.5055
2024-07-10 10:30:00+00:00,18377.0,18382.9945,18370.016499999998,18373.489
2024-07-10 10:35:00+00:00,18373.933500000003,18375.560999999998,18365.5055,18373.5555
2024-07-10 10:40:00+00:00,18374.0,18379.5555,18371.5165,18373.433500000003
2024-07-10 10:45:00+00:00,18372.511,18372.511,18353.55,18361.428
2024-07-10 10:50:00+00:00,18362.522,18363.4445,18348.489,18360.5
2024-07-10 10:55:00+00:00,18357.4945,18360.983500000002,18350.4945,18354.5055
2024-07-10 11:00:00+00:00,18353.601000000002,18357.55,18349.989,18354.5
2024-07-10 11:05:00+00:00,18351.4835,18362.989,18351.0055,18361.5
2024-07-10 11:10:00+00:00,18360.5055,18361.5,18344.489,18347.5055
2024-07-10 11:15:00+00:00,18347.739999999998,18349.022,18332.5555,18335.0555
2024-07-10 11:20:00+00:00,18334.5,18344.55,18331.0055,18336.560999999998
2024-07-10 11:25:00+00:00,18335.5,18336.433500000003,18324.05,18328.5165
2024-07-10 11:30:00+00:00,18326.5,18334.511,18323.439000000002,18330.5055
2024-07-10 11:35:00+00:00,18332.5,18347.511,18332.5,18344.55
2024-07-10 11:40:00+00:00,18345.5,18354.4835,18345.4445,18354.4835
2024-07-10 11:45:00+00:00,18353.5,18360.066499999997,18349.9445,18356.4945
2024-07-10 11:50:00+00:00,18356.989,18359.5055,18352.489,18357.060999999998
2024-07-10 11:55:00+00:00,18357.566499999997,18363.5055,18352.9945,18356.478
2024-07-10 12:00:00+00:00,18357.5055,18369.05,18356.4945,18366.5165
2024-07-10 12:05:00+00:00,18366.9835,18370.433500000003,18358.4835,18364.511
2024-07-10 12:10:00+00:00,18364.001,18365.5,18354.5055,18364.511
2024-07-10 12:15:00+00:00,18364.011,18367.05,18359.5,18360.45
2024-07-10 12:20:00+00:00,18360.016499999998,18360.4445,18350.489,18351.55
2024-07-10 12:25:00+00:00,18352.011,18359.4945,18351.939000000002,18357.483500000002
2024-07-10 12:30:00+00:00,18356.0055,18359.489,18348.489,18348.489
2024-07-10 12:35:00+00:00,18349.566499999997,18353.489,18346.9945,18353.489
2024-07-10 12:40:00+00:00,18352.95,18352.95,18343.9945,18349.4945
2024-07-10 12:45:00+00:00,18351.433500000003,18351.433500000003,18337.0,18345.4445
2024-07-10 12:50:00+00:00,18346.05,18357.016499999998,18345.5055,18355.478
2024-07-10 12:55:00+00:00,18356.0,18362.560999999998,18351.522,18354.5555
2024-07-10 13:00:00+00:00,18354.5055,18366.0055,18354.5055,18364.560999999998
2024-07-10 13:05:00+00:00,18363.511,18368.483500000002,18357.433500000003,18361.4945
2024-07-10 13:10:00+00:00,18362.511,18365.511,18359.489,18362.5055
2024-07-10 13:15:00+00:00,18364.011,18375.05,18364.011,18371.428
2024-07-10 13:20:00+00:00,18370.983500000002,18382.060999999998,18370.439000000002,18380.5
2024-07-10 13:25:00+00:00,18381.0,18382.45,18370.4445,18371.5055
2024-07-10 13:30:00+00:00,18370.701,18377.05,18361.45,18375.0
2024-07-10 13:35:00+00:00,18375.439000000002,18375.439000000002,18361.0,18371.511
2024-07-10 13:40:00+00:00,18370.428,18385.55,18367.439000000002,18367.5055
2024-07-10 13:45:00+00:00,18367.6845,18373.989,18361.983500000002,18364.511
2024-07-10 13:50:00+00:00,18363.4835,18378.5555,18358.9945,18378.511
2024-07-10 13:55:00+00:00,18378.989,18380.5055,18370.489,18379.489
2024-07-10 14:00:00+00:00,18378.978,18393.5,18378.5055,18392.478
2024-07-10 14:05:00+00:00,18391.478,18398.016499999998,18383.4835,18391.072
2024-07-10 14:10:00+00:00,18391.439000000002,18394.560999999998,18377.5,18377.5
2024-07-10 14:15:00+00:00,18377.0555,18386.5,18375.433500000003,18379.478
2024-07-10 14:20:00+00:00,18379.1955,18380.072,18366.45,18373.489
2024-07-10 14:25:00+00:00,18374.017499999998,18384.489,18374.0,18382.933500000003
2024-07-10 14:30:00+00:00,18383.5,18397.5055,18382.428,18393.0
2024-07-10 14:35:00+00:00,18392.5055,18397.511,18381.433500000003,18384.428
2024-07-10 14:40:00+00:00,18383.712,18388.511,18378.5,18383.433500000003
2024-07-10 14:45:00+00:00,18384.489,18385.560999999998,18371.5,18382.016499999998
2024-07-10 14:50:00+00:00,18382.989,18383.9445,18369.0,18370.5055
2024-07-10 14:55:00+00:00,18371.4445,18386.072,18371.4445,18385.428
2024-07-10 15:00:00+00:00,18385.767499999998,18401.560999999998,18385.478,18389.5
2024-07-10 15:05:00+00:00,18389.0055,18409.060999999998,18388.072,18406.572
2024-07-10 15:10:00+00:00,18406.9835,18413.072,18403.4945,18412.439000000002
2024-07-10 15:15:00+00:00,18411.95,18413.989,18403.9835,18411.428
2024-07-10 15:20:00+00:00,18410.989,18419.0,18410.489,18417.0555
2024-07-10 15:25:00+00:00,18416.55,18422.016499999998,18414.0,18414.9835
2024-07-10 15:30:00+00:00,18414.4945,18416.0,18405.478,18408.928
2024-07-10 15:35:00+00:00,18408.566499999997,18417.5055,18405.9835,18415.560999999998
2024-07-10 15:40:00+00:00,18416.0,18419.978,18414.4945,18414.4945
2024-07-10 15:45:00+00:00,18415.5055,18422.016499999998,18410.0055,18410.0055
2024-07-10 15:50:00+00:00,18409.5,18416.489,18408.933500000003,18415.4945
2024-07-10 15:55:00+00:00,18415.011,18420.989,18414.0555,18420.989
2024-07-10 16:00:00+00:00,18420.5,18420.5,18416.516499999998,18419.5555
2024-07-10 16:05:00+00:00,18421.0,18425.566499999997,18421.0,18422.516499999998
2024-07-10 16:10:00+00:00,18423.483500000002,18430.45,18423.483500000002,18429.5055
2024-07-10 16:15:00+00:00,18430.060999999998,18433.516499999998,18427.022,18428.4945
2024-07-10 16:20:00+00:00,18428.928,18439.566499999997,18428.022,18438.9945
2024-07-10 16:25:00+00:00,18439.762,18441.5,18435.4445,18436.478
2024-07-10 16:30:00+00:00,18435.5,18436.011,18427.05,18427.5
2024-07-10 16:35:00+00:00,18427.022,18430.5,18425.45,18427.0055
2024-07-10 16:40:00+00:00,18427.516499999998,18432.560999999998,18422.978,18431.989
2024-07-10 16:45:00+00:00,18431.489,18433.566499999997,18430.0,18430.511
2024-07-10 16:50:00+00:00,18430.0055,18430.433500000003,18424.978,18425.478
2024-07-10 16:55:00+00:00,18424.989,18431.560999999998,18424.516499999998,18430.0
2024-07-10 17:00:00+00:00,18429.4945,18442.011,18428.5,18442.0
2024-07-10 17:05:00+00:00,18441.5055,18441.989,18434.489,18434.489
2024-07-10 17:10:00+00:00,18435.0,18439.0055,18429.011,18430.433500000003
2024-07-10 17:15:00+00:00,18431.0,18433.511,18428.5,18428.5
2024-07-10 17:20:00+00:00,18429.4945,18429.5,18421.5,18421.5
2024-07-10 17:25:00+00:00,18420.933500000003,18428.0555,18420.522,18426.0055
2024-07-10 17:30:00+00:00,18426.551,18433.060999999998,18426.551,18432.489
2024-07-10 17:35:00+00:00,18432.9945,18432.9945,18427.978,18431.4945
2024-07-10 17:40:00+00:00,18431.072,18434.5,18428.978,18432.989
2024-07-10 17:45:00+00:00,18431.9835,18435.0055,18430.5055,18431.4945
2024-07-10 17:50:00+00:00,18431.9945,18436.011,18431.011,18432.011
2024-07-10 17:55:00+00:00,18432.0,18436.5,18432.0,18434.4945
2024-07-10 18:00:00+00:00,18434.011,18434.011,18424.983500000002,18424.989
2024-07-10 18:05:00+00:00,18425.516499999998,18425.516499999998,18418.9835,18419.05
2024-07-10 18:10:00+00:00,18418.5055,18424.511,18414.9945,18424.511
2024-07-10 18:15:00+00:00,18425.0165,18425.522,18419.428,18423.5055
2024-07-10 18:20:00+00:00,18422.478,18428.5165,18420.939000000002,18423.511
2024-07-10 18:25:00+00:00,18424.0055,18428.5055,18423.433500000003,18427.511
2024-07-10 18:30:00+00:00,18428.0555,18429.4945,18426.511,18428.4945
2024-07-10 18:35:00+00:00,18428.0,18430.516499999998,18428.0,18430.0
2024-07-10 18:40:00+00:00,18429.4945,18429.4945,18424.483500000002,18427.9835
2024-07-10 18:45:00+00:00,18427.478,18434.4445,18426.95,18432.483500000002
2024-07-10 18:50:00+00:00,18433.011,18434.516499999998,18430.4445,18431.489
2024-07-10 18:55:00+00:00,18431.9945,18435.522,18429.95,18435.522
2024-07-10 19:00:00+00:00,18434.4945,18437.522,18432.5,18437.072
2024-07-10 19:05:00+00:00,18437.45,18438.0165,18433.5,18437.4835
2024-07-10 19:10:00+00:00,18436.928,18437.522,18432.483500000002,18434.5
2024-07-10 19:15:00+00:00,18434.011,18436.0,18433.428,18434.4945
2024-07-10 19:20:00+00:00,18434.060999999998,18434.4945,18428.011,18429.5
2024-07-10 19:25:00+00:00,18428.4835,18429.439000000002,18425.572,18426.489
2024-07-10 19:30:00+00:00,18428.5165,18438.5,18428.0055,18433.4835
2024-07-10 19:35:00+00:00,18433.9945,18441.9445,18432.0055,18441.439000000002
2024-07-10 19:40:00+00:00,18440.928,18444.560999999998,18435.4835,18438.4835
2024-07-10 19:45:00+00:00,18438.0165,18450.983500000002,18437.5,18449.4835
2024-07-10 19:50:00+00:00,18448.489,18460.9945,18448.489,18458.5
2024-07-10 19:55:00+00:00,18458.060999999998,18460.5,18454.4835,18454.939000000002
2024-07-10 20:00:00+00:00,18453.5,18456.872,18446.028,18446.95
2024-07-10 20:05:00+00:00,18446.089,18451.0555,18443.633500000004,18450.1945
2024-07-10 20:10:00+00:00,18449.394500000002,18450.222,18446.939000000002,18447.8055
2024-07-10 22:05:00+00:00,18454.922,18454.95,18452.5,18452.5
2024-07-10 22:10:00+00:00,18452.066499999997,18452.5,18450.822,18451.6
2024-07-10 22:15:00+00:00,18452.45,18452.878,18450.728,18451.6555
2024-07-10 22:20:00+00:00,18452.572,18458.266499999998,18452.4945,18458.178
2024-07-10 22:25:00+00:00,18457.4,18458.2,18456.5,18457.4055
2024-07-10 22:30:00+00:00,18456.572,18456.572,18455.628,18455.6945
2024-07-10 22:35:00+00:00,18456.0445,18456.0445,18452.489,18452.5
2024-07-10 22:40:00+00:00,18453.3,18453.3,18452.489,18452.489
2024-07-10 22:45:00+00:00,18451.622,18451.9945,18449.1945,18449.1945
2024-07-10 22:50:00+00:00,18450.072,18452.560999999998,18449.2055,18452.560999999998
2024-07-10 22:55:00+00:00,18451.672,18454.9165,18451.672,18454.172
2024-07-10 23:00:00+00:00,18454.911,18454.911,18453.289,18454.05
2024-07-10 23:05:00+00:00,18453.3,18453.3,18451.605499999998,18451.605499999998
2024-07-10 23:10:00+00:00,18452.522,18453.228,18451.672,18452.489
2024-07-10 23:15:00+00:00,18453.316499999997,18453.366499999996,18451.139000000003,18452.439000000002
2024-07-10 23:20:00+00:00,18451.6,18453.322,18451.6,18451.6
2024-07-10 23:25:00+00:00,18450.75,18450.7945,18449.9835,18450.7945
2024-07-10 23:30:00+00:00,18449.989,18450.011,18448.4055,18449.989
2024-07-10 23:35:00+00:00,18449.133500000004,18452.572,18449.133500000004,18452.572
2024-07-10 23:40:00+00:00,18451.6555,18452.4945,18451.578,18451.610999999997
2024-07-10 23:45:00+00:00,18450.822,18452.5,18450.7945,18450.7945
2024-07-10 23:50:00+00:00,18450.0055,18452.5,18449.139000000003,18450.789
2024-07-10 23:55:00+00:00,18451.2165,18451.6165,18450.789,18451.6165
2024-07-11 00:15:00+00:00,18458.5165,18459.511,18456.45,18458.0555
2024-07-11 00:20:00+00:00,18457.95,18460.428,18447.5555,18448.928
2024-07-11 00:25:00+00:00,18449.516499999998,18449.516499999998,18439.0,18439.0
2024-07-11 00:30:00+00:00,18440.0,18441.55,18431.489,18434.489
2024-07-11 00:35:00+00:00,18434.0,18441.5,18433.95,18439.4445
2024-07-11 00:40:00+00:00,18439.9945,18440.511,18436.572,18439.0
2024-07-11 00:45:00+00:00,18437.439000000002,18437.439000000002,18431.939000000002,18432.428
2024-07-11 00:50:00+00:00,18432.0,18440.5,18430.4835,18438.5555
2024-07-11 00:55:00+00:00,18438.0,18439.566499999997,18436.439000000002,18437.928
2024-07-11 01:00:00+00:00,18438.55,18440.0,18437.45,18439.45
2024-07-11 01:05:00+00:00,18440.0,18440.072,18433.5,18433.5
2024-07-11 01:10:00+00:00,18433.011,18437.5,18433.011,18434.4445
2024-07-11 01:15:00+00:00,18433.9945,18436.0055,18432.9945,18435.511
2024-07-11 01:20:00+00:00,18434.0055,18434.489,18431.489,18431.489
2024-07-11 01:25:00+00:00,18431.933500000003,18439.05,18430.989,18436.0055
2024-07-11 01:30:00+00:00,18435.5,18439.0055,18435.011,18436.4945
2024-07-11 01:35:00+00:00,18437.0,18441.989,18437.0,18441.0
2024-07-11 01:40:00+00:00,18442.5,18447.072,18442.489,18446.5165
2024-07-11 01:45:00+00:00,18445.9835,18447.0165,18444.478,18446.011
2024-07-11 01:50:00+00:00,18446.983500000002,18451.5055,18446.983500000002,18448.489
2024-07-11 01:55:00+00:00,18448.0,18450.5,18448.0,18449.5
2024-07-11 02:00:00+00:00,18449.939000000002,18450.5055,18448.939000000002,18450.5055
2024-07-11 02:05:00+00:00,18451.4945,18453.5055,18450.4945,18450.4945
2024-07-11 02:10:00+00:00,18450.989,18452.4445,18449.489,18452.072
2024-07-11 02:15:00+00:00,18451.439000000002,18454.55,18451.439000000002,18451.566499999997
2024-07-11 02:20:00+00:00,18451.983500000002,18453.5,18451.983500000002,18452.511
2024-07-11 02:25:00+00:00,18453.066499999997,18454.566499999997,18451.4945,18454.566499999997
2024-07-11 02:30:00+00:00,18453.511,18457.011,18453.011,18454.0055
2024-07-11 02:35:00+00:00,18453.516499999998,18454.0,18450.428,18450.428
2024-07-11 02:40:00+00:00,18449.016499999998,18451.516499999998,18443.428,18450.989
2024-07-11 02:45:00+00:00,18451.4945,18453.5055,18450.5055,18452.011
2024-07-11 02:50:00+00:00,18452.5055,18456.4945,18452.011,18453.511
2024-07-11 02:55:00+00:00,18454.489,18454.489,18452.5055,18453.933500000003
2024-07-11 03:00:00+00:00,18452.9945,18452.9945,18450.9945,18452.060999999998
2024-07-11 03:05:00+00:00,18448.428,18449.9945,18443.439000000002,18446.4945
2024-07-11 03:10:00+00:00,18447.4945,18449.011,18445.439000000002,18449.011
2024-07-11 03:15:00+00:00,18447.5,18449.0165,18447.5,18448.439000000002
2024-07-11 03:20:00+00:00,18447.5,18452.560999999998,18447.5,18452.560999999998
2024-07-11 03:25:00+00:00,18451.5555,18451.5555,18451.5555,18451.5555
2024-07-11 03:30:00+00:00,18452.060999999998,18456.9945,18451.4945,18456.439000000002
2024-07-11 03:35:00+00:00,18455.5165,18462.016499999998,18455.0,18459.989
2024-07-11 03:40:00+00:00,18459.55,18460.0165,18456.011,18456.011
2024-07-11 03:45:00+00:00,18456.5055,18459.011,18455.0,18458.489
2024-07-11 03:50:00+00:00,18458.0,18460.05,18457.483500000002,18459.489
2024-07-11 03:55:00+00:00,18458.5165,18463.5,18458.5165,18461.95
2024-07-11 04:00:00+00:00,18461.0055,18461.0055,18457.5055,18460.060999999998
2024-07-11 04:05:00+00:00,18459.4945,18459.9945,18456.0165,18456.5
2024-07-11 04:10:00+00:00,18456.05,18458.4945,18456.0,18456.0
2024-07-11 04:15:00+00:00,18457.022,18458.55,18455.939000000002,18458.0055
2024-07-11 04:20:00+00:00,18458.428,18459.0055,18458.05,18458.489
2024-07-11 04:25:00+00:00,18458.989,18459.489,18458.428,18458.489
2024-07-11 04:30:00+00:00,18457.4835,18457.4835,18455.5,18456.516499999998
2024-07-11 04:35:00+00:00,18457.5165,18457.572,18456.5,18456.5
2024-07-11 04:40:00+00:00,18455.572,18456.5,18455.439000000002,18455.439000000002
2024-07-11 04:45:00+00:00,18455.0055,18455.483500000002,18453.433500000003,18454.011
2024-07-11 04:50:00+00:00,18453.4945,18455.4445,18453.4945,18454.933500000003
2024-07-11 04:55:00+00:00,18454.45,18455.483500000002,18446.511,18446.511
2024-07-11 05:00:00+00:00,18447.4945,18459.0555,18447.4945,18459.0555
2024-07-11 05:05:00+00:00,18460.066499999997,18462.5,18458.989,18459.5
2024-07-11 05:10:00+00:00,18460.0,18462.016499999998,18458.478,18462.016499999998
2024-07-11 05:15:00+00:00,18461.4945,18461.928,18459.511,18461.066499999997
2024-07-11 05:20:00+00:00,18462.0,18464.060999999998,18461.989,18462.9945
2024-07-11 05:25:00+00:00,18463.5,18468.0555,18462.0055,18465.0
2024-07-11 05:30:00+00:00,18464.0555,18467.989,18463.566499999997,18465.0055
2024-07-11 05:35:00+00:00,18465.489,18467.939000000002,18460.483500000002,18460.483500000002
2024-07-11 05:40:00+00:00,18459.989,18464.522,18457.066499999997,18462.011
2024-07-11 05:45:00+00:00,18460.9945,18462.0,18456.0055,18456.5
2024-07-11 05:50:00+00:00,18456.978,18457.5555,18454.5055,18455.511
2024-07-11 05:55:00+00:00,18455.0,18456.522,18451.939000000002,18451.939000000002
2024-07-11 06:00:00+00:00,18456.55,18474.928,18451.0055,18467.566499999997
2024-07-11 06:05:00+00:00,18467.0055,18467.0055,18458.95,18461.428
2024-07-11 06:10:00+00:00,18462.0,18469.4445,18457.489,18459.0165
2024-07-11 06:15:00+00:00,18458.0055,18461.016499999998,18453.9945,18459.5
2024-07-11 06:20:00+00:00,18460.0055,18467.989,18456.928,18464.928
2024-07-11 06:25:00+00:00,18465.428,18477.022,18462.928,18474.011
2024-07-11 06:30:00+00:00,18473.0,18478.5055,18473.0,18475.011
2024-07-11 06:35:00+00:00,18474.0,18478.939000000002,18473.989,18478.0
2024-07-11 06:40:00+00:00,18478.5055,18478.5055,18466.933500000003,18471.978
2024-07-11 06:45:00+00:00,18470.0055,18483.060999999998,18470.0055,18482.0165
2024-07-11 06:50:00+00:00,18481.5055,18496.439000000002,18480.95,18489.978
2024-07-11 06:55:00+00:00,18489.5,18503.989,18489.0055,18489.9945
2024-07-11 07:00:00+00:00,18492.0055,18511.983500000002,18457.511,18458.0
2024-07-11 07:05:00+00:00,18457.489,18458.489,18433.939000000002,18442.0
2024-07-11 07:10:00+00:00,18440.978,18443.0,18429.0,18441.983500000002
2024-07-11 07:15:00+00:00,18442.0,18442.0,18419.9835,18419.9835
2024-07-11 07:20:00+00:00,18419.066499999997,18441.5,18414.989,18430.0165
2024-07-11 07:25:00+00:00,18428.928,18434.9945,18416.989,18420.9835
2024-07-11 07:30:00+00:00,18421.9945,18445.4945,18413.072,18445.0555
2024-07-11 07:35:00+00:00,18443.0,18458.0,18438.489,18447.060999999998
2024-07-11 07:40:00+00:00,18448.0,18458.011,18436.5,18453.05
2024-07-11 07:45:00+00:00,18453.433500000003,18462.0055,18444.4945,18462.0055
2024-07-11 07:50:00+00:00,18461.5,18465.95,18450.989,18457.0
2024-07-11 07:55:00+00:00,18457.566499999997,18460.0555,18446.5055,18454.011
2024-07-11 08:00:00+00:00,18453.489,18466.483500000002,18453.489,18466.0
2024-07-11 08:05:00+00:00,18464.928,18477.072,18462.4945,18464.5555
2024-07-11 08:10:00+00:00,18464.701,18472.016499999998,18457.0055,18471.978
2024-07-11 08:15:00+00:00,18470.978,18479.060999999998,18470.011,18474.011
2024-07-11 08:20:00+00:00,18473.0,18478.928,18465.933500000003,18470.011
2024-07-11 08:25:00+00:00,18469.011,18470.0,18458.9835,18469.0165
2024-07-11 08:30:00+00:00,18469.572999999997,18478.5055,18467.9945,18478.5055
2024-07-11 08:35:00+00:00,18479.072,18480.511,18464.939000000002,18467.5
2024-07-11 08:40:00+00:00,18468.011,18474.4945,18464.9445,18472.989
2024-07-11 08:45:00+00:00,18474.011,18482.5,18470.0055,18470.0055
2024-07-11 08:50:00+00:00,18469.489,18471.9945,18456.560999999998,18463.478
2024-07-11 08:55:00+00:00,18463.939000000002,18467.060999999998,18451.489,18460.5055
2024-07-11 09:00:00+00:00,18460.7565,18460.7565,18444.511,18451.9445
2024-07-11 09:05:00+00:00,18450.05,18455.05,18437.939000000002,18438.066499999997
2024-07-11 09:10:00+00:00,18437.4945,18439.560999999998,18430.933500000003,18430.933500000003
2024-07-11 09:15:00+00:00,18431.928,18442.072,18426.978,18442.072
2024-07-11 09:20:00+00:00,18441.983500000002,18451.5165,18439.433500000003,18450.983500000002
2024-07-11 09:25:00+00:00,18452.439000000002,18452.483500000002,18441.989,18442.933500000003
2024-07-11 09:30:00+00:00,18442.5,18442.5,18430.9945,18433.989
2024-07-11 09:35:00+00:00,18432.9945,18440.011,18428.0,18434.0
2024-07-11 09:40:00+00:00,18433.5165,18451.0,18433.5165,18447.016499999998
2024-07-11 09:45:00+00:00,18446.522,18452.0,18441.016499999998,18442.011
2024-07-11 09:50:00+00:00,18441.05,18445.060999999998,18437.0055,18444.05
2024-07-11 09:55:00+00:00,18442.9945,18453.0055,18442.9945,18446.9835
2024-07-11 10:00:00+00:00,18447.522,18451.522,18438.5055,18448.9945
2024-07-11 10:05:00+00:00,18448.516499999998,18450.45,18444.989,18447.066499999997
2024-07-11 10:10:00+00:00,18448.0,18448.0,18440.9945,18446.011
2024-07-11 10:15:00+00:00,18446.983500000002,18451.5055,18443.0,18450.072
2024-07-11 10:20:00+00:00,18450.989,18458.0555,18449.978,18458.0555
2024-07-11 10:25:00+00:00,18458.5055,18459.0,18448.011,18449.0055
2024-07-11 10:30:00+00:00,18448.560999999998,18448.560999999998,18436.9945,18437.5
2024-07-11 10:35:00+00:00,18437.0,18441.0555,18429.428,18440.4835
2024-07-11 10:40:00+00:00,18441.0165,18442.0,18423.5055,18429.0
2024-07-11 10:45:00+00:00,18428.0,18440.928,18425.933500000003,18437.9945
2024-07-11 10:50:00+00:00,18438.4945,18443.0555,18429.4945,18430.9945
2024-07-11 10:55:00+00:00,18432.066499999997,18445.9945,18429.9945,18445.9945
2024-07-11 11:00:00+00:00,18445.212,18452.0055,18441.928,18448.011
2024-07-11 11:05:00+00:00,18448.5,18452.4945,18443.5555,18446.011
2024-07-11 11:10:00+00:00,18444.9945,18444.9945,18432.989,18432.989
2024-07-11 11:15:00+00:00,18433.933500000003,18444.0055,18433.933500000003,18436.989
2024-07-11 11:20:00+00:00,18436.489,18438.0,18424.0,18424.0
2024-07-11 11:25:00+00:00,18422.9945,18436.011,18421.9945,18434.066499999997
2024-07-11 11:30:00+00:00,18434.516499999998,18442.95,18432.989,18438.072
2024-07-11 11:35:00+00:00,18438.5,18447.0,18437.5,18442.0055
2024-07-11 11:40:00+00:00,18443.016499999998,18447.0055,18442.928,18444.072
2024-07-11 11:45:00+00:00,18444.5555,18449.011,18442.933500000003,18448.060999999998
2024-07-11 11:50:00+00:00,18447.0,18455.05,18444.928,18451.016499999998
2024-07-11 11:55:00+00:00,18451.4445,18461.522,18449.4835,18457.0
2024-07-11 12:00:00+00:00,18457.928,18463.066499999997,18454.433500000003,18458.989
2024-07-11 12:05:00+00:00,18458.011,18468.95,18457.0,18468.4945
2024-07-11 12:10:00+00:00,18469.0055,18472.011,18464.0055,18470.016499999998
2024-07-11 12:15:00+00:00,18470.4945,18474.516499999998,18458.9945,18458.9945
2024-07-11 12:20:00+00:00,18458.101000000002,18467.489,18455.0,18467.0
2024-07-11 12:25:00+00:00,18468.0,18472.522,18458.511,18466.4945
2024-07-11 12:30:00+00:00,18490.572,18580.060999999998,18490.572,18555.9835
2024-07-11 12:35:00+00:00,18554.989,18556.9945,18519.0,18538.933500000003
2024-07-11 12:40:00+00:00,18537.560999999998,18544.978,18498.0,18501.989
2024-07-11 12:45:00+00:00,18502.483500000002,18509.05,18489.5,18498.072
2024-07-11 12:50:00+00:00,18497.011,18497.011,18460.489,18463.011
2024-07-11 12:55:00+00:00,18461.989,18477.0165,18446.066499999997,18446.522
2024-07-11 13:00:00+00:00,18446.227000000003,18466.4945,18438.989,18459.9945
2024-07-11 13:05:00+00:00,18459.5545,18483.9945,18458.933500000003,18483.066499999997
2024-07-11 13:10:00+00:00,18482.488,18492.0055,18473.978,18479.4945
2024-07-11 13:15:00+00:00,18478.9945,18508.978,18478.9945,18502.95
2024-07-11 13:20:00+00:00,18503.4945,18513.4945,18499.072,18504.9445
2024-07-11 13:25:00+00:00,18505.928,18514.5055,18494.95,18513.072
2024-07-11 13:30:00+00:00,18513.5165,18539.0165,18512.0165,18516.011
2024-07-11 13:35:00+00:00,18516.489,18524.0055,18501.0,18505.016499999998
2024-07-11 13:40:00+00:00,18505.5065,18531.516499999998,18499.478,18530.011
2024-07-11 13:45:00+00:00,18530.2565,18534.439000000002,18517.939000000002,18518.9445
2024-07-11 13:50:00+00:00,18519.5065,18522.9945,18504.928,18511.011
2024-07-11 13:55:00+00:00,18512.072,18514.4945,18496.4945,18509.9445
2024-07-11 14:00:00+00:00,18511.0,18537.439000000002,18504.9835,18533.55
2024-07-11 14:05:00+00:00,18534.5,18544.572,18524.0,18534.489
2024-07-11 14:10:00+00:00,18535.011,18543.989,18521.5,18524.0055
2024-07-11 14:15:00+00:00,18524.5065,18541.0,18510.489,18511.95
2024-07-11 14:20:00+00:00,18511.501,18520.060999999998,18499.95,18505.0
2024-07-11 14:25:00+00:00,18503.928,18533.4945,18503.928,18525.0
2024-07-11 14:30:00+00:00,18525.4345,18547.9945,18523.9945,18534.0055
2024-07-11 14:35:00+00:00,18534.989,18543.011,18526.0,18535.9945
2024-07-11 14:40:00+00:00,18536.9835,18545.05,18531.0555,18542.011
2024-07-11 14:45:00+00:00,18542.4345,18558.0,18542.4345,18554.05
2024-07-11 14:50:00+00:00,18554.978,18566.072,18548.0555,18553.066499999997
2024-07-11 14:55:00+00:00,18554.0,18554.0,18541.928,18552.0055
2024-07-11 15:00:00+00:00,18552.501,18565.0,18539.983500000002,18547.9835
2024-07-11 15:05:00+00:00,18547.5,18570.0,18547.5,18568.933500000003
2024-07-11 15:10:00+00:00,18569.9945,18573.511,18551.928,18561.983500000002
2024-07-11 15:15:00+00:00,18561.011,18561.011,18541.011,18544.016499999998
2024-07-11 15:20:00+00:00,18543.5,18551.0055,18531.428,18534.55
2024-07-11 15:25:00+00:00,18535.011,18545.9945,18533.9945,18542.011
2024-07-11 15:30:00+00:00,18541.0165,18546.522,18534.928,18543.989
2024-07-11 15:35:00+00:00,18542.016499999998,18543.011,18531.9945,18537.0
2024-07-11 15:40:00+00:00,18537.511,18539.478,18519.4945,18532.9835
2024-07-11 15:45:00+00:00,18533.489,18546.05,18533.489,18537.072
2024-07-11 15:50:00+00:00,18538.011,18543.022,18530.489,18531.989
2024-07-11 15:55:00+00:00,18531.754500000003,18536.011,18523.4945,18524.011
2024-07-11 16:00:00+00:00,18523.7435,18524.489,18509.9445,18512.9445
2024-07-11 16:05:00+00:00,18512.76,18530.066499999997,18509.933500000003,18527.989
2024-07-11 16:10:00+00:00,18528.245499999997,18532.928,18521.0,18522.0055
2024-07-11 16:15:00+00:00,18522.5055,18523.989,18509.989,18512.0055
2024-07-11 16:20:00+00:00,18512.5,18518.572,18508.066499999997,18516.060999999998
2024-07-11 16:25:00+00:00,18514.9945,18526.9945,18511.9445,18525.989
2024-07-11 16:30:00+00:00,18525.0055,18529.011,18520.011,18526.9445
2024-07-11 16:35:00+00:00,18527.5,18535.0,18523.5,18529.9945
2024-07-11 16:40:00+00:00,18529.4835,18534.989,18527.933500000003,18529.0
2024-07-11 16:45:00+00:00,18530.011,18530.011,18511.5,18514.939000000002
2024-07-11 16:50:00+00:00,18515.522,18519.0055,18509.5055,18515.0
2024-07-11 16:55:00+00:00,18515.511,18527.0,18515.511,18518.0055
2024-07-11 17:00:00+00:00,18519.017499999998,18525.55,18515.0,18515.0
2024-07-11 17:05:00+00:00,18514.488,18531.011,18509.011,18528.0555
2024-07-11 17:10:00+00:00,18528.433500000003,18532.0165,18518.9945,18531.0055
2024-07-11 17:15:00+00:00,18530.299,18535.072,18526.0,18531.4835
2024-07-11 17:20:00+00:00,18531.0055,18536.978,18525.560999999998,18530.072
2024-07-11 17:25:00+00:00,18531.0555,18533.511,18528.933500000003,18533.0055
2024-07-11 17:30:00+00:00,18532.449,18533.0055,18515.489,18518.5
2024-07-11 17:35:00+00:00,18517.5,18521.022,18508.928,18509.989
2024-07-11 17:40:00+00:00,18510.5,18520.016499999998,18509.9945,18518.05
2024-07-11 17:45:00+00:00,18518.489,18519.0,18507.511,18510.483500000002
2024-07-11 17:50:00+00:00,18510.0,18513.4945,18507.978,18509.989
2024-07-11 17:55:00+00:00,18511.060999999998,18516.011,18508.95,18509.9835
2024-07-11 18:00:00+00:00,18510.4845,18512.989,18508.433500000003,18510.022
2024-07-11 18:05:00+00:00,18510.55,18516.05,18508.9835,18513.9945
2024-07-11 18:10:00+00:00,18514.5055,18520.983500000002,18510.9945,18520.983500000002
2024-07-11 18:15:00+00:00,18521.45,18528.0055,18521.0,18524.5
2024-07-11 18:20:00+00:00,18523.489,18531.4945,18520.9945,18522.072
2024-07-11 18:25:00+00:00,18521.489,18522.0055,18512.928,18514.428
2024-07-11 18:30:00+00:00,18514.2435,18530.9945,18514.022,18526.983500000002
2024-07-11 18:35:00+00:00,18527.439000000002,18529.0055,18521.05,18523.983500000002
2024-07-11 18:40:00+00:00,18524.433500000003,18526.0055,18519.983500000002,18525.433500000003
2024-07-11 18:45:00+00:00,18526.0,18527.072,18520.572,18524.978
2024-07-11 18:50:00+00:00,18524.0165,18528.0555,18522.4945,18524.4445
2024-07-11 18:55:00+00:00,18524.983500000002,18528.05,18523.0,18526.511
2024-07-11 19:00:00+00:00,18526.701,18528.011,18519.9945,18523.989
2024-07-11 19:05:00+00:00,18524.5,18525.072,18514.9835,18516.5
2024-07-11 19:10:00+00:00,18517.016499999998,18521.439000000002,18514.933500000003,18520.011
2024-07-11 19:15:00+00:00,18520.5,18528.0,18520.0055,18524.9945
2024-07-11 19:20:00+00:00,18524.511,18525.072,18519.5055,18524.5055
2024-07-11 19:25:00+00:00,18524.016499999998,18525.016499999998,18516.0,18516.989
2024-07-11 19:30:00+00:00,18517.251,18526.066499999997,18517.251,18523.4945
2024-07-11 19:35:00+00:00,18524.0,18536.5,18524.0,18529.511
2024-07-11 19:40:00+00:00,18530.022,18531.5,18518.0055,18518.0055
2024-07-11 19:45:00+00:00,18517.4445,18530.5,18517.4445,18527.9945
2024-07-11 19:50:00+00:00,18528.4955,18532.072,18521.428,18522.55
2024-07-11 19:55:00+00:00,18521.0055,18529.478,18518.011,18518.011
2024-07-11 20:00:00+00:00,18517.489,18519.1835,18505.1,18517.5165
2024-07-11 20:05:00+00:00,18516.6945,18533.139000000003,18514.189000000002,18532.45
2024-07-11 20:10:00+00:00,18533.2055,18533.222,18522.489,18524.9055
2024-07-11 22:05:00+00:00,18516.610999999997,18517.394500000002,18510.016499999998,18511.7
2024-07-11 22:10:00+00:00,18512.572,18513.3,18507.483500000002,18510.0055
2024-07-11 22:15:00+00:00,18510.411,18510.810999999998,18507.4945,18508.3
2024-07-11 22:20:00+00:00,18508.739,18509.2555,18504.144500000002,18506.022
2024-07-11 22:25:00+00:00,18505.2555,18512.766499999998,18505.139000000003,18512.766499999998
2024-07-11 22:30:00+00:00,18513.483500000002,18528.411,18513.483500000002,18525.105499999998
2024-07-11 22:35:00+00:00,18524.6655,18526.716500000002,18521.7445,18524.2
2024-07-11 22:40:00+00:00,18523.4,18524.1945,18520.828,18522.622
2024-07-11 22:45:00+00:00,18521.75,18521.855499999998,18520.105499999998,18520.9
2024-07-11 22:50:00+00:00,18521.8055,18525.894500000002,18521.8055,18525.894500000002
2024-07-11 22:55:00+00:00,18526.7055,18526.7055,18523.4,18525.105499999998
2024-07-11 23:00:00+00:00,18525.889000000003,18529.272,18525.105499999998,18528.389000000003
2024-07-11 23:05:00+00:00,18529.2,18531.7,18528.389000000003,18530.9055
2024-07-11 23:10:00+00:00,18531.310999999998,18535.072,18529.9945,18534.222
2024-07-11 23:15:00+00:00,18533.855499999998,18534.1945,18530.889000000003,18534.15
2024-07-11 23:20:00+00:00,18533.289,18534.216500000002,18528.8835,18528.9
2024-07-11 23:25:00+00:00,18529.7555,18533.011,18529.7555,18531.35
2024-07-11 23:30:00+00:00,18531.728,18532.222,18528.9,18530.4945
2024-07-11 23:35:00+00:00,18531.278,18532.2165,18527.178,18529.633500000004
2024-07-11 23:40:00+00:00,18528.9165,18529.6945,18527.2055,18528.011
2024-07-11 23:45:00+00:00,18527.133500000004,18527.589,18519.75,18521.4665
2024-07-11 23:50:00+00:00,18520.5945,18522.261,18517.6945,18518.105499999998
2024-07-11 23:55:00+00:00,18518.889000000003,18519.8055,18503.9945,18511.483500000002
2024-07-12 00:00:00+00:00,18510.638,18523.4,18507.3165,18520.9665
2024-07-12 00:05:00+00:00,18520.0335,18525.9,18519.239,18522.5945
2024-07-12 00:10:00+00:00,18523.411,18527.1165,18523.411,18526.1835
2024-07-12 00:15:00+00:00,18520.522,18548.5,18519.5055,18548.5
2024-07-12 00:20:00+00:00,18548.55,18555.933500000003,18545.989,18555.933500000003
2024-07-12 00:25:00+00:00,18556.5,18560.522,18555.433500000003,18555.433500000003
2024-07-12 00:30:00+00:00,18555.9945,18560.011,18555.489,18555.978
2024-07-12 00:35:00+00:00,18556.4945,18557.4945,18551.0055,18553.9945
2024-07-12 00:40:00+00:00,18553.7545,18558.5055,18553.433500000003,18556.489
2024-07-12 00:45:00+00:00,18555.566499999997,18555.566499999997,18548.511,18548.5165
2024-07-12 00:50:00+00:00,18546.0,18546.939000000002,18532.0,18533.0055
2024-07-12 00:55:00+00:00,18534.011,18537.560999999998,18529.511,18531.0055
2024-07-12 01:00:00+00:00,18530.0045,18535.9945,18526.4835,18531.011
2024-07-12 01:05:00+00:00,18531.560999999998,18533.0,18523.572,18528.5055
2024-07-12 01:10:00+00:00,18527.439000000002,18538.5,18526.478,18538.0
2024-07-12 01:15:00+00:00,18538.560999999998,18542.560999999998,18536.9945,18538.483500000002
2024-07-12 01:20:00+00:00,18538.011,18539.989,18535.933500000003,18539.989
2024-07-12 01:25:00+00:00,18540.5,18544.05,18539.978,18543.4945
2024-07-12 01:30:00+00:00,18542.933500000003,18543.489,18538.428,18539.0055
2024-07-12 01:35:00+00:00,18542.022,18543.0,18537.989,18538.489
2024-07-12 01:40:00+00:00,18537.433500000003,18541.011,18537.433500000003,18541.011
2024-07-12 01:45:00+00:00,18542.5055,18550.022,18542.0055,18548.516499999998
2024-07-12 01:50:00+00:00,18548.0,18548.55,18541.022,18544.5055
2024-07-12 01:55:00+00:00,18544.928,18549.566499999997,18544.928,18546.0
2024-07-12 02:00:00+00:00,18547.011,18548.011,18539.5,18539.5
2024-07-12 02:05:00+00:00,18539.928,18540.489,18530.0055,18530.4945
2024-07-12 02:10:00+00:00,18530.751,18533.011,18526.55,18526.55
2024-07-12 02:15:00+00:00,18526.0055,18530.0055,18522.5,18530.0055
2024-07-12 02:20:00+00:00,18530.4945,18538.4445,18529.45,18538.4445
2024-07-12 02:25:00+00:00,18539.0055,18546.4945,18538.483500000002,18543.9945
2024-07-12 02:30:00+00:00,18543.4945,18548.439000000002,18542.0055,18542.483500000002
2024-07-12 02:35:00+00:00,18543.4835,18546.4945,18542.016499999998,18546.4945
2024-07-12 02:40:00+00:00,18545.5555,18545.566499999997,18542.939000000002,18544.939000000002
2024-07-12 02:45:00+00:00,18544.4445,18547.0,18544.433500000003,18547.0
2024-07-12 02:50:00+00:00,18546.011,18547.4945,18540.9945,18542.0555
2024-07-12 02:55:00+00:00,18541.511,18542.5055,18539.939000000002,18540.95
2024-07-12 03:00:00+00:00,18541.489,18549.428,18540.95,18540.9945
2024-07-12 03:05:00+00:00,18540.516499999998,18548.4445,18538.928,18548.4445
2024-07-12 03:10:00+00:00,18548.7565,18549.022,18544.989,18547.9835
2024-07-12 03:15:00+00:00,18548.5165,18549.511,18539.933500000003,18539.933500000003
2024-07-12 03:20:00+00:00,18539.522,18540.060999999998,18537.572,18538.011
2024-07-12 03:25:00+00:00,18536.983500000002,18537.4945,18534.4945,18537.4945
2024-07-12 03:30:00+00:00,18538.95,18543.011,18538.95,18542.5
2024-07-12 03:35:00+00:00,18543.428,18546.9835,18542.4835,18545.016499999998
2024-07-12 03:40:00+00:00,18544.511,18550.5,18544.511,18548.9945
2024-07-12 03:45:00+00:00,18548.7655,18548.9945,18548.0165,18548.0165
2024-07-12 03:50:00+00:00,18548.428,18548.428,18542.0555,18545.022
2024-07-12 03:55:00+00:00,18544.45,18545.9445,18543.433500000003,18543.928
2024-07-12 04:00:00+00:00,18542.989,18545.516499999998,18542.0055,18542.0055
2024-07-12 04:05:00+00:00,18542.5165,18546.522,18541.0,18545.060999999998
2024-07-12 04:10:00+00:00,18545.5065,18546.55,18544.4835,18545.95
2024-07-12 04:15:00+00:00,18545.516499999998,18550.5055,18545.516499999998,18549.511
2024-07-12 04:20:00+00:00,18549.0055,18550.566499999997,18548.989,18548.989
2024-07-12 04:25:00+00:00,18549.483500000002,18549.572,18544.5,18546.9945
2024-07-12 04:30:00+00:00,18546.072,18546.072,18540.9445,18542.4945
2024-07-12 04:35:00+00:00,18541.989,18546.439000000002,18541.5,18544.5055
2024-07-12 04:40:00+00:00,18545.05,18551.060999999998,18545.05,18550.5
2024-07-12 04:45:00+00:00,18550.95,18557.511,18550.95,18553.9945
2024-07-12 04:50:00+00:00,18553.4445,18558.0055,18551.5055,18553.011
2024-07-12 04:55:00+00:00,18552.511,18555.566499999997,18549.511,18549.511
2024-07-12 05:00:00+00:00,18550.016499999998,18555.072,18546.983500000002,18552.483500000002
2024-07-12 05:05:00+00:00,18552.0,18554.511,18549.0,18549.5
2024-07-12 05:10:00+00:00,18546.5,18548.0055,18542.439000000002,18543.989
2024-07-12 05:15:00+00:00,18544.2455,18550.0165,18542.433500000003,18548.978
2024-07-12 05:20:00+00:00,18548.5055,18553.483500000002,18548.4835,18551.066499999997
2024-07-12 05:25:00+00:00,18551.428,18554.989,18551.428,18552.433500000003
2024-07-12 05:30:00+00:00,18555.511,18561.511,18552.9945,18552.9945
2024-07-12 05:35:00+00:00,18553.489,18554.5,18546.5,18546.9945
2024-07-12 05:40:00+00:00,18547.511,18558.5055,18546.9945,18556.5055
2024-07-12 05:45:00+00:00,18557.0,18559.5055,18551.4945,18555.5165
2024-07-12 05:50:00+00:00,18556.0055,18559.511,18546.95,18546.95
2024-07-12 05:55:00+00:00,18547.4945,18554.433500000003,18541.9835,18549.0
2024-07-12 06:00:00+00:00,18549.251,18569.522,18549.251,18558.0
2024-07-12 06:05:00+00:00,18558.267499999998,18571.4835,18557.5,18568.511
2024-07-12 06:10:00+00:00,18570.060999999998,18575.522,18564.5055,18564.5055
2024-07-12 06:15:00+00:00,18566.516499999998,18586.560999999998,18564.439000000002,18581.011
2024-07-12 06:20:00+00:00,18580.4835,18590.560999999998,18577.9445,18590.011
2024-07-12 06:25:00+00:00,18590.5,18590.5,18580.4945,18584.4945
2024-07-12 06:30:00+00:00,18584.9945,18589.5555,18578.511,18580.489
2024-07-12 06:35:00+00:00,18581.489,18586.5,18572.989,18574.5055
2024-07-12 06:40:00+00:00,18575.5,18581.522,18571.478,18571.5
2024-07-12 06:45:00+00:00,18570.9945,18574.060999999998,18564.522,18564.522
2024-07-12 06:50:00+00:00,18562.55,18568.5555,18548.5055,18549.0055
2024-07-12 06:55:00+00:00,18548.5055,18562.5,18547.983500000002,18560.072
2024-07-12 07:00:00+00:00,18558.439000000002,18595.4945,18558.439000000002,18575.566499999997
2024-07-12 07:05:00+00:00,18574.5,18588.5055,18566.5055,18582.0
2024-07-12 07:10:00+00:00,18582.311999999998,18582.560999999998,18553.5055,18560.5
2024-07-12 07:15:00+00:00,18559.516499999998,18561.511,18542.489,18546.5555
2024-07-12 07:20:00+00:00,18546.4445,18568.489,18545.489,18566.433500000003
2024-07-12 07:25:00+00:00,18566.95,18572.5055,18545.928,18550.483500000002
2024-07-12 07:30:00+00:00,18550.011,18563.511,18546.428,18547.560999999998
2024-07-12 07:35:00+00:00,18548.4945,18548.4945,18532.4945,18538.566499999997
2024-07-12 07:40:00+00:00,18536.989,18543.4445,18529.439000000002,18534.4835
2024-07-12 07:45:00+00:00,18533.5165,18546.060999999998,18529.5,18545.522
2024-07-12 07:50:00+00:00,18545.072,18552.566499999997,18538.4945,18538.4945
2024-07-12 07:55:00+00:00,18538.2435,18556.566499999997,18537.5055,18551.5555
2024-07-12 08:00:00+00:00,18552.928999999996,18579.511,18552.4445,18577.433500000003
2024-07-12 08:05:00+00:00,18578.511,18581.5555,18566.0055,18568.560999999998
2024-07-12 08:10:00+00:00,18569.0055,18574.05,18559.4945,18560.4945
2024-07-12 08:15:00+00:00,18560.2655,18581.0,18559.5,18573.978
2024-07-12 08:20:00+00:00,18572.433500000003,18588.572,18570.4835,18588.5055
2024-07-12 08:25:00+00:00,18587.489,18606.5055,18586.5,18586.5
2024-07-12 08:30:00+00:00,18587.983500000002,18600.9945,18586.5055,18597.522
2024-07-12 08:35:00+00:00,18597.9945,18602.5055,18589.066499999997,18597.066499999997
2024-07-12 08:40:00+00:00,18597.55,18599.511,18589.5,18594.5
2024-07-12 08:45:00+00:00,18595.4835,18607.9445,18595.4835,18606.439000000002
2024-07-12 08:50:00+00:00,18606.0555,18606.0555,18598.0,18601.5055
2024-07-12 08:55:00+00:00,18600.516499999998,18606.572,18591.5,18604.5555
2024-07-12 09:00:00+00:00,18605.4945,18607.072,18590.939000000002,18598.511
2024-07-12 09:05:00+00:00,18598.0055,18603.5,18590.5,18595.489
2024-07-12 09:10:00+00:00,18595.071000000004,18600.5055,18590.489,18593.066499999997
2024-07-12 09:15:00+00:00,18592.738,18595.928,18585.566499999997,18587.5
2024-07-12 09:20:00+00:00,18586.989,18588.489,18566.5055,18568.428
2024-07-12 09:25:00+00:00,18567.0055,18567.0055,18554.566499999997,18565.5
2024-07-12 09:30:00+00:00,18565.3155,18568.5055,18555.428,18566.55
2024-07-12 09:35:00+00:00,18564.989,18568.5055,18561.478,18564.5
2024-07-12 09:40:00+00:00,18563.05,18579.5,18563.05,18578.5555
2024-07-12 09:45:00+00:00,18577.928,18578.522,18566.55,18569.0055
2024-07-12 09:50:00+00:00,18569.55,18576.511,18567.983500000002,18568.428
2024-07-12 09:55:00+00:00,18568.299,18579.511,18567.4945,18574.5555
2024-07-12 10:00:00+00:00,18573.5,18585.439000000002,18573.0165,18573.489
2024-07-12 10:05:00+00:00,18571.989,18579.0,18570.928,18574.489
2024-07-12 10:10:00+00:00,18573.5055,18581.572,18572.011,18580.4945
2024-07-12 10:15:00+00:00,18579.989,18586.0055,18579.989,18585.483500000002
2024-07-12 10:20:00+00:00,18586.0055,18591.572,18582.5055,18587.5
2024-07-12 10:25:00+00:00,18588.5055,18592.4835,18582.0,18590.5
2024-07-12 10:30:00+00:00,18590.983500000002,18606.572,18590.983500000002,18605.439000000002
2024-07-12 10:35:00+00:00,18606.566499999997,18616.5055,18605.0055,18616.5055
2024-07-12 10:40:00+00:00,18616.928,18624.511,18615.011,18623.022
2024-07-12 10:45:00+00:00,18622.511,18629.066499999997,18610.439000000002,18611.4445
2024-07-12 10:50:00+00:00,18612.066499999997,18615.0,18603.9445,18609.439000000002
2024-07-12 10:55:00+00:00,18608.489,18621.939000000002,18604.5,18618.572
2024-07-12 11:00:00+00:00,18618.7565,18624.989,18613.428,18613.45
2024-07-12 11:05:00+00:00,18614.5055,18619.560999999998,18606.989,18608.428
2024-07-12 11:10:00+00:00,18610.5555,18619.4945,18604.572,18605.4945
2024-07-12 11:15:00+00:00,18605.2545,18616.4945,18604.489,18611.511
2024-07-12 11:20:00+00:00,18610.5055,18615.55,18603.5165,18604.566499999997
2024-07-12 11:25:00+00:00,18605.428,18613.5,18603.4945,18606.5165
2024-07-12 11:30:00+00:00,18605.4945,18612.511,18604.9945,18609.433500000003
2024-07-12 11:35:00+00:00,18610.4445,18612.5,18602.560999999998,18604.511
2024-07-12 11:40:00+00:00,18605.5,18607.511,18600.439000000002,18603.4945
2024-07-12 11:45:00+00:00,18602.983500000002,18611.483500000002,18601.011,18611.483500000002
2024-07-12 11:50:00+00:00,18610.983500000002,18615.9945,18609.45,18610.5055
2024-07-12 11:55:00+00:00,18609.5,18615.4945,18605.989,18615.4945
2024-07-12 12:00:00+00:00,18615.7455,18628.489,18615.4835,18624.5
2024-07-12 12:05:00+00:00,18623.572,18626.45,18614.478,18619.489
2024-07-12 12:10:00+00:00,18618.511,18619.9945,18608.4835,18610.0
2024-07-12 12:15:00+00:00,18610.439000000002,18612.4945,18594.0,18595.5
2024-07-12 12:20:00+00:00,18595.95,18597.511,18578.483500000002,18580.439000000002
2024-07-12 12:25:00+00:00,18581.0,18597.978,18581.0,18596.4445
2024-07-12 12:30:00+00:00,18595.433500000003,18595.433500000003,18533.95,18590.0055
2024-07-12 12:35:00+00:00,18589.55,18593.572,18568.489,18568.489
2024-07-12 12:40:00+00:00,18567.566499999997,18596.4945,18565.511,18587.5055
2024-07-12 12:45:00+00:00,18586.483500000002,18602.5,18578.5,18598.478
2024-07-12 12:50:00+00:00,18599.0555,18615.066499999997,18595.45,18606.060999999998
2024-07-12 12:55:00+00:00,18604.9945,18610.5,18598.0,18607.989
2024-07-12 13:00:00+00:00,18608.501,18622.4945,18604.0,18605.0
2024-07-12 13:05:00+00:00,18606.928,18614.983500000002,18601.928,18601.928
2024-07-12 13:10:00+00:00,18600.4945,18610.560999999998,18592.989,18601.072
2024-07-12 13:15:00+00:00,18601.239999999998,18606.016499999998,18594.9945,18594.9945
2024-07-12 13:20:00+00:00,18593.989,18616.022,18593.989,18616.0
2024-07-12 13:25:00+00:00,18615.5,18619.0555,18608.933500000003,18611.978
2024-07-12 13:30:00+00:00,18612.517499999998,18623.9445,18610.9945,18621.4945
2024-07-12 13:35:00+00:00,18622.0065,18642.483500000002,18618.95,18639.511
2024-07-12 13:40:00+00:00,18640.5,18646.483500000002,18628.9945,18629.4945
2024-07-12 13:45:00+00:00,18630.0155,18643.978,18623.489,18641.428
2024-07-12 13:50:00+00:00,18640.4945,18650.522,18631.0055,18647.0055
2024-07-12 13:55:00+00:00,18647.322999999997,18660.5,18647.322999999997,18654.489
2024-07-12 14:00:00+00:00,18653.0055,18674.011,18653.0055,18661.511
2024-07-12 14:05:00+00:00,18662.551,18677.516499999998,18662.011,18674.5055
2024-07-12 14:10:00+00:00,18675.0055,18717.55,18673.4945,18715.5055
2024-07-12 14:15:00+00:00,18715.2435,18729.511,18709.4835,18728.5055
2024-07-12 14:20:00+00:00,18727.989,18730.978,18712.5,18721.516499999998
2024-07-12 14:25:00+00:00,18722.5,18748.072,18718.572,18741.483500000002
2024-07-12 14:30:00+00:00,18741.74,18756.4945,18735.0055,18754.5055
2024-07-12 14:35:00+00:00,18753.5,18757.522,18745.4945,18753.433500000003
2024-07-12 14:40:00+00:00,18753.0165,18758.05,18743.489,18750.483500000002
2024-07-12 14:45:00+00:00,18749.9445,18768.511,18746.5,18763.939000000002
2024-07-12 14:50:00+00:00,18764.2565,18764.5,18752.439000000002,18759.0055
2024-07-12 14:55:00+00:00,18759.560999999998,18764.572,18756.489,18760.5555
2024-07-12 15:00:00+00:00,18760.4445,18778.478,18756.4945,18772.433500000003
2024-07-12 15:05:00+00:00,18772.978,18777.511,18763.5055,18768.9835
2024-07-12 15:10:00+00:00,18769.4445,18782.572,18766.9945,18782.572
2024-07-12 15:15:00+00:00,18782.822999999997,18782.9945,18767.433500000003,18773.511
2024-07-12 15:20:00+00:00,18774.5055,18777.5555,18766.978,18771.5055
2024-07-12 15:25:00+00:00,18771.0055,18776.011,18768.4945,18769.9945
2024-07-12 15:30:00+00:00,18770.501,18773.0055,18751.9945,18754.439000000002
2024-07-12 15:35:00+00:00,18754.7455,18762.0,18750.4835,18761.989
2024-07-12 15:40:00+00:00,18762.4835,18762.5,18756.489,18761.566499999997
2024-07-12 15:45:00+00:00,18763.05,18764.560999999998,18755.0055,18756.05
2024-07-12 15:50:00+00:00,18755.511,18758.55,18750.9945,18757.55
2024-07-12 15:55:00+00:00,18758.0,18759.511,18740.983500000002,18740.983500000002
2024-07-12 16:00:00+00:00,18740.321000000004,18746.5,18736.483500000002,18741.572
2024-07-12 16:05:00+00:00,18741.0055,18742.9945,18727.95,18730.0
2024-07-12 16:10:00+00:00,18730.1955,18738.55,18729.939000000002,18732.55
2024-07-12 16:15:00+00:00,18732.0165,18744.5555,18732.0165,18739.5
2024-07-12 16:20:00+00:00,18739.0,18740.522,18735.933500000003,18737.55
2024-07-12 16:25:00+00:00,18737.983500000002,18738.566499999997,18731.9945,18733.45
2024-07-12 16:30:00+00:00,18733.0055,18739.489,18732.983500000002,18739.489
2024-07-12 16:35:00+00:00,18739.751,18746.928,18739.751,18745.489
2024-07-12 16:40:00+00:00,18746.016499999998,18749.060999999998,18743.4835,18746.428
2024-07-12 16:45:00+00:00,18746.011,18750.0055,18742.522,18742.522
2024-07-12 16:50:00+00:00,18742.0555,18749.0,18738.516499999998,18748.489
2024-07-12 16:55:00+00:00,18749.0055,18754.5,18746.933500000003,18753.489
2024-07-12 17:00:00+00:00,18753.0055,18754.55,18750.989,18754.522
2024-07-12 17:05:00+00:00,18753.483500000002,18756.016499999998,18751.9945,18756.0
2024-07-12 17:10:00+00:00,18755.489,18762.072,18755.483500000002,18756.9945
2024-07-12 17:15:00+00:00,18757.2455,18760.933500000003,18757.2455,18758.439000000002
2024-07-12 17:20:00+00:00,18758.0,18760.5055,18756.928,18760.0
2024-07-12 17:25:00+00:00,18761.4945,18761.4945,18753.5165,18757.5165
2024-07-12 17:30:00+00:00,18756.5,18761.5,18753.0555,18761.5
2024-07-12 17:35:00+00:00,18761.9445,18763.0055,18760.433500000003,18762.0055
2024-07-12 17:40:00+00:00,18761.45,18769.016499999998,18759.478,18768.428
2024-07-12 17:45:00+00:00,18767.978,18776.4835,18767.939000000002,18775.45
2024-07-12 17:50:00+00:00,18775.022,18776.511,18772.433500000003,18774.489
2024-07-12 17:55:00+00:00,18773.9945,18776.989,18758.5,18759.4945
2024-07-12 18:00:00+00:00,18759.2435,18763.072,18754.5055,18762.989
2024-07-12 18:05:00+00:00,18762.4445,18764.5055,18758.478,18761.566499999997
2024-07-12 18:10:00+00:00,18761.989,18764.511,18758.5,18758.5055
2024-07-12 18:15:00+00:00,18759.489,18761.95,18758.4945,18758.516499999998
2024-07-12 18:20:00+00:00,18758.0,18758.560999999998,18750.95,18752.4945
2024-07-12 18:25:00+00:00,18752.0,18757.511,18749.072,18757.5
2024-07-12 18:30:00+00:00,18756.9445,18757.0555,18750.428,18750.511
2024-07-12 18:35:00+00:00,18750.701,18756.072,18749.4945,18756.072
2024-07-12 18:40:00+00:00,18755.5,18756.0055,18750.9835,18752.4835
2024-07-12 18:45:00+00:00,18752.939000000002,18755.433500000003,18751.95,18753.4945
2024-07-12 18:50:00+00:00,18752.989,18752.989,18747.928,18749.489
2024-07-12 18:55:00+00:00,18748.928,18754.4945,18748.928,18754.0
2024-07-12 19:00:00+00:00,18753.433500000003,18755.4945,18751.022,18751.5
2024-07-12 19:05:00+00:00,18751.983500000002,18752.928,18745.5055,18746.0
2024-07-12 19:10:00+00:00,18746.5555,18748.0,18740.933500000003,18743.5
2024-07-12 19:15:00+00:00,18744.0,18744.45,18741.989,18742.95
2024-07-12 19:20:00+00:00,18742.55,18745.489,18740.45,18744.4445
2024-07-12 19:25:00+00:00,18743.9945,18747.022,18741.95,18744.511
2024-07-12 19:30:00+00:00,18745.0055,18745.0055,18727.939000000002,18739.489
2024-07-12 19:35:00+00:00,18739.177000000003,18741.433500000003,18730.072,18731.5055
2024-07-12 19:40:00+00:00,18732.001,18732.5055,18720.9445,18726.483500000002
2024-07-12 19:45:00+00:00,18727.439000000002,18734.5165,18724.4835,18729.011
2024-07-12 19:50:00+00:00,18728.0155,18728.0155,18715.428,18724.4445
2024-07-12 19:55:00+00:00,18723.5,18724.9945,18711.9945,18713.0
2024-07-15 00:00:00+00:00,18724.7055,18725.566499999997,18715.428,18715.55
2024-07-15 00:05:00+00:00,18716.3055,18723.016499999998,18715.489,18721.2945
2024-07-15 00:10:00+00:00,18720.483500000002,18723.872,18720.483500000002,18722.011
2024-07-15 00:15:00+00:00,18720.5055,18730.022,18714.4945,18718.989
2024-07-15 00:20:00+00:00,18719.072,18720.9445,18714.95,18717.522
2024-07-15 00:25:00+00:00,18716.439000000002,18720.072,18714.939000000002,18716.45
2024-07-15 00:30:00+00:00,18717.0,18721.0165,18716.5,18717.489
2024-07-15 00:35:00+00:00,18718.0555,18722.9835,18717.433500000003,18721.566499999997
2024-07-15 00:40:00+00:00,18721.0165,18722.489,18716.022,18717.433500000003
2024-07-15 00:45:00+00:00,18718.0055,18722.0055,18717.5055,18718.511
2024-07-15 00:50:00+00:00,18717.983500000002,18718.511,18714.5,18717.0165
2024-07-15 00:55:00+00:00,18716.5555,18718.5165,18714.489,18715.5055
2024-07-15 01:00:00+00:00,18716.428,18721.483500000002,18713.522,18715.522
2024-07-15 01:05:00+00:00,18716.511,18716.511,18711.0,18711.0
2024-07-15 01:10:00+00:00,18710.489,18712.5,18709.489,18711.0055
2024-07-15 01:15:00+00:00,18710.0,18719.0055,18709.5055,18714.0
2024-07-15 01:20:00+00:00,18713.560999999998,18717.0,18712.45,18714.522
2024-07-15 01:25:00+00:00,18713.95,18717.0055,18709.566499999997,18710.511
2024-07-15 01:30:00+00:00,18710.989,18711.9945,18706.439000000002,18706.439000000002
2024-07-15 01:35:00+00:00,18707.066499999997,18711.989,18701.989,18711.4945
2024-07-15 01:40:00+00:00,18712.5055,18713.4445,18709.483500000002,18710.0
2024-07-15 01:45:00+00:00,18709.4945,18711.489,18704.45,18711.489
2024-07-15 01:50:00+00:00,18711.0,18712.0,18709.45,18709.483500000002
2024-07-15 01:55:00+00:00,18710.05,18711.022,18706.45,18711.022
2024-07-15 02:00:00+00:00,18711.522,18713.566499999997,18710.489,18712.566499999997
2024-07-15 02:05:00+00:00,18711.5055,18717.5055,18711.5055,18717.5055
2024-07-15 02:10:00+00:00,18716.560999999998,18718.060999999998,18711.989,18711.989
2024-07-15 02:15:00+00:00,18711.0055,18711.5055,18706.478,18707.478
2024-07-15 02:20:00+00:00,18708.022,18712.5,18707.928,18711.072
2024-07-15 02:25:00+00:00,18711.5055,18714.011,18711.5055,18712.9945
2024-07-15 02:30:00+00:00,18712.511,18712.511,18708.0055,18710.983500000002
2024-07-15 02:40:00+00:00,18710.511,18710.511,18708.928,18710.483500000002
2024-07-15 02:45:00+00:00,18711.05,18712.522,18710.45,18711.05
2024-07-15 02:50:00+00:00,18710.511,18712.0,18707.4945,18712.0
2024-07-15 02:55:00+00:00,18710.5055,18711.9835,18710.5,18710.5
2024-07-15 03:00:00+00:00,18710.0,18711.933500000003,18707.483500000002,18711.933500000003
2024-07-15 03:05:00+00:00,18712.516499999998,18715.022,18711.483500000002,18714.428
2024-07-15 03:10:00+00:00,18714.0,18715.4945,18710.989,18711.4945
2024-07-15 03:15:00+00:00,18711.928,18712.489,18708.45,18708.45
2024-07-15 03:20:00+00:00,18708.989,18711.5,18708.989,18711.5
2024-07-15 03:25:00+00:00,18712.022,18712.516499999998,18709.5,18711.95
2024-07-15 03:30:00+00:00,18711.5,18712.489,18708.511,18708.511
2024-07-15 03:35:00+00:00,18707.511,18708.511,18706.072,18706.928
2024-07-15 03:40:00+00:00,18706.4945,18707.5,18702.4835,18702.5055
2024-07-15 03:45:00+00:00,18703.0055,18703.060999999998,18702.060999999998,18702.5
2024-07-15 03:50:00+00:00,18702.933500000003,18703.060999999998,18702.5,18702.5055
2024-07-15 03:55:00+00:00,18702.989,18702.9945,18701.0,18701.0055
2024-07-15 04:00:00+00:00,18701.928,18702.066499999997,18698.478,18698.478
2024-07-15 04:05:00+00:00,18698.939000000002,18699.989,18698.478,18698.5055
2024-07-15 04:10:00+00:00,18699.0,18699.0,18695.4445,18697.4445
2024-07-15 04:15:00+00:00,18696.489,18699.9945,18695.4445,18698.0
2024-07-15 04:20:00+00:00,18698.5055,18698.5165,18697.5,18698.05
2024-07-15 04:25:00+00:00,18697.4945,18698.516499999998,18696.0055,18698.4835
2024-07-15 04:30:00+00:00,18697.5055,18708.0,18697.5055,18708.0
2024-07-15 04:35:00+00:00,18708.5055,18709.011,18706.0055,18707.0
2024-07-15 04:40:00+00:00,18707.55,18711.072,18706.016499999998,18711.072
2024-07-15 04:45:00+00:00,18710.0055,18710.516499999998,18708.5055,18708.983500000002
2024-07-15 04:50:00+00:00,18709.433500000003,18712.560999999998,18709.433500000003,18712.560999999998
2024-07-15 04:55:00+00:00,18712.022,18713.011,18709.4445,18710.489
2024-07-15 05:00:00+00:00,18709.928,18712.0,18707.066499999997,18707.066499999997
2024-07-15 05:05:00+00:00,18707.483500000002,18707.483500000002,18700.5,18701.0055
2024-07-15 05:10:00+00:00,18701.566499999997,18705.0165,18700.0,18700.4945
2024-07-15 05:15:00+00:00,18700.05,18700.05,18685.4835,18687.5
2024-07-15 05:20:00+00:00,18686.933500000003,18700.572,18686.5055,18691.95
2024-07-15 05:25:00+00:00,18692.5055,18698.489,18692.5055,18698.489
2024-07-15 05:30:00+00:00,18697.95,18698.5055,18692.95,18693.989
2024-07-15 05:35:00+00:00,18694.489,18698.572,18694.0,18696.989
2024-07-15 05:40:00+00:00,18697.516499999998,18705.560999999998,18697.016499999998,18704.489
2024-07-15 05:45:00+00:00,18705.0,18711.566499999997,18702.939000000002,18710.0055
2024-07-15 05:50:00+00:00,18710.5165,18715.522,18710.5165,18714.0
2024-07-15 05:55:00+00:00,18714.5165,18715.5055,18706.978,18709.9945
2024-07-15 06:00:00+00:00,18709.428,18710.011,18680.560999999998,18690.489
2024-07-15 06:05:00+00:00,18689.989,18692.0,18681.516499999998,18687.011
2024-07-15 06:10:00+00:00,18688.5055,18697.433500000003,18685.060999999998,18692.483500000002
2024-07-15 06:15:00+00:00,18693.066499999997,18695.5055,18690.560999999998,18694.433500000003
2024-07-15 06:20:00+00:00,18694.011,18699.0,18688.5055,18690.560999999998
2024-07-15 06:25:00+00:00,18690.9835,18695.4945,18688.016499999998,18691.983500000002
2024-07-15 06:30:00+00:00,18691.0,18703.060999999998,18687.9945,18700.5055
2024-07-15 06:35:00+00:00,18701.011,18706.0,18698.0165,18704.989
2024-07-15 06:40:00+00:00,18705.566499999997,18710.4945,18700.928,18705.989
2024-07-15 06:45:00+00:00,18706.4945,18707.983500000002,18698.478,18700.0555
2024-07-15 06:50:00+00:00,18699.572,18700.0,18696.989,18697.022
2024-07-15 06:55:00+00:00,18696.4945,18701.0555,18689.989,18697.011
2024-07-15 07:00:00+00:00,18696.011,18717.5,18692.9945,18705.939000000002
2024-07-15 07:05:00+00:00,18705.572,18711.05,18686.928,18688.066499999997
2024-07-15 07:10:00+00:00,18686.978,18709.0,18682.933500000003,18704.022
2024-07-15 07:15:00+00:00,18703.011,18716.989,18699.0,18706.022
2024-07-15 07:20:00+00:00,18704.0,18717.9945,18699.95,18705.511
2024-07-15 07:25:00+00:00,18706.5,18709.989,18691.0165,18697.516499999998
2024-07-15 07:30:00+00:00,18696.489,18705.478,18692.489,18694.5
2024-07-15 07:35:00+00:00,18694.072,18708.489,18691.0055,18698.5
2024-07-15 07:40:00+00:00,18697.5055,18698.5,18685.5055,18696.511
2024-07-15 07:45:00+00:00,18697.051,18707.566499999997,18694.5055,18696.983500000002
2024-07-15 07:50:00+00:00,18697.439000000002,18714.5,18697.439000000002,18711.5055
2024-07-15 07:55:00+00:00,18712.0055,18724.5,18705.511,18724.489
2024-07-15 08:00:00+00:00,18724.0055,18729.428,18714.4445,18718.5
2024-07-15 08:05:00+00:00,18717.428,18724.4,18709.4055,18720.3335
2024-07-15 08:10:00+00:00,18721.411,18728.383500000004,18714.3445,18716.389000000003
2024-07-15 08:15:00+00:00,18714.4055,18731.961,18710.9055,18728.4
2024-07-15 08:20:00+00:00,18727.3445,18730.45,18705.472,18706.4055
2024-07-15 08:25:00+00:00,18705.889000000003,18714.9055,18703.383500000004,18703.45
2024-07-15 08:30:00+00:00,18702.394500000002,18719.4055,18700.389000000003,18715.9
2024-07-15 08:35:00+00:00,18716.151,18731.378,18715.889000000003,18725.4665
2024-07-15 08:40:00+00:00,18724.878,18733.9165,18722.3335,18726.4
2024-07-15 08:45:00+00:00,18725.4,18731.389000000003,18720.461,18721.422
2024-07-15 08:50:00+00:00,18719.9055,18724.389000000003,18711.4,18713.411
2024-07-15 08:55:00+00:00,18713.221,18714.472,18705.4055,18714.4165
2024-07-15 09:00:00+00:00,18713.898999999998,18719.4,18704.4,18713.422
2024-07-15 09:05:00+00:00,18714.389000000003,18715.4,18702.328,18715.4
2024-07-15 09:10:00+00:00,18714.894500000002,18720.4665,18708.45,18716.394500000002
2024-07-15 09:15:00+00:00,18715.411,18720.378,18711.4,18720.378
2024-07-15 09:20:00+00:00,18720.9065,18725.461,18719.3335,18723.894500000002
2024-07-15 09:25:00+00:00,18722.411,18743.7835,18721.4055,18741.810999999998
2024-07-15 09:30:00+00:00,18742.29,18748.278,18731.0335,18737.110999999997
2024-07-15 09:35:00+00:00,18737.6,18738.589,18729.0945,18734.089
2024-07-15 09:40:00+00:00,18733.539,18734.172,18724.0335,18732.1
2024-07-15 09:45:00+00:00,18731.0835,18731.0835,18720.578,18726.0945
2024-07-15 09:50:00+00:00,18725.6,18732.1665,18723.55,18728.1
2024-07-15 09:55:00+00:00,18729.0835,18731.110999999997,18713.6,18718.5335
2024-07-15 10:00:00+00:00,18719.5835,18728.172,18717.1,18726.616499999996
2024-07-15 10:05:00+00:00,18726.110999999997,18728.1,18717.028,18717.028
2024-07-15 10:10:00+00:00,18718.110999999997,18729.110999999997,18715.122,18729.105499999998
2024-07-15 10:15:00+00:00,18730.122,18730.610999999997,18715.6,18720.110999999997
2024-07-15 10:20:00+00:00,18719.15,18728.1,18715.1,18719.105499999998
2024-07-15 10:25:00+00:00,18720.0445,18725.66,18711.610999999997,18722.0945
2024-07-15 10:30:00+00:00,18721.105499999998,18726.1,18718.6,18718.605499999998
2024-07-15 10:35:00+00:00,18717.55,18718.1,18710.089,18714.0945
2024-07-15 10:40:00+00:00,18714.5835,18717.0945,18706.1,18708.028
2024-07-15 10:45:00+00:00,18707.0335,18712.122,18706.1,18707.1165
2024-07-15 10:50:00+00:00,18706.6,18710.0945,18704.172,18709.110999999997
2024-07-15 10:55:00+00:00,18710.105499999998,18712.622,18705.55,18706.15
2024-07-15 11:00:00+00:00,18704.5945,18710.172,18703.6,18708.610999999997
2024-07-15 11:05:00+00:00,18709.05,18710.0945,18696.122,18698.028
2024-07-15 11:10:00+00:00,18697.605499999998,18698.110999999997,18675.078,18679.105499999998
2024-07-15 11:15:00+00:00,18679.539,18681.05,18669.1,18678.1
2024-07-15 11:20:00+00:00,18677.110999999997,18677.110999999997,18662.089,18671.6
2024-07-15 11:25:00+00:00,18671.105499999998,18683.610999999997,18671.105499999998,18675.089
2024-07-15 11:30:00+00:00,18674.089,18687.105499999998,18674.089,18675.116499999996
2024-07-15 11:35:00+00:00,18676.589,18676.622,18663.039,18667.0445
2024-07-15 11:40:00+00:00,18667.528,18667.528,18658.078,18659.15
2024-07-15 11:45:00+00:00,18658.1,18664.0945,18652.5445,18664.0335
2024-07-15 11:50:00+00:00,18662.0945,18674.172,18660.105499999998,18665.1165
2024-07-15 11:55:00+00:00,18664.028,18666.105499999998,18658.161,18663.1
2024-07-15 12:00:00+00:00,18662.604499999998,18667.078,18654.089,18666.110999999997
2024-07-15 12:05:00+00:00,18666.6,18672.1555,18664.078,18664.1665
2024-07-15 12:10:00+00:00,18664.605499999998,18672.122,18662.5445,18666.605499999998
2024-07-15 12:15:00+00:00,18665.605499999998,18665.605499999998,18652.6,18655.578
2024-07-15 12:20:00+00:00,18656.110999999997,18663.105499999998,18652.1,18663.105499999998
2024-07-15 12:25:00+00:00,18662.0445,18665.172,18659.0945,18665.110999999997
2024-07-15 12:30:00+00:00,18667.65,18667.65,18651.122,18660.0945
2024-07-15 12:35:00+00:00,18659.605499999998,18667.0945,18658.6,18662.0945
2024-07-15 12:40:00+00:00,18661.588,18662.0945,18649.089,18652.122
2024-07-15 12:45:00+00:00,18653.089,18658.55,18643.589,18644.672
2024-07-15 12:50:00+00:00,18644.1155,18647.1,18634.6,18635.110999999997
2024-07-15 12:55:00+00:00,18634.610999999997,18635.610999999997,18624.610999999997,18625.0945
2024-07-15 13:00:00+00:00,18624.849,18632.0445,18616.1665,18631.105499999998
2024-07-15 13:05:00+00:00,18630.6155,18635.6,18621.0945,18622.6555
2024-07-15 13:10:00+00:00,18623.1165,18628.1165,18612.1,18617.116499999996
2024-07-15 13:15:00+00:00,18616.1,18618.110999999997,18607.578,18609.15
2024-07-15 13:20:00+00:00,18609.661,18621.65,18605.0445,18614.6
2024-07-15 13:25:00+00:00,18614.0945,18625.116499999996,18611.0945,18623.028
2024-07-15 13:30:00+00:00,18621.66,18627.105499999998,18594.110999999997,18599.110999999997
2024-07-15 13:35:00+00:00,18598.661,18614.5835,18595.0445,18606.1555
2024-07-15 13:40:00+00:00,18606.0945,18607.610999999997,18577.9,18582.394500000002
2024-07-15 13:45:00+00:00,18583.422,18610.9165,18583.422,18606.411
2024-07-15 13:50:00+00:00,18606.9175,18620.889000000003,18597.394500000002,18616.378
2024-07-15 13:55:00+00:00,18615.389000000003,18617.9,18610.9,18616.389000000003
2024-07-15 14:00:00+00:00,18616.1435,18623.461,18613.4,18623.4165
2024-07-15 14:05:00+00:00,18623.6675,18628.4555,18614.3835,18626.4
2024-07-15 14:10:00+00:00,18627.3835,18629.422,18609.3445,18612.394500000002
2024-07-15 14:15:00+00:00,18614.3835,18624.4555,18608.389000000003,18608.389000000003
2024-07-15 14:20:00+00:00,18607.411,18613.4055,18603.4,18605.389000000003
2024-07-15 14:25:00+00:00,18604.9,18605.422,18592.3445,18600.4
2024-07-15 14:30:00+00:00,18599.394500000002,18615.9165,18596.3335,18612.411
2024-07-15 14:35:00+00:00,18611.921000000002,18616.9165,18598.3445,18600.461
2024-07-15 14:40:00+00:00,18602.4,18603.4555,18595.328,18602.4165
2024-07-15 14:45:00+00:00,18601.3335,18601.894500000002,18590.4165,18596.894500000002
2024-07-15 14:50:00+00:00,18597.411,18602.4055,18590.35,18595.422
2024-07-15 14:55:00+00:00,18595.828,18606.9,18591.9055,18601.472
2024-07-15 15:00:00+00:00,18603.422,18618.472,18602.9065,18614.889000000003
2024-07-15 15:05:00+00:00,18615.4,18623.4055,18615.3445,18622.4
2024-07-15 15:10:00+00:00,18621.921000000002,18625.3335,18617.4,18621.4055
2024-07-15 15:15:00+00:00,18620.8325,18620.8325,18614.9055,18618.3445
2024-07-15 15:20:00+00:00,18617.9,18621.961,18616.9055,18618.878
2024-07-15 15:25:00+00:00,18618.721,18618.972,18599.9,18600.339
2024-07-15 15:30:00+00:00,18600.159999999996,18602.972,18591.4665,18595.8445
2024-07-15 15:35:00+00:00,18594.889000000003,18610.911,18592.889000000003,18606.9
2024-07-15 15:40:00+00:00,18606.378,18612.4665,18602.4,18603.9
2024-07-15 15:45:00+00:00,18604.390000000003,18610.4555,18598.4,18606.411
2024-07-15 15:50:00+00:00,18606.8335,18609.411,18600.889000000003,18602.389000000003
2024-07-15 15:55:00+00:00,18602.9,18606.472,18601.9055,18603.9055
2024-07-15 16:00:00+00:00,18603.422,18604.4055,18587.8835,18590.394500000002
2024-07-15 16:05:00+00:00,18589.878,18595.8835,18586.894500000002,18595.8835
2024-07-15 16:10:00+00:00,18595.5935,18596.394500000002,18579.328,18579.4055
2024-07-15 16:15:00+00:00,18579.6455,18586.4,18575.889000000003,18581.45
2024-07-15 16:20:00+00:00,18581.95,18586.411,18575.339,18583.911
2024-07-15 16:25:00+00:00,18584.4055,18584.4055,18574.3835,18578.894500000002
2024-07-15 16:30:00+00:00,18577.9055,18580.4055,18568.839,18572.394500000002
2024-07-15 16:35:00+00:00,18572.9,18575.4055,18568.3335,18571.378
2024-07-15 16:40:00+00:00,18570.4,18585.95,18564.4,18568.45
2024-07-15 16:45:00+00:00,18568.9055,18570.4055,18552.878,18564.8335
2024-07-15 16:50:00+00:00,18564.383500000004,18568.411,18562.3335,18567.378
2024-07-15 16:55:00+00:00,18566.878,18576.422,18564.383500000004,18571.4165
2024-07-15 17:00:00+00:00,18571.851000000002,18572.4055,18551.3335,18557.394500000002
2024-07-15 17:05:00+00:00,18556.411,18574.411,18556.394500000002,18571.883500000004
2024-07-15 17:10:00+00:00,18572.394500000002,18572.4055,18555.4,18558.394500000002
2024-07-15 17:15:00+00:00,18557.8335,18563.394500000002,18551.878,18560.411
2024-07-15 17:20:00+00:00,18559.339,18570.461,18554.4,18568.411
2024-07-15 17:25:00+00:00,18567.85,18568.4165,18551.3445,18557.4
2024-07-15 17:30:00+00:00,18557.171000000002,18557.171000000002,18540.911,18543.411
2024-07-15 17:35:00+00:00,18543.889000000003,18551.9055,18543.394500000002,18547.4055
2024-07-15 17:40:00+00:00,18546.894500000002,18551.85,18545.9,18547.4
2024-07-15 17:45:00+00:00,18547.9165,18551.922,18545.4,18547.4555
2024-07-15 17:50:00+00:00,18546.9665,18559.4665,18546.9665,18557.4055
2024-07-15 17:55:00+00:00,18556.883500000004,18557.9165,18549.411,18550.394500000002
2024-07-15 18:00:00+00:00,18550.9555,18559.394500000002,18547.4,18559.394500000002
2024-07-15 18:05:00+00:00,18559.1435,18561.4,18553.378,18560.4
2024-07-15 18:10:00+00:00,18560.9055,18563.4665,18549.839,18556.394500000002
2024-07-15 18:15:00+00:00,18556.894500000002,18561.45,18553.411,18559.378
2024-07-15 18:20:00+00:00,18559.9055,18574.894500000002,18559.35,18572.411
2024-07-15 18:25:00+00:00,18571.9,18576.889000000003,18568.4165,18575.894500000002
2024-07-15 18:30:00+00:00,18576.3335,18587.394500000002,18573.389000000003,18583.394500000002
2024-07-15 18:35:00+00:00,18583.9,18586.961,18574.889000000003,18579.383500000004
2024-07-15 18:40:00+00:00,18579.645500000002,18583.9,18578.394500000002,18580.3835
2024-07-15 18:45:00+00:00,18581.9,18581.9,18577.328,18578.472
2024-07-15 18:50:00+00:00,18577.894500000002,18581.911,18573.389000000003,18579.9
2024-07-15 18:55:00+00:00,18579.472,18585.9055,18579.394500000002,18585.883500000004
2024-07-15 19:00:00+00:00,18585.394500000002,18588.911,18583.9055,18586.4055
2024-07-15 19:05:00+00:00,18585.9055,18589.9,18581.339,18588.472
2024-07-15 19:10:00+00:00,18587.378,18590.4665,18586.339,18590.4055
2024-07-15 19:15:00+00:00,18589.389000000003,18595.339,18587.3445,18594.9055
2024-07-15 19:20:00+00:00,18593.9165,18594.889000000003,18589.4,18592.411
2024-07-15 19:25:00+00:00,18591.8835,18592.422,18583.9,18585.8445
2024-07-15 19:30:00+00:00,18586.9055,18589.9055,18586.4,18589.3335
2024-07-15 19:35:00+00:00,18588.9665,18589.4055,18577.4055,18578.889000000003
2024-07-15 19:40:00+00:00,18579.412,18582.4165,18570.4,18571.4165
2024-07-15 19:45:00+00:00,18570.8835,18571.9165,18557.85,18562.9165
2024-07-15 19:50:00+00:00,18561.898999999998,18564.4165,18549.339,18562.35
2024-07-15 19:55:00+00:00,18562.9065,18572.339,18556.9165,18568.4
2024-07-15 20:00:00+00:00,18567.894500000002,18582.122,18565.089,18566.8055
2024-07-15 20:05:00+00:00,18565.9555,18568.4055,18560.2165,18565.889000000003
2024-07-15 20:10:00+00:00,18565.5,18571.772,18564.3055,18570.9
2024-07-15 22:00:00+00:00,18587.7,18587.7,18587.3055,18587.3055
2024-07-15 22:05:00+00:00,18587.65,18591.4055,18587.2835,18589.860999999997
2024-07-15 22:10:00+00:00,18590.610999999997,18592.261,18589.8,18591.389000000003
2024-07-15 22:15:00+00:00,18592.2,18594.766499999998,18591.4055,18594.6835
2024-07-15 22:20:00+00:00,18593.894500000002,18599.011,18593.878,18599.011
2024-07-15 22:25:00+00:00,18598.261,18599.8055,18597.3,18599.0555
2024-07-15 22:30:00+00:00,18598.15,18598.605499999998,18589.8335,18594.05
2024-07-15 22:35:00+00:00,18594.9055,18595.639000000003,18586.739,18586.7945
2024-07-15 22:40:00+00:00,18585.8445,18589.2,18585.8445,18586.605499999998
2024-07-15 22:45:00+00:00,18586.8065,18588.1,18586.3335,18587.222
2024-07-15 22:50:00+00:00,18586.816499999997,18587.25,18585.539,18587.178
2024-07-15 22:55:00+00:00,18586.810999999998,18586.810999999998,18584.7945,18586.4
2024-07-15 23:00:00+00:00,18587.1835,18587.2,18585.55,18585.672
2024-07-15 23:05:00+00:00,18586.472,18588.894500000002,18586.472,18588.105499999998
2024-07-15 23:10:00+00:00,18588.433500000003,18589.7555,18588.1,18589.7555
2024-07-15 23:15:00+00:00,18589.283499999998,18589.75,18588.110999999997,18588.961
2024-07-15 23:20:00+00:00,18588.15,18588.972,18587.133500000004,18588.105499999998
2024-07-15 23:25:00+00:00,18588.9,18588.961,18588.1,18588.961
2024-07-15 23:30:00+00:00,18589.322,18590.511,18588.1,18589.766499999998
2024-07-15 23:35:00+00:00,18590.522,18590.522,18589.711,18590.4945
2024-07-15 23:40:00+00:00,18589.683500000003,18591.2945,18589.683500000003,18591.2945
2024-07-15 23:45:00+00:00,18591.109999999997,18591.310999999998,18588.894500000002,18589.689000000002
2024-07-15 23:50:00+00:00,18588.9,18588.9,18586.328,18586.35
2024-07-15 23:55:00+00:00,18587.266499999998,18588.0945,18585.5945,18585.6
2024-07-16 00:00:00+00:00,18586.389000000003,18587.222,18583.1665,18583.1665
2024-07-16 00:05:00+00:00,18583.9,18583.9,18582.289,18583.15
2024-07-16 00:10:00+00:00,18583.49,18587.2,18583.49,18586.4055
2024-07-16 00:15:00+00:00,18580.9,18592.3835,18578.411,18581.9165
2024-07-16 00:20:00+00:00,18581.85,18587.9,18577.883500000004,18586.4055
2024-07-16 00:25:00+00:00,18585.8835,18587.45,18579.35,18580.394500000002
2024-07-16 00:30:00+00:00,18581.9055,18586.9,18580.889000000003,18582.85
2024-07-16 00:35:00+00:00,18585.472,18585.472,18572.4,18572.4
2024-07-16 00:40:00+00:00,18573.3445,18581.394500000002,18572.383500000004,18577.95
2024-07-16 00:45:00+00:00,18578.4055,18586.4,18576.9,18585.9665
2024-07-16 00:50:00+00:00,18586.3445,18586.894500000002,18582.4165,18582.9055
2024-07-16 00:55:00+00:00,18583.472,18584.3335,18580.839,18582.3445
2024-07-16 01:00:00+00:00,18582.828,18586.894500000002,18581.9055,18584.3445
2024-07-16 01:05:00+00:00,18582.889000000003,18588.3445,18581.4055,18587.339
2024-07-16 01:10:00+00:00,18586.9165,18588.422,18583.4165,18583.4165
2024-07-16 01:15:00+00:00,18584.4,18586.383500000004,18576.889000000003,18582.839
2024-07-16 01:20:00+00:00,18583.4665,18586.4,18580.889000000003,18585.4665
2024-07-16 01:25:00+00:00,18585.894500000002,18585.894500000002,18580.9,18581.4055
2024-07-16 01:30:00+00:00,18581.901,18586.9,18581.4,18584.9165
2024-07-16 01:35:00+00:00,18584.4055,18586.339,18581.4055,18581.828
2024-07-16 01:40:00+00:00,18580.894500000002,18583.8445,18577.85,18580.8335
2024-07-16 01:45:00+00:00,18581.9665,18582.9165,18578.422,18582.4165
2024-07-16 01:50:00+00:00,18581.8335,18583.889000000003,18580.8445,18581.8445
2024-07-16 01:55:00+00:00,18578.9,18583.9555,18578.8335,18583.9555
2024-07-16 02:00:00+00:00,18585.383500000004,18588.894500000002,18585.383500000004,18587.383500000004
2024-07-16 02:05:00+00:00,18587.95,18588.35,18586.389000000003,18586.828
2024-07-16 02:10:00+00:00,18587.4055,18587.461,18586.85,18587.411
2024-07-16 02:15:00+00:00,18586.883500000004,18586.894500000002,18580.9,18581.4055
2024-07-16 02:20:00+00:00,18582.339,18583.8835,18582.339,18583.394500000002
2024-07-16 02:25:00+00:00,18583.8335,18587.9665,18583.8335,18586.378
2024-07-16 02:30:00+00:00,18587.394500000002,18587.394500000002,18583.9,18583.9
2024-07-16 02:35:00+00:00,18584.4,18585.9165,18581.889000000003,18584.911
2024-07-16 02:40:00+00:00,18585.3445,18586.35,18580.911,18586.35
2024-07-16 02:45:00+00:00,18587.3335,18588.4555,18585.894500000002,18588.4555
2024-07-16 02:50:00+00:00,18587.878,18588.394500000002,18586.4,18587.394500000002
2024-07-16 02:55:00+00:00,18588.4055,18588.4055,18586.911,18588.394500000002
2024-07-16 03:00:00+00:00,18587.9,18587.9,18584.889000000003,18587.4165
2024-07-16 03:05:00+00:00,18586.9,18587.4555,18586.4,18586.4165
2024-07-16 03:10:00+00:00,18586.9165,18587.4555,18584.461,18587.4555
2024-07-16 03:15:00+00:00,18586.911,18587.8445,18586.911,18587.8445
2024-07-16 03:20:00+00:00,18588.394500000002,18589.883500000004,18588.328,18589.883500000004
2024-07-16 03:25:00+00:00,18590.472,18590.472,18587.4055,18588.411
2024-07-16 03:30:00+00:00,18588.95,18588.95,18586.411,18586.8445
2024-07-16 03:35:00+00:00,18587.394500000002,18588.35,18586.8445,18587.411
2024-07-16 03:40:00+00:00,18588.422,18588.422,18586.3445,18586.378
2024-07-16 03:45:00+00:00,18586.9,18587.85,18584.328,18584.883500000004
2024-07-16 03:50:00+00:00,18585.9,18588.394500000002,18585.9,18587.972
2024-07-16 03:55:00+00:00,18587.4165,18587.4165,18583.389000000003,18583.389000000003
2024-07-16 04:00:00+00:00,18582.894500000002,18584.45,18581.378,18582.4055
2024-07-16 04:05:00+00:00,18582.9055,18582.9055,18580.328,18580.328
2024-07-16 04:10:00+00:00,18581.3335,18583.9,18580.4665,18582.9165
2024-07-16 04:15:00+00:00,18582.339,18582.339,18579.9,18579.9
2024-07-16 04:20:00+00:00,18580.389000000003,18580.389000000003,18575.9055,18576.411
2024-07-16 04:25:00+00:00,18577.394500000002,18577.394500000002,18573.3835,18573.3835
2024-07-16 04:30:00+00:00,18571.4,18571.883500000004,18566.9165,18568.339
2024-07-16 04:35:00+00:00,18567.394500000002,18567.394500000002,18561.389000000003,18566.4165
2024-07-16 04:40:00+00:00,18566.9055,18570.389000000003,18565.422,18565.422
2024-07-16 04:45:00+00:00,18565.894500000002,18569.4055,18565.328,18568.411
2024-07-16 04:50:00+00:00,18568.828,18571.3835,18568.828,18569.9165
2024-07-16 04:55:00+00:00,18569.378,18570.472,18568.378,18568.378
2024-07-16 05:00:00+00:00,18568.894500000002,18568.9665,18567.878,18568.4
2024-07-16 05:05:00+00:00,18569.4,18569.9,18565.3445,18566.389000000003
2024-07-16 05:10:00+00:00,18567.389000000003,18568.328,18564.894500000002,18565.3445
2024-07-16 05:15:00+00:00,18565.9665,18568.4,18564.9165,18566.378
2024-07-16 05:20:00+00:00,18566.9,18568.394500000002,18566.3835,18566.4
2024-07-16 05:25:00+00:00,18565.9,18567.389000000003,18565.9,18566.4165
2024-07-16 05:30:00+00:00,18566.9165,18571.9165,18562.922,18565.389000000003
2024-07-16 05:35:00+00:00,18564.894500000002,18565.972,18549.3335,18557.4
2024-07-16 05:40:00+00:00,18557.9,18564.4,18557.4,18564.4
2024-07-16 05:45:00+00:00,18564.894500000002,18577.911,18563.4,18576.95
2024-07-16 05:50:00+00:00,18576.378,18576.961,18557.328,18560.328
2024-07-16 05:55:00+00:00,18558.9055,18559.9,18542.394500000002,18549.4
2024-07-16 06:00:00+00:00,18547.91,18547.91,18517.4055,18524.394500000002
2024-07-16 06:05:00+00:00,18523.9,18523.9,18508.894500000002,18521.95
2024-07-16 06:10:00+00:00,18522.894500000002,18527.4665,18515.922,18522.911
2024-07-16 06:15:00+00:00,18522.411,18522.839,18514.9055,18522.35
2024-07-16 06:20:00+00:00,18522.148999999998,18522.148999999998,18514.9165,18517.9055
2024-07-16 06:25:00+00:00,18517.4,18522.972,18514.889000000003,18522.9055
2024-07-16 06:30:00+00:00,18522.3835,18527.9555,18510.45,18514.911
2024-07-16 06:35:00+00:00,18514.383500000004,18521.9055,18507.889000000003,18521.883500000004
2024-07-16 06:40:00+00:00,18520.894500000002,18521.4,18511.9,18512.9055
2024-07-16 06:45:00+00:00,18513.894500000002,18514.9,18502.9055,18508.4055
2024-07-16 06:50:00+00:00,18507.8445,18511.9665,18499.389000000003,18504.828
2024-07-16 06:55:00+00:00,18505.4,18507.35,18496.839,18507.35
2024-07-16 07:00:00+00:00,18507.889000000003,18510.9555,18465.922,18478.894500000002
2024-07-16 07:05:00+00:00,18477.883500000004,18480.839,18449.889000000003,18450.911
2024-07-16 07:10:00+00:00,18451.378999999997,18468.95,18451.378999999997,18467.911
2024-07-16 07:15:00+00:00,18466.922,18492.9055,18465.9555,18492.9055
2024-07-16 07:20:00+00:00,18493.0845,18521.8335,18487.383500000004,18521.8335
2024-07-16 07:25:00+00:00,18520.9055,18535.922,18516.9,18529.9
2024-07-16 07:30:00+00:00,18530.351000000002,18534.9,18503.389000000003,18510.389000000003
2024-07-16 07:35:00+00:00,18510.6455,18514.9665,18499.972,18505.9
2024-07-16 07:40:00+00:00,18504.9,18516.95,18498.8335,18507.839
2024-07-16 07:45:00+00:00,18508.328,18509.4,18489.35,18492.4055
2024-07-16 07:50:00+00:00,18491.9055,18498.394500000002,18483.8835,18490.9165
2024-07-16 07:55:00+00:00,18491.421000000002,18497.9665,18477.8835,18480.8335
2024-07-16 08:00:00+00:00,18481.889000000003,18481.911,18466.339,18468.422
2024-07-16 08:05:00+00:00,18467.889000000003,18478.922,18460.3445,18463.9165
2024-07-16 08:10:00+00:00,18464.4555,18478.9055,18462.9,18472.85
2024-07-16 08:15:00+00:00,18471.9,18482.889000000003,18470.883500000004,18476.894500000002
2024-07-16 08:20:00+00:00,18477.4,18510.389000000003,18476.9,18505.911
2024-07-16 08:25:00+00:00,18505.4,18505.9055,18491.3335,18493.894500000002
2024-07-16 08:30:00+00:00,18494.389000000003,18497.95,18483.85,18483.85
2024-07-16 08:35:00+00:00,18482.9,18493.911,18479.9,18486.828
2024-07-16 08:40:00+00:00,18487.95,18509.9055,18486.828,18508.894500000002
2024-07-16 08:45:00+00:00,18507.8335,18508.9165,18492.8335,18500.972
2024-07-16 08:50:00+00:00,18500.389000000003,18516.9,18499.9,18513.3335
2024-07-16 08:55:00+00:00,18513.894500000002,18524.4165,18511.889000000003,18516.972
2024-07-16 09:00:00+00:00,18517.894500000002,18523.972,18508.389000000003,18512.911
2024-07-16 09:05:00+00:00,18510.8445,18510.8445,18493.889000000003,18497.8335
2024-07-16 09:10:00+00:00,18498.394500000002,18523.911,18496.85,18523.4055
2024-07-16 09:15:00+00:00,18523.6565,18532.9555,18521.839,18522.911
2024-07-16 09:20:00+00:00,18523.889000000003,18531.9055,18517.839,18522.8445
2024-07-16 09:25:00+00:00,18523.4,18523.9665,18509.889000000003,18509.922
2024-07-16 09:30:00+00:00,18510.889000000003,18510.9055,18501.894500000002,18508.9
2024-07-16 09:35:00+00:00,18506.922,18506.922,18496.839,18496.911
2024-07-16 09:40:00+00:00,18497.45,18502.9,18493.8445,18499.4165
2024-07-16 09:45:00+00:00,18498.883500000004,18503.883500000004,18493.8445,18497.8335
2024-07-16 09:50:00+00:00,18496.972,18499.889000000003,18491.889000000003,18491.911
2024-07-16 09:55:00+00:00,18492.889000000003,18499.9165,18485.911,18498.9
2024-07-16 10:00:00+00:00,18499.9055,18515.9665,18499.9055,18512.339
2024-07-16 10:05:00+00:00,18511.889000000003,18523.894500000002,18510.45,18521.9
2024-07-16 10:10:00+00:00,18520.961,18523.961,18508.894500000002,18519.8835
2024-07-16 10:15:00+00:00,18517.9665,18520.472,18511.4,18518.9165
2024-07-16 10:20:00+00:00,18519.878,18530.9,18518.839,18525.9665
2024-07-16 10:25:00+00:00,18526.9055,18529.9555,18523.839,18526.9165
2024-07-16 10:30:00+00:00,18525.389000000003,18526.339,18514.878,18514.878
2024-07-16 10:35:00+00:00,18513.972,18515.911,18503.883500000004,18509.894500000002
2024-07-16 10:40:00+00:00,18509.4665,18520.922,18509.4665,18514.889000000003
2024-07-16 10:45:00+00:00,18513.889000000003,18514.894500000002,18501.4,18503.911
2024-07-16 10:50:00+00:00,18502.95,18509.9,18502.85,18508.878
2024-07-16 10:55:00+00:00,18509.8335,18509.8335,18494.911,18502.9
2024-07-16 11:00:00+00:00,18504.9555,18506.9055,18491.394500000002,18505.8335
2024-07-16 11:05:00+00:00,18505.4,18510.972,18498.911,18501.9
2024-07-16 11:10:00+00:00,18500.9055,18505.9165,18493.878,18498.8835
2024-07-16 11:15:00+00:00,18499.389000000003,18509.8335,18496.894500000002,18496.894500000002
2024-07-16 11:20:00+00:00,18495.95,18502.4165,18483.4165,18483.4165
2024-07-16 11:25:00+00:00,18483.883500000004,18486.9165,18479.328,18486.9055
2024-07-16 11:30:00+00:00,18486.4055,18488.889000000003,18478.4165,18481.9165
2024-07-16 11:35:00+00:00,18481.471,18487.894500000002,18473.328,18473.9055
2024-07-16 11:40:00+00:00,18474.911,18491.9,18474.911,18488.95
2024-07-16 11:45:00+00:00,18487.894500000002,18491.4665,18477.883500000004,18483.889000000003
2024-07-16 11:50:00+00:00,18483.394500000002,18484.411,18474.911,18482.878
2024-07-16 11:55:00+00:00,18480.9,18486.4,18474.9,18478.889000000003
2024-07-16 12:00:00+00:00,18478.411,18491.3835,18474.9165,18489.95
2024-07-16 12:05:00+00:00,18488.828,18491.8835,18484.9055,18487.889000000003
2024-07-16 12:10:00+00:00,18486.9,18494.911,18483.828,18492.922
2024-07-16 12:15:00+00:00,18491.911,18496.9665,18488.894500000002,18496.9
2024-07-16 12:20:00+00:00,18496.4045,18502.889000000003,18487.8835,18488.878
2024-07-16 12:25:00+00:00,18489.401,18491.9665,18483.894500000002,18490.394500000002
2024-07-16 12:30:00+00:00,18490.4,18514.4055,18468.894500000002,18502.9
2024-07-16 12:35:00+00:00,18501.9165,18513.922,18494.894500000002,18498.894500000002
2024-07-16 12:40:00+00:00,18498.1565,18515.9165,18491.9665,18514.85
2024-07-16 12:45:00+00:00,18515.4055,18515.4055,18487.9,18487.9
2024-07-16 12:50:00+00:00,18487.4055,18494.961,18478.85,18490.889000000003
2024-07-16 12:55:00+00:00,18490.4055,18495.9,18485.911,18488.883500000004
2024-07-16 13:00:00+00:00,18487.889000000003,18492.9055,18471.8335,18483.95
2024-07-16 13:05:00+00:00,18482.9165,18504.394500000002,18482.9165,18502.4
2024-07-16 13:10:00+00:00,18501.9055,18507.3335,18492.883500000004,18494.9
2024-07-16 13:15:00+00:00,18495.1345,18500.922,18485.378,18488.9055
2024-07-16 13:20:00+00:00,18487.9,18499.922,18485.972,18497.972
2024-07-16 13:25:00+00:00,18496.889000000003,18501.894500000002,18488.889000000003,18489.9
2024-07-16 13:30:00+00:00,18488.9055,18496.894500000002,18471.389000000003,18473.883500000004
2024-07-16 13:35:00+00:00,18474.961,18480.828,18464.883500000004,18476.889000000003
2024-07-16 13:40:00+00:00,18477.401,18480.4,18464.85,18469.883500000004
2024-07-16 13:45:00+00:00,18470.9,18480.95,18453.394500000002,18453.9
2024-07-16 13:50:00+00:00,18454.883500000004,18489.4555,18454.883500000004,18478.911
2024-07-16 13:55:00+00:00,18478.383500000004,18489.4665,18477.389000000003,18484.889000000003
2024-07-16 14:00:00+00:00,18485.451,18504.9055,18485.451,18499.85
2024-07-16 14:05:00+00:00,18500.95,18512.4165,18494.9055,18499.9165
2024-07-16 14:10:00+00:00,18500.894500000002,18509.894500000002,18495.4,18505.9
2024-07-16 14:15:00+00:00,18506.411,18518.9555,18498.9,18501.911
2024-07-16 14:20:00+00:00,18502.9,18516.9165,18501.828,18515.911
2024-07-16 14:25:00+00:00,18515.395500000002,18521.889000000003,18507.9055,18515.4055
2024-07-16 14:30:00+00:00,18515.601000000002,18520.972,18506.9,18520.339
2024-07-16 14:35:00+00:00,18520.1435,18529.7945,18512.2445,18525.316499999997
2024-07-16 14:40:00+00:00,18526.3,18532.3055,18524.25,18526.283499999998
2024-07-16 14:45:00+00:00,18525.749,18533.778,18520.3,18532.8055
2024-07-16 14:50:00+00:00,18532.316499999997,18535.372,18524.789,18531.360999999997
2024-07-16 14:55:00+00:00,18530.738,18533.866499999996,18523.25,18525.239
2024-07-16 15:00:00+00:00,18525.551,18533.372,18518.7945,18533.316499999997
2024-07-16 15:05:00+00:00,18533.038,18534.360999999997,18521.85,18527.372
2024-07-16 15:10:00+00:00,18528.372,18540.366499999996,18527.283499999998,18530.310999999998
2024-07-16 15:15:00+00:00,18529.228,18530.360999999997,18519.3,18527.3
2024-07-16 15:20:00+00:00,18526.7945,18530.2945,18523.3055,18528.2835
2024-07-16 15:25:00+00:00,18528.8055,18533.3,18523.7945,18524.3055
2024-07-16 15:30:00+00:00,18525.3165,18528.778,18508.511,18515.4945
2024-07-16 15:35:00+00:00,18515.7455,18527.489,18511.522,18527.489
2024-07-16 15:40:00+00:00,18528.5,18530.4945,18522.9835,18527.55
2024-07-16 15:45:00+00:00,18528.5,18531.05,18515.933500000003,18517.511
2024-07-16 15:50:00+00:00,18516.439000000002,18541.511,18516.439000000002,18538.439000000002
2024-07-16 15:55:00+00:00,18539.066499999997,18545.989,18533.5055,18539.439000000002
2024-07-16 16:00:00+00:00,18539.739999999998,18545.55,18537.5,18543.433500000003
2024-07-16 16:05:00+00:00,18543.9945,18550.0,18538.4445,18539.45
2024-07-16 16:10:00+00:00,18538.511,18544.9945,18530.9945,18540.489
2024-07-16 16:15:00+00:00,18540.767499999998,18542.5,18527.483500000002,18536.516499999998
2024-07-16 16:20:00+00:00,18537.5,18547.95,18535.928,18543.4945
2024-07-16 16:25:00+00:00,18543.072,18545.5165,18537.5,18542.016499999998
2024-07-16 16:30:00+00:00,18542.511,18545.511,18536.0,18543.9835
2024-07-16 16:35:00+00:00,18544.5055,18552.5055,18542.989,18545.4445
2024-07-16 16:40:00+00:00,18546.5555,18546.5555,18536.478,18537.489
2024-07-16 16:45:00+00:00,18537.022,18547.5,18537.022,18547.0
2024-07-16 16:50:00+00:00,18546.55,18546.560999999998,18542.433500000003,18543.928
2024-07-16 16:55:00+00:00,18543.45,18553.989,18543.45,18552.9835
2024-07-16 17:00:00+00:00,18552.8155,18553.072,18548.5,18550.5055
2024-07-16 17:05:00+00:00,18549.939000000002,18556.5,18544.5,18556.066499999997
2024-07-16 17:10:00+00:00,18555.489,18557.5055,18547.939000000002,18550.478
2024-07-16 17:15:00+00:00,18550.0165,18551.011,18544.516499999998,18547.5055
2024-07-16 17:20:00+00:00,18546.483500000002,18553.072,18545.478,18545.5055
2024-07-16 17:25:00+00:00,18546.0055,18551.0165,18545.4945,18548.5055
2024-07-16 17:30:00+00:00,18548.011,18554.433500000003,18543.511,18553.5555
2024-07-16 17:35:00+00:00,18552.939000000002,18554.5055,18549.478,18553.5
2024-07-16 17:40:00+00:00,18553.0055,18558.0,18548.983500000002,18556.45
2024-07-16 17:45:00+00:00,18555.9945,18562.522,18554.011,18558.9835
2024-07-16 17:50:00+00:00,18558.5,18558.5,18553.4445,18557.483500000002
2024-07-16 17:55:00+00:00,18557.0055,18560.5,18554.5555,18555.05
2024-07-16 18:00:00+00:00,18554.489,18558.489,18552.0,18557.439000000002
2024-07-16 18:05:00+00:00,18557.939000000002,18561.5,18554.433500000003,18555.511
2024-07-16 18:10:00+00:00,18556.5,18557.9945,18553.066499999997,18553.066499999997
2024-07-16 18:15:00+00:00,18553.267499999998,18553.5165,18540.066499999997,18542.5055
2024-07-16 18:20:00+00:00,18543.05,18554.4945,18541.4445,18552.433500000003
2024-07-16 18:25:00+00:00,18551.522,18553.066499999997,18549.0,18551.011
2024-07-16 18:30:00+00:00,18550.5,18553.0,18548.5055,18551.4945
2024-07-16 18:35:00+00:00,18552.516499999998,18563.978,18551.9945,18563.978
2024-07-16 18:40:00+00:00,18564.560999999998,18565.5555,18558.5055,18564.560999999998
2024-07-16 18:45:00+00:00,18564.0055,18568.511,18559.489,18566.5
2024-07-16 18:50:00+00:00,18565.5,18566.5055,18560.433500000003,18565.560999999998
2024-07-16 18:55:00+00:00,18565.0,18571.5,18564.572,18569.4835
2024-07-16 19:00:00+00:00,18569.05,18573.05,18566.4945,18570.55
2024-07-16 19:05:00+00:00,18570.9445,18571.5555,18566.5055,18570.428
2024-07-16 19:10:00+00:00,18571.011,18574.511,18568.9945,18573.522
2024-07-16 19:15:00+00:00,18572.5555,18576.572,18569.489,18573.9835
2024-07-16 19:20:00+00:00,18574.251,18574.983500000002,18570.978,18574.5055
2024-07-16 19:25:00+00:00,18575.0055,18576.572,18571.011,18575.4445
2024-07-16 19:30:00+00:00,18575.0,18579.5555,18570.572,18579.4835
2024-07-16 19:35:00+00:00,18578.989,18582.0055,18577.072,18578.933500000003
2024-07-16 19:40:00+00:00,18578.4945,18580.05,18573.483500000002,18575.522
2024-07-16 19:45:00+00:00,18574.9945,18574.9945,18568.45,18570.55
2024-07-16 19:50:00+00:00,18569.439000000002,18580.572,18569.439000000002,18580.483500000002
2024-07-16 19:55:00+00:00,18579.560999999998,18584.572,18578.4945,18583.511
2024-07-16 20:00:00+00:00,18583.511,18586.022,18570.4665,18571.939000000002
2024-07-16 20:05:00+00:00,18571.178,18581.9055,18567.883500000004,18580.9445
2024-07-16 20:10:00+00:00,18580.266499999998,18580.266499999998,18575.283499999998,18576.8445
2024-07-16 22:05:00+00:00,18580.9,18581.316499999997,18578.339,18580.95
2024-07-16 22:10:00+00:00,18580.55,18583.4055,18579.228,18583.389000000003
2024-07-16 22:15:00+00:00,18582.483500000002,18585.389000000003,18582.039,18584.1945
2024-07-16 22:20:00+00:00,18583.378,18584.2055,18580.8445,18582.5
2024-07-16 22:25:00+00:00,18583.411,18584.1835,18582.483500000002,18583.3445
2024-07-16 22:30:00+00:00,18583.011,18585.8055,18582.428,18584.939000000002
2024-07-16 22:35:00+00:00,18584.183500000003,18584.2555,18581.711,18583.422
2024-07-16 22:40:00+00:00,18583.0165,18586.5445,18582.4445,18585.0055
2024-07-16 22:45:00+00:00,18584.5325,18584.5325,18581.7,18582.4945
2024-07-16 22:50:00+00:00,18581.716500000002,18584.2,18581.716500000002,18582.55
2024-07-16 22:55:00+00:00,18581.7165,18584.15,18581.7165,18583.339
2024-07-16 23:00:00+00:00,18583.7835,18584.2055,18578.383500000004,18579.289
2024-07-16 23:05:00+00:00,18578.889000000003,18580.089,18573.072,18573.733500000002
2024-07-16 23:10:00+00:00,18572.75,18572.75,18570.3335,18571.2
2024-07-16 23:15:00+00:00,18570.855499999998,18572.0055,18564.672,18565.4
2024-07-16 23:20:00+00:00,18566.3,18566.3055,18561.9835,18564.672
2024-07-16 23:25:00+00:00,18565.4,18568.716500000002,18565.4,18567.9
2024-07-16 23:30:00+00:00,18567.0945,18569.516499999998,18566.239,18569.516499999998
2024-07-16 23:35:00+00:00,18569.089,18569.5055,18567.110999999997,18568.639000000003
2024-07-16 23:40:00+00:00,18567.972,18569.489,18567.05,18568.689000000002
2024-07-16 23:45:00+00:00,18567.9165,18568.7,18566.3,18567.089
2024-07-16 23:50:00+00:00,18567.894500000002,18569.5,18567.039,18568.6945
2024-07-16 23:55:00+00:00,18569.089,18569.089,18567.1165,18567.1165
2024-07-17 00:00:00+00:00,18567.839,18567.839,18563.789,18564.6
2024-07-17 00:05:00+00:00,18563.7945,18564.616499999996,18562.2,18563.422
2024-07-17 00:10:00+00:00,18563.0055,18564.7945,18562.2,18563.933500000003
2024-07-17 00:15:00+00:00,18566.9945,18573.0055,18553.016499999998,18553.0165
2024-07-17 00:20:00+00:00,18553.2565,18553.989,18547.066499999997,18549.011
2024-07-17 00:25:00+00:00,18550.011,18556.516499999998,18550.011,18555.566499999997
2024-07-17 00:30:00+00:00,18556.55,18557.05,18553.928,18556.0
2024-07-17 00:35:00+00:00,18555.45,18556.55,18549.5055,18553.5055
2024-07-17 00:40:00+00:00,18552.9945,18559.0165,18552.428,18559.0165
2024-07-17 00:45:00+00:00,18558.81,18558.81,18552.5055,18553.511
2024-07-17 00:50:00+00:00,18553.9945,18557.0055,18552.4945,18556.511
2024-07-17 00:55:00+00:00,18555.989,18556.572,18553.5,18555.989
2024-07-17 01:00:00+00:00,18555.5,18555.5,18551.0,18551.489
2024-07-17 01:05:00+00:00,18553.978,18556.55,18553.978,18555.560999999998
2024-07-17 01:10:00+00:00,18554.483500000002,18557.511,18553.5,18556.560999999998
2024-07-17 01:15:00+00:00,18557.0055,18562.489,18555.928,18562.489
2024-07-17 01:20:00+00:00,18563.0055,18564.0,18560.5,18562.9945
2024-07-17 01:25:00+00:00,18563.522,18568.05,18563.011,18564.4945
2024-07-17 01:30:00+00:00,18565.0065,18567.0055,18560.433500000003,18560.433500000003
2024-07-17 01:35:00+00:00,18559.5055,18566.066499999997,18559.5055,18566.066499999997
2024-07-17 01:40:00+00:00,18565.478,18566.9945,18562.0555,18565.05
2024-07-17 01:45:00+00:00,18564.433500000003,18564.433500000003,18561.4835,18561.4835
2024-07-17 01:50:00+00:00,18561.9945,18564.066499999997,18561.928,18563.55
2024-07-17 01:55:00+00:00,18565.5165,18565.5165,18556.989,18563.011
2024-07-17 02:00:00+00:00,18563.489,18564.4445,18561.433500000003,18561.433500000003
2024-07-17 02:05:00+00:00,18562.522,18567.5,18562.522,18565.0055
2024-07-17 02:10:00+00:00,18566.516499999998,18567.566499999997,18565.5,18566.939000000002
2024-07-17 02:15:00+00:00,18567.572,18570.4945,18566.0,18569.0165
2024-07-17 02:20:00+00:00,18570.011,18570.566499999997,18562.978,18563.45
2024-07-17 02:25:00+00:00,18562.9945,18563.0055,18561.9945,18563.0
2024-07-17 02:30:00+00:00,18563.978,18567.5,18563.933500000003,18565.4945
2024-07-17 02:35:00+00:00,18566.5,18571.989,18566.5,18571.433500000003
2024-07-17 02:40:00+00:00,18572.016499999998,18573.522,18571.9945,18572.5055
2024-07-17 02:45:00+00:00,18571.439000000002,18572.511,18568.05,18570.5165
2024-07-17 02:50:00+00:00,18569.572,18571.478,18568.489,18568.939000000002
2024-07-17 02:55:00+00:00,18570.55,18571.011,18562.0165,18563.05
2024-07-17 03:00:00+00:00,18563.522,18565.5,18562.4835,18562.4835
2024-07-17 03:05:00+00:00,18561.928,18561.928,18560.511,18560.511
2024-07-17 03:10:00+00:00,18561.072,18562.5,18557.5,18558.933500000003
2024-07-17 03:15:00+00:00,18558.5,18560.572,18556.428,18560.522
2024-07-17 03:20:00+00:00,18561.5,18562.566499999997,18559.489,18560.9835
2024-07-17 03:25:00+00:00,18560.4945,18567.5055,18560.4945,18567.5055
2024-07-17 03:30:00+00:00,18568.016499999998,18570.011,18566.5,18568.560999999998
2024-07-17 03:35:00+00:00,18568.989,18569.95,18563.5055,18563.5055
2024-07-17 03:40:00+00:00,18563.0055,18565.4945,18548.983500000002,18549.5
2024-07-17 03:45:00+00:00,18547.989,18555.572,18529.5,18555.511
2024-07-17 03:50:00+00:00,18556.0,18564.5055,18554.5,18557.4835
2024-07-17 03:55:00+00:00,18558.489,18563.5,18557.4945,18562.5
2024-07-17 04:00:00+00:00,18562.933500000003,18564.05,18562.0165,18563.5
2024-07-17 04:05:00+00:00,18564.0055,18569.011,18563.0055,18563.9945
2024-07-17 04:10:00+00:00,18563.489,18563.489,18557.5555,18559.516499999998
2024-07-17 04:15:00+00:00,18560.4945,18562.9945,18560.0,18562.9945
2024-07-17 04:20:00+00:00,18562.5055,18568.5055,18560.0555,18564.4945
2024-07-17 04:25:00+00:00,18564.0,18565.011,18562.483500000002,18562.483500000002
2024-07-17 04:30:00+00:00,18562.7565,18564.072,18558.0055,18558.9945
2024-07-17 04:35:00+00:00,18560.522,18561.4945,18552.9445,18554.5055
2024-07-17 04:40:00+00:00,18555.572,18558.5055,18552.428,18552.439000000002
2024-07-17 04:45:00+00:00,18552.011,18554.560999999998,18546.4445,18553.5
2024-07-17 04:50:00+00:00,18554.489,18560.066499999997,18554.489,18556.5055
2024-07-17 04:55:00+00:00,18558.489,18561.933500000003,18555.5055,18556.5
2024-07-17 05:00:00+00:00,18557.061999999998,18578.016499999998,18557.061999999998,18558.560999999998
2024-07-17 05:05:00+00:00,18555.4835,18555.5,18533.45,18548.0
2024-07-17 05:10:00+00:00,18546.0,18550.0055,18539.05,18542.566499999997
2024-07-17 05:15:00+00:00,18543.5,18548.572,18541.4445,18544.0
2024-07-17 05:20:00+00:00,18543.522,18547.011,18539.939000000002,18539.939000000002
2024-07-17 05:25:00+00:00,18540.5,18548.0,18540.0,18544.511
2024-07-17 05:30:00+00:00,18545.016499999998,18549.5,18544.0,18547.511
2024-07-17 05:35:00+00:00,18548.016499999998,18558.5555,18546.439000000002,18558.5555
2024-07-17 05:40:00+00:00,18558.9945,18559.939000000002,18549.989,18550.5055
2024-07-17 05:45:00+00:00,18549.9945,18553.560999999998,18543.4945,18543.4945
2024-07-17 05:50:00+00:00,18540.511,18546.0,18532.5055,18540.428
2024-07-17 05:55:00+00:00,18539.55,18539.55,18524.439000000002,18527.4445
2024-07-17 06:00:00+00:00,18528.489999999998,18540.0165,18520.4945,18536.4945
2024-07-17 06:05:00+00:00,18537.05,18538.983500000002,18523.9945,18525.0
2024-07-17 06:10:00+00:00,18525.439000000002,18529.572,18519.4945,18523.95
2024-07-17 06:15:00+00:00,18525.05,18526.9945,18510.433500000003,18512.0055
2024-07-17 06:20:00+00:00,18510.9945,18521.066499999997,18505.0055,18507.933500000003
2024-07-17 06:25:00+00:00,18507.516499999998,18508.560999999998,18490.95,18501.072
2024-07-17 06:30:00+00:00,18501.566499999997,18508.0055,18474.0,18478.072
2024-07-17 06:35:00+00:00,18477.749,18490.511,18477.5,18487.0055
2024-07-17 06:40:00+00:00,18488.0,18496.5055,18487.989,18492.4945
2024-07-17 06:45:00+00:00,18491.9945,18493.566499999997,18481.0055,18482.0
2024-07-17 06:50:00+00:00,18482.5165,18484.060999999998,18474.433500000003,18482.0055
2024-07-17 06:55:00+00:00,18480.9945,18496.011,18477.05,18481.439000000002
2024-07-17 07:00:00+00:00,18481.0,18485.011,18437.433500000003,18441.011
2024-07-17 07:05:00+00:00,18441.9445,18492.439000000002,18436.0,18492.439000000002
2024-07-17 07:10:00+00:00,18491.95,18511.072,18484.022,18508.989
2024-07-17 07:15:00+00:00,18508.432500000003,18519.0,18501.978,18515.0
2024-07-17 07:20:00+00:00,18515.55,18522.4945,18503.522,18512.9445
2024-07-17 07:25:00+00:00,18512.478,18536.05,18512.478,18530.4835
2024-07-17 07:30:00+00:00,18530.0,18531.989,18509.0055,18516.933500000003
2024-07-17 07:35:00+00:00,18516.0055,18535.060999999998,18514.0,18520.072
2024-07-17 07:40:00+00:00,18521.0055,18532.933500000003,18515.0,18530.05
2024-07-17 07:45:00+00:00,18529.066499999997,18532.022,18509.0,18513.011
2024-07-17 07:50:00+00:00,18512.516499999998,18519.9945,18504.0055,18504.5055
2024-07-17 07:55:00+00:00,18504.249,18505.066499999997,18480.516499999998,18494.05
2024-07-17 08:00:00+00:00,18495.0055,18500.0055,18478.989,18500.0055
2024-07-17 08:05:00+00:00,18500.95,18501.0555,18484.0,18485.0
2024-07-17 08:10:00+00:00,18484.072,18487.9945,18456.978,18465.011
2024-07-17 08:15:00+00:00,18464.483500000002,18475.483500000002,18457.933500000003,18461.9945
2024-07-17 08:20:00+00:00,18461.0055,18462.016499999998,18449.9445,18455.0055
2024-07-17 08:25:00+00:00,18455.9835,18477.011,18455.0,18467.0555
2024-07-17 08:30:00+00:00,18468.0,18472.5055,18460.439000000002,18464.0165
2024-07-17 08:35:00+00:00,18463.499,18471.522,18458.983500000002,18461.9945
2024-07-17 08:40:00+00:00,18461.55,18466.983500000002,18449.560999999998,18452.9945
2024-07-17 08:45:00+00:00,18452.478,18484.066499999997,18452.478,18483.0
2024-07-17 08:50:00+00:00,18481.989,18503.022,18476.939000000002,18497.989
2024-07-17 08:55:00+00:00,18497.4945,18497.566499999997,18486.016499999998,18494.9945
2024-07-17 09:00:00+00:00,18495.4835,18497.5,18483.95,18485.0
2024-07-17 09:05:00+00:00,18483.9945,18484.0,18464.989,18468.060999999998
2024-07-17 09:10:00+00:00,18466.5,18475.95,18465.0,18467.0
2024-07-17 09:15:00+00:00,18466.478,18480.072,18465.939000000002,18474.072
2024-07-17 09:20:00+00:00,18474.4835,18487.5,18461.011,18464.022
2024-07-17 09:25:00+00:00,18462.989,18471.0,18450.5,18450.5
2024-07-17 09:30:00+00:00,18449.989,18473.05,18441.060999999998,18468.489
2024-07-17 09:35:00+00:00,18468.066499999997,18472.022,18460.9945,18460.9945
2024-07-17 09:40:00+00:00,18460.0055,18469.0,18457.478,18469.0
2024-07-17 09:45:00+00:00,18469.4945,18480.0555,18460.9835,18466.0055
2024-07-17 09:50:00+00:00,18466.511,18468.022,18451.439000000002,18453.5055
2024-07-17 09:55:00+00:00,18452.983500000002,18463.066499999997,18450.989,18460.983500000002
2024-07-17 10:00:00+00:00,18462.0,18471.0,18459.989,18471.0
2024-07-17 10:05:00+00:00,18469.983500000002,18486.439000000002,18468.4945,18479.0
2024-07-17 10:10:00+00:00,18478.060999999998,18483.0555,18473.978,18476.989
2024-07-17 10:15:00+00:00,18477.4945,18482.011,18471.9945,18478.4445
2024-07-17 10:20:00+00:00,18478.0055,18480.072,18466.9835,18466.9945
2024-07-17 10:25:00+00:00,18465.9945,18478.011,18463.95,18476.072
2024-07-17 10:30:00+00:00,18475.499,18475.499,18459.933500000003,18468.9945
2024-07-17 10:35:00+00:00,18469.066499999997,18470.478,18456.0,18467.0055
2024-07-17 10:40:00+00:00,18467.939000000002,18474.0055,18465.0,18465.0
2024-07-17 10:45:00+00:00,18463.4945,18467.0,18453.5555,18455.0
2024-07-17 10:50:00+00:00,18454.4945,18454.4945,18440.5,18442.983500000002
2024-07-17 10:55:00+00:00,18442.572,18451.5055,18441.9945,18448.011
2024-07-17 11:00:00+00:00,18447.501,18453.95,18430.4835,18432.9945
2024-07-17 11:05:00+00:00,18430.933500000003,18431.9945,18406.933500000003,18415.016499999998
2024-07-17 11:10:00+00:00,18414.4945,18416.989,18384.5055,18385.939000000002
2024-07-17 11:15:00+00:00,18387.011,18390.0055,18352.0,18371.022
2024-07-17 11:20:00+00:00,18370.0,18377.572,18358.5055,18371.0
2024-07-17 11:25:00+00:00,18371.4445,18380.011,18365.928,18375.4945
2024-07-17 11:30:00+00:00,18375.767499999998,18375.978,18344.572,18347.9945
2024-07-17 11:35:00+00:00,18347.560999999998,18370.9945,18346.989,18369.5055
2024-07-17 11:40:00+00:00,18370.0165,18373.9945,18354.95,18372.011
2024-07-17 11:45:00+00:00,18371.0,18386.05,18361.4445,18374.022
2024-07-17 11:50:00+00:00,18373.0055,18389.439000000002,18370.9445,18389.0055
2024-07-17 11:55:00+00:00,18387.478,18399.0,18385.0,18396.9835
2024-07-17 12:00:00+00:00,18396.489,18425.066499999997,18393.9835,18424.0
2024-07-17 12:05:00+00:00,18425.072,18425.072,18406.0055,18417.989
2024-07-17 12:10:00+00:00,18418.5,18431.011,18418.5,18429.9945
2024-07-17 12:15:00+00:00,18429.511,18438.5055,18424.939000000002,18431.928
2024-07-17 12:20:00+00:00,18431.022,18437.511,18425.933500000003,18433.0
2024-07-17 12:25:00+00:00,18431.9945,18440.011,18430.0555,18437.978
2024-07-17 12:30:00+00:00,18437.016499999998,18456.072,18431.489,18437.566499999997
2024-07-17 12:35:00+00:00,18436.928,18439.5,18427.489,18434.989
2024-07-17 12:40:00+00:00,18433.939000000002,18445.4945,18431.939000000002,18433.989
2024-07-17 12:45:00+00:00,18433.567499999997,18440.0555,18428.95,18431.9835
2024-07-17 12:50:00+00:00,18430.0,18440.511,18427.5055,18430.011
2024-07-17 12:55:00+00:00,18428.4945,18435.060999999998,18418.011,18419.05
2024-07-17 13:00:00+00:00,18420.0555,18425.5055,18412.4945,18424.0
2024-07-17 13:05:00+00:00,18423.489,18425.55,18419.522,18423.022
2024-07-17 13:10:00+00:00,18423.483500000002,18434.05,18421.0055,18424.0055
2024-07-17 13:15:00+00:00,18426.011,18426.011,18413.9445,18421.983500000002
2024-07-17 13:20:00+00:00,18421.489,18436.5,18419.572,18426.989
2024-07-17 13:25:00+00:00,18426.427000000003,18431.072,18420.022,18426.939000000002
2024-07-17 13:30:00+00:00,18428.4955,18448.072,18427.933500000003,18447.0
2024-07-17 13:35:00+00:00,18447.512,18469.9945,18445.011,18463.0
2024-07-17 13:40:00+00:00,18463.5055,18474.4945,18463.5055,18471.0055
2024-07-17 13:45:00+00:00,18472.066499999997,18488.933500000003,18470.9945,18487.011
2024-07-17 13:50:00+00:00,18486.011,18507.0,18486.011,18500.0
2024-07-17 13:55:00+00:00,18499.821000000004,18505.5555,18486.983500000002,18487.0165
2024-07-17 14:00:00+00:00,18487.501,18490.933500000003,18467.5,18477.0
2024-07-17 14:05:00+00:00,18478.022,18478.022,18453.511,18457.9945
2024-07-17 14:10:00+00:00,18458.478,18489.983500000002,18453.0055,18485.939000000002
2024-07-17 14:15:00+00:00,18485.4935,18497.428,18476.5,18493.066499999997
2024-07-17 14:20:00+00:00,18493.322999999997,18494.0,18476.939000000002,18484.0
2024-07-17 14:25:00+00:00,18482.989,18502.483500000002,18481.011,18488.4945
2024-07-17 14:30:00+00:00,18487.0055,18503.072,18479.0,18497.45
2024-07-17 14:35:00+00:00,18497.2655,18500.016499999998,18470.4345,18470.9945
2024-07-17 14:40:00+00:00,18471.928,18486.072,18466.9445,18486.05
2024-07-17 14:45:00+00:00,18483.989,18495.522,18468.95,18470.0
2024-07-17 14:50:00+00:00,18468.928,18479.011,18466.4945,18468.0555
2024-07-17 14:55:00+00:00,18467.4935,18474.011,18460.928,18462.9945
2024-07-17 15:00:00+00:00,18461.011,18461.011,18443.0555,18445.060999999998
2024-07-17 15:05:00+00:00,18446.022,18457.9945,18436.5165,18457.5
2024-07-17 15:10:00+00:00,18458.011,18458.011,18441.072,18444.066499999997
2024-07-17 15:15:00+00:00,18443.060999999998,18457.511,18439.9945,18456.55
2024-07-17 15:20:00+00:00,18456.9445,18461.05,18451.9835,18451.9835
2024-07-17 15:25:00+00:00,18451.0055,18451.0055,18441.072,18447.011
2024-07-17 15:30:00+00:00,18446.4835,18450.572,18436.4835,18437.0055
2024-07-17 15:35:00+00:00,18437.4955,18446.489,18436.9945,18443.0055
2024-07-17 15:40:00+00:00,18442.4945,18445.0,18432.0,18439.011
2024-07-17 15:45:00+00:00,18439.4835,18439.566499999997,18432.55,18439.0165
2024-07-17 15:50:00+00:00,18439.5165,18441.016499999998,18432.0055,18438.5
2024-07-17 15:55:00+00:00,18438.9835,18443.9835,18434.5055,18441.011
2024-07-17 16:00:00+00:00,18441.989,18446.05,18433.489,18437.95
2024-07-17 16:05:00+00:00,18437.0055,18439.0,18427.5055,18429.566499999997
2024-07-17 16:10:00+00:00,18429.31,18429.31,18416.9445,18418.9945
2024-07-17 16:15:00+00:00,18419.572999999997,18433.989,18418.983500000002,18431.4945
2024-07-17 16:20:00+00:00,18432.011,18439.016499999998,18429.0055,18430.9835
2024-07-17 16:25:00+00:00,18431.511,18436.072,18428.511,18431.560999999998
2024-07-17 16:30:00+00:00,18430.989,18442.0,18429.95,18435.9835
2024-07-17 16:35:00+00:00,18436.55,18439.0555,18428.983500000002,18433.0
2024-07-17 16:40:00+00:00,18434.011,18435.0,18429.9445,18430.9945
2024-07-17 16:45:00+00:00,18431.928,18435.011,18429.5055,18434.0
2024-07-17 16:50:00+00:00,18433.489,18440.511,18430.45,18437.989
2024-07-17 16:55:00+00:00,18438.2455,18444.5055,18434.989,18438.9945
2024-07-17 17:00:00+00:00,18438.254500000003,18441.522,18432.989,18434.5055
2024-07-17 17:05:00+00:00,18434.95,18437.0,18421.0,18421.0
2024-07-17 17:10:00+00:00,18421.9945,18427.0,18418.5,18418.9945
2024-07-17 17:15:00+00:00,18419.5055,18427.016499999998,18412.4835,18421.0055
2024-07-17 17:20:00+00:00,18420.566499999997,18423.4445,18416.989,18419.0
2024-07-17 17:25:00+00:00,18418.011,18425.511,18417.939000000002,18423.978
2024-07-17 17:30:00+00:00,18423.5,18435.011,18422.983500000002,18434.0165
2024-07-17 17:35:00+00:00,18434.45,18442.0055,18431.989,18435.0555
2024-07-17 17:40:00+00:00,18435.5055,18439.522,18429.489,18438.072
2024-07-17 17:45:00+00:00,18437.0165,18441.989,18435.0,18439.060999999998
2024-07-17 17:50:00+00:00,18440.011,18442.05,18431.45,18434.011
2024-07-17 17:55:00+00:00,18433.4945,18439.55,18433.0,18434.939000000002
2024-07-17 18:00:00+00:00,18434.0,18434.5055,18424.0,18428.022
2024-07-17 18:05:00+00:00,18426.9945,18438.011,18424.022,18436.0055
2024-07-17 18:10:00+00:00,18435.0,18442.05,18434.016499999998,18434.016499999998
2024-07-17 18:15:00+00:00,18434.44,18443.439000000002,18434.44,18442.0
2024-07-17 18:20:00+00:00,18442.928,18448.0,18440.439000000002,18444.011
2024-07-17 18:25:00+00:00,18444.560999999998,18451.4945,18442.939000000002,18450.428
2024-07-17 18:30:00+00:00,18450.011,18456.011,18447.9835,18450.0165
2024-07-17 18:35:00+00:00,18449.5055,18455.5,18446.4945,18448.9945
2024-07-17 18:40:00+00:00,18449.9835,18453.011,18441.9445,18443.0555
2024-07-17 18:45:00+00:00,18442.0,18446.011,18434.9945,18439.0
2024-07-17 18:50:00+00:00,18438.4945,18444.5,18428.933500000003,18430.060999999998
2024-07-17 18:55:00+00:00,18430.262,18441.060999999998,18430.262,18438.5055
2024-07-17 19:00:00+00:00,18438.0055,18441.0,18426.95,18427.0
2024-07-17 19:05:00+00:00,18427.5055,18432.011,18423.9945,18430.5055
2024-07-17 19:10:00+00:00,18430.0055,18441.5,18430.0055,18436.016499999998
2024-07-17 19:15:00+00:00,18436.9835,18441.072,18434.433500000003,18438.066499999997
2024-07-17 19:20:00+00:00,18438.572,18450.0,18438.489,18446.9945
2024-07-17 19:25:00+00:00,18447.5065,18449.9945,18443.0055,18445.983500000002
2024-07-17 19:30:00+00:00,18445.5,18448.5,18439.5,18440.0
2024-07-17 19:35:00+00:00,18440.55,18441.022,18428.0,18428.933500000003
2024-07-17 19:40:00+00:00,18429.45,18431.5055,18423.011,18427.4835
2024-07-17 19:45:00+00:00,18427.011,18432.489,18423.989,18428.5
2024-07-17 19:50:00+00:00,18430.016499999998,18445.0055,18428.983500000002,18438.5555
2024-07-17 19:55:00+00:00,18438.060999999998,18445.560999999998,18435.0,18438.511
2024-07-17 20:00:00+00:00,18434.439000000002,18436.483500000002,18415.610999999997,18430.3835
2024-07-17 20:05:00+00:00,18429.6,18432.0555,18421.310999999998,18427.828
2024-07-17 20:10:00+00:00,18427.078,18439.411,18426.278,18437.810999999998
2024-07-17 22:05:00+00:00,18471.9,18471.9,18465.3835,18466.9835
2024-07-17 22:10:00+00:00,18467.8,18471.9665,18466.2165,18470.283499999998
2024-07-17 22:15:00+00:00,18471.0835,18475.189000000002,18470.233500000002,18473.6
2024-07-17 22:20:00+00:00,18474.3445,18477.772,18474.3445,18475.272
2024-07-17 22:25:00+00:00,18474.4055,18475.2,18472.733500000002,18474.461
2024-07-17 22:30:00+00:00,18475.2,18477.761,18473.528,18475.211
2024-07-17 22:35:00+00:00,18475.605499999998,18476.110999999997,18466.1945,18471.0835
2024-07-17 22:40:00+00:00,18470.239,18473.622,18470.239,18472.7945
2024-07-17 22:45:00+00:00,18473.616499999996,18474.339,18471.8335,18472.855499999998
2024-07-17 22:50:00+00:00,18473.6,18475.2,18471.839,18472.8
2024-07-17 22:55:00+00:00,18473.539,18481.066499999997,18473.539,18479.4055
2024-07-17 23:00:00+00:00,18478.5,18479.4665,18476.0335,18476.0335
2024-07-17 23:05:00+00:00,18475.178,18477.7,18474.389000000003,18476.039
2024-07-17 23:10:00+00:00,18476.9055,18476.9055,18475.261,18475.261
2024-07-17 23:15:00+00:00,18476.1,18476.1,18474.4055,18474.411
2024-07-17 23:20:00+00:00,18473.5945,18476.1,18473.578,18475.2165
2024-07-17 23:25:00+00:00,18476.110999999997,18476.1665,18474.4,18475.272
2024-07-17 23:30:00+00:00,18476.110999999997,18479.4,18476.110999999997,18479.4
2024-07-17 23:35:00+00:00,18478.560999999998,18479.4,18473.722,18474.489
2024-07-17 23:40:00+00:00,18473.75,18474.566499999997,18473.678,18474.483500000002
2024-07-17 23:45:00+00:00,18473.639000000003,18473.766499999998,18470.4,18472.1
2024-07-17 23:50:00+00:00,18472.8335,18472.911,18470.328,18471.189000000002
2024-07-17 23:55:00+00:00,18472.1,18476.9,18472.1,18476.9
2024-07-18 00:00:00+00:00,18476.116499999996,18490.572,18476.078,18489.5945
2024-07-18 00:05:00+00:00,18488.85,18491.310999999998,18487.1945,18489.55
2024-07-18 00:10:00+00:00,18488.8,18491.316499999997,18488.060999999998,18490.5165
2024-07-18 00:15:00+00:00,18473.5,18500.022,18473.5,18477.9835
2024-07-18 00:20:00+00:00,18478.0,18481.45,18472.5055,18476.933500000003
2024-07-18 00:25:00+00:00,18476.5055,18496.572,18475.5,18493.066499999997
2024-07-18 00:30:00+00:00,18493.566499999997,18497.478,18477.5,18479.0
2024-07-18 00:35:00+00:00,18480.011,18488.5555,18478.0555,18483.511
2024-07-18 00:40:00+00:00,18484.0,18495.4835,18483.989,18495.011
2024-07-18 00:45:00+00:00,18495.5,18495.989,18484.0055,18484.428
2024-07-18 00:50:00+00:00,18483.928,18486.05,18480.011,18482.022
2024-07-18 00:55:00+00:00,18481.732500000002,18484.0555,18477.9945,18478.0055
2024-07-18 01:00:00+00:00,18478.572,18479.511,18473.0,18473.0055
2024-07-18 01:05:00+00:00,18473.989,18483.5,18472.433500000003,18481.9945
2024-07-18 01:10:00+00:00,18481.511,18482.4835,18472.9945,18472.9945
2024-07-18 01:15:00+00:00,18472.5,18479.0,18470.939000000002,18476.9445
2024-07-18 01:20:00+00:00,18477.4835,18484.022,18477.4835,18479.489
2024-07-18 01:25:00+00:00,18479.0055,18486.0,18477.55,18485.0
2024-07-18 01:30:00+00:00,18485.489,18487.022,18483.983500000002,18486.511
2024-07-18 01:35:00+00:00,18485.9945,18487.0055,18484.9945,18486.5
2024-07-18 01:40:00+00:00,18485.9945,18488.0,18481.011,18486.95
2024-07-18 01:45:00+00:00,18486.7545,18488.066499999997,18485.4445,18487.428
2024-07-18 01:50:00+00:00,18486.511,18487.572,18486.433500000003,18487.572
2024-07-18 01:55:00+00:00,18487.0055,18487.072,18479.9945,18480.989
2024-07-18 02:00:00+00:00,18482.478,18484.9945,18478.511,18479.0055
2024-07-18 02:05:00+00:00,18479.983500000002,18483.511,18478.522,18482.9835
2024-07-18 02:10:00+00:00,18483.55,18483.55,18475.5,18476.428
2024-07-18 02:15:00+00:00,18474.95,18476.560999999998,18472.072,18472.072
2024-07-18 02:20:00+00:00,18472.5,18473.022,18465.0055,18465.0055
2024-07-18 02:25:00+00:00,18465.4945,18467.9835,18464.428,18465.522
2024-07-18 02:30:00+00:00,18464.989,18465.983500000002,18463.95,18465.983500000002
2024-07-18 02:35:00+00:00,18465.0055,18466.939000000002,18463.9945,18466.560999999998
2024-07-18 02:40:00+00:00,18465.0055,18468.489,18465.0055,18467.489
2024-07-18 02:45:00+00:00,18468.011,18476.0,18468.011,18472.0055
2024-07-18 02:50:00+00:00,18471.011,18473.5165,18468.433500000003,18473.5165
2024-07-18 02:55:00+00:00,18474.4945,18477.511,18472.0,18472.9945
2024-07-18 03:00:00+00:00,18472.5055,18474.483500000002,18471.0,18471.9835
2024-07-18 03:05:00+00:00,18473.478,18476.011,18473.478,18473.983500000002
2024-07-18 03:10:00+00:00,18473.0,18474.522,18473.0,18473.989
2024-07-18 03:15:00+00:00,18474.9945,18476.011,18471.5,18472.0555
2024-07-18 03:20:00+00:00,18469.489,18477.0,18467.978,18477.0
2024-07-18 03:25:00+00:00,18475.428,18478.5,18474.4445,18476.4945
2024-07-18 03:30:00+00:00,18477.072,18477.560999999998,18460.9945,18462.0
2024-07-18 03:35:00+00:00,18462.511,18465.016499999998,18461.0,18462.566499999997
2024-07-18 03:40:00+00:00,18462.9445,18470.5,18462.9445,18467.0055
2024-07-18 03:45:00+00:00,18466.060999999998,18472.9445,18465.0055,18471.5055
2024-07-18 03:50:00+00:00,18472.0165,18473.072,18465.0,18466.05
2024-07-18 03:55:00+00:00,18465.439000000002,18467.511,18465.439000000002,18466.978
2024-07-18 04:00:00+00:00,18466.749,18473.9945,18466.566499999997,18468.05
2024-07-18 04:05:00+00:00,18468.4945,18469.5,18467.433500000003,18468.072
2024-07-18 04:10:00+00:00,18468.489,18469.489,18467.439000000002,18468.0055
2024-07-18 04:15:00+00:00,18467.560999999998,18468.4945,18460.5055,18461.0
2024-07-18 04:20:00+00:00,18460.516499999998,18465.433500000003,18459.5,18465.433500000003
2024-07-18 04:25:00+00:00,18465.983500000002,18471.5,18463.011,18463.55
2024-07-18 04:30:00+00:00,18462.9945,18464.0,18461.5165,18463.566499999997
2024-07-18 04:35:00+00:00,18464.5165,18466.011,18464.0,18465.572
2024-07-18 04:40:00+00:00,18466.0,18466.572,18465.511,18466.011
2024-07-18 04:45:00+00:00,18465.5,18466.072,18464.933500000003,18465.016499999998
2024-07-18 04:50:00+00:00,18464.5,18472.0,18464.5,18469.0
2024-07-18 04:55:00+00:00,18469.566499999997,18476.983500000002,18467.9945,18474.4445
2024-07-18 05:00:00+00:00,18474.0055,18474.0055,18460.572,18460.572
2024-07-18 05:05:00+00:00,18459.933500000003,18465.511,18459.933500000003,18463.0
2024-07-18 05:10:00+00:00,18462.0,18463.560999999998,18455.5055,18455.5055
2024-07-18 05:15:00+00:00,18456.0,18457.4945,18454.5055,18456.060999999998
2024-07-18 05:20:00+00:00,18456.478,18459.511,18455.4945,18457.5
2024-07-18 05:25:00+00:00,18455.989,18456.060999999998,18447.5,18448.5
2024-07-18 05:30:00+00:00,18449.511,18458.022,18449.0,18454.989
2024-07-18 05:35:00+00:00,18455.5,18462.011,18454.4835,18454.4835
2024-07-18 05:40:00+00:00,18454.9835,18463.016499999998,18454.489,18463.0055
2024-07-18 05:45:00+00:00,18463.5,18466.0,18459.011,18461.0
2024-07-18 05:50:00+00:00,18460.0,18467.5555,18460.0,18466.9945
2024-07-18 05:55:00+00:00,18467.4835,18477.9835,18466.989,18477.066499999997
2024-07-18 06:00:00+00:00,18476.688000000002,18485.0165,18461.45,18461.45
2024-07-18 06:05:00+00:00,18460.4945,18467.0555,18450.0,18466.011
2024-07-18 06:10:00+00:00,18465.4945,18471.433500000003,18457.5055,18470.4835
2024-07-18 06:15:00+00:00,18470.0055,18480.4945,18466.5165,18476.572
2024-07-18 06:20:00+00:00,18475.489,18478.9945,18466.45,18476.483500000002
2024-07-18 06:25:00+00:00,18476.983500000002,18479.522,18470.483500000002,18472.433500000003
2024-07-18 06:30:00+00:00,18473.4945,18484.928,18473.4945,18481.572
2024-07-18 06:35:00+00:00,18481.016499999998,18487.433500000003,18473.978,18487.433500000003
2024-07-18 06:40:00+00:00,18487.751,18497.072,18486.439000000002,18496.5
2024-07-18 06:45:00+00:00,18496.9445,18503.511,18493.989,18498.572
2024-07-18 06:50:00+00:00,18499.072,18502.022,18495.511,18495.511
2024-07-18 06:55:00+00:00,18496.45,18510.5,18495.939000000002,18502.072
2024-07-18 07:00:00+00:00,18502.022,18514.55,18455.439000000002,18462.5055
2024-07-18 07:05:00+00:00,18460.5,18464.0055,18445.489,18459.511
2024-07-18 07:10:00+00:00,18459.9955,18484.478,18452.5055,18478.483500000002
2024-07-18 07:15:00+00:00,18479.489,18479.489,18447.511,18449.5
2024-07-18 07:20:00+00:00,18447.5165,18467.0055,18443.5055,18447.016499999998
2024-07-18 07:25:00+00:00,18446.4945,18447.022,18398.983500000002,18406.5
2024-07-18 07:30:00+00:00,18407.55,18420.978,18386.439000000002,18419.511
2024-07-18 07:35:00+00:00,18420.0,18430.572,18392.5,18400.5
2024-07-18 07:40:00+00:00,18401.522,18427.933500000003,18398.4945,18422.572
2024-07-18 07:45:00+00:00,18421.4945,18421.4945,18396.5055,18402.45
2024-07-18 07:50:00+00:00,18401.511,18424.0055,18401.5,18406.4945
2024-07-18 07:55:00+00:00,18406.7435,18407.5,18392.5,18406.011
2024-07-18 08:00:00+00:00,18406.2565,18421.511,18392.511,18401.55
2024-07-18 08:05:00+00:00,18400.9935,18422.511,18396.5,18408.511
2024-07-18 08:10:00+00:00,18409.522,18419.478,18401.989,18412.5
2024-07-18 08:15:00+00:00,18411.489,18425.5,18403.4945,18413.566499999997
2024-07-18 08:20:00+00:00,18414.4945,18433.5055,18404.4945,18428.511
2024-07-18 08:25:00+00:00,18426.978,18428.566499999997,18413.439000000002,18415.566499999997
2024-07-18 08:30:00+00:00,18415.0555,18448.55,18408.5055,18445.433500000003
2024-07-18 08:35:00+00:00,18444.988,18458.5,18441.45,18441.45
2024-07-18 08:40:00+00:00,18442.5,18452.0055,18434.5,18442.4945
2024-07-18 08:45:00+00:00,18443.522,18454.011,18436.4835,18454.0055
2024-07-18 08:50:00+00:00,18453.738,18463.572,18446.489,18453.572
2024-07-18 08:55:00+00:00,18453.0,18474.489,18453.0,18474.439000000002
2024-07-18 09:00:00+00:00,18471.9935,18479.5055,18466.933500000003,18466.933500000003
2024-07-18 09:05:00+00:00,18468.4945,18480.516499999998,18467.489,18473.4945
2024-07-18 09:10:00+00:00,18474.5,18484.572,18474.4945,18479.428
2024-07-18 09:15:00+00:00,18478.4945,18483.939000000002,18470.5055,18482.522
2024-07-18 09:20:00+00:00,18481.55,18487.5055,18479.011,18485.5055
2024-07-18 09:25:00+00:00,18486.060999999998,18486.489,18478.4945,18480.4945
2024-07-18 09:30:00+00:00,18481.0065,18486.95,18458.483500000002,18463.5055
2024-07-18 09:35:00+00:00,18463.022,18470.5055,18446.978,18450.072
2024-07-18 09:40:00+00:00,18451.572,18459.5055,18444.989,18454.5555
2024-07-18 09:45:00+00:00,18453.983500000002,18469.5,18452.55,18466.5
2024-07-18 09:50:00+00:00,18467.5055,18484.928,18467.5055,18481.433500000003
2024-07-18 09:55:00+00:00,18479.511,18480.0055,18466.5,18473.478
2024-07-18 10:00:00+00:00,18474.522,18478.5,18458.4445,18464.5055
2024-07-18 10:05:00+00:00,18463.439000000002,18476.522,18457.933500000003,18462.511
2024-07-18 10:10:00+00:00,18461.560999999998,18471.4945,18454.989,18465.511
2024-07-18 10:15:00+00:00,18465.232500000002,18471.489,18448.4445,18448.4445
2024-07-18 10:20:00+00:00,18446.9945,18455.5,18438.45,18452.5
2024-07-18 10:25:00+00:00,18452.9945,18455.0,18444.060999999998,18453.439000000002
2024-07-18 10:30:00+00:00,18452.5,18466.522,18445.566499999997,18466.511
2024-07-18 10:35:00+00:00,18465.4445,18475.5055,18465.4445,18472.5
2024-07-18 10:40:00+00:00,18471.516499999998,18476.55,18467.5055,18470.4945
2024-07-18 10:45:00+00:00,18470.05,18476.978,18467.478,18476.516499999998
2024-07-18 10:50:00+00:00,18477.5,18477.5165,18465.566499999997,18476.489
2024-07-18 10:55:00+00:00,18476.95,18484.572,18471.5,18484.572
2024-07-18 11:00:00+00:00,18483.9945,18487.560999999998,18476.0165,18487.560999999998
2024-07-18 11:05:00+00:00,18485.428,18491.511,18483.0055,18490.516499999998
2024-07-18 11:10:00+00:00,18490.8065,18491.011,18481.939000000002,18483.478
2024-07-18 11:15:00+00:00,18485.016499999998,18488.4445,18466.9445,18468.433500000003
2024-07-18 11:20:00+00:00,18469.5055,18482.5165,18468.5,18482.5165
2024-07-18 11:25:00+00:00,18481.5,18483.5055,18469.5055,18471.55
2024-07-18 11:30:00+00:00,18472.001,18474.5,18467.5,18472.5
2024-07-18 11:35:00+00:00,18470.522,18481.5055,18469.428,18480.0
2024-07-18 11:40:00+00:00,18480.5055,18490.016499999998,18476.9945,18489.5
2024-07-18 11:45:00+00:00,18490.511,18493.011,18482.489,18491.572
2024-07-18 11:50:00+00:00,18492.05,18494.5,18487.5,18490.5555
2024-07-18 11:55:00+00:00,18490.989,18493.566499999997,18483.572,18489.516499999998
2024-07-18 12:00:00+00:00,18489.0,18493.516499999998,18484.439000000002,18484.511
2024-07-18 12:05:00+00:00,18483.4945,18490.566499999997,18480.439000000002,18483.511
2024-07-18 12:10:00+00:00,18482.5,18488.4945,18482.0165,18482.511
2024-07-18 12:15:00+00:00,18483.016499999998,18491.9445,18468.0055,18491.9445
2024-07-18 12:20:00+00:00,18491.5,18494.5,18486.522,18493.489
2024-07-18 12:25:00+00:00,18494.011,18499.4945,18484.4945,18484.4945
2024-07-18 12:30:00+00:00,18485.017499999998,18490.928,18477.5,18487.5055
2024-07-18 12:35:00+00:00,18486.511,18493.5555,18473.5055,18482.5
2024-07-18 12:40:00+00:00,18481.489,18494.489,18481.489,18494.489
2024-07-18 12:45:00+00:00,18493.489,18504.483500000002,18490.439000000002,18503.516499999998
2024-07-18 12:50:00+00:00,18502.5,18502.983500000002,18492.0,18499.511
2024-07-18 12:55:00+00:00,18500.011,18508.0,18491.933500000003,18499.55
2024-07-18 13:00:00+00:00,18501.5,18503.516499999998,18486.5055,18493.95
2024-07-18 13:05:00+00:00,18494.560999999998,18507.0555,18494.560999999998,18499.572
2024-07-18 13:10:00+00:00,18500.511,18509.572,18495.978,18503.5165
2024-07-18 13:15:00+00:00,18503.9835,18513.0,18502.522,18510.428
2024-07-18 13:20:00+00:00,18510.254500000003,18512.4945,18497.489,18501.5
2024-07-18 13:25:00+00:00,18501.751,18514.0,18501.751,18512.433500000003
2024-07-18 13:30:00+00:00,18511.95,18524.5055,18510.489,18513.9945
2024-07-18 13:35:00+00:00,18514.439000000002,18533.5165,18510.0,18528.489
2024-07-18 13:40:00+00:00,18529.5055,18536.511,18510.433500000003,18511.072
2024-07-18 13:45:00+00:00,18511.433500000003,18515.5055,18482.483500000002,18483.511
2024-07-18 13:50:00+00:00,18483.011,18492.5055,18470.4945,18475.489
2024-07-18 13:55:00+00:00,18475.762,18501.5,18475.762,18498.5555
2024-07-18 14:00:00+00:00,18499.511,18501.5055,18479.5,18487.5055
2024-07-18 14:05:00+00:00,18485.433500000003,18487.4945,18466.0,18479.511
2024-07-18 14:10:00+00:00,18478.489,18483.5055,18469.483500000002,18482.489
2024-07-18 14:15:00+00:00,18483.4945,18495.978,18477.5,18478.4945
2024-07-18 14:20:00+00:00,18477.5055,18484.55,18464.572,18484.5055
2024-07-18 14:25:00+00:00,18484.9455,18485.489,18460.511,18461.0
2024-07-18 14:30:00+00:00,18460.511,18463.572,18444.9835,18445.5
2024-07-18 14:35:00+00:00,18444.978,18447.0055,18424.4945,18433.5
2024-07-18 14:40:00+00:00,18432.566499999997,18432.566499999997,18407.4945,18417.433500000003
2024-07-18 14:45:00+00:00,18416.522,18418.5055,18388.0,18412.4945
2024-07-18 14:50:00+00:00,18413.0055,18421.511,18398.439000000002,18416.4945
2024-07-18 14:55:00+00:00,18415.999,18420.5555,18388.5055,18400.5055
2024-07-18 15:00:00+00:00,18400.978,18418.483500000002,18390.428,18405.5
2024-07-18 15:05:00+00:00,18406.5055,18411.5555,18389.9945,18397.5
2024-07-18 15:10:00+00:00,18397.0,18404.522,18387.433500000003,18389.5055
2024-07-18 15:15:00+00:00,18389.0055,18397.4945,18375.489,18376.0
2024-07-18 15:20:00+00:00,18376.262,18380.560999999998,18365.0055,18367.5
2024-07-18 15:25:00+00:00,18368.4945,18375.0,18357.989,18360.5055
2024-07-18 15:30:00+00:00,18358.989,18370.0,18346.0,18350.022
2024-07-18 15:35:00+00:00,18350.516499999998,18372.5,18349.5555,18369.011
2024-07-18 15:40:00+00:00,18368.0,18378.4835,18361.45,18365.072
2024-07-18 15:45:00+00:00,18364.5,18370.9945,18347.566499999997,18347.566499999997
2024-07-18 15:50:00+00:00,18348.001,18361.4945,18345.978,18352.5555
2024-07-18 15:55:00+00:00,18353.066499999997,18353.066499999997,18337.0,18337.566499999997
2024-07-18 16:00:00+00:00,18336.927000000003,18342.516499999998,18325.9945,18328.989
2024-07-18 16:05:00+00:00,18328.4945,18349.489,18323.5055,18347.489
2024-07-18 16:10:00+00:00,18347.0055,18347.0055,18329.489,18336.0
2024-07-18 16:15:00+00:00,18336.522,18336.522,18323.489,18332.5555
2024-07-18 16:20:00+00:00,18331.983500000002,18343.55,18325.5,18329.5165
2024-07-18 16:25:00+00:00,18328.566499999997,18341.511,18327.4835,18337.428
2024-07-18 16:30:00+00:00,18336.977000000003,18356.45,18328.478,18356.45
2024-07-18 16:35:00+00:00,18355.511,18362.0055,18346.511,18361.0
2024-07-18 16:40:00+00:00,18361.439000000002,18361.439000000002,18350.428,18360.4945
2024-07-18 16:45:00+00:00,18359.4445,18369.5,18357.511,18358.433500000003
2024-07-18 16:50:00+00:00,18357.5,18367.0165,18357.5,18364.489
2024-07-18 16:55:00+00:00,18364.021,18377.5,18363.489,18376.4445
2024-07-18 17:00:00+00:00,18375.428,18381.0,18370.4945,18371.511
2024-07-18 17:05:00+00:00,18370.938000000002,18370.938000000002,18354.5,18355.433500000003
2024-07-18 17:10:00+00:00,18356.011,18370.45,18355.478,18367.0055
2024-07-18 17:15:00+00:00,18366.489,18370.0055,18360.4945,18369.522
2024-07-18 17:20:00+00:00,18369.011,18379.5055,18368.489,18373.428
2024-07-18 17:25:00+00:00,18373.933500000003,18374.0165,18363.4835,18368.978
2024-07-18 17:30:00+00:00,18369.4945,18374.5165,18365.428,18365.428
2024-07-18 17:35:00+00:00,18364.9945,18367.5055,18359.95,18361.5055
2024-07-18 17:40:00+00:00,18362.560999999998,18365.9945,18356.4445,18356.5055
2024-07-18 17:45:00+00:00,18355.939000000002,18366.433500000003,18355.939000000002,18361.45
2024-07-18 17:50:00+00:00,18361.3045,18361.3045,18341.066499999997,18342.483500000002
2024-07-18 17:55:00+00:00,18342.0055,18343.0555,18331.0,18333.989
2024-07-18 18:00:00+00:00,18333.511,18335.0,18321.928,18326.989
2024-07-18 18:05:00+00:00,18326.5,18330.5,18322.4445,18325.55
2024-07-18 18:10:00+00:00,18325.011,18328.478,18313.5055,18315.55
2024-07-18 18:15:00+00:00,18316.001,18325.5,18316.001,18319.0555
2024-07-18 18:20:00+00:00,18318.428,18332.4945,18317.489,18329.489
2024-07-18 18:25:00+00:00,18329.260000000002,18329.560999999998,18313.4835,18313.5055
2024-07-18 18:30:00+00:00,18314.0,18324.566499999997,18310.0,18320.5055
2024-07-18 18:35:00+00:00,18320.933500000003,18325.072,18306.483500000002,18306.483500000002
2024-07-18 18:40:00+00:00,18306.933500000003,18316.489,18306.0,18309.55
2024-07-18 18:45:00+00:00,18310.022,18313.072,18305.439000000002,18305.9445
2024-07-18 18:50:00+00:00,18305.0055,18316.978,18298.45,18315.572
2024-07-18 18:55:00+00:00,18316.45,18324.072,18315.5,18322.511
2024-07-18 19:00:00+00:00,18321.499,18328.066499999997,18313.5055,18315.5055
2024-07-18 19:05:00+00:00,18315.95,18320.0165,18311.478,18314.478
2024-07-18 19:10:00+00:00,18313.5055,18314.978,18289.428,18298.0555
2024-07-18 19:15:00+00:00,18297.516499999998,18306.566499999997,18297.4945,18300.022
2024-07-18 19:20:00+00:00,18300.311999999998,18301.0,18293.5,18294.5
2024-07-18 19:25:00+00:00,18294.99,18306.572,18294.5,18305.5165
2024-07-18 19:30:00+00:00,18305.3155,18310.566499999997,18300.0,18309.55
2024-07-18 19:35:00+00:00,18310.0,18321.0055,18302.4945,18318.5
2024-07-18 19:40:00+00:00,18319.4945,18326.5,18315.511,18321.4945
2024-07-18 19:45:00+00:00,18323.022,18340.5,18320.989,18339.9445
2024-07-18 19:50:00+00:00,18339.760000000002,18341.9445,18309.989,18310.489
2024-07-18 19:55:00+00:00,18312.5055,18326.5055,18311.489,18317.55
2024-07-18 20:00:00+00:00,18318.0,18335.605499999998,18313.3335,18324.9165
2024-07-18 20:05:00+00:00,18325.229,18334.855499999998,18319.978,18333.989
2024-07-18 20:10:00+00:00,18334.461,18335.610999999997,18322.3835,18324.9165
2024-07-18 22:05:00+00:00,18345.128,18350.6555,18343.933500000003,18350.605499999998
2024-07-18 22:10:00+00:00,18351.4,18353.9055,18348.9,18353.1
2024-07-18 22:15:00+00:00,18352.2055,18353.9055,18345.578,18347.3
2024-07-18 22:20:00+00:00,18346.5,18346.5165,18338.95,18343.211
2024-07-18 22:25:00+00:00,18343.672,18345.5945,18338.1945,18338.9945
2024-07-18 22:30:00+00:00,18339.9665,18346.45,18339.9,18339.9
2024-07-18 22:35:00+00:00,18340.7055,18340.711,18334.8445,18338.1835
2024-07-18 22:40:00+00:00,18338.6165,18343.211,18338.139000000003,18342.239
2024-07-18 22:45:00+00:00,18341.511,18351.610999999997,18341.511,18351.610999999997
2024-07-18 22:50:00+00:00,18350.816499999997,18352.472,18349.889000000003,18350.8
2024-07-18 22:55:00+00:00,18351.2555,18351.5835,18346.5335,18347.489
2024-07-18 23:00:00+00:00,18347.951,18349.1,18344.939000000002,18348.283499999998
2024-07-18 23:05:00+00:00,18347.5,18347.566499999997,18345.8165,18346.5945
2024-07-18 23:10:00+00:00,18346.189000000002,18349.1,18344.933500000003,18349.1
2024-07-18 23:15:00+00:00,18349.883500000004,18350.8,18347.889000000003,18350.728
2024-07-18 23:20:00+00:00,18349.9,18350.355499999998,18348.3,18349.1
2024-07-18 23:25:00+00:00,18349.9055,18353.211,18349.9055,18351.589
2024-07-18 23:30:00+00:00,18352.422,18352.422,18347.289,18350.528
2024-07-18 23:35:00+00:00,18349.8055,18350.605499999998,18346.5,18348.1
2024-07-18 23:40:00+00:00,18348.889000000003,18348.894500000002,18343.1945,18344.0
2024-07-18 23:45:00+00:00,18343.5445,18343.5445,18337.339,18339.8335
2024-07-18 23:50:00+00:00,18340.7055,18342.316499999997,18339.0055,18339.894500000002
2024-07-18 23:55:00+00:00,18340.6945,18342.239,18339.8445,18339.9055
2024-07-19 00:00:00+00:00,18339.0055,18339.0055,18332.3335,18333.289
2024-07-19 00:05:00+00:00,18333.7055,18339.0165,18332.389000000003,18338.1945
2024-07-19 00:10:00+00:00,18338.989,18344.860999999997,18338.2055,18344.860999999997
2024-07-19 00:15:00+00:00,18344.9945,18344.9945,18327.5055,18331.011
2024-07-19 00:20:00+00:00,18331.0,18342.0055,18330.560999999998,18337.5
2024-07-19 00:25:00+00:00,18337.0,18352.489,18336.439000000002,18346.0
2024-07-19 00:30:00+00:00,18344.989,18348.55,18342.45,18346.0555
2024-07-19 00:35:00+00:00,18346.516499999998,18350.5055,18341.0055,18343.928
2024-07-19 00:40:00+00:00,18343.5055,18345.0165,18336.0,18340.522
2024-07-19 00:45:00+00:00,18340.939000000002,18343.5,18335.0,18335.55
2024-07-19 00:50:00+00:00,18335.01,18340.5,18330.55,18339.9835
2024-07-19 00:55:00+00:00,18338.5055,18340.516499999998,18336.428,18336.428
2024-07-19 01:00:00+00:00,18336.7455,18341.5,18336.5,18339.566499999997
2024-07-19 01:05:00+00:00,18340.989,18340.989,18331.983500000002,18335.072
2024-07-19 01:10:00+00:00,18334.55,18336.9445,18330.5055,18330.978
2024-07-19 01:15:00+00:00,18330.511,18332.066499999997,18325.5055,18326.95
2024-07-19 01:20:00+00:00,18326.489,18340.0165,18325.011,18337.560999999998
2024-07-19 01:25:00+00:00,18338.011,18338.011,18335.522,18336.4835
2024-07-19 01:30:00+00:00,18337.5165,18341.572,18336.0055,18336.9945
2024-07-19 01:35:00+00:00,18334.989,18338.566499999997,18331.522,18337.4945
2024-07-19 01:40:00+00:00,18337.0,18340.011,18335.489,18335.489
2024-07-19 01:45:00+00:00,18333.0,18336.4945,18325.5555,18326.511
2024-07-19 01:50:00+00:00,18326.9945,18330.5055,18326.9945,18330.5055
2024-07-19 01:55:00+00:00,18330.0055,18332.5,18326.4835,18327.9945
2024-07-19 02:00:00+00:00,18327.5,18329.4445,18315.572,18328.5
2024-07-19 02:05:00+00:00,18327.928,18334.989,18326.4835,18326.9945
2024-07-19 02:10:00+00:00,18327.5,18329.0,18325.4445,18326.0
2024-07-19 02:15:00+00:00,18326.5055,18326.9835,18323.5,18326.560999999998
2024-07-19 02:20:00+00:00,18325.978,18327.478,18319.989,18323.5
2024-07-19 02:25:00+00:00,18323.933500000003,18326.4945,18323.433500000003,18325.5055
2024-07-19 02:30:00+00:00,18325.016499999998,18326.5,18322.0055,18326.5
2024-07-19 02:35:00+00:00,18326.0055,18333.05,18324.489,18330.4945
2024-07-19 02:40:00+00:00,18331.060999999998,18336.522,18329.489,18335.511
2024-07-19 02:45:00+00:00,18335.95,18340.05,18335.5,18337.933500000003
2024-07-19 02:50:00+00:00,18337.4445,18342.9945,18333.4945,18339.5055
2024-07-19 02:55:00+00:00,18340.0055,18342.011,18337.011,18337.011
2024-07-19 03:00:00+00:00,18337.428,18345.489,18337.428,18343.5055
2024-07-19 03:05:00+00:00,18342.522,18346.5555,18342.0,18342.989
2024-07-19 03:10:00+00:00,18343.433500000003,18346.566499999997,18342.0,18342.0
2024-07-19 03:15:00+00:00,18341.439000000002,18341.439000000002,18329.011,18339.0
2024-07-19 03:20:00+00:00,18339.55,18340.9445,18335.9945,18336.939000000002
2024-07-19 03:25:00+00:00,18336.5165,18339.066499999997,18336.428,18337.5055
2024-07-19 03:30:00+00:00,18338.489,18338.489,18331.0,18336.066499999997
2024-07-19 03:35:00+00:00,18336.317499999997,18338.939000000002,18334.433500000003,18337.566499999997
2024-07-19 03:40:00+00:00,18336.489,18337.05,18332.483500000002,18334.928
2024-07-19 03:45:00+00:00,18334.5165,18335.5165,18331.4945,18332.566499999997
2024-07-19 03:50:00+00:00,18332.9945,18339.0,18327.983500000002,18339.0
2024-07-19 03:55:00+00:00,18339.4835,18347.939000000002,18339.4835,18347.4945
2024-07-19 04:00:00+00:00,18347.066499999997,18347.5055,18341.0,18342.522
2024-07-19 04:05:00+00:00,18342.0,18347.522,18342.0,18346.5165
2024-07-19 04:10:00+00:00,18346.0,18348.489,18345.5055,18346.5
2024-07-19 04:15:00+00:00,18346.016499999998,18346.016499999998,18341.978,18343.489
2024-07-19 04:20:00+00:00,18342.9835,18346.45,18342.4945,18342.9945
2024-07-19 04:25:00+00:00,18343.5,18348.428,18343.5,18345.011
2024-07-19 04:30:00+00:00,18345.522,18348.5055,18343.4945,18347.928
2024-07-19 04:35:00+00:00,18347.5,18348.05,18344.0,18346.489
2024-07-19 04:40:00+00:00,18346.989,18346.989,18345.5,18346.478
2024-07-19 04:45:00+00:00,18345.95,18347.011,18344.428,18345.072
2024-07-19 04:50:00+00:00,18345.4445,18346.560999999998,18345.011,18345.4945
2024-07-19 04:55:00+00:00,18344.939000000002,18348.4945,18344.489,18347.5055
2024-07-19 05:00:00+00:00,18347.4945,18347.4945,18347.4945,18347.4945
2024-07-19 05:05:00+00:00,18347.572,18347.572,18347.572,18347.572
2024-07-19 08:25:00+00:00,18206.022,18221.072,18206.016499999998,18215.572
2024-07-19 08:30:00+00:00,18216.0555,18221.072,18184.5,18192.5555
2024-07-19 08:35:00+00:00,18193.5,18213.022,18189.0055,18211.5055
2024-07-19 08:40:00+00:00,18211.95,18220.5555,18203.011,18215.9945
2024-07-19 08:45:00+00:00,18215.516499999998,18227.0055,18200.989,18206.022
2024-07-19 08:50:00+00:00,18206.4945,18228.978,18201.4445,18207.55
2024-07-19 08:55:00+00:00,18208.072,18225.4945,18202.0,18216.0055
2024-07-19 09:00:00+00:00,18212.989,18238.9945,18205.45,18211.9945
2024-07-19 09:05:00+00:00,18211.5,18223.5055,18208.011,18221.489
2024-07-19 09:10:00+00:00,18221.0,18222.0,18208.9445,18216.060999999998
2024-07-19 09:15:00+00:00,18216.4945,18232.5055,18215.4445,18224.55
2024-07-19 09:20:00+00:00,18223.983500000002,18224.4945,18199.0,18199.439000000002
2024-07-19 09:25:00+00:00,18198.95,18213.989,18196.9445,18212.978
2024-07-19 09:30:00+00:00,18212.433500000003,18230.511,18211.4445,18215.9945
2024-07-19 09:35:00+00:00,18215.4945,18215.4945,18186.5055,18188.0
2024-07-19 09:40:00+00:00,18187.5055,18210.0,18183.5,18209.511
2024-07-19 09:45:00+00:00,18210.511,18230.0055,18203.5055,18216.0
2024-07-19 09:50:00+00:00,18220.0,18221.489,18192.011,18196.0055
2024-07-19 09:55:00+00:00,18196.983500000002,18204.9945,18188.989,18202.511
2024-07-19 10:00:00+00:00,18201.016499999998,18235.4945,18199.522,18235.060999999998
2024-07-19 10:05:00+00:00,18234.5,18244.066499999997,18217.0,18218.072
2024-07-19 10:10:00+00:00,18217.4945,18222.016499999998,18207.428,18222.016499999998
2024-07-19 10:15:00+00:00,18222.483500000002,18233.060999999998,18218.0055,18226.939000000002
2024-07-19 10:20:00+00:00,18227.45,18228.483500000002,18211.55,18221.9945
2024-07-19 10:25:00+00:00,18223.0,18236.511,18219.022,18228.4945
2024-07-19 10:30:00+00:00,18229.0,18242.489,18223.989,18238.5055
2024-07-19 10:35:00+00:00,18238.0,18247.989,18228.5,18231.516499999998
2024-07-19 10:40:00+00:00,18230.511,18234.5,18223.95,18224.0
2024-07-19 10:45:00+00:00,18225.0,18236.95,18209.933500000003,18211.5055
2024-07-19 10:50:00+00:00,18212.489,18228.55,18212.489,18225.5055
2024-07-19 10:55:00+00:00,18226.022,18240.5555,18223.4945,18226.939000000002
2024-07-19 11:00:00+00:00,18228.011,18238.016499999998,18215.0055,18221.5
2024-07-19 11:05:00+00:00,18220.489,18237.0055,18216.983500000002,18235.4945
2024-07-19 11:10:00+00:00,18234.9445,18252.483500000002,18231.9945,18244.939000000002
2024-07-19 11:15:00+00:00,18244.45,18265.0,18239.560999999998,18265.0
2024-07-19 11:20:00+00:00,18264.5,18274.0055,18257.011,18268.428
2024-07-19 11:25:00+00:00,18267.9945,18277.066499999997,18265.989,18276.511
2024-07-19 11:30:00+00:00,18277.511,18279.0055,18259.5,18260.55
2024-07-19 11:35:00+00:00,18260.933500000003,18263.560999999998,18254.0,18259.483500000002
2024-07-19 11:40:00+00:00,18259.190000000002,18265.178999999996,18250.190000000002,18252.167999999998
2024-07-19 11:45:00+00:00,18252.751,18260.19,18245.2065,18246.1955
2024-07-19 11:50:00+00:00,18245.6845,18250.678999999996,18241.628999999997,18248.623499999998
2024-07-19 11:55:00+00:00,18249.6845,18253.19,18242.678999999996,18248.1955
2024-07-19 12:00:00+00:00,18248.7565,18258.69,18237.69,18256.1955
2024-07-19 12:05:00+00:00,18256.678999999996,18258.1845,18237.7065,18240.712
2024-07-19 12:10:00+00:00,18239.628999999997,18244.751,18233.6845,18241.667999999998
2024-07-19 12:15:00+00:00,18242.6845,18244.678999999996,18222.19,18227.69
2024-07-19 12:20:00+00:00,18227.173499999997,18229.6345,18213.667999999998,18224.118
2024-07-19 12:25:00+00:00,18223.262,18231.1845,18220.673499999997,18220.7455
2024-07-19 12:30:00+00:00,18219.212,18245.679,18218.201,18244.6345
2024-07-19 12:35:00+00:00,18245.6845,18254.1845,18237.1955,18252.190000000002
2024-07-19 12:40:00+00:00,18252.679,18261.239999999998,18246.701,18246.701
2024-07-19 12:45:00+00:00,18247.167999999998,18261.2565,18247.167999999998,18260.173499999997
2024-07-19 12:50:00+00:00,18259.673499999997,18261.64,18244.167999999998,18246.173499999997
2024-07-19 12:55:00+00:00,18245.673499999997,18256.1845,18245.673499999997,18251.7565
2024-07-19 13:00:00+00:00,18253.1845,18260.262,18232.262,18233.69
2024-07-19 13:05:00+00:00,18233.1955,18247.173499999997,18233.123499999998,18245.19
2024-07-19 13:10:00+00:00,18245.7565,18245.7565,18234.673499999997,18235.173499999997
2024-07-19 13:15:00+00:00,18235.673499999997,18237.19,18221.2565,18221.6845
2024-07-19 13:20:00+00:00,18222.167999999998,18236.178999999996,18221.1845,18224.739999999998
2024-07-19 13:25:00+00:00,18223.701,18229.762,18217.1955,18229.190000000002
2024-07-19 13:30:00+00:00,18227.19,18236.190000000002,18209.14,18209.14
2024-07-19 13:35:00+00:00,18208.667999999998,18222.179,18201.1345,18222.179
2024-07-19 13:40:00+00:00,18221.178999999996,18243.69,18212.673499999997,18214.6845
2024-07-19 13:45:00+00:00,18213.1955,18232.69,18211.201,18231.701
2024-07-19 13:50:00+00:00,18230.2565,18240.690000000002,18221.623499999998,18236.701
2024-07-19 13:55:00+00:00,18235.178999999996,18245.201,18226.678999999996,18231.701
2024-07-19 14:00:00+00:00,18230.2065,18230.2065,18208.64,18211.178999999996
2024-07-19 14:05:00+00:00,18210.6955,18228.678999999996,18205.6955,18226.751
2024-07-19 14:10:00+00:00,18227.7455,18233.712,18212.678999999996,18217.173499999997
2024-07-19 14:15:00+00:00,18216.739999999998,18229.7455,18211.173499999997,18216.6845
2024-07-19 14:20:00+00:00,18217.19,18220.679,18206.679,18209.1345
2024-07-19 14:25:00+00:00,18209.6845,18214.678999999996,18193.123499999998,18195.667999999998
2024-07-19 14:30:00+00:00,18196.6845,18202.14,18190.2065,18194.739999999998
2024-07-19 14:35:00+00:00,18194.1845,18216.739999999998,18191.7455,18214.618
2024-07-19 14:40:00+00:00,18215.2565,18215.2565,18184.178999999996,18184.6845
2024-07-19 14:45:00+00:00,18183.690000000002,18195.69,18180.673499999997,18192.1955
2024-07-19 14:50:00+00:00,18191.701,18192.673499999997,18179.679,18187.173499999997
2024-07-19 14:55:00+00:00,18187.712,18201.179,18182.1845,18199.2065
2024-07-19 15:00:00+00:00,18200.1955,18209.701,18199.201,18206.128999999997
2024-07-19 15:05:00+00:00,18205.6955,18208.2065,18193.179,18193.678999999996
2024-07-19 15:10:00+00:00,18194.239999999998,18195.712,18173.1845,18173.6955
2024-07-19 15:15:00+00:00,18173.19,18184.701,18173.19,18181.701
2024-07-19 15:20:00+00:00,18181.178999999996,18186.2065,18174.128999999997,18177.178999999996
2024-07-19 15:25:00+00:00,18177.712,18178.7065,18158.173499999997,18160.118
2024-07-19 15:30:00+00:00,18160.1845,18167.69,18148.6845,18167.178999999996
2024-07-19 15:35:00+00:00,18166.6345,18169.212,18158.64,18163.2455
2024-07-19 15:40:00+00:00,18162.69,18169.7065,18158.690000000002,18161.701
2024-07-19 15:45:00+00:00,18161.1345,18178.2565,18159.673499999997,18176.167999999998
2024-07-19 15:50:00+00:00,18175.6845,18183.1955,18173.128999999997,18182.173499999997
2024-07-19 15:55:00+00:00,18181.701,18204.6345,18178.739999999998,18204.1955
2024-07-19 16:00:00+00:00,18203.701,18207.673499999997,18197.19,18198.128999999997
2024-07-19 16:05:00+00:00,18197.678999999996,18215.679,18196.69,18208.673499999997
2024-07-19 16:10:00+00:00,18208.19,18211.1345,18197.701,18203.14
2024-07-19 16:15:00+00:00,18203.673499999997,18211.1345,18198.167999999998,18198.6845
2024-07-19 16:20:00+00:00,18199.1955,18199.201,18185.6845,18185.6845
2024-07-19 16:25:00+00:00,18185.201,18190.762,18184.118,18186.2065
2024-07-19 16:30:00+00:00,18185.690000000002,18189.212,18174.1845,18178.762
2024-07-19 16:35:00+00:00,18178.190000000002,18191.2065,18174.673499999997,18182.6845
2024-07-19 16:40:00+00:00,18183.123499999998,18189.673499999997,18179.739999999998,18180.628999999997
2024-07-19 16:45:00+00:00,18181.173499999997,18181.173499999997,18172.690000000002,18176.712
2024-07-19 16:50:00+00:00,18176.212,18178.6955,18166.6845,18169.690000000002
2024-07-19 16:55:00+00:00,18169.1845,18179.739999999998,18165.201,18172.678999999996
2024-07-19 17:00:00+00:00,18173.19,18173.19,18158.618,18159.69
2024-07-19 17:05:00+00:00,18160.762,18165.6845,18157.2455,18165.6845
2024-07-19 17:10:00+00:00,18165.19,18165.701,18154.618,18159.69
2024-07-19 17:15:00+00:00,18160.739999999998,18163.1845,18156.678999999996,18158.6845
2024-07-19 17:20:00+00:00,18158.2065,18159.678999999996,18148.7065,18155.190000000002
2024-07-19 17:25:00+00:00,18155.628999999997,18165.19,18153.69,18158.64
2024-07-19 17:30:00+00:00,18157.739999999998,18166.2065,18153.118,18161.6345
2024-07-19 17:35:00+00:00,18162.128999999997,18178.7065,18159.701,18174.19
2024-07-19 17:40:00+00:00,18173.673499999997,18174.690000000002,18155.6845,18159.7065
2024-07-19 17:45:00+00:00,18160.7065,18176.179,18160.7065,18173.701
2024-07-19 17:50:00+00:00,18174.262,18174.262,18164.1955,18166.190000000002
2024-07-19 17:55:00+00:00,18166.7065,18176.1345,18163.623499999998,18174.1955
2024-07-19 18:00:00+00:00,18173.673499999997,18176.628999999997,18166.623499999998,18168.1845
2024-07-19 18:05:00+00:00,18167.678999999996,18175.1345,18167.1845,18172.167999999998
2024-07-19 18:10:00+00:00,18171.762,18175.262,18167.118,18174.1955
2024-07-19 18:15:00+00:00,18174.6955,18177.262,18169.2065,18171.7455
2024-07-19 18:20:00+00:00,18170.69,18171.7455,18164.239999999998,18165.128999999997
2024-07-19 18:25:00+00:00,18165.628999999997,18170.6845,18161.167999999998,18162.667999999998
2024-07-19 18:30:00+00:00,18163.19,18165.173499999997,18158.628999999997,18164.1955
2024-07-19 18:35:00+00:00,18163.6955,18168.123499999998,18160.6845,18161.751
2024-07-19 18:40:00+00:00,18162.14,18166.739999999998,18157.1845,18157.19
2024-07-19 18:45:00+00:00,18156.678999999996,18163.701,18156.173499999997,18163.69
2024-07-19 18:50:00+00:00,18164.239999999998,18173.7065,18164.239999999998,18171.201
2024-07-19 18:55:00+00:00,18170.618,18175.2065,18168.690000000002,18171.173499999997
2024-07-19 19:00:00+00:00,18170.2065,18186.69,18168.178999999996,18184.167999999998
2024-07-19 19:05:00+00:00,18184.69,18189.690000000002,18178.701,18186.212
2024-07-19 19:10:00+00:00,18186.7065,18191.19,18184.178999999996,18187.1845
2024-07-19 19:15:00+00:00,18186.762,18191.19,18180.618,18190.701
2024-07-19 19:20:00+00:00,18189.678999999996,18195.201,18188.1845,18189.190000000002
2024-07-19 19:25:00+00:00,18189.628999999997,18192.7065,18186.1845,18187.6845
2024-07-19 19:30:00+00:00,18188.1845,18191.190000000002,18178.6845,18181.2565
2024-07-19 19:35:00+00:00,18180.739999999998,18184.69,18166.6845,18168.2065
2024-07-19 19:40:00+00:00,18169.262,18173.1955,18164.173499999997,18166.7565
2024-07-19 19:45:00+00:00,18167.173499999997,18173.19,18165.679,18169.212
2024-07-19 19:50:00+00:00,18169.7065,18178.118,18168.173499999997,18171.6955
2024-07-19 19:55:00+00:00,18172.1845,18175.201,18167.128999999997,18172.14
2024-07-19 20:00:00+00:00,18173.768,18194.201,18166.489999999998,18166.489999999998
2024-07-19 20:05:00+00:00,18167.239999999998,18168.962,18154.018,18155.001
2024-07-19 20:10:00+00:00,18155.7845,18161.29,18152.779,18155.7565
2024-07-22 00:00:00+00:00,18229.978,18231.589,18219.6165,18223.65
2024-07-22 00:05:00+00:00,18224.428,18226.1555,18222.883500000004,18223.766499999998
2024-07-22 00:10:00+00:00,18222.0055,18225.322,18220.394500000002,18223.7055
2024-07-22 00:15:00+00:00,18218.4445,18227.4945,18210.928,18227.0055
2024-07-22 00:20:00+00:00,18226.9945,18228.55,18207.939000000002,18207.939000000002
2024-07-22 00:25:00+00:00,18211.511,18216.428,18209.511,18210.9945
2024-07-22 00:30:00+00:00,18210.4445,18216.0055,18203.989,18207.0
2024-07-22 00:35:00+00:00,18207.4835,18208.5,18199.933500000003,18207.489
2024-07-22 00:40:00+00:00,18207.011,18213.072,18207.011,18210.5055
2024-07-22 00:45:00+00:00,18211.0055,18219.489,18211.0055,18214.933500000003
2024-07-22 00:50:00+00:00,18214.5,18216.9945,18210.5165,18216.5055
2024-07-22 00:55:00+00:00,18216.0165,18222.016499999998,18216.0165,18219.05
2024-07-22 01:00:00+00:00,18220.0,18220.0,18207.928,18212.4945
2024-07-22 01:05:00+00:00,18213.016499999998,18216.489,18201.0165,18204.489
2024-07-22 01:10:00+00:00,18205.0555,18207.566499999997,18203.4945,18205.489
2024-07-22 01:15:00+00:00,18206.9945,18208.989,18192.939000000002,18197.5
2024-07-22 01:20:00+00:00,18199.0055,18204.016499999998,18193.060999999998,18202.0
2024-07-22 01:25:00+00:00,18201.572,18207.05,18199.0,18203.9445
2024-07-22 01:30:00+00:00,18204.566499999997,18204.566499999997,18195.0,18197.560999999998
2024-07-22 01:35:00+00:00,18196.95,18201.5055,18195.939000000002,18200.9945
2024-07-22 01:40:00+00:00,18201.9945,18206.511,18199.9445,18205.4445
2024-07-22 01:45:00+00:00,18204.9945,18204.9945,18188.978,18189.0
2024-07-22 01:50:00+00:00,18188.55,18192.05,18171.478,18175.4945
2024-07-22 01:55:00+00:00,18175.9445,18178.516499999998,18170.072,18174.5055
2024-07-22 02:00:00+00:00,18175.433500000003,18176.0055,18168.5,18172.9945
2024-07-22 02:05:00+00:00,18173.4445,18180.022,18172.011,18179.0055
2024-07-22 02:10:00+00:00,18177.939000000002,18181.522,18172.5,18179.0165
2024-07-22 02:15:00+00:00,18178.0,18182.011,18171.0,18177.572
2024-07-22 02:20:00+00:00,18178.989,18182.0,18175.978,18179.011
2024-07-22 02:25:00+00:00,18179.4445,18184.0055,18178.933500000003,18181.516499999998
2024-07-22 02:30:00+00:00,18183.4945,18198.4445,18183.4945,18193.566499999997
2024-07-22 02:35:00+00:00,18192.4945,18197.5,18191.45,18197.066499999997
2024-07-22 02:40:00+00:00,18196.566499999997,18202.066499999997,18191.05,18191.4445
2024-07-22 02:45:00+00:00,18191.978,18199.45,18191.0055,18198.522
2024-07-22 02:50:00+00:00,18199.439000000002,18204.489,18198.0,18202.0
2024-07-22 02:55:00+00:00,18200.939000000002,18202.0165,18196.928,18198.566499999997
2024-07-22 03:00:00+00:00,18198.928,18220.572,18198.928,18220.0055
2024-07-22 03:05:00+00:00,18219.5555,18228.511,18216.5055,18228.478
2024-07-22 03:10:00+00:00,18228.016499999998,18229.0055,18215.5165,18218.572
2024-07-22 03:15:00+00:00,18219.011,18227.0055,18216.5055,18225.933500000003
2024-07-22 03:20:00+00:00,18227.0055,18228.016499999998,18222.0,18226.4945
2024-07-22 03:25:00+00:00,18226.011,18226.9445,18220.978,18221.989
2024-07-22 03:30:00+00:00,18222.489,18224.072,18219.4445,18220.0165
2024-07-22 03:35:00+00:00,18220.511,18221.0055,18215.489,18216.5
2024-07-22 03:40:00+00:00,18217.0,18218.5055,18214.989,18217.066499999997
2024-07-22 03:45:00+00:00,18214.511,18215.060999999998,18209.978,18212.511
2024-07-22 03:50:00+00:00,18213.0,18215.9835,18211.4835,18212.560999999998
2024-07-22 03:55:00+00:00,18211.5,18216.4945,18209.5,18215.939000000002
2024-07-22 04:00:00+00:00,18216.5055,18217.5,18204.933500000003,18208.9945
2024-07-22 04:05:00+00:00,18208.5055,18209.05,18196.0165,18196.0165
2024-07-22 04:10:00+00:00,18196.566499999997,18198.4835,18191.9945,18194.5
2024-07-22 04:15:00+00:00,18195.022,18204.489,18195.022,18201.0
2024-07-22 04:20:00+00:00,18200.439000000002,18203.0055,18198.933500000003,18201.011
2024-07-22 04:25:00+00:00,18201.489,18210.9945,18201.489,18209.0
2024-07-22 04:30:00+00:00,18209.4945,18212.022,18206.511,18207.9945
2024-07-22 04:35:00+00:00,18207.060999999998,18214.511,18205.928,18210.560999999998
2024-07-22 04:40:00+00:00,18211.0055,18214.511,18210.489,18212.05
2024-07-22 04:45:00+00:00,18212.511,18221.516499999998,18211.011,18221.072
2024-07-22 04:50:00+00:00,18220.4445,18224.566499999997,18219.0,18220.989
2024-07-22 04:55:00+00:00,18222.0,18223.0,18219.5,18220.483500000002
2024-07-22 05:00:00+00:00,18220.0,18229.5,18219.05,18223.989
2024-07-22 05:05:00+00:00,18223.011,18223.9835,18215.0055,18219.9945
2024-07-22 05:10:00+00:00,18220.9945,18222.0165,18212.566499999997,18213.9835
2024-07-22 05:15:00+00:00,18214.978,18221.0,18214.978,18216.989
2024-07-22 05:20:00+00:00,18216.5055,18216.5055,18206.0,18207.566499999997
2024-07-22 05:25:00+00:00,18208.511,18217.511,18206.0165,18211.928
2024-07-22 05:30:00+00:00,18211.4945,18219.983500000002,18211.4945,18218.0
2024-07-22 05:35:00+00:00,18218.933500000003,18225.0555,18216.428,18224.428
2024-07-22 05:40:00+00:00,18225.05,18227.5,18224.428,18225.0055
2024-07-22 05:45:00+00:00,18224.05,18225.5055,18222.4835,18222.4835
2024-07-22 05:50:00+00:00,18224.4945,18225.511,18216.9835,18217.011
2024-07-22 05:55:00+00:00,18217.5,18217.572,18210.5,18211.989
2024-07-22 06:00:00+00:00,18213.9945,18214.0,18195.560999999998,18205.5
2024-07-22 06:05:00+00:00,18206.0555,18220.522,18205.4945,18217.516499999998
2024-07-22 06:10:00+00:00,18219.511,18231.511,18218.489,18231.511
2024-07-22 06:15:00+00:00,18232.0,18249.4945,18229.4835,18249.489
2024-07-22 06:20:00+00:00,18248.511,18260.5,18246.4945,18256.939000000002
2024-07-22 06:25:00+00:00,18256.489,18274.5,18256.011,18274.5
2024-07-22 06:30:00+00:00,18277.0,18277.5055,18250.0,18250.4945
2024-07-22 06:35:00+00:00,18250.0,18258.511,18247.0,18258.5055
2024-07-22 06:40:00+00:00,18256.522,18266.9945,18255.439000000002,18266.0
2024-07-22 06:45:00+00:00,18267.0,18269.9945,18262.5055,18267.522
2024-07-22 06:50:00+00:00,18268.489,18270.511,18254.0,18256.433500000003
2024-07-22 06:55:00+00:00,18256.072,18256.489,18242.5,18252.4945
2024-07-22 07:00:00+00:00,18249.5,18271.511,18242.489,18247.4445
2024-07-22 07:05:00+00:00,18248.522,18258.5,18242.45,18251.5055
2024-07-22 07:10:00+00:00,18250.560999999998,18272.989,18247.5,18250.522
2024-07-22 07:15:00+00:00,18253.4835,18258.511,18231.5055,18231.5055
2024-07-22 07:20:00+00:00,18232.572,18256.4835,18231.511,18254.05
2024-07-22 07:25:00+00:00,18254.5,18259.928,18244.483500000002,18247.478
2024-07-22 07:30:00+00:00,18246.4945,18247.0055,18226.9945,18233.478
2024-07-22 07:35:00+00:00,18234.4445,18257.0,18232.016499999998,18256.011
2024-07-22 07:40:00+00:00,18256.5,18271.0165,18254.4445,18269.0055
2024-07-22 07:45:00+00:00,18268.5,18271.066499999997,18258.983500000002,18261.489
2024-07-22 07:50:00+00:00,18262.0,18272.483500000002,18256.928,18271.5
2024-07-22 07:55:00+00:00,18271.989,18277.5,18265.989,18265.989
2024-07-22 08:00:00+00:00,18266.483500000002,18289.566499999997,18261.566499999997,18287.989
2024-07-22 08:05:00+00:00,18288.560999999998,18310.072,18288.560999999998,18301.5
2024-07-22 08:10:00+00:00,18303.5055,18317.439000000002,18303.011,18317.011
2024-07-22 08:15:00+00:00,18317.4945,18319.566499999997,18309.5,18312.5
2024-07-22 08:20:00+00:00,18313.516499999998,18336.489,18310.5,18336.489
2024-07-22 08:25:00+00:00,18337.0555,18346.5055,18330.0055,18333.55
2024-07-22 08:30:00+00:00,18334.0055,18350.989,18331.5,18350.989
2024-07-22 08:35:00+00:00,18350.05,18361.4945,18348.0055,18361.4945
2024-07-22 08:40:00+00:00,18360.55,18375.489,18360.0,18366.489
2024-07-22 08:45:00+00:00,18367.4945,18373.0,18364.989,18372.5
2024-07-22 08:50:00+00:00,18372.011,18375.511,18362.4945,18369.5
2024-07-22 08:55:00+00:00,18368.439000000002,18373.560999999998,18354.989,18355.478
2024-07-22 09:00:00+00:00,18356.0,18359.516499999998,18345.522,18357.5055
2024-07-22 09:05:00+00:00,18358.0055,18374.022,18356.9945,18372.478
2024-07-22 09:10:00+00:00,18372.9835,18379.5,18367.55,18375.072
2024-07-22 09:15:00+00:00,18375.5055,18378.5055,18363.522,18369.5
2024-07-22 09:20:00+00:00,18371.5055,18388.0555,18370.5,18387.560999999998
2024-07-22 09:25:00+00:00,18387.939000000002,18389.522,18376.989,18381.439000000002
2024-07-22 09:30:00+00:00,18382.022,18401.011,18381.511,18400.4835
2024-07-22 09:35:00+00:00,18401.439000000002,18404.566499999997,18390.4945,18391.5055
2024-07-22 09:40:00+00:00,18390.5,18394.939000000002,18383.489,18383.489
2024-07-22 09:45:00+00:00,18384.439000000002,18398.4835,18382.072,18398.4835
2024-07-22 09:50:00+00:00,18399.483500000002,18402.489,18390.983500000002,18400.5
2024-07-22 09:55:00+00:00,18399.5,18406.989,18394.5,18402.4835
2024-07-22 10:00:00+00:00,18403.5,18414.0165,18401.4945,18401.4945
2024-07-22 10:05:00+00:00,18400.933500000003,18415.511,18400.5055,18404.5165
2024-07-22 10:10:00+00:00,18405.5055,18408.5,18392.433500000003,18398.511
2024-07-22 10:15:00+00:00,18399.45,18411.4945,18399.45,18407.560999999998
2024-07-22 10:20:00+00:00,18406.5055,18413.066499999997,18403.4945,18407.483500000002
2024-07-22 10:25:00+00:00,18408.011,18416.9945,18407.060999999998,18416.478
2024-07-22 10:30:00+00:00,18417.4945,18429.511,18417.4945,18428.428
2024-07-22 10:35:00+00:00,18426.983500000002,18435.4835,18423.5555,18423.5555
2024-07-22 10:40:00+00:00,18424.511,18433.560999999998,18421.489,18433.5
2024-07-22 10:45:00+00:00,18434.0,18434.0,18425.566499999997,18431.939000000002
2024-07-22 10:50:00+00:00,18433.060999999998,18435.55,18426.9945,18432.5055
2024-07-22 10:55:00+00:00,18433.572,18435.9835,18424.9445,18425.4945
2024-07-22 11:00:00+00:00,18425.9445,18431.511,18421.5,18422.511
2024-07-22 11:05:00+00:00,18422.011,18426.489,18415.489,18420.5055
2024-07-22 11:10:00+00:00,18421.4945,18421.5165,18402.9445,18407.4945
2024-07-22 11:15:00+00:00,18408.4945,18410.560999999998,18399.0165,18403.066499999997
2024-07-22 11:20:00+00:00,18402.439000000002,18406.05,18396.478,18399.5055
2024-07-22 11:25:00+00:00,18400.0055,18405.0055,18396.483500000002,18401.4945
2024-07-22 11:30:00+00:00,18400.989,18414.5555,18399.428,18413.5555
2024-07-22 11:35:00+00:00,18412.478,18422.489,18410.483500000002,18414.5555
2024-07-22 11:40:00+00:00,18415.511,18421.0165,18412.45,18419.9945
2024-07-22 11:45:00+00:00,18419.0,18434.4945,18418.489,18431.5055
2024-07-22 11:50:00+00:00,18432.428,18433.05,18419.55,18419.55
2024-07-22 11:55:00+00:00,18420.060999999998,18430.566499999997,18418.478,18427.511
2024-07-22 12:00:00+00:00,18427.9945,18437.022,18424.4945,18434.511
2024-07-22 12:05:00+00:00,18433.5,18437.0055,18428.4835,18428.4835
2024-07-22 12:10:00+00:00,18429.0165,18434.55,18425.0,18434.55
2024-07-22 12:15:00+00:00,18434.0055,18435.0055,18422.5055,18424.428
2024-07-22 12:20:00+00:00,18425.0,18429.522,18419.511,18429.0165
2024-07-22 12:25:00+00:00,18428.0055,18441.0,18427.439000000002,18440.478
2024-07-22 12:30:00+00:00,18441.0,18453.0165,18441.0,18444.5
2024-07-22 12:35:00+00:00,18445.5,18452.4945,18443.5165,18451.4945
2024-07-22 12:40:00+00:00,18451.989,18457.0,18448.4445,18449.489
2024-07-22 12:45:00+00:00,18448.5055,18452.566499999997,18441.016499999998,18448.511
2024-07-22 12:50:00+00:00,18449.4835,18455.572,18447.478,18450.55
2024-07-22 12:55:00+00:00,18452.522,18453.4835,18439.489,18442.45
2024-07-22 13:00:00+00:00,18441.5,18453.011,18440.978,18448.0055
2024-07-22 13:05:00+00:00,18447.428,18449.511,18439.439000000002,18446.516499999998
2024-07-22 13:10:00+00:00,18445.939000000002,18450.560999999998,18444.4945,18444.55
2024-07-22 13:15:00+00:00,18443.5165,18449.4945,18441.5,18443.989
2024-07-22 13:20:00+00:00,18445.072,18453.511,18439.439000000002,18450.511
2024-07-22 13:25:00+00:00,18449.489,18451.572,18438.511,18441.5055
2024-07-22 13:30:00+00:00,18442.5055,18458.566499999997,18442.0055,18457.0055
2024-07-22 13:35:00+00:00,18457.5165,18468.5,18456.439000000002,18463.0
2024-07-22 13:40:00+00:00,18463.5555,18470.066499999997,18447.433500000003,18452.5165
2024-07-22 13:45:00+00:00,18452.011,18456.5055,18439.928,18451.5
2024-07-22 13:50:00+00:00,18452.011,18459.9835,18440.9835,18446.5
2024-07-22 13:55:00+00:00,18445.9945,18446.566499999997,18405.0555,18409.0555
2024-07-22 14:00:00+00:00,18408.489,18412.9945,18396.0,18404.572
2024-07-22 14:05:00+00:00,18403.5555,18407.5555,18393.989,18396.489
2024-07-22 14:10:00+00:00,18398.4945,18419.5,18397.4945,18419.428
2024-07-22 14:15:00+00:00,18418.428,18422.516499999998,18399.522,18410.428
2024-07-22 14:20:00+00:00,18410.0,18420.522,18407.478,18419.516499999998
2024-07-22 14:25:00+00:00,18420.0,18420.4945,18406.428,18416.5555
2024-07-22 14:30:00+00:00,18415.560999999998,18417.572,18398.483500000002,18410.5055
2024-07-22 14:35:00+00:00,18409.511,18423.022,18407.4445,18420.4835
2024-07-22 14:40:00+00:00,18420.989,18427.0,18414.439000000002,18418.511
2024-07-22 14:45:00+00:00,18417.989,18420.0,18400.0,18407.989
2024-07-22 14:50:00+00:00,18407.5,18414.5055,18397.4445,18411.9945
2024-07-22 14:55:00+00:00,18411.5165,18437.5055,18411.060999999998,18433.0055
2024-07-22 15:00:00+00:00,18433.5055,18454.011,18433.5055,18448.0055
2024-07-22 15:05:00+00:00,18448.5055,18457.5,18437.939000000002,18440.5055
2024-07-22 15:10:00+00:00,18440.0055,18456.9945,18440.0055,18454.560999999998
2024-07-22 15:15:00+00:00,18454.022,18454.572,18435.989,18438.989
2024-07-22 15:20:00+00:00,18439.4945,18441.511,18420.933500000003,18422.0165
2024-07-22 15:25:00+00:00,18421.511,18429.522,18415.939000000002,18416.4945
2024-07-22 15:30:00+00:00,18416.05,18419.0,18406.072,18416.560999999998
2024-07-22 15:35:00+00:00,18413.9945,18427.566499999997,18410.0,18426.016499999998
2024-07-22 15:40:00+00:00,18425.45,18426.066499999997,18409.4945,18416.0
2024-07-22 15:45:00+00:00,18414.933500000003,18416.5055,18407.989,18409.0
2024-07-22 15:50:00+00:00,18408.5055,18425.5165,18405.5055,18423.511
2024-07-22 15:55:00+00:00,18422.989,18422.989,18413.4945,18415.522
2024-07-22 16:00:00+00:00,18414.5165,18424.933500000003,18412.4945,18412.939000000002
2024-07-22 16:05:00+00:00,18413.428,18425.560999999998,18407.9445,18423.511
2024-07-22 16:10:00+00:00,18422.939000000002,18427.5055,18415.489,18425.0
2024-07-22 16:15:00+00:00,18424.0165,18429.0,18422.433500000003,18428.5
2024-07-22 16:20:00+00:00,18429.0,18432.478,18422.022,18423.5
2024-07-22 16:25:00+00:00,18424.0,18426.011,18414.45,18417.5555
2024-07-22 16:30:00+00:00,18417.0,18419.433500000003,18408.9835,18416.5
2024-07-22 16:35:00+00:00,18416.0,18422.989,18415.5,18420.4835
2024-07-22 16:40:00+00:00,18419.9445,18421.511,18415.5,18421.511
2024-07-22 16:45:00+00:00,18420.511,18425.0055,18416.4945,18424.0
2024-07-22 16:50:00+00:00,18424.489,18440.0555,18423.928,18439.489
2024-07-22 16:55:00+00:00,18439.0,18443.066499999997,18429.989,18435.428
2024-07-22 17:00:00+00:00,18436.05,18447.983500000002,18436.05,18447.983500000002
2024-07-22 17:05:00+00:00,18448.511,18451.5555,18445.511,18446.0555
2024-07-22 17:10:00+00:00,18446.572,18449.05,18439.989,18446.511
2024-07-22 17:15:00+00:00,18446.9945,18451.9945,18443.489,18451.439000000002
2024-07-22 17:20:00+00:00,18450.928,18451.983500000002,18441.9945,18447.489
2024-07-22 17:25:00+00:00,18446.5,18451.5055,18445.95,18446.5055
2024-07-22 17:30:00+00:00,18447.5,18459.0055,18447.5,18458.5
2024-07-22 17:35:00+00:00,18457.9835,18458.0,18446.5055,18451.433500000003
2024-07-22 17:40:00+00:00,18451.9945,18455.0,18449.9445,18452.511
2024-07-22 17:45:00+00:00,18452.0,18459.5165,18449.45,18456.489
2024-07-22 17:50:00+00:00,18455.933500000003,18457.072,18451.983500000002,18454.5
2024-07-22 17:55:00+00:00,18455.011,18458.5555,18451.5055,18457.439000000002
2024-07-22 18:00:00+00:00,18456.5055,18458.0,18447.4945,18449.55
2024-07-22 18:05:00+00:00,18449.0,18459.5,18445.4445,18457.066499999997
2024-07-22 18:10:00+00:00,18457.4835,18457.4835,18448.011,18452.0055
2024-07-22 18:15:00+00:00,18453.011,18458.066499999997,18452.016499999998,18457.4945
2024-07-22 18:20:00+00:00,18457.0055,18460.989,18455.0,18460.0
2024-07-22 18:25:00+00:00,18460.511,18460.511,18454.566499999997,18454.566499999997
2024-07-22 18:30:00+00:00,18453.989,18462.489,18453.989,18460.439000000002
2024-07-22 18:35:00+00:00,18460.0,18464.0165,18458.011,18461.560999999998
2024-07-22 18:40:00+00:00,18460.989,18464.5555,18457.4945,18463.483500000002
2024-07-22 18:45:00+00:00,18464.0,18466.022,18461.0055,18461.0165
2024-07-22 18:50:00+00:00,18460.5055,18469.011,18460.5055,18469.011
2024-07-22 18:55:00+00:00,18469.511,18469.989,18460.978,18460.978
2024-07-22 19:00:00+00:00,18461.933500000003,18461.933500000003,18446.0,18459.433500000003
2024-07-22 19:05:00+00:00,18460.0055,18463.011,18451.516499999998,18459.489
2024-07-22 19:10:00+00:00,18460.05,18465.560999999998,18458.933500000003,18465.560999999998
2024-07-22 19:15:00+00:00,18464.5055,18467.989,18460.4945,18462.016499999998
2024-07-22 19:20:00+00:00,18461.011,18466.0,18457.9945,18465.4945
2024-07-22 19:25:00+00:00,18465.0055,18466.4945,18457.983500000002,18460.95
2024-07-22 19:30:00+00:00,18461.566499999997,18468.072,18461.566499999997,18465.5055
2024-07-22 19:35:00+00:00,18464.9945,18475.572,18464.4945,18474.5
2024-07-22 19:40:00+00:00,18473.9835,18473.989,18465.978,18469.9945
2024-07-22 19:45:00+00:00,18469.5165,18475.072,18469.516499999998,18471.511
2024-07-22 19:50:00+00:00,18469.511,18475.066499999997,18467.5,18468.4835
2024-07-22 19:55:00+00:00,18469.5,18473.928,18462.489,18470.072
2024-07-22 20:00:00+00:00,18470.011,18481.672,18470.011,18471.6945
2024-07-22 20:05:00+00:00,18472.4835,18475.85,18470.7945,18475.8055
2024-07-22 20:10:00+00:00,18475.0,18475.810999999998,18472.4445,18472.4445
2024-07-22 22:05:00+00:00,18492.5055,18496.011,18490.7945,18495.216500000002
2024-07-22 22:10:00+00:00,18496.066499999997,18499.355499999998,18495.15,18497.5945
2024-07-22 22:15:00+00:00,18498.089,18501.022,18498.089,18501.022
2024-07-22 22:20:00+00:00,18500.0445,18502.8,18500.0445,18500.0945
2024-07-22 22:25:00+00:00,18500.9835,18502.55,18499.35,18502.55
2024-07-22 22:30:00+00:00,18503.389000000003,18503.389000000003,18494.0945,18495.0
2024-07-22 22:35:00+00:00,18494.4945,18497.4665,18494.4945,18497.3835
2024-07-22 22:40:00+00:00,18496.65,18501.605499999998,18495.7835,18501.605499999998
2024-07-22 22:45:00+00:00,18500.783499999998,18500.783499999998,18495.728,18495.739
2024-07-22 22:50:00+00:00,18496.189000000002,18497.911,18495.789,18496.661
2024-07-22 22:55:00+00:00,18495.783499999998,18495.810999999998,18493.633500000004,18495.8
2024-07-22 23:00:00+00:00,18495.0555,18496.6,18491.289,18492.1835
2024-07-22 23:05:00+00:00,18491.3,18493.0555,18487.939000000002,18489.711
2024-07-22 23:10:00+00:00,18488.7945,18488.810999999998,18484.6835,18485.4835
2024-07-22 23:15:00+00:00,18485.883500000004,18490.110999999997,18485.5,18489.722
2024-07-22 23:20:00+00:00,18490.089,18490.511,18487.128,18489.6945
2024-07-22 23:25:00+00:00,18489.289,18489.683500000003,18488.011,18488.789
2024-07-22 23:30:00+00:00,18489.689000000002,18489.7055,18479.828,18481.511
2024-07-22 23:35:00+00:00,18480.761,18480.761,18474.95,18477.4055
2024-07-22 23:40:00+00:00,18476.6165,18477.3835,18471.589,18472.394500000002
2024-07-22 23:45:00+00:00,18473.178,18475.7,18472.3835,18474.0945
2024-07-22 23:50:00+00:00,18473.189000000002,18476.9165,18472.389000000003,18476.9165
2024-07-22 23:55:00+00:00,18476.110999999997,18478.6555,18475.15,18475.15
2024-07-23 00:00:00+00:00,18474.45,18476.1555,18469.4,18475.711
2024-07-23 00:05:00+00:00,18476.1,18478.6,18468.8335,18473.1555
2024-07-23 00:10:00+00:00,18472.1945,18473.9,18469.739,18469.860999999997
2024-07-23 00:15:00+00:00,18485.483500000002,18509.05,18480.011,18505.9945
2024-07-23 00:20:00+00:00,18505.933500000003,18505.933500000003,18486.511,18492.989
2024-07-23 00:25:00+00:00,18493.45,18493.5055,18486.4945,18490.5055
2024-07-23 00:30:00+00:00,18490.989,18497.066499999997,18481.4835,18481.4835
2024-07-23 00:35:00+00:00,18482.066499999997,18493.022,18481.0,18483.5
2024-07-23 00:40:00+00:00,18483.9835,18486.933500000003,18469.0555,18469.489
2024-07-23 00:45:00+00:00,18468.9835,18471.5,18461.9945,18466.428
2024-07-23 00:50:00+00:00,18467.022,18468.016499999998,18459.489,18462.5055
2024-07-23 00:55:00+00:00,18461.933500000003,18467.016499999998,18460.4945,18467.016499999998
2024-07-23 01:00:00+00:00,18466.439000000002,18475.4835,18461.9945,18474.5
2024-07-23 01:05:00+00:00,18474.0,18477.4445,18469.511,18473.511
2024-07-23 01:10:00+00:00,18474.0055,18487.0,18473.4945,18483.933500000003
2024-07-23 01:15:00+00:00,18483.4945,18486.433500000003,18473.433500000003,18474.5
2024-07-23 01:20:00+00:00,18475.0165,18488.0165,18475.0165,18486.0055
2024-07-23 01:25:00+00:00,18485.4945,18489.989,18484.0,18486.511
2024-07-23 01:30:00+00:00,18486.983500000002,18492.55,18483.983500000002,18489.5555
2024-07-23 01:35:00+00:00,18489.0055,18489.0055,18477.0055,18485.022
2024-07-23 01:40:00+00:00,18483.4945,18488.4945,18477.5165,18485.5
2024-07-23 01:45:00+00:00,18485.9945,18487.066499999997,18479.433500000003,18480.4945
2024-07-23 01:50:00+00:00,18481.0,18481.0,18473.0,18480.060999999998
2024-07-23 01:55:00+00:00,18481.4945,18492.989,18479.5055,18492.989
2024-07-23 02:00:00+00:00,18492.5055,18499.0,18489.433500000003,18499.0
2024-07-23 02:05:00+00:00,18499.489,18499.489,18490.511,18494.522
2024-07-23 02:10:00+00:00,18495.5055,18496.022,18487.0165,18487.566499999997
2024-07-23 02:15:00+00:00,18484.4835,18487.0,18478.45,18480.0
2024-07-23 02:20:00+00:00,18479.5,18488.0055,18478.511,18486.483500000002
2024-07-23 02:25:00+00:00,18486.933500000003,18494.0,18486.933500000003,18492.5
2024-07-23 02:30:00+00:00,18491.522,18493.572,18488.428,18491.522
2024-07-23 02:35:00+00:00,18490.933500000003,18496.016499999998,18490.933500000003,18494.0
2024-07-23 02:40:00+00:00,18494.5555,18496.489,18493.9445,18495.5
2024-07-23 02:45:00+00:00,18495.989,18495.989,18490.983500000002,18492.9835
2024-07-23 02:50:00+00:00,18492.4445,18497.05,18492.4445,18496.4945
2024-07-23 02:55:00+00:00,18496.0555,18497.572,18488.9945,18490.489
2024-07-23 03:00:00+00:00,18491.560999999998,18494.522,18490.0055,18491.511
2024-07-23 03:05:00+00:00,18490.489,18497.5,18490.4445,18495.439000000002
2024-07-23 03:10:00+00:00,18496.0055,18496.011,18479.478,18481.0165
2024-07-23 03:15:00+00:00,18480.5165,18482.516499999998,18466.433500000003,18470.022
2024-07-23 03:20:00+00:00,18471.072,18475.0,18457.4835,18459.0055
2024-07-23 03:25:00+00:00,18460.5055,18465.4835,18454.5,18465.4835
2024-07-23 03:30:00+00:00,18464.983500000002,18464.983500000002,18457.4945,18457.4945
2024-07-23 03:35:00+00:00,18458.0,18460.5055,18457.439000000002,18459.0055
2024-07-23 03:40:00+00:00,18458.5165,18461.0,18455.0,18459.5555
2024-07-23 03:45:00+00:00,18460.511,18464.983500000002,18459.5165,18464.511
2024-07-23 03:50:00+00:00,18464.0055,18465.0555,18459.4445,18459.5555
2024-07-23 03:55:00+00:00,18459.0555,18460.022,18456.95,18459.0055
2024-07-23 04:00:00+00:00,18459.489,18462.5055,18459.489,18460.4835
2024-07-23 04:05:00+00:00,18461.060999999998,18462.478,18452.4945,18452.5165
2024-07-23 04:10:00+00:00,18451.928,18468.0,18451.928,18464.489
2024-07-23 04:15:00+00:00,18463.9445,18466.489,18459.989,18465.016499999998
2024-07-23 04:20:00+00:00,18465.483500000002,18471.4945,18464.95,18464.95
2024-07-23 04:25:00+00:00,18464.4945,18465.011,18462.511,18462.5555
2024-07-23 04:30:00+00:00,18460.933500000003,18463.5055,18460.011,18461.9945
2024-07-23 04:35:00+00:00,18462.5,18465.9945,18461.9945,18462.928
2024-07-23 04:40:00+00:00,18462.516499999998,18465.433500000003,18462.516499999998,18464.016499999998
2024-07-23 04:45:00+00:00,18463.511,18467.511,18463.433500000003,18467.4445
2024-07-23 04:50:00+00:00,18467.05,18473.5055,18466.0055,18469.489
2024-07-23 04:55:00+00:00,18470.5,18475.0055,18467.5055,18467.5055
2024-07-23 05:00:00+00:00,18466.9945,18472.011,18465.989,18470.489
2024-07-23 05:05:00+00:00,18471.0,18476.516499999998,18470.5055,18475.5
2024-07-23 05:10:00+00:00,18475.0,18477.5055,18474.5,18476.5
2024-07-23 05:15:00+00:00,18477.0055,18479.0,18473.011,18473.55
2024-07-23 05:20:00+00:00,18474.0055,18475.011,18464.5,18464.560999999998
2024-07-23 05:25:00+00:00,18464.978,18469.9835,18464.978,18465.45
2024-07-23 05:30:00+00:00,18466.483500000002,18470.4945,18465.066499999997,18466.5055
2024-07-23 05:35:00+00:00,18466.0,18468.5055,18460.511,18463.0
2024-07-23 05:40:00+00:00,18462.511,18469.4945,18461.978,18468.572
2024-07-23 05:45:00+00:00,18467.928,18469.572,18457.05,18459.4945
2024-07-23 05:50:00+00:00,18459.0,18481.9945,18456.9445,18480.5
2024-07-23 05:55:00+00:00,18480.016499999998,18481.55,18470.95,18476.989
2024-07-23 06:00:00+00:00,18476.4445,18490.5555,18472.55,18480.9445
2024-07-23 06:05:00+00:00,18481.983500000002,18481.983500000002,18466.9835,18474.9945
2024-07-23 06:10:00+00:00,18474.560999999998,18474.560999999998,18453.4445,18455.5165
2024-07-23 06:15:00+00:00,18455.0,18472.0555,18445.0,18472.0555
2024-07-23 06:20:00+00:00,18472.511,18482.928,18471.978,18476.9445
2024-07-23 06:25:00+00:00,18476.0055,18480.0055,18470.0055,18478.011
2024-07-23 06:30:00+00:00,18476.989,18482.522,18472.522,18476.933500000003
2024-07-23 06:35:00+00:00,18476.433500000003,18488.9445,18476.433500000003,18481.939000000002
2024-07-23 06:40:00+00:00,18484.5,18488.022,18476.9445,18484.928
2024-07-23 06:45:00+00:00,18485.9445,18493.9945,18485.0,18490.0055
2024-07-23 06:50:00+00:00,18491.0,18513.060999999998,18491.0,18508.0055
2024-07-23 06:55:00+00:00,18504.989,18526.0,18499.9945,18522.0
2024-07-23 07:00:00+00:00,18522.983500000002,18531.0,18498.489,18510.5555
2024-07-23 07:05:00+00:00,18509.5555,18529.516499999998,18503.489,18528.939000000002
2024-07-23 07:10:00+00:00,18528.4445,18540.0055,18502.5555,18502.5555
2024-07-23 07:15:00+00:00,18503.0,18509.572,18489.9445,18491.978
2024-07-23 07:20:00+00:00,18491.072,18494.983500000002,18463.983500000002,18483.0
2024-07-23 07:25:00+00:00,18482.011,18483.066499999997,18462.989,18468.0165
2024-07-23 07:30:00+00:00,18469.939000000002,18488.05,18463.45,18482.011
2024-07-23 07:35:00+00:00,18481.0,18497.072,18478.4945,18490.9945
2024-07-23 07:40:00+00:00,18490.022,18516.022,18486.4835,18505.989
2024-07-23 07:45:00+00:00,18507.0,18508.4445,18490.939000000002,18493.0055
2024-07-23 07:50:00+00:00,18492.4945,18497.9835,18478.0,18485.9445
2024-07-23 07:55:00+00:00,18485.0055,18489.072,18474.5,18482.022
2024-07-23 08:00:00+00:00,18483.016499999998,18485.978,18473.983500000002,18485.0055
2024-07-23 08:05:00+00:00,18484.560999999998,18486.989,18468.511,18485.989
2024-07-23 08:10:00+00:00,18484.928,18514.0055,18484.928,18513.0055
2024-07-23 08:15:00+00:00,18513.4835,18522.4835,18508.433500000003,18508.511
2024-07-23 08:20:00+00:00,18509.0055,18521.0165,18507.0055,18510.0055
2024-07-23 08:25:00+00:00,18508.0055,18520.0555,18506.0055,18509.0
2024-07-23 08:30:00+00:00,18508.5165,18527.5055,18508.011,18526.478
2024-07-23 08:35:00+00:00,18525.983500000002,18536.0,18525.983500000002,18530.9945
2024-07-23 08:40:00+00:00,18531.433500000003,18534.0055,18525.489,18530.0055
2024-07-23 08:45:00+00:00,18529.5165,18539.489,18524.933500000003,18539.0
2024-07-23 08:50:00+00:00,18540.0555,18541.572,18528.072,18528.5
2024-07-23 08:55:00+00:00,18529.011,18530.066499999997,18517.928,18519.928
2024-07-23 09:00:00+00:00,18521.933500000003,18527.566499999997,18511.9945,18526.9445
2024-07-23 09:05:00+00:00,18528.989,18529.016499999998,18515.978,18526.989
2024-07-23 09:10:00+00:00,18525.9945,18530.0055,18518.989,18530.0055
2024-07-23 09:15:00+00:00,18531.072,18551.4945,18530.0055,18549.439000000002
2024-07-23 09:20:00+00:00,18548.9945,18566.060999999998,18547.9945,18564.9445
2024-07-23 09:25:00+00:00,18563.5055,18575.522,18562.011,18575.522
2024-07-23 09:30:00+00:00,18579.489,18586.9945,18577.0,18585.989
2024-07-23 09:35:00+00:00,18586.5055,18586.5055,18567.5,18568.0
2024-07-23 09:40:00+00:00,18570.516499999998,18585.0055,18570.516499999998,18582.0
2024-07-23 09:45:00+00:00,18583.05,18589.478,18573.9445,18577.022
2024-07-23 09:50:00+00:00,18577.489,18585.0165,18575.939000000002,18582.983500000002
2024-07-23 09:55:00+00:00,18583.5,18585.060999999998,18578.983500000002,18585.060999999998
2024-07-23 10:00:00+00:00,18585.478,18594.5,18582.0,18592.5
2024-07-23 10:05:00+00:00,18592.011,18594.511,18584.5055,18586.05
2024-07-23 10:10:00+00:00,18587.0,18592.0,18584.478,18591.0
2024-07-23 10:15:00+00:00,18591.5,18597.5,18588.0055,18596.9945
2024-07-23 10:20:00+00:00,18596.0055,18599.516499999998,18587.5,18592.5055
2024-07-23 10:25:00+00:00,18592.0555,18605.522,18592.0555,18602.989
2024-07-23 10:30:00+00:00,18604.072,18624.0,18603.0555,18620.478
2024-07-23 10:35:00+00:00,18621.5,18623.0055,18610.95,18610.95
2024-07-23 10:40:00+00:00,18612.4945,18623.072,18611.4945,18612.022
2024-07-23 10:45:00+00:00,18613.5055,18623.0055,18612.5,18622.5165
2024-07-23 10:50:00+00:00,18622.011,18628.0055,18620.4445,18621.011
2024-07-23 10:55:00+00:00,18621.5055,18630.511,18620.9945,18625.939000000002
2024-07-23 11:00:00+00:00,18626.4945,18640.016499999998,18625.978,18636.933500000003
2024-07-23 11:05:00+00:00,18636.4945,18642.478,18633.4945,18637.5555
2024-07-23 11:10:00+00:00,18638.0055,18641.05,18629.0055,18632.989
2024-07-23 11:15:00+00:00,18634.022,18643.0165,18633.0165,18641.4945
2024-07-23 11:20:00+00:00,18642.5055,18645.011,18631.978,18640.0055
2024-07-23 11:25:00+00:00,18640.5,18642.5555,18634.011,18640.5
2024-07-23 11:30:00+00:00,18640.9835,18650.5,18638.9945,18642.4835
2024-07-23 11:35:00+00:00,18642.9835,18643.0055,18622.928,18624.0055
2024-07-23 11:40:00+00:00,18623.5,18633.5055,18621.5055,18622.0555
2024-07-23 11:45:00+00:00,18621.5,18626.060999999998,18613.95,18617.928
2024-07-23 11:50:00+00:00,18617.572,18630.516499999998,18614.4835,18626.9945
2024-07-23 11:55:00+00:00,18629.011,18633.516499999998,18619.55,18619.55
2024-07-23 12:00:00+00:00,18620.0,18620.511,18610.011,18610.989
2024-07-23 12:05:00+00:00,18610.483500000002,18613.05,18598.5,18599.060999999998
2024-07-23 12:10:00+00:00,18598.572,18605.9945,18593.5,18594.5
2024-07-23 12:15:00+00:00,18593.9445,18597.989,18590.0555,18590.9945
2024-07-23 12:20:00+00:00,18591.9945,18597.928,18585.55,18589.060999999998
2024-07-23 12:25:00+00:00,18588.4445,18592.4945,18585.0055,18586.060999999998
2024-07-23 12:30:00+00:00,18586.522,18588.55,18571.511,18580.939000000002
2024-07-23 12:35:00+00:00,18580.439000000002,18582.511,18568.928,18575.0055
2024-07-23 12:40:00+00:00,18574.45,18576.0,18563.428,18569.5
2024-07-23 12:45:00+00:00,18570.0,18573.5165,18561.939000000002,18562.05
2024-07-23 12:50:00+00:00,18561.5055,18573.5,18561.5055,18572.478
2024-07-23 12:55:00+00:00,18572.939000000002,18579.428,18567.0,18569.9835
2024-07-23 13:00:00+00:00,18568.939000000002,18571.5165,18558.511,18564.011
2024-07-23 13:05:00+00:00,18564.489,18566.4835,18557.0165,18557.0165
2024-07-23 13:10:00+00:00,18557.5,18560.066499999997,18546.5165,18547.0055
2024-07-23 13:15:00+00:00,18547.439000000002,18548.0555,18537.4945,18541.5055
2024-07-23 13:20:00+00:00,18540.55,18545.55,18533.516499999998,18534.0
2024-07-23 13:25:00+00:00,18535.511,18547.011,18534.5,18540.4945
2024-07-23 13:30:00+00:00,18541.016499999998,18544.066499999997,18525.516499999998,18529.0055
2024-07-23 13:35:00+00:00,18528.4445,18529.5055,18518.0055,18521.011
2024-07-23 13:40:00+00:00,18519.9945,18538.983500000002,18519.0,18538.0055
2024-07-23 13:45:00+00:00,18535.989,18549.55,18528.4835,18546.05
2024-07-23 13:50:00+00:00,18546.5055,18547.022,18513.428,18515.4445
2024-07-23 13:55:00+00:00,18514.928,18528.5,18512.483500000002,18522.016499999998
2024-07-23 14:00:00+00:00,18523.0,18532.0,18517.5055,18522.05
2024-07-23 14:05:00+00:00,18521.0555,18530.0,18513.939000000002,18524.989
2024-07-23 14:10:00+00:00,18524.0,18525.0055,18508.4445,18516.4445
2024-07-23 14:15:00+00:00,18516.9945,18530.5055,18512.5055,18527.433500000003
2024-07-23 14:20:00+00:00,18527.060999999998,18538.939000000002,18525.9945,18530.0165
2024-07-23 14:25:00+00:00,18529.0,18533.0055,18521.011,18532.9445
2024-07-23 14:30:00+00:00,18532.516499999998,18550.0,18530.0,18545.9945
2024-07-23 14:35:00+00:00,18545.489,18556.5,18537.989,18540.0055
2024-07-23 14:40:00+00:00,18539.011,18544.0,18529.060999999998,18538.9835
2024-07-23 14:45:00+00:00,18538.5055,18541.489,18517.933500000003,18524.022
2024-07-23 14:50:00+00:00,18525.0055,18530.9945,18516.439000000002,18519.5055
2024-07-23 14:55:00+00:00,18519.95,18529.0,18517.933500000003,18522.9945
2024-07-23 15:00:00+00:00,18523.9445,18534.5055,18523.011,18529.4945
2024-07-23 15:05:00+00:00,18529.0555,18541.55,18528.0165,18540.511
2024-07-23 15:10:00+00:00,18540.0,18546.939000000002,18535.5055,18546.05
2024-07-23 15:15:00+00:00,18545.483500000002,18553.5555,18542.95,18550.5
2024-07-23 15:20:00+00:00,18549.9835,18553.0,18545.4945,18547.511
2024-07-23 15:25:00+00:00,18547.9445,18549.566499999997,18544.483500000002,18547.489
2024-07-23 15:30:00+00:00,18548.5,18559.0055,18547.489,18558.5
2024-07-23 15:35:00+00:00,18558.011,18565.5555,18556.0055,18564.0055
2024-07-23 15:40:00+00:00,18564.55,18564.55,18553.9945,18555.4835
2024-07-23 15:45:00+00:00,18556.5055,18558.4945,18542.0,18547.0055
2024-07-23 15:50:00+00:00,18546.0055,18549.5,18539.560999999998,18544.566499999997
2024-07-23 15:55:00+00:00,18544.072,18552.572,18541.928,18545.0055
2024-07-23 16:00:00+00:00,18545.566499999997,18551.4945,18542.060999999998,18551.05
2024-07-23 16:05:00+00:00,18551.489,18553.066499999997,18541.428,18547.978
2024-07-23 16:10:00+00:00,18547.511,18556.989,18545.4945,18556.0055
2024-07-23 16:15:00+00:00,18555.0,18556.0,18546.939000000002,18548.060999999998
2024-07-23 16:20:00+00:00,18548.5,18554.0555,18529.0,18529.5055
2024-07-23 16:25:00+00:00,18529.0055,18535.560999999998,18522.9945,18532.5
2024-07-23 16:30:00+00:00,18532.9945,18535.433500000003,18525.011,18527.9835
2024-07-23 16:35:00+00:00,18528.483500000002,18535.55,18527.566499999997,18532.933500000003
2024-07-23 16:40:00+00:00,18531.9945,18537.9945,18531.0,18533.0055
2024-07-23 16:45:00+00:00,18532.4945,18536.9835,18529.9835,18532.05
2024-07-23 16:50:00+00:00,18531.5,18534.560999999998,18527.0165,18534.016499999998
2024-07-23 16:55:00+00:00,18533.0555,18535.060999999998,18525.428,18534.072
2024-07-23 17:00:00+00:00,18533.011,18543.0165,18530.989,18542.011
2024-07-23 17:05:00+00:00,18540.011,18547.022,18535.0,18539.989
2024-07-23 17:10:00+00:00,18541.0,18545.516499999998,18536.0,18540.9945
2024-07-23 17:15:00+00:00,18542.0555,18545.5165,18537.989,18539.9945
2024-07-23 17:20:00+00:00,18540.566499999997,18549.0165,18539.978,18543.0055
2024-07-23 17:25:00+00:00,18542.0055,18547.939000000002,18541.478,18541.478
2024-07-23 17:30:00+00:00,18541.016499999998,18546.0055,18532.483500000002,18535.5
2024-07-23 17:35:00+00:00,18535.011,18543.489,18534.011,18542.0
2024-07-23 17:40:00+00:00,18542.45,18544.066499999997,18536.989,18541.978
2024-07-23 17:45:00+00:00,18542.5,18550.9945,18540.933500000003,18548.989
2024-07-23 17:50:00+00:00,18549.511,18552.066499999997,18546.4945,18550.9945
2024-07-23 17:55:00+00:00,18551.5,18557.066499999997,18551.05,18555.0055
2024-07-23 18:00:00+00:00,18553.489,18560.572,18552.5165,18559.928
2024-07-23 18:05:00+00:00,18559.511,18564.989,18558.9945,18562.5
2024-07-23 18:10:00+00:00,18562.978,18564.9945,18556.5,18558.4835
2024-07-23 18:15:00+00:00,18558.011,18563.55,18557.4835,18561.478
2024-07-23 18:20:00+00:00,18562.0555,18563.5165,18559.9945,18559.9945
2024-07-23 18:25:00+00:00,18559.489,18559.5,18545.928,18555.5
2024-07-23 18:30:00+00:00,18556.489,18560.516499999998,18553.928,18553.9945
2024-07-23 18:35:00+00:00,18553.5555,18560.939000000002,18552.428,18559.022
2024-07-23 18:40:00+00:00,18558.5555,18559.016499999998,18553.439000000002,18555.0
2024-07-23 18:45:00+00:00,18555.5165,18559.072,18554.0,18556.011
2024-07-23 18:50:00+00:00,18555.433500000003,18557.5165,18551.95,18555.478
2024-07-23 18:55:00+00:00,18554.978,18559.522,18553.95,18559.0
2024-07-23 19:00:00+00:00,18558.0055,18558.939000000002,18554.939000000002,18557.0
2024-07-23 19:05:00+00:00,18557.5,18558.016499999998,18553.5055,18554.511
2024-07-23 19:10:00+00:00,18555.0055,18557.5165,18553.511,18556.0055
2024-07-23 19:15:00+00:00,18554.989,18555.066499999997,18550.560999999998,18553.566499999997
2024-07-23 19:20:00+00:00,18554.011,18561.9945,18553.4945,18561.0165
2024-07-23 19:25:00+00:00,18561.5555,18563.5165,18553.989,18553.989
2024-07-23 19:30:00+00:00,18553.4835,18553.4835,18547.439000000002,18549.022
2024-07-23 19:35:00+00:00,18549.5,18552.0555,18544.978,18545.4945
2024-07-23 19:40:00+00:00,18546.0555,18546.939000000002,18534.9945,18541.0165
2024-07-23 19:45:00+00:00,18541.989,18547.5055,18537.95,18547.5055
2024-07-23 19:50:00+00:00,18547.928,18553.5055,18532.428,18532.9945
2024-07-23 19:55:00+00:00,18534.060999999998,18540.989,18530.5,18540.022
2024-07-23 20:00:00+00:00,18540.4945,18572.2055,18515.0945,18564.678
2024-07-23 20:05:00+00:00,18564.289,18568.8055,18534.95,18537.4445
2024-07-23 20:10:00+00:00,18534.211,18542.7,18517.878,18528.4945
2024-07-23 22:05:00+00:00,18496.2,18513.211,18495.283499999998,18512.872
2024-07-23 22:10:00+00:00,18510.3165,18515.55,18506.25,18509.766499999998
2024-07-23 22:15:00+00:00,18510.5055,18511.233500000002,18493.728,18493.728
2024-07-23 22:20:00+00:00,18494.2055,18504.2945,18486.2445,18498.3
2024-07-23 22:25:00+00:00,18497.878,18502.110999999997,18490.7945,18499.95
2024-07-23 22:30:00+00:00,18500.789,18515.0055,18500.789,18507.310999999998
2024-07-23 22:35:00+00:00,18507.678,18513.216500000002,18507.2945,18513.133500000004
2024-07-23 22:40:00+00:00,18512.2945,18516.511,18512.2835,18513.9945
2024-07-23 22:45:00+00:00,18513.2055,18514.066499999997,18506.5,18511.55
2024-07-23 22:50:00+00:00,18512.289,18512.3055,18507.65,18510.6835
2024-07-23 22:55:00+00:00,18511.4445,18511.5,18504.8,18506.566499999997
2024-07-23 23:00:00+00:00,18507.289,18507.289,18495.633500000004,18496.5055
2024-07-23 23:05:00+00:00,18495.6945,18506.9445,18494.739,18502.822
2024-07-23 23:10:00+00:00,18503.766499999998,18505.360999999997,18502.072,18502.728
2024-07-23 23:15:00+00:00,18502.4055,18505.761,18499.522,18505.6945
2024-07-23 23:20:00+00:00,18504.855499999998,18506.5555,18501.3055,18501.3055
2024-07-23 23:25:00+00:00,18500.8335,18503.872,18498.8,18502.1945
2024-07-23 23:30:00+00:00,18501.3055,18502.2165,18498.0,18500.5
2024-07-23 23:35:00+00:00,18501.360999999997,18501.366499999996,18498.0,18498.7945
2024-07-23 23:40:00+00:00,18499.6945,18504.683500000003,18498.8055,18501.711
2024-07-23 23:45:00+00:00,18502.222,18505.8055,18501.228,18505.45
2024-07-23 23:50:00+00:00,18505.872,18505.872,18498.289,18500.0
2024-07-23 23:55:00+00:00,18500.4,18502.489,18497.511,18497.789
2024-07-24 00:00:00+00:00,18498.711,18501.222,18488.2055,18496.211
2024-07-24 00:05:00+00:00,18495.7,18501.6665,18493.6945,18501.183500000003
2024-07-24 00:10:00+00:00,18501.933500000003,18506.183500000003,18499.028,18504.8
2024-07-24 00:15:00+00:00,18506.516499999998,18507.016499999998,18493.5,18496.5055
2024-07-24 00:20:00+00:00,18496.060999999998,18507.511,18496.060999999998,18499.939000000002
2024-07-24 00:25:00+00:00,18501.4445,18512.016499999998,18497.4945,18511.4945
2024-07-24 00:30:00+00:00,18511.9945,18511.9945,18499.939000000002,18500.9445
2024-07-24 00:35:00+00:00,18502.072,18517.5555,18501.0,18515.489
2024-07-24 00:40:00+00:00,18516.066499999997,18522.5055,18513.9945,18522.0
2024-07-24 00:45:00+00:00,18522.5555,18522.572,18518.011,18518.011
2024-07-24 00:50:00+00:00,18517.5,18520.0,18510.9445,18510.9445
2024-07-24 00:55:00+00:00,18511.933500000003,18518.566499999997,18510.9945,18513.45
2024-07-24 01:00:00+00:00,18514.4945,18516.5055,18510.0,18510.9835
2024-07-24 01:05:00+00:00,18511.511,18511.511,18504.511,18507.011
2024-07-24 01:10:00+00:00,18506.433500000003,18507.5055,18499.989,18502.45
2024-07-24 01:15:00+00:00,18503.5555,18507.5555,18501.05,18503.9945
2024-07-24 01:20:00+00:00,18503.428,18507.55,18500.939000000002,18502.0165
2024-07-24 01:25:00+00:00,18503.011,18506.516499999998,18502.066499999997,18506.5
2024-07-24 01:30:00+00:00,18507.0,18514.016499999998,18505.5,18510.0
2024-07-24 01:35:00+00:00,18509.5055,18510.5055,18503.9445,18508.05
2024-07-24 01:40:00+00:00,18507.478,18510.0,18502.483500000002,18505.0
2024-07-24 01:45:00+00:00,18504.4945,18505.5555,18498.928,18500.5555
2024-07-24 01:50:00+00:00,18501.0,18506.4945,18498.0,18498.0
2024-07-24 01:55:00+00:00,18498.4945,18503.522,18497.983500000002,18502.0055
2024-07-24 02:00:00+00:00,18500.439000000002,18502.0055,18495.483500000002,18499.433500000003
2024-07-24 02:05:00+00:00,18499.933500000003,18509.022,18499.933500000003,18508.0
2024-07-24 02:10:00+00:00,18506.9945,18508.511,18501.0055,18506.016499999998
2024-07-24 02:15:00+00:00,18505.4945,18507.511,18504.011,18504.4945
2024-07-24 02:20:00+00:00,18504.989,18507.566499999997,18502.022,18505.011
2024-07-24 02:25:00+00:00,18505.5055,18510.4945,18504.060999999998,18510.4945
2024-07-24 02:30:00+00:00,18510.978,18514.572,18510.522,18510.522
2024-07-24 02:35:00+00:00,18510.0555,18510.566499999997,18504.433500000003,18505.0
2024-07-24 02:40:00+00:00,18503.9945,18504.516499999998,18501.0,18502.0
2024-07-24 02:45:00+00:00,18501.428,18503.478,18498.0055,18500.5165
2024-07-24 02:50:00+00:00,18500.016499999998,18505.522,18499.928,18500.9945
2024-07-24 02:55:00+00:00,18501.5165,18508.05,18501.0055,18503.5055
2024-07-24 03:00:00+00:00,18504.05,18507.5055,18503.5,18506.511
2024-07-24 03:05:00+00:00,18506.066499999997,18506.066499999997,18498.928,18504.5165
2024-07-24 03:10:00+00:00,18503.9945,18504.572,18500.439000000002,18504.0
2024-07-24 03:15:00+00:00,18503.428,18506.060999999998,18500.9945,18501.428
2024-07-24 03:20:00+00:00,18502.011,18506.560999999998,18497.011,18497.011
2024-07-24 03:25:00+00:00,18496.4445,18500.572,18496.072,18499.066499999997
2024-07-24 03:30:00+00:00,18499.511,18501.011,18493.4835,18495.483500000002
2024-07-24 03:35:00+00:00,18494.95,18496.572,18494.022,18494.4945
2024-07-24 03:40:00+00:00,18493.5055,18494.0,18491.933500000003,18492.989
2024-07-24 03:45:00+00:00,18492.566499999997,18495.5555,18492.489,18494.511
2024-07-24 03:50:00+00:00,18494.978,18495.072,18492.483500000002,18493.4835
2024-07-24 03:55:00+00:00,18494.489,18494.511,18492.489,18494.0055
2024-07-24 04:00:00+00:00,18493.0,18494.489,18490.9945,18491.05
2024-07-24 04:05:00+00:00,18491.5055,18492.072,18488.0,18488.0
2024-07-24 04:10:00+00:00,18485.4445,18488.0555,18467.989,18475.011
2024-07-24 04:15:00+00:00,18474.428,18475.511,18469.489,18471.016499999998
2024-07-24 04:20:00+00:00,18470.5055,18471.5165,18457.5,18466.5
2024-07-24 04:25:00+00:00,18463.95,18473.0,18463.4835,18470.022
2024-07-24 04:30:00+00:00,18470.5,18472.060999999998,18468.0,18470.939000000002
2024-07-24 04:35:00+00:00,18470.511,18472.072,18464.983500000002,18466.05
2024-07-24 04:40:00+00:00,18465.4945,18469.489,18464.4945,18468.0055
2024-07-24 04:45:00+00:00,18468.9945,18476.4835,18467.5,18475.428
2024-07-24 04:50:00+00:00,18475.016499999998,18475.016499999998,18465.483500000002,18467.0
2024-07-24 04:55:00+00:00,18466.572,18467.5,18461.0,18463.0165
2024-07-24 05:00:00+00:00,18463.572,18469.516499999998,18461.572,18468.060999999998
2024-07-24 05:05:00+00:00,18469.011,18469.011,18464.433500000003,18468.428
2024-07-24 05:10:00+00:00,18467.478,18474.05,18465.483500000002,18468.011
2024-07-24 05:15:00+00:00,18468.5,18471.516499999998,18464.5,18467.989
2024-07-24 05:20:00+00:00,18467.4945,18473.9945,18464.5055,18468.0
2024-07-24 05:25:00+00:00,18466.9445,18471.0165,18465.0,18469.5165
2024-07-24 05:30:00+00:00,18469.9445,18472.989,18467.4945,18468.489
2024-07-24 05:35:00+00:00,18467.5165,18472.5555,18466.4945,18468.45
2024-07-24 05:40:00+00:00,18467.9945,18469.5555,18464.5555,18464.9445
2024-07-24 05:45:00+00:00,18464.5055,18464.566499999997,18455.4945,18458.5165
2024-07-24 05:50:00+00:00,18458.0555,18474.489,18454.433500000003,18473.516499999998
2024-07-24 05:55:00+00:00,18472.45,18474.522,18466.516499999998,18468.478
2024-07-24 06:00:00+00:00,18467.95,18475.978,18464.489,18469.4945
2024-07-24 06:05:00+00:00,18469.066499999997,18475.566499999997,18459.4445,18470.483500000002
2024-07-24 06:10:00+00:00,18469.9945,18470.489,18453.0,18456.5555
2024-07-24 06:15:00+00:00,18455.5,18456.0055,18445.4945,18452.489
2024-07-24 06:20:00+00:00,18453.489,18455.5055,18446.5165,18453.5555
2024-07-24 06:25:00+00:00,18452.9835,18453.511,18443.066499999997,18453.5055
2024-07-24 06:30:00+00:00,18452.5055,18452.5055,18434.511,18442.072
2024-07-24 06:35:00+00:00,18441.4945,18442.4945,18430.489,18432.439000000002
2024-07-24 06:40:00+00:00,18432.0,18433.560999999998,18419.4835,18428.4945
2024-07-24 06:45:00+00:00,18427.95,18435.5055,18423.4945,18435.0
2024-07-24 06:50:00+00:00,18435.433500000003,18439.060999999998,18412.933500000003,18417.433500000003
2024-07-24 06:55:00+00:00,18416.511,18423.0055,18413.928,18418.9835
2024-07-24 07:00:00+00:00,18412.5055,18412.5055,18356.928,18404.5
2024-07-24 07:05:00+00:00,18406.011,18426.5165,18404.9945,18414.511
2024-07-24 07:10:00+00:00,18415.5,18430.439000000002,18411.0,18426.5
2024-07-24 07:15:00+00:00,18425.9945,18430.4945,18406.5055,18420.489
2024-07-24 07:20:00+00:00,18419.989,18431.072,18413.0165,18422.4945
2024-07-24 07:25:00+00:00,18423.516499999998,18429.5055,18415.489,18429.5055
2024-07-24 07:30:00+00:00,18427.0055,18430.572,18399.4445,18402.5055
2024-07-24 07:35:00+00:00,18401.511,18421.989,18393.989,18421.022
2024-07-24 07:40:00+00:00,18420.511,18421.978,18394.489,18396.516499999998
2024-07-24 07:45:00+00:00,18395.5,18399.4945,18378.483500000002,18384.5165
2024-07-24 07:50:00+00:00,18386.433500000003,18401.5555,18379.0,18379.5
2024-07-24 07:55:00+00:00,18378.511,18391.511,18375.978,18378.5
2024-07-24 08:00:00+00:00,18380.5055,18387.0,18364.05,18375.5
2024-07-24 08:05:00+00:00,18374.560999999998,18376.5555,18357.95,18359.566499999997
2024-07-24 08:10:00+00:00,18360.0055,18376.4945,18352.483500000002,18363.489
2024-07-24 08:15:00+00:00,18363.072,18371.428,18349.478,18353.511
2024-07-24 08:20:00+00:00,18353.060999999998,18366.439000000002,18348.4945,18364.55
2024-07-24 08:25:00+00:00,18363.489,18380.0,18363.4835,18370.4835
2024-07-24 08:30:00+00:00,18369.0055,18380.489,18363.560999999998,18369.5
2024-07-24 08:35:00+00:00,18369.0,18384.5165,18361.4835,18377.4945
2024-07-24 08:40:00+00:00,18376.066499999997,18390.511,18373.433500000003,18384.4945
2024-07-24 08:45:00+00:00,18385.5,18392.060999999998,18374.928,18386.9945
2024-07-24 08:50:00+00:00,18387.4945,18400.572,18381.511,18394.0
2024-07-24 08:55:00+00:00,18393.5,18413.439000000002,18392.5055,18411.011
2024-07-24 09:00:00+00:00,18411.489,18417.478,18403.933500000003,18410.5055
2024-07-24 09:05:00+00:00,18411.0,18419.0,18406.0165,18412.489
2024-07-24 09:10:00+00:00,18412.011,18414.511,18397.05,18398.566499999997
2024-07-24 09:15:00+00:00,18399.016499999998,18404.511,18383.011,18393.439000000002
2024-07-24 09:20:00+00:00,18394.4835,18401.55,18386.428,18391.516499999998
2024-07-24 09:25:00+00:00,18390.5,18391.516499999998,18379.5165,18388.0
2024-07-24 09:30:00+00:00,18387.060999999998,18398.5555,18384.5,18394.428
2024-07-24 09:35:00+00:00,18393.511,18402.560999999998,18392.439000000002,18395.439000000002
2024-07-24 09:40:00+00:00,18394.5,18405.011,18392.439000000002,18402.5055
2024-07-24 09:45:00+00:00,18402.978,18408.55,18399.483500000002,18408.55
2024-07-24 09:50:00+00:00,18407.511,18417.0055,18406.433500000003,18409.522
2024-07-24 09:55:00+00:00,18409.0,18421.572,18407.5,18415.5055
2024-07-24 10:00:00+00:00,18414.0555,18430.5055,18410.5055,18428.4945
2024-07-24 10:05:00+00:00,18427.5,18432.066499999997,18423.4445,18431.560999999998
2024-07-24 10:10:00+00:00,18432.011,18442.478,18431.489,18440.011
2024-07-24 10:15:00+00:00,18440.489,18440.489,18429.933500000003,18434.511
2024-07-24 10:20:00+00:00,18433.5055,18443.560999999998,18433.4835,18442.5055
2024-07-24 10:25:00+00:00,18442.989,18457.489,18442.011,18446.983500000002
2024-07-24 10:30:00+00:00,18446.066499999997,18447.4945,18434.066499999997,18436.55
2024-07-24 10:35:00+00:00,18436.989,18439.989,18428.9945,18435.4945
2024-07-24 10:40:00+00:00,18436.0055,18439.560999999998,18422.4445,18424.45
2024-07-24 10:45:00+00:00,18426.983500000002,18434.560999999998,18426.060999999998,18431.5
2024-07-24 10:50:00+00:00,18432.478,18436.016499999998,18424.983500000002,18432.5
2024-07-24 10:55:00+00:00,18431.4945,18437.572,18428.5,18431.4445
2024-07-24 11:00:00+00:00,18432.5055,18435.522,18418.060999999998,18431.572
2024-07-24 11:05:00+00:00,18432.5,18435.5555,18421.478,18431.0055
2024-07-24 11:10:00+00:00,18430.5,18436.566499999997,18429.566499999997,18430.45
2024-07-24 11:15:00+00:00,18429.9945,18441.572,18429.939000000002,18438.572
2024-07-24 11:20:00+00:00,18439.4945,18447.5555,18432.4445,18446.55
2024-07-24 11:25:00+00:00,18445.5,18455.511,18441.478,18449.016499999998
2024-07-24 11:30:00+00:00,18448.489,18451.5,18440.5,18444.511
2024-07-24 11:35:00+00:00,18445.522,18452.5,18440.0055,18444.5055
2024-07-24 11:40:00+00:00,18443.5055,18446.511,18438.4445,18445.55
2024-07-24 11:45:00+00:00,18446.511,18451.5055,18426.4945,18431.511
2024-07-24 11:50:00+00:00,18432.5,18438.0,18420.428,18437.5165
2024-07-24 11:55:00+00:00,18438.511,18439.5055,18429.4945,18430.516499999998
2024-07-24 12:00:00+00:00,18429.9945,18434.95,18423.433500000003,18431.566499999997
2024-07-24 12:05:00+00:00,18430.4945,18438.566499999997,18422.4445,18426.5055
2024-07-24 12:10:00+00:00,18427.560999999998,18427.560999999998,18409.9945,18420.5055
2024-07-24 12:15:00+00:00,18419.4945,18425.566499999997,18412.45,18419.511
2024-07-24 12:20:00+00:00,18420.011,18428.060999999998,18416.522,18428.060999999998
2024-07-24 12:25:00+00:00,18428.516499999998,18428.516499999998,18412.5,18418.4445
2024-07-24 12:30:00+00:00,18418.011,18428.5,18417.5,18423.5
2024-07-24 12:35:00+00:00,18424.0055,18426.0555,18415.489,18415.933500000003
2024-07-24 12:40:00+00:00,18415.478,18423.928,18405.4945,18405.566499999997
2024-07-24 12:45:00+00:00,18405.0555,18410.560999999998,18397.5,18410.4945
2024-07-24 12:50:00+00:00,18411.011,18411.011,18394.433500000003,18395.4445
2024-07-24 12:55:00+00:00,18395.933500000003,18395.933500000003,18383.5,18389.516499999998
2024-07-24 13:00:00+00:00,18390.572,18394.9945,18384.489,18392.4945
2024-07-24 13:05:00+00:00,18391.4945,18391.4945,18372.0055,18374.5165
2024-07-24 13:10:00+00:00,18373.5055,18385.5165,18371.978,18384.5055
2024-07-24 13:15:00+00:00,18385.989,18387.5055,18378.489,18385.983500000002
2024-07-24 13:20:00+00:00,18386.5055,18398.4945,18385.5,18397.4945
2024-07-24 13:25:00+00:00,18396.439000000002,18412.511,18395.0055,18407.5
2024-07-24 13:30:00+00:00,18405.511,18427.989,18405.511,18411.5
2024-07-24 13:35:00+00:00,18412.516499999998,18431.516499999998,18407.428,18422.428
2024-07-24 13:40:00+00:00,18421.5,18431.5555,18415.0,18416.05
2024-07-24 13:45:00+00:00,18417.5,18431.55,18407.0555,18410.5055
2024-07-24 13:50:00+00:00,18409.4835,18415.989,18395.011,18399.511
2024-07-24 13:55:00+00:00,18399.9945,18399.9945,18377.483500000002,18391.5
2024-07-24 14:00:00+00:00,18390.0555,18400.983500000002,18386.4835,18386.4835
2024-07-24 14:05:00+00:00,18388.489,18398.5,18378.5,18385.572
2024-07-24 14:10:00+00:00,18384.4945,18389.4945,18370.45,18387.439000000002
2024-07-24 14:15:00+00:00,18386.566499999997,18408.011,18384.011,18401.5
2024-07-24 14:20:00+00:00,18401.0,18427.5055,18399.489,18417.511
2024-07-24 14:25:00+00:00,18416.5,18448.5055,18416.5,18446.511
2024-07-24 14:30:00+00:00,18445.066499999997,18445.066499999997,18423.983500000002,18424.9835
2024-07-24 14:35:00+00:00,18424.439000000002,18432.05,18419.0,18420.4945
2024-07-24 14:40:00+00:00,18419.9835,18421.0555,18400.9945,18402.0555
2024-07-24 14:45:00+00:00,18403.0055,18406.989,18390.560999999998,18402.0
2024-07-24 14:50:00+00:00,18402.511,18419.4445,18400.9835,18405.5055
2024-07-24 14:55:00+00:00,18404.9945,18416.511,18400.011,18403.072
2024-07-24 15:00:00+00:00,18401.9945,18408.0055,18393.9945,18394.9945
2024-07-24 15:05:00+00:00,18394.5,18395.0055,18387.939000000002,18393.9835
2024-07-24 15:10:00+00:00,18393.5055,18394.4445,18381.483500000002,18392.0055
2024-07-24 15:15:00+00:00,18391.5055,18393.9945,18380.0055,18380.489
2024-07-24 15:20:00+00:00,18381.0,18383.05,18364.5,18366.516499999998
2024-07-24 15:25:00+00:00,18367.0165,18379.560999999998,18366.489,18376.0
2024-07-24 15:30:00+00:00,18375.511,18389.0555,18370.4445,18387.0055
2024-07-24 15:35:00+00:00,18387.5,18391.011,18381.4945,18389.05
2024-07-24 15:40:00+00:00,18388.511,18391.5055,18374.928,18388.0
2024-07-24 15:45:00+00:00,18388.560999999998,18388.560999999998,18374.0165,18378.011
2024-07-24 15:50:00+00:00,18378.5,18386.0,18377.439000000002,18382.522
2024-07-24 15:55:00+00:00,18382.016499999998,18384.489,18370.0165,18372.0555
2024-07-24 16:00:00+00:00,18373.0,18380.0,18371.978,18372.016499999998
2024-07-24 16:05:00+00:00,18372.5,18374.5555,18366.522,18371.55
2024-07-24 16:10:00+00:00,18370.989,18383.489,18370.5,18382.95
2024-07-24 16:15:00+00:00,18383.489,18388.4945,18376.95,18382.5055
2024-07-24 16:20:00+00:00,18382.0055,18387.5055,18378.9945,18385.939000000002
2024-07-24 16:25:00+00:00,18385.4945,18386.011,18377.478,18382.5165
2024-07-24 16:30:00+00:00,18383.0165,18387.016499999998,18380.0,18383.0165
2024-07-24 16:35:00+00:00,18382.560999999998,18384.511,18374.9945,18375.989
2024-07-24 16:40:00+00:00,18376.45,18377.0,18368.933500000003,18370.072
2024-07-24 16:45:00+00:00,18370.433500000003,18384.9945,18369.4835,18380.433500000003
2024-07-24 16:50:00+00:00,18379.5,18380.066499999997,18373.989,18374.0
2024-07-24 16:55:00+00:00,18374.4835,18379.016499999998,18370.5,18373.560999999998
2024-07-24 17:00:00+00:00,18373.9945,18380.011,18370.939000000002,18376.9945
2024-07-24 17:05:00+00:00,18377.9445,18395.0,18375.9945,18395.0
2024-07-24 17:10:00+00:00,18394.5,18399.5055,18388.4945,18392.011
2024-07-24 17:15:00+00:00,18391.4835,18395.55,18385.95,18390.5055
2024-07-24 17:20:00+00:00,18390.011,18395.0,18383.928,18386.478
2024-07-24 17:25:00+00:00,18386.0,18387.933500000003,18378.0055,18379.489
2024-07-24 17:30:00+00:00,18379.05,18385.5,18374.478,18383.989
2024-07-24 17:35:00+00:00,18384.4945,18391.5055,18382.983500000002,18384.9945
2024-07-24 17:40:00+00:00,18385.489,18392.0165,18384.433500000003,18389.9835
2024-07-24 17:45:00+00:00,18390.566499999997,18391.5,18380.4945,18381.066499999997
2024-07-24 17:50:00+00:00,18380.522,18381.5,18376.489,18376.989
2024-07-24 17:55:00+00:00,18377.5,18380.5055,18374.4445,18374.4445
2024-07-24 18:00:00+00:00,18375.0055,18376.989,18370.0,18370.560999999998
2024-07-24 18:05:00+00:00,18371.072,18380.0055,18369.939000000002,18374.4945
2024-07-24 18:10:00+00:00,18374.016499999998,18377.95,18371.4945,18377.0165
2024-07-24 18:15:00+00:00,18376.522,18379.983500000002,18368.4835,18368.511
2024-07-24 18:20:00+00:00,18368.983500000002,18369.060999999998,18361.060999999998,18366.0055
2024-07-24 18:25:00+00:00,18365.011,18370.560999999998,18362.978,18364.489
2024-07-24 18:30:00+00:00,18364.0,18368.5,18360.489,18361.5
2024-07-24 18:35:00+00:00,18360.989,18364.0055,18358.0,18360.011
2024-07-24 18:40:00+00:00,18360.5,18362.0,18347.933500000003,18350.0055
2024-07-24 18:45:00+00:00,18349.5,18356.4835,18342.4835,18342.939000000002
2024-07-24 18:50:00+00:00,18339.989,18342.0055,18328.0055,18338.011
2024-07-24 18:55:00+00:00,18337.522,18350.0055,18337.0,18342.0055
2024-07-24 19:00:00+00:00,18340.478,18341.022,18324.9945,18331.9945
2024-07-24 19:05:00+00:00,18332.566499999997,18334.933500000003,18324.0,18329.0555
2024-07-24 19:10:00+00:00,18328.45,18334.0,18326.9445,18331.0
2024-07-24 19:15:00+00:00,18332.0,18339.489,18326.9945,18331.0055
2024-07-24 19:20:00+00:00,18331.9945,18341.511,18331.939000000002,18341.433500000003
2024-07-24 19:25:00+00:00,18340.939000000002,18341.439000000002,18327.5,18330.489
2024-07-24 19:30:00+00:00,18331.5,18349.983500000002,18329.433500000003,18349.516499999998
2024-07-24 19:35:00+00:00,18349.072,18352.9945,18343.478,18344.9945
2024-07-24 19:40:00+00:00,18346.072,18355.4945,18338.9835,18339.0
2024-07-24 19:45:00+00:00,18337.95,18344.511,18333.9945,18341.016499999998
2024-07-24 19:50:00+00:00,18343.05,18348.989,18322.5055,18323.016499999998
2024-07-24 19:55:00+00:00,18321.483500000002,18339.072,18321.483500000002,18338.933500000003
2024-07-24 20:00:00+00:00,18339.560999999998,18352.672,18334.9,18345.9055
2024-07-24 20:05:00+00:00,18346.628,18367.855499999998,18346.628,18364.45
2024-07-24 20:10:00+00:00,18363.622,18377.15,18359.039,18364.2
2024-07-24 22:05:00+00:00,18375.4,18382.589,18373.728,18381.389000000003
2024-07-24 22:10:00+00:00,18382.2055,18385.605499999998,18381.35,18384.678
2024-07-24 22:15:00+00:00,18385.1555,18394.8165,18383.5,18392.322
2024-07-24 22:20:00+00:00,18393.211,18393.211,18378.6,18379.4055
2024-07-24 22:25:00+00:00,18380.228,18380.228,18370.116499999996,18370.511
2024-07-24 22:30:00+00:00,18370.894500000002,18378.922,18370.4945,18378.922
2024-07-24 22:35:00+00:00,18378.089,18382.2945,18377.289,18379.7945
2024-07-24 22:40:00+00:00,18380.5445,18382.310999999998,18378.105499999998,18381.4835
2024-07-24 22:45:00+00:00,18380.610999999997,18380.610999999997,18375.589,18377.6945
2024-07-24 22:50:00+00:00,18377.360999999997,18378.911,18372.9835,18376.378
2024-07-24 22:55:00+00:00,18377.3,18377.3,18370.5055,18373.9555
2024-07-24 23:00:00+00:00,18374.7,18375.605499999998,18366.372,18367.039
2024-07-24 23:05:00+00:00,18368.016499999998,18373.0165,18367.122,18373.0165
2024-07-24 23:10:00+00:00,18373.828,18375.011,18371.378,18374.1835
2024-07-24 23:15:00+00:00,18375.0,18382.672,18375.0,18380.1
2024-07-24 23:20:00+00:00,18380.878,18381.110999999997,18377.7,18377.7
2024-07-24 23:25:00+00:00,18376.95,18380.3055,18376.0,18376.889000000003
2024-07-24 23:30:00+00:00,18375.2,18377.7165,18371.7945,18376.911
2024-07-24 23:35:00+00:00,18377.6945,18381.110999999997,18377.6945,18378.105499999998
2024-07-24 23:40:00+00:00,18377.6945,18377.772,18371.339,18375.1835
2024-07-24 23:45:00+00:00,18375.6665,18376.9165,18370.983500000002,18374.383500000004
2024-07-24 23:50:00+00:00,18375.211,18378.672,18374.472,18375.1945
2024-07-24 23:55:00+00:00,18374.389000000003,18377.683500000003,18371.7835,18371.7835
2024-07-25 00:00:00+00:00,18370.1,18378.855499999998,18364.2055,18366.972
2024-07-25 00:05:00+00:00,18367.3,18371.172,18366.0945,18370.3
2024-07-25 00:10:00+00:00,18369.3445,18370.75,18366.0,18369.516499999998
2024-07-25 00:15:00+00:00,18374.011,18388.066499999997,18362.483500000002,18387.0
2024-07-25 00:20:00+00:00,18387.0,18394.5,18383.0,18388.95
2024-07-25 00:25:00+00:00,18389.5,18389.5,18379.011,18385.9945
2024-07-25 00:30:00+00:00,18383.483500000002,18386.0055,18379.5,18380.016499999998
2024-07-25 00:35:00+00:00,18379.55,18382.55,18376.9945,18381.989
2024-07-25 00:40:00+00:00,18382.4945,18383.483500000002,18379.4945,18381.989
2024-07-25 00:45:00+00:00,18381.4945,18383.572,18377.928,18381.5
2024-07-25 00:50:00+00:00,18383.989,18388.0055,18383.0055,18385.9835
2024-07-25 00:55:00+00:00,18386.433500000003,18390.9835,18386.433500000003,18386.928
2024-07-25 01:00:00+00:00,18385.428,18385.428,18374.5,18374.516499999998
2024-07-25 01:05:00+00:00,18375.5165,18385.0,18374.9945,18377.560999999998
2024-07-25 01:10:00+00:00,18376.989,18377.9945,18368.439000000002,18369.4945
2024-07-25 01:15:00+00:00,18370.511,18378.0,18368.9835,18376.560999999998
2024-07-25 01:20:00+00:00,18376.0055,18378.066499999997,18370.0055,18373.5
2024-07-25 01:25:00+00:00,18372.428,18377.489,18370.4835,18374.989
2024-07-25 01:30:00+00:00,18375.55,18376.939000000002,18370.511,18370.511
2024-07-25 01:35:00+00:00,18371.011,18379.0,18368.489,18369.439000000002
2024-07-25 01:40:00+00:00,18369.0,18369.0,18359.5,18363.0
2024-07-25 01:45:00+00:00,18363.5055,18366.55,18358.989,18364.572
2024-07-25 01:50:00+00:00,18365.0,18371.0,18363.978,18363.978
2024-07-25 01:55:00+00:00,18366.022,18367.016499999998,18355.428,18357.0
2024-07-25 02:00:00+00:00,18359.439000000002,18361.0055,18353.428,18353.516499999998
2024-07-25 02:05:00+00:00,18353.9945,18360.072,18349.478,18356.95
2024-07-25 02:10:00+00:00,18356.5055,18360.060999999998,18351.5,18356.5055
2024-07-25 02:15:00+00:00,18356.95,18365.5,18356.4835,18365.0
2024-07-25 02:20:00+00:00,18365.4945,18373.483500000002,18362.5,18363.05
2024-07-25 02:25:00+00:00,18362.522,18364.0,18353.566499999997,18355.5
2024-07-25 02:30:00+00:00,18356.989,18359.489,18339.939000000002,18341.572
2024-07-25 02:35:00+00:00,18342.5555,18347.428,18330.0555,18333.5
2024-07-25 02:40:00+00:00,18334.5165,18338.5,18330.928,18334.5
2024-07-25 02:45:00+00:00,18335.011,18336.9945,18323.9445,18325.5055
2024-07-25 02:50:00+00:00,18326.511,18331.55,18324.989,18324.989
2024-07-25 02:55:00+00:00,18326.0,18332.55,18325.522,18332.072
2024-07-25 03:00:00+00:00,18332.5,18340.5,18332.011,18335.011
2024-07-25 03:05:00+00:00,18335.511,18342.0055,18334.928,18339.572
2024-07-25 03:10:00+00:00,18338.983500000002,18339.4945,18329.989,18330.45
2024-07-25 03:15:00+00:00,18331.5555,18339.0,18330.9945,18337.516499999998
2024-07-25 03:20:00+00:00,18338.0,18343.566499999997,18335.5,18341.5165
2024-07-25 03:25:00+00:00,18342.0055,18343.433500000003,18337.022,18340.433500000003
2024-07-25 03:30:00+00:00,18341.0,18351.5,18335.0,18338.0055
2024-07-25 03:35:00+00:00,18338.933500000003,18339.05,18331.9445,18334.5165
2024-07-25 03:40:00+00:00,18334.9445,18337.0055,18330.511,18333.478
2024-07-25 03:45:00+00:00,18331.95,18342.511,18328.9835,18336.928
2024-07-25 03:50:00+00:00,18337.5,18343.016499999998,18330.5,18331.4945
2024-07-25 03:55:00+00:00,18331.022,18338.072,18330.0,18332.989
2024-07-25 04:00:00+00:00,18333.4945,18334.560999999998,18328.0,18331.4945
2024-07-25 04:05:00+00:00,18332.0,18338.5,18331.989,18338.072
2024-07-25 04:10:00+00:00,18337.566499999997,18338.05,18332.9945,18335.9945
2024-07-25 04:15:00+00:00,18335.5055,18335.5055,18329.5,18332.9945
2024-07-25 04:20:00+00:00,18333.516499999998,18334.928,18326.478,18328.566499999997
2024-07-25 04:25:00+00:00,18328.0555,18330.0165,18326.983500000002,18329.0055
2024-07-25 04:30:00+00:00,18329.511,18330.0055,18320.0,18326.978
2024-07-25 04:35:00+00:00,18327.489,18330.933500000003,18322.011,18327.516499999998
2024-07-25 04:40:00+00:00,18325.433500000003,18327.4835,18320.439000000002,18320.572
2024-07-25 04:45:00+00:00,18321.0,18325.072,18319.428,18319.989
2024-07-25 04:50:00+00:00,18320.516499999998,18324.5,18314.5,18323.5165
2024-07-25 04:55:00+00:00,18322.5055,18322.5055,18319.489,18322.011
2024-07-25 05:00:00+00:00,18322.5165,18324.5055,18317.939000000002,18322.9945
2024-07-25 05:05:00+00:00,18322.4945,18327.5055,18320.9835,18323.989
2024-07-25 05:10:00+00:00,18324.428,18326.0055,18319.4945,18321.9945
2024-07-25 05:15:00+00:00,18323.0,18324.016499999998,18317.9945,18317.9945
2024-07-25 05:20:00+00:00,18319.572,18320.516499999998,18315.428,18317.05
2024-07-25 05:25:00+00:00,18316.5,18317.5165,18314.5,18315.978
2024-07-25 05:30:00+00:00,18315.478,18315.933500000003,18301.5,18309.0
2024-07-25 05:35:00+00:00,18307.489,18310.072,18300.489,18308.0165
2024-07-25 05:40:00+00:00,18306.939000000002,18307.05,18298.022,18298.022
2024-07-25 05:45:00+00:00,18296.5,18296.9945,18288.928,18295.022
2024-07-25 05:50:00+00:00,18295.989,18301.072,18294.428,18299.066499999997
2024-07-25 05:55:00+00:00,18299.5055,18303.0055,18292.989,18295.9945
2024-07-25 06:00:00+00:00,18298.011,18298.011,18249.983500000002,18254.489
2024-07-25 06:05:00+00:00,18253.9945,18257.9945,18237.483500000002,18238.9945
2024-07-25 06:10:00+00:00,18239.5055,18245.0055,18219.0055,18229.011
2024-07-25 06:15:00+00:00,18229.5055,18249.989,18228.989,18246.5
2024-07-25 06:20:00+00:00,18247.05,18257.4445,18229.55,18233.5055
2024-07-25 06:25:00+00:00,18234.4835,18256.489,18233.978,18253.5555
2024-07-25 06:30:00+00:00,18253.9945,18271.489,18251.5,18265.439000000002
2024-07-25 06:35:00+00:00,18265.9835,18268.522,18258.4945,18262.566499999997
2024-07-25 06:40:00+00:00,18263.566499999997,18276.983500000002,18262.511,18265.9945
2024-07-25 06:45:00+00:00,18266.5,18266.5555,18251.5055,18260.489
2024-07-25 06:50:00+00:00,18260.0,18264.0055,18244.0,18251.433500000003
2024-07-25 06:55:00+00:00,18251.0055,18263.4945,18220.989,18236.566499999997
2024-07-25 07:00:00+00:00,18235.0055,18235.516499999998,18190.489,18199.45
2024-07-25 07:05:00+00:00,18198.4835,18202.516499999998,18154.511,18159.5
2024-07-25 07:10:00+00:00,18158.5,18184.5165,18150.511,18168.55
2024-07-25 07:15:00+00:00,18165.5055,18218.5165,18159.4945,18203.511
2024-07-25 07:20:00+00:00,18202.4945,18202.5,18162.9945,18163.9945
2024-07-25 07:25:00+00:00,18164.4835,18198.5555,18150.5,18196.4945
2024-07-25 07:30:00+00:00,18195.0055,18195.0055,18164.0555,18175.55
2024-07-25 07:35:00+00:00,18174.572,18198.5055,18171.478,18185.9945
2024-07-25 07:40:00+00:00,18185.5,18185.5,18141.516499999998,18141.516499999998
2024-07-25 07:45:00+00:00,18142.011,18155.0,18138.439000000002,18139.433500000003
2024-07-25 07:50:00+00:00,18140.489,18165.566499999997,18138.5,18160.4445
2024-07-25 07:55:00+00:00,18161.483500000002,18168.516499999998,18149.5055,18166.5
2024-07-25 08:00:00+00:00,18167.05,18180.011,18139.483500000002,18143.4445
2024-07-25 08:05:00+00:00,18144.5055,18154.478,18124.5,18127.4945
2024-07-25 08:10:00+00:00,18129.4835,18139.428,18110.011,18110.5
2024-07-25 08:15:00+00:00,18110.0055,18126.4945,18098.928,18104.5055
2024-07-25 08:20:00+00:00,18105.572,18115.5,18097.55,18100.989
2024-07-25 08:25:00+00:00,18101.5,18139.5,18097.5165,18136.433500000003
2024-07-25 08:30:00+00:00,18136.0165,18179.0,18129.516499999998,18177.489
2024-07-25 08:35:00+00:00,18178.45,18190.572,18165.5055,18188.566499999997
2024-07-25 08:40:00+00:00,18188.0165,18206.066499999997,18186.05,18203.5055
2024-07-25 08:45:00+00:00,18205.4445,18207.011,18192.489,18198.5165
2024-07-25 08:50:00+00:00,18196.4945,18205.55,18186.983500000002,18189.489
2024-07-25 08:55:00+00:00,18188.4835,18194.4945,18183.066499999997,18186.5165
2024-07-25 09:00:00+00:00,18187.511,18191.5165,18174.511,18177.511
2024-07-25 09:05:00+00:00,18178.428,18202.978,18177.928,18197.5165
2024-07-25 09:10:00+00:00,18198.4945,18198.978,18172.428,18173.5
2024-07-25 09:15:00+00:00,18175.4945,18180.55,18169.011,18175.5
2024-07-25 09:20:00+00:00,18175.072,18179.489,18156.572,18161.516499999998
2024-07-25 09:25:00+00:00,18160.5,18161.560999999998,18140.9835,18143.516499999998
2024-07-25 09:30:00+00:00,18143.072,18152.516499999998,18134.4445,18147.4945
2024-07-25 09:35:00+00:00,18146.5055,18149.433500000003,18129.478,18133.011
2024-07-25 09:40:00+00:00,18132.489,18149.4945,18126.9835,18130.0
2024-07-25 09:45:00+00:00,18129.566499999997,18145.516499999998,18129.566499999997,18141.439000000002
2024-07-25 09:50:00+00:00,18140.511,18155.9445,18139.4945,18145.511
2024-07-25 09:55:00+00:00,18146.5055,18163.5165,18146.5055,18163.511
2024-07-25 10:00:00+00:00,18164.433500000003,18171.5,18149.4945,18149.4945
2024-07-25 10:05:00+00:00,18150.511,18160.560999999998,18141.511,18141.511
2024-07-25 10:10:00+00:00,18141.989,18147.5,18127.511,18127.511
2024-07-25 10:15:00+00:00,18129.011,18134.572,18120.9945,18131.4835
2024-07-25 10:20:00+00:00,18130.9835,18148.5165,18130.0,18136.478
2024-07-25 10:25:00+00:00,18135.4445,18141.560999999998,18125.511,18133.428
2024-07-25 10:30:00+00:00,18134.4945,18145.489,18131.5,18142.4835
2024-07-25 10:35:00+00:00,18141.566499999997,18143.5555,18122.428,18122.4945
2024-07-25 10:40:00+00:00,18123.05,18129.5,18109.978,18111.5
2024-07-25 10:45:00+00:00,18110.9945,18123.016499999998,18095.5,18102.4945
2024-07-25 10:50:00+00:00,18104.516499999998,18131.572,18104.516499999998,18130.4945
2024-07-25 10:55:00+00:00,18131.05,18143.489,18130.060999999998,18142.5055
2024-07-25 11:00:00+00:00,18144.483500000002,18165.0055,18143.5,18163.5
2024-07-25 11:05:00+00:00,18162.5,18171.022,18158.4445,18158.4445
2024-07-25 11:10:00+00:00,18157.4945,18174.489,18156.983500000002,18174.489
2024-07-25 11:15:00+00:00,18174.989,18176.572,18163.5055,18168.433500000003
2024-07-25 11:20:00+00:00,18169.511,18174.489,18156.011,18157.5
2024-07-25 11:25:00+00:00,18158.022,18162.55,18152.433500000003,18161.5055
2024-07-25 11:30:00+00:00,18160.572,18162.989,18147.433500000003,18161.4945
2024-07-25 11:35:00+00:00,18162.511,18169.5165,18148.989,18169.5165
2024-07-25 11:40:00+00:00,18170.55,18177.989,18163.5,18165.0055
2024-07-25 11:45:00+00:00,18164.5055,18174.5,18153.511,18164.489
2024-07-25 11:50:00+00:00,18165.022,18173.0,18162.5,18167.011
2024-07-25 11:55:00+00:00,18166.489,18167.55,18155.4835,18162.0
2024-07-25 12:00:00+00:00,18162.439000000002,18183.566499999997,18161.4945,18180.522
2024-07-25 12:05:00+00:00,18179.0055,18185.5,18171.4945,18181.55
2024-07-25 12:10:00+00:00,18180.9945,18181.433500000003,18166.428,18177.989
2024-07-25 12:15:00+00:00,18177.4945,18186.0555,18169.983500000002,18184.4945
2024-07-25 12:20:00+00:00,18183.489,18183.5055,18162.9945,18162.9945
2024-07-25 12:25:00+00:00,18163.5,18168.5,18154.9945,18166.55
2024-07-25 12:30:00+00:00,18164.0055,18182.05,18149.4945,18160.4945
2024-07-25 12:35:00+00:00,18159.511,18174.5555,18151.522,18166.5
2024-07-25 12:40:00+00:00,18167.5,18193.989,18164.489,18189.4945
2024-07-25 12:45:00+00:00,18192.4945,18212.022,18192.4945,18205.5055
2024-07-25 12:50:00+00:00,18204.4445,18213.0055,18191.9945,18212.489
2024-07-25 12:55:00+00:00,18214.5055,18216.4945,18199.5,18212.4445
2024-07-25 13:00:00+00:00,18211.5,18211.5,18188.4445,18188.4445
2024-07-25 13:05:00+00:00,18190.511,18201.5555,18185.566499999997,18198.016499999998
2024-07-25 13:10:00+00:00,18198.511,18207.9945,18184.933500000003,18188.4945
2024-07-25 13:15:00+00:00,18187.572,18201.522,18186.05,18201.522
2024-07-25 13:20:00+00:00,18202.489,18219.016499999998,18202.4835,18216.4445
2024-07-25 13:25:00+00:00,18213.566499999997,18228.933500000003,18208.5055,18223.560999999998
2024-07-25 13:30:00+00:00,18222.428,18240.0055,18214.433500000003,18219.5165
2024-07-25 13:35:00+00:00,18217.9945,18231.5,18212.489,18219.489
2024-07-25 13:40:00+00:00,18220.511,18248.511,18211.45,18240.4945
2024-07-25 13:45:00+00:00,18239.9945,18252.5165,18224.5,18243.511
2024-07-25 13:50:00+00:00,18244.933500000003,18256.511,18234.433500000003,18246.511
2024-07-25 13:55:00+00:00,18247.5,18252.560999999998,18211.511,18219.5
2024-07-25 14:00:00+00:00,18217.511,18217.511,18184.522,18189.5055
2024-07-25 14:05:00+00:00,18188.522,18201.572,18181.439000000002,18187.572
2024-07-25 14:10:00+00:00,18188.5,18195.566499999997,18174.0055,18190.5
2024-07-25 14:15:00+00:00,18187.9445,18227.5165,18187.478,18225.560999999998
2024-07-25 14:20:00+00:00,18223.933500000003,18242.5,18218.4945,18242.5
2024-07-25 14:25:00+00:00,18241.928,18253.5,18230.5,18253.060999999998
2024-07-25 14:30:00+00:00,18252.5,18263.072,18246.011,18259.483500000002
2024-07-25 14:35:00+00:00,18258.572,18278.5,18255.428,18270.5055
2024-07-25 14:40:00+00:00,18269.5,18285.016499999998,18261.9945,18284.439000000002
2024-07-25 14:45:00+00:00,18283.939000000002,18287.566499999997,18268.428,18282.572
2024-07-25 14:50:00+00:00,18281.45,18295.566499999997,18281.45,18285.5
2024-07-25 14:55:00+00:00,18284.5,18294.5055,18275.95,18293.978
2024-07-25 15:00:00+00:00,18294.928,18296.9445,18281.4945,18293.483500000002
2024-07-25 15:05:00+00:00,18292.560999999998,18297.0055,18280.572,18292.0555
2024-07-25 15:10:00+00:00,18292.928,18314.989,18290.0,18309.489
2024-07-25 15:15:00+00:00,18309.0055,18328.0555,18307.4945,18321.5
2024-07-25 15:20:00+00:00,18321.0055,18323.05,18307.928,18315.066499999997
2024-07-25 15:25:00+00:00,18315.5,18315.5,18301.978,18303.478
2024-07-25 15:30:00+00:00,18305.0,18307.9945,18293.9945,18299.0
2024-07-25 15:35:00+00:00,18298.478,18307.4835,18291.0055,18307.4835
2024-07-25 15:40:00+00:00,18306.933500000003,18312.516499999998,18294.4445,18312.516499999998
2024-07-25 15:45:00+00:00,18311.9445,18319.511,18309.428,18309.428
2024-07-25 15:50:00+00:00,18309.989,18319.5,18303.0,18308.0
2024-07-25 15:55:00+00:00,18307.560999999998,18319.489,18301.4445,18317.0
2024-07-25 16:00:00+00:00,18316.5,18322.0555,18312.989,18320.016499999998
2024-07-25 16:05:00+00:00,18319.4445,18321.0,18302.5,18311.516499999998
2024-07-25 16:10:00+00:00,18310.489,18323.572,18306.433500000003,18321.011
2024-07-25 16:15:00+00:00,18320.516499999998,18334.011,18316.483500000002,18331.5
2024-07-25 16:20:00+00:00,18331.05,18341.5,18325.0,18338.5
2024-07-25 16:25:00+00:00,18337.9945,18340.522,18332.0,18335.0
2024-07-25 16:30:00+00:00,18335.572,18345.483500000002,18329.55,18335.566499999997
2024-07-25 16:35:00+00:00,18334.978,18346.522,18332.433500000003,18346.0555
2024-07-25 16:40:00+00:00,18346.489,18351.9835,18344.060999999998,18347.4835
2024-07-25 16:45:00+00:00,18349.566499999997,18350.5,18332.5,18334.0055
2024-07-25 16:50:00+00:00,18336.066499999997,18340.5,18329.9945,18339.511
2024-07-25 16:55:00+00:00,18341.5,18345.4945,18338.0,18342.489
2024-07-25 17:00:00+00:00,18344.5055,18357.4835,18342.4445,18351.4945
2024-07-25 17:05:00+00:00,18349.0055,18370.0,18348.5055,18369.5165
2024-07-25 17:10:00+00:00,18369.060999999998,18371.011,18350.478,18350.478
2024-07-25 17:15:00+00:00,18352.011,18352.9945,18335.45,18337.0055
2024-07-25 17:20:00+00:00,18337.9445,18343.4445,18320.433500000003,18322.0
2024-07-25 17:25:00+00:00,18322.55,18335.516499999998,18322.45,18329.989
2024-07-25 17:30:00+00:00,18327.0555,18334.011,18325.5055,18330.5
2024-07-25 17:35:00+00:00,18330.066499999997,18337.072,18325.433500000003,18335.489
2024-07-25 17:40:00+00:00,18336.560999999998,18342.060999999998,18333.9945,18338.428
2024-07-25 17:45:00+00:00,18338.939000000002,18340.0,18324.939000000002,18330.5
2024-07-25 17:50:00+00:00,18330.011,18337.5,18324.4445,18334.489
2024-07-25 17:55:00+00:00,18333.978,18351.572,18331.566499999997,18349.0
2024-07-25 18:00:00+00:00,18348.478,18349.0,18328.428,18333.428
2024-07-25 18:05:00+00:00,18334.0,18339.0055,18326.439000000002,18327.439000000002
2024-07-25 18:10:00+00:00,18328.011,18335.5,18322.4835,18331.5
2024-07-25 18:15:00+00:00,18332.0055,18335.5,18327.5,18333.428
2024-07-25 18:20:00+00:00,18332.989,18333.5,18319.0,18320.5
2024-07-25 18:25:00+00:00,18321.0165,18334.5,18320.9945,18324.5055
2024-07-25 18:30:00+00:00,18323.9945,18335.5055,18322.4835,18332.5
2024-07-25 18:35:00+00:00,18331.0165,18334.060999999998,18317.989,18325.5055
2024-07-25 18:40:00+00:00,18325.011,18327.072,18310.489,18311.489
2024-07-25 18:45:00+00:00,18312.0055,18312.9835,18286.9835,18289.5055
2024-07-25 18:50:00+00:00,18290.011,18294.0,18280.9945,18281.4945
2024-07-25 18:55:00+00:00,18280.939000000002,18296.060999999998,18280.4945,18284.439000000002
2024-07-25 19:00:00+00:00,18283.4945,18297.4945,18283.4945,18290.4945
2024-07-25 19:05:00+00:00,18289.989,18298.0055,18288.428,18291.060999999998
2024-07-25 19:10:00+00:00,18290.516499999998,18296.5,18284.428,18291.433500000003
2024-07-25 19:15:00+00:00,18292.011,18302.560999999998,18289.566499999997,18301.489
2024-07-25 19:20:00+00:00,18300.511,18325.016499999998,18298.5,18320.5055
2024-07-25 19:25:00+00:00,18319.5055,18334.566499999997,18318.4945,18322.5165
2024-07-25 19:30:00+00:00,18323.5,18324.566499999997,18309.9945,18313.4945
2024-07-25 19:35:00+00:00,18313.989,18314.4945,18295.989,18301.0055
2024-07-25 19:40:00+00:00,18301.478,18303.011,18290.011,18292.5055
2024-07-25 19:45:00+00:00,18291.95,18293.5555,18274.9945,18292.55
2024-07-25 19:50:00+00:00,18290.45,18290.45,18259.483500000002,18263.5
2024-07-25 19:55:00+00:00,18261.572,18270.060999999998,18256.4945,18262.928
2024-07-25 20:00:00+00:00,18262.011,18271.3055,18232.4945,18241.7055
2024-07-25 20:05:00+00:00,18240.9055,18255.2,18239.133500000004,18254.411
2024-07-25 20:10:00+00:00,18255.1945,18272.15,18251.911,18270.411
2024-07-25 22:00:00+00:00,18301.972,18301.972,18301.0,18301.5
2024-07-25 22:05:00+00:00,18301.883500000004,18307.0165,18288.35,18296.7945
2024-07-25 22:10:00+00:00,18296.016499999998,18305.016499999998,18295.678,18303.35
2024-07-25 22:15:00+00:00,18302.4,18305.011,18293.122,18293.9945
2024-07-25 22:20:00+00:00,18293.539,18300.7165,18289.8,18293.110999999997
2024-07-25 22:25:00+00:00,18292.3,18294.0,18286.4165,18288.0945
2024-07-25 22:30:00+00:00,18289.8055,18298.2,18289.8055,18297.4
2024-07-25 22:35:00+00:00,18296.489,18299.911,18292.7,18293.1665
2024-07-25 22:40:00+00:00,18293.5945,18294.860999999997,18288.911,18293.039
2024-07-25 22:45:00+00:00,18292.7,18295.189000000002,18291.35,18291.4
2024-07-25 22:50:00+00:00,18290.6,18290.6,18282.189000000002,18283.839
2024-07-25 22:55:00+00:00,18285.039,18287.222,18284.35,18284.639000000003
2024-07-25 23:00:00+00:00,18286.394500000002,18294.0555,18282.9445,18292.3055
2024-07-25 23:05:00+00:00,18293.1555,18294.066499999997,18290.539,18291.394500000002
2024-07-25 23:10:00+00:00,18290.9835,18291.4555,18288.116499999996,18288.116499999996
2024-07-25 23:15:00+00:00,18286.4055,18292.3,18285.4945,18289.789
2024-07-25 23:20:00+00:00,18288.8445,18298.2055,18288.8445,18297.4165
2024-07-25 23:25:00+00:00,18298.2555,18298.261,18293.1,18295.633500000004
2024-07-25 23:30:00+00:00,18295.144500000002,18299.05,18294.389000000003,18296.516499999998
2024-07-25 23:35:00+00:00,18295.722,18298.2,18295.683500000003,18297.411
2024-07-25 23:40:00+00:00,18298.266499999998,18299.0,18296.5,18298.2055
2024-07-25 23:45:00+00:00,18297.4165,18298.2055,18293.089,18294.789
2024-07-25 23:50:00+00:00,18294.05,18298.989,18294.0,18298.2555
2024-07-25 23:55:00+00:00,18298.989,18302.35,18296.5165,18301.65
2024-07-26 00:00:00+00:00,18300.7555,18307.5945,18298.9945,18306.8
2024-07-26 00:05:00+00:00,18307.605499999998,18316.9165,18307.55,18315.1945
2024-07-26 00:10:00+00:00,18316.105499999998,18323.9,18312.9165,18320.4555
2024-07-26 00:15:00+00:00,18295.9945,18303.439000000002,18284.478,18295.439000000002
2024-07-26 00:20:00+00:00,18295.0,18295.0,18281.0,18283.989
2024-07-26 00:25:00+00:00,18282.95,18286.989,18277.566499999997,18281.4945
2024-07-26 00:30:00+00:00,18280.933500000003,18281.566499999997,18276.0,18280.0055
2024-07-26 00:35:00+00:00,18279.55,18286.0,18279.55,18283.566499999997
2024-07-26 00:40:00+00:00,18283.95,18287.0055,18279.4945,18279.4945
2024-07-26 00:45:00+00:00,18278.9945,18281.0555,18271.989,18273.5165
2024-07-26 00:50:00+00:00,18274.072,18285.0055,18272.016499999998,18284.5
2024-07-26 00:55:00+00:00,18284.0,18285.522,18279.9945,18282.5
2024-07-26 01:00:00+00:00,18282.9945,18283.489,18276.0055,18282.5055
2024-07-26 01:05:00+00:00,18282.0055,18284.55,18275.489,18275.489
2024-07-26 01:10:00+00:00,18276.060999999998,18284.5055,18274.978,18283.4945
2024-07-26 01:15:00+00:00,18282.978,18285.5165,18279.0,18283.0055
2024-07-26 01:20:00+00:00,18283.511,18285.4945,18278.9445,18278.9445
2024-07-26 01:25:00+00:00,18279.478,18283.0055,18276.9945,18280.5165
2024-07-26 01:30:00+00:00,18281.072,18285.511,18277.5,18284.9835
2024-07-26 01:35:00+00:00,18284.4945,18293.0055,18284.016499999998,18289.9835
2024-07-26 01:40:00+00:00,18289.572,18296.516499999998,18288.483500000002,18290.0
2024-07-26 01:45:00+00:00,18289.5055,18294.572,18286.439000000002,18292.0
2024-07-26 01:50:00+00:00,18291.4945,18291.4945,18282.45,18287.0055
2024-07-26 01:55:00+00:00,18287.5,18291.0055,18285.0165,18289.978
2024-07-26 02:00:00+00:00,18291.0,18291.0,18285.55,18286.989
2024-07-26 02:05:00+00:00,18287.45,18290.0,18285.4445,18289.5
2024-07-26 02:10:00+00:00,18290.0055,18297.989,18290.0055,18293.0
2024-07-26 02:15:00+00:00,18292.016499999998,18296.05,18290.428,18294.4945
2024-07-26 02:20:00+00:00,18295.516499999998,18301.483500000002,18292.478,18294.0055
2024-07-26 02:25:00+00:00,18293.489,18300.5055,18290.489,18296.9945
2024-07-26 02:30:00+00:00,18296.0165,18296.0165,18288.5,18292.522
2024-07-26 02:35:00+00:00,18291.439000000002,18292.511,18288.433500000003,18290.05
2024-07-26 02:40:00+00:00,18289.4835,18291.516499999998,18286.95,18286.95
2024-07-26 02:45:00+00:00,18286.489,18290.4835,18286.433500000003,18287.4945
2024-07-26 02:50:00+00:00,18286.0,18291.0,18286.0,18289.5
2024-07-26 02:55:00+00:00,18289.933500000003,18291.0165,18285.0055,18286.022
2024-07-26 03:00:00+00:00,18286.4945,18295.428,18286.4945,18294.439000000002
2024-07-26 03:05:00+00:00,18295.5,18297.978,18284.9945,18284.9945
2024-07-26 03:10:00+00:00,18284.4835,18287.060999999998,18279.5,18284.0055
2024-07-26 03:15:00+00:00,18284.560999999998,18293.5,18284.560999999998,18291.928
2024-07-26 03:20:00+00:00,18292.5165,18294.060999999998,18291.5,18292.989
2024-07-26 03:25:00+00:00,18293.5,18296.928,18292.9945,18295.489
2024-07-26 03:30:00+00:00,18296.0,18296.5055,18285.5055,18285.5055
2024-07-26 03:35:00+00:00,18287.9945,18287.9945,18283.95,18285.5555
2024-07-26 03:40:00+00:00,18286.5,18289.45,18283.516499999998,18284.0055
2024-07-26 03:45:00+00:00,18284.5555,18284.5555,18279.511,18282.511
2024-07-26 03:50:00+00:00,18283.5055,18286.072,18281.439000000002,18285.072
2024-07-26 03:55:00+00:00,18285.4945,18289.0555,18285.4945,18289.0555
2024-07-26 04:00:00+00:00,18287.516499999998,18288.516499999998,18285.066499999997,18285.566499999997
2024-07-26 04:05:00+00:00,18287.4835,18293.072,18287.4835,18292.516499999998
2024-07-26 04:10:00+00:00,18293.0165,18293.0165,18285.433500000003,18286.0
2024-07-26 04:15:00+00:00,18286.489,18287.560999999998,18286.489,18287.560999999998
2024-07-26 04:20:00+00:00,18287.0055,18290.478,18287.0055,18290.478
2024-07-26 04:25:00+00:00,18289.0,18295.0055,18287.4945,18292.4945
2024-07-26 04:30:00+00:00,18293.5055,18297.0,18291.428,18296.4945
2024-07-26 04:35:00+00:00,18296.9835,18297.989,18295.5,18296.5
2024-07-26 04:40:00+00:00,18297.066499999997,18297.066499999997,18294.5,18294.978
2024-07-26 04:45:00+00:00,18295.5055,18297.516499999998,18294.4835,18297.439000000002
2024-07-26 04:50:00+00:00,18297.066499999997,18299.05,18292.489,18292.489
2024-07-26 04:55:00+00:00,18291.989,18297.4445,18287.9835,18288.55
2024-07-26 05:00:00+00:00,18289.011,18291.9945,18263.0,18275.4835
2024-07-26 05:05:00+00:00,18275.0,18283.989,18264.489,18264.489
2024-07-26 05:10:00+00:00,18263.989,18275.4945,18262.0055,18273.5
2024-07-26 05:15:00+00:00,18274.928,18276.0,18269.989,18273.022
2024-07-26 05:20:00+00:00,18273.4835,18276.5,18267.511,18271.983500000002
2024-07-26 05:25:00+00:00,18271.433500000003,18281.989,18271.433500000003,18279.439000000002
2024-07-26 05:30:00+00:00,18278.9945,18282.489,18273.9945,18281.5
2024-07-26 05:35:00+00:00,18281.011,18284.511,18269.483500000002,18269.483500000002
2024-07-26 05:40:00+00:00,18268.9835,18269.511,18253.05,18255.0
2024-07-26 05:45:00+00:00,18254.522,18256.933500000003,18247.0055,18249.011
2024-07-26 05:50:00+00:00,18248.566499999997,18263.0555,18247.511,18259.516499999998
2024-07-26 05:55:00+00:00,18260.066499999997,18261.060999999998,18251.066499999997,18254.0
2024-07-26 06:00:00+00:00,18253.560999999998,18256.0,18245.016499999998,18256.0
2024-07-26 06:05:00+00:00,18255.5055,18278.0055,18255.0,18278.0055
2024-07-26 06:10:00+00:00,18277.05,18286.011,18266.9835,18284.9945
2024-07-26 06:15:00+00:00,18284.0,18287.0055,18273.983500000002,18273.983500000002
2024-07-26 06:20:00+00:00,18272.933500000003,18280.928,18267.0,18272.9945
2024-07-26 06:25:00+00:00,18272.516499999998,18279.433500000003,18269.4945,18275.060999999998
2024-07-26 06:30:00+00:00,18275.5055,18275.5055,18260.939000000002,18265.0
2024-07-26 06:35:00+00:00,18265.9945,18272.572,18261.4835,18271.9835
2024-07-26 06:40:00+00:00,18271.433500000003,18285.939000000002,18270.989,18285.489
2024-07-26 06:45:00+00:00,18285.0055,18287.0165,18269.022,18269.022
2024-07-26 06:50:00+00:00,18268.060999999998,18281.5,18266.066499999997,18269.016499999998
2024-07-26 06:55:00+00:00,18269.9445,18271.95,18253.989,18261.4945
2024-07-26 07:00:00+00:00,18260.928,18260.928,18228.9835,18237.0
2024-07-26 07:05:00+00:00,18238.0055,18245.066499999997,18224.9835,18230.0165
2024-07-26 07:10:00+00:00,18231.0,18245.0,18215.9945,18243.983500000002
2024-07-26 07:15:00+00:00,18243.05,18262.478,18230.0,18230.989
2024-07-26 07:20:00+00:00,18230.511,18266.9835,18228.4835,18256.9445
2024-07-26 07:25:00+00:00,18258.0165,18283.522,18255.5055,18270.428
2024-07-26 07:30:00+00:00,18271.566499999997,18291.9945,18264.5,18287.0
2024-07-26 07:35:00+00:00,18288.0165,18293.5,18277.9445,18289.016499999998
2024-07-26 07:40:00+00:00,18287.928,18290.4945,18274.978,18282.9945
2024-07-26 07:45:00+00:00,18282.5,18296.011,18280.9835,18290.0055
2024-07-26 07:50:00+00:00,18291.066499999997,18306.066499999997,18290.060999999998,18303.0
2024-07-26 07:55:00+00:00,18303.4945,18321.022,18302.489,18313.011
2024-07-26 08:00:00+00:00,18313.478,18320.072,18292.989,18295.0555
2024-07-26 08:05:00+00:00,18294.0555,18317.060999999998,18292.0,18312.95
2024-07-26 08:10:00+00:00,18311.989,18323.072,18306.989,18314.066499999997
2024-07-26 08:15:00+00:00,18313.5555,18337.4945,18313.5555,18326.928
2024-07-26 08:20:00+00:00,18328.0165,18334.489,18321.989,18333.0165
2024-07-26 08:25:00+00:00,18333.5,18350.0165,18332.989,18349.572
2024-07-26 08:30:00+00:00,18349.022,18362.522,18344.511,18349.0
2024-07-26 08:35:00+00:00,18349.989,18355.011,18336.9945,18344.978
2024-07-26 08:40:00+00:00,18346.016499999998,18348.511,18335.5,18341.0055
2024-07-26 08:45:00+00:00,18342.072,18348.05,18333.989,18342.022
2024-07-26 08:50:00+00:00,18341.5055,18341.5055,18327.428,18329.0
2024-07-26 08:55:00+00:00,18328.016499999998,18346.5,18326.989,18343.933500000003
2024-07-26 09:00:00+00:00,18342.066499999997,18344.0,18324.5555,18326.95
2024-07-26 09:05:00+00:00,18325.022,18331.5055,18322.5555,18331.5055
2024-07-26 09:10:00+00:00,18332.0055,18334.011,18313.572,18318.5555
2024-07-26 09:15:00+00:00,18319.0165,18325.0055,18310.4945,18310.9945
2024-07-26 09:20:00+00:00,18312.0,18312.022,18299.983500000002,18304.022
2024-07-26 09:25:00+00:00,18302.9945,18304.483500000002,18284.5,18286.9945
2024-07-26 09:30:00+00:00,18288.511,18302.9835,18283.0055,18299.072
2024-07-26 09:35:00+00:00,18298.5165,18319.072,18298.5165,18318.011
2024-07-26 09:40:00+00:00,18316.9945,18318.022,18304.928,18311.5
2024-07-26 09:45:00+00:00,18311.9945,18319.0555,18310.978,18313.9445
2024-07-26 09:50:00+00:00,18315.066499999997,18339.0165,18310.011,18332.983500000002
2024-07-26 09:55:00+00:00,18334.011,18339.011,18329.0,18333.95
2024-07-26 10:00:00+00:00,18334.9445,18344.060999999998,18332.072,18341.9945
2024-07-26 10:05:00+00:00,18341.560999999998,18350.0,18338.9445,18346.522
2024-07-26 10:10:00+00:00,18347.011,18351.989,18336.939000000002,18343.0
2024-07-26 10:15:00+00:00,18342.5,18349.989,18336.0,18336.0
2024-07-26 10:20:00+00:00,18336.9945,18347.060999999998,18335.989,18341.011
2024-07-26 10:25:00+00:00,18342.011,18351.0,18341.0055,18347.072
2024-07-26 10:30:00+00:00,18348.016499999998,18356.566499999997,18346.5,18356.0
2024-07-26 10:35:00+00:00,18357.0,18360.4445,18347.9835,18353.0
2024-07-26 10:40:00+00:00,18352.0055,18362.072,18348.9945,18360.011
2024-07-26 10:45:00+00:00,18360.433500000003,18366.022,18356.478,18363.989
2024-07-26 10:50:00+00:00,18362.9945,18368.0055,18357.928,18367.0
2024-07-26 10:55:00+00:00,18366.016499999998,18370.0,18356.511,18357.9945
2024-07-26 11:00:00+00:00,18357.022,18362.0055,18346.060999999998,18349.989
2024-07-26 11:05:00+00:00,18349.522,18366.060999999998,18349.522,18366.060999999998
2024-07-26 11:10:00+00:00,18364.983500000002,18367.0555,18355.978,18357.0
2024-07-26 11:15:00+00:00,18357.522,18360.0,18350.0055,18352.060999999998
2024-07-26 11:20:00+00:00,18351.5165,18354.0,18340.011,18340.95
2024-07-26 11:25:00+00:00,18340.489,18353.0555,18335.5,18353.0
2024-07-26 11:30:00+00:00,18351.933500000003,18362.566499999997,18350.522,18361.933500000003
2024-07-26 11:35:00+00:00,18360.0165,18371.9445,18360.0165,18363.95
2024-07-26 11:40:00+00:00,18364.928,18368.560999999998,18361.0055,18366.572
2024-07-26 11:45:00+00:00,18365.511,18384.0055,18362.989,18382.45
2024-07-26 11:50:00+00:00,18382.9945,18393.4945,18380.5055,18392.0
2024-07-26 11:55:00+00:00,18393.0,18394.55,18382.45,18388.928
2024-07-26 12:00:00+00:00,18388.0,18392.0055,18385.5,18385.9945
2024-07-26 12:05:00+00:00,18384.95,18385.989,18376.939000000002,18385.011
2024-07-26 12:10:00+00:00,18385.9945,18394.511,18382.939000000002,18385.989
2024-07-26 12:15:00+00:00,18385.572,18387.489,18376.9835,18379.0555
2024-07-26 12:20:00+00:00,18379.489,18391.978,18379.0,18391.978
2024-07-26 12:25:00+00:00,18393.0,18396.5055,18379.933500000003,18385.060999999998
2024-07-26 12:30:00+00:00,18384.011,18394.0165,18366.989,18366.989
2024-07-26 12:35:00+00:00,18368.0,18374.0055,18359.928,18374.0055
2024-07-26 12:40:00+00:00,18374.5555,18378.5,18361.989,18367.5
2024-07-26 12:45:00+00:00,18368.5055,18375.072,18361.933500000003,18373.5
2024-07-26 12:50:00+00:00,18373.0,18384.0165,18369.95,18375.0055
2024-07-26 12:55:00+00:00,18375.489,18383.928,18369.011,18379.989
2024-07-26 13:00:00+00:00,18379.511,18382.0055,18367.933500000003,18370.572
2024-07-26 13:05:00+00:00,18371.0,18378.9835,18369.05,18375.989
2024-07-26 13:10:00+00:00,18375.5165,18376.5055,18368.566499999997,18371.428
2024-07-26 13:15:00+00:00,18372.0,18375.572,18354.572,18354.983500000002
2024-07-26 13:20:00+00:00,18354.511,18365.016499999998,18352.983500000002,18353.0055
2024-07-26 13:25:00+00:00,18353.5165,18363.0555,18349.5055,18353.072
2024-07-26 13:30:00+00:00,18354.0,18359.072,18341.511,18353.989
2024-07-26 13:35:00+00:00,18355.05,18369.478,18351.439000000002,18358.0055
2024-07-26 13:40:00+00:00,18358.978,18361.5055,18339.572,18359.0
2024-07-26 13:45:00+00:00,18360.022,18366.516499999998,18344.05,18349.0055
2024-07-26 13:50:00+00:00,18349.978,18366.9945,18347.989,18366.489
2024-07-26 13:55:00+00:00,18365.983500000002,18381.5,18365.983500000002,18378.9445
2024-07-26 14:00:00+00:00,18376.566499999997,18406.9945,18375.4945,18392.5
2024-07-26 14:05:00+00:00,18391.9945,18395.05,18368.5055,18370.011
2024-07-26 14:10:00+00:00,18369.5,18385.0,18359.011,18359.011
2024-07-26 14:15:00+00:00,18359.4445,18377.9945,18358.9445,18362.483500000002
2024-07-26 14:20:00+00:00,18363.572,18393.011,18363.0,18389.072
2024-07-26 14:25:00+00:00,18389.566499999997,18400.016499999998,18382.9835,18384.05
2024-07-26 14:30:00+00:00,18385.0,18390.572,18371.989,18375.011
2024-07-26 14:35:00+00:00,18376.011,18388.0555,18374.016499999998,18387.016499999998
2024-07-26 14:40:00+00:00,18387.511,18415.072,18386.5,18407.5055
2024-07-26 14:45:00+00:00,18408.5055,18424.572,18403.4945,18416.0055
2024-07-26 14:50:00+00:00,18415.0,18417.066499999997,18404.022,18411.939000000002
2024-07-26 14:55:00+00:00,18410.978,18423.4835,18401.066499999997,18420.933500000003
2024-07-26 15:00:00+00:00,18421.5555,18431.5055,18416.4445,18418.5
2024-07-26 15:05:00+00:00,18419.011,18429.5055,18416.5055,18426.0
2024-07-26 15:10:00+00:00,18424.933500000003,18428.572,18404.0055,18414.016499999998
2024-07-26 15:15:00+00:00,18414.983500000002,18420.066499999997,18408.989,18415.4945
2024-07-26 15:20:00+00:00,18414.511,18426.511,18412.0055,18421.428
2024-07-26 15:25:00+00:00,18421.0555,18426.483500000002,18416.989,18422.939000000002
2024-07-26 15:30:00+00:00,18421.4445,18429.5,18417.516499999998,18418.072
2024-07-26 15:35:00+00:00,18417.5,18433.522,18415.489,18430.5055
2024-07-26 15:40:00+00:00,18430.011,18430.560999999998,18420.0,18427.0555
2024-07-26 15:45:00+00:00,18428.433500000003,18436.428,18424.489,18436.428
2024-07-26 15:50:00+00:00,18437.0055,18441.9945,18435.5,18438.478
2024-07-26 15:55:00+00:00,18438.939000000002,18449.572,18436.483500000002,18447.5165
2024-07-26 16:00:00+00:00,18448.516499999998,18458.9945,18446.489,18456.4945
2024-07-26 16:05:00+00:00,18455.5055,18462.9945,18455.5055,18462.9945
2024-07-26 16:10:00+00:00,18462.4835,18464.060999999998,18444.022,18450.0
2024-07-26 16:15:00+00:00,18450.9445,18455.5165,18444.933500000003,18445.5055
2024-07-26 16:20:00+00:00,18444.478,18450.0,18441.978,18446.072
2024-07-26 16:25:00+00:00,18446.4945,18457.05,18445.989,18448.0055
2024-07-26 16:30:00+00:00,18448.522,18456.4945,18447.95,18448.9945
2024-07-26 16:35:00+00:00,18449.572,18452.0555,18443.433500000003,18451.989
2024-07-26 16:40:00+00:00,18451.4945,18463.060999999998,18449.983500000002,18461.9945
2024-07-26 16:45:00+00:00,18461.5055,18463.072,18450.989,18453.016499999998
2024-07-26 16:50:00+00:00,18453.489,18467.566499999997,18451.989,18463.4835
2024-07-26 16:55:00+00:00,18462.9945,18466.560999999998,18460.928,18464.9945
2024-07-26 17:00:00+00:00,18465.4945,18470.072,18461.572,18466.5
2024-07-26 17:05:00+00:00,18466.0,18469.011,18457.978,18461.0
2024-07-26 17:10:00+00:00,18461.9945,18472.016499999998,18460.9445,18463.0055
2024-07-26 17:15:00+00:00,18463.5555,18470.0,18463.0165,18467.511
2024-07-26 17:20:00+00:00,18467.983500000002,18473.0,18465.566499999997,18470.5055
2024-07-26 17:25:00+00:00,18471.0055,18476.511,18469.989,18475.0055
2024-07-26 17:30:00+00:00,18474.516499999998,18478.022,18458.0,18461.4835
2024-07-26 17:35:00+00:00,18460.983500000002,18460.983500000002,18428.5,18437.016499999998
2024-07-26 17:40:00+00:00,18437.9445,18445.072,18433.5055,18434.978
2024-07-26 17:45:00+00:00,18434.0,18451.9445,18432.978,18437.5055
2024-07-26 17:50:00+00:00,18436.5055,18446.011,18431.989,18444.9945
2024-07-26 17:55:00+00:00,18444.5055,18447.989,18438.9945,18444.983500000002
2024-07-26 18:00:00+00:00,18443.489,18452.016499999998,18442.428,18443.9945
2024-07-26 18:05:00+00:00,18443.511,18447.489,18437.978,18446.4945
2024-07-26 18:10:00+00:00,18447.05,18455.072,18445.489,18447.4835
2024-07-26 18:15:00+00:00,18448.4945,18453.011,18440.489,18441.9945
2024-07-26 18:20:00+00:00,18441.5,18449.439000000002,18438.0,18448.928
2024-07-26 18:25:00+00:00,18449.45,18453.9945,18444.478,18445.483500000002
2024-07-26 18:30:00+00:00,18446.060999999998,18451.011,18441.511,18450.5055
2024-07-26 18:35:00+00:00,18451.0,18453.522,18447.066499999997,18452.983500000002
2024-07-26 18:40:00+00:00,18453.55,18453.55,18430.439000000002,18445.0555
2024-07-26 18:45:00+00:00,18444.5055,18447.522,18438.560999999998,18443.066499999997
2024-07-26 18:50:00+00:00,18443.5055,18448.0055,18437.489,18439.5555
2024-07-26 18:55:00+00:00,18440.4945,18445.0055,18435.439000000002,18437.4945
2024-07-26 19:00:00+00:00,18438.0,18441.0,18434.016499999998,18436.011
2024-07-26 19:05:00+00:00,18435.5055,18442.5555,18429.560999999998,18441.9945
2024-07-26 19:10:00+00:00,18441.5055,18449.066499999997,18437.4445,18444.011
2024-07-26 19:15:00+00:00,18443.489,18445.0165,18432.016499999998,18439.0
2024-07-26 19:20:00+00:00,18438.0055,18446.0555,18436.989,18445.489
2024-07-26 19:25:00+00:00,18445.0,18453.522,18442.439000000002,18448.011
2024-07-26 19:30:00+00:00,18446.9945,18446.9945,18422.511,18428.4945
2024-07-26 19:35:00+00:00,18427.95,18435.489,18426.4835,18432.95
2024-07-26 19:40:00+00:00,18433.5555,18448.011,18431.9945,18447.983500000002
2024-07-26 19:45:00+00:00,18446.9945,18451.983500000002,18443.0,18449.4945
2024-07-26 19:50:00+00:00,18451.5055,18455.022,18434.4445,18436.9835
2024-07-26 19:55:00+00:00,18438.016499999998,18467.0,18433.511,18467.0
2024-07-29 00:00:00+00:00,18510.2,18512.7,18502.983500000002,18508.8445
2024-07-29 00:05:00+00:00,18507.933500000003,18516.5,18506.4055,18509.5945
2024-07-29 00:10:00+00:00,18510.439000000002,18511.4,18504.528,18508.85
2024-07-29 00:15:00+00:00,18504.066499999997,18508.066499999997,18491.4835,18502.9945
2024-07-29 00:20:00+00:00,18503.060999999998,18503.060999999998,18494.5055,18496.989
2024-07-29 00:25:00+00:00,18497.4945,18508.95,18497.4945,18500.45
2024-07-29 00:30:00+00:00,18500.989,18501.0055,18494.011,18496.939000000002
2024-07-29 00:35:00+00:00,18497.95,18501.989,18496.5055,18499.5055
2024-07-29 00:40:00+00:00,18501.5055,18512.05,18501.5055,18508.0055
2024-07-29 00:45:00+00:00,18509.0,18518.9445,18509.0,18514.9445
2024-07-29 00:50:00+00:00,18515.5,18535.066499999997,18515.060999999998,18530.0
2024-07-29 00:55:00+00:00,18529.0555,18531.489,18516.0,18518.95
2024-07-29 01:00:00+00:00,18519.483500000002,18521.0055,18511.9835,18518.0055
2024-07-29 01:05:00+00:00,18517.022,18520.9945,18502.478,18502.478
2024-07-29 01:10:00+00:00,18503.011,18513.0,18502.511,18509.066499999997
2024-07-29 01:15:00+00:00,18510.0,18520.5,18509.0,18516.5055
2024-07-29 01:20:00+00:00,18516.9945,18518.022,18506.5,18507.4945
2024-07-29 01:25:00+00:00,18507.9945,18515.0555,18504.0,18510.989
2024-07-29 01:30:00+00:00,18511.4445,18525.560999999998,18507.511,18522.560999999998
2024-07-29 01:35:00+00:00,18523.572,18523.572,18509.066499999997,18512.572
2024-07-29 01:40:00+00:00,18511.5555,18513.0055,18506.55,18507.9445
2024-07-29 01:45:00+00:00,18507.522,18510.0055,18503.95,18506.011
2024-07-29 01:50:00+00:00,18506.566499999997,18509.989,18500.489,18507.0
2024-07-29 01:55:00+00:00,18506.4945,18512.433500000003,18503.55,18508.9445
2024-07-29 02:00:00+00:00,18509.5,18512.5555,18506.572,18507.0165
2024-07-29 02:05:00+00:00,18507.45,18510.5,18504.5,18504.95
2024-07-29 02:10:00+00:00,18505.511,18510.989,18499.5055,18508.0555
2024-07-29 02:15:00+00:00,18507.5055,18510.4835,18504.928,18510.4835
2024-07-29 02:20:00+00:00,18510.072,18512.489,18505.478,18508.572
2024-07-29 02:25:00+00:00,18508.016499999998,18512.5165,18504.939000000002,18512.0
2024-07-29 02:30:00+00:00,18511.5,18512.511,18505.5055,18507.5055
2024-07-29 02:35:00+00:00,18508.511,18509.5055,18506.0165,18508.439000000002
2024-07-29 02:40:00+00:00,18508.9945,18510.0165,18504.9945,18505.011
2024-07-29 02:45:00+00:00,18505.4445,18506.066499999997,18498.939000000002,18501.5165
2024-07-29 02:50:00+00:00,18501.9945,18503.983500000002,18499.5055,18502.9945
2024-07-29 02:55:00+00:00,18502.522,18503.0055,18499.928,18499.928
2024-07-29 03:00:00+00:00,18500.5055,18502.511,18498.0055,18499.0555
2024-07-29 03:05:00+00:00,18499.5,18501.4945,18499.0055,18500.0165
2024-07-29 03:10:00+00:00,18500.95,18502.55,18498.439000000002,18499.939000000002
2024-07-29 03:15:00+00:00,18501.0055,18501.0055,18495.0,18495.0
2024-07-29 03:20:00+00:00,18496.05,18496.05,18492.5165,18494.516499999998
2024-07-29 03:25:00+00:00,18495.0055,18495.5055,18492.95,18493.0555
2024-07-29 03:30:00+00:00,18493.55,18495.9945,18493.55,18494.9945
2024-07-29 03:35:00+00:00,18495.928,18501.439000000002,18494.0,18500.9945
2024-07-29 03:40:00+00:00,18501.5,18504.0,18499.4445,18503.5055
2024-07-29 03:45:00+00:00,18504.0165,18507.572,18501.428,18501.428
2024-07-29 03:50:00+00:00,18501.989,18502.516499999998,18498.4945,18499.5
2024-07-29 03:55:00+00:00,18499.928,18503.9445,18498.5,18501.072
2024-07-29 04:00:00+00:00,18501.511,18503.5,18501.5,18503.0165
2024-07-29 04:05:00+00:00,18501.511,18504.511,18501.5055,18504.0
2024-07-29 04:10:00+00:00,18503.0165,18505.4945,18502.928,18502.928
2024-07-29 04:15:00+00:00,18502.5055,18507.5,18502.478,18507.0
2024-07-29 04:20:00+00:00,18507.489,18508.011,18505.0,18505.5
2024-07-29 04:25:00+00:00,18505.016499999998,18507.489,18500.05,18500.989
2024-07-29 04:30:00+00:00,18501.478,18501.4945,18498.989,18499.011
2024-07-29 04:35:00+00:00,18498.5,18499.072,18496.989,18497.9945
2024-07-29 04:40:00+00:00,18499.072,18500.060999999998,18495.0,18495.0055
2024-07-29 04:45:00+00:00,18495.560999999998,18497.022,18494.928,18495.989
2024-07-29 04:50:00+00:00,18495.0055,18495.0055,18489.95,18491.0055
2024-07-29 04:55:00+00:00,18491.511,18495.489,18489.5,18495.489
2024-07-29 05:00:00+00:00,18494.572,18498.060999999998,18494.5555,18495.45
2024-07-29 05:05:00+00:00,18497.489,18498.9945,18496.4445,18496.9945
2024-07-29 05:10:00+00:00,18496.511,18507.45,18496.511,18504.522
2024-07-29 05:15:00+00:00,18503.428,18505.560999999998,18498.439000000002,18499.5055
2024-07-29 05:20:00+00:00,18499.9945,18507.0,18499.4945,18500.4945
2024-07-29 05:25:00+00:00,18501.05,18516.5055,18501.05,18516.060999999998
2024-07-29 05:30:00+00:00,18516.489,18516.489,18509.511,18514.5055
2024-07-29 05:35:00+00:00,18514.939000000002,18515.478,18510.483500000002,18512.0
2024-07-29 05:40:00+00:00,18511.5055,18511.5055,18501.5,18507.5
2024-07-29 05:45:00+00:00,18507.9945,18508.5055,18496.522,18496.5555
2024-07-29 05:50:00+00:00,18497.0,18497.0165,18492.428,18492.428
2024-07-29 05:55:00+00:00,18493.439000000002,18499.511,18492.433500000003,18498.428
2024-07-29 06:00:00+00:00,18498.489,18502.0555,18494.516499999998,18497.5
2024-07-29 06:05:00+00:00,18497.0555,18497.0555,18475.0,18479.983500000002
2024-07-29 06:10:00+00:00,18480.439000000002,18494.0055,18478.0555,18492.433500000003
2024-07-29 06:15:00+00:00,18493.0,18500.4945,18490.9445,18498.433500000003
2024-07-29 06:20:00+00:00,18498.928,18508.55,18493.478,18501.489
2024-07-29 06:25:00+00:00,18501.9945,18520.0,18500.5,18514.5
2024-07-29 06:30:00+00:00,18515.0165,18515.511,18503.433500000003,18507.45
2024-07-29 06:35:00+00:00,18508.0055,18514.428,18506.489,18509.0055
2024-07-29 06:40:00+00:00,18508.5055,18512.066499999997,18504.560999999998,18508.066499999997
2024-07-29 06:45:00+00:00,18507.478,18511.5055,18505.5055,18509.5
2024-07-29 06:50:00+00:00,18508.516499999998,18516.978,18501.439000000002,18501.439000000002
2024-07-29 06:55:00+00:00,18501.9835,18511.5165,18501.45,18510.4945
2024-07-29 07:00:00+00:00,18511.478,18546.928,18504.5555,18529.511
2024-07-29 07:05:00+00:00,18528.483500000002,18535.5,18510.0165,18526.4945
2024-07-29 07:10:00+00:00,18527.55,18531.5165,18500.060999999998,18500.978
2024-07-29 07:15:00+00:00,18501.4835,18507.572,18477.9445,18484.489
2024-07-29 07:20:00+00:00,18482.439000000002,18495.5055,18480.433500000003,18494.572
2024-07-29 07:25:00+00:00,18495.4945,18504.560999999998,18482.516499999998,18484.5165
2024-07-29 07:30:00+00:00,18485.433500000003,18496.4,18474.9945,18483.8445
2024-07-29 07:35:00+00:00,18484.3445,18484.894500000002,18462.85,18475.878
2024-07-29 07:40:00+00:00,18475.4055,18481.961,18468.878,18477.9055
2024-07-29 07:45:00+00:00,18476.878,18487.911,18458.378,18461.9
2024-07-29 07:50:00+00:00,18461.4055,18463.9165,18444.878,18450.878
2024-07-29 07:55:00+00:00,18449.411,18452.972,18432.4165,18437.9665
2024-07-29 08:00:00+00:00,18436.4055,18453.972,18431.8445,18449.911
2024-07-29 08:05:00+00:00,18450.9665,18460.972,18439.9055,18457.894500000002
2024-07-29 08:10:00+00:00,18456.4055,18461.894500000002,18442.894500000002,18453.9
2024-07-29 08:15:00+00:00,18454.35,18468.911,18453.878,18456.9665
2024-07-29 08:20:00+00:00,18455.9165,18455.9165,18438.8445,18446.9165
2024-07-29 08:25:00+00:00,18444.911,18448.9665,18436.45,18448.339
2024-07-29 08:30:00+00:00,18448.878,18449.35,18432.894500000002,18433.9
2024-07-29 08:35:00+00:00,18433.389000000003,18438.9,18422.4,18422.839
2024-07-29 08:40:00+00:00,18423.911,18435.911,18421.35,18433.9
2024-07-29 08:45:00+00:00,18433.4055,18440.411,18418.972,18431.889000000003
2024-07-29 08:50:00+00:00,18430.9055,18432.411,18420.8335,18429.889000000003
2024-07-29 08:55:00+00:00,18428.8835,18443.4,18427.3835,18439.961
2024-07-29 09:00:00+00:00,18438.8835,18444.883500000004,18429.8835,18442.4
2024-07-29 09:05:00+00:00,18441.9055,18443.889000000003,18427.9055,18429.339
2024-07-29 09:10:00+00:00,18429.9,18432.9055,18423.9,18426.9
2024-07-29 09:15:00+00:00,18427.4,18433.883500000004,18423.922,18430.911
2024-07-29 09:20:00+00:00,18430.4055,18449.411,18430.4055,18449.394500000002
2024-07-29 09:25:00+00:00,18448.911,18460.961,18441.894500000002,18460.961
2024-07-29 09:30:00+00:00,18461.922,18465.8335,18451.828,18460.8835
2024-07-29 09:35:00+00:00,18461.9165,18478.716500000002,18460.8835,18478.716500000002
2024-07-29 09:40:00+00:00,18479.7,18486.633500000004,18476.133500000004,18485.689000000002
2024-07-29 09:45:00+00:00,18485.2,18495.7,18483.711,18490.689000000002
2024-07-29 09:50:00+00:00,18491.1945,18500.128,18488.6945,18490.7555
2024-07-29 09:55:00+00:00,18491.772,18496.7,18487.6945,18491.133500000004
2024-07-29 10:00:00+00:00,18490.144500000002,18494.211,18484.6945,18487.628
2024-07-29 10:05:00+00:00,18486.75,18492.272,18485.139000000003,18488.6945
2024-07-29 10:10:00+00:00,18489.266499999998,18491.2055,18484.2055,18490.7055
2024-07-29 10:15:00+00:00,18490.2,18499.7165,18486.628,18498.639000000003
2024-07-29 10:20:00+00:00,18497.683500000003,18500.711,18495.633500000004,18498.6945
2024-07-29 10:25:00+00:00,18499.772,18505.1945,18498.6835,18499.6945
2024-07-29 10:30:00+00:00,18501.75,18505.272,18498.2,18499.628
2024-07-29 10:35:00+00:00,18498.689000000002,18499.7055,18491.2,18496.633500000004
2024-07-29 10:40:00+00:00,18496.1945,18498.183500000003,18489.2,18494.689000000002
2024-07-29 10:45:00+00:00,18493.683500000003,18495.772,18489.266499999998,18490.689000000002
2024-07-29 10:50:00+00:00,18489.6945,18489.711,18479.75,18487.1945
2024-07-29 10:55:00+00:00,18486.139000000003,18487.1945,18476.189000000002,18479.2
2024-07-29 11:00:00+00:00,18477.639000000003,18480.222,18466.678,18470.772
2024-07-29 11:05:00+00:00,18471.766499999998,18472.139000000003,18461.689000000002,18462.7055
2024-07-29 11:10:00+00:00,18463.7,18467.2,18451.15,18452.7
2024-07-29 11:15:00+00:00,18451.711,18470.689000000002,18450.7,18470.689000000002
2024-07-29 11:20:00+00:00,18469.683500000003,18477.189000000002,18461.644500000002,18474.678
2024-07-29 11:25:00+00:00,18473.7055,18483.6945,18465.639000000003,18481.7
2024-07-29 11:30:00+00:00,18482.7555,18482.7555,18472.7055,18475.689000000002
2024-07-29 11:35:00+00:00,18476.189000000002,18478.7055,18468.633500000004,18471.189000000002
2024-07-29 11:40:00+00:00,18470.639000000003,18479.722,18466.722,18468.678
2024-07-29 11:45:00+00:00,18467.766499999998,18473.7055,18462.7,18468.394500000002
2024-07-29 11:50:00+00:00,18467.411,18471.472,18456.4,18456.4055
2024-07-29 11:55:00+00:00,18457.4165,18461.4165,18450.472,18458.4165
2024-07-29 12:00:00+00:00,18458.894500000002,18463.472,18449.35,18452.4055
2024-07-29 12:05:00+00:00,18453.4,18461.4165,18448.4,18461.339
2024-07-29 12:10:00+00:00,18460.394500000002,18462.4,18451.883500000004,18451.883500000004
2024-07-29 12:15:00+00:00,18452.3335,18453.4055,18442.8335,18444.3445
2024-07-29 12:20:00+00:00,18443.4055,18448.339,18441.389000000003,18446.4
2024-07-29 12:25:00+00:00,18447.383500000004,18459.4,18446.45,18459.4
2024-07-29 12:30:00+00:00,18459.894500000002,18476.4,18459.894500000002,18472.389000000003
2024-07-29 12:35:00+00:00,18473.35,18481.4165,18464.4,18476.383500000004
2024-07-29 12:40:00+00:00,18475.411,18476.4165,18465.911,18476.4
2024-07-29 12:45:00+00:00,18477.328,18479.4,18469.4665,18472.389000000003
2024-07-29 12:50:00+00:00,18471.894500000002,18472.4,18460.4055,18461.4165
2024-07-29 12:55:00+00:00,18461.889000000003,18462.4,18441.394500000002,18441.394500000002
2024-07-29 13:00:00+00:00,18439.9665,18441.411,18420.3335,18423.4055
2024-07-29 13:05:00+00:00,18422.8445,18422.8445,18410.389000000003,18411.4
2024-07-29 13:10:00+00:00,18412.389000000003,18416.8335,18403.8445,18416.8335
2024-07-29 13:15:00+00:00,18416.4,18418.883500000004,18407.9,18408.394500000002
2024-07-29 13:20:00+00:00,18407.961,18415.411,18399.461,18402.9
2024-07-29 13:25:00+00:00,18402.472,18409.45,18397.389000000003,18406.911
2024-07-29 13:30:00+00:00,18406.461,18411.4055,18387.9165,18388.9055
2024-07-29 13:35:00+00:00,18388.389000000003,18398.4,18386.85,18395.3335
2024-07-29 13:40:00+00:00,18394.828,18402.8335,18387.889000000003,18399.9
2024-07-29 13:45:00+00:00,18399.4,18409.889000000003,18383.4055,18385.4055
2024-07-29 13:50:00+00:00,18386.4,18391.4055,18372.4555,18387.411
2024-07-29 13:55:00+00:00,18386.328,18408.45,18384.9055,18406.4165
2024-07-29 14:00:00+00:00,18403.9055,18416.9,18392.828,18397.4
2024-07-29 14:05:00+00:00,18396.472,18403.461,18383.328,18384.389000000003
2024-07-29 14:10:00+00:00,18385.3445,18385.3445,18364.339,18364.339
2024-07-29 14:15:00+00:00,18365.4055,18379.4665,18361.3335,18364.45
2024-07-29 14:20:00+00:00,18365.45,18372.4555,18358.4055,18359.9555
2024-07-29 14:25:00+00:00,18359.4,18360.394500000002,18341.878,18345.472
2024-07-29 14:30:00+00:00,18344.9,18345.4,18313.9,18314.3335
2024-07-29 14:35:00+00:00,18315.45,18340.35,18313.3835,18333.4
2024-07-29 14:40:00+00:00,18334.4555,18344.4165,18329.9,18331.394500000002
2024-07-29 14:45:00+00:00,18333.3445,18336.472,18314.9055,18315.9165
2024-07-29 14:50:00+00:00,18315.389000000003,18326.4555,18313.3445,18318.4055
2024-07-29 14:55:00+00:00,18319.85,18331.889000000003,18318.4055,18325.394500000002
2024-07-29 15:00:00+00:00,18326.328,18327.394500000002,18313.3445,18320.35
2024-07-29 15:05:00+00:00,18321.4,18321.8835,18310.878,18315.394500000002
2024-07-29 15:10:00+00:00,18315.85,18319.472,18308.878,18314.922
2024-07-29 15:15:00+00:00,18315.4,18323.961,18310.8335,18318.461
2024-07-29 15:20:00+00:00,18319.4665,18326.894500000002,18311.911,18318.389000000003
2024-07-29 15:25:00+00:00,18318.8445,18327.411,18318.339,18326.4055
2024-07-29 15:30:00+00:00,18324.4,18326.4,18308.972,18317.3835
2024-07-29 15:35:00+00:00,18317.922,18332.4,18311.889000000003,18330.328
2024-07-29 15:40:00+00:00,18329.339,18341.922,18327.339,18338.4055
2024-07-29 15:45:00+00:00,18337.911,18362.411,18337.35,18361.85
2024-07-29 15:50:00+00:00,18361.45,18363.4165,18350.828,18352.4
2024-07-29 15:55:00+00:00,18353.461,18362.4665,18352.8835,18359.8445
2024-07-29 16:00:00+00:00,18360.4,18369.461,18360.339,18364.35
2024-07-29 16:05:00+00:00,18365.389000000003,18377.411,18365.389000000003,18372.911
2024-07-29 16:10:00+00:00,18372.4055,18380.4055,18369.45,18380.4055
2024-07-29 16:15:00+00:00,18379.4055,18383.4,18374.889000000003,18378.422
2024-07-29 16:20:00+00:00,18379.472,18381.8335,18376.3445,18377.4
2024-07-29 16:25:00+00:00,18376.9,18376.9,18362.383500000004,18363.389000000003
2024-07-29 16:30:00+00:00,18364.4555,18376.3335,18363.4055,18363.4055
2024-07-29 16:35:00+00:00,18364.45,18371.422,18363.328,18367.9055
2024-07-29 16:40:00+00:00,18368.4055,18375.4055,18367.3335,18373.4055
2024-07-29 16:45:00+00:00,18372.911,18376.4665,18371.378,18373.8445
2024-07-29 16:50:00+00:00,18374.35,18375.461,18361.972,18369.4165
2024-07-29 16:55:00+00:00,18368.8445,18375.839,18367.4055,18371.3445
2024-07-29 17:00:00+00:00,18370.85,18371.411,18362.883500000004,18364.85
2024-07-29 17:05:00+00:00,18364.472,18368.85,18362.9,18367.339
2024-07-29 17:10:00+00:00,18366.9,18381.9055,18366.3445,18375.394500000002
2024-07-29 17:15:00+00:00,18375.894500000002,18377.422,18364.383500000004,18370.9
2024-07-29 17:20:00+00:00,18370.389000000003,18371.411,18361.8445,18366.4055
2024-07-29 17:25:00+00:00,18365.883500000004,18367.45,18355.394500000002,18355.394500000002
2024-07-29 17:30:00+00:00,18355.889000000003,18360.394500000002,18350.328,18353.9055
2024-07-29 17:35:00+00:00,18354.4665,18361.389000000003,18352.328,18361.389000000003
2024-07-29 17:40:00+00:00,18362.3835,18367.411,18358.9,18360.4055
2024-07-29 17:45:00+00:00,18361.4055,18366.461,18359.4,18360.378
2024-07-29 17:50:00+00:00,18359.95,18364.9165,18356.878,18359.422
2024-07-29 17:55:00+00:00,18359.8835,18366.394500000002,18356.878,18362.9
2024-07-29 18:00:00+00:00,18363.4555,18363.4555,18353.883500000004,18358.4
2024-07-29 18:05:00+00:00,18358.9,18365.411,18358.9,18363.9055
2024-07-29 18:10:00+00:00,18363.394500000002,18370.394500000002,18360.378,18367.411
2024-07-29 18:15:00+00:00,18366.9055,18367.4165,18355.889000000003,18363.378
2024-07-29 18:20:00+00:00,18362.9,18367.828,18359.389000000003,18359.394500000002
2024-07-29 18:25:00+00:00,18359.9,18362.9,18358.3835,18360.9
2024-07-29 18:30:00+00:00,18360.394500000002,18361.8835,18353.389000000003,18358.911
2024-07-29 18:35:00+00:00,18359.461,18360.4055,18353.878,18354.3835
2024-07-29 18:40:00+00:00,18354.9,18362.4,18354.389000000003,18357.4
2024-07-29 18:45:00+00:00,18356.911,18358.894500000002,18349.35,18353.894500000002
2024-07-29 18:50:00+00:00,18354.411,18354.894500000002,18344.9055,18345.394500000002
2024-07-29 18:55:00+00:00,18346.9165,18360.394500000002,18345.894500000002,18356.883500000004
2024-07-29 19:00:00+00:00,18356.3335,18364.472,18352.339,18359.4055
2024-07-29 19:05:00+00:00,18359.972,18363.4055,18353.889000000003,18354.472
2024-07-29 19:10:00+00:00,18355.328,18361.45,18355.328,18358.8835
2024-07-29 19:15:00+00:00,18358.422,18359.411,18352.394500000002,18356.411
2024-07-29 19:20:00+00:00,18357.4055,18362.9665,18353.9055,18361.394500000002
2024-07-29 19:25:00+00:00,18360.911,18364.461,18356.4,18363.4
2024-07-29 19:30:00+00:00,18364.4,18368.411,18361.3445,18367.4165
2024-07-29 19:35:00+00:00,18367.9165,18374.9,18366.328,18372.894500000002
2024-07-29 19:40:00+00:00,18372.3445,18377.9665,18370.8335,18376.394500000002
2024-07-29 19:45:00+00:00,18375.95,18378.9055,18374.894500000002,18377.383500000004
2024-07-29 19:50:00+00:00,18377.95,18381.972,18365.889000000003,18367.839
2024-07-29 19:55:00+00:00,18368.394500000002,18370.422,18355.394500000002,18357.411
2024-07-29 20:00:00+00:00,18357.4165,18364.9945,18348.933500000003,18349.85
2024-07-29 20:05:00+00:00,18350.722,18356.672,18349.866499999996,18354.0165
2024-07-29 20:10:00+00:00,18354.889000000003,18354.9055,18348.989,18352.328
2024-07-29 22:00:00+00:00,18376.9055,18377.394500000002,18370.478,18374.7
2024-07-29 22:05:00+00:00,18373.8,18374.761,18370.439000000002,18373.0
2024-07-29 22:10:00+00:00,18373.328,18373.7945,18364.9445,18366.589
2024-07-29 22:15:00+00:00,18367.105499999998,18370.066499999997,18364.9835,18367.15
2024-07-29 22:20:00+00:00,18366.610999999997,18368.3,18364.9945,18365.8
2024-07-29 22:25:00+00:00,18366.6,18368.2945,18365.810999999998,18368.2945
2024-07-29 22:30:00+00:00,18367.9665,18368.511,18359.3,18360.566499999997
2024-07-29 22:35:00+00:00,18360.1,18361.8165,18357.6,18360.122
2024-07-29 22:40:00+00:00,18360.883500000004,18361.411,18353.3335,18354.15
2024-07-29 22:45:00+00:00,18355.105499999998,18360.894500000002,18355.105499999998,18359.228
2024-07-29 22:50:00+00:00,18358.45,18359.3,18357.6665,18359.2945
2024-07-29 22:55:00+00:00,18358.383500000004,18360.922,18357.610999999997,18360.894500000002
2024-07-29 23:00:00+00:00,18361.3445,18361.733500000002,18355.911,18357.589
2024-07-29 23:05:00+00:00,18356.722,18356.722,18326.5055,18328.2
2024-07-29 23:10:00+00:00,18329.1,18331.6555,18321.433500000003,18329.105499999998
2024-07-29 23:15:00+00:00,18329.8445,18329.8445,18323.539,18326.5
2024-07-29 23:20:00+00:00,18326.989,18329.1555,18326.5,18327.45
2024-07-29 23:25:00+00:00,18326.5,18327.411,18322.8055,18324.894500000002
2024-07-29 23:30:00+00:00,18325.644500000002,18330.761,18323.983500000002,18329.9055
2024-07-29 23:35:00+00:00,18330.35,18330.7055,18325.711,18326.428
2024-07-29 23:40:00+00:00,18325.633500000004,18327.378,18308.9,18309.3055
2024-07-29 23:45:00+00:00,18309.7945,18317.360999999997,18308.9,18309.35
2024-07-29 23:50:00+00:00,18309.9,18312.605499999998,18300.922,18305.516499999998
2024-07-29 23:55:00+00:00,18306.4,18315.661,18306.328,18313.105499999998
2024-07-30 00:00:00+00:00,18312.189000000002,18313.1555,18305.328,18311.316499999997
2024-07-30 00:05:00+00:00,18310.883500000004,18317.105499999998,18305.894500000002,18307.7835
2024-07-30 00:10:00+00:00,18308.1835,18314.3055,18306.8835,18312.810999999998
2024-07-30 00:15:00+00:00,18326.9055,18326.9055,18301.9,18303.328
2024-07-30 00:20:00+00:00,18303.894500000002,18305.9665,18301.894500000002,18303.411
2024-07-30 00:25:00+00:00,18302.9,18309.4165,18302.9,18308.911
2024-07-30 00:30:00+00:00,18309.4165,18311.9,18298.9165,18303.9
2024-07-30 00:35:00+00:00,18302.4,18308.972,18302.394500000002,18303.972
2024-07-30 00:40:00+00:00,18305.411,18313.889000000003,18305.411,18311.4
2024-07-30 00:45:00+00:00,18312.9,18313.4165,18307.911,18312.972
2024-07-30 00:50:00+00:00,18312.394500000002,18313.9665,18309.85,18313.4165
2024-07-30 00:55:00+00:00,18314.9,18321.378,18314.9,18317.4665
2024-07-30 01:00:00+00:00,18317.889000000003,18319.4165,18304.394500000002,18304.9
2024-07-30 01:05:00+00:00,18306.4555,18306.4555,18296.9,18299.9665
2024-07-30 01:10:00+00:00,18301.883500000004,18311.894500000002,18301.883500000004,18306.411
2024-07-30 01:15:00+00:00,18305.9,18306.4055,18297.394500000002,18301.3835
2024-07-30 01:20:00+00:00,18302.9055,18307.389000000003,18299.894500000002,18299.894500000002
2024-07-30 01:25:00+00:00,18300.4,18300.839,18289.9165,18293.328
2024-07-30 01:30:00+00:00,18292.4555,18295.4165,18289.828,18294.4055
2024-07-30 01:35:00+00:00,18293.8445,18293.9,18276.4,18284.4
2024-07-30 01:40:00+00:00,18284.9055,18286.8835,18273.889000000003,18277.878
2024-07-30 01:45:00+00:00,18277.4,18277.4,18271.8445,18273.389000000003
2024-07-30 01:50:00+00:00,18272.95,18274.472,18266.411,18270.828
2024-07-30 01:55:00+00:00,18269.9165,18274.839,18267.922,18274.411
2024-07-30 02:00:00+00:00,18274.961,18275.3835,18267.461,18272.3835
2024-07-30 02:05:00+00:00,18272.961,18282.4165,18270.4,18281.328
2024-07-30 02:10:00+00:00,18280.889000000003,18285.461,18279.3445,18282.889000000003
2024-07-30 02:15:00+00:00,18283.378,18287.972,18279.889000000003,18279.972
2024-07-30 02:20:00+00:00,18280.4,18284.9165,18279.389000000003,18279.889000000003
2024-07-30 02:25:00+00:00,18279.3445,18279.3445,18272.339,18272.911
2024-07-30 02:30:00+00:00,18273.3445,18277.9,18272.894500000002,18274.894500000002
2024-07-30 02:35:00+00:00,18274.383500000004,18277.95,18265.9,18274.389000000003
2024-07-30 02:40:00+00:00,18273.9,18277.911,18269.9,18276.9055
2024-07-30 02:45:00+00:00,18276.461,18278.461,18276.3335,18277.922
2024-07-30 02:50:00+00:00,18278.4,18280.961,18278.4,18280.961
2024-07-30 02:55:00+00:00,18280.389000000003,18280.9055,18278.9555,18280.894500000002
2024-07-30 03:00:00+00:00,18280.4165,18282.3835,18279.894500000002,18282.3835
2024-07-30 03:05:00+00:00,18282.889000000003,18288.894500000002,18281.472,18288.394500000002
2024-07-30 03:10:00+00:00,18288.839,18300.911,18288.411,18299.889000000003
2024-07-30 03:15:00+00:00,18299.4,18304.389000000003,18293.394500000002,18296.911
2024-07-30 03:20:00+00:00,18297.4,18300.394500000002,18293.839,18296.4055
2024-07-30 03:25:00+00:00,18296.9665,18300.894500000002,18293.878,18295.4055
2024-07-30 03:30:00+00:00,18296.3445,18298.972,18295.4,18297.422
2024-07-30 03:35:00+00:00,18297.9165,18304.4165,18296.389000000003,18302.9
2024-07-30 03:40:00+00:00,18303.4055,18306.4055,18300.4165,18305.4
2024-07-30 03:45:00+00:00,18304.911,18311.9055,18304.911,18310.4
2024-07-30 03:50:00+00:00,18310.9055,18312.328,18307.411,18312.328
2024-07-30 03:55:00+00:00,18311.828,18311.9665,18307.4165,18310.3835
2024-07-30 04:00:00+00:00,18310.9055,18324.472,18310.9055,18324.4
2024-07-30 04:05:00+00:00,18323.894500000002,18325.9165,18322.3445,18322.4
2024-07-30 04:10:00+00:00,18323.4665,18332.383500000004,18322.394500000002,18329.461
2024-07-30 04:15:00+00:00,18328.9055,18329.461,18323.4165,18323.4165
2024-07-30 04:20:00+00:00,18323.8835,18333.911,18323.389000000003,18331.8835
2024-07-30 04:25:00+00:00,18331.4,18334.894500000002,18327.8335,18334.894500000002
2024-07-30 04:30:00+00:00,18335.4055,18338.9165,18330.378,18330.389000000003
2024-07-30 04:35:00+00:00,18329.911,18330.9055,18326.3335,18328.9555
2024-07-30 04:40:00+00:00,18329.4,18335.461,18325.8835,18335.461
2024-07-30 04:45:00+00:00,18334.4,18334.4,18326.394500000002,18328.3445
2024-07-30 04:50:00+00:00,18327.972,18334.389000000003,18325.85,18333.9
2024-07-30 04:55:00+00:00,18333.394500000002,18337.394500000002,18329.9,18333.9665
2024-07-30 05:00:00+00:00,18334.911,18337.839,18330.394500000002,18335.95
2024-07-30 05:05:00+00:00,18335.4055,18341.9055,18330.8335,18337.4
2024-07-30 05:10:00+00:00,18336.3335,18337.4165,18324.889000000003,18329.3835
2024-07-30 05:15:00+00:00,18328.422,18338.9,18327.35,18335.9555
2024-07-30 05:20:00+00:00,18336.4165,18337.9165,18334.883500000004,18337.9165
2024-07-30 05:25:00+00:00,18337.4,18340.894500000002,18334.9,18340.339
2024-07-30 05:30:00+00:00,18338.894500000002,18339.839,18325.85,18328.411
2024-07-30 05:35:00+00:00,18327.472,18329.411,18324.389000000003,18324.389000000003
2024-07-30 05:40:00+00:00,18323.9,18338.9055,18322.894500000002,18333.889000000003
2024-07-30 05:45:00+00:00,18332.394500000002,18339.911,18328.894500000002,18328.9055
2024-07-30 05:50:00+00:00,18328.422,18342.9,18323.878,18335.828
2024-07-30 05:55:00+00:00,18336.422,18352.461,18335.8835,18345.828
2024-07-30 06:00:00+00:00,18346.4165,18355.9,18339.9,18342.9
2024-07-30 06:05:00+00:00,18342.4055,18344.9,18336.3835,18344.9
2024-07-30 06:10:00+00:00,18344.411,18344.411,18339.828,18339.828
2024-07-30 06:15:00+00:00,18340.3835,18341.8445,18329.411,18332.972
2024-07-30 06:20:00+00:00,18333.3335,18333.411,18315.972,18320.9165
2024-07-30 06:25:00+00:00,18321.889000000003,18338.9665,18321.889000000003,18336.9665
2024-07-30 06:30:00+00:00,18337.4055,18337.4055,18317.894500000002,18322.9055
2024-07-30 06:35:00+00:00,18322.394500000002,18323.4055,18299.828,18301.9055
2024-07-30 06:40:00+00:00,18300.911,18317.911,18300.911,18317.911
2024-07-30 06:45:00+00:00,18317.472,18331.889000000003,18312.8445,18326.394500000002
2024-07-30 06:50:00+00:00,18326.911,18336.894500000002,18326.4,18334.9
2024-07-30 06:55:00+00:00,18336.911,18343.3445,18327.911,18342.9165
2024-07-30 07:00:00+00:00,18344.95,18377.9,18344.95,18373.9
2024-07-30 07:05:00+00:00,18373.3335,18384.9165,18367.394500000002,18374.9055
2024-07-30 07:10:00+00:00,18376.9665,18381.4,18347.883500000004,18349.9
2024-07-30 07:15:00+00:00,18350.911,18362.911,18344.911,18358.828
2024-07-30 07:20:00+00:00,18358.4,18365.9665,18347.9055,18365.889000000003
2024-07-30 07:25:00+00:00,18366.85,18373.894500000002,18353.9165,18371.4165
2024-07-30 07:30:00+00:00,18369.411,18380.6945,18361.828,18376.7555
2024-07-30 07:35:00+00:00,18375.633500000004,18398.716500000002,18375.2055,18396.7
2024-07-30 07:40:00+00:00,18397.139000000003,18400.7,18387.678,18392.689000000002
2024-07-30 07:45:00+00:00,18390.716500000002,18394.772,18373.189000000002,18378.7
2024-07-30 07:50:00+00:00,18377.6945,18379.7055,18365.189000000002,18367.772
2024-07-30 07:55:00+00:00,18367.272,18378.772,18362.65,18372.133500000004
2024-07-30 08:00:00+00:00,18372.683500000003,18387.766499999998,18367.761,18384.6945
2024-07-30 08:05:00+00:00,18385.7055,18385.7055,18357.178,18357.178
2024-07-30 08:10:00+00:00,18359.7055,18362.75,18338.261,18342.722
2024-07-30 08:15:00+00:00,18343.2,18355.2055,18338.761,18354.1945
2024-07-30 08:20:00+00:00,18353.139000000003,18354.722,18341.7055,18348.211
2024-07-30 08:25:00+00:00,18347.2055,18352.25,18341.7,18348.272
2024-07-30 08:30:00+00:00,18347.139000000003,18372.2,18347.139000000003,18372.2
2024-07-30 08:35:00+00:00,18371.761,18381.25,18370.211,18380.1945
2024-07-30 08:40:00+00:00,18381.178,18391.1835,18380.189000000002,18391.1835
2024-07-30 08:45:00+00:00,18391.65,18393.1835,18378.7,18380.183500000003
2024-07-30 08:50:00+00:00,18380.644500000002,18384.25,18370.261,18375.1945
2024-07-30 08:55:00+00:00,18376.2055,18384.211,18376.2055,18380.2055
2024-07-30 09:00:00+00:00,18380.7,18387.211,18375.2055,18379.2
2024-07-30 09:05:00+00:00,18379.711,18390.678,18377.189000000002,18389.2
2024-07-30 09:10:00+00:00,18390.216500000002,18391.7,18380.133500000004,18385.25
2024-07-30 09:15:00+00:00,18386.211,18392.2555,18380.178,18392.2165
2024-07-30 09:20:00+00:00,18391.644500000002,18399.761,18384.689000000002,18386.139000000003
2024-07-30 09:25:00+00:00,18387.211,18390.261,18381.689000000002,18382.25
2024-07-30 09:30:00+00:00,18381.2,18388.4055,18371.678,18382.3835
2024-07-30 09:35:00+00:00,18381.328,18381.9165,18365.9055,18366.4055
2024-07-30 09:40:00+00:00,18367.4,18370.961,18361.4,18370.422
2024-07-30 09:45:00+00:00,18370.85,18377.889000000003,18364.3335,18377.8835
2024-07-30 09:50:00+00:00,18377.4,18385.389000000003,18374.411,18379.3445
2024-07-30 09:55:00+00:00,18379.9,18386.4165,18378.8335,18379.4165
2024-07-30 10:00:00+00:00,18380.394500000002,18388.3,18379.378,18385.25
2024-07-30 10:05:00+00:00,18385.7945,18396.2945,18383.289,18396.2945
2024-07-30 10:10:00+00:00,18397.366499999996,18400.289,18382.278,18382.855499999998
2024-07-30 10:15:00+00:00,18383.8,18390.233500000002,18379.3055,18389.810999999998
2024-07-30 10:20:00+00:00,18389.289,18399.316499999997,18387.3055,18398.3055
2024-07-30 10:25:00+00:00,18397.728,18407.322,18396.289,18406.3
2024-07-30 10:30:00+00:00,18406.8,18418.360999999997,18406.7945,18410.289
2024-07-30 10:35:00+00:00,18411.2835,18415.3,18407.7945,18408.239
2024-07-30 10:40:00+00:00,18408.8,18412.310999999998,18401.789,18404.278
2024-07-30 10:45:00+00:00,18404.7445,18408.872,18401.733500000002,18403.983500000002
2024-07-30 10:50:00+00:00,18404.5,18406.0055,18401.516499999998,18403.5055
2024-07-30 10:55:00+00:00,18401.428,18401.428,18392.5,18399.05
2024-07-30 11:00:00+00:00,18399.489,18404.011,18392.4445,18392.4445
2024-07-30 11:05:00+00:00,18391.489,18401.4945,18389.95,18397.9945
2024-07-30 11:10:00+00:00,18398.4945,18404.572,18398.4445,18403.5055
2024-07-30 11:15:00+00:00,18403.011,18404.072,18393.989,18398.439000000002
2024-07-30 11:20:00+00:00,18397.978,18402.5555,18397.4835,18397.4945
2024-07-30 11:25:00+00:00,18398.072,18399.5555,18391.0,18392.4445
2024-07-30 11:30:00+00:00,18391.9945,18399.478,18391.489,18394.9945
2024-07-30 11:35:00+00:00,18395.489,18401.566499999997,18392.0,18401.428
2024-07-30 11:40:00+00:00,18400.433500000003,18401.55,18395.939000000002,18399.489
2024-07-30 11:45:00+00:00,18400.05,18404.522,18397.939000000002,18403.439000000002
2024-07-30 11:50:00+00:00,18403.978,18405.9945,18399.233500000002,18400.2945
2024-07-30 11:55:00+00:00,18399.8055,18401.310999999998,18398.310999999998,18400.35
2024-07-30 12:00:00+00:00,18401.35,18404.322,18395.7945,18402.316499999997
2024-07-30 12:05:00+00:00,18403.310999999998,18403.310999999998,18395.239,18400.7835
2024-07-30 12:10:00+00:00,18400.289,18404.7945,18399.8,18402.322
2024-07-30 12:15:00+00:00,18401.855499999998,18402.360999999997,18392.2445,18392.2945
2024-07-30 12:20:00+00:00,18391.7945,18397.360999999997,18389.8,18392.789
2024-07-30 12:25:00+00:00,18393.3,18402.789,18393.3,18398.372
2024-07-30 12:30:00+00:00,18397.7945,18409.310999999998,18394.283499999998,18406.228
2024-07-30 12:35:00+00:00,18405.310999999998,18415.316499999997,18402.778,18414.310999999998
2024-07-30 12:40:00+00:00,18415.2835,18419.372,18411.239,18419.289
2024-07-30 12:45:00+00:00,18419.783499999998,18424.866499999996,18419.2945,18421.733500000002
2024-07-30 12:50:00+00:00,18421.3,18428.8055,18420.7835,18427.860999999997
2024-07-30 12:55:00+00:00,18427.25,18434.3055,18425.816499999997,18434.3055
2024-07-30 13:00:00+00:00,18435.739,18442.872,18435.25,18442.3
2024-07-30 13:05:00+00:00,18443.322,18444.778,18438.8055,18443.322
2024-07-30 13:10:00+00:00,18443.8,18445.372,18438.739,18442.789
2024-07-30 13:15:00+00:00,18443.2945,18448.8165,18441.233500000002,18447.872
2024-07-30 13:20:00+00:00,18448.810999999998,18452.2945,18435.733500000002,18439.322
2024-07-30 13:25:00+00:00,18437.8055,18440.855499999998,18423.733500000002,18425.85
2024-07-30 13:30:00+00:00,18426.7945,18430.810999999998,18420.8,18427.2445
2024-07-30 13:35:00+00:00,18427.816499999997,18448.866499999996,18425.810999999998,18448.810999999998
2024-07-30 13:40:00+00:00,18448.3055,18466.8055,18447.2945,18466.3
2024-07-30 13:45:00+00:00,18466.8055,18470.8,18454.7445,18455.810999999998
2024-07-30 13:50:00+00:00,18455.35,18455.8165,18439.2445,18440.366499999996
2024-07-30 13:55:00+00:00,18439.822,18456.8055,18431.75,18455.3055
2024-07-30 14:00:00+00:00,18454.316499999997,18460.3,18431.289,18433.372
2024-07-30 14:05:00+00:00,18432.3,18451.3055,18431.25,18447.310999999998
2024-07-30 14:10:00+00:00,18447.8055,18451.85,18437.3,18450.228
2024-07-30 14:15:00+00:00,18451.366499999996,18461.3055,18444.2445,18448.3055
2024-07-30 14:20:00+00:00,18448.855499999998,18453.316499999997,18438.239,18448.2445
2024-07-30 14:25:00+00:00,18449.35,18451.85,18440.8,18450.322
2024-07-30 14:30:00+00:00,18449.7945,18450.822,18432.289,18432.289
2024-07-30 14:35:00+00:00,18432.739,18436.816499999997,18419.728,18435.3
2024-07-30 14:40:00+00:00,18435.778,18439.8,18427.7945,18438.8
2024-07-30 14:45:00+00:00,18438.366499999996,18447.810999999998,18436.789,18441.810999999998
2024-07-30 14:50:00+00:00,18441.3165,18446.372,18425.728,18428.2945
2024-07-30 14:55:00+00:00,18428.810999999998,18434.289,18415.283499999998,18420.3165
2024-07-30 15:00:00+00:00,18419.8055,18422.366499999996,18390.7445,18396.3
2024-07-30 15:05:00+00:00,18395.789,18401.233500000002,18375.8,18399.860999999997
2024-07-30 15:10:00+00:00,18399.366499999996,18412.289,18391.7445,18409.310999999998
2024-07-30 15:15:00+00:00,18409.7945,18422.822,18408.789,18422.3055
2024-07-30 15:20:00+00:00,18421.8055,18432.810999999998,18419.366499999996,18431.25
2024-07-30 15:25:00+00:00,18430.728,18433.866499999996,18424.75,18425.728
2024-07-30 15:30:00+00:00,18425.289,18430.3165,18416.8,18416.8
2024-07-30 15:35:00+00:00,18417.2945,18421.872,18397.289,18400.239
2024-07-30 15:40:00+00:00,18399.8055,18407.789,18396.783499999998,18403.366499999996
2024-07-30 15:45:00+00:00,18402.8055,18423.810999999998,18397.2445,18416.360999999997
2024-07-30 15:50:00+00:00,18415.8055,18425.810999999998,18413.8,18420.3055
2024-07-30 15:55:00+00:00,18418.733500000002,18420.872,18410.810999999998,18416.310999999998
2024-07-30 16:00:00+00:00,18416.778,18427.310999999998,18409.728,18412.822
2024-07-30 16:05:00+00:00,18412.2445,18429.35,18410.360999999997,18425.8055
2024-07-30 16:10:00+00:00,18426.2445,18426.860999999997,18419.25,18423.85
2024-07-30 16:15:00+00:00,18423.2945,18428.3,18415.2945,18427.733500000002
2024-07-30 16:20:00+00:00,18428.778,18429.316499999997,18414.228,18415.2945
2024-07-30 16:25:00+00:00,18415.8,18430.366499999996,18414.233500000002,18429.289
2024-07-30 16:30:00+00:00,18430.2945,18430.310999999998,18416.789,18418.8
2024-07-30 16:35:00+00:00,18419.3,18432.8055,18416.8,18429.2945
2024-07-30 16:40:00+00:00,18428.872,18438.289,18425.8055,18429.872
2024-07-30 16:45:00+00:00,18430.3,18432.7945,18423.25,18423.25
2024-07-30 16:50:00+00:00,18423.789,18428.872,18410.3055,18411.2835
2024-07-30 16:55:00+00:00,18411.8,18414.3,18389.239,18390.278
2024-07-30 17:00:00+00:00,18389.310999999998,18393.2945,18376.866499999996,18390.3055
2024-07-30 17:05:00+00:00,18389.3,18405.310999999998,18385.2835,18405.25
2024-07-30 17:10:00+00:00,18404.3,18415.789,18400.789,18414.239
2024-07-30 17:15:00+00:00,18414.7445,18420.366499999996,18407.3055,18418.855499999998
2024-07-30 17:20:00+00:00,18419.372,18427.7945,18415.8,18421.3
2024-07-30 17:25:00+00:00,18420.860999999997,18423.85,18407.355499999998,18419.228
2024-07-30 17:30:00+00:00,18418.289,18418.35,18409.733500000002,18417.278
2024-07-30 17:35:00+00:00,18416.866499999996,18426.855499999998,18410.789,18423.278
2024-07-30 17:40:00+00:00,18422.789,18423.3055,18413.289,18420.7835
2024-07-30 17:45:00+00:00,18420.2945,18432.310999999998,18416.2835,18430.816499999997
2024-07-30 17:50:00+00:00,18431.239,18432.25,18420.366499999996,18423.3
2024-07-30 17:55:00+00:00,18423.728,18429.3,18422.3,18427.360999999997
2024-07-30 18:00:00+00:00,18427.8,18432.860999999997,18425.2945,18431.789
2024-07-30 18:05:00+00:00,18432.3055,18439.855499999998,18431.778,18436.2835
2024-07-30 18:10:00+00:00,18435.8,18440.789,18433.289,18435.2945
2024-07-30 18:15:00+00:00,18436.7835,18448.228,18436.7835,18445.360999999997
2024-07-30 18:20:00+00:00,18444.8,18452.3,18442.233500000002,18448.283499999998
2024-07-30 18:25:00+00:00,18447.7945,18447.810999999998,18432.239,18438.35
2024-07-30 18:30:00+00:00,18437.7945,18439.8055,18429.35,18431.8055
2024-07-30 18:35:00+00:00,18432.3055,18442.8055,18431.7835,18441.2945
2024-07-30 18:40:00+00:00,18440.855499999998,18441.810999999998,18434.2445,18437.310999999998
2024-07-30 18:45:00+00:00,18436.316499999997,18438.3,18421.2835,18423.8055
2024-07-30 18:50:00+00:00,18424.2945,18430.35,18422.7945,18427.228
2024-07-30 18:55:00+00:00,18427.85,18428.739,18420.2945,18428.2445
2024-07-30 19:00:00+00:00,18427.872,18428.310999999998,18415.239,18420.2945
2024-07-30 19:05:00+00:00,18420.7445,18428.372,18418.35,18421.2945
2024-07-30 19:10:00+00:00,18420.860999999997,18426.35,18416.783499999998,18417.3055
2024-07-30 19:15:00+00:00,18417.855499999998,18431.872,18417.855499999998,18430.322
2024-07-30 19:20:00+00:00,18431.3055,18436.8055,18427.733500000002,18434.3055
2024-07-30 19:25:00+00:00,18433.8,18436.8055,18427.8055,18431.2445
2024-07-30 19:30:00+00:00,18429.2945,18430.2945,18420.3165,18423.3055
2024-07-30 19:35:00+00:00,18423.8,18426.289,18418.7945,18422.289
2024-07-30 19:40:00+00:00,18421.3,18437.8,18418.372,18437.7445
2024-07-30 19:45:00+00:00,18438.3,18457.3,18429.789,18451.2945
2024-07-30 19:50:00+00:00,18450.233500000002,18455.866499999996,18439.3,18443.310999999998
2024-07-30 19:55:00+00:00,18442.310999999998,18448.289,18433.872,18436.233500000002
2024-07-30 20:00:00+00:00,18435.810999999998,18442.8,18295.9165,18358.9945
2024-07-30 20:05:00+00:00,18360.9555,18396.25,18358.3,18392.889000000003
2024-07-30 20:10:00+00:00,18392.4945,18397.578,18381.511,18393.578
2024-07-30 22:05:00+00:00,18445.789,18459.310999999998,18428.739,18449.8335
2024-07-30 22:10:00+00:00,18449.522,18453.8,18435.85,18445.605499999998
2024-07-30 22:15:00+00:00,18446.0945,18458.85,18444.75,18447.95
2024-07-30 22:20:00+00:00,18447.5945,18451.411,18433.528,18437.4165
2024-07-30 22:25:00+00:00,18437.05,18447.172,18430.128,18430.2
2024-07-30 22:30:00+00:00,18430.9445,18445.9,18430.9445,18438.711
2024-07-30 22:35:00+00:00,18439.1,18443.810999999998,18434.828,18440.8
2024-07-30 22:40:00+00:00,18441.133500000004,18446.9,18434.4665,18437.789
2024-07-30 22:45:00+00:00,18437.0055,18438.310999999998,18429.4,18437.961
2024-07-30 22:50:00+00:00,18437.411,18437.411,18431.689000000002,18434.3055
2024-07-30 22:55:00+00:00,18435.05,18435.989,18430.016499999998,18431.683500000003
2024-07-30 23:00:00+00:00,18432.539,18436.860999999997,18429.222,18429.989
2024-07-30 23:05:00+00:00,18430.566499999997,18435.1555,18429.222,18434.289
2024-07-30 23:10:00+00:00,18434.7055,18446.110999999997,18432.9945,18442.989
2024-07-30 23:15:00+00:00,18442.1555,18457.872,18441.3,18455.261
2024-07-30 23:20:00+00:00,18454.4,18456.828,18447.360999999997,18451.5165
2024-07-30 23:25:00+00:00,18452.0165,18454.15,18449.789,18452.739
2024-07-30 23:30:00+00:00,18453.1945,18459.072,18452.4165,18454.789
2024-07-30 23:35:00+00:00,18453.9,18456.489,18452.189000000002,18453.110999999997
2024-07-30 23:40:00+00:00,18452.711,18458.2,18452.1835,18456.35
2024-07-30 23:45:00+00:00,18455.5,18467.35,18449.489,18464.7945
2024-07-30 23:50:00+00:00,18463.878,18469.9665,18456.7945,18457.605499999998
2024-07-30 23:55:00+00:00,18457.1945,18460.272,18455.9,18456.789
2024-07-31 00:00:00+00:00,18455.878,18464.75,18454.133500000004,18458.616499999996
2024-07-31 00:05:00+00:00,18459.516499999998,18461.2165,18448.211,18451.4445
2024-07-31 00:10:00+00:00,18451.1665,18452.411,18446.478,18446.478
2024-07-31 00:15:00+00:00,18446.8055,18453.810999999998,18436.7945,18439.810999999998
2024-07-31 00:20:00+00:00,18439.872,18443.85,18435.3055,18443.228
2024-07-31 00:25:00+00:00,18444.239,18451.810999999998,18440.855499999998,18444.310999999998
2024-07-31 00:30:00+00:00,18443.8,18452.3,18440.8,18446.8055
2024-07-31 00:35:00+00:00,18447.310999999998,18453.8,18446.739,18453.8
2024-07-31 00:40:00+00:00,18453.310999999998,18456.2945,18450.728,18453.866499999996
2024-07-31 00:45:00+00:00,18455.8055,18455.8055,18448.310999999998,18453.8
2024-07-31 00:50:00+00:00,18454.3,18456.25,18449.322,18454.316499999997
2024-07-31 00:55:00+00:00,18451.822,18453.3055,18448.75,18451.2945
2024-07-31 01:00:00+00:00,18451.822,18452.860999999997,18446.372,18446.372
2024-07-31 01:05:00+00:00,18445.7945,18446.8,18433.7945,18434.3
2024-07-31 01:10:00+00:00,18434.733500000002,18442.8,18434.733500000002,18440.289
2024-07-31 01:15:00+00:00,18441.2945,18442.7445,18432.728,18432.8
2024-07-31 01:20:00+00:00,18429.8,18440.810999999998,18429.728,18434.2945
2024-07-31 01:25:00+00:00,18433.233500000002,18439.310999999998,18427.35,18434.355499999998
2024-07-31 01:30:00+00:00,18434.8,18438.860999999997,18419.228,18421.733500000002
2024-07-31 01:35:00+00:00,18422.310999999998,18430.810999999998,18420.728,18429.322
2024-07-31 01:40:00+00:00,18426.789,18434.3,18418.789,18428.289
2024-07-31 01:45:00+00:00,18428.8,18431.3055,18424.283499999998,18430.2945
2024-07-31 01:50:00+00:00,18430.7945,18431.366499999996,18418.7945,18418.8055
2024-07-31 01:55:00+00:00,18420.233500000002,18422.822,18416.3,18419.2945
2024-07-31 02:00:00+00:00,18418.8165,18420.322,18408.3,18416.289
2024-07-31 02:05:00+00:00,18417.2945,18427.310999999998,18414.228,18425.25
2024-07-31 02:10:00+00:00,18424.85,18429.3,18419.866499999996,18421.8055
2024-07-31 02:15:00+00:00,18422.866499999996,18431.366499999996,18421.360999999997,18427.75
2024-07-31 02:20:00+00:00,18427.372,18436.8,18423.783499999998,18435.228
2024-07-31 02:25:00+00:00,18434.789,18446.3055,18434.322,18444.289
2024-07-31 02:30:00+00:00,18444.728,18444.8055,18436.7945,18438.8
2024-07-31 02:35:00+00:00,18438.2945,18445.355499999998,18434.239,18444.3
2024-07-31 02:40:00+00:00,18443.3,18443.3,18434.7835,18438.778
2024-07-31 02:45:00+00:00,18439.2945,18442.310999999998,18436.3,18438.316499999997
2024-07-31 02:50:00+00:00,18438.855499999998,18444.7945,18437.322,18442.789
2024-07-31 02:55:00+00:00,18441.728,18443.7835,18436.3,18438.8
2024-07-31 03:00:00+00:00,18438.310999999998,18442.810999999998,18433.75,18438.8
2024-07-31 03:05:00+00:00,18438.239,18438.822,18431.3055,18434.3
2024-07-31 03:10:00+00:00,18433.8,18437.289,18431.8,18431.8
2024-07-31 03:15:00+00:00,18433.8,18439.860999999997,18432.7945,18437.289
2024-07-31 03:20:00+00:00,18436.8055,18437.8055,18433.3055,18434.2835
2024-07-31 03:25:00+00:00,18433.872,18435.366499999996,18429.872,18432.310999999998
2024-07-31 03:30:00+00:00,18432.8055,18434.3055,18427.75,18433.7945
2024-07-31 03:35:00+00:00,18433.278,18435.3165,18430.322,18434.75
2024-07-31 03:40:00+00:00,18434.3,18436.310999999998,18431.866499999996,18433.278
2024-07-31 03:45:00+00:00,18432.8165,18435.8,18426.289,18430.3055
2024-07-31 03:50:00+00:00,18430.789,18430.8,18426.7835,18427.8
2024-07-31 03:55:00+00:00,18428.3,18447.3,18422.3055,18445.3
2024-07-31 04:00:00+00:00,18444.239,18449.2945,18422.85,18429.8
2024-07-31 04:05:00+00:00,18430.278,18434.3055,18427.3,18433.3
2024-07-31 04:10:00+00:00,18433.860999999997,18437.810999999998,18425.239,18429.233500000002
2024-07-31 04:15:00+00:00,18429.8165,18438.7945,18429.283499999998,18436.2945
2024-07-31 04:20:00+00:00,18435.872,18440.289,18431.860999999997,18435.2945
2024-07-31 04:25:00+00:00,18436.3,18437.872,18431.7445,18437.85
2024-07-31 04:30:00+00:00,18436.855499999998,18438.310999999998,18432.289,18433.3
2024-07-31 04:35:00+00:00,18434.25,18435.3,18429.728,18433.3
2024-07-31 04:40:00+00:00,18432.822,18445.7945,18432.739,18444.3
2024-07-31 04:45:00+00:00,18443.3,18457.3055,18443.3,18455.289
2024-07-31 04:50:00+00:00,18456.7945,18467.2945,18443.739,18454.322
2024-07-31 04:55:00+00:00,18454.8055,18456.8,18444.3,18451.3
2024-07-31 05:00:00+00:00,18449.2945,18455.810999999998,18447.2945,18453.35
2024-07-31 05:05:00+00:00,18452.728,18453.8055,18446.7945,18449.2945
2024-07-31 05:10:00+00:00,18450.3,18453.866499999996,18445.8055,18449.739
2024-07-31 05:15:00+00:00,18450.228,18450.228,18439.8055,18448.7945
2024-07-31 05:20:00+00:00,18448.372,18450.3,18442.278,18443.3055
2024-07-31 05:25:00+00:00,18443.8055,18455.3,18439.278,18450.35
2024-07-31 05:30:00+00:00,18450.810999999998,18460.8055,18445.8055,18460.8055
2024-07-31 05:35:00+00:00,18461.733500000002,18477.7835,18459.733500000002,18468.372
2024-07-31 05:40:00+00:00,18469.3,18534.822,18468.2945,18528.728
2024-07-31 05:45:00+00:00,18530.728,18541.7445,18517.3055,18531.810999999998
2024-07-31 05:50:00+00:00,18532.310999999998,18535.85,18518.372,18530.8055
2024-07-31 05:55:00+00:00,18531.35,18531.35,18511.75,18512.2945
2024-07-31 06:00:00+00:00,18509.233500000002,18528.2835,18497.310999999998,18497.7945
2024-07-31 06:05:00+00:00,18498.35,18503.866499999996,18486.8055,18489.8
2024-07-31 06:10:00+00:00,18489.2945,18515.8,18489.2945,18515.8
2024-07-31 06:15:00+00:00,18514.855499999998,18525.810999999998,18501.228,18519.8
2024-07-31 06:20:00+00:00,18520.810999999998,18529.360999999997,18512.855499999998,18524.8055
2024-07-31 06:25:00+00:00,18526.7835,18532.7945,18515.8055,18523.322
2024-07-31 06:30:00+00:00,18523.816499999997,18536.372,18521.860999999997,18528.8055
2024-07-31 06:35:00+00:00,18528.360999999997,18528.360999999997,18504.8,18507.789
2024-07-31 06:40:00+00:00,18507.372,18513.360999999997,18499.3,18511.3
2024-07-31 06:45:00+00:00,18510.233500000002,18516.310999999998,18497.310999999998,18504.85
2024-07-31 06:50:00+00:00,18505.278,18515.8055,18501.85,18510.75
2024-07-31 06:55:00+00:00,18511.7945,18513.810999999998,18493.728,18493.728
2024-07-31 07:00:00+00:00,18496.8055,18516.7945,18474.778,18493.728
2024-07-31 07:05:00+00:00,18495.8,18544.789,18486.3055,18540.8
2024-07-31 07:10:00+00:00,18541.778,18563.7945,18535.728,18545.789
2024-07-31 07:15:00+00:00,18547.783499999998,18555.866499999996,18533.789,18545.372
2024-07-31 07:20:00+00:00,18542.739,18557.8055,18516.8055,18519.8055
2024-07-31 07:25:00+00:00,18520.822,18544.789,18511.733500000002,18536.810999999998
2024-07-31 07:30:00+00:00,18537.728,18548.5055,18529.489,18533.572
2024-07-31 07:35:00+00:00,18534.5555,18551.4945,18533.5055,18543.5055
2024-07-31 07:40:00+00:00,18544.0165,18560.566499999997,18539.5,18555.5
2024-07-31 07:45:00+00:00,18556.522,18566.522,18544.45,18549.4945
2024-07-31 07:50:00+00:00,18550.5165,18558.4835,18543.55,18544.522
2024-07-31 07:55:00+00:00,18545.4445,18548.572,18539.0055,18543.433500000003
2024-07-31 08:00:00+00:00,18542.989,18555.072,18541.989,18550.5
2024-07-31 08:05:00+00:00,18551.4945,18557.072,18524.4945,18531.95
2024-07-31 08:10:00+00:00,18531.516499999998,18533.9835,18503.428,18504.4835
2024-07-31 08:15:00+00:00,18505.511,18516.4945,18493.4835,18516.4945
2024-07-31 08:20:00+00:00,18519.0,18526.516499999998,18516.428,18520.5
2024-07-31 08:25:00+00:00,18519.433500000003,18524.933500000003,18513.478,18523.478
2024-07-31 08:30:00+00:00,18522.433500000003,18533.489,18522.072,18528.4945
2024-07-31 08:35:00+00:00,18527.5555,18530.4945,18519.433500000003,18527.5055
2024-07-31 08:40:00+00:00,18528.4945,18536.5,18520.5,18527.511
2024-07-31 08:45:00+00:00,18526.983500000002,18529.560999999998,18508.5,18512.428
2024-07-31 08:50:00+00:00,18513.522,18519.5555,18504.489,18506.5055
2024-07-31 08:55:00+00:00,18505.983500000002,18516.016499999998,18505.483500000002,18512.439000000002
2024-07-31 09:00:00+00:00,18511.516499999998,18513.5,18491.483500000002,18493.572
2024-07-31 09:05:00+00:00,18494.5055,18495.5555,18471.989,18475.939000000002
2024-07-31 09:10:00+00:00,18475.5055,18480.0,18465.989,18479.4945
2024-07-31 09:15:00+00:00,18478.483500000002,18495.0555,18475.983500000002,18493.5055
2024-07-31 09:20:00+00:00,18494.011,18497.5,18484.5,18484.5055
2024-07-31 09:25:00+00:00,18485.433500000003,18485.983500000002,18464.5,18465.5
2024-07-31 09:30:00+00:00,18465.0,18485.9945,18462.522,18483.25
2024-07-31 09:35:00+00:00,18484.310999999998,18494.3055,18481.3,18492.283499999998
2024-07-31 09:40:00+00:00,18491.810999999998,18493.3055,18481.3,18481.372
2024-07-31 09:45:00+00:00,18479.789,18483.3,18467.2945,18468.2835
2024-07-31 09:50:00+00:00,18469.8,18487.360999999997,18469.8,18482.322
2024-07-31 09:55:00+00:00,18482.8,18487.3,18474.789,18486.289
2024-07-31 10:00:00+00:00,18485.7835,18493.2445,18481.8055,18493.2445
2024-07-31 10:05:00+00:00,18493.739,18500.289,18492.289,18496.3
2024-07-31 10:10:00+00:00,18497.3055,18505.355499999998,18497.3055,18502.3055
2024-07-31 10:15:00+00:00,18501.85,18503.278,18492.233500000002,18500.289
2024-07-31 10:20:00+00:00,18500.855499999998,18509.3,18500.239,18505.360999999997
2024-07-31 10:25:00+00:00,18506.316499999997,18509.310999999998,18504.228,18506.310999999998
2024-07-31 10:30:00+00:00,18507.3,18508.310999999998,18501.2445,18503.3
2024-07-31 10:35:00+00:00,18504.322,18505.8165,18497.239,18498.3
2024-07-31 10:40:00+00:00,18498.816499999997,18508.3165,18498.3,18506.322
2024-07-31 10:45:00+00:00,18505.372,18506.2445,18498.289,18500.316499999997
2024-07-31 10:50:00+00:00,18499.310999999998,18500.8055,18494.3055,18498.35
2024-07-31 10:55:00+00:00,18497.728,18513.35,18497.728,18507.360999999997
2024-07-31 11:00:00+00:00,18506.872,18515.239,18495.289,18495.8055
2024-07-31 11:05:00+00:00,18495.2835,18501.372,18491.239,18494.3055
2024-07-31 11:10:00+00:00,18493.3,18496.2945,18480.289,18483.360999999997
2024-07-31 11:15:00+00:00,18482.8,18496.355499999998,18482.8,18493.2835
2024-07-31 11:20:00+00:00,18492.3055,18499.310999999998,18485.733500000002,18499.310999999998
2024-07-31 11:25:00+00:00,18499.789,18503.3,18493.789,18497.3055
2024-07-31 11:30:00+00:00,18496.7945,18504.372,18493.3,18499.366499999996
2024-07-31 11:35:00+00:00,18499.8,18500.355499999998,18486.0,18490.478
2024-07-31 11:40:00+00:00,18489.4945,18492.566499999997,18485.483500000002,18492.489
2024-07-31 11:45:00+00:00,18493.566499999997,18497.55,18487.5165,18493.5
2024-07-31 11:50:00+00:00,18493.9945,18499.928,18491.45,18492.5055
2024-07-31 11:55:00+00:00,18492.978,18497.0,18491.4835,18495.4835
2024-07-31 12:00:00+00:00,18494.0,18502.433500000003,18488.439000000002,18501.5055
2024-07-31 12:05:00+00:00,18500.928,18510.439000000002,18497.5,18510.439000000002
2024-07-31 12:10:00+00:00,18511.5055,18512.9945,18503.511,18511.45
2024-07-31 12:15:00+00:00,18512.489,18528.0555,18512.0,18522.55
2024-07-31 12:20:00+00:00,18521.05,18530.522,18513.4945,18529.478
2024-07-31 12:25:00+00:00,18528.489,18529.5,18519.439000000002,18521.433500000003
2024-07-31 12:30:00+00:00,18520.4945,18527.5555,18502.5,18513.511
2024-07-31 12:35:00+00:00,18514.5055,18522.5055,18505.989,18507.4945
2024-07-31 12:40:00+00:00,18508.05,18527.5,18506.5055,18523.0
2024-07-31 12:45:00+00:00,18522.478,18528.4945,18515.489,18515.983500000002
2024-07-31 12:50:00+00:00,18515.5,18521.433500000003,18509.4835,18516.483500000002
2024-07-31 12:55:00+00:00,18516.0055,18522.439000000002,18504.0055,18504.5055
2024-07-31 13:00:00+00:00,18504.989,18513.5165,18500.9945,18506.5
2024-07-31 13:05:00+00:00,18505.4945,18515.9945,18502.0,18513.439000000002
2024-07-31 13:10:00+00:00,18514.011,18530.511,18512.4945,18528.489
2024-07-31 13:15:00+00:00,18529.511,18529.511,18514.560999999998,18521.433500000003
2024-07-31 13:20:00+00:00,18522.5055,18523.016499999998,18508.489,18509.489
2024-07-31 13:25:00+00:00,18510.5,18513.522,18488.072,18491.55
2024-07-31 13:30:00+00:00,18490.489,18493.4445,18470.0,18472.5
2024-07-31 13:35:00+00:00,18471.483500000002,18477.511,18462.45,18463.5
2024-07-31 13:40:00+00:00,18463.011,18473.0,18443.989,18445.060999999998
2024-07-31 13:45:00+00:00,18447.989,18458.0055,18436.9945,18448.439000000002
2024-07-31 13:50:00+00:00,18448.0555,18450.05,18433.011,18441.5
2024-07-31 13:55:00+00:00,18440.5055,18445.939000000002,18432.45,18438.4835
2024-07-31 14:00:00+00:00,18441.4445,18455.0055,18438.011,18442.566499999997
2024-07-31 14:05:00+00:00,18441.9945,18463.516499999998,18441.9945,18463.0555
2024-07-31 14:10:00+00:00,18464.0,18485.5055,18456.428,18485.489
2024-07-31 14:15:00+00:00,18485.95,18509.022,18485.560999999998,18505.9945
2024-07-31 14:20:00+00:00,18506.489,18514.0,18483.989,18492.511
2024-07-31 14:25:00+00:00,18492.983500000002,18495.5,18481.5,18491.05
2024-07-31 14:30:00+00:00,18491.5555,18510.066499999997,18487.4945,18508.439000000002
2024-07-31 14:35:00+00:00,18509.45,18509.45,18494.939000000002,18503.5
2024-07-31 14:40:00+00:00,18503.05,18510.072,18494.5,18504.516499999998
2024-07-31 14:45:00+00:00,18506.0,18518.4945,18503.0,18509.511
2024-07-31 14:50:00+00:00,18510.428,18511.0165,18466.5165,18466.5165
2024-07-31 14:55:00+00:00,18465.511,18488.560999999998,18465.511,18483.0055
2024-07-31 15:00:00+00:00,18483.5,18488.55,18475.4445,18477.016499999998
2024-07-31 15:05:00+00:00,18477.4945,18488.560999999998,18475.511,18479.011
2024-07-31 15:10:00+00:00,18479.45,18495.810999999998,18475.55,18493.360999999997
2024-07-31 15:15:00+00:00,18491.278,18496.7945,18488.7835,18494.233500000002
2024-07-31 15:20:00+00:00,18493.860999999997,18496.8055,18487.733500000002,18492.3
2024-07-31 15:25:00+00:00,18493.3,18502.3,18491.3,18501.2945
2024-07-31 15:30:00+00:00,18500.283499999998,18515.322,18500.239,18509.8
2024-07-31 15:35:00+00:00,18510.2445,18524.372,18508.789,18523.8
2024-07-31 15:40:00+00:00,18524.228,18530.355499999998,18518.3,18526.778
2024-07-31 15:45:00+00:00,18527.8,18533.7945,18526.810999999998,18528.310999999998
2024-07-31 15:50:00+00:00,18528.789,18529.8055,18515.289,18515.289
2024-07-31 15:55:00+00:00,18514.85,18520.3,18502.7945,18505.778
2024-07-31 16:00:00+00:00,18506.322,18517.366499999996,18504.3055,18509.855499999998
2024-07-31 16:05:00+00:00,18509.372,18514.316499999997,18504.739,18513.866499999996
2024-07-31 16:10:00+00:00,18514.3,18523.310999999998,18508.778,18519.3055
2024-07-31 16:15:00+00:00,18518.789,18527.360999999997,18516.7945,18522.3055
2024-07-31 16:20:00+00:00,18523.3055,18531.7945,18521.3055,18524.739
2024-07-31 16:25:00+00:00,18525.310999999998,18527.310999999998,18519.789,18525.3165
2024-07-31 16:30:00+00:00,18524.2835,18530.85,18521.8055,18527.822
2024-07-31 16:35:00+00:00,18527.316499999997,18531.860999999997,18522.7945,18525.7835
2024-07-31 16:40:00+00:00,18524.866499999996,18530.3,18522.739,18529.778
2024-07-31 16:45:00+00:00,18529.239,18532.810999999998,18526.810999999998,18532.3
2024-07-31 16:50:00+00:00,18531.8055,18533.372,18524.8055,18529.2835
2024-07-31 16:55:00+00:00,18529.789,18533.8055,18525.866499999996,18527.233500000002
2024-07-31 17:00:00+00:00,18527.789,18533.872,18525.2945,18533.3
2024-07-31 17:05:00+00:00,18532.75,18539.8,18532.3055,18532.8165
2024-07-31 17:10:00+00:00,18533.35,18538.8055,18531.783499999998,18534.3
2024-07-31 17:15:00+00:00,18533.3,18535.355499999998,18529.8,18531.2945
2024-07-31 17:20:00+00:00,18532.3165,18532.372,18525.3,18526.316499999997
2024-07-31 17:25:00+00:00,18525.2945,18526.855499999998,18516.8,18523.289
2024-07-31 17:30:00+00:00,18522.816499999997,18522.816499999997,18504.8055,18505.3
2024-07-31 17:35:00+00:00,18504.8,18511.2945,18501.789,18504.310999999998
2024-07-31 17:40:00+00:00,18504.810999999998,18514.85,18497.289,18510.3
2024-07-31 17:45:00+00:00,18509.7835,18517.3165,18507.25,18516.3
2024-07-31 17:50:00+00:00,18515.810999999998,18526.3,18515.810999999998,18523.8055
2024-07-31 17:55:00+00:00,18524.25,18524.3055,18511.7445,18515.3
2024-07-31 18:00:00+00:00,18515.810999999998,18527.310999999998,18506.233500000002,18524.3
2024-07-31 18:05:00+00:00,18525.3055,18532.360999999997,18517.283499999998,18521.372
2024-07-31 18:10:00+00:00,18520.322,18529.366499999996,18520.228,18526.2945
2024-07-31 18:15:00+00:00,18525.810999999998,18531.3,18520.3055,18528.8
2024-07-31 18:20:00+00:00,18528.2445,18532.316499999997,18523.3,18528.2945
2024-07-31 18:25:00+00:00,18528.7945,18533.3165,18524.3,18528.3
2024-07-31 18:30:00+00:00,18528.7945,18546.3055,18528.7945,18538.85
2024-07-31 18:35:00+00:00,18539.233500000002,18540.366499999996,18522.3055,18534.3
2024-07-31 18:40:00+00:00,18533.7945,18553.366499999996,18532.8,18553.316499999997
2024-07-31 18:45:00+00:00,18552.2945,18563.810999999998,18544.289,18563.239
2024-07-31 18:50:00+00:00,18564.2945,18573.372,18559.75,18565.239
2024-07-31 18:55:00+00:00,18564.816499999997,18576.2835,18560.733500000002,18575.316499999997
2024-07-31 19:00:00+00:00,18574.733500000002,18577.8,18557.75,18559.2835
2024-07-31 19:05:00+00:00,18558.855499999998,18563.35,18543.355499999998,18546.322
2024-07-31 19:10:00+00:00,18546.789,18548.310999999998,18526.3,18532.2945
2024-07-31 19:15:00+00:00,18533.283499999998,18554.860999999997,18501.2945,18504.278
2024-07-31 19:20:00+00:00,18503.7945,18520.2445,18496.789,18496.789
2024-07-31 19:25:00+00:00,18496.2835,18502.3055,18475.239,18485.2945
2024-07-31 19:30:00+00:00,18484.3,18492.25,18472.3,18484.3
2024-07-31 19:35:00+00:00,18485.2445,18502.3,18481.322,18488.3055
2024-07-31 19:40:00+00:00,18487.789,18507.3055,18486.789,18503.3
2024-07-31 19:45:00+00:00,18502.25,18507.8165,18484.289,18496.810999999998
2024-07-31 19:50:00+00:00,18497.228,18503.310999999998,18467.7945,18479.3
2024-07-31 19:55:00+00:00,18478.872,18491.366499999996,18470.228,18478.7945
2024-07-31 20:00:00+00:00,18478.283499999998,18520.110999999997,18477.5055,18497.7
2024-07-31 20:05:00+00:00,18498.1,18551.605499999998,18497.711,18522.3
2024-07-31 20:10:00+00:00,18521.9,18524.7945,18495.05,18501.728
2024-07-31 22:05:00+00:00,18534.6,18538.789,18532.089,18535.394500000002
2024-07-31 22:10:00+00:00,18534.2055,18534.6555,18525.4055,18531.7
2024-07-31 22:15:00+00:00,18532.116499999996,18537.0945,18527.9055,18532.122
2024-07-31 22:20:00+00:00,18531.189000000002,18534.933500000003,18529.5945,18531.2
2024-07-31 22:25:00+00:00,18530.394500000002,18532.894500000002,18523.6945,18530.383500000004
2024-07-31 22:30:00+00:00,18529.605499999998,18529.605499999998,18523.6945,18526.211
2024-07-31 22:35:00+00:00,18527.0945,18536.360999999997,18514.089,18517.9055
2024-07-31 22:40:00+00:00,18518.3,18528.7165,18517.85,18527.1
2024-07-31 22:45:00+00:00,18527.922,18529.616499999996,18526.139000000003,18527.039
2024-07-31 22:50:00+00:00,18527.516499999998,18541.278,18527.1,18534.589
2024-07-31 22:55:00+00:00,18533.8055,18536.355499999998,18529.605499999998,18534.5835
2024-07-31 23:00:00+00:00,18535.0,18538.8165,18534.605499999998,18535.4
2024-07-31 23:05:00+00:00,18533.2445,18536.633500000004,18531.1945,18536.310999999998
2024-07-31 23:10:00+00:00,18536.711,18546.372,18536.711,18545.5165
2024-07-31 23:15:00+00:00,18545.894500000002,18557.2055,18544.128,18551.310999999998
2024-07-31 23:20:00+00:00,18551.683500000003,18552.272,18546.239,18547.0835
2024-07-31 23:25:00+00:00,18546.355499999998,18555.511,18543.739,18552.989
2024-07-31 23:30:00+00:00,18552.610999999997,18555.55,18551.283499999998,18552.933500000003
2024-07-31 23:35:00+00:00,18553.4055,18558.0165,18553.3445,18557.178
2024-07-31 23:40:00+00:00,18556.689000000002,18557.2165,18540.810999999998,18542.894500000002
2024-07-31 23:45:00+00:00,18543.2945,18544.1945,18536.6,18537.489
2024-07-31 23:50:00+00:00,18538.3,18543.3055,18537.5,18537.5
2024-07-31 23:55:00+00:00,18538.2835,18540.65,18537.428,18540.428
