Datetime,Open,High,Low,Close
2024-03-01 00:00:00+00:00,17726.605499999998,17734.066499999997,17726.105499999998,17733.933500000003
2024-03-01 00:05:00+00:00,17733.105499999998,17735.7055,17731.228,17734.789
2024-03-01 00:10:00+00:00,17735.711,17736.616499999996,17734.8055,17735.7165
2024-03-01 00:15:00+00:00,17739.989,17747.4945,17735.5055,17747.4945
2024-03-01 00:20:00+00:00,17747.4835,17752.9445,17747.4835,17751.011
2024-03-01 00:25:00+00:00,17750.483500000002,17751.060999999998,17749.0555,17750.928
2024-03-01 00:30:00+00:00,17750.572,17751.0,17747.989,17747.989
2024-03-01 00:35:00+00:00,17748.5,17755.511,17748.5,17749.511
2024-03-01 00:40:00+00:00,17749.0165,17751.022,17749.0165,17750.5
2024-03-01 00:45:00+00:00,17750.0555,17752.5055,17750.0055,17752.5055
2024-03-01 00:50:00+00:00,17752.011,17762.428,17750.478,17761.9835
2024-03-01 00:55:00+00:00,17763.016499999998,17764.522,17762.0,17764.522
2024-03-01 01:00:00+00:00,17764.0555,17769.05,17762.011,17762.011
2024-03-01 01:05:00+00:00,17761.522,17761.522,17754.511,17758.511
2024-03-01 01:10:00+00:00,17758.989,17762.5555,17758.478,17761.5055
2024-03-01 01:15:00+00:00,17760.4945,17764.5165,17760.0055,17763.0555
2024-03-01 01:20:00+00:00,17762.522,17764.0555,17760.428,17763.489
2024-03-01 01:25:00+00:00,17762.560999999998,17762.560999999998,17759.478,17761.989
2024-03-01 01:30:00+00:00,17760.0055,17764.05,17757.939000000002,17763.428
2024-03-01 01:35:00+00:00,17764.5,17773.5055,17763.95,17771.9835
2024-03-01 01:40:00+00:00,17771.516499999998,17773.572,17769.989,17771.0055
2024-03-01 01:45:00+00:00,17771.511,17776.560999999998,17768.9945,17773.0
2024-03-01 01:50:00+00:00,17773.5055,17777.572,17771.0,17776.0
2024-03-01 01:55:00+00:00,17775.511,17788.511,17775.511,17786.9835
2024-03-01 02:00:00+00:00,17786.749,17786.749,17782.560999999998,17785.5055
2024-03-01 02:05:00+00:00,17785.260000000002,17785.511,17782.9945,17783.5
2024-03-01 02:10:00+00:00,17783.05,17787.05,17781.5,17786.5055
2024-03-01 02:15:00+00:00,17787.0055,17788.489,17785.0055,17785.572
2024-03-01 02:20:00+00:00,17784.9945,17785.566499999997,17784.5055,17785.478
2024-03-01 02:25:00+00:00,17785.0,17787.5055,17783.4945,17784.5165
2024-03-01 02:30:00+00:00,17785.0555,17786.939000000002,17783.5055,17783.5055
2024-03-01 02:35:00+00:00,17785.483500000002,17787.4945,17784.4835,17786.516499999998
2024-03-01 02:40:00+00:00,17786.2655,17787.572,17785.0055,17785.489
2024-03-01 02:45:00+00:00,17784.978,17784.978,17782.933500000003,17783.9945
2024-03-01 02:50:00+00:00,17784.4945,17788.572,17782.9945,17784.9945
2024-03-01 02:55:00+00:00,17785.5,17785.9445,17784.439000000002,17785.4445
2024-03-01 03:00:00+00:00,17786.066499999997,17787.45,17785.4945,17786.4835
2024-03-01 03:05:00+00:00,17786.0055,17786.45,17782.9445,17785.433500000003
2024-03-01 03:10:00+00:00,17785.066499999997,17788.5,17785.066499999997,17786.0
2024-03-01 03:15:00+00:00,17786.572,17786.572,17785.489,17785.489
2024-03-01 03:20:00+00:00,17784.95,17785.5555,17784.572,17785.516499999998
2024-03-01 03:25:00+00:00,17786.478,17787.5055,17785.4835,17787.5
2024-03-01 03:30:00+00:00,17787.0055,17790.0165,17787.0,17789.4945
2024-03-01 03:35:00+00:00,17789.0055,17789.5555,17785.4945,17786.45
2024-03-01 03:40:00+00:00,17785.9445,17787.55,17785.439000000002,17785.5055
2024-03-01 03:45:00+00:00,17786.016499999998,17790.022,17785.5055,17787.560999999998
2024-03-01 03:50:00+00:00,17786.9945,17790.072,17786.483500000002,17788.439000000002
2024-03-01 03:55:00+00:00,17789.0055,17789.0055,17786.433500000003,17788.0055
2024-03-01 04:00:00+00:00,17788.45,17789.5555,17785.0165,17785.0165
2024-03-01 04:05:00+00:00,17784.483500000002,17784.483500000002,17780.0,17780.483500000002
2024-03-01 04:10:00+00:00,17779.4945,17782.983500000002,17779.4945,17782.983500000002
2024-03-01 04:15:00+00:00,17785.433500000003,17790.45,17785.433500000003,17788.433500000003
2024-03-01 04:20:00+00:00,17787.5,17790.483500000002,17783.933500000003,17787.9945
2024-03-01 04:25:00+00:00,17787.5,17789.5055,17787.5,17788.5055
2024-03-01 04:30:00+00:00,17789.0055,17789.522,17786.5,17787.5
2024-03-01 04:35:00+00:00,17786.9945,17787.5165,17785.4445,17786.55
2024-03-01 04:40:00+00:00,17785.939000000002,17787.0,17785.072,17785.072
2024-03-01 04:45:00+00:00,17786.060999999998,17787.566499999997,17785.016499999998,17785.016499999998
2024-03-01 04:50:00+00:00,17784.978,17784.978,17784.978,17784.978
2024-03-01 04:55:00+00:00,17785.511,17786.016499999998,17783.566499999997,17783.566499999997
2024-03-01 05:00:00+00:00,17784.0,17785.511,17783.478,17783.9945
2024-03-01 05:05:00+00:00,17783.433500000003,17786.0,17783.011,17785.0165
2024-03-01 05:10:00+00:00,17784.4945,17785.0,17784.4945,17784.572
2024-03-01 05:15:00+00:00,17783.983500000002,17784.560999999998,17783.5,17784.560999999998
2024-03-01 05:20:00+00:00,17785.4835,17789.011,17782.989,17782.989
2024-03-01 05:25:00+00:00,17783.4945,17786.011,17783.4945,17784.989
2024-03-01 05:30:00+00:00,17784.5,17784.5,17778.433500000003,17781.016499999998
2024-03-01 05:35:00+00:00,17780.428,17781.0,17778.0055,17779.983500000002
2024-03-01 05:40:00+00:00,17780.4945,17781.0,17777.511,17781.0
2024-03-01 05:45:00+00:00,17781.9945,17786.566499999997,17781.9945,17786.5055
2024-03-01 05:50:00+00:00,17786.9945,17790.5,17785.0,17785.0
2024-03-01 05:55:00+00:00,17783.511,17783.511,17780.4945,17782.522
2024-03-01 06:00:00+00:00,17781.4945,17783.0055,17780.5555,17783.0
2024-03-01 06:05:00+00:00,17783.478,17790.060999999998,17783.0055,17787.5165
2024-03-01 06:10:00+00:00,17787.0,17788.060999999998,17784.572,17787.0055
2024-03-01 06:15:00+00:00,17787.483500000002,17792.439000000002,17787.0055,17790.4945
2024-03-01 06:20:00+00:00,17789.510000000002,17789.511,17786.9445,17788.511
2024-03-01 06:25:00+00:00,17788.0,17788.0,17784.9445,17785.439000000002
2024-03-01 06:30:00+00:00,17784.9945,17786.022,17782.439000000002,17782.5555
2024-03-01 06:35:00+00:00,17784.5,17784.511,17782.0555,17784.433500000003
2024-03-01 06:40:00+00:00,17783.5055,17787.9835,17782.4945,17782.4945
2024-03-01 06:45:00+00:00,17783.5,17785.560999999998,17782.95,17783.5
2024-03-01 06:50:00+00:00,17782.55,17784.45,17780.428,17784.45
2024-03-01 06:55:00+00:00,17785.0,17786.516499999998,17783.428,17784.4945
2024-03-01 07:00:00+00:00,17783.066499999997,17795.072,17777.5055,17790.45
2024-03-01 07:05:00+00:00,17791.060999999998,17791.060999999998,17785.439000000002,17788.5
2024-03-01 07:10:00+00:00,17788.983500000002,17794.0,17787.978,17792.011
2024-03-01 07:15:00+00:00,17791.433500000003,17794.560999999998,17790.0,17791.5
2024-03-01 07:20:00+00:00,17791.983500000002,17792.5,17785.489,17790.4945
2024-03-01 07:25:00+00:00,17790.022,17792.522,17787.989,17789.5055
2024-03-01 07:30:00+00:00,17788.933500000003,17799.05,17786.9835,17795.0
2024-03-01 07:35:00+00:00,17794.478,17795.060999999998,17791.9445,17792.9445
2024-03-01 07:40:00+00:00,17793.522,17798.0055,17792.0555,17797.511
2024-03-01 07:45:00+00:00,17796.939000000002,17802.489,17794.5055,17800.989
2024-03-01 07:50:00+00:00,17801.5,17808.0055,17800.0,17801.989
2024-03-01 07:55:00+00:00,17800.933500000003,17802.0055,17795.939000000002,17797.511
2024-03-01 08:00:00+00:00,17797.602000000003,17803.0,17783.983500000002,17800.011
2024-03-01 08:05:00+00:00,17801.0,17801.05,17789.0,17798.5055
2024-03-01 08:10:00+00:00,17798.95,17816.9945,17796.511,17814.011
2024-03-01 08:15:00+00:00,17815.072,17816.0165,17788.212,17789.928
2024-03-01 08:20:00+00:00,17789.011,17796.016499999998,17777.5055,17786.9945
2024-03-01 08:25:00+00:00,17786.5055,17786.5055,17774.939000000002,17778.511
2024-03-01 08:30:00+00:00,17779.060999999998,17782.0055,17760.011,17761.0
2024-03-01 08:35:00+00:00,17761.5055,17765.4945,17757.0055,17762.928
2024-03-01 08:40:00+00:00,17761.989,17761.989,17743.95,17745.5055
2024-03-01 08:45:00+00:00,17746.011,17750.0165,17733.9835,17741.060999999998
2024-03-01 08:50:00+00:00,17741.4835,17749.0,17740.928,17746.989
2024-03-01 08:55:00+00:00,17745.95,17751.05,17741.9445,17749.928
2024-03-01 09:00:00+00:00,17750.489,17755.0,17741.489,17748.989
2024-03-01 09:05:00+00:00,17748.0055,17759.939000000002,17742.9445,17756.060999999998
2024-03-01 09:10:00+00:00,17755.4835,17768.989,17751.4835,17767.9945
2024-03-01 09:15:00+00:00,17768.5,17785.011,17765.989,17785.011
2024-03-01 09:20:00+00:00,17786.0,17791.011,17783.933500000003,17786.9445
2024-03-01 09:25:00+00:00,17786.489,17787.066499999997,17773.95,17776.511
2024-03-01 09:30:00+00:00,17776.9945,17787.066499999997,17773.066499999997,17786.5
2024-03-01 09:35:00+00:00,17786.022,17794.022,17784.928,17791.989
2024-03-01 09:40:00+00:00,17792.989,17794.560999999998,17785.978,17785.978
2024-03-01 09:45:00+00:00,17785.4835,17791.516499999998,17782.978,17791.0555
2024-03-01 09:50:00+00:00,17792.060999999998,17792.060999999998,17785.0,17785.9945
2024-03-01 09:55:00+00:00,17785.489,17789.5055,17780.066499999997,17782.0
2024-03-01 10:00:00+00:00,17782.212,17782.212,17762.0,17768.5
2024-03-01 10:05:00+00:00,17769.0055,17778.066499999997,17767.0055,17772.572
2024-03-01 10:10:00+00:00,17773.0055,17773.060999999998,17747.4445,17748.489
2024-03-01 10:15:00+00:00,17749.0055,17751.066499999997,17728.428,17735.0
2024-03-01 10:20:00+00:00,17734.4835,17736.983500000002,17718.9945,17721.5055
2024-03-01 10:25:00+00:00,17721.245000000003,17724.9945,17710.0,17715.072
2024-03-01 10:30:00+00:00,17714.433500000003,17729.022,17711.989,17723.511
2024-03-01 10:35:00+00:00,17724.011,17735.022,17721.0055,17733.011
2024-03-01 10:40:00+00:00,17732.0,17732.989,17721.5055,17721.5055
2024-03-01 10:45:00+00:00,17722.0165,17728.05,17719.0055,17728.05
2024-03-01 10:50:00+00:00,17729.0055,17732.0055,17718.939000000002,17724.928
2024-03-01 10:55:00+00:00,17725.511,17729.011,17719.0,17728.0
2024-03-01 11:00:00+00:00,17728.5165,17741.0555,17727.9945,17736.4945
2024-03-01 11:05:00+00:00,17736.9945,17744.9835,17736.022,17738.95
2024-03-01 11:10:00+00:00,17740.011,17752.522,17740.011,17752.060999999998
2024-03-01 11:15:00+00:00,17752.4945,17767.05,17751.0055,17762.0055
2024-03-01 11:20:00+00:00,17762.4945,17763.060999999998,17756.9835,17760.072
2024-03-01 11:25:00+00:00,17759.712,17763.066499999997,17758.0,17758.5055
2024-03-01 11:30:00+00:00,17758.978,17765.060999999998,17755.066499999997,17762.489
2024-03-01 11:35:00+00:00,17762.9445,17770.0165,17760.016499999998,17768.933500000003
2024-03-01 11:40:00+00:00,17770.0,17781.001,17769.428,17777.9945
2024-03-01 11:45:00+00:00,17776.989,17788.022,17776.989,17783.0
2024-03-01 11:50:00+00:00,17783.5,17790.011,17783.0055,17789.016499999998
2024-03-01 11:55:00+00:00,17788.4445,17790.05,17783.928,17785.478
2024-03-01 12:00:00+00:00,17784.5,17788.5,17778.05,17778.05
2024-03-01 12:05:00+00:00,17779.022,17786.939000000002,17775.433500000003,17775.5
2024-03-01 12:10:00+00:00,17775.066499999997,17778.489,17770.4945,17777.0055
2024-03-01 12:15:00+00:00,17778.95,17779.05,17758.928,17758.928
2024-03-01 12:20:00+00:00,17760.016499999998,17764.9945,17751.0,17752.0055
2024-03-01 12:25:00+00:00,17752.511,17754.022,17745.4945,17749.011
2024-03-01 12:30:00+00:00,17748.4445,17761.011,17745.0055,17760.011
2024-03-01 12:35:00+00:00,17759.5,17775.011,17757.0055,17774.0165
2024-03-01 12:40:00+00:00,17774.511,17775.0,17764.978,17766.489
2024-03-01 12:45:00+00:00,17765.95,17772.022,17765.95,17768.978
2024-03-01 12:50:00+00:00,17768.489,17774.516499999998,17762.989,17774.0
2024-03-01 12:55:00+00:00,17774.511,17776.5055,17766.489,17768.566499999997
2024-03-01 13:00:00+00:00,17768.0,17770.0,17751.0,17762.483500000002
2024-03-01 13:05:00+00:00,17761.9445,17764.516499999998,17759.0,17763.939000000002
2024-03-01 13:10:00+00:00,17763.101000000002,17772.0,17761.989,17770.072
2024-03-01 13:15:00+00:00,17768.989,17773.4945,17766.9445,17769.989
2024-03-01 13:20:00+00:00,17769.0165,17769.0165,17755.928,17757.5
2024-03-01 13:25:00+00:00,17758.0055,17764.060999999998,17755.928,17763.016499999998
2024-03-01 13:30:00+00:00,17762.016499999998,17768.0165,17752.9835,17754.066499999997
2024-03-01 13:35:00+00:00,17754.939000000002,17762.011,17746.939000000002,17761.5055
2024-03-01 13:40:00+00:00,17760.989,17763.511,17751.0,17752.511
2024-03-01 13:45:00+00:00,17753.05,17762.0555,17752.9945,17760.0
2024-03-01 13:50:00+00:00,17760.5,17760.5,17752.0,17753.511
2024-03-01 13:55:00+00:00,17753.0055,17757.9945,17745.9945,17747.016499999998
2024-03-01 14:00:00+00:00,17748.0,17748.016499999998,17731.0,17734.0165
2024-03-01 14:05:00+00:00,17732.95,17740.989,17728.0055,17732.933500000003
2024-03-01 14:10:00+00:00,17731.9945,17746.0165,17731.9945,17744.939000000002
2024-03-01 14:15:00+00:00,17744.601000000002,17754.5555,17742.0,17749.989
2024-03-01 14:20:00+00:00,17750.5,17753.0055,17741.55,17751.0055
2024-03-01 14:25:00+00:00,17750.5,17759.066499999997,17747.560999999998,17756.9445
2024-03-01 14:30:00+00:00,17756.0555,17757.0,17743.9945,17747.983500000002
2024-03-01 14:35:00+00:00,17748.511,17763.5,17732.983500000002,17743.060999999998
2024-03-01 14:40:00+00:00,17742.4445,17744.45,17735.0055,17740.060999999998
2024-03-01 14:45:00+00:00,17738.989,17743.5,17710.978,17712.016499999998
2024-03-01 14:50:00+00:00,17710.939000000002,17713.072,17694.5055,17694.5055
2024-03-01 14:55:00+00:00,17694.983500000002,17703.4945,17687.9945,17697.5
2024-03-01 15:00:00+00:00,17707.022,17713.5,17694.4945,17696.5055
2024-03-01 15:05:00+00:00,17697.5055,17719.511,17694.983500000002,17716.933500000003
2024-03-01 15:10:00+00:00,17717.4835,17732.5055,17712.989,17728.45
2024-03-01 15:15:00+00:00,17728.212,17734.066499999997,17726.428,17730.9835
2024-03-01 15:20:00+00:00,17731.4835,17741.066499999997,17730.011,17734.9835
2024-03-01 15:25:00+00:00,17736.0055,17748.483500000002,17735.9445,17746.9945
2024-03-01 15:30:00+00:00,17747.516499999998,17753.0,17736.723,17743.5
2024-03-01 15:35:00+00:00,17742.5,17751.011,17742.0055,17745.5
2024-03-01 15:40:00+00:00,17745.016499999998,17756.016499999998,17743.989,17754.978
2024-03-01 15:45:00+00:00,17755.572,17760.989,17752.933500000003,17756.4835
2024-03-01 15:50:00+00:00,17757.0,17757.939000000002,17750.95,17751.933500000003
2024-03-01 15:55:00+00:00,17752.5055,17757.060999999998,17747.989,17755.5055
2024-03-01 16:00:00+00:00,17756.0055,17756.0055,17748.5,17751.4835
2024-03-01 16:05:00+00:00,17750.928,17753.5,17743.928,17744.5
2024-03-01 16:10:00+00:00,17745.0,17750.072,17737.011,17740.566499999997
2024-03-01 16:15:00+00:00,17740.560999999998,17743.9945,17734.4945,17740.516499999998
2024-03-01 16:20:00+00:00,17740.0055,17742.0055,17736.4445,17739.989
2024-03-01 16:25:00+00:00,17739.0055,17740.0165,17729.0055,17734.0165
2024-03-01 16:30:00+00:00,17733.234,17740.05,17732.0,17733.9945
2024-03-01 16:35:00+00:00,17734.5,17738.983500000002,17730.489,17738.9835
2024-03-01 16:40:00+00:00,17738.4445,17741.0,17735.983500000002,17738.011
2024-03-01 16:45:00+00:00,17737.566499999997,17740.060999999998,17735.0,17740.060999999998
2024-03-01 16:50:00+00:00,17738.9835,17742.072,17738.011,17739.9835
2024-03-01 16:55:00+00:00,17739.066499999997,17740.05,17733.016499999998,17735.428
2024-03-01 17:00:00+00:00,17735.9445,17736.511,17731.95,17732.433500000003
2024-03-01 17:05:00+00:00,17731.9945,17739.011,17731.9835,17738.022
2024-03-01 17:10:00+00:00,17739.0055,17744.0,17737.011,17744.0
2024-03-01 17:15:00+00:00,17743.428,17746.522,17741.989,17745.5055
2024-03-01 17:20:00+00:00,17745.9945,17746.5555,17740.978,17742.4835
2024-03-01 17:25:00+00:00,17742.0555,17743.9835,17738.933500000003,17739.011
2024-03-01 17:30:00+00:00,17738.4945,17742.928,17735.511,17740.983500000002
2024-03-01 17:35:00+00:00,17739.9835,17742.5055,17735.0055,17735.0055
2024-03-01 17:40:00+00:00,17734.072,17734.5,17725.939000000002,17730.516499999998
2024-03-01 17:45:00+00:00,17730.9945,17733.0055,17724.989,17732.4945
2024-03-01 17:50:00+00:00,17733.0,17740.5055,17732.439000000002,17739.0
2024-03-01 17:55:00+00:00,17739.4945,17741.0555,17730.989,17732.4835
2024-03-01 18:00:00+00:00,17731.9945,17733.05,17726.978,17727.478
2024-03-01 18:05:00+00:00,17726.933500000003,17735.9835,17725.939000000002,17734.933500000003
2024-03-01 18:10:00+00:00,17736.0055,17739.072,17731.989,17734.522
2024-03-01 18:15:00+00:00,17734.983500000002,17741.066499999997,17734.489,17735.0
2024-03-01 18:20:00+00:00,17734.5,17741.45,17733.9945,17740.4945
2024-03-01 18:25:00+00:00,17741.0,17745.9945,17739.933500000003,17742.022
2024-03-01 18:30:00+00:00,17742.511,17744.0055,17738.95,17743.928
2024-03-01 18:35:00+00:00,17744.5055,17744.5055,17735.983500000002,17738.0055
2024-03-01 18:40:00+00:00,17739.066499999997,17743.0,17738.4445,17741.0165
2024-03-01 18:45:00+00:00,17740.511,17743.011,17739.95,17740.989
2024-03-01 18:50:00+00:00,17740.0,17743.072,17738.95,17740.989
2024-03-01 18:55:00+00:00,17741.5,17748.5055,17741.011,17744.022
2024-03-01 19:00:00+00:00,17745.0055,17748.066499999997,17744.95,17744.9945
2024-03-01 19:05:00+00:00,17745.55,17746.05,17742.928,17744.4945
2024-03-01 19:10:00+00:00,17745.022,17748.060999999998,17744.0055,17748.060999999998
2024-03-01 19:15:00+00:00,17747.066499999997,17751.011,17742.95,17743.9945
2024-03-01 19:20:00+00:00,17744.4945,17746.5555,17736.9945,17742.5
2024-03-01 19:25:00+00:00,17741.978,17748.060999999998,17741.511,17748.060999999998
2024-03-01 19:30:00+00:00,17749.066499999997,17751.0055,17740.989,17743.0055
2024-03-01 19:35:00+00:00,17742.5055,17747.45,17741.0,17744.011
2024-03-01 19:40:00+00:00,17743.5055,17745.0055,17736.011,17739.933500000003
2024-03-01 19:45:00+00:00,17740.939000000002,17746.5,17739.9945,17744.566499999997
2024-03-01 19:50:00+00:00,17744.9945,17746.066499999997,17742.9445,17745.95
2024-03-01 19:55:00+00:00,17746.566499999997,17747.060999999998,17744.9945,17746.0
2024-03-01 20:00:00+00:00,17744.989,17748.05,17741.989,17746.060999999998
2024-03-01 20:05:00+00:00,17746.5055,17747.9945,17739.566499999997,17743.989
2024-03-01 20:10:00+00:00,17745.0055,17745.066499999997,17739.9945,17744.0055
2024-03-01 20:15:00+00:00,17743.511,17746.55,17742.939000000002,17746.0165
2024-03-01 20:20:00+00:00,17745.5,17748.0165,17742.0,17743.0055
2024-03-01 20:25:00+00:00,17744.0555,17750.0,17742.928,17748.4835
2024-03-01 20:30:00+00:00,17747.983500000002,17749.066499999997,17741.933500000003,17743.478
2024-03-01 20:35:00+00:00,17742.95,17746.5,17741.989,17745.0
2024-03-01 20:40:00+00:00,17744.433500000003,17747.011,17741.989,17747.011
2024-03-01 20:45:00+00:00,17745.9945,17748.939000000002,17745.928,17747.489
2024-03-01 20:50:00+00:00,17747.983500000002,17747.983500000002,17741.022,17744.9945
2024-03-01 20:55:00+00:00,17746.0,17755.0,17745.433500000003,17750.0055
2024-03-01 21:00:00+00:00,17750.566499999997,17751.0165,17750.566499999997,17750.9945
2024-03-04 00:00:00+00:00,17747.6,17747.6,17739.733500000002,17742.3335
2024-03-04 00:05:00+00:00,17742.0,17744.1555,17737.216500000002,17744.1555
2024-03-04 00:10:00+00:00,17743.2945,17745.894500000002,17740.772,17743.3055
2024-03-04 00:15:00+00:00,17745.978,17750.0,17743.95,17744.522
2024-03-04 00:20:00+00:00,17744.5165,17753.928,17743.489,17752.9835
2024-03-04 00:25:00+00:00,17754.0,17755.066499999997,17752.5,17753.5055
2024-03-04 00:30:00+00:00,17754.928,17758.5,17752.989,17755.0055
2024-03-04 00:35:00+00:00,17755.5055,17756.072,17753.433500000003,17755.4835
2024-03-04 00:40:00+00:00,17754.433500000003,17755.5165,17752.9445,17753.5055
2024-03-04 00:45:00+00:00,17754.066499999997,17755.4945,17753.011,17753.011
2024-03-04 00:50:00+00:00,17754.5,17758.516499999998,17754.011,17758.011
2024-03-04 00:55:00+00:00,17757.5055,17757.9835,17753.5,17753.5
2024-03-04 01:00:00+00:00,17754.516499999998,17757.5165,17753.0055,17753.016499999998
2024-03-04 01:05:00+00:00,17751.483500000002,17754.0555,17751.011,17752.989
2024-03-04 01:10:00+00:00,17753.933500000003,17761.5055,17753.933500000003,17760.05
2024-03-04 01:15:00+00:00,17760.566499999997,17761.0,17759.9945,17759.9945
2024-03-04 01:20:00+00:00,17759.5055,17761.55,17753.011,17753.011
2024-03-04 01:25:00+00:00,17752.5055,17759.0,17752.5055,17758.4445
2024-03-04 01:30:00+00:00,17760.0,17760.0,17755.0055,17758.072
2024-03-04 01:35:00+00:00,17758.45,17762.5055,17757.978,17760.5
2024-03-04 01:40:00+00:00,17759.5055,17760.522,17757.5,17758.0555
2024-03-04 01:45:00+00:00,17757.522,17762.0055,17756.939000000002,17760.522
2024-03-04 01:50:00+00:00,17760.0555,17760.0555,17752.0,17752.0
2024-03-04 01:55:00+00:00,17752.566499999997,17756.5,17752.5,17754.0555
2024-03-04 02:00:00+00:00,17753.45,17754.9445,17751.989,17751.989
2024-03-04 02:05:00+00:00,17751.016499999998,17751.016499999998,17748.939000000002,17750.0165
2024-03-04 02:10:00+00:00,17749.5,17751.4945,17748.5,17750.05
2024-03-04 02:15:00+00:00,17750.5055,17757.4445,17749.978,17756.0
2024-03-04 02:20:00+00:00,17755.428,17758.0,17753.428,17758.0
2024-03-04 02:25:00+00:00,17757.483500000002,17758.572,17755.933500000003,17758.0055
2024-03-04 02:30:00+00:00,17758.428,17762.060999999998,17757.011,17760.4945
2024-03-04 02:35:00+00:00,17758.9945,17760.989,17758.9945,17760.989
2024-03-04 02:40:00+00:00,17762.439000000002,17766.4945,17762.439000000002,17765.060999999998
2024-03-04 02:45:00+00:00,17765.511,17765.5555,17764.933500000003,17764.939000000002
2024-03-04 02:50:00+00:00,17763.0055,17764.0,17762.489,17763.011
2024-03-04 02:55:00+00:00,17763.928,17764.066499999997,17763.428,17764.0
2024-03-04 03:00:00+00:00,17763.572,17763.9945,17756.9835,17762.0
2024-03-04 03:05:00+00:00,17761.489,17761.989,17757.0055,17760.0
2024-03-04 03:10:00+00:00,17759.4945,17761.5,17758.0,17760.989
2024-03-04 03:15:00+00:00,17760.478,17762.0,17760.478,17761.9945
2024-03-04 03:20:00+00:00,17762.060999999998,17762.060999999998,17759.933500000003,17760.9945
2024-03-04 03:25:00+00:00,17759.9835,17762.05,17757.0,17760.0
2024-03-04 03:30:00+00:00,17760.55,17760.55,17756.5,17759.0
2024-03-04 03:35:00+00:00,17758.5055,17758.5055,17754.928,17755.989
2024-03-04 03:40:00+00:00,17756.566499999997,17756.566499999997,17752.5055,17755.011
2024-03-04 03:45:00+00:00,17755.238,17755.566499999997,17753.9445,17755.428
2024-03-04 03:50:00+00:00,17754.989,17760.022,17754.989,17758.9945
2024-03-04 03:55:00+00:00,17758.511,17758.989,17754.55,17756.483500000002
2024-03-04 04:00:00+00:00,17757.05,17757.9945,17756.428,17757.9945
2024-03-04 04:05:00+00:00,17757.4945,17759.016499999998,17757.0055,17757.0055
2024-03-04 04:10:00+00:00,17756.516499999998,17757.5555,17756.4835,17757.0
2024-03-04 04:15:00+00:00,17756.5055,17757.0,17754.4835,17756.066499999997
2024-03-04 04:20:00+00:00,17756.560999999998,17757.072,17755.522,17756.0
2024-03-04 04:25:00+00:00,17755.483500000002,17756.060999999998,17754.928,17754.939000000002
2024-03-04 04:30:00+00:00,17756.060999999998,17759.0555,17755.489,17759.011
2024-03-04 04:35:00+00:00,17758.483500000002,17761.511,17758.483500000002,17760.95
2024-03-04 04:40:00+00:00,17761.566499999997,17761.566499999997,17758.989,17759.9945
2024-03-04 04:45:00+00:00,17759.4945,17760.05,17754.5055,17756.0055
2024-03-04 04:50:00+00:00,17755.5,17757.05,17753.4945,17756.0055
2024-03-04 04:55:00+00:00,17756.483500000002,17756.55,17754.5055,17756.478
2024-03-04 05:00:00+00:00,17756.0,17757.0555,17754.489,17755.983500000002
2024-03-04 05:05:00+00:00,17755.511,17757.55,17755.489,17756.939000000002
2024-03-04 05:10:00+00:00,17757.9945,17757.9945,17753.9835,17754.0055
2024-03-04 05:15:00+00:00,17753.4835,17755.0055,17752.9835,17752.9835
2024-03-04 05:20:00+00:00,17753.483500000002,17754.0555,17752.5555,17753.011
2024-03-04 05:25:00+00:00,17753.572,17754.566499999997,17752.983500000002,17752.983500000002
2024-03-04 05:30:00+00:00,17753.516499999998,17753.516499999998,17752.989,17753.0
2024-03-04 05:35:00+00:00,17752.5,17752.5,17747.989,17748.9835
2024-03-04 05:40:00+00:00,17749.55,17749.55,17747.978,17748.933500000003
2024-03-04 05:45:00+00:00,17749.511,17749.572,17748.978,17749.5055
2024-03-04 05:50:00+00:00,17749.9945,17752.060999999998,17749.5055,17751.0055
2024-03-04 05:55:00+00:00,17751.928,17754.072,17750.983500000002,17751.9945
2024-03-04 06:00:00+00:00,17751.011,17751.011,17748.478,17748.9835
2024-03-04 06:05:00+00:00,17747.983500000002,17750.0055,17747.511,17750.0055
2024-03-04 06:10:00+00:00,17749.4445,17753.989,17748.4945,17753.989
2024-03-04 06:15:00+00:00,17752.95,17752.95,17750.978,17750.983500000002
2024-03-04 06:20:00+00:00,17749.95,17750.439000000002,17745.439000000002,17745.983500000002
2024-03-04 06:25:00+00:00,17745.5,17745.566499999997,17743.072,17743.4445
2024-03-04 06:30:00+00:00,17744.511,17750.0,17742.428,17749.9945
2024-03-04 06:35:00+00:00,17749.5055,17753.4445,17747.439000000002,17747.928
2024-03-04 06:40:00+00:00,17748.5,17748.511,17747.0,17747.978
2024-03-04 06:45:00+00:00,17748.4945,17755.522,17746.511,17753.5
2024-03-04 06:50:00+00:00,17753.0055,17761.516499999998,17752.939000000002,17761.4945
2024-03-04 06:55:00+00:00,17760.439000000002,17760.439000000002,17751.011,17751.011
2024-03-04 07:00:00+00:00,17752.066499999997,17753.5555,17742.5,17747.060999999998
2024-03-04 07:05:00+00:00,17747.511,17754.4945,17746.428,17748.5055
2024-03-04 07:10:00+00:00,17748.978,17749.0,17742.95,17744.5
2024-03-04 07:15:00+00:00,17744.0,17745.0055,17738.0,17739.066499999997
2024-03-04 07:20:00+00:00,17738.439000000002,17741.566499999997,17738.439000000002,17740.55
2024-03-04 07:25:00+00:00,17739.489,17741.0,17734.5555,17740.478
2024-03-04 07:30:00+00:00,17740.199,17740.478,17730.5,17735.439000000002
2024-03-04 07:35:00+00:00,17736.0165,17736.0165,17731.433500000003,17731.5
2024-03-04 07:40:00+00:00,17730.939000000002,17732.5,17726.4445,17726.4445
2024-03-04 07:45:00+00:00,17727.4945,17730.939000000002,17727.0,17730.5
2024-03-04 07:50:00+00:00,17730.978,17735.560999999998,17729.978,17732.522
2024-03-04 07:55:00+00:00,17732.011,17742.0,17732.011,17738.5
2024-03-04 08:00:00+00:00,17739.433500000003,17747.5055,17730.566499999997,17734.516499999998
2024-03-04 08:05:00+00:00,17735.5,17738.489,17731.5055,17737.016499999998
2024-03-04 08:10:00+00:00,17737.5055,17738.022,17728.4445,17731.5
2024-03-04 08:15:00+00:00,17730.45,17737.489,17721.45,17733.489
2024-03-04 08:20:00+00:00,17734.55,17737.0055,17723.5,17729.4945
2024-03-04 08:25:00+00:00,17728.989,17737.511,17726.478,17732.433500000003
2024-03-04 08:30:00+00:00,17731.983500000002,17732.5,17721.5,17724.011
2024-03-04 08:35:00+00:00,17722.983500000002,17730.566499999997,17719.3,17719.711
2024-03-04 08:40:00+00:00,17718.201,17725.0055,17712.989,17713.9945
2024-03-04 08:45:00+00:00,17714.5,17724.5555,17714.5,17719.9945
2024-03-04 08:50:00+00:00,17720.5055,17733.572,17720.5055,17730.5
2024-03-04 08:55:00+00:00,17729.9945,17730.5055,17722.5,17729.011
2024-03-04 09:00:00+00:00,17729.4445,17739.511,17729.4445,17738.5055
2024-03-04 09:05:00+00:00,17737.978,17738.5,17731.478,17736.428
2024-03-04 09:10:00+00:00,17737.0,17742.511,17733.489,17741.9945
2024-03-04 09:15:00+00:00,17742.5,17744.5,17737.428,17739.016499999998
2024-03-04 09:20:00+00:00,17739.5,17744.4445,17739.4945,17744.4445
2024-03-04 09:25:00+00:00,17743.4945,17746.522,17742.439000000002,17746.5055
2024-03-04 09:30:00+00:00,17747.011,17756.989,17744.5,17747.560999999998
2024-03-04 09:35:00+00:00,17747.9445,17753.9945,17746.4445,17751.516499999998
2024-03-04 09:40:00+00:00,17750.4945,17757.5,17749.4945,17755.5055
2024-03-04 09:45:00+00:00,17756.5,17757.45,17751.483500000002,17751.483500000002
2024-03-04 09:50:00+00:00,17752.0055,17753.511,17745.989,17746.5055
2024-03-04 09:55:00+00:00,17747.45,17747.522,17738.022,17738.4945
2024-03-04 10:00:00+00:00,17739.0,17743.511,17734.4945,17739.4945
2024-03-04 10:05:00+00:00,17739.016499999998,17748.572,17739.016499999998,17744.439000000002
2024-03-04 10:10:00+00:00,17745.4945,17750.072,17744.0,17744.939000000002
2024-03-04 10:15:00+00:00,17745.5,17745.5,17730.566499999997,17734.0
2024-03-04 10:20:00+00:00,17733.5555,17740.011,17731.522,17738.439000000002
2024-03-04 10:25:00+00:00,17737.95,17739.522,17732.4945,17733.483500000002
2024-03-04 10:30:00+00:00,17734.5555,17745.0,17733.511,17745.0
2024-03-04 10:35:00+00:00,17745.5,17745.5,17735.433500000003,17737.022
2024-03-04 10:40:00+00:00,17736.5,17739.072,17733.4945,17734.572
2024-03-04 10:45:00+00:00,17735.483500000002,17736.560999999998,17726.55,17729.5
2024-03-04 10:50:00+00:00,17729.0,17732.5055,17724.5,17731.95
2024-03-04 10:55:00+00:00,17731.428,17731.522,17727.0,17728.478
2024-03-04 11:00:00+00:00,17727.928,17727.928,17719.433500000003,17725.511
2024-03-04 11:05:00+00:00,17724.5,17725.5055,17714.4945,17717.4945
2024-03-04 11:10:00+00:00,17716.5,17724.566499999997,17715.5,17719.016499999998
2024-03-04 11:15:00+00:00,17719.4945,17723.0,17714.5,17716.566499999997
2024-03-04 11:20:00+00:00,17717.489,17717.489,17710.4445,17711.5
2024-03-04 11:25:00+00:00,17710.4945,17712.022,17705.4945,17705.5055
2024-03-04 11:30:00+00:00,17706.489,17709.516499999998,17703.5,17704.978
2024-03-04 11:35:00+00:00,17704.439000000002,17709.572,17701.4445,17708.511
2024-03-04 11:40:00+00:00,17707.572,17708.5055,17704.489,17706.4945
2024-03-04 11:45:00+00:00,17706.983500000002,17719.05,17706.4445,17717.478
2024-03-04 11:50:00+00:00,17718.428,17722.5555,17714.572,17718.4945
2024-03-04 11:55:00+00:00,17718.989,17721.4945,17716.978,17721.4945
2024-03-04 12:00:00+00:00,17722.0555,17725.5055,17719.478,17722.0555
2024-03-04 12:05:00+00:00,17722.5165,17726.4945,17717.439000000002,17721.5
2024-03-04 12:10:00+00:00,17721.797,17731.572,17721.797,17728.572
2024-03-04 12:15:00+00:00,17729.516499999998,17731.011,17726.45,17729.5
2024-03-04 12:20:00+00:00,17728.060999999998,17730.9945,17726.560999999998,17730.5555
2024-03-04 12:25:00+00:00,17731.060999999998,17741.5055,17730.45,17738.5555
2024-03-04 12:30:00+00:00,17737.989,17746.572,17736.572,17746.572
2024-03-04 12:35:00+00:00,17745.4945,17748.5,17741.439000000002,17746.5055
2024-03-04 12:40:00+00:00,17747.478,17750.072,17742.478,17745.572
2024-03-04 12:45:00+00:00,17745.0055,17745.428,17733.428,17733.55
2024-03-04 12:50:00+00:00,17732.5,17741.439000000002,17730.511,17738.022
2024-03-04 12:55:00+00:00,17738.4445,17741.5555,17734.439000000002,17734.933500000003
2024-03-04 13:00:00+00:00,17734.4945,17735.022,17722.45,17725.0055
2024-03-04 13:05:00+00:00,17724.511,17732.5055,17721.439000000002,17730.489
2024-03-04 13:10:00+00:00,17731.511,17732.5555,17726.0555,17730.522
2024-03-04 13:15:00+00:00,17730.9945,17736.0555,17730.5555,17734.5
2024-03-04 13:20:00+00:00,17734.978,17736.428,17729.45,17732.489
2024-03-04 13:25:00+00:00,17731.433500000003,17735.511,17729.428,17735.511
2024-03-04 13:30:00+00:00,17735.933500000003,17736.511,17730.478,17734.011
2024-03-04 13:35:00+00:00,17733.852000000003,17740.433500000003,17730.978,17740.011
2024-03-04 13:40:00+00:00,17739.4945,17744.572,17738.5,17740.4945
2024-03-04 13:45:00+00:00,17739.939000000002,17742.0,17734.433500000003,17735.011
2024-03-04 13:50:00+00:00,17734.478,17736.5055,17728.933500000003,17733.4945
2024-03-04 13:55:00+00:00,17732.5055,17733.5,17719.489,17720.489
2024-03-04 14:00:00+00:00,17721.5555,17722.45,17709.95,17711.016499999998
2024-03-04 14:05:00+00:00,17710.45,17711.4945,17702.4445,17702.4835
2024-03-04 14:10:00+00:00,17703.5555,17705.511,17690.45,17690.5
2024-03-04 14:15:00+00:00,17691.0,17707.522,17691.0,17702.433500000003
2024-03-04 14:20:00+00:00,17701.5,17701.989,17692.4445,17696.511
2024-03-04 14:25:00+00:00,17697.478,17705.0555,17695.572,17702.489
2024-03-04 14:30:00+00:00,17703.0055,17709.011,17695.933500000003,17700.511
2024-03-04 14:35:00+00:00,17701.55,17705.4945,17695.45,17701.060999999998
2024-03-04 14:40:00+00:00,17700.478,17703.5,17688.478,17690.4945
2024-03-04 14:45:00+00:00,17691.011,17702.489,17690.489,17701.011
2024-03-04 14:50:00+00:00,17701.483500000002,17705.511,17693.560999999998,17700.928
2024-03-04 14:55:00+00:00,17701.5,17705.5055,17692.5,17697.4445
2024-03-04 15:00:00+00:00,17698.0,17703.4945,17694.4945,17700.011
2024-03-04 15:05:00+00:00,17700.5,17701.0055,17687.0,17690.983500000002
2024-03-04 15:10:00+00:00,17690.5,17694.478,17685.478,17687.072
2024-03-04 15:15:00+00:00,17687.5,17690.511,17684.439000000002,17688.55
2024-03-04 15:20:00+00:00,17689.05,17690.566499999997,17684.5,17690.566499999997
2024-03-04 15:25:00+00:00,17690.0,17698.522,17688.4835,17695.566499999997
2024-03-04 15:30:00+00:00,17694.989,17702.522,17693.5,17702.0
2024-03-04 15:35:00+00:00,17701.489,17703.566499999997,17695.9945,17700.989
2024-03-04 15:40:00+00:00,17700.5555,17704.5555,17698.95,17704.5555
2024-03-04 15:45:00+00:00,17703.989,17704.55,17699.989,17701.511
2024-03-04 15:50:00+00:00,17702.516499999998,17704.5,17701.489,17703.489
2024-03-04 15:55:00+00:00,17703.0,17709.566499999997,17701.439000000002,17709.560999999998
2024-03-04 16:00:00+00:00,17709.95,17715.55,17708.5165,17714.4945
2024-03-04 16:05:00+00:00,17714.011,17714.572,17708.9945,17714.016499999998
2024-03-04 16:10:00+00:00,17714.5555,17715.522,17711.978,17715.4945
2024-03-04 16:15:00+00:00,17716.439000000002,17716.511,17713.428,17714.428
2024-03-04 16:20:00+00:00,17714.0,17716.560999999998,17712.489,17713.439000000002
2024-03-04 16:25:00+00:00,17713.022,17718.5555,17713.0,17716.516499999998
2024-03-04 16:30:00+00:00,17717.439000000002,17720.572,17713.5,17714.5
2024-03-04 16:35:00+00:00,17715.428,17721.55,17712.566499999997,17721.5
2024-03-04 16:40:00+00:00,17722.428,17726.5055,17719.478,17719.4945
2024-03-04 16:45:00+00:00,17718.989,17720.489,17710.489,17711.489
2024-03-04 16:50:00+00:00,17710.511,17714.0055,17708.433500000003,17709.560999999998
2024-03-04 16:55:00+00:00,17708.9945,17714.560999999998,17708.4835,17713.489
2024-03-04 17:00:00+00:00,17712.939000000002,17713.5055,17708.4445,17712.5
2024-03-04 17:05:00+00:00,17713.0,17713.5055,17707.489,17709.072
2024-03-04 17:10:00+00:00,17708.5,17712.560999999998,17708.483500000002,17710.516499999998
2024-03-04 17:15:00+00:00,17710.9945,17713.4945,17710.483500000002,17712.516499999998
2024-03-04 17:20:00+00:00,17713.4835,17720.478,17712.489,17717.572
2024-03-04 17:25:00+00:00,17717.072,17722.016499999998,17716.428,17721.5555
2024-03-04 17:30:00+00:00,17722.0165,17722.522,17717.439000000002,17717.489
2024-03-04 17:35:00+00:00,17717.9945,17719.560999999998,17714.5,17714.5
2024-03-04 17:40:00+00:00,17715.0055,17719.4945,17714.433500000003,17714.433500000003
2024-03-04 17:45:00+00:00,17715.0055,17716.478,17713.433500000003,17713.433500000003
2024-03-04 17:50:00+00:00,17713.939000000002,17717.4835,17712.428,17716.522
2024-03-04 17:55:00+00:00,17716.0055,17717.4445,17714.45,17715.5555
2024-03-04 18:00:00+00:00,17716.4945,17716.989,17713.5,17714.4945
2024-03-04 18:05:00+00:00,17714.9945,17715.5,17707.5,17709.478
2024-03-04 18:10:00+00:00,17709.989,17710.511,17704.0,17704.4945
2024-03-04 18:15:00+00:00,17705.0555,17706.511,17701.489,17704.5555
2024-03-04 18:20:00+00:00,17704.983500000002,17704.983500000002,17698.4835,17699.522
2024-03-04 18:25:00+00:00,17698.989,17701.522,17696.933500000003,17699.511
2024-03-04 18:30:00+00:00,17699.0055,17706.572,17698.489,17705.5055
2024-03-04 18:35:00+00:00,17704.9445,17709.489,17704.428,17705.983500000002
2024-03-04 18:40:00+00:00,17706.4835,17711.522,17706.4835,17710.439000000002
2024-03-04 18:45:00+00:00,17709.9835,17711.572,17709.428,17710.0
2024-03-04 18:50:00+00:00,17710.489,17712.5165,17709.428,17712.5165
2024-03-04 18:55:00+00:00,17712.0555,17712.489,17708.428,17710.4945
2024-03-04 19:00:00+00:00,17709.489,17711.0055,17707.5,17708.516499999998
2024-03-04 19:05:00+00:00,17709.5,17710.072,17704.572,17706.989
2024-03-04 19:10:00+00:00,17706.5,17708.572,17706.428,17707.5
2024-03-04 19:15:00+00:00,17706.928,17709.483500000002,17706.928,17708.011
2024-03-04 19:20:00+00:00,17707.5055,17708.066499999997,17694.4945,17700.5
2024-03-04 19:25:00+00:00,17700.989,17707.0,17699.5055,17705.05
2024-03-04 19:30:00+00:00,17705.522,17711.978,17704.439000000002,17710.439000000002
2024-03-04 19:35:00+00:00,17711.011,17729.483500000002,17709.45,17728.989
2024-03-04 19:40:00+00:00,17728.5055,17729.9945,17721.9945,17724.5
2024-03-04 19:45:00+00:00,17723.978,17724.9945,17716.5055,17722.522
2024-03-04 19:50:00+00:00,17723.0055,17726.5,17721.439000000002,17725.489
2024-03-04 19:55:00+00:00,17726.0055,17729.511,17722.4945,17722.4945
2024-03-04 20:00:00+00:00,17721.4945,17722.5,17716.489,17716.489
2024-03-04 20:05:00+00:00,17716.5,17721.0165,17715.483500000002,17720.483500000002
2024-03-04 20:10:00+00:00,17721.0555,17724.511,17719.5,17723.9945
2024-03-04 20:15:00+00:00,17723.5,17724.55,17719.489,17721.5055
2024-03-04 20:20:00+00:00,17721.0055,17721.428,17717.989,17719.0165
2024-03-04 20:25:00+00:00,17719.5,17719.989,17712.4945,17714.0055
2024-03-04 20:30:00+00:00,17714.4835,17715.560999999998,17710.9945,17711.939000000002
2024-03-04 20:35:00+00:00,17711.522,17715.483500000002,17705.4445,17714.983500000002
2024-03-04 20:40:00+00:00,17715.5055,17716.560999999998,17711.433500000003,17711.4945
2024-03-04 20:45:00+00:00,17709.4945,17711.566499999997,17702.522,17704.511
2024-03-04 20:50:00+00:00,17706.5,17707.572,17702.439000000002,17705.9945
2024-03-04 20:55:00+00:00,17706.489,17708.566499999997,17701.4445,17705.4835
2024-03-04 21:00:00+00:00,17705.227000000003,17706.7055,17697.2,17700.7
2024-03-04 21:05:00+00:00,17699.8055,17700.633500000004,17695.483500000002,17696.389000000003
2024-03-04 21:10:00+00:00,17695.4945,17695.4945,17690.9,17691.8055
2024-03-04 23:00:00+00:00,17688.983500000002,17695.411,17688.983500000002,17692.4
2024-03-04 23:05:00+00:00,17692.9,17693.233500000002,17683.8055,17686.3335
2024-03-04 23:10:00+00:00,17686.728,17687.216500000002,17675.989,17681.9055
2024-03-04 23:15:00+00:00,17681.4945,17682.9665,17679.239,17682.8335
2024-03-04 23:20:00+00:00,17682.089,17686.472,17682.089,17683.778
2024-03-04 23:25:00+00:00,17684.7555,17685.5165,17681.678,17683.461
2024-03-04 23:30:00+00:00,17684.1945,17685.122,17680.511,17684.022
2024-03-04 23:35:00+00:00,17684.789,17685.711,17683.0945,17684.0055
2024-03-04 23:40:00+00:00,17683.110999999997,17684.066499999997,17679.689000000002,17680.5055
2024-03-04 23:45:00+00:00,17679.7055,17679.855499999998,17677.089,17678.1665
2024-03-04 23:50:00+00:00,17678.8835,17678.8835,17675.433500000003,17678.0445
2024-03-04 23:55:00+00:00,17677.1835,17678.1,17674.55,17675.360999999997
2024-03-05 00:00:00+00:00,17675.171000000002,17681.4055,17671.883500000004,17680.5555
2024-03-05 00:05:00+00:00,17681.4,17684.0555,17679.722,17682.2
2024-03-05 00:10:00+00:00,17681.35,17683.1945,17677.689000000002,17678.433500000003
2024-03-05 00:15:00+00:00,17696.989,17702.4945,17693.516499999998,17693.516499999998
2024-03-05 00:20:00+00:00,17693.5,17693.5,17689.978,17690.560999999998
2024-03-05 00:25:00+00:00,17690.978,17694.05,17690.511,17691.489
2024-03-05 00:30:00+00:00,17692.0055,17692.572,17690.4945,17691.433500000003
2024-03-05 00:35:00+00:00,17692.5,17692.5,17689.433500000003,17690.489
2024-03-05 00:40:00+00:00,17690.989,17693.489,17688.4945,17690.4945
2024-03-05 00:45:00+00:00,17689.9835,17690.5,17682.9945,17684.428
2024-03-05 00:50:00+00:00,17685.5,17688.4945,17685.5,17686.5
2024-03-05 00:55:00+00:00,17686.0,17687.989,17685.5,17685.5165
2024-03-05 01:00:00+00:00,17686.0,17687.9835,17679.511,17682.566499999997
2024-03-05 01:05:00+00:00,17683.0165,17685.5,17681.511,17685.5
2024-03-05 01:10:00+00:00,17684.9945,17684.9945,17680.928,17681.5055
2024-03-05 01:15:00+00:00,17682.5055,17684.0,17677.978,17678.989
2024-03-05 01:20:00+00:00,17679.5,17680.011,17672.439000000002,17678.5
2024-03-05 01:25:00+00:00,17678.95,17678.9945,17672.5,17673.489
2024-03-05 01:30:00+00:00,17672.5,17675.5,17671.0055,17673.0
2024-03-05 01:35:00+00:00,17673.489,17674.516499999998,17670.516499999998,17673.489
2024-03-05 01:40:00+00:00,17675.45,17680.5,17673.511,17678.5165
2024-03-05 01:45:00+00:00,17677.988,17677.988,17670.928,17671.566499999997
2024-03-05 01:50:00+00:00,17671.022,17674.478,17671.0,17673.5
2024-03-05 01:55:00+00:00,17673.989,17680.560999999998,17673.433500000003,17680.560999999998
2024-03-05 02:00:00+00:00,17681.016499999998,17681.5055,17674.511,17675.5
2024-03-05 02:05:00+00:00,17676.433500000003,17677.5055,17675.4945,17676.511
2024-03-05 02:10:00+00:00,17675.560999999998,17675.560999999998,17673.0555,17674.5
2024-03-05 02:15:00+00:00,17674.0165,17676.4945,17673.489,17676.4945
2024-03-05 02:20:00+00:00,17677.5,17679.5,17676.560999999998,17679.5
2024-03-05 02:25:00+00:00,17678.5055,17678.5055,17673.0,17674.5055
2024-03-05 02:30:00+00:00,17675.066499999997,17678.5165,17674.5055,17677.5
2024-03-05 02:35:00+00:00,17677.989,17678.4945,17675.5055,17675.5055
2024-03-05 02:40:00+00:00,17675.022,17675.022,17671.428,17672.483500000002
2024-03-05 02:45:00+00:00,17672.011,17672.55,17670.483500000002,17671.9945
2024-03-05 02:50:00+00:00,17671.428,17672.5555,17670.483500000002,17672.511
2024-03-05 02:55:00+00:00,17672.9945,17672.9945,17671.489,17672.4835
2024-03-05 03:00:00+00:00,17673.05,17674.5165,17673.05,17674.5
2024-03-05 03:05:00+00:00,17673.983500000002,17674.5,17673.983500000002,17674.0
2024-03-05 03:10:00+00:00,17673.95,17673.95,17673.522,17673.522
2024-03-05 03:15:00+00:00,17674.022,17674.5,17673.489,17673.489
2024-03-05 03:20:00+00:00,17674.5055,17674.5055,17672.5,17672.5
2024-03-05 03:25:00+00:00,17671.989,17675.0,17671.989,17673.522
2024-03-05 03:30:00+00:00,17673.254500000003,17676.0,17673.066499999997,17674.5
2024-03-05 03:35:00+00:00,17675.439000000002,17678.5055,17675.439000000002,17678.4945
2024-03-05 03:40:00+00:00,17679.0,17679.511,17678.0055,17679.483500000002
2024-03-05 03:45:00+00:00,17680.011,17680.5055,17677.439000000002,17677.439000000002
2024-03-05 03:50:00+00:00,17676.4835,17676.489,17674.4445,17676.489
2024-03-05 03:55:00+00:00,17675.5,17681.011,17675.5,17679.511
2024-03-05 04:00:00+00:00,17680.0055,17680.483500000002,17678.439000000002,17679.428
2024-03-05 04:05:00+00:00,17680.0,17680.022,17677.4945,17678.060999999998
2024-03-05 04:10:00+00:00,17677.45,17678.0,17674.933500000003,17675.439000000002
2024-03-05 04:15:00+00:00,17674.9945,17676.9835,17674.933500000003,17676.489
2024-03-05 04:20:00+00:00,17677.0,17677.0,17675.5,17676.5
2024-03-05 04:25:00+00:00,17676.011,17677.4945,17674.4945,17676.489
2024-03-05 04:30:00+00:00,17675.9445,17677.572,17674.428,17674.428
2024-03-05 04:35:00+00:00,17675.05,17676.560999999998,17673.489,17673.489
2024-03-05 04:40:00+00:00,17674.566499999997,17674.566499999997,17674.566499999997,17674.566499999997
2024-03-05 04:45:00+00:00,17673.9945,17679.0165,17673.9945,17676.5055
2024-03-05 04:50:00+00:00,17675.5,17678.4945,17675.5,17678.4945
2024-03-05 04:55:00+00:00,17677.5555,17679.0055,17677.5555,17678.489
2024-03-05 05:00:00+00:00,17677.983500000002,17678.489,17675.439000000002,17675.5
2024-03-05 05:05:00+00:00,17674.4945,17675.0055,17674.4945,17674.5165
2024-03-05 05:10:00+00:00,17674.9945,17674.9945,17674.5055,17674.5055
2024-03-05 05:15:00+00:00,17674.9445,17678.511,17674.9445,17677.5055
2024-03-05 05:20:00+00:00,17678.011,17679.0,17675.489,17675.489
2024-03-05 05:25:00+00:00,17675.0,17675.0,17672.978,17674.511
2024-03-05 05:30:00+00:00,17673.5,17674.5,17671.95,17671.95
2024-03-05 05:35:00+00:00,17671.511,17672.4945,17670.478,17672.4945
2024-03-05 05:40:00+00:00,17672.0055,17672.0055,17665.478,17669.5
2024-03-05 05:45:00+00:00,17668.489,17669.5,17667.5,17668.4945
2024-03-05 05:50:00+00:00,17669.072,17669.433500000003,17660.433500000003,17660.5
2024-03-05 05:55:00+00:00,17660.989,17662.5165,17659.4945,17661.0055
2024-03-05 06:00:00+00:00,17660.439000000002,17662.933500000003,17660.0555,17661.0055
2024-03-05 06:05:00+00:00,17661.4835,17666.0,17653.511,17657.5
2024-03-05 06:10:00+00:00,17656.4945,17658.572,17652.5,17653.5
2024-03-05 06:15:00+00:00,17653.9945,17658.5055,17652.928,17652.928
2024-03-05 06:20:00+00:00,17653.522,17653.522,17649.5055,17651.439000000002
2024-03-05 06:25:00+00:00,17649.5,17651.5055,17648.428,17648.428
2024-03-05 06:30:00+00:00,17647.45,17647.45,17642.5055,17643.478
2024-03-05 06:35:00+00:00,17641.511,17642.5055,17634.983500000002,17637.428
2024-03-05 06:40:00+00:00,17638.5055,17640.572,17636.989,17638.5055
2024-03-05 06:45:00+00:00,17637.978,17645.566499999997,17637.066499999997,17642.489
2024-03-05 06:50:00+00:00,17643.489,17644.5,17636.939000000002,17638.0
2024-03-05 06:55:00+00:00,17638.5,17642.5,17638.483500000002,17642.5
2024-03-05 07:00:00+00:00,17642.749,17657.0055,17638.5,17651.5
2024-03-05 07:05:00+00:00,17650.511,17660.522,17646.5555,17658.983500000002
2024-03-05 07:10:00+00:00,17659.511,17661.572,17652.5055,17652.5055
2024-03-05 07:15:00+00:00,17651.9945,17654.511,17646.011,17653.516499999998
2024-03-05 07:20:00+00:00,17651.9945,17657.0055,17648.5555,17651.0055
2024-03-05 07:25:00+00:00,17650.5,17658.4945,17648.95,17656.483500000002
2024-03-05 07:30:00+00:00,17656.060999999998,17659.9945,17652.939000000002,17659.060999999998
2024-03-05 07:35:00+00:00,17658.560999999998,17659.45,17654.928,17658.928
2024-03-05 07:40:00+00:00,17658.4945,17661.022,17657.989,17659.5055
2024-03-05 07:45:00+00:00,17659.983500000002,17662.511,17659.0,17662.0
2024-03-05 07:50:00+00:00,17662.5,17670.0,17660.9445,17668.489
2024-03-05 07:55:00+00:00,17667.9945,17679.4945,17665.060999999998,17677.928
2024-03-05 08:00:00+00:00,17677.560999999998,17692.072,17676.95,17686.45
2024-03-05 08:05:00+00:00,17686.9835,17690.560999999998,17679.55,17688.989
2024-03-05 08:10:00+00:00,17689.428,17692.0055,17669.939000000002,17671.566499999997
2024-03-05 08:15:00+00:00,17671.213,17680.933500000003,17671.213,17675.55
2024-03-05 08:20:00+00:00,17674.9945,17676.022,17656.9445,17663.489
2024-03-05 08:25:00+00:00,17664.060999999998,17674.0,17660.5,17672.4945
2024-03-05 08:30:00+00:00,17673.566499999997,17675.072,17659.566499999997,17663.05
2024-03-05 08:35:00+00:00,17663.45,17667.5055,17656.9945,17658.016499999998
2024-03-05 08:40:00+00:00,17657.511,17658.989,17647.928,17652.511
2024-03-05 08:45:00+00:00,17652.011,17666.011,17647.0,17662.5
2024-03-05 08:50:00+00:00,17662.201,17665.016499999998,17655.933500000003,17662.522
2024-03-05 08:55:00+00:00,17661.933500000003,17663.560999999998,17642.4945,17646.5
2024-03-05 09:00:00+00:00,17647.0,17661.011,17642.978,17658.9945
2024-03-05 09:05:00+00:00,17659.5165,17665.0,17652.489,17660.983500000002
2024-03-05 09:10:00+00:00,17661.4445,17668.011,17658.978,17660.989
2024-03-05 09:15:00+00:00,17661.9945,17667.939000000002,17660.478,17663.511
2024-03-05 09:20:00+00:00,17663.0,17674.439000000002,17660.933500000003,17669.566499999997
2024-03-05 09:25:00+00:00,17668.9945,17677.566499999997,17667.011,17676.55
2024-03-05 09:30:00+00:00,17676.066499999997,17678.060999999998,17673.983500000002,17676.066499999997
2024-03-05 09:35:00+00:00,17675.0,17675.0,17661.989,17665.0
2024-03-05 09:40:00+00:00,17666.066499999997,17671.5,17664.4945,17667.989
2024-03-05 09:45:00+00:00,17667.489,17669.05,17657.928,17659.428
2024-03-05 09:50:00+00:00,17659.9835,17665.060999999998,17656.489,17663.9945
2024-03-05 09:55:00+00:00,17664.5055,17674.066499999997,17663.5555,17671.978
2024-03-05 10:00:00+00:00,17673.0165,17677.0555,17669.939000000002,17671.433500000003
2024-03-05 10:05:00+00:00,17670.9835,17674.989,17670.9835,17674.5055
2024-03-05 10:10:00+00:00,17674.0055,17674.55,17668.9945,17673.5
2024-03-05 10:15:00+00:00,17673.939000000002,17684.011,17673.939000000002,17684.011
2024-03-05 10:20:00+00:00,17683.483500000002,17684.060999999998,17679.928,17682.0
2024-03-05 10:25:00+00:00,17682.5055,17683.011,17674.928,17676.016499999998
2024-03-05 10:30:00+00:00,17676.5,17684.4945,17676.5,17683.489
2024-03-05 10:35:00+00:00,17682.989,17694.566499999997,17682.9445,17693.0165
2024-03-05 10:40:00+00:00,17694.0055,17696.060999999998,17688.0165,17688.4835
2024-03-05 10:45:00+00:00,17688.0555,17691.05,17683.516499999998,17685.4945
2024-03-05 10:50:00+00:00,17684.522,17697.9945,17684.522,17697.95
2024-03-05 10:55:00+00:00,17698.55,17701.0,17690.0055,17690.5
2024-03-05 11:00:00+00:00,17691.060999999998,17702.072,17691.060999999998,17701.0
2024-03-05 11:05:00+00:00,17701.483500000002,17703.05,17697.983500000002,17697.983500000002
2024-03-05 11:10:00+00:00,17699.05,17703.0165,17698.0555,17699.0055
2024-03-05 11:15:00+00:00,17699.5055,17706.939000000002,17699.5055,17701.939000000002
2024-03-05 11:20:00+00:00,17703.0,17706.9945,17700.978,17705.989
2024-03-05 11:25:00+00:00,17707.011,17709.989,17706.0,17706.9445
2024-03-05 11:30:00+00:00,17707.9945,17713.016499999998,17707.011,17713.016499999998
2024-03-05 11:35:00+00:00,17712.5,17713.011,17699.9945,17701.5055
2024-03-05 11:40:00+00:00,17701.9945,17703.05,17696.928,17699.478
2024-03-05 11:45:00+00:00,17699.0055,17702.0055,17695.928,17698.0
2024-03-05 11:50:00+00:00,17698.5,17700.066499999997,17693.983500000002,17700.060999999998
2024-03-05 11:55:00+00:00,17700.4445,17701.060999999998,17697.983500000002,17698.511
2024-03-05 12:00:00+00:00,17699.0055,17703.0055,17698.0,17700.0555
2024-03-05 12:05:00+00:00,17700.5055,17709.4945,17700.0,17706.0
2024-03-05 12:10:00+00:00,17704.989,17714.0,17704.95,17712.989
2024-03-05 12:15:00+00:00,17713.95,17717.489,17712.0,17713.983500000002
2024-03-05 12:20:00+00:00,17713.566499999997,17717.0,17706.9835,17708.05
2024-03-05 12:25:00+00:00,17709.0,17713.066499999997,17708.0,17708.0
2024-03-05 12:30:00+00:00,17706.9945,17710.011,17701.95,17703.0
2024-03-05 12:35:00+00:00,17701.989,17702.5,17694.428,17696.0055
2024-03-05 12:40:00+00:00,17695.4945,17700.5055,17695.439000000002,17697.0055
2024-03-05 12:45:00+00:00,17696.0555,17700.0555,17693.0055,17695.9945
2024-03-05 12:50:00+00:00,17695.5055,17699.5555,17694.9945,17697.0
2024-03-05 12:55:00+00:00,17696.0,17698.011,17693.933500000003,17694.5
2024-03-05 13:00:00+00:00,17694.0,17706.0555,17694.0,17697.939000000002
2024-03-05 13:05:00+00:00,17697.489,17707.066499999997,17696.0055,17701.0165
2024-03-05 13:10:00+00:00,17702.489,17711.011,17701.9945,17710.011
2024-03-05 13:15:00+00:00,17709.516499999998,17715.011,17708.011,17714.983500000002
2024-03-05 13:20:00+00:00,17715.9945,17716.933500000003,17707.928,17707.928
2024-03-05 13:25:00+00:00,17708.433500000003,17708.95,17700.989,17701.9945
2024-03-05 13:30:00+00:00,17702.9835,17707.0055,17701.0,17703.928
2024-03-05 13:35:00+00:00,17702.989,17707.0055,17700.989,17701.9945
2024-03-05 13:40:00+00:00,17703.0,17703.0,17691.9945,17699.0165
2024-03-05 13:45:00+00:00,17698.489,17706.9945,17696.4945,17706.511
2024-03-05 13:50:00+00:00,17706.0,17719.066499999997,17703.933500000003,17714.0
2024-03-05 13:55:00+00:00,17714.5,17718.0165,17709.928,17710.983500000002
2024-03-05 14:00:00+00:00,17712.05,17716.05,17710.011,17712.9945
2024-03-05 14:05:00+00:00,17711.95,17712.011,17703.95,17707.5055
2024-03-05 14:10:00+00:00,17706.983500000002,17710.060999999998,17701.978,17702.072
2024-03-05 14:15:00+00:00,17702.428,17707.022,17698.011,17707.022
2024-03-05 14:20:00+00:00,17705.9945,17719.011,17705.483500000002,17718.0055
2024-03-05 14:25:00+00:00,17718.4835,17725.066499999997,17714.989,17722.0
2024-03-05 14:30:00+00:00,17723.0055,17728.066499999997,17711.9445,17716.989
2024-03-05 14:35:00+00:00,17715.95,17722.066499999997,17708.560999999998,17721.9445
2024-03-05 14:40:00+00:00,17721.489,17734.933500000003,17718.9835,17733.489
2024-03-05 14:45:00+00:00,17732.4945,17738.060999999998,17725.983500000002,17731.933500000003
2024-03-05 14:50:00+00:00,17731.0055,17737.066499999997,17723.0055,17728.5
2024-03-05 14:55:00+00:00,17728.9945,17729.9945,17724.933500000003,17729.05
2024-03-05 15:00:00+00:00,17728.433500000003,17748.5,17727.723,17739.433500000003
2024-03-05 15:05:00+00:00,17738.723,17739.060999999998,17725.022,17726.011
2024-03-05 15:10:00+00:00,17725.212,17735.066499999997,17723.0,17733.0165
2024-03-05 15:15:00+00:00,17734.011,17738.9945,17722.0055,17724.05
2024-03-05 15:20:00+00:00,17723.0055,17726.022,17711.0,17711.5
2024-03-05 15:25:00+00:00,17710.9945,17722.0055,17708.9445,17719.0
2024-03-05 15:30:00+00:00,17718.0,17721.0055,17699.939000000002,17701.0555
2024-03-05 15:35:00+00:00,17701.9945,17707.0055,17691.0,17694.5055
2024-03-05 15:40:00+00:00,17693.9945,17703.4445,17691.022,17692.066499999997
2024-03-05 15:45:00+00:00,17691.0,17700.0,17684.0055,17684.428
2024-03-05 15:50:00+00:00,17683.989,17690.011,17680.0055,17683.978
2024-03-05 15:55:00+00:00,17685.0,17689.072,17678.4445,17682.5
2024-03-05 16:00:00+00:00,17682.0055,17692.9835,17677.4945,17690.5
2024-03-05 16:05:00+00:00,17690.933500000003,17698.9945,17688.0,17691.989
2024-03-05 16:10:00+00:00,17691.0055,17692.572,17683.489,17688.016499999998
2024-03-05 16:15:00+00:00,17687.45,17693.05,17684.989,17692.0
2024-03-05 16:20:00+00:00,17691.516499999998,17693.0165,17686.0055,17692.0165
2024-03-05 16:25:00+00:00,17692.5,17695.5,17687.016499999998,17695.0555
2024-03-05 16:30:00+00:00,17694.234,17698.072,17694.0,17694.5
2024-03-05 16:35:00+00:00,17696.428,17703.0055,17695.989,17699.060999999998
2024-03-05 16:40:00+00:00,17698.439000000002,17701.0165,17684.983500000002,17689.989
2024-03-05 16:45:00+00:00,17690.5,17692.072,17687.5,17689.5055
2024-03-05 16:50:00+00:00,17688.9945,17690.066499999997,17681.95,17683.011
2024-03-05 16:55:00+00:00,17682.4945,17690.572,17680.978,17690.572
2024-03-05 17:00:00+00:00,17690.011,17697.022,17690.011,17696.0055
2024-03-05 17:05:00+00:00,17695.45,17698.011,17694.928,17696.0
2024-03-05 17:10:00+00:00,17696.0055,17702.0,17695.0,17699.939000000002
2024-03-05 17:15:00+00:00,17700.4835,17700.5555,17694.939000000002,17698.011
2024-03-05 17:20:00+00:00,17698.5,17706.0055,17697.0,17705.511
2024-03-05 17:25:00+00:00,17706.0055,17711.483500000002,17705.483500000002,17710.928
2024-03-05 17:30:00+00:00,17711.489,17713.011,17707.939000000002,17710.483500000002
2024-03-05 17:35:00+00:00,17711.011,17712.0055,17705.5165,17707.0055
2024-03-05 17:40:00+00:00,17706.0055,17706.95,17699.511,17704.9945
2024-03-05 17:45:00+00:00,17704.5555,17710.016499999998,17704.0,17704.0
2024-03-05 17:50:00+00:00,17704.5055,17707.511,17700.939000000002,17706.011
2024-03-05 17:55:00+00:00,17706.433500000003,17708.511,17705.933500000003,17706.5055
2024-03-05 18:00:00+00:00,17707.0055,17707.0055,17699.9445,17700.983500000002
2024-03-05 18:05:00+00:00,17701.489,17707.022,17698.983500000002,17707.022
2024-03-05 18:10:00+00:00,17707.45,17709.05,17702.439000000002,17703.05
2024-03-05 18:15:00+00:00,17703.5055,17704.0,17690.4945,17690.978
2024-03-05 18:20:00+00:00,17691.5055,17695.072,17690.0055,17691.939000000002
2024-03-05 18:25:00+00:00,17692.4945,17700.072,17691.478,17697.511
2024-03-05 18:30:00+00:00,17697.989,17708.066499999997,17695.0055,17704.066499999997
2024-03-05 18:35:00+00:00,17704.5055,17706.478,17691.978,17694.978
2024-03-05 18:40:00+00:00,17695.5,17695.9945,17684.95,17687.022
2024-03-05 18:45:00+00:00,17686.5555,17688.011,17682.989,17685.011
2024-03-05 18:50:00+00:00,17685.5,17690.072,17677.066499999997,17686.5
2024-03-05 18:55:00+00:00,17687.0,17687.0,17676.0,17676.522
2024-03-05 19:00:00+00:00,17676.0,17679.5,17671.939000000002,17677.072
2024-03-05 19:05:00+00:00,17677.4945,17683.066499999997,17671.0555,17680.483500000002
2024-03-05 19:10:00+00:00,17681.0,17687.0,17678.933500000003,17680.4945
2024-03-05 19:15:00+00:00,17681.05,17687.9945,17680.45,17680.9945
2024-03-05 19:20:00+00:00,17681.489,17685.066499999997,17678.9445,17680.9945
2024-03-05 19:25:00+00:00,17682.060999999998,17684.0055,17679.9945,17681.5
2024-03-05 19:30:00+00:00,17681.9945,17681.9945,17666.9945,17666.9945
2024-03-05 19:35:00+00:00,17667.511,17672.9945,17664.983500000002,17668.95
2024-03-05 19:40:00+00:00,17669.5,17673.0055,17663.0055,17663.939000000002
2024-03-05 19:45:00+00:00,17664.516499999998,17664.516499999998,17654.9945,17655.516499999998
2024-03-05 19:50:00+00:00,17655.989,17657.9945,17649.0,17649.989
2024-03-05 19:55:00+00:00,17649.4445,17652.5,17647.0555,17650.060999999998
2024-03-05 20:00:00+00:00,17649.510000000002,17649.510000000002,17642.0055,17646.489
2024-03-05 20:05:00+00:00,17647.0165,17653.0,17644.011,17646.0055
2024-03-05 20:10:00+00:00,17645.560999999998,17649.0055,17638.928,17638.989
2024-03-05 20:15:00+00:00,17639.5165,17641.516499999998,17633.0,17633.0
2024-03-05 20:20:00+00:00,17633.45,17635.55,17624.989,17634.066499999997
2024-03-05 20:25:00+00:00,17633.516499999998,17635.983500000002,17630.433500000003,17632.560999999998
2024-03-05 20:30:00+00:00,17632.933500000003,17648.55,17631.428,17647.9945
2024-03-05 20:35:00+00:00,17647.4945,17651.022,17644.983500000002,17645.0055
2024-03-05 20:40:00+00:00,17645.45,17649.072,17640.983500000002,17647.0555
2024-03-05 20:45:00+00:00,17646.489,17659.060999999998,17644.4945,17659.0055
2024-03-05 20:50:00+00:00,17658.45,17672.072,17654.9835,17669.9945
2024-03-05 20:55:00+00:00,17669.5055,17676.072,17668.022,17670.5
2024-03-05 21:00:00+00:00,17671.0555,17682.3,17665.728,17678.7945
2024-03-05 21:05:00+00:00,17679.7555,17687.5555,17677.933500000003,17682.2945
2024-03-05 21:10:00+00:00,17681.394500000002,17688.4665,17678.011,17683.189000000002
2024-03-05 23:00:00+00:00,17686.422,17686.422,17674.8,17675.783499999998
2024-03-05 23:05:00+00:00,17675.0555,17675.8055,17672.411,17675.4
2024-03-05 23:10:00+00:00,17675.789,17681.889000000003,17672.4165,17674.95
2024-03-05 23:15:00+00:00,17674.105499999998,17677.6665,17672.4055,17677.6555
2024-03-05 23:20:00+00:00,17678.5055,17680.266499999998,17675.789,17677.605499999998
2024-03-05 23:25:00+00:00,17676.644500000002,17679.560999999998,17675.789,17679.560999999998
2024-03-05 23:30:00+00:00,17680.3055,17681.266499999998,17669.922,17674.066499999997
2024-03-05 23:35:00+00:00,17673.4945,17679.266499999998,17673.105499999998,17674.8055
2024-03-05 23:40:00+00:00,17674.339,17677.5555,17674.060999999998,17677.5555
2024-03-05 23:45:00+00:00,17676.610999999997,17678.7445,17672.178,17674.8055
2024-03-05 23:50:00+00:00,17675.678,17676.672,17674.739,17674.8
2024-03-05 23:55:00+00:00,17675.689000000002,17675.689000000002,17672.178,17674.35
2024-03-06 00:00:00+00:00,17673.9945,17674.8055,17668.733500000002,17668.7945
2024-03-06 00:05:00+00:00,17669.25,17673.15,17668.75,17670.511
2024-03-06 00:10:00+00:00,17669.2055,17671.4,17667.9,17667.9
2024-03-06 00:15:00+00:00,17671.4445,17685.5555,17671.0,17680.0
2024-03-06 00:20:00+00:00,17680.0055,17680.5055,17675.9945,17676.4945
2024-03-06 00:25:00+00:00,17677.433500000003,17686.489,17677.433500000003,17686.489
2024-03-06 00:30:00+00:00,17686.939000000002,17687.478,17684.0,17686.0055
2024-03-06 00:35:00+00:00,17684.0055,17684.5555,17680.4945,17683.4445
2024-03-06 00:40:00+00:00,17684.433500000003,17684.516499999998,17683.989,17684.516499999998
2024-03-06 00:45:00+00:00,17685.0055,17685.55,17677.9945,17679.060999999998
2024-03-06 00:50:00+00:00,17678.011,17678.5165,17676.0,17676.989
2024-03-06 00:55:00+00:00,17677.5,17679.9445,17674.483500000002,17679.0055
2024-03-06 01:00:00+00:00,17678.489,17682.5055,17675.516499999998,17682.5
2024-03-06 01:05:00+00:00,17681.989,17685.4945,17680.511,17685.4945
2024-03-06 01:10:00+00:00,17684.989,17695.0055,17683.9945,17695.0055
2024-03-06 01:15:00+00:00,17695.483500000002,17696.5165,17690.072,17696.5
2024-03-06 01:20:00+00:00,17695.989,17699.0055,17692.9835,17693.022
2024-03-06 01:25:00+00:00,17692.566499999997,17696.05,17691.483500000002,17696.0
2024-03-06 01:30:00+00:00,17695.572,17698.572,17695.05,17696.983500000002
2024-03-06 01:35:00+00:00,17696.433500000003,17696.433500000003,17687.439000000002,17693.5
2024-03-06 01:40:00+00:00,17693.016499999998,17693.5055,17688.428,17691.4835
2024-03-06 01:45:00+00:00,17692.0055,17693.5,17690.489,17691.489
2024-03-06 01:50:00+00:00,17692.0165,17695.016499999998,17691.5,17692.522
2024-03-06 01:55:00+00:00,17692.933500000003,17696.95,17692.5,17696.95
2024-03-06 02:00:00+00:00,17696.4835,17697.489,17695.511,17697.0555
2024-03-06 02:05:00+00:00,17698.5055,17698.5165,17697.45,17697.489
2024-03-06 02:10:00+00:00,17697.0555,17698.9945,17695.4945,17698.489
2024-03-06 02:15:00+00:00,17699.016499999998,17703.511,17699.016499999998,17700.566499999997
2024-03-06 02:20:00+00:00,17699.933500000003,17704.05,17699.5055,17702.0
2024-03-06 02:25:00+00:00,17702.522,17703.439000000002,17698.95,17699.522
2024-03-06 02:30:00+00:00,17699.227000000003,17706.511,17699.072,17706.4945
2024-03-06 02:35:00+00:00,17706.011,17712.9835,17704.989,17712.011
2024-03-06 02:40:00+00:00,17711.489,17714.011,17710.933500000003,17712.511
2024-03-06 02:45:00+00:00,17712.0,17713.522,17710.55,17710.55
2024-03-06 02:50:00+00:00,17709.0,17711.9445,17708.011,17708.933500000003
2024-03-06 02:55:00+00:00,17708.4945,17708.4945,17707.066499999997,17708.4445
2024-03-06 03:00:00+00:00,17710.511,17710.511,17708.5,17710.478
2024-03-06 03:05:00+00:00,17713.0,17713.011,17710.95,17711.0055
2024-03-06 03:10:00+00:00,17711.5,17712.9945,17710.4445,17710.4445
2024-03-06 03:15:00+00:00,17710.489,17710.489,17710.489,17710.489
2024-03-06 03:20:00+00:00,17711.0055,17713.5055,17710.45,17710.45
2024-03-06 03:25:00+00:00,17711.0055,17720.0,17711.0055,17719.0
2024-03-06 03:30:00+00:00,17719.5,17719.5055,17715.0055,17717.939000000002
2024-03-06 03:35:00+00:00,17717.428,17717.511,17715.0,17716.011
2024-03-06 03:40:00+00:00,17716.478,17719.0055,17716.0,17717.9945
2024-03-06 03:45:00+00:00,17718.478,17719.060999999998,17717.45,17718.022
2024-03-06 03:50:00+00:00,17717.489,17722.5,17717.489,17722.5
2024-03-06 03:55:00+00:00,17723.5055,17723.5055,17720.566499999997,17722.566499999997
2024-03-06 04:00:00+00:00,17724.0,17725.9945,17722.072,17723.45
2024-03-06 04:05:00+00:00,17724.0165,17724.0165,17721.978,17722.566499999997
2024-03-06 04:10:00+00:00,17721.989,17721.989,17720.011,17721.478
2024-03-06 04:15:00+00:00,17720.928,17722.572,17720.928,17722.0055
2024-03-06 04:20:00+00:00,17722.5,17723.95,17721.9835,17721.9835
2024-03-06 04:25:00+00:00,17721.5055,17721.9945,17718.522,17719.011
2024-03-06 04:30:00+00:00,17717.011,17717.9945,17714.5,17715.0555
2024-03-06 04:35:00+00:00,17714.4945,17716.9835,17711.428,17716.9835
2024-03-06 04:40:00+00:00,17716.566499999997,17717.0055,17713.0055,17716.016499999998
2024-03-06 04:45:00+00:00,17715.560999999998,17717.983500000002,17714.0055,17717.439000000002
2024-03-06 04:50:00+00:00,17718.011,17723.0055,17718.011,17723.0055
2024-03-06 04:55:00+00:00,17721.0,17722.989,17720.933500000003,17722.516499999998
2024-03-06 05:00:00+00:00,17723.483500000002,17723.483500000002,17721.5,17722.939000000002
2024-03-06 05:05:00+00:00,17722.516499999998,17723.572,17721.9945,17723.0055
2024-03-06 05:10:00+00:00,17723.5,17729.511,17722.4945,17728.0555
2024-03-06 05:15:00+00:00,17727.749,17727.749,17722.933500000003,17725.011
2024-03-06 05:20:00+00:00,17724.022,17726.0,17723.428,17725.066499999997
2024-03-06 05:25:00+00:00,17725.4945,17725.9945,17721.939000000002,17721.939000000002
2024-03-06 05:30:00+00:00,17722.5055,17724.983500000002,17722.428,17722.428
2024-03-06 05:35:00+00:00,17722.9445,17725.011,17722.9445,17723.439000000002
2024-03-06 05:40:00+00:00,17723.271,17724.0555,17722.5055,17723.0055
2024-03-06 05:45:00+00:00,17722.560999999998,17723.0055,17720.5,17721.5
2024-03-06 05:50:00+00:00,17720.5055,17723.5555,17719.933500000003,17719.978
2024-03-06 05:55:00+00:00,17718.511,17722.05,17718.4835,17721.0
2024-03-06 06:00:00+00:00,17720.727000000003,17727.022,17713.011,17714.05
2024-03-06 06:05:00+00:00,17713.4945,17716.55,17710.5,17714.489
2024-03-06 06:10:00+00:00,17713.9445,17716.05,17710.0165,17710.4835
2024-03-06 06:15:00+00:00,17711.478,17718.0055,17711.478,17718.0055
2024-03-06 06:20:00+00:00,17717.5,17718.0,17713.928,17715.0
2024-03-06 06:25:00+00:00,17714.5055,17715.011,17708.983500000002,17710.0555
2024-03-06 06:30:00+00:00,17711.060999999998,17714.0,17710.5055,17713.9945
2024-03-06 06:35:00+00:00,17713.5055,17715.0,17711.939000000002,17713.5055
2024-03-06 06:40:00+00:00,17713.0165,17720.0,17713.0165,17717.55
2024-03-06 06:45:00+00:00,17717.9945,17718.022,17711.0055,17711.478
2024-03-06 06:50:00+00:00,17710.978,17715.022,17710.0,17712.4945
2024-03-06 06:55:00+00:00,17712.0,17712.483500000002,17709.489,17710.9835
2024-03-06 07:00:00+00:00,17712.0165,17716.55,17701.9945,17704.05
2024-03-06 07:05:00+00:00,17704.4945,17710.060999999998,17702.489,17707.0555
2024-03-06 07:10:00+00:00,17707.9945,17712.5,17702.5,17702.5
2024-03-06 07:15:00+00:00,17703.060999999998,17706.5055,17698.5055,17705.9945
2024-03-06 07:20:00+00:00,17706.489,17708.0555,17702.0,17702.989
2024-03-06 07:25:00+00:00,17703.4945,17705.9835,17699.989,17702.9945
2024-03-06 07:30:00+00:00,17702.511,17703.0,17692.0165,17693.0055
2024-03-06 07:35:00+00:00,17691.928,17699.5055,17690.0,17699.0055
2024-03-06 07:40:00+00:00,17699.4945,17702.928,17696.4445,17702.928
2024-03-06 07:45:00+00:00,17702.5055,17703.478,17694.9445,17694.9445
2024-03-06 07:50:00+00:00,17694.45,17695.489,17687.511,17693.933500000003
2024-03-06 07:55:00+00:00,17693.522,17703.0555,17693.516499999998,17699.0
2024-03-06 08:00:00+00:00,17697.489,17702.55,17683.5165,17690.428
2024-03-06 08:05:00+00:00,17689.701,17705.572,17689.0,17699.511
2024-03-06 08:10:00+00:00,17698.983500000002,17710.511,17696.4945,17708.45
2024-03-06 08:15:00+00:00,17707.478,17711.4945,17704.5,17708.016499999998
2024-03-06 08:20:00+00:00,17707.4945,17707.4945,17697.433500000003,17702.560999999998
2024-03-06 08:25:00+00:00,17704.0,17719.5555,17702.983500000002,17718.9945
2024-03-06 08:30:00+00:00,17718.201,17723.55,17714.483500000002,17715.5
2024-03-06 08:35:00+00:00,17715.0165,17726.066499999997,17713.9945,17724.928
2024-03-06 08:40:00+00:00,17725.5,17728.572,17718.5,17723.5055
2024-03-06 08:45:00+00:00,17722.723,17728.511,17719.4835,17721.45
2024-03-06 08:50:00+00:00,17722.0,17723.297,17705.4835,17712.5555
2024-03-06 08:55:00+00:00,17711.5555,17715.983500000002,17706.5055,17715.983500000002
2024-03-06 09:00:00+00:00,17715.745000000003,17731.439000000002,17712.95,17725.5
2024-03-06 09:05:00+00:00,17724.933500000003,17729.489,17722.5,17724.4945
2024-03-06 09:10:00+00:00,17725.05,17726.5555,17721.478,17723.522
2024-03-06 09:15:00+00:00,17722.433500000003,17736.5055,17721.478,17732.5
2024-03-06 09:20:00+00:00,17732.95,17735.566499999997,17725.9445,17734.0
2024-03-06 09:25:00+00:00,17734.489,17735.5555,17729.072,17734.016499999998
2024-03-06 09:30:00+00:00,17733.723,17740.478,17732.4945,17736.522
2024-03-06 09:35:00+00:00,17737.489,17739.511,17734.928,17737.45
2024-03-06 09:40:00+00:00,17738.0,17744.4835,17737.011,17737.011
2024-03-06 09:45:00+00:00,17736.5055,17736.5055,17726.4445,17728.489
2024-03-06 09:50:00+00:00,17729.4945,17737.011,17726.4945,17735.983500000002
2024-03-06 09:55:00+00:00,17735.4835,17741.4945,17733.989,17737.7
2024-03-06 10:00:00+00:00,17737.2055,17746.25,17736.628,17743.189000000002
2024-03-06 10:05:00+00:00,17742.801,17746.272,17736.7,17740.766499999998
2024-03-06 10:10:00+00:00,17741.2055,17741.2555,17726.15,17726.6945
2024-03-06 10:15:00+00:00,17727.272,17730.761,17724.128,17727.144500000002
2024-03-06 10:20:00+00:00,17728.178,17729.772,17717.272,17717.272
2024-03-06 10:25:00+00:00,17717.7055,17727.144500000002,17717.7055,17722.689000000002
2024-03-06 10:30:00+00:00,17723.189000000002,17729.766499999998,17723.189000000002,17723.633500000004
2024-03-06 10:35:00+00:00,17723.183500000003,17725.266499999998,17718.139000000003,17719.144500000002
2024-03-06 10:40:00+00:00,17718.678,17722.25,17710.189000000002,17711.2
2024-03-06 10:45:00+00:00,17711.7,17713.25,17706.1835,17708.683500000003
2024-03-06 10:50:00+00:00,17709.183500000003,17711.2555,17704.1835,17705.2055
2024-03-06 10:55:00+00:00,17706.2055,17707.25,17700.2,17703.6945
2024-03-06 11:00:00+00:00,17704.6945,17711.266499999998,17700.128,17709.2555
2024-03-06 11:05:00+00:00,17708.901,17708.901,17699.178,17703.7
2024-03-06 11:10:00+00:00,17703.189000000002,17704.211,17696.128,17703.2165
2024-03-06 11:15:00+00:00,17703.766499999998,17709.2165,17703.189000000002,17708.1945
2024-03-06 11:20:00+00:00,17708.6945,17710.272,17702.7,17703.189000000002
2024-03-06 11:25:00+00:00,17702.7555,17705.1945,17698.2,17705.1945
2024-03-06 11:30:00+00:00,17705.6835,17705.711,17695.133500000004,17699.772
2024-03-06 11:35:00+00:00,17699.2055,17701.211,17695.211,17699.689000000002
2024-03-06 11:40:00+00:00,17699.15,17699.628,17691.1945,17691.2
2024-03-06 11:45:00+00:00,17691.711,17700.2555,17691.1945,17696.65
2024-03-06 11:50:00+00:00,17696.2,17696.2,17682.2,17682.7555
2024-03-06 11:55:00+00:00,17683.1945,17691.266499999998,17682.139000000003,17686.2
2024-03-06 12:00:00+00:00,17685.401,17697.272,17684.216500000002,17697.272
2024-03-06 12:05:00+00:00,17695.716500000002,17706.1945,17693.7,17704.216500000002
2024-03-06 12:10:00+00:00,17704.7165,17710.7,17704.128,17708.7055
2024-03-06 12:15:00+00:00,17709.2,17710.2,17696.689000000002,17697.178
2024-03-06 12:20:00+00:00,17697.722,17700.2555,17693.216500000002,17697.628
2024-03-06 12:25:00+00:00,17697.216500000002,17701.766499999998,17695.133500000004,17700.211
2024-03-06 12:30:00+00:00,17700.6945,17711.2555,17700.1945,17709.211
2024-03-06 12:35:00+00:00,17710.189000000002,17720.2,17710.189000000002,17719.211
2024-03-06 12:40:00+00:00,17719.7555,17730.2,17718.7,17726.261
2024-03-06 12:45:00+00:00,17727.1945,17728.266499999998,17714.189000000002,17717.7165
2024-03-06 12:50:00+00:00,17718.261,17723.15,17714.683500000003,17720.766499999998
2024-03-06 12:55:00+00:00,17721.2055,17723.7555,17718.2,17721.7
2024-03-06 13:00:00+00:00,17721.434,17722.2165,17710.25,17711.15
2024-03-06 13:05:00+00:00,17712.639000000003,17713.2165,17696.183500000003,17702.266499999998
2024-03-06 13:10:00+00:00,17702.644500000002,17710.15,17702.178,17707.628
2024-03-06 13:15:00+00:00,17709.128,17711.1945,17700.2,17706.1835
2024-03-06 13:20:00+00:00,17707.1945,17711.1945,17703.183500000003,17707.128
2024-03-06 13:25:00+00:00,17707.7,17712.272,17699.689000000002,17700.7
2024-03-06 13:30:00+00:00,17700.261,17709.2055,17691.761,17708.25
2024-03-06 13:35:00+00:00,17709.2055,17711.216500000002,17693.15,17700.633500000004
2024-03-06 13:40:00+00:00,17701.2555,17707.683500000003,17697.2165,17701.189000000002
2024-03-06 13:45:00+00:00,17700.2,17711.2055,17700.133500000004,17704.2055
2024-03-06 13:50:00+00:00,17704.7,17711.266499999998,17703.75,17711.15
2024-03-06 13:55:00+00:00,17710.716500000002,17726.7055,17710.6945,17726.2055
2024-03-06 14:00:00+00:00,17725.1945,17729.189000000002,17719.144500000002,17725.761
2024-03-06 14:05:00+00:00,17725.1835,17733.272,17722.7055,17731.189000000002
2024-03-06 14:10:00+00:00,17731.711,17733.272,17720.639000000003,17722.7055
2024-03-06 14:15:00+00:00,17722.25,17728.211,17721.178,17725.189000000002
2024-03-06 14:20:00+00:00,17724.65,17726.1945,17715.1945,17722.689000000002
2024-03-06 14:25:00+00:00,17721.901,17731.934999999998,17721.2555,17731.261
2024-03-06 14:30:00+00:00,17731.711,17734.272,17723.222,17724.261
2024-03-06 14:35:00+00:00,17723.7,17734.1945,17716.1945,17717.2555
2024-03-06 14:40:00+00:00,17716.934,17724.772,17715.15,17715.25
2024-03-06 14:45:00+00:00,17716.211,17719.2,17710.633500000004,17716.2555
2024-03-06 14:50:00+00:00,17715.261,17731.261,17714.178,17729.1945
2024-03-06 14:55:00+00:00,17728.7055,17732.222,17720.2055,17720.7055
2024-03-06 15:00:00+00:00,17720.633500000004,17731.678,17715.15,17715.766499999998
2024-03-06 15:05:00+00:00,17715.189000000002,17720.2055,17695.2,17707.222
2024-03-06 15:10:00+00:00,17707.628,17712.2,17696.2055,17707.183500000003
2024-03-06 15:15:00+00:00,17707.689000000002,17718.2,17704.2,17710.65
2024-03-06 15:20:00+00:00,17711.2055,17714.711,17703.144500000002,17707.222
2024-03-06 15:25:00+00:00,17706.923000000003,17708.2055,17699.189000000002,17699.6945
2024-03-06 15:30:00+00:00,17699.2055,17706.266499999998,17693.65,17702.639000000003
2024-03-06 15:35:00+00:00,17702.266499999998,17705.689000000002,17695.222,17703.2165
2024-03-06 15:40:00+00:00,17703.689000000002,17703.689000000002,17695.639000000003,17701.7
2024-03-06 15:45:00+00:00,17702.1945,17708.6945,17701.189000000002,17705.189000000002
2024-03-06 15:50:00+00:00,17704.7055,17712.211,17700.2,17710.216500000002
2024-03-06 15:55:00+00:00,17710.7055,17712.2055,17703.678,17708.272
2024-03-06 16:00:00+00:00,17708.6945,17713.266499999998,17705.189000000002,17706.7555
2024-03-06 16:05:00+00:00,17707.1945,17715.25,17706.678,17714.2055
2024-03-06 16:10:00+00:00,17714.7,17718.2555,17711.128,17713.2055
2024-03-06 16:15:00+00:00,17713.711,17716.25,17711.139000000003,17711.139000000003
2024-03-06 16:20:00+00:00,17712.222,17714.2,17710.1835,17713.683500000003
2024-03-06 16:25:00+00:00,17714.1945,17716.133500000004,17708.189000000002,17714.6835
2024-03-06 16:30:00+00:00,17715.189000000002,17718.272,17709.7,17714.211
2024-03-06 16:35:00+00:00,17713.7165,17726.2555,17712.2,17723.2055
2024-03-06 16:40:00+00:00,17722.2,17727.261,17719.15,17725.15
2024-03-06 16:45:00+00:00,17726.15,17727.261,17723.211,17726.7555
2024-03-06 16:50:00+00:00,17727.2,17733.2,17726.2,17729.1945
2024-03-06 16:55:00+00:00,17729.75,17733.2055,17726.2165,17726.2165
2024-03-06 17:00:00+00:00,17726.7,17733.2,17725.178,17728.6835
2024-03-06 17:05:00+00:00,17729.211,17730.766499999998,17723.1945,17728.722
2024-03-06 17:10:00+00:00,17729.2,17734.216500000002,17728.272,17733.2
2024-03-06 17:15:00+00:00,17732.2555,17733.261,17728.644500000002,17729.689000000002
2024-03-06 17:20:00+00:00,17730.2,17735.1945,17729.139000000003,17733.678
2024-03-06 17:25:00+00:00,17734.2,17734.7165,17731.1945,17732.211
2024-03-06 17:30:00+00:00,17733.1945,17740.178,17730.2055,17732.189000000002
2024-03-06 17:35:00+00:00,17731.7555,17734.211,17728.178,17733.1945
2024-03-06 17:40:00+00:00,17733.272,17733.689000000002,17728.178,17733.189000000002
2024-03-06 17:45:00+00:00,17732.772,17733.7,17727.2055,17728.2
2024-03-06 17:50:00+00:00,17727.6945,17730.25,17719.139000000003,17720.2
2024-03-06 17:55:00+00:00,17719.7,17724.272,17717.2055,17724.272
2024-03-06 18:00:00+00:00,17723.772,17730.139000000003,17722.2,17730.139000000003
2024-03-06 18:05:00+00:00,17729.716500000002,17729.716500000002,17722.15,17725.178
2024-03-06 18:10:00+00:00,17724.6945,17728.272,17723.189000000002,17728.2
2024-03-06 18:15:00+00:00,17727.761,17734.266499999998,17727.144500000002,17734.2555
2024-03-06 18:20:00+00:00,17734.722,17737.2555,17734.139000000003,17737.2555
2024-03-06 18:25:00+00:00,17738.2,17739.2055,17735.7,17737.2
2024-03-06 18:30:00+00:00,17736.711,17737.272,17705.1945,17712.711
2024-03-06 18:35:00+00:00,17712.222,17716.644500000002,17697.644500000002,17716.644500000002
2024-03-06 18:40:00+00:00,17717.178,17728.761,17716.189000000002,17728.75
2024-03-06 18:45:00+00:00,17728.133500000004,17730.222,17698.772,17702.25
2024-03-06 18:50:00+00:00,17701.211,17711.2555,17695.1945,17705.144500000002
2024-03-06 18:55:00+00:00,17706.133500000004,17716.633500000004,17703.2055,17712.716500000002
2024-03-06 19:00:00+00:00,17712.139000000003,17712.139000000003,17700.178,17701.689000000002
2024-03-06 19:05:00+00:00,17702.2,17717.189000000002,17702.2,17713.2
2024-03-06 19:10:00+00:00,17712.2555,17714.689000000002,17699.2,17700.25
2024-03-06 19:15:00+00:00,17700.633500000004,17703.2055,17689.211,17698.128
2024-03-06 19:20:00+00:00,17697.716500000002,17710.1945,17697.716500000002,17708.216500000002
2024-03-06 19:25:00+00:00,17708.699,17715.6945,17701.1945,17714.216500000002
2024-03-06 19:30:00+00:00,17715.2,17718.2055,17705.189000000002,17708.216500000002
2024-03-06 19:35:00+00:00,17707.1945,17710.272,17701.144500000002,17706.25
2024-03-06 19:40:00+00:00,17705.7,17714.211,17702.144500000002,17709.189000000002
2024-03-06 19:45:00+00:00,17709.639000000003,17709.639000000003,17692.1835,17701.272
2024-03-06 19:50:00+00:00,17700.6945,17710.711,17700.128,17709.2
2024-03-06 19:55:00+00:00,17709.716500000002,17709.716500000002,17690.2,17698.7
2024-03-06 20:00:00+00:00,17698.438000000002,17702.189000000002,17691.7,17701.766499999998
2024-03-06 20:05:00+00:00,17701.2055,17708.133500000004,17701.133500000004,17706.133500000004
2024-03-06 20:10:00+00:00,17705.716500000002,17711.266499999998,17688.7055,17693.189000000002
2024-03-06 20:15:00+00:00,17693.722,17709.75,17693.2,17701.689000000002
2024-03-06 20:20:00+00:00,17702.2055,17702.211,17690.7555,17696.2055
2024-03-06 20:25:00+00:00,17695.716500000002,17705.211,17694.183500000003,17703.761
2024-03-06 20:30:00+00:00,17704.2055,17706.144500000002,17696.189000000002,17697.2
2024-03-06 20:35:00+00:00,17696.261,17707.266499999998,17692.2,17707.2
2024-03-06 20:40:00+00:00,17708.272,17709.272,17700.189000000002,17707.211
2024-03-06 20:45:00+00:00,17706.711,17716.644500000002,17706.15,17715.1945
2024-03-06 20:50:00+00:00,17714.023,17714.023,17701.6835,17712.6945
2024-03-06 20:55:00+00:00,17713.1945,17717.7055,17707.1835,17713.189000000002
2024-03-06 21:00:00+00:00,17713.716500000002,17724.1165,17713.3835,17713.3835
2024-03-06 21:05:00+00:00,17714.35,17720.4,17714.35,17716.0
2024-03-06 21:10:00+00:00,17715.2055,17719.522,17715.133500000004,17716.911
2024-03-06 23:00:00+00:00,17725.722,17726.9835,17717.9165,17720.5
2024-03-06 23:05:00+00:00,17720.0835,17724.0055,17719.633500000004,17724.0055
2024-03-06 23:10:00+00:00,17724.8445,17724.9165,17720.428,17720.428
2024-03-06 23:15:00+00:00,17719.7055,17723.1,17717.0445,17717.0445
2024-03-06 23:20:00+00:00,17717.5055,17718.822,17714.5055,17718.822
2024-03-06 23:25:00+00:00,17719.65,17722.689000000002,17718.810999999998,17721.4
2024-03-06 23:30:00+00:00,17720.428,17722.310999999998,17718.8055,17718.8055
2024-03-06 23:35:00+00:00,17717.878,17718.8055,17715.25,17715.25
2024-03-06 23:40:00+00:00,17714.4945,17716.216500000002,17711.5445,17712.85
2024-03-06 23:45:00+00:00,17713.228,17714.216500000002,17712.439000000002,17712.516499999998
2024-03-06 23:50:00+00:00,17713.3,17715.172,17712.428,17712.489
2024-03-06 23:55:00+00:00,17711.5945,17712.5055,17705.4945,17705.4945
2024-03-07 00:00:00+00:00,17706.3335,17712.5055,17704.65,17712.5055
2024-03-07 00:05:00+00:00,17712.911,17713.372,17708.9445,17710.683500000003
2024-03-07 00:10:00+00:00,17709.839,17709.922,17705.4945,17706.378
2024-03-07 00:15:00+00:00,17710.7,17711.766499999998,17704.222,17705.178
2024-03-07 00:20:00+00:00,17705.2,17705.272,17699.2,17700.633500000004
2024-03-07 00:25:00+00:00,17699.6945,17702.7055,17699.1945,17700.6835
2024-03-07 00:30:00+00:00,17700.2,17702.211,17698.2055,17701.689000000002
2024-03-07 00:35:00+00:00,17700.628,17701.689000000002,17698.7,17699.222
2024-03-07 00:40:00+00:00,17698.7,17700.178,17696.6835,17697.272
2024-03-07 00:45:00+00:00,17696.1945,17699.7,17693.144500000002,17695.261
2024-03-07 00:50:00+00:00,17694.189000000002,17699.2,17693.189000000002,17699.2
2024-03-07 00:55:00+00:00,17698.211,17702.144500000002,17696.216500000002,17698.1945
2024-03-07 01:00:00+00:00,17697.6945,17698.2055,17691.722,17692.1945
2024-03-07 01:05:00+00:00,17691.128,17692.2055,17685.178,17690.211
2024-03-07 01:10:00+00:00,17689.2055,17699.128,17686.6945,17699.128
2024-03-07 01:15:00+00:00,17698.711,17701.7165,17698.2055,17699.711
2024-03-07 01:20:00+00:00,17699.2,17701.772,17698.1835,17699.1945
2024-03-07 01:25:00+00:00,17699.6945,17705.711,17699.6945,17703.2055
2024-03-07 01:30:00+00:00,17703.689000000002,17709.15,17703.689000000002,17704.7
2024-03-07 01:35:00+00:00,17704.7055,17704.7055,17692.189000000002,17697.25
2024-03-07 01:40:00+00:00,17696.722,17702.266499999998,17693.2,17702.266499999998
2024-03-07 01:45:00+00:00,17701.7,17701.7,17695.144500000002,17695.75
2024-03-07 01:50:00+00:00,17695.2,17697.711,17687.15,17689.1945
2024-03-07 01:55:00+00:00,17688.644500000002,17689.261,17684.7,17686.2
2024-03-07 02:00:00+00:00,17685.688000000002,17692.633500000004,17685.1945,17692.266499999998
2024-03-07 02:05:00+00:00,17692.711,17693.7,17687.144500000002,17687.144500000002
2024-03-07 02:10:00+00:00,17686.689000000002,17691.7,17686.183500000003,17688.7
2024-03-07 02:15:00+00:00,17689.678,17690.2055,17687.2055,17689.761
2024-03-07 02:20:00+00:00,17690.2,17690.761,17679.689000000002,17680.75
2024-03-07 02:25:00+00:00,17680.266499999998,17684.2055,17679.689000000002,17681.2055
2024-03-07 02:30:00+00:00,17680.711,17684.222,17679.2,17681.211
2024-03-07 02:35:00+00:00,17681.7,17683.711,17679.15,17681.689000000002
2024-03-07 02:40:00+00:00,17681.2,17687.633500000004,17681.2,17687.2055
2024-03-07 02:45:00+00:00,17686.722,17691.272,17686.722,17689.272
2024-03-07 02:50:00+00:00,17689.7055,17693.2055,17689.7055,17691.2
2024-03-07 02:55:00+00:00,17690.2,17691.711,17688.644500000002,17690.761
2024-03-07 03:00:00+00:00,17691.183500000003,17693.75,17690.183500000003,17690.183500000003
2024-03-07 03:05:00+00:00,17690.683500000003,17695.2055,17690.2055,17691.1945
2024-03-07 03:10:00+00:00,17692.7,17695.722,17691.1945,17695.7
2024-03-07 03:15:00+00:00,17695.2,17699.2,17695.1945,17695.1945
2024-03-07 03:20:00+00:00,17694.644500000002,17694.644500000002,17689.1945,17691.7055
2024-03-07 03:25:00+00:00,17692.144500000002,17698.761,17692.144500000002,17698.1945
2024-03-07 03:30:00+00:00,17698.639000000003,17702.633500000004,17698.2,17700.6945
2024-03-07 03:35:00+00:00,17700.2,17700.6945,17695.1945,17699.2
2024-03-07 03:40:00+00:00,17699.639000000003,17703.7165,17699.133500000004,17703.7165
2024-03-07 03:45:00+00:00,17703.2555,17703.711,17702.7,17703.1945
2024-03-07 03:50:00+00:00,17703.6945,17708.211,17703.6945,17708.189000000002
2024-03-07 03:55:00+00:00,17707.7055,17715.211,17707.211,17714.272
2024-03-07 04:00:00+00:00,17714.628,17715.7,17709.2165,17709.772
2024-03-07 04:05:00+00:00,17709.189000000002,17711.266499999998,17707.128,17707.133500000004
2024-03-07 04:10:00+00:00,17706.2,17709.2,17706.128,17708.1945
2024-03-07 04:15:00+00:00,17708.772,17711.683500000003,17708.15,17709.1945
2024-03-07 04:20:00+00:00,17708.7055,17712.75,17708.7055,17712.211
2024-03-07 04:25:00+00:00,17711.6945,17715.144500000002,17711.25,17715.144500000002
2024-03-07 04:30:00+00:00,17715.689000000002,17717.7055,17714.189000000002,17714.189000000002
2024-03-07 04:35:00+00:00,17714.75,17714.761,17714.133500000004,17714.7
2024-03-07 04:40:00+00:00,17715.2,17719.211,17715.2,17717.1945
2024-03-07 04:45:00+00:00,17717.7,17719.711,17717.128,17719.133500000004
2024-03-07 04:50:00+00:00,17720.2,17721.178,17717.639000000003,17718.189000000002
2024-03-07 04:55:00+00:00,17719.211,17719.211,17716.2055,17716.2055
2024-03-07 05:00:00+00:00,17716.7,17720.2055,17715.678,17718.7
2024-03-07 05:05:00+00:00,17718.2055,17724.716500000002,17718.2055,17720.7
2024-03-07 05:10:00+00:00,17721.2055,17723.211,17720.144500000002,17721.722
2024-03-07 05:15:00+00:00,17721.2,17722.6945,17719.65,17722.1945
2024-03-07 05:20:00+00:00,17721.6945,17722.644500000002,17720.211,17720.211
2024-03-07 05:25:00+00:00,17719.7,17719.7055,17718.272,17718.272
2024-03-07 05:30:00+00:00,17717.6945,17718.261,17709.2,17710.216500000002
2024-03-07 05:35:00+00:00,17708.2,17710.211,17705.189000000002,17705.1945
2024-03-07 05:40:00+00:00,17705.7,17707.272,17704.2055,17705.189000000002
2024-03-07 05:45:00+00:00,17704.633500000004,17706.128,17704.633500000004,17705.2
2024-03-07 05:50:00+00:00,17704.189000000002,17707.722,17704.189000000002,17705.222
2024-03-07 05:55:00+00:00,17706.2555,17710.211,17702.711,17702.711
2024-03-07 06:00:00+00:00,17702.1945,17702.7055,17699.189000000002,17702.639000000003
2024-03-07 06:05:00+00:00,17700.711,17702.766499999998,17699.1945,17699.2055
2024-03-07 06:10:00+00:00,17700.178,17700.7055,17696.189000000002,17699.272
2024-03-07 06:15:00+00:00,17698.7055,17699.2055,17695.139000000003,17697.1945
2024-03-07 06:20:00+00:00,17696.766499999998,17700.266499999998,17695.6945,17699.1945
2024-03-07 06:25:00+00:00,17698.6945,17705.2,17698.644500000002,17705.183500000003
2024-03-07 06:30:00+00:00,17705.639000000003,17706.2055,17702.689000000002,17705.1835
2024-03-07 06:35:00+00:00,17703.211,17703.211,17701.7055,17702.144500000002
2024-03-07 06:40:00+00:00,17701.711,17702.1835,17691.1835,17692.1945
2024-03-07 06:45:00+00:00,17691.2,17694.1945,17687.65,17687.65
2024-03-07 06:50:00+00:00,17686.716500000002,17689.2165,17676.7,17677.211
2024-03-07 06:55:00+00:00,17679.2,17681.65,17676.678,17681.2
2024-03-07 07:00:00+00:00,17679.8825,17679.8825,17664.2055,17671.7
2024-03-07 07:05:00+00:00,17671.222,17679.7,17669.1835,17674.2055
2024-03-07 07:10:00+00:00,17673.189000000002,17676.272,17664.1945,17664.7
2024-03-07 07:15:00+00:00,17664.128,17664.1945,17657.766499999998,17660.216500000002
2024-03-07 07:20:00+00:00,17661.689000000002,17663.211,17658.2055,17660.266499999998
2024-03-07 07:25:00+00:00,17659.689000000002,17660.25,17652.65,17652.6835
2024-03-07 07:30:00+00:00,17653.2,17658.7,17645.766499999998,17649.144500000002
2024-03-07 07:35:00+00:00,17650.25,17651.2,17640.272,17647.2
2024-03-07 07:40:00+00:00,17647.689000000002,17652.7055,17644.689000000002,17651.2
2024-03-07 07:45:00+00:00,17653.2055,17661.6945,17650.128,17659.7055
2024-03-07 07:50:00+00:00,17659.189000000002,17662.761,17654.1945,17656.2055
2024-03-07 07:55:00+00:00,17656.716500000002,17659.189000000002,17642.144500000002,17642.144500000002
2024-03-07 08:00:00+00:00,17643.211,17655.7165,17638.1945,17647.711
2024-03-07 08:05:00+00:00,17648.633500000004,17656.716500000002,17636.7,17641.2165
2024-03-07 08:10:00+00:00,17640.261,17640.261,17618.1945,17638.633500000004
2024-03-07 08:15:00+00:00,17639.183500000003,17646.7055,17635.1945,17643.7555
2024-03-07 08:20:00+00:00,17644.211,17655.761,17642.7,17653.761
2024-03-07 08:25:00+00:00,17653.2555,17662.7055,17650.7055,17653.7
2024-03-07 08:30:00+00:00,17654.272,17658.716500000002,17651.722,17655.711
2024-03-07 08:35:00+00:00,17655.139000000003,17662.7,17650.7055,17650.7055
2024-03-07 08:40:00+00:00,17649.678,17651.7,17637.7,17649.722
2024-03-07 08:45:00+00:00,17650.139000000003,17658.6945,17645.711,17656.722
2024-03-07 08:50:00+00:00,17657.7055,17659.772,17653.1835,17657.1945
2024-03-07 08:55:00+00:00,17657.766499999998,17668.6945,17650.2,17666.7055
2024-03-07 09:00:00+00:00,17666.301,17667.7055,17647.689000000002,17666.222
2024-03-07 09:05:00+00:00,17665.7,17667.716500000002,17654.711,17655.216500000002
2024-03-07 09:10:00+00:00,17654.683500000003,17665.7,17653.178,17662.689000000002
2024-03-07 09:15:00+00:00,17663.7,17665.2,17653.7,17660.6945
2024-03-07 09:20:00+00:00,17660.211,17673.678,17660.189000000002,17670.7
2024-03-07 09:25:00+00:00,17670.183500000003,17673.7,17659.628,17666.2055
2024-03-07 09:30:00+00:00,17666.678,17672.772,17662.211,17664.2055
2024-03-07 09:35:00+00:00,17663.711,17672.75,17663.711,17670.7055
2024-03-07 09:40:00+00:00,17671.2,17674.15,17669.633500000004,17670.7
2024-03-07 09:45:00+00:00,17671.189000000002,17673.766499999998,17664.7055,17664.766499999998
2024-03-07 09:50:00+00:00,17663.7,17673.7055,17662.639000000003,17669.1945
2024-03-07 09:55:00+00:00,17668.639000000003,17672.689000000002,17666.6945,17670.772
2024-03-07 10:00:00+00:00,17671.772,17680.7055,17669.6835,17674.144500000002
2024-03-07 10:05:00+00:00,17674.683500000003,17685.222,17669.6945,17683.189000000002
2024-03-07 10:10:00+00:00,17682.7,17695.261,17682.7,17692.7
2024-03-07 10:15:00+00:00,17692.1945,17702.7555,17688.211,17697.75
2024-03-07 10:20:00+00:00,17696.689000000002,17702.7555,17695.2,17700.7
2024-03-07 10:25:00+00:00,17700.216500000002,17702.7055,17692.639000000003,17699.639000000003
2024-03-07 10:30:00+00:00,17700.211,17708.6945,17699.761,17708.189000000002
2024-03-07 10:35:00+00:00,17708.689000000002,17710.766499999998,17703.2,17706.7165
2024-03-07 10:40:00+00:00,17705.6835,17715.689000000002,17704.766499999998,17714.7
2024-03-07 10:45:00+00:00,17715.7,17718.722,17709.2,17713.6945
2024-03-07 10:50:00+00:00,17714.2055,17715.7055,17709.6945,17712.272
2024-03-07 10:55:00+00:00,17712.7055,17723.6945,17712.7,17717.1945
2024-03-07 11:00:00+00:00,17716.945,17719.711,17714.183500000003,17715.711
2024-03-07 11:05:00+00:00,17716.133500000004,17720.6945,17714.2055,17719.766499999998
2024-03-07 11:10:00+00:00,17720.211,17722.7055,17716.15,17716.15
2024-03-07 11:15:00+00:00,17716.639000000003,17717.15,17704.689000000002,17704.7055
2024-03-07 11:20:00+00:00,17705.711,17710.761,17703.222,17708.7055
2024-03-07 11:25:00+00:00,17709.189000000002,17714.689000000002,17707.6945,17712.7055
2024-03-07 11:30:00+00:00,17713.7,17715.766499999998,17708.7,17713.711
2024-03-07 11:35:00+00:00,17712.7055,17716.144500000002,17709.683500000003,17715.133500000004
2024-03-07 11:40:00+00:00,17714.7,17721.7165,17714.7,17721.644500000002
2024-03-07 11:45:00+00:00,17721.15,17724.1945,17717.7055,17724.1945
2024-03-07 11:50:00+00:00,17724.644500000002,17724.7,17720.6835,17721.7165
2024-03-07 11:55:00+00:00,17721.261,17727.7,17720.633500000004,17727.144500000002
2024-03-07 12:00:00+00:00,17726.434,17733.7055,17726.2055,17727.2
2024-03-07 12:05:00+00:00,17726.934,17730.211,17723.7,17725.189000000002
2024-03-07 12:10:00+00:00,17724.722,17732.2,17721.7,17729.2
2024-03-07 12:15:00+00:00,17729.7055,17734.1945,17726.689000000002,17734.1945
2024-03-07 12:20:00+00:00,17733.639000000003,17742.7,17732.266499999998,17739.7055
2024-03-07 12:25:00+00:00,17739.1945,17739.7165,17733.644500000002,17735.189000000002
2024-03-07 12:30:00+00:00,17735.628,17736.266499999998,17727.639000000003,17733.139000000003
2024-03-07 12:35:00+00:00,17732.7,17734.7055,17729.6945,17731.2055
2024-03-07 12:40:00+00:00,17731.689000000002,17732.2,17727.183500000003,17731.2
2024-03-07 12:45:00+00:00,17731.6835,17740.178,17728.6835,17739.211
2024-03-07 12:50:00+00:00,17738.766499999998,17739.7165,17727.6945,17729.2055
2024-03-07 12:55:00+00:00,17728.7055,17728.716500000002,17724.144500000002,17725.7055
2024-03-07 13:00:00+00:00,17726.2165,17727.761,17711.2,17711.65
2024-03-07 13:05:00+00:00,17711.674,17715.711,17704.678,17714.2055
2024-03-07 13:10:00+00:00,17714.6945,17728.144500000002,17714.1945,17725.689000000002
2024-03-07 13:15:00+00:00,17726.1945,17775.772,17726.1945,17766.689000000002
2024-03-07 13:20:00+00:00,17767.189000000002,17780.722,17762.144500000002,17780.178
2024-03-07 13:25:00+00:00,17780.75,17796.2055,17779.7055,17788.766499999998
2024-03-07 13:30:00+00:00,17789.2,17803.7,17784.211,17800.7055
2024-03-07 13:35:00+00:00,17800.222,17805.766499999998,17795.2055,17798.144500000002
2024-03-07 13:40:00+00:00,17798.7,17807.7055,17792.7055,17807.2055
2024-03-07 13:45:00+00:00,17806.211,17809.7,17787.766499999998,17788.678
2024-03-07 13:50:00+00:00,17789.211,17794.6835,17783.678,17790.722
2024-03-07 13:55:00+00:00,17791.1945,17809.261,17791.1945,17798.678
2024-03-07 14:00:00+00:00,17798.144500000002,17813.2055,17777.689000000002,17786.683500000003
2024-03-07 14:05:00+00:00,17787.689000000002,17804.7055,17783.183500000003,17798.6945
2024-03-07 14:10:00+00:00,17798.2165,17802.272,17788.128,17797.222
2024-03-07 14:15:00+00:00,17796.7555,17807.216500000002,17792.15,17802.7
2024-03-07 14:20:00+00:00,17802.183500000003,17805.7555,17783.7055,17785.683500000003
2024-03-07 14:25:00+00:00,17784.772,17801.6945,17783.633500000004,17800.6945
2024-03-07 14:30:00+00:00,17800.401,17808.7055,17792.189000000002,17799.7
2024-03-07 14:35:00+00:00,17799.2165,17825.683500000003,17799.2165,17822.1945
2024-03-07 14:40:00+00:00,17822.65,17824.772,17804.7,17808.711
2024-03-07 14:45:00+00:00,17808.1945,17809.766499999998,17794.689000000002,17808.766499999998
2024-03-07 14:50:00+00:00,17807.75,17829.678,17807.628,17825.189000000002
2024-03-07 14:55:00+00:00,17824.7,17836.761,17822.75,17833.711
2024-03-07 15:00:00+00:00,17833.1945,17847.7165,17832.2055,17846.1945
2024-03-07 15:05:00+00:00,17847.2,17847.2165,17829.7,17833.2
2024-03-07 15:10:00+00:00,17833.7,17847.7165,17833.15,17843.6945
2024-03-07 15:15:00+00:00,17844.2,17846.7555,17837.683500000003,17841.772
2024-03-07 15:20:00+00:00,17842.144500000002,17853.272,17836.772,17839.6945
2024-03-07 15:25:00+00:00,17839.2055,17860.722,17839.2055,17859.7165
2024-03-07 15:30:00+00:00,17860.627,17861.722,17849.65,17853.7055
2024-03-07 15:35:00+00:00,17853.2055,17860.683500000003,17847.7,17858.761
2024-03-07 15:40:00+00:00,17859.1945,17875.6945,17859.15,17873.7055
2024-03-07 15:45:00+00:00,17874.15,17879.628,17867.7,17870.65
2024-03-07 15:50:00+00:00,17871.711,17871.711,17859.678,17861.766499999998
2024-03-07 15:55:00+00:00,17861.2,17864.711,17857.189000000002,17858.7
2024-03-07 16:00:00+00:00,17858.445,17868.6945,17856.628,17862.7
2024-03-07 16:05:00+00:00,17862.2165,17869.2165,17860.222,17865.7
2024-03-07 16:10:00+00:00,17865.2,17866.761,17851.183500000003,17852.6945
2024-03-07 16:15:00+00:00,17853.689000000002,17860.711,17853.689000000002,17858.2
2024-03-07 16:20:00+00:00,17857.644500000002,17857.716500000002,17849.7,17856.7055
2024-03-07 16:25:00+00:00,17856.266499999998,17865.766499999998,17851.183500000003,17861.7
2024-03-07 16:30:00+00:00,17860.722,17861.178,17846.689000000002,17847.261
2024-03-07 16:35:00+00:00,17846.689000000002,17861.216500000002,17844.633500000004,17856.7
2024-03-07 16:40:00+00:00,17857.2,17864.65,17856.639000000003,17863.222
2024-03-07 16:45:00+00:00,17863.761,17864.711,17855.761,17859.7
2024-03-07 16:50:00+00:00,17860.261,17864.75,17859.7,17861.2055
2024-03-07 16:55:00+00:00,17861.711,17873.7,17861.6945,17870.1835
2024-03-07 17:00:00+00:00,17869.7165,17871.2,17862.222,17870.2165
2024-03-07 17:05:00+00:00,17870.6945,17871.7165,17867.65,17869.766499999998
2024-03-07 17:10:00+00:00,17869.1945,17872.716500000002,17864.7,17864.7
2024-03-07 17:15:00+00:00,17865.6945,17869.722,17864.6835,17867.7555
2024-03-07 17:20:00+00:00,17868.139000000003,17868.139000000003,17861.628,17865.711
2024-03-07 17:25:00+00:00,17866.639000000003,17867.761,17859.178,17859.189000000002
2024-03-07 17:30:00+00:00,17859.7555,17860.261,17853.639000000003,17857.639000000003
2024-03-07 17:35:00+00:00,17857.272,17860.772,17856.133500000004,17857.716500000002
2024-03-07 17:40:00+00:00,17857.1945,17857.761,17850.628,17857.7
2024-03-07 17:45:00+00:00,17857.178,17863.7,17856.633500000004,17857.689000000002
2024-03-07 17:50:00+00:00,17857.2055,17866.7555,17855.189000000002,17865.772
2024-03-07 17:55:00+00:00,17864.6945,17866.7165,17860.6835,17864.711
2024-03-07 18:00:00+00:00,17864.2,17868.7055,17864.2,17866.6945
2024-03-07 18:05:00+00:00,17868.2,17871.772,17862.189000000002,17871.633500000004
2024-03-07 18:10:00+00:00,17872.7,17875.1945,17869.183500000003,17873.6945
2024-03-07 18:15:00+00:00,17874.189000000002,17877.711,17870.7055,17871.7
2024-03-07 18:20:00+00:00,17871.139000000003,17874.761,17868.689000000002,17872.2
2024-03-07 18:25:00+00:00,17871.639000000003,17873.211,17868.65,17873.128
2024-03-07 18:30:00+00:00,17873.7555,17876.2055,17870.25,17875.2055
2024-03-07 18:35:00+00:00,17875.7,17878.678,17873.65,17877.689000000002
2024-03-07 18:40:00+00:00,17878.2055,17878.2055,17872.1945,17877.711
2024-03-07 18:45:00+00:00,17876.7555,17879.766499999998,17875.628,17879.25
2024-03-07 18:50:00+00:00,17879.7,17882.6945,17879.133500000004,17882.2055
2024-03-07 18:55:00+00:00,17882.678,17887.272,17882.628,17885.261
2024-03-07 19:00:00+00:00,17885.7165,17885.761,17878.75,17882.139000000003
2024-03-07 19:05:00+00:00,17882.7,17882.7,17873.633500000004,17874.639000000003
2024-03-07 19:10:00+00:00,17874.766499999998,17874.766499999998,17874.766499999998,17874.766499999998
2024-03-07 19:15:00+00:00,17872.711,17874.689000000002,17869.189000000002,17874.2055
2024-03-07 19:20:00+00:00,17874.6945,17875.761,17868.6835,17869.7555
2024-03-07 19:25:00+00:00,17869.144500000002,17872.7055,17866.6945,17872.7
2024-03-07 19:30:00+00:00,17872.2,17880.1945,17870.1945,17876.7055
2024-03-07 19:35:00+00:00,17877.15,17877.15,17872.128,17875.7
2024-03-07 19:40:00+00:00,17875.15,17877.7555,17874.65,17876.15
2024-03-07 19:45:00+00:00,17875.7055,17879.628,17874.633500000004,17878.2
2024-03-07 19:50:00+00:00,17877.6945,17878.75,17875.65,17878.2055
2024-03-07 19:55:00+00:00,17878.722,17878.722,17866.7055,17869.761
2024-03-07 20:00:00+00:00,17869.189000000002,17869.189000000002,17856.711,17868.183500000003
2024-03-07 20:05:00+00:00,17867.689000000002,17869.7,17862.211,17864.2
2024-03-07 20:10:00+00:00,17864.6945,17873.7555,17861.678,17872.6945
2024-03-07 20:15:00+00:00,17873.2,17873.2,17866.689000000002,17869.15
2024-03-07 20:20:00+00:00,17867.722,17868.7165,17862.6835,17865.6945
2024-03-07 20:25:00+00:00,17865.211,17867.7055,17863.628,17864.7055
2024-03-07 20:30:00+00:00,17864.261,17873.722,17863.189000000002,17873.722
2024-03-07 20:35:00+00:00,17873.2055,17875.772,17870.2,17875.7
2024-03-07 20:40:00+00:00,17875.2,17877.772,17872.6835,17874.6835
2024-03-07 20:45:00+00:00,17873.711,17875.75,17868.6945,17869.128
2024-03-07 20:50:00+00:00,17869.711,17875.678,17868.639000000003,17874.6945
2024-03-07 20:55:00+00:00,17875.266499999998,17876.689000000002,17866.75,17873.1945
2024-03-07 21:00:00+00:00,17873.183500000003,17881.0,17868.828,17870.6665
2024-03-07 21:05:00+00:00,17871.489,17871.5055,17857.394500000002,17859.1555
2024-03-07 21:10:00+00:00,17859.589,17866.8445,17857.4055,17863.4055
2024-03-07 23:00:00+00:00,17883.0835,17887.4055,17868.6835,17871.289
2024-03-07 23:05:00+00:00,17872.15,17881.716500000002,17871.228,17872.9445
2024-03-07 23:10:00+00:00,17873.9555,17879.105499999998,17873.911,17876.4835
2024-03-07 23:15:00+00:00,17875.55,17880.783499999998,17875.55,17878.211
2024-03-07 23:20:00+00:00,17879.172,17884.3165,17879.1165,17880.778
2024-03-07 23:25:00+00:00,17880.05,17884.233500000002,17873.878,17873.889000000003
2024-03-07 23:30:00+00:00,17874.783499999998,17875.65,17872.478,17873.3
2024-03-07 23:35:00+00:00,17872.889000000003,17873.8,17868.983500000002,17870.310999999998
2024-03-07 23:40:00+00:00,17871.211,17874.6555,17871.211,17873.728
2024-03-07 23:45:00+00:00,17874.605499999998,17875.5,17872.839,17875.5
2024-03-07 23:50:00+00:00,17873.8,17874.672,17870.289,17871.989
2024-03-07 23:55:00+00:00,17871.222,17874.5945,17868.539,17874.5945
2024-03-08 00:00:00+00:00,17874.261,17879.789,17869.022,17871.605499999998
2024-03-08 00:05:00+00:00,17871.989,17872.060999999998,17864.178,17865.089
2024-03-08 00:10:00+00:00,17865.95,17867.766499999998,17861.211,17862.560999999998
2024-03-08 00:15:00+00:00,17866.261,17876.75,17866.261,17876.183500000003
2024-03-08 00:20:00+00:00,17876.261,17876.7055,17870.7,17874.178
2024-03-08 00:25:00+00:00,17874.7165,17880.25,17873.65,17878.633500000004
2024-03-08 00:30:00+00:00,17878.178,17882.7165,17876.678,17876.689000000002
2024-03-08 00:35:00+00:00,17875.761,17880.7055,17875.6835,17878.7
2024-03-08 00:40:00+00:00,17878.1945,17880.7,17876.633500000004,17880.7
2024-03-08 00:45:00+00:00,17880.2,17886.683500000003,17880.2,17881.25
2024-03-08 00:50:00+00:00,17881.766499999998,17882.7,17881.189000000002,17882.7
2024-03-08 00:55:00+00:00,17882.2055,17882.2055,17880.211,17881.15
2024-03-08 01:00:00+00:00,17881.7,17882.2055,17877.2055,17878.716500000002
2024-03-08 01:05:00+00:00,17877.7055,17879.7,17874.6835,17875.25
2024-03-08 01:10:00+00:00,17874.7,17882.189000000002,17874.7,17882.189000000002
2024-03-08 01:15:00+00:00,17882.6945,17882.6945,17880.1945,17881.2055
2024-03-08 01:20:00+00:00,17880.6945,17882.772,17876.6945,17882.2
2024-03-08 01:25:00+00:00,17880.2055,17881.766499999998,17878.722,17881.7055
2024-03-08 01:30:00+00:00,17882.2555,17899.678,17882.2555,17895.7055
2024-03-08 01:35:00+00:00,17896.2,17898.766499999998,17891.144500000002,17893.2
2024-03-08 01:40:00+00:00,17892.689000000002,17892.689000000002,17887.628,17888.6945
2024-03-08 01:45:00+00:00,17887.6835,17889.711,17885.7,17886.7055
2024-03-08 01:50:00+00:00,17886.25,17890.6945,17885.639000000003,17888.711
2024-03-08 01:55:00+00:00,17888.261,17891.633500000004,17888.261,17889.689000000002
2024-03-08 02:00:00+00:00,17889.2055,17889.711,17885.7,17885.766499999998
2024-03-08 02:05:00+00:00,17886.6835,17889.772,17885.6945,17889.2
2024-03-08 02:10:00+00:00,17889.7555,17890.639000000003,17888.144500000002,17889.689000000002
2024-03-08 02:15:00+00:00,17889.2055,17891.75,17887.6945,17890.266499999998
2024-03-08 02:20:00+00:00,17890.683500000003,17891.6945,17889.628,17891.6945
2024-03-08 02:25:00+00:00,17890.6945,17890.711,17886.722,17889.766499999998
2024-03-08 02:30:00+00:00,17889.261,17889.766499999998,17886.144500000002,17887.2
2024-03-08 02:35:00+00:00,17887.7555,17889.7,17886.2,17886.761
2024-03-08 02:40:00+00:00,17885.761,17888.772,17885.7,17886.689000000002
2024-03-08 02:45:00+00:00,17887.189000000002,17887.7555,17884.178,17885.716500000002
2024-03-08 02:50:00+00:00,17885.261,17886.722,17884.272,17885.711
2024-03-08 02:55:00+00:00,17885.144500000002,17886.7055,17883.211,17883.211
2024-03-08 03:00:00+00:00,17882.722,17882.722,17880.644500000002,17881.6945
2024-03-08 03:05:00+00:00,17882.1945,17886.2,17880.7555,17881.6945
2024-03-08 03:10:00+00:00,17882.1835,17885.6945,17882.1835,17885.6945
2024-03-08 03:15:00+00:00,17885.139000000003,17885.711,17882.139000000003,17882.139000000003
2024-03-08 03:20:00+00:00,17881.2165,17884.2,17880.6945,17883.7
2024-03-08 03:25:00+00:00,17883.2,17889.65,17882.766499999998,17888.7
2024-03-08 03:30:00+00:00,17889.211,17891.75,17887.6945,17891.7
2024-03-08 03:35:00+00:00,17891.272,17893.183500000003,17891.2055,17892.7055
2024-03-08 03:40:00+00:00,17893.1945,17894.2,17893.1945,17893.7
2024-03-08 03:45:00+00:00,17893.2055,17897.222,17892.2,17895.2055
2024-03-08 03:50:00+00:00,17895.7055,17897.711,17894.7055,17897.678
2024-03-08 03:55:00+00:00,17896.7055,17898.766499999998,17895.633500000004,17895.7055
2024-03-08 04:00:00+00:00,17896.183500000003,17900.7165,17895.683500000003,17899.2
2024-03-08 04:05:00+00:00,17899.7,17900.139000000003,17897.15,17898.722
2024-03-08 04:10:00+00:00,17898.4545,17903.7055,17898.128,17901.7
2024-03-08 04:15:00+00:00,17902.1945,17907.7,17902.1945,17905.7
2024-03-08 04:20:00+00:00,17906.2,17907.7055,17904.2,17905.7
2024-03-08 04:25:00+00:00,17905.1945,17905.1945,17900.189000000002,17900.189000000002
2024-03-08 04:30:00+00:00,17900.7165,17901.75,17897.7,17899.761
2024-03-08 04:35:00+00:00,17896.711,17897.722,17893.178,17893.216500000002
2024-03-08 04:40:00+00:00,17893.722,17896.7,17893.2055,17895.7
2024-03-08 04:45:00+00:00,17896.6945,17896.6945,17893.2,17895.1835
2024-03-08 04:50:00+00:00,17894.6945,17897.716500000002,17892.766499999998,17894.711
2024-03-08 04:55:00+00:00,17895.7,17895.7,17893.1945,17893.689000000002
2024-03-08 05:00:00+00:00,17894.2,17894.211,17893.139000000003,17893.633500000004
2024-03-08 05:05:00+00:00,17894.15,17894.15,17891.689000000002,17892.65
2024-03-08 05:10:00+00:00,17893.133500000004,17893.766499999998,17892.6945,17893.189000000002
2024-03-08 05:15:00+00:00,17893.7,17895.139000000003,17892.7,17894.644500000002
2024-03-08 05:20:00+00:00,17895.1945,17896.7055,17892.266499999998,17893.144500000002
2024-03-08 05:25:00+00:00,17893.7555,17897.678,17893.1945,17895.7
2024-03-08 05:30:00+00:00,17896.6945,17899.7,17896.6945,17899.7
2024-03-08 05:35:00+00:00,17898.644500000002,17901.711,17898.644500000002,17899.7
2024-03-08 05:40:00+00:00,17900.128,17900.128,17897.711,17897.711
2024-03-08 05:45:00+00:00,17898.25,17899.178,17897.7055,17898.7
2024-03-08 05:50:00+00:00,17898.2055,17898.711,17893.7,17895.7165
2024-03-08 05:55:00+00:00,17895.1945,17898.772,17894.678,17894.761
2024-03-08 06:00:00+00:00,17894.2055,17899.7055,17894.2055,17899.128
2024-03-08 06:05:00+00:00,17899.7165,17901.7,17891.1945,17893.772
2024-03-08 06:10:00+00:00,17893.2,17894.266499999998,17891.6945,17894.266499999998
2024-03-08 06:15:00+00:00,17893.7,17894.75,17885.133500000004,17886.628
2024-03-08 06:20:00+00:00,17885.7,17886.633500000004,17883.7165,17885.15
2024-03-08 06:25:00+00:00,17885.7055,17885.7055,17882.7,17882.7555
2024-03-08 06:30:00+00:00,17883.1945,17887.2,17882.639000000003,17887.2
2024-03-08 06:35:00+00:00,17887.639000000003,17888.7055,17884.644500000002,17884.678
2024-03-08 06:40:00+00:00,17883.711,17885.766499999998,17880.6945,17881.722
2024-03-08 06:45:00+00:00,17882.772,17883.711,17880.2,17880.689000000002
2024-03-08 06:50:00+00:00,17881.2055,17882.7055,17877.2055,17877.2055
2024-03-08 06:55:00+00:00,17876.716500000002,17879.7,17872.7055,17872.7055
2024-03-08 07:00:00+00:00,17872.46,17873.7055,17859.678,17867.7055
2024-03-08 07:05:00+00:00,17868.2555,17875.1945,17865.6945,17865.7055
2024-03-08 07:10:00+00:00,17865.211,17872.689000000002,17862.75,17868.7
2024-03-08 07:15:00+00:00,17868.211,17872.678,17864.6945,17867.272
2024-03-08 07:20:00+00:00,17867.689000000002,17867.772,17861.716500000002,17864.711
2024-03-08 07:25:00+00:00,17863.2055,17866.7055,17857.689000000002,17858.7
2024-03-08 07:30:00+00:00,17857.7165,17863.716500000002,17855.2,17863.716500000002
2024-03-08 07:35:00+00:00,17864.25,17873.266499999998,17861.683500000003,17873.266499999998
2024-03-08 07:40:00+00:00,17873.716500000002,17879.216500000002,17871.211,17877.6945
2024-03-08 07:45:00+00:00,17876.6945,17877.7055,17870.1945,17871.711
2024-03-08 07:50:00+00:00,17872.1835,17872.1835,17861.75,17862.7
2024-03-08 07:55:00+00:00,17863.628,17863.766499999998,17856.144500000002,17860.766499999998
2024-03-08 08:00:00+00:00,17861.633500000004,17867.216500000002,17823.628,17834.7
2024-03-08 08:05:00+00:00,17833.639000000003,17837.75,17827.15,17828.189000000002
2024-03-08 08:10:00+00:00,17827.7055,17830.211,17816.189000000002,17823.133500000004
2024-03-08 08:15:00+00:00,17824.178,17825.139000000003,17809.6835,17812.189000000002
2024-03-08 08:20:00+00:00,17811.445,17817.716500000002,17808.2,17808.2
2024-03-08 08:25:00+00:00,17807.7555,17812.2555,17802.144500000002,17803.1835
2024-03-08 08:30:00+00:00,17802.2,17812.1945,17793.133500000004,17812.1945
2024-03-08 08:35:00+00:00,17811.2055,17813.272,17801.689000000002,17804.7055
2024-03-08 08:40:00+00:00,17805.1945,17814.761,17797.639000000003,17810.7055
2024-03-08 08:45:00+00:00,17811.1835,17828.2055,17807.1835,17823.7055
2024-03-08 08:50:00+00:00,17823.183500000003,17823.633500000004,17817.272,17819.628
2024-03-08 08:55:00+00:00,17820.2555,17821.689000000002,17811.2,17812.1945
2024-03-08 09:00:00+00:00,17813.144500000002,17819.2055,17798.7055,17816.2
2024-03-08 09:05:00+00:00,17815.7,17817.633500000004,17808.189000000002,17817.128
2024-03-08 09:10:00+00:00,17816.639000000003,17821.2055,17810.6945,17820.211
2024-03-08 09:15:00+00:00,17819.912,17820.211,17810.15,17815.7
2024-03-08 09:20:00+00:00,17815.189000000002,17823.211,17812.2055,17822.211
2024-03-08 09:25:00+00:00,17821.1945,17822.272,17812.644500000002,17819.6945
2024-03-08 09:30:00+00:00,17819.2,17821.689000000002,17814.1945,17818.211
2024-03-08 09:35:00+00:00,17818.683500000003,17822.2,17813.689000000002,17818.639000000003
2024-03-08 09:40:00+00:00,17818.2055,17827.222,17817.761,17826.65
2024-03-08 09:45:00+00:00,17828.2,17831.2555,17826.183500000003,17829.2165
2024-03-08 09:50:00+00:00,17828.7165,17832.266499999998,17826.261,17829.7
2024-03-08 09:55:00+00:00,17830.216500000002,17830.216500000002,17817.761,17824.7055
2024-03-08 10:00:00+00:00,17825.2,17829.7055,17821.211,17828.6945
2024-03-08 10:05:00+00:00,17828.144500000002,17828.189000000002,17819.2055,17826.216500000002
2024-03-08 10:10:00+00:00,17826.7055,17830.7165,17825.1945,17827.2165
2024-03-08 10:15:00+00:00,17826.6945,17834.222,17826.6945,17832.716500000002
2024-03-08 10:20:00+00:00,17833.2555,17840.1945,17831.211,17839.189000000002
2024-03-08 10:25:00+00:00,17838.412,17839.2055,17828.689000000002,17830.683500000003
2024-03-08 10:30:00+00:00,17830.1835,17837.189000000002,17828.2055,17834.7
2024-03-08 10:35:00+00:00,17834.261,17836.772,17829.6945,17832.683500000003
2024-03-08 10:40:00+00:00,17832.211,17834.772,17823.211,17824.766499999998
2024-03-08 10:45:00+00:00,17825.2055,17837.766499999998,17823.1835,17833.128
2024-03-08 10:50:00+00:00,17832.2,17835.7055,17828.2,17832.189000000002
2024-03-08 10:55:00+00:00,17832.683500000003,17838.683500000003,17830.133500000004,17837.7055
2024-03-08 11:00:00+00:00,17838.2555,17840.15,17830.1835,17832.1945
2024-03-08 11:05:00+00:00,17832.7,17836.2,17825.139000000003,17836.2
2024-03-08 11:10:00+00:00,17836.7,17843.2,17834.2055,17840.772
2024-03-08 11:15:00+00:00,17840.2,17842.216500000002,17834.133500000004,17840.1945
2024-03-08 11:20:00+00:00,17841.1835,17846.7,17841.1835,17844.6945
2024-03-08 11:25:00+00:00,17845.2,17845.75,17841.689000000002,17845.1945
2024-03-08 11:30:00+00:00,17843.6945,17845.711,17842.216500000002,17844.7055
2024-03-08 11:35:00+00:00,17844.2,17844.7055,17838.2055,17842.772
2024-03-08 11:40:00+00:00,17843.2055,17843.2055,17834.189000000002,17839.183500000003
2024-03-08 11:45:00+00:00,17838.801,17838.801,17824.7,17826.6945
2024-03-08 11:50:00+00:00,17826.2,17827.7055,17817.689000000002,17825.7055
2024-03-08 11:55:00+00:00,17825.144500000002,17825.7,17813.1835,17814.1945
2024-03-08 12:00:00+00:00,17814.7,17816.15,17809.1835,17814.7
2024-03-08 12:05:00+00:00,17814.222,17819.183500000003,17810.689000000002,17818.189000000002
2024-03-08 12:10:00+00:00,17818.711,17822.2055,17816.1835,17818.7055
2024-03-08 12:15:00+00:00,17818.2055,17818.6945,17805.639000000003,17807.144500000002
2024-03-08 12:20:00+00:00,17806.801,17813.211,17799.178,17812.711
2024-03-08 12:25:00+00:00,17812.261,17814.2,17807.6945,17812.211
2024-03-08 12:30:00+00:00,17812.7,17816.7165,17808.711,17815.2555
2024-03-08 12:35:00+00:00,17814.2055,17815.272,17810.128,17814.633500000004
2024-03-08 12:40:00+00:00,17814.189000000002,17817.261,17810.144500000002,17815.2
2024-03-08 12:45:00+00:00,17814.445,17816.7055,17808.1945,17811.7165
2024-03-08 12:50:00+00:00,17810.1835,17811.1945,17803.272,17808.716500000002
2024-03-08 12:55:00+00:00,17809.211,17813.2,17805.1945,17812.178
2024-03-08 13:00:00+00:00,17812.7055,17817.211,17809.761,17813.178
2024-03-08 13:05:00+00:00,17812.7055,17813.2055,17806.678,17807.7
2024-03-08 13:10:00+00:00,17808.189000000002,17810.2,17804.183500000003,17809.65
2024-03-08 13:15:00+00:00,17809.301,17815.216500000002,17805.2055,17814.272
2024-03-08 13:20:00+00:00,17813.133500000004,17826.211,17807.1835,17823.2055
2024-03-08 13:25:00+00:00,17822.633500000004,17824.272,17814.644500000002,17815.222
2024-03-08 13:30:00+00:00,17814.711,17848.2055,17786.689000000002,17835.722
2024-03-08 13:35:00+00:00,17836.6945,17851.2055,17827.65,17850.128
2024-03-08 13:40:00+00:00,17849.716500000002,17859.2,17841.272,17856.7
2024-03-08 13:45:00+00:00,17855.801,17858.1945,17839.128,17840.261
2024-03-08 13:50:00+00:00,17839.7,17848.183500000003,17836.128,17842.272
2024-03-08 13:55:00+00:00,17841.211,17848.2,17837.128,17846.178
2024-03-08 14:00:00+00:00,17845.401,17858.139000000003,17844.144500000002,17857.272
2024-03-08 14:05:00+00:00,17857.761,17857.761,17842.183500000003,17844.2
2024-03-08 14:10:00+00:00,17844.6945,17855.2055,17844.1835,17844.211
2024-03-08 14:15:00+00:00,17843.678,17845.683500000003,17835.633500000004,17843.772
2024-03-08 14:20:00+00:00,17843.2165,17851.25,17841.139000000003,17848.211
2024-03-08 14:25:00+00:00,17849.178,17853.266499999998,17840.139000000003,17844.7
2024-03-08 14:30:00+00:00,17844.434,17851.2055,17840.128,17842.766499999998
2024-03-08 14:35:00+00:00,17843.2055,17843.261,17824.7,17836.1945
2024-03-08 14:40:00+00:00,17837.2055,17846.7,17836.1945,17838.1835
2024-03-08 14:45:00+00:00,17837.683500000003,17847.711,17836.133500000004,17840.711
2024-03-08 14:50:00+00:00,17840.211,17842.25,17819.189000000002,17820.211
2024-03-08 14:55:00+00:00,17819.272,17835.2,17818.2,17834.178
2024-03-08 15:00:00+00:00,17835.222,17838.2,17830.2,17838.2
2024-03-08 15:05:00+00:00,17838.6945,17840.2165,17825.761,17826.644500000002
2024-03-08 15:10:00+00:00,17827.261,17832.272,17820.7,17830.1945
2024-03-08 15:15:00+00:00,17830.772,17835.2555,17823.128,17825.2
2024-03-08 15:20:00+00:00,17826.2,17830.7055,17824.144500000002,17825.2
2024-03-08 15:25:00+00:00,17824.7055,17826.211,17819.2,17822.2055
2024-03-08 15:30:00+00:00,17822.2,17825.2055,17820.133500000004,17822.7055
2024-03-08 15:35:00+00:00,17823.2,17828.272,17815.689000000002,17828.272
2024-03-08 15:40:00+00:00,17827.25,17834.7165,17823.7055,17832.6945
2024-03-08 15:45:00+00:00,17832.2555,17836.189000000002,17824.633500000004,17831.716500000002
2024-03-08 15:50:00+00:00,17831.2055,17841.766499999998,17829.6945,17841.211
2024-03-08 15:55:00+00:00,17842.2055,17847.183500000003,17838.772,17841.2
2024-03-08 16:00:00+00:00,17840.412,17842.189000000002,17828.189000000002,17830.2
2024-03-08 16:05:00+00:00,17829.133500000004,17832.211,17825.139000000003,17827.15
2024-03-08 16:10:00+00:00,17826.261,17829.2165,17822.2,17827.2055
2024-03-08 16:15:00+00:00,17827.2,17827.2,17819.2055,17822.272
2024-03-08 16:20:00+00:00,17822.7,17827.2555,17816.1835,17817.2055
2024-03-08 16:25:00+00:00,17816.6945,17822.266499999998,17815.2055,17817.266499999998
2024-03-08 16:30:00+00:00,17817.139000000003,17819.75,17805.7055,17816.1945
2024-03-08 16:35:00+00:00,17817.2,17822.2165,17813.178,17820.272
2024-03-08 16:40:00+00:00,17820.65,17823.2555,17812.261,17819.272
2024-03-08 16:45:00+00:00,17819.7555,17820.2,17808.2,17813.15
2024-03-08 16:50:00+00:00,17814.211,17823.261,17810.6835,17814.272
2024-03-08 16:55:00+00:00,17813.75,17817.15,17805.6945,17806.2
2024-03-08 17:00:00+00:00,17805.638,17815.2555,17800.65,17813.2055
2024-03-08 17:05:00+00:00,17812.689000000002,17820.716500000002,17803.189000000002,17805.211
2024-03-08 17:10:00+00:00,17805.7055,17816.189000000002,17801.139000000003,17813.2055
2024-03-08 17:15:00+00:00,17814.2165,17814.266499999998,17802.2165,17803.2555
2024-03-08 17:20:00+00:00,17802.7055,17807.716500000002,17800.2,17801.2055
2024-03-08 17:25:00+00:00,17800.711,17817.1835,17800.711,17812.2055
2024-03-08 17:30:00+00:00,17811.683500000003,17817.211,17810.178,17814.2055
2024-03-08 17:35:00+00:00,17814.766499999998,17815.261,17806.1945,17813.711
2024-03-08 17:40:00+00:00,17814.1945,17817.139000000003,17804.678,17808.133500000004
2024-03-08 17:45:00+00:00,17807.1945,17808.133500000004,17799.189000000002,17799.189000000002
2024-03-08 17:50:00+00:00,17800.211,17802.2,17783.211,17783.7
2024-03-08 17:55:00+00:00,17784.189000000002,17785.272,17769.139000000003,17773.144500000002
2024-03-08 18:00:00+00:00,17771.211,17771.639000000003,17761.139000000003,17762.211
2024-03-08 18:05:00+00:00,17761.144500000002,17779.2055,17757.15,17774.211
2024-03-08 18:10:00+00:00,17774.689000000002,17777.261,17768.2,17769.7055
2024-03-08 18:15:00+00:00,17770.272,17775.272,17767.266499999998,17769.211
2024-03-08 18:20:00+00:00,17768.6835,17771.772,17762.2,17764.772
2024-03-08 18:25:00+00:00,17764.189000000002,17773.7055,17763.211,17769.2055
2024-03-08 18:30:00+00:00,17768.2,17768.2,17756.7,17757.2555
2024-03-08 18:35:00+00:00,17757.75,17758.2,17746.1835,17748.1945
2024-03-08 18:40:00+00:00,17748.711,17751.261,17742.633500000004,17750.6945
2024-03-08 18:45:00+00:00,17750.2,17757.761,17748.2,17748.7
2024-03-08 18:50:00+00:00,17749.2,17754.272,17745.639000000003,17750.2555
2024-03-08 18:55:00+00:00,17749.7,17762.211,17749.7,17761.2055
2024-03-08 19:00:00+00:00,17760.2,17777.2,17759.2055,17774.1835
2024-03-08 19:05:00+00:00,17774.7,17777.211,17768.183500000003,17772.639000000003
2024-03-08 19:10:00+00:00,17773.2165,17774.761,17764.2,17768.7055
2024-03-08 19:15:00+00:00,17769.216500000002,17777.683500000003,17766.2,17774.711
2024-03-08 19:20:00+00:00,17775.2055,17788.2,17774.211,17786.1835
2024-03-08 19:25:00+00:00,17787.266499999998,17788.266499999998,17779.139000000003,17784.15
2024-03-08 19:30:00+00:00,17785.2,17790.272,17785.128,17789.711
2024-03-08 19:35:00+00:00,17790.216500000002,17794.1945,17787.189000000002,17789.272
2024-03-08 19:40:00+00:00,17788.7,17797.272,17788.7,17795.2
2024-03-08 19:45:00+00:00,17795.6945,17795.7,17784.6945,17787.1945
2024-03-08 19:50:00+00:00,17787.6945,17791.2,17780.1945,17781.139000000003
2024-03-08 19:55:00+00:00,17782.7055,17784.689000000002,17777.128,17777.6945
2024-03-08 20:00:00+00:00,17777.2,17791.222,17777.2,17790.189000000002
2024-03-08 20:05:00+00:00,17789.711,17790.272,17777.211,17777.211
2024-03-08 20:10:00+00:00,17776.7,17777.2055,17766.2165,17770.7555
2024-03-08 20:15:00+00:00,17771.272,17774.2,17767.2055,17770.6945
2024-03-08 20:20:00+00:00,17770.2,17778.711,17768.2,17777.2165
2024-03-08 20:25:00+00:00,17778.2055,17781.261,17760.216500000002,17761.7055
2024-03-08 20:30:00+00:00,17761.46,17776.7055,17759.1835,17773.711
2024-03-08 20:35:00+00:00,17774.2,17774.772,17762.189000000002,17762.189000000002
2024-03-08 20:40:00+00:00,17763.139000000003,17770.7165,17763.139000000003,17766.266499999998
2024-03-08 20:45:00+00:00,17767.183500000003,17771.7,17765.1945,17768.189000000002
2024-03-08 20:50:00+00:00,17770.222,17772.272,17764.722,17768.628
2024-03-08 20:55:00+00:00,17767.9655,17768.15,17756.689000000002,17758.716500000002
2024-03-08 21:00:00+00:00,17759.211,17759.211,17758.7055,17758.7055
2024-03-11 00:00:00+00:00,17763.9655,17765.65,17757.9055,17761.360999999997
2024-03-11 00:05:00+00:00,17760.4945,17760.961,17754.411,17756.589
2024-03-11 00:10:00+00:00,17756.110999999997,17763.766499999998,17754.089,17762.8
2024-03-11 00:15:00+00:00,17752.1945,17764.211,17749.689000000002,17751.144500000002
2024-03-11 00:20:00+00:00,17751.2,17753.139000000003,17749.7,17751.189000000002
2024-03-11 00:25:00+00:00,17751.7,17751.722,17742.75,17743.6945
2024-03-11 00:30:00+00:00,17745.1945,17745.7,17740.189000000002,17740.189000000002
2024-03-11 00:35:00+00:00,17739.7055,17739.7055,17732.1835,17733.178
2024-03-11 00:40:00+00:00,17733.689000000002,17734.6945,17731.75,17732.144500000002
2024-03-11 00:45:00+00:00,17732.761,17741.7555,17732.15,17739.2
2024-03-11 00:50:00+00:00,17738.689000000002,17740.7,17737.689000000002,17740.2055
2024-03-11 00:55:00+00:00,17739.6945,17740.261,17734.211,17736.644500000002
2024-03-11 01:00:00+00:00,17737.1945,17742.2,17735.689000000002,17741.678
2024-03-11 01:05:00+00:00,17742.1945,17746.189000000002,17738.6945,17746.189000000002
2024-03-11 01:10:00+00:00,17747.216500000002,17749.772,17744.2,17746.133500000004
2024-03-11 01:15:00+00:00,17745.7,17751.211,17745.1945,17747.2
2024-03-11 01:20:00+00:00,17746.96,17754.211,17745.7,17754.133500000004
2024-03-11 01:25:00+00:00,17753.2,17754.2055,17750.6835,17753.7165
2024-03-11 01:30:00+00:00,17754.15,17759.7,17754.15,17756.7165
2024-03-11 01:35:00+00:00,17757.1945,17759.216500000002,17756.7,17756.7
2024-03-11 01:40:00+00:00,17757.7055,17763.6835,17757.1945,17759.2055
2024-03-11 01:45:00+00:00,17759.7,17761.216500000002,17750.133500000004,17751.128
2024-03-11 01:50:00+00:00,17750.644500000002,17751.766499999998,17740.261,17741.1945
2024-03-11 01:55:00+00:00,17741.7555,17745.266499999998,17741.1945,17741.7055
2024-03-11 02:00:00+00:00,17742.189000000002,17742.189000000002,17734.633500000004,17739.2
2024-03-11 02:05:00+00:00,17740.2,17744.644500000002,17740.2,17744.2
2024-03-11 02:10:00+00:00,17743.6945,17744.178,17735.7055,17738.683500000003
2024-03-11 02:15:00+00:00,17739.2055,17742.222,17738.211,17742.222
2024-03-11 02:20:00+00:00,17741.2,17742.222,17737.1945,17739.144500000002
2024-03-11 02:25:00+00:00,17739.683500000003,17745.678,17739.139000000003,17744.128
2024-03-11 02:30:00+00:00,17744.716500000002,17745.266499999998,17735.211,17735.211
2024-03-11 02:35:00+00:00,17735.7,17736.25,17733.761,17736.2055
2024-03-11 02:40:00+00:00,17737.222,17745.7,17737.222,17742.2
2024-03-11 02:45:00+00:00,17741.689000000002,17742.7,17738.65,17741.711
2024-03-11 02:50:00+00:00,17741.2,17741.2,17734.2,17735.15
2024-03-11 02:55:00+00:00,17735.7055,17740.7,17735.2055,17738.1945
2024-03-11 03:00:00+00:00,17737.7,17745.189000000002,17737.7,17739.1945
2024-03-11 03:05:00+00:00,17739.689000000002,17743.2,17739.189000000002,17743.2
2024-03-11 03:10:00+00:00,17742.6945,17744.189000000002,17742.2,17743.7055
2024-03-11 03:15:00+00:00,17744.2055,17745.266499999998,17743.1945,17743.711
2024-03-11 03:20:00+00:00,17743.261,17749.1835,17743.2,17748.211
2024-03-11 03:25:00+00:00,17748.6945,17749.75,17746.139000000003,17747.15
2024-03-11 03:30:00+00:00,17746.689000000002,17748.222,17742.7165,17744.2
2024-03-11 03:35:00+00:00,17743.211,17744.2,17742.128,17742.7
2024-03-11 03:40:00+00:00,17742.15,17743.2055,17741.6945,17741.7165
2024-03-11 03:45:00+00:00,17742.1945,17742.1945,17737.1945,17737.7
2024-03-11 03:50:00+00:00,17738.266499999998,17739.1945,17735.2,17736.128
2024-03-11 03:55:00+00:00,17736.7055,17736.7055,17724.189000000002,17726.2055
2024-03-11 04:00:00+00:00,17725.711,17725.711,17720.261,17720.261
2024-03-11 04:05:00+00:00,17718.6945,17721.678,17717.189000000002,17721.678
2024-03-11 04:10:00+00:00,17720.716500000002,17722.144500000002,17719.7,17721.689000000002
2024-03-11 04:15:00+00:00,17722.2055,17725.628,17721.75,17724.2
2024-03-11 04:20:00+00:00,17723.7055,17727.189000000002,17720.211,17720.211
2024-03-11 04:25:00+00:00,17720.683500000003,17721.689000000002,17719.711,17720.2055
2024-03-11 04:30:00+00:00,17719.6945,17719.6945,17712.7055,17713.2165
2024-03-11 04:35:00+00:00,17713.761,17718.7055,17713.128,17716.7055
2024-03-11 04:40:00+00:00,17716.2,17717.7055,17713.761,17714.211
2024-03-11 04:45:00+00:00,17713.689000000002,17714.266499999998,17712.644500000002,17713.7555
2024-03-11 04:50:00+00:00,17714.183500000003,17714.183500000003,17710.711,17711.7
2024-03-11 04:55:00+00:00,17712.189000000002,17714.7055,17711.689000000002,17713.65
2024-03-11 05:00:00+00:00,17713.1945,17719.261,17713.15,17718.2555
2024-03-11 05:05:00+00:00,17717.7,17723.711,17714.2055,17719.644500000002
2024-03-11 05:10:00+00:00,17719.2,17723.689000000002,17719.2,17719.683500000003
2024-03-11 05:15:00+00:00,17719.139000000003,17721.7055,17719.139000000003,17721.7055
2024-03-11 05:20:00+00:00,17720.75,17721.7,17720.75,17721.7
2024-03-11 05:25:00+00:00,17722.65,17724.2055,17721.7055,17722.7055
2024-03-11 05:30:00+00:00,17723.772,17728.211,17723.189000000002,17727.2
2024-03-11 05:35:00+00:00,17728.2165,17731.211,17725.272,17725.272
2024-03-11 05:40:00+00:00,17727.6835,17729.2055,17726.178,17727.216500000002
2024-03-11 05:45:00+00:00,17728.2055,17729.2,17725.639000000003,17727.178
2024-03-11 05:50:00+00:00,17726.689000000002,17731.261,17725.189000000002,17730.1945
2024-03-11 05:55:00+00:00,17730.75,17738.2555,17730.211,17738.2555
2024-03-11 06:00:00+00:00,17737.6945,17743.2,17737.628,17742.2
2024-03-11 06:05:00+00:00,17741.678,17742.2555,17737.689000000002,17741.2
2024-03-11 06:10:00+00:00,17741.6945,17742.2055,17733.7,17736.644500000002
2024-03-11 06:15:00+00:00,17737.25,17738.711,17735.128,17738.711
2024-03-11 06:20:00+00:00,17739.25,17741.216500000002,17738.1945,17738.222
2024-03-11 06:25:00+00:00,17738.716500000002,17740.2165,17737.7,17738.222
2024-03-11 06:30:00+00:00,17737.144500000002,17738.144500000002,17733.7,17734.1945
2024-03-11 06:35:00+00:00,17732.25,17740.644500000002,17732.25,17740.139000000003
2024-03-11 06:40:00+00:00,17739.1945,17739.1945,17734.1945,17736.2055
2024-03-11 06:45:00+00:00,17735.2165,17739.2,17735.2165,17738.1945
2024-03-11 06:50:00+00:00,17738.633500000004,17738.7,17735.6945,17736.133500000004
2024-03-11 06:55:00+00:00,17740.7,17750.2,17740.7,17747.272
2024-03-11 07:00:00+00:00,17748.1945,17755.25,17742.1835,17747.216500000002
2024-03-11 07:05:00+00:00,17748.2055,17751.2,17741.211,17748.7055
2024-03-11 07:10:00+00:00,17748.2055,17748.2055,17735.772,17735.772
2024-03-11 07:15:00+00:00,17736.6945,17739.261,17731.216500000002,17731.216500000002
2024-03-11 07:20:00+00:00,17730.6945,17732.722,17717.1945,17718.178
2024-03-11 07:25:00+00:00,17718.711,17732.2055,17717.1945,17731.183500000003
2024-03-11 07:30:00+00:00,17731.7,17735.211,17712.7055,17713.2
2024-03-11 07:35:00+00:00,17714.189000000002,17715.266499999998,17708.766499999998,17714.261
2024-03-11 07:40:00+00:00,17714.6945,17720.222,17711.7055,17714.7
2024-03-11 07:45:00+00:00,17714.178,17736.7165,17713.7,17736.15
2024-03-11 07:50:00+00:00,17736.7,17745.211,17736.25,17742.2165
2024-03-11 07:55:00+00:00,17742.7,17743.628,17717.211,17720.144500000002
2024-03-11 08:00:00+00:00,17721.189000000002,17726.211,17681.689000000002,17684.772
2024-03-11 08:05:00+00:00,17684.423000000003,17704.211,17684.2,17695.689000000002
2024-03-11 08:10:00+00:00,17695.211,17703.2055,17684.211,17687.183500000003
2024-03-11 08:15:00+00:00,17687.7,17707.7555,17683.1945,17706.1945
2024-03-11 08:20:00+00:00,17705.133500000004,17725.189000000002,17699.15,17718.183500000003
2024-03-11 08:25:00+00:00,17718.633500000004,17722.7055,17702.6945,17707.2055
2024-03-11 08:30:00+00:00,17707.7,17715.25,17699.139000000003,17709.211
2024-03-11 08:35:00+00:00,17709.75,17721.1945,17708.178,17709.7055
2024-03-11 08:40:00+00:00,17710.2,17712.222,17698.266499999998,17699.2165
2024-03-11 08:45:00+00:00,17697.689000000002,17698.2055,17676.7,17678.6945
2024-03-11 08:50:00+00:00,17678.2055,17678.2055,17660.1945,17664.128
2024-03-11 08:55:00+00:00,17664.711,17683.6945,17662.7,17683.1945
2024-03-11 09:00:00+00:00,17683.689000000002,17700.7,17682.7055,17699.216500000002
2024-03-11 09:05:00+00:00,17698.211,17699.266499999998,17689.211,17696.683500000003
2024-03-11 09:10:00+00:00,17696.2,17697.1945,17678.7,17681.2
2024-03-11 09:15:00+00:00,17680.7055,17681.722,17671.6835,17681.722
2024-03-11 09:20:00+00:00,17682.7555,17687.222,17674.1945,17677.689000000002
2024-03-11 09:25:00+00:00,17677.2,17691.689000000002,17674.722,17681.178
2024-03-11 09:30:00+00:00,17680.722,17685.1945,17671.633500000004,17672.15
2024-03-11 09:35:00+00:00,17672.761,17676.222,17663.7555,17665.1945
2024-03-11 09:40:00+00:00,17664.2055,17676.183500000003,17664.2055,17673.2055
2024-03-11 09:45:00+00:00,17672.7,17682.7,17671.1945,17680.7
2024-03-11 09:50:00+00:00,17681.178,17689.75,17681.178,17685.711
2024-03-11 09:55:00+00:00,17686.7,17689.7055,17684.65,17689.7055
2024-03-11 10:00:00+00:00,17690.2055,17698.183500000003,17687.716500000002,17698.183500000003
2024-03-11 10:05:00+00:00,17698.6835,17703.7,17695.633500000004,17702.7055
2024-03-11 10:10:00+00:00,17703.6835,17704.7165,17696.133500000004,17696.6835
2024-03-11 10:15:00+00:00,17695.766499999998,17699.266499999998,17692.6945,17696.211
2024-03-11 10:20:00+00:00,17695.639000000003,17697.644500000002,17679.772,17679.772
2024-03-11 10:25:00+00:00,17678.65,17686.25,17678.133500000004,17683.139000000003
2024-03-11 10:30:00+00:00,17683.6945,17687.711,17681.628,17687.711
2024-03-11 10:35:00+00:00,17688.25,17705.261,17686.7055,17705.261
2024-03-11 10:40:00+00:00,17704.716500000002,17714.75,17704.7,17709.216500000002
2024-03-11 10:45:00+00:00,17709.7,17722.689000000002,17709.7,17721.65
2024-03-11 10:50:00+00:00,17722.1945,17722.689000000002,17710.6945,17712.639000000003
2024-03-11 10:55:00+00:00,17713.1945,17714.211,17708.7055,17710.211
2024-03-11 11:00:00+00:00,17710.766499999998,17723.772,17704.6945,17723.183500000003
2024-03-11 11:05:00+00:00,17722.7,17722.7,17708.639000000003,17713.272
2024-03-11 11:10:00+00:00,17713.6945,17723.7055,17712.6945,17719.1945
2024-03-11 11:15:00+00:00,17719.7,17722.2555,17710.128,17711.222
2024-03-11 11:20:00+00:00,17712.7,17719.639000000003,17712.144500000002,17717.711
2024-03-11 11:25:00+00:00,17718.144500000002,17724.2055,17717.15,17721.1945
2024-03-11 11:30:00+00:00,17720.6835,17721.65,17711.7,17715.2055
2024-03-11 11:35:00+00:00,17714.7,17720.644500000002,17713.7055,17719.7
2024-03-11 11:40:00+00:00,17720.128,17727.722,17719.2055,17724.2
2024-03-11 11:45:00+00:00,17726.1835,17726.716500000002,17712.7555,17712.7555
2024-03-11 11:50:00+00:00,17712.15,17712.2055,17706.144500000002,17710.272
2024-03-11 11:55:00+00:00,17709.628,17718.2,17707.689000000002,17715.139000000003
2024-03-11 12:00:00+00:00,17714.678,17714.678,17704.7,17707.7
2024-03-11 12:05:00+00:00,17708.1945,17713.772,17699.678,17700.65
2024-03-11 12:10:00+00:00,17699.722,17701.711,17691.628,17695.7055
2024-03-11 12:15:00+00:00,17695.2055,17696.2,17683.639000000003,17688.7
2024-03-11 12:20:00+00:00,17689.272,17694.2055,17683.628,17688.7555
2024-03-11 12:25:00+00:00,17688.401,17697.7,17686.633500000004,17697.211
2024-03-11 12:30:00+00:00,17696.683500000003,17702.772,17692.2555,17695.689000000002
2024-03-11 12:35:00+00:00,17696.766499999998,17697.2055,17689.2055,17692.689000000002
2024-03-11 12:40:00+00:00,17691.6945,17697.7055,17687.6945,17688.761
2024-03-11 12:45:00+00:00,17688.189000000002,17693.211,17684.711,17685.211
2024-03-11 12:50:00+00:00,17684.689000000002,17707.7,17682.6945,17705.1945
2024-03-11 12:55:00+00:00,17704.7,17714.711,17699.6945,17713.15
2024-03-11 13:00:00+00:00,17713.7055,17718.683500000003,17709.401,17711.7
2024-03-11 13:05:00+00:00,17712.2165,17722.7165,17711.689000000002,17720.1945
2024-03-11 13:10:00+00:00,17719.711,17730.711,17719.711,17728.65
2024-03-11 13:15:00+00:00,17728.301,17729.2055,17720.7055,17724.6945
2024-03-11 13:20:00+00:00,17724.2055,17725.722,17716.678,17717.689000000002
2024-03-11 13:25:00+00:00,17716.901,17721.6945,17714.15,17716.761
2024-03-11 13:30:00+00:00,17715.6835,17731.7055,17715.6835,17728.772
2024-03-11 13:35:00+00:00,17728.7,17732.772,17726.644500000002,17731.7055
2024-03-11 13:40:00+00:00,17731.801,17735.761,17727.689000000002,17733.7
2024-03-11 13:45:00+00:00,17733.2,17738.15,17721.689000000002,17726.7
2024-03-11 13:50:00+00:00,17727.1945,17729.6835,17717.689000000002,17718.716500000002
2024-03-11 13:55:00+00:00,17719.2055,17728.189000000002,17718.65,17719.7
2024-03-11 14:00:00+00:00,17720.222,17726.711,17712.7055,17715.6945
2024-03-11 14:05:00+00:00,17716.464,17718.689000000002,17708.644500000002,17715.189000000002
2024-03-11 14:10:00+00:00,17715.7,17715.7,17700.65,17706.716500000002
2024-03-11 14:15:00+00:00,17706.2055,17713.75,17700.6945,17712.639000000003
2024-03-11 14:20:00+00:00,17713.1945,17715.2055,17697.139000000003,17697.7055
2024-03-11 14:25:00+00:00,17697.266499999998,17701.7,17692.639000000003,17696.689000000002
2024-03-11 14:30:00+00:00,17697.711,17712.7555,17696.15,17709.7165
2024-03-11 14:35:00+00:00,17710.144500000002,17711.7,17685.6945,17688.7
2024-03-11 14:40:00+00:00,17687.945,17699.139000000003,17686.65,17686.7
2024-03-11 14:45:00+00:00,17685.6945,17686.7,17678.65,17686.6945
2024-03-11 14:50:00+00:00,17685.761,17697.716500000002,17685.761,17697.716500000002
2024-03-11 14:55:00+00:00,17697.183500000003,17700.766499999998,17692.7,17697.7
2024-03-11 15:00:00+00:00,17697.211,17701.7,17692.689000000002,17696.2
2024-03-11 15:05:00+00:00,17696.633500000004,17706.7055,17696.633500000004,17704.211
2024-03-11 15:10:00+00:00,17704.7055,17704.7055,17686.628,17692.639000000003
2024-03-11 15:15:00+00:00,17693.2,17698.766499999998,17689.722,17696.644500000002
2024-03-11 15:20:00+00:00,17697.7555,17700.261,17686.7,17690.678
2024-03-11 15:25:00+00:00,17689.633500000004,17696.711,17689.633500000004,17692.7555
2024-03-11 15:30:00+00:00,17692.189000000002,17703.716500000002,17688.6945,17703.644500000002
2024-03-11 15:35:00+00:00,17703.1945,17712.75,17702.7,17707.6835
2024-03-11 15:40:00+00:00,17708.211,17719.7055,17705.2,17718.6945
2024-03-11 15:45:00+00:00,17717.683500000003,17722.7055,17713.716500000002,17716.133500000004
2024-03-11 15:50:00+00:00,17716.7,17719.7,17713.75,17718.7055
2024-03-11 15:55:00+00:00,17717.7,17723.2055,17716.6945,17721.7055
2024-03-11 16:00:00+00:00,17722.216500000002,17726.766499999998,17718.7,17725.6945
2024-03-11 16:05:00+00:00,17725.301,17731.722,17723.6835,17727.6945
2024-03-11 16:10:00+00:00,17728.2,17740.772,17723.6835,17738.6945
2024-03-11 16:15:00+00:00,17737.766499999998,17745.75,17736.7,17742.7
2024-03-11 16:20:00+00:00,17743.211,17747.711,17741.722,17747.711
2024-03-11 16:25:00+00:00,17746.2,17749.7055,17744.689000000002,17746.6945
2024-03-11 16:30:00+00:00,17745.7055,17749.7055,17743.689000000002,17747.2055
2024-03-11 16:35:00+00:00,17746.7055,17752.6945,17745.689000000002,17748.75
2024-03-11 16:40:00+00:00,17748.211,17760.711,17748.211,17754.628
2024-03-11 16:45:00+00:00,17755.6945,17761.7165,17753.628,17757.633500000004
2024-03-11 16:50:00+00:00,17757.2,17762.761,17754.6945,17761.7
2024-03-11 16:55:00+00:00,17762.25,17762.7555,17756.2,17756.7
2024-03-11 17:00:00+00:00,17757.211,17765.689000000002,17755.6835,17760.678
2024-03-11 17:05:00+00:00,17761.2,17764.7555,17754.1835,17757.7
2024-03-11 17:10:00+00:00,17757.183500000003,17761.689000000002,17749.2165,17752.628
2024-03-11 17:15:00+00:00,17752.139000000003,17758.761,17751.189000000002,17757.639000000003
2024-03-11 17:20:00+00:00,17758.222,17765.2,17755.6945,17762.189000000002
2024-03-11 17:25:00+00:00,17762.7555,17765.761,17761.683500000003,17765.211
2024-03-11 17:30:00+00:00,17765.7,17774.689000000002,17763.7,17768.2
2024-03-11 17:35:00+00:00,17768.7555,17772.711,17763.6835,17765.128
2024-03-11 17:40:00+00:00,17765.711,17767.761,17757.7055,17760.189000000002
2024-03-11 17:45:00+00:00,17759.689000000002,17763.683500000003,17757.7055,17761.689000000002
2024-03-11 17:50:00+00:00,17762.15,17767.2,17758.2,17762.2
2024-03-11 17:55:00+00:00,17762.683500000003,17775.7,17762.683500000003,17773.7
2024-03-11 18:00:00+00:00,17774.25,17777.272,17768.7,17776.7
2024-03-11 18:05:00+00:00,17775.689000000002,17777.1945,17773.2055,17776.2
2024-03-11 18:10:00+00:00,17775.644500000002,17777.6835,17764.716500000002,17769.6835
2024-03-11 18:15:00+00:00,17770.2055,17776.6945,17769.6835,17770.711
2024-03-11 18:20:00+00:00,17771.211,17776.766499999998,17769.7,17774.689000000002
2024-03-11 18:25:00+00:00,17773.75,17775.7055,17768.65,17773.189000000002
2024-03-11 18:30:00+00:00,17773.722,17777.766499999998,17767.633500000004,17768.711
2024-03-11 18:35:00+00:00,17767.761,17773.7055,17766.6835,17769.772
2024-03-11 18:40:00+00:00,17770.7055,17776.761,17769.7,17775.6945
2024-03-11 18:45:00+00:00,17776.133500000004,17779.7,17773.75,17778.711
2024-03-11 18:50:00+00:00,17779.639000000003,17781.711,17773.6835,17774.689000000002
2024-03-11 18:55:00+00:00,17773.65,17777.7,17773.65,17777.7
2024-03-11 19:00:00+00:00,17777.2055,17778.6835,17773.65,17775.65
2024-03-11 19:05:00+00:00,17776.266499999998,17776.7,17773.6945,17773.761
2024-03-11 19:10:00+00:00,17774.1835,17776.211,17768.2,17768.711
2024-03-11 19:15:00+00:00,17769.216500000002,17773.7,17765.1945,17766.711
2024-03-11 19:20:00+00:00,17766.189000000002,17773.183500000003,17765.7165,17767.761
2024-03-11 19:25:00+00:00,17767.272,17768.711,17762.711,17762.711
2024-03-11 19:30:00+00:00,17761.75,17770.711,17761.75,17769.189000000002
2024-03-11 19:35:00+00:00,17769.722,17770.711,17760.711,17762.772
2024-03-11 19:40:00+00:00,17763.2,17774.6945,17762.689000000002,17772.689000000002
2024-03-11 19:45:00+00:00,17771.7055,17773.7,17762.1945,17763.7
2024-03-11 19:50:00+00:00,17764.689000000002,17766.711,17759.689000000002,17762.711
2024-03-11 19:55:00+00:00,17761.711,17777.272,17761.65,17775.6945
2024-03-11 20:00:00+00:00,17776.761,17777.716500000002,17770.6835,17771.7
2024-03-11 20:05:00+00:00,17772.211,17779.1945,17771.65,17778.772
2024-03-11 20:10:00+00:00,17779.144500000002,17784.7555,17778.7055,17782.761
2024-03-11 20:15:00+00:00,17781.7,17783.7055,17781.1945,17781.689000000002
2024-03-11 20:20:00+00:00,17782.6835,17783.7555,17780.644500000002,17780.722
2024-03-11 20:25:00+00:00,17781.1835,17784.772,17780.628,17781.133500000004
2024-03-11 20:30:00+00:00,17781.7055,17788.128,17781.7055,17785.1945
2024-03-11 20:35:00+00:00,17784.7,17789.7555,17784.6945,17786.639000000003
2024-03-11 20:40:00+00:00,17787.7055,17787.7055,17785.633500000004,17786.6835
2024-03-11 20:45:00+00:00,17787.211,17787.766499999998,17785.7,17786.7
2024-03-11 20:50:00+00:00,17787.689000000002,17787.766499999998,17785.1835,17785.711
2024-03-11 20:55:00+00:00,17784.689000000002,17788.2055,17783.2,17786.7165
2024-03-11 21:00:00+00:00,17786.2,17786.2,17786.2,17786.2
2024-03-11 23:00:00+00:00,17810.622,17811.4665,17807.95,17809.644500000002
2024-03-11 23:05:00+00:00,17810.05,17811.4055,17808.778,17809.639000000003
2024-03-11 23:10:00+00:00,17808.810999999998,17810.6,17807.928,17809.7055
2024-03-11 23:15:00+00:00,17810.610999999997,17814.810999999998,17809.7555,17814.739
2024-03-11 23:20:00+00:00,17814.0055,17814.810999999998,17811.3335,17811.3335
2024-03-11 23:25:00+00:00,17811.810999999998,17814.0055,17811.339,17812.355499999998
2024-03-11 23:30:00+00:00,17813.089,17813.172,17811.394500000002,17812.3165
2024-03-11 23:35:00+00:00,17811.872,17813.1,17809.7,17812.2945
2024-03-11 23:40:00+00:00,17813.116499999996,17813.1665,17811.4165,17813.1665
2024-03-11 23:45:00+00:00,17813.9835,17814.85,17813.0445,17813.110999999997
2024-03-11 23:50:00+00:00,17813.610999999997,17816.6665,17813.610999999997,17815.7165
2024-03-11 23:55:00+00:00,17816.5835,17819.9945,17815.7,17818.3055
2024-03-12 00:00:00+00:00,17817.45,17817.45,17811.4,17813.105499999998
2024-03-12 00:05:00+00:00,17814.05,17814.060999999998,17809.65,17813.1555
2024-03-12 00:10:00+00:00,17812.75,17813.1,17811.3835,17813.078
2024-03-12 00:15:00+00:00,17791.65,17816.7,17791.65,17813.25
2024-03-12 00:20:00+00:00,17813.2165,17820.633500000004,17813.2165,17819.7
2024-03-12 00:25:00+00:00,17820.216500000002,17828.6945,17819.689000000002,17826.628
2024-03-12 00:30:00+00:00,17826.1835,17826.1835,17819.25,17823.7
2024-03-12 00:35:00+00:00,17822.711,17829.211,17816.711,17818.222
2024-03-12 00:40:00+00:00,17817.711,17827.266499999998,17817.6835,17823.2
2024-03-12 00:45:00+00:00,17822.1835,17827.211,17819.7,17826.133500000004
2024-03-12 00:50:00+00:00,17825.683500000003,17825.7055,17823.15,17825.7055
2024-03-12 00:55:00+00:00,17825.1835,17825.1835,17817.65,17817.65
2024-03-12 01:00:00+00:00,17818.7555,17823.6945,17817.722,17822.6835
2024-03-12 01:05:00+00:00,17821.689000000002,17823.711,17817.761,17817.761
2024-03-12 01:10:00+00:00,17818.133500000004,17821.7,17817.7,17819.711
2024-03-12 01:15:00+00:00,17818.7555,17823.716500000002,17817.178,17823.716500000002
2024-03-12 01:20:00+00:00,17826.7055,17827.25,17824.1945,17826.211
2024-03-12 01:25:00+00:00,17825.7165,17827.2055,17825.133500000004,17826.2
2024-03-12 01:30:00+00:00,17826.7055,17826.7055,17820.189000000002,17822.7
2024-03-12 01:35:00+00:00,17823.1945,17828.6945,17822.766499999998,17825.7
2024-03-12 01:40:00+00:00,17826.211,17828.628,17822.7055,17828.628
2024-03-12 01:45:00+00:00,17829.1945,17836.75,17829.1945,17835.7055
2024-03-12 01:50:00+00:00,17836.711,17836.711,17831.7,17832.689000000002
2024-03-12 01:55:00+00:00,17831.689000000002,17831.689000000002,17825.189000000002,17825.6945
2024-03-12 02:00:00+00:00,17825.222,17827.722,17824.178,17826.689000000002
2024-03-12 02:05:00+00:00,17827.144500000002,17829.222,17825.189000000002,17826.7055
2024-03-12 02:10:00+00:00,17825.711,17829.222,17825.2055,17828.15
2024-03-12 02:15:00+00:00,17828.75,17833.2,17828.15,17832.639000000003
2024-03-12 02:20:00+00:00,17833.644500000002,17836.7,17832.2,17836.7
2024-03-12 02:25:00+00:00,17837.189000000002,17838.766499999998,17834.628,17838.7
2024-03-12 02:30:00+00:00,17837.722,17839.6945,17836.678,17838.15
2024-03-12 02:35:00+00:00,17837.772,17838.7055,17835.6945,17837.261
2024-03-12 02:40:00+00:00,17836.628,17837.711,17835.689000000002,17836.25
2024-03-12 02:45:00+00:00,17835.711,17840.1945,17835.2,17839.25
2024-03-12 02:50:00+00:00,17838.711,17839.766499999998,17838.683500000003,17839.2055
2024-03-12 02:55:00+00:00,17839.644500000002,17840.211,17836.644500000002,17840.211
2024-03-12 03:00:00+00:00,17839.7,17842.761,17838.7,17842.2165
2024-03-12 03:05:00+00:00,17841.772,17843.628,17840.65,17840.711
2024-03-12 03:10:00+00:00,17841.211,17841.7555,17840.178,17841.7555
2024-03-12 03:15:00+00:00,17842.7,17848.7,17842.7,17846.7
2024-03-12 03:20:00+00:00,17844.211,17845.711,17843.6945,17844.711
2024-03-12 03:25:00+00:00,17844.2,17847.711,17843.644500000002,17846.7555
2024-03-12 03:30:00+00:00,17846.2055,17851.2,17846.2055,17848.128
2024-03-12 03:35:00+00:00,17848.6945,17850.689000000002,17847.689000000002,17848.7
2024-03-12 03:40:00+00:00,17849.211,17849.7,17843.183500000003,17843.689000000002
2024-03-12 03:45:00+00:00,17844.25,17844.25,17839.1945,17840.761
2024-03-12 03:50:00+00:00,17841.1945,17844.75,17841.1945,17843.639000000003
2024-03-12 03:55:00+00:00,17844.2055,17844.7,17839.178,17840.639000000003
2024-03-12 04:00:00+00:00,17840.266499999998,17841.7055,17838.178,17838.6945
2024-03-12 04:05:00+00:00,17839.211,17840.65,17838.211,17838.711
2024-03-12 04:10:00+00:00,17839.722,17839.722,17836.689000000002,17839.716500000002
2024-03-12 04:15:00+00:00,17838.628,17840.6945,17838.628,17840.6945
2024-03-12 04:20:00+00:00,17840.211,17840.7055,17835.144500000002,17835.761
2024-03-12 04:25:00+00:00,17836.689000000002,17838.689000000002,17836.689000000002,17837.628
2024-03-12 04:30:00+00:00,17838.128,17841.222,17837.6945,17840.7055
2024-03-12 04:35:00+00:00,17841.2055,17842.211,17840.7555,17841.1945
2024-03-12 04:40:00+00:00,17842.2,17842.2,17839.189000000002,17840.628
2024-03-12 04:45:00+00:00,17841.189000000002,17841.189000000002,17838.7055,17840.2555
2024-03-12 04:50:00+00:00,17840.761,17841.216500000002,17840.139000000003,17841.211
2024-03-12 04:55:00+00:00,17840.183500000003,17841.1945,17839.7165,17840.189000000002
2024-03-12 05:00:00+00:00,17840.711,17845.75,17840.1835,17845.639000000003
2024-03-12 05:05:00+00:00,17846.6835,17852.2,17846.6835,17852.2
2024-03-12 05:10:00+00:00,17850.7,17851.7,17847.7,17850.75
2024-03-12 05:15:00+00:00,17850.2165,17851.722,17847.1945,17847.1945
2024-03-12 05:20:00+00:00,17847.633500000004,17849.25,17847.128,17848.711
2024-03-12 05:25:00+00:00,17848.1945,17848.766499999998,17847.628,17848.7
2024-03-12 05:30:00+00:00,17849.722,17851.683500000003,17848.772,17851.683500000003
2024-03-12 05:35:00+00:00,17852.2,17853.2055,17851.683500000003,17852.761
2024-03-12 05:40:00+00:00,17852.2,17852.772,17852.139000000003,17852.2055
2024-03-12 05:45:00+00:00,17852.711,17854.144500000002,17852.189000000002,17853.678
2024-03-12 05:50:00+00:00,17854.222,17857.211,17853.6945,17855.761
2024-03-12 05:55:00+00:00,17856.1945,17858.216500000002,17854.183500000003,17856.6835
2024-03-12 06:00:00+00:00,17856.2165,17856.7,17849.7,17850.2
2024-03-12 06:05:00+00:00,17851.211,17853.183500000003,17849.633500000004,17849.633500000004
2024-03-12 06:10:00+00:00,17850.7055,17850.7555,17845.7055,17848.644500000002
2024-03-12 06:15:00+00:00,17848.2,17849.272,17845.211,17848.2
2024-03-12 06:20:00+00:00,17847.761,17851.2,17846.7055,17850.6945
2024-03-12 06:25:00+00:00,17851.1945,17852.7,17847.633500000004,17847.7
2024-03-12 06:30:00+00:00,17848.1945,17853.711,17848.1945,17853.711
2024-03-12 06:35:00+00:00,17854.1945,17858.628,17854.1945,17857.7
2024-03-12 06:40:00+00:00,17857.1835,17858.216500000002,17854.1945,17855.7
2024-03-12 06:45:00+00:00,17854.7,17873.711,17854.7,17861.722
2024-03-12 06:50:00+00:00,17862.7165,17862.7165,17850.133500000004,17850.7
2024-03-12 06:55:00+00:00,17850.2555,17853.7055,17843.639000000003,17850.7555
2024-03-12 07:00:00+00:00,17850.772,17852.711,17837.2,17843.766499999998
2024-03-12 07:05:00+00:00,17843.189000000002,17846.7055,17837.2,17837.7055
2024-03-12 07:10:00+00:00,17839.772,17840.7165,17833.711,17836.628
2024-03-12 07:15:00+00:00,17836.266499999998,17838.7055,17826.183500000003,17827.7
2024-03-12 07:20:00+00:00,17828.678,17832.711,17815.7,17815.7
2024-03-12 07:25:00+00:00,17815.2555,17820.2055,17812.761,17817.7055
2024-03-12 07:30:00+00:00,17817.2055,17819.75,17815.2,17817.7555
2024-03-12 07:35:00+00:00,17818.761,17818.772,17810.189000000002,17811.722
2024-03-12 07:40:00+00:00,17812.2555,17814.2055,17809.1945,17810.2
2024-03-12 07:45:00+00:00,17809.772,17810.711,17802.7055,17802.7055
2024-03-12 07:50:00+00:00,17803.144500000002,17818.7055,17802.644500000002,17815.2165
2024-03-12 07:55:00+00:00,17815.6945,17816.7055,17798.7165,17799.722
2024-03-12 08:00:00+00:00,17798.901,17812.711,17790.2,17812.711
2024-03-12 08:05:00+00:00,17813.2055,17816.2055,17793.633500000004,17797.15
2024-03-12 08:10:00+00:00,17796.2055,17797.7,17784.15,17791.689000000002
2024-03-12 08:15:00+00:00,17791.133500000004,17796.183500000003,17781.628,17786.6945
2024-03-12 08:20:00+00:00,17787.183500000003,17795.75,17785.65,17789.2165
2024-03-12 08:25:00+00:00,17788.6945,17792.2555,17782.7,17783.2
2024-03-12 08:30:00+00:00,17782.923000000003,17788.216500000002,17776.178,17787.644500000002
2024-03-12 08:35:00+00:00,17787.272,17794.75,17785.2,17793.211
2024-03-12 08:40:00+00:00,17793.689000000002,17798.189000000002,17789.2,17794.689000000002
2024-03-12 08:45:00+00:00,17795.2,17799.272,17789.2,17796.1945
2024-03-12 08:50:00+00:00,17795.25,17802.7165,17794.178,17796.139000000003
2024-03-12 08:55:00+00:00,17795.6945,17802.711,17789.7055,17791.7055
2024-03-12 09:00:00+00:00,17791.2055,17799.211,17790.2055,17793.2055
2024-03-12 09:05:00+00:00,17793.7,17800.1945,17790.216500000002,17792.7
2024-03-12 09:10:00+00:00,17793.144500000002,17795.75,17784.183500000003,17788.189000000002
2024-03-12 09:15:00+00:00,17787.211,17789.261,17783.644500000002,17788.1945
2024-03-12 09:20:00+00:00,17787.7,17797.1945,17784.7,17796.711
2024-03-12 09:25:00+00:00,17796.178,17805.25,17794.639000000003,17805.1945
2024-03-12 09:30:00+00:00,17804.445,17811.2055,17801.628,17809.2
2024-03-12 09:35:00+00:00,17809.65,17812.139000000003,17805.1835,17811.128
2024-03-12 09:40:00+00:00,17810.133500000004,17814.2555,17803.25,17804.266499999998
2024-03-12 09:45:00+00:00,17803.711,17809.1835,17801.2,17802.2
2024-03-12 09:50:00+00:00,17802.678,17803.772,17797.183500000003,17798.211
2024-03-12 09:55:00+00:00,17797.772,17798.272,17785.716500000002,17786.689000000002
2024-03-12 10:00:00+00:00,17786.434,17798.272,17783.1945,17796.189000000002
2024-03-12 10:05:00+00:00,17796.639000000003,17802.644500000002,17796.639000000003,17799.2555
2024-03-12 10:10:00+00:00,17798.711,17801.711,17793.189000000002,17797.7165
2024-03-12 10:15:00+00:00,17798.128,17804.266499999998,17792.2,17804.266499999998
2024-03-12 10:20:00+00:00,17803.711,17810.2055,17802.7165,17808.178
2024-03-12 10:25:00+00:00,17808.6945,17809.711,17802.2055,17802.2055
2024-03-12 10:30:00+00:00,17801.711,17808.1945,17796.7055,17807.761
2024-03-12 10:35:00+00:00,17807.211,17814.7,17802.7,17813.6945
2024-03-12 10:40:00+00:00,17814.1945,17820.2,17811.133500000004,17812.211
2024-03-12 10:45:00+00:00,17812.711,17816.222,17807.2,17809.7055
2024-03-12 10:50:00+00:00,17810.2,17814.266499999998,17806.128,17812.6945
2024-03-12 10:55:00+00:00,17812.211,17819.7555,17811.689000000002,17812.2055
2024-03-12 11:00:00+00:00,17812.772,17817.766499999998,17808.1945,17816.272
2024-03-12 11:05:00+00:00,17815.139000000003,17815.6945,17804.2555,17804.2555
2024-03-12 11:10:00+00:00,17804.766499999998,17813.2055,17804.766499999998,17811.15
2024-03-12 11:15:00+00:00,17811.7,17814.2165,17809.644500000002,17809.644500000002
2024-03-12 11:20:00+00:00,17809.211,17810.2,17803.183500000003,17808.7
2024-03-12 11:25:00+00:00,17808.1945,17812.711,17808.178,17808.711
2024-03-12 11:30:00+00:00,17808.183500000003,17821.266499999998,17808.133500000004,17819.75
2024-03-12 11:35:00+00:00,17820.222,17825.266499999998,17820.178,17821.2055
2024-03-12 11:40:00+00:00,17820.711,17824.683500000003,17819.1835,17824.1945
2024-03-12 11:45:00+00:00,17823.7055,17825.683500000003,17814.178,17817.689000000002
2024-03-12 11:50:00+00:00,17817.434,17818.644500000002,17813.1945,17816.6945
2024-03-12 11:55:00+00:00,17816.1945,17817.261,17807.189000000002,17810.761
2024-03-12 12:00:00+00:00,17810.183500000003,17819.189000000002,17809.2,17819.189000000002
2024-03-12 12:05:00+00:00,17818.6945,17820.211,17810.144500000002,17811.139000000003
2024-03-12 12:10:00+00:00,17811.711,17815.216500000002,17807.2,17809.639000000003
2024-03-12 12:15:00+00:00,17809.2,17810.2165,17801.2055,17803.266499999998
2024-03-12 12:20:00+00:00,17802.6945,17805.761,17798.133500000004,17799.716500000002
2024-03-12 12:25:00+00:00,17799.144500000002,17805.261,17797.7,17799.178
2024-03-12 12:30:00+00:00,17773.628,17820.2555,17745.761,17813.683500000003
2024-03-12 12:35:00+00:00,17815.1945,17837.7055,17812.144500000002,17832.7
2024-03-12 12:40:00+00:00,17831.7165,17844.689000000002,17829.2,17838.644500000002
2024-03-12 12:45:00+00:00,17839.2,17851.25,17839.133500000004,17842.211
2024-03-12 12:50:00+00:00,17842.772,17846.2165,17814.189000000002,17814.189000000002
2024-03-12 12:55:00+00:00,17813.912,17827.266499999998,17806.139000000003,17815.183500000003
2024-03-12 13:00:00+00:00,17817.2055,17820.2055,17805.1945,17812.7165
2024-03-12 13:05:00+00:00,17812.1835,17820.189000000002,17802.2055,17812.2
2024-03-12 13:10:00+00:00,17811.261,17818.628,17802.75,17818.2
2024-03-12 13:15:00+00:00,17818.633500000004,17818.633500000004,17808.7165,17812.189000000002
2024-03-12 13:20:00+00:00,17812.6945,17830.7165,17811.144500000002,17829.7
2024-03-12 13:25:00+00:00,17830.7,17835.2055,17829.683500000003,17833.216500000002
2024-03-12 13:30:00+00:00,17834.15,17841.211,17830.15,17833.189000000002
2024-03-12 13:35:00+00:00,17832.766499999998,17832.766499999998,17804.2,17804.644500000002
2024-03-12 13:40:00+00:00,17805.139000000003,17810.266499999998,17797.128,17798.7
2024-03-12 13:45:00+00:00,17799.7,17800.25,17779.189000000002,17784.2055
2024-03-12 13:50:00+00:00,17785.216500000002,17810.211,17783.6945,17809.7055
2024-03-12 13:55:00+00:00,17810.133500000004,17836.1945,17810.133500000004,17836.1945
2024-03-12 14:00:00+00:00,17836.628,17837.266499999998,17819.211,17820.2
2024-03-12 14:05:00+00:00,17819.7165,17836.25,17817.683500000003,17826.2055
2024-03-12 14:10:00+00:00,17827.15,17838.189000000002,17825.2,17836.2165
2024-03-12 14:15:00+00:00,17835.6945,17843.222,17835.2,17841.144500000002
2024-03-12 14:20:00+00:00,17841.678,17855.2055,17835.144500000002,17854.2055
2024-03-12 14:25:00+00:00,17853.2165,17859.2,17849.2,17857.6945
2024-03-12 14:30:00+00:00,17858.139000000003,17865.2055,17855.2,17859.2055
2024-03-12 14:35:00+00:00,17858.761,17861.189000000002,17853.189000000002,17858.128
2024-03-12 14:40:00+00:00,17859.178,17871.261,17857.261,17870.2555
2024-03-12 14:45:00+00:00,17869.1945,17875.75,17865.189000000002,17875.75
2024-03-12 14:50:00+00:00,17876.272,17882.644500000002,17874.678,17882.266499999998
2024-03-12 14:55:00+00:00,17883.2,17884.2055,17868.189000000002,17871.2
2024-03-12 15:00:00+00:00,17872.2055,17875.25,17866.2,17872.2
2024-03-12 15:05:00+00:00,17873.25,17887.216500000002,17869.216500000002,17886.211
2024-03-12 15:10:00+00:00,17885.7055,17901.7055,17885.2,17901.7055
2024-03-12 15:15:00+00:00,17901.2,17913.211,17899.211,17911.261
2024-03-12 15:20:00+00:00,17911.711,17925.25,17910.1945,17922.2
2024-03-12 15:25:00+00:00,17922.7555,17925.266499999998,17916.183500000003,17921.211
2024-03-12 15:30:00+00:00,17920.7,17931.2165,17916.178,17930.2
2024-03-12 15:35:00+00:00,17931.1835,17952.222,17931.1835,17949.689000000002
2024-03-12 15:40:00+00:00,17949.2055,17950.183500000003,17931.1835,17940.178
2024-03-12 15:45:00+00:00,17940.711,17954.266499999998,17939.2,17952.2165
2024-03-12 15:50:00+00:00,17952.722,17967.2165,17952.139000000003,17963.2
2024-03-12 15:55:00+00:00,17964.222,17970.2055,17962.178,17968.133500000004
2024-03-12 16:00:00+00:00,17967.7,17969.2,17954.178,17954.266499999998
2024-03-12 16:05:00+00:00,17954.7055,17967.1945,17953.189000000002,17959.7
2024-03-12 16:10:00+00:00,17960.266499999998,17971.133500000004,17959.678,17969.2055
2024-03-12 16:15:00+00:00,17968.6835,17971.222,17967.128,17969.216500000002
2024-03-12 16:20:00+00:00,17969.711,17975.211,17969.139000000003,17971.2055
2024-03-12 16:25:00+00:00,17972.222,17976.2,17969.1945,17970.2
2024-03-12 16:30:00+00:00,17970.128,17971.272,17965.189000000002,17965.266499999998
2024-03-12 16:35:00+00:00,17966.2055,17967.211,17954.1945,17962.144500000002
2024-03-12 16:40:00+00:00,17962.722,17964.7055,17954.2055,17955.216500000002
2024-03-12 16:45:00+00:00,17954.716500000002,17954.716500000002,17942.2,17946.266499999998
2024-03-12 16:50:00+00:00,17945.722,17953.7055,17943.211,17953.2
2024-03-12 16:55:00+00:00,17952.7,17954.2,17946.183500000003,17948.189000000002
2024-03-12 17:00:00+00:00,17948.7165,17952.716500000002,17938.2165,17944.2
2024-03-12 17:05:00+00:00,17944.6945,17947.2,17932.639000000003,17935.133500000004
2024-03-12 17:10:00+00:00,17935.628,17943.772,17932.678,17941.1945
2024-03-12 17:15:00+00:00,17941.7,17953.222,17940.133500000004,17953.2
2024-03-12 17:20:00+00:00,17953.689000000002,17960.7555,17953.689000000002,17958.2055
2024-03-12 17:25:00+00:00,17958.711,17960.261,17953.15,17954.2055
2024-03-12 17:30:00+00:00,17955.1945,17961.139000000003,17954.1945,17960.75
2024-03-12 17:35:00+00:00,17960.272,17964.6835,17957.128,17961.139000000003
2024-03-12 17:40:00+00:00,17961.766499999998,17968.2055,17961.2055,17968.144500000002
2024-03-12 17:45:00+00:00,17967.96,17968.266499999998,17963.1945,17966.2
2024-03-12 17:50:00+00:00,17966.7,17967.266499999998,17961.139000000003,17963.266499999998
2024-03-12 17:55:00+00:00,17963.711,17969.761,17962.144500000002,17967.2
2024-03-12 18:00:00+00:00,17967.639000000003,17971.272,17966.128,17969.1945
2024-03-12 18:05:00+00:00,17969.761,17973.1945,17967.7,17968.178
2024-03-12 18:10:00+00:00,17969.2,17978.178,17968.133500000004,17968.139000000003
2024-03-12 18:15:00+00:00,17969.178,17973.261,17969.15,17973.189000000002
2024-03-12 18:20:00+00:00,17972.7555,17980.266499999998,17972.15,17979.211
2024-03-12 18:25:00+00:00,17978.6945,17987.1945,17978.144500000002,17987.1945
2024-03-12 18:30:00+00:00,17986.2,17991.272,17984.211,17987.15
2024-03-12 18:35:00+00:00,17986.7,17989.261,17984.133500000004,17987.7055
2024-03-12 18:40:00+00:00,17987.139000000003,17988.272,17972.2055,17974.2
2024-03-12 18:45:00+00:00,17974.7,17983.711,17974.7,17983.2
2024-03-12 18:50:00+00:00,17982.7,17987.261,17981.6945,17986.128
2024-03-12 18:55:00+00:00,17986.7555,17988.2,17985.128,17986.189000000002
2024-03-12 19:00:00+00:00,17985.222,17987.772,17982.178,17987.272
2024-03-12 19:05:00+00:00,17986.678,17987.272,17984.183500000003,17987.189000000002
2024-03-12 19:10:00+00:00,17986.7555,17991.261,17986.189000000002,17989.183500000003
2024-03-12 19:15:00+00:00,17990.2055,17990.2055,17980.1945,17982.189000000002
2024-03-12 19:20:00+00:00,17982.7,17988.261,17981.178,17986.2055
2024-03-12 19:25:00+00:00,17987.189000000002,17988.211,17984.211,17987.2
2024-03-12 19:30:00+00:00,17987.772,17987.772,17979.15,17980.1945
2024-03-12 19:35:00+00:00,17979.133500000004,17983.211,17976.128,17978.2165
2024-03-12 19:40:00+00:00,17978.716500000002,17982.75,17977.7555,17979.2
2024-03-12 19:45:00+00:00,17978.7,17982.133500000004,17977.139000000003,17980.711
2024-03-12 19:50:00+00:00,17980.46,17981.7055,17975.189000000002,17980.2055
2024-03-12 19:55:00+00:00,17981.183500000003,17983.1945,17979.1835,17981.211
2024-03-12 20:00:00+00:00,17980.678,17985.222,17980.15,17983.639000000003
2024-03-12 20:05:00+00:00,17983.2,17984.261,17979.683500000003,17984.189000000002
2024-03-12 20:10:00+00:00,17984.6835,17988.25,17984.189000000002,17984.7055
2024-03-12 20:15:00+00:00,17985.2,17985.2,17979.211,17979.211
2024-03-12 20:20:00+00:00,17978.639000000003,17980.7055,17978.2055,17980.65
2024-03-12 20:25:00+00:00,17981.15,17984.628,17981.15,17983.722
2024-03-12 20:30:00+00:00,17983.2055,17989.2,17983.2055,17989.2
2024-03-12 20:35:00+00:00,17988.7555,17991.2055,17987.216500000002,17990.1945
2024-03-12 20:40:00+00:00,17991.1945,17992.1945,17989.261,17990.222
2024-03-12 20:45:00+00:00,17989.144500000002,17991.183500000003,17988.178,17990.272
2024-03-12 20:50:00+00:00,17991.128,17994.7,17991.128,17991.2
2024-03-12 20:55:00+00:00,17992.1945,17994.2,17989.75,17991.211
2024-03-12 21:00:00+00:00,17990.689000000002,17990.689000000002,17990.266499999998,17990.266499999998
2024-03-12 23:00:00+00:00,18004.2,18005.0055,17999.878,18004.2
2024-03-12 23:05:00+00:00,18005.0555,18005.066499999997,18004.139000000003,18004.189000000002
2024-03-12 23:10:00+00:00,18003.7165,18005.911,18003.2835,18005.911
2024-03-12 23:15:00+00:00,18006.6945,18009.322,18005.911,18009.322
2024-03-12 23:20:00+00:00,18010.2,18013.622,18009.2835,18011.9
2024-03-12 23:25:00+00:00,18011.5,18011.9165,18009.3055,18009.3055
2024-03-12 23:30:00+00:00,18010.2055,18011.066499999997,18008.3335,18010.222
2024-03-12 23:35:00+00:00,18009.360999999997,18010.1945,18006.6945,18006.6945
2024-03-12 23:40:00+00:00,18007.1945,18007.6555,18004.9945,18005.45
2024-03-12 23:45:00+00:00,18005.894500000002,18005.9055,18004.2055,18005.022
2024-03-12 23:50:00+00:00,18004.2055,18004.989,18003.283499999998,18004.989
2024-03-12 23:55:00+00:00,18004.2,18006.716500000002,18003.289,18004.983500000002
2024-03-13 00:00:00+00:00,18004.1945,18005.0165,18001.605499999998,18003.3055
2024-03-13 00:05:00+00:00,18002.4165,18005.05,18001.6,18001.6
2024-03-13 00:10:00+00:00,18002.389000000003,18002.45,18001.589,18001.6665
2024-03-13 00:15:00+00:00,17990.2055,17996.772,17988.7,17996.772
2024-03-13 00:20:00+00:00,17996.683500000003,18001.2,17995.7,18000.216500000002
2024-03-13 00:25:00+00:00,17999.711,17999.711,17996.644500000002,17996.6945
2024-03-13 00:30:00+00:00,17995.639000000003,17996.1945,17989.7,17990.711
2024-03-13 00:35:00+00:00,17991.261,17991.261,17985.7055,17986.2055
2024-03-13 00:40:00+00:00,17986.711,17986.711,17975.1945,17977.2
2024-03-13 00:45:00+00:00,17978.7,17981.772,17978.7,17979.7165
2024-03-13 00:50:00+00:00,17980.211,17980.211,17975.628,17976.189000000002
2024-03-13 00:55:00+00:00,17975.2055,17976.2055,17970.2,17972.2
2024-03-13 01:00:00+00:00,17971.7055,17972.2055,17966.133500000004,17969.2055
2024-03-13 01:05:00+00:00,17968.189000000002,17969.2555,17965.15,17967.7055
2024-03-13 01:10:00+00:00,17967.2055,17967.261,17964.133500000004,17964.133500000004
2024-03-13 01:15:00+00:00,17963.722,17969.272,17963.7,17968.216500000002
2024-03-13 01:20:00+00:00,17968.772,17968.772,17963.128,17967.7
2024-03-13 01:25:00+00:00,17967.1945,17970.2,17965.178,17970.2
2024-03-13 01:30:00+00:00,17970.6835,17971.633500000004,17965.1945,17968.139000000003
2024-03-13 01:35:00+00:00,17968.7055,17968.772,17960.766499999998,17964.2055
2024-03-13 01:40:00+00:00,17963.2,17965.133500000004,17960.6945,17961.178
2024-03-13 01:45:00+00:00,17962.2,17964.211,17961.139000000003,17961.139000000003
2024-03-13 01:50:00+00:00,17960.266499999998,17963.722,17959.628,17961.772
2024-03-13 01:55:00+00:00,17962.6945,17965.222,17961.133500000004,17964.7055
2024-03-13 02:00:00+00:00,17964.2,17968.2,17962.628,17965.144500000002
2024-03-13 02:05:00+00:00,17964.75,17968.272,17964.6945,17967.711
2024-03-13 02:10:00+00:00,17968.183500000003,17970.211,17967.2,17969.2
2024-03-13 02:15:00+00:00,17968.7,17969.2555,17961.2,17961.2
2024-03-13 02:20:00+00:00,17960.7,17960.7,17957.644500000002,17959.6945
2024-03-13 02:25:00+00:00,17960.2055,17960.2055,17955.683500000003,17956.7055
2024-03-13 02:30:00+00:00,17956.449,17957.25,17953.7,17956.2
2024-03-13 02:35:00+00:00,17955.689000000002,17956.689000000002,17949.644500000002,17951.716500000002
2024-03-13 02:40:00+00:00,17951.1945,17955.178,17949.6945,17954.1835
2024-03-13 02:45:00+00:00,17953.678,17953.722,17949.2055,17950.2
2024-03-13 02:50:00+00:00,17950.772,17955.128,17950.772,17954.2055
2024-03-13 02:55:00+00:00,17953.2055,17954.266499999998,17950.222,17952.261
2024-03-13 03:00:00+00:00,17952.6945,17953.25,17949.1835,17952.2055
2024-03-13 03:05:00+00:00,17952.7,17953.2165,17949.1945,17950.266499999998
2024-03-13 03:10:00+00:00,17949.689000000002,17952.2165,17949.183500000003,17949.2055
2024-03-13 03:15:00+00:00,17948.4435,17952.2055,17947.266499999998,17951.1945
2024-03-13 03:20:00+00:00,17951.633500000004,17956.1835,17951.133500000004,17955.2555
2024-03-13 03:25:00+00:00,17954.6945,17957.2,17954.628,17956.2055
2024-03-13 03:30:00+00:00,17956.75,17957.722,17954.144500000002,17955.689000000002
2024-03-13 03:35:00+00:00,17955.2,17956.2,17951.689000000002,17952.15
2024-03-13 03:40:00+00:00,17951.7,17957.1945,17950.7555,17956.7055
2024-03-13 03:45:00+00:00,17957.183500000003,17963.761,17956.644500000002,17961.639000000003
2024-03-13 03:50:00+00:00,17963.189000000002,17963.266499999998,17961.1835,17962.1945
2024-03-13 03:55:00+00:00,17961.2,17963.711,17961.2,17963.211
2024-03-13 04:00:00+00:00,17962.628,17965.766499999998,17962.133500000004,17964.189000000002
2024-03-13 04:05:00+00:00,17963.7055,17965.7055,17963.7055,17965.211
2024-03-13 04:10:00+00:00,17965.678,17969.183500000003,17963.7165,17967.7055
2024-03-13 04:15:00+00:00,17968.189000000002,17968.2,17965.2165,17967.6835
2024-03-13 04:20:00+00:00,17968.2,17969.711,17967.6945,17968.211
2024-03-13 04:25:00+00:00,17967.7,17971.189000000002,17967.7,17971.189000000002
2024-03-13 04:30:00+00:00,17970.2,17971.639000000003,17970.2,17971.25
2024-03-13 04:35:00+00:00,17971.7055,17971.7055,17971.183500000003,17971.183500000003
2024-03-13 04:40:00+00:00,17970.628,17971.25,17970.133500000004,17971.2
2024-03-13 04:45:00+00:00,17970.772,17973.2,17970.772,17972.1945
2024-03-13 04:50:00+00:00,17972.689000000002,17976.722,17972.1945,17975.178
2024-03-13 04:55:00+00:00,17974.689000000002,17975.2055,17972.189000000002,17975.183500000003
2024-03-13 05:00:00+00:00,17975.7,17975.722,17971.139000000003,17972.2
2024-03-13 05:05:00+00:00,17972.6945,17977.65,17972.6945,17977.1945
2024-03-13 05:10:00+00:00,17976.689000000002,17978.272,17973.2,17973.639000000003
2024-03-13 05:15:00+00:00,17973.2055,17974.7,17971.633500000004,17973.189000000002
2024-03-13 05:20:00+00:00,17973.7055,17977.1945,17972.189000000002,17976.2055
2024-03-13 05:25:00+00:00,17976.75,17979.7055,17976.139000000003,17979.25
2024-03-13 05:30:00+00:00,17978.1945,17981.272,17977.1945,17980.133500000004
2024-03-13 05:35:00+00:00,17979.772,17984.711,17979.75,17984.183500000003
2024-03-13 05:40:00+00:00,17984.6835,17985.25,17982.189000000002,17982.189000000002
2024-03-13 05:45:00+00:00,17980.678,17982.2165,17980.189000000002,17982.2
2024-03-13 05:50:00+00:00,17981.189000000002,17982.2,17980.1945,17982.2
2024-03-13 05:55:00+00:00,17983.266499999998,17984.266499999998,17983.1945,17984.128
2024-03-13 06:00:00+00:00,17983.1945,17983.1945,17975.6945,17976.2555
2024-03-13 06:05:00+00:00,17975.633500000004,17980.2555,17975.633500000004,17979.139000000003
2024-03-13 06:10:00+00:00,17979.716500000002,17980.133500000004,17974.628,17977.211
2024-03-13 06:15:00+00:00,17976.2055,17976.2055,17975.2,17976.2055
2024-03-13 06:20:00+00:00,17976.711,17976.711,17970.639000000003,17971.1945
2024-03-13 06:25:00+00:00,17972.1945,17972.1945,17968.189000000002,17969.261
2024-03-13 06:30:00+00:00,17970.189000000002,17972.639000000003,17969.128,17971.2
2024-03-13 06:35:00+00:00,17971.6945,17976.7,17971.1835,17976.7
2024-03-13 06:40:00+00:00,17976.216500000002,17977.766499999998,17974.711,17977.7
2024-03-13 06:45:00+00:00,17977.2555,17977.75,17975.689000000002,17976.15
2024-03-13 06:50:00+00:00,17976.7,17984.139000000003,17975.7,17984.139000000003
2024-03-13 06:55:00+00:00,17984.7,17988.633500000004,17984.2055,17984.7055
2024-03-13 07:00:00+00:00,17987.766499999998,18002.222,17987.6945,18000.211
2024-03-13 07:05:00+00:00,18002.178,18004.2,17996.133500000004,17999.2055
2024-03-13 07:10:00+00:00,17998.75,18008.2,17998.75,18004.644500000002
2024-03-13 07:15:00+00:00,18005.7,18009.15,17997.1945,18008.272
2024-03-13 07:20:00+00:00,18007.7,18016.7055,18007.266499999998,18007.272
2024-03-13 07:25:00+00:00,18007.683500000003,18013.211,18006.6945,18010.2165
2024-03-13 07:30:00+00:00,18009.96,18011.2555,17996.633500000004,17999.689000000002
2024-03-13 07:35:00+00:00,18000.183500000003,18003.211,17994.689000000002,17994.711
2024-03-13 07:40:00+00:00,17994.2,17994.6945,17986.65,17986.65
2024-03-13 07:45:00+00:00,17986.178,17994.266499999998,17985.183500000003,17994.266499999998
2024-03-13 07:50:00+00:00,17993.2,17996.716500000002,17992.633500000004,17995.211
2024-03-13 07:55:00+00:00,17994.689000000002,17995.75,17985.7,17991.2055
2024-03-13 08:00:00+00:00,17992.7,17996.6945,17981.15,17982.2
2024-03-13 08:05:00+00:00,17981.945,17999.7555,17978.689000000002,17998.766499999998
2024-03-13 08:10:00+00:00,17998.2555,18003.139000000003,17990.6835,17991.2165
2024-03-13 08:15:00+00:00,17992.2555,17997.2055,17984.639000000003,17996.711
2024-03-13 08:20:00+00:00,17995.678,17997.7,17979.6835,17979.6835
2024-03-13 08:25:00+00:00,17979.301,17979.7,17967.2055,17967.211
2024-03-13 08:30:00+00:00,17967.628,17979.7055,17963.644500000002,17978.65
2024-03-13 08:35:00+00:00,17977.7,17982.711,17974.689000000002,17975.7
2024-03-13 08:40:00+00:00,17976.678,17984.711,17967.1945,17967.7055
2024-03-13 08:45:00+00:00,17967.401,17971.2,17958.644500000002,17962.711
2024-03-13 08:50:00+00:00,17961.716500000002,17971.2555,17957.6945,17971.1945
2024-03-13 08:55:00+00:00,17970.711,17978.7555,17968.7,17970.266499999998
2024-03-13 09:00:00+00:00,17970.65,17972.716500000002,17960.178,17964.7055
2024-03-13 09:05:00+00:00,17965.1945,17966.7055,17959.683500000003,17962.139000000003
2024-03-13 09:10:00+00:00,17962.633500000004,17970.761,17959.7055,17970.178
2024-03-13 09:15:00+00:00,17970.633500000004,17972.7,17959.711,17965.2
2024-03-13 09:20:00+00:00,17964.761,17964.761,17956.711,17958.689000000002
2024-03-13 09:25:00+00:00,17958.2,17974.711,17953.644500000002,17966.7
2024-03-13 09:30:00+00:00,17965.901,17967.261,17955.711,17956.2165
2024-03-13 09:35:00+00:00,17955.6945,17970.1835,17954.2165,17966.716500000002
2024-03-13 09:40:00+00:00,17967.628,17968.211,17959.2,17962.25
2024-03-13 09:45:00+00:00,17961.901,17968.2,17955.711,17959.144500000002
2024-03-13 09:50:00+00:00,17958.7055,17964.272,17958.7055,17962.683500000003
2024-03-13 09:55:00+00:00,17963.7,17971.178,17960.7055,17970.211
2024-03-13 10:00:00+00:00,17969.711,17982.7555,17967.2,17975.683500000003
2024-03-13 10:05:00+00:00,17976.711,17978.7,17969.689000000002,17973.6945
2024-03-13 10:10:00+00:00,17974.2055,17980.639000000003,17972.689000000002,17976.711
2024-03-13 10:15:00+00:00,17976.211,17980.683500000003,17973.6835,17977.7055
2024-03-13 10:20:00+00:00,17977.133500000004,17986.2055,17975.6945,17986.2
2024-03-13 10:25:00+00:00,17986.644500000002,17991.722,17985.75,17991.25
2024-03-13 10:30:00+00:00,17991.6945,17991.7555,17983.75,17984.75
2024-03-13 10:35:00+00:00,17983.7,17992.2165,17982.2555,17990.189000000002
2024-03-13 10:40:00+00:00,17990.722,17995.711,17990.689000000002,17992.6945
2024-03-13 10:45:00+00:00,17993.2055,17993.772,17985.628,17985.7055
2024-03-13 10:50:00+00:00,17986.7,17987.722,17978.7,17978.7
2024-03-13 10:55:00+00:00,17979.639000000003,17985.189000000002,17978.678,17983.644500000002
2024-03-13 11:00:00+00:00,17984.7,17986.639000000003,17979.711,17980.772
2024-03-13 11:05:00+00:00,17981.266499999998,17981.266499999998,17973.6945,17978.6945
2024-03-13 11:10:00+00:00,17979.7,17985.216500000002,17978.678,17979.7055
2024-03-13 11:15:00+00:00,17980.144500000002,17985.689000000002,17979.683500000003,17979.683500000003
2024-03-13 11:20:00+00:00,17978.6945,17984.2,17978.211,17980.7
2024-03-13 11:25:00+00:00,17980.144500000002,17985.711,17979.716500000002,17984.222
2024-03-13 11:30:00+00:00,17984.772,17986.7055,17980.689000000002,17983.772
2024-03-13 11:35:00+00:00,17984.189000000002,17985.211,17981.683500000003,17984.761
2024-03-13 11:40:00+00:00,17984.2,17988.711,17981.6835,17988.216500000002
2024-03-13 11:45:00+00:00,17987.801,17991.7055,17986.2,17990.7
2024-03-13 11:50:00+00:00,17989.711,17989.711,17976.6835,17978.711
2024-03-13 11:55:00+00:00,17978.2,17980.128,17971.689000000002,17971.6945
2024-03-13 12:00:00+00:00,17972.7555,17972.7555,17960.678,17960.75
2024-03-13 12:05:00+00:00,17961.2,17965.266499999998,17959.1945,17960.7
2024-03-13 12:10:00+00:00,17960.15,17964.766499999998,17957.7055,17961.211
2024-03-13 12:15:00+00:00,17961.7055,17961.722,17954.211,17956.639000000003
2024-03-13 12:20:00+00:00,17955.6945,17958.7055,17955.628,17956.65
2024-03-13 12:25:00+00:00,17957.689000000002,17958.689000000002,17948.903,17949.7
2024-03-13 12:30:00+00:00,17949.2,17949.7055,17938.689000000002,17940.7
2024-03-13 12:35:00+00:00,17941.189000000002,17947.2055,17939.15,17943.128
2024-03-13 12:40:00+00:00,17943.689000000002,17950.772,17942.633500000004,17947.633500000004
2024-03-13 12:45:00+00:00,17947.2,17954.2,17944.6835,17953.761
2024-03-13 12:50:00+00:00,17954.183500000003,17954.7,17950.639000000003,17952.7
2024-03-13 12:55:00+00:00,17952.211,17961.716500000002,17949.7055,17961.178
2024-03-13 13:00:00+00:00,17960.75,17967.711,17957.6945,17967.711
2024-03-13 13:05:00+00:00,17966.683500000003,17968.766499999998,17959.689000000002,17968.189000000002
2024-03-13 13:10:00+00:00,17968.639000000003,17976.772,17967.683500000003,17975.6945
2024-03-13 13:15:00+00:00,17975.2055,17975.7,17970.6835,17974.1835
2024-03-13 13:20:00+00:00,17973.7,17978.7055,17973.144500000002,17978.6945
2024-03-13 13:25:00+00:00,17978.2165,17978.7055,17972.711,17976.683500000003
2024-03-13 13:30:00+00:00,17975.7055,17979.689000000002,17972.639000000003,17978.633500000004
2024-03-13 13:35:00+00:00,17979.7055,17983.7555,17973.139000000003,17982.15
2024-03-13 13:40:00+00:00,17981.7,17983.716500000002,17971.2,17971.711
2024-03-13 13:45:00+00:00,17971.178,17978.222,17970.628,17976.2055
2024-03-13 13:50:00+00:00,17975.6945,17975.6945,17966.211,17966.7165
2024-03-13 13:55:00+00:00,17967.711,17973.7,17966.2555,17971.7
2024-03-13 14:00:00+00:00,17973.25,17973.711,17964.644500000002,17970.628
2024-03-13 14:05:00+00:00,17971.144500000002,17993.7,17970.683500000003,17989.644500000002
2024-03-13 14:10:00+00:00,17990.1835,17999.711,17988.25,17992.6945
2024-03-13 14:15:00+00:00,17991.7055,17992.722,17977.633500000004,17982.1945
2024-03-13 14:20:00+00:00,17981.689000000002,17992.716500000002,17980.6945,17991.711
2024-03-13 14:25:00+00:00,17992.683500000003,17994.766499999998,17982.683500000003,17982.683500000003
2024-03-13 14:30:00+00:00,17983.2055,17983.6945,17973.15,17978.716500000002
2024-03-13 14:35:00+00:00,17979.7555,17980.7555,17970.644500000002,17972.772
2024-03-13 14:40:00+00:00,17973.128,17978.766499999998,17966.689000000002,17978.722
2024-03-13 14:45:00+00:00,17979.6945,17979.6945,17965.689000000002,17968.761
2024-03-13 14:50:00+00:00,17968.2,17972.711,17962.644500000002,17965.639000000003
2024-03-13 14:55:00+00:00,17964.7055,17973.689000000002,17960.1835,17970.65
2024-03-13 15:00:00+00:00,17970.445,17979.772,17968.6945,17971.2055
2024-03-13 15:05:00+00:00,17970.6945,17978.7055,17969.65,17973.2165
2024-03-13 15:10:00+00:00,17973.689000000002,17974.222,17967.6835,17973.7
2024-03-13 15:15:00+00:00,17973.211,17982.2,17971.766499999998,17981.7165
2024-03-13 15:20:00+00:00,17982.1835,17983.6945,17973.128,17974.272
2024-03-13 15:25:00+00:00,17974.689000000002,17981.272,17970.633500000004,17971.6835
2024-03-13 15:30:00+00:00,17970.7165,17978.722,17970.633500000004,17973.644500000002
2024-03-13 15:35:00+00:00,17972.6945,17975.689000000002,17964.7,17965.178
2024-03-13 15:40:00+00:00,17965.761,17969.766499999998,17963.689000000002,17963.6945
2024-03-13 15:45:00+00:00,17963.2055,17964.678,17958.711,17963.6945
2024-03-13 15:50:00+00:00,17963.189000000002,17969.75,17963.189000000002,17967.644500000002
2024-03-13 15:55:00+00:00,17968.678,17976.2055,17968.189000000002,17968.189000000002
2024-03-13 16:00:00+00:00,17967.639000000003,17970.761,17965.183500000003,17967.216500000002
2024-03-13 16:05:00+00:00,17966.65,17975.772,17965.6835,17972.722
2024-03-13 16:10:00+00:00,17973.7165,17974.678,17964.65,17969.2
2024-03-13 16:15:00+00:00,17968.639000000003,17971.761,17966.628,17970.7
2024-03-13 16:20:00+00:00,17971.25,17972.711,17964.628,17968.711
2024-03-13 16:25:00+00:00,17969.678,17972.222,17961.1945,17961.7555
2024-03-13 16:30:00+00:00,17962.211,17965.7165,17959.678,17964.711
2024-03-13 16:35:00+00:00,17965.633500000004,17982.7,17964.722,17982.6945
2024-03-13 16:40:00+00:00,17980.189000000002,17983.7555,17979.75,17980.633500000004
2024-03-13 16:45:00+00:00,17981.211,17984.772,17981.211,17983.6835
2024-03-13 16:50:00+00:00,17984.6945,17984.6945,17976.7555,17978.211
2024-03-13 16:55:00+00:00,17978.628,17983.128,17971.7055,17981.766499999998
2024-03-13 17:00:00+00:00,17981.128,17998.7,17981.128,17989.2055
2024-03-13 17:05:00+00:00,17989.644500000002,17994.678,17987.683500000003,17989.1835
2024-03-13 17:10:00+00:00,17989.75,17991.2165,17986.2,17987.75
2024-03-13 17:15:00+00:00,17987.139000000003,17987.722,17979.2055,17980.144500000002
2024-03-13 17:20:00+00:00,17980.7555,17986.2055,17978.7,17985.7
2024-03-13 17:25:00+00:00,17986.261,17987.711,17983.139000000003,17983.7055
2024-03-13 17:30:00+00:00,17983.189000000002,17984.25,17973.189000000002,17976.7055
2024-03-13 17:35:00+00:00,17976.1945,17980.7,17975.639000000003,17975.7
2024-03-13 17:40:00+00:00,17975.189000000002,17979.716500000002,17970.689000000002,17970.689000000002
2024-03-13 17:45:00+00:00,17971.1945,17978.644500000002,17969.689000000002,17975.7055
2024-03-13 17:50:00+00:00,17975.133500000004,17980.7,17974.644500000002,17979.211
2024-03-13 17:55:00+00:00,17978.644500000002,17981.2,17976.628,17976.628
2024-03-13 18:00:00+00:00,17975.65,17982.178,17974.6945,17975.7055
2024-03-13 18:05:00+00:00,17976.678,17979.7555,17975.628,17976.7055
2024-03-13 18:10:00+00:00,17977.2,17982.772,17974.65,17979.716500000002
2024-03-13 18:15:00+00:00,17979.144500000002,17980.6945,17976.633500000004,17976.633500000004
2024-03-13 18:20:00+00:00,17977.2055,17979.761,17976.644500000002,17978.7055
2024-03-13 18:25:00+00:00,17979.133500000004,17981.772,17977.678,17978.7
2024-03-13 18:30:00+00:00,17979.633500000004,17985.772,17978.222,17984.211
2024-03-13 18:35:00+00:00,17984.711,17985.6945,17980.644500000002,17982.711
2024-03-13 18:40:00+00:00,17983.711,17987.178,17979.2555,17982.2
2024-03-13 18:45:00+00:00,17982.644500000002,17984.761,17980.65,17983.75
2024-03-13 18:50:00+00:00,17984.633500000004,17986.2555,17982.633500000004,17983.222
2024-03-13 18:55:00+00:00,17982.9435,17983.7555,17972.6945,17975.716500000002
2024-03-13 19:00:00+00:00,17975.183500000003,17977.7,17970.128,17971.272
2024-03-13 19:05:00+00:00,17970.722,17971.216500000002,17965.644500000002,17971.178
2024-03-13 19:10:00+00:00,17971.65,17972.139000000003,17964.689000000002,17970.139000000003
2024-03-13 19:15:00+00:00,17970.722,17977.7055,17969.644500000002,17975.7165
2024-03-13 19:20:00+00:00,17974.7165,17975.722,17964.683500000003,17964.683500000003
2024-03-13 19:25:00+00:00,17965.183500000003,17969.2055,17941.7055,17953.7
2024-03-13 19:30:00+00:00,17954.211,17963.7555,17952.2055,17960.189000000002
2024-03-13 19:35:00+00:00,17960.6945,17966.75,17958.628,17965.2
2024-03-13 19:40:00+00:00,17965.75,17970.211,17962.7055,17966.722
2024-03-13 19:45:00+00:00,17967.2,17973.7,17963.689000000002,17971.261
2024-03-13 19:50:00+00:00,17971.761,17971.761,17960.628,17969.711
2024-03-13 19:55:00+00:00,17968.512,17970.6945,17962.689000000002,17967.772
2024-03-13 20:00:00+00:00,17967.449,17969.6945,17966.183500000003,17969.272
2024-03-13 20:05:00+00:00,17968.628,17971.711,17966.6835,17967.711
2024-03-13 20:10:00+00:00,17968.216500000002,17969.7,17967.689000000002,17968.7055
2024-03-13 20:15:00+00:00,17967.7055,17970.716500000002,17966.7055,17969.7
2024-03-13 20:20:00+00:00,17969.261,17970.7555,17967.689000000002,17970.183500000003
2024-03-13 20:25:00+00:00,17969.711,17974.216500000002,17969.678,17973.683500000003
2024-03-13 20:30:00+00:00,17974.1945,17976.689000000002,17974.1945,17976.189000000002
2024-03-13 20:35:00+00:00,17976.689000000002,17977.261,17974.644500000002,17974.7
2024-03-13 20:40:00+00:00,17975.211,17975.6945,17972.65,17973.766499999998
2024-03-13 20:45:00+00:00,17973.1945,17974.65,17970.6945,17972.133500000004
2024-03-13 20:50:00+00:00,17972.761,17974.2,17971.678,17974.2
2024-03-13 20:55:00+00:00,17974.678,17975.7055,17970.678,17972.2055
2024-03-13 21:00:00+00:00,17971.949,17971.949,17970.633500000004,17970.633500000004
2024-03-13 23:00:00+00:00,17968.4945,17968.516499999998,17967.5945,17968.428
2024-03-13 23:05:00+00:00,17967.6,17973.610999999997,17967.5445,17972.783499999998
2024-03-13 23:10:00+00:00,17972.316499999997,17972.8055,17969.3055,17969.355499999998
2024-03-13 23:15:00+00:00,17968.483500000002,17971.85,17968.483500000002,17971.85
2024-03-13 23:20:00+00:00,17971.489,17971.9555,17970.211,17971.039
2024-03-13 23:25:00+00:00,17971.883500000004,17974.5055,17971.110999999997,17973.6
2024-03-13 23:30:00+00:00,17974.560999999998,17982.816499999997,17974.560999999998,17981.9
2024-03-13 23:35:00+00:00,17982.7945,17982.8055,17981.0945,17981.0945
2024-03-13 23:40:00+00:00,17980.222,17981.8335,17980.2,17981.8335
2024-03-13 23:45:00+00:00,17981.028,17981.9665,17980.1945,17981.05
2024-03-13 23:50:00+00:00,17980.1945,17982.822,17980.1945,17980.1945
2024-03-13 23:55:00+00:00,17981.05,17981.1665,17980.15,17981.0945
2024-03-14 00:00:00+00:00,17980.272,17980.272,17975.0945,17975.894500000002
2024-03-14 00:05:00+00:00,17976.75,17978.5,17975.972,17975.972
2024-03-14 00:10:00+00:00,17976.7945,17976.7945,17975.0945,17975.9055
2024-03-14 00:15:00+00:00,17976.2055,17979.1945,17969.6835,17970.1945
2024-03-14 00:20:00+00:00,17969.711,17969.711,17962.689000000002,17963.139000000003
2024-03-14 00:25:00+00:00,17962.7,17962.7165,17954.6945,17955.683500000003
2024-03-14 00:30:00+00:00,17955.183500000003,17958.766499999998,17955.15,17957.639000000003
2024-03-14 00:35:00+00:00,17958.7,17962.6945,17958.222,17961.639000000003
2024-03-14 00:40:00+00:00,17962.2,17962.683500000003,17954.211,17955.7
2024-03-14 00:45:00+00:00,17955.211,17956.711,17954.189000000002,17955.689000000002
2024-03-14 00:50:00+00:00,17956.683500000003,17962.7055,17956.683500000003,17961.711
2024-03-14 00:55:00+00:00,17962.1835,17963.2165,17960.711,17961.711
2024-03-14 01:00:00+00:00,17961.1945,17962.272,17958.65,17960.639000000003
2024-03-14 01:05:00+00:00,17960.216500000002,17963.1835,17959.211,17961.689000000002
2024-03-14 01:10:00+00:00,17961.2,17961.644500000002,17950.683500000003,17950.7
2024-03-14 01:15:00+00:00,17950.272,17954.2,17949.639000000003,17953.2055
2024-03-14 01:20:00+00:00,17952.7055,17957.222,17952.2,17954.6945
2024-03-14 01:25:00+00:00,17955.2,17956.716500000002,17953.6945,17953.7
2024-03-14 01:30:00+00:00,17954.75,17956.2555,17951.7,17953.7055
2024-03-14 01:35:00+00:00,17952.7,17962.7,17952.644500000002,17962.628
2024-03-14 01:40:00+00:00,17962.1945,17962.7,17959.678,17960.644500000002
2024-03-14 01:45:00+00:00,17960.15,17961.7055,17954.689000000002,17955.644500000002
2024-03-14 01:50:00+00:00,17955.189000000002,17956.772,17954.683500000003,17956.6945
2024-03-14 01:55:00+00:00,17957.2,17964.2055,17957.2,17960.7
2024-03-14 02:00:00+00:00,17961.222,17962.722,17958.6945,17958.6945
2024-03-14 02:05:00+00:00,17957.711,17957.711,17954.639000000003,17956.75
2024-03-14 02:10:00+00:00,17955.6945,17956.2,17953.2,17953.716500000002
2024-03-14 02:15:00+00:00,17954.2,17958.7055,17954.2,17958.7055
2024-03-14 02:20:00+00:00,17958.15,17959.2055,17953.7555,17956.6945
2024-03-14 02:25:00+00:00,17957.272,17957.7,17954.766499999998,17957.7
2024-03-14 02:30:00+00:00,17958.716500000002,17959.716500000002,17956.678,17958.711
2024-03-14 02:35:00+00:00,17959.722,17960.716500000002,17957.7055,17960.628
2024-03-14 02:40:00+00:00,17961.711,17965.7055,17961.711,17962.633500000004
2024-03-14 02:45:00+00:00,17962.2165,17962.7,17960.7,17961.189000000002
2024-03-14 02:50:00+00:00,17961.65,17961.6945,17959.178,17959.6945
2024-03-14 02:55:00+00:00,17959.211,17959.211,17950.6945,17951.633500000004
2024-03-14 03:00:00+00:00,17951.1835,17951.7,17947.2,17949.7
2024-03-14 03:05:00+00:00,17950.2165,17951.761,17947.628,17949.766499999998
2024-03-14 03:10:00+00:00,17950.678,17951.711,17950.139000000003,17950.683500000003
2024-03-14 03:15:00+00:00,17950.2,17950.2,17945.639000000003,17947.6945
2024-03-14 03:20:00+00:00,17946.7055,17947.2,17946.1945,17946.689000000002
2024-03-14 03:25:00+00:00,17946.2055,17948.7165,17945.683500000003,17945.683500000003
2024-03-14 03:30:00+00:00,17945.25,17946.1945,17943.2,17945.689000000002
2024-03-14 03:35:00+00:00,17945.189000000002,17945.65,17941.189000000002,17941.272
2024-03-14 03:40:00+00:00,17941.722,17942.211,17938.2055,17942.133500000004
2024-03-14 03:45:00+00:00,17941.633500000004,17942.25,17938.7,17941.6835
2024-03-14 03:50:00+00:00,17942.2,17944.211,17941.633500000004,17943.128
2024-03-14 03:55:00+00:00,17943.7165,17947.189000000002,17943.7165,17946.7055
2024-03-14 04:00:00+00:00,17947.711,17948.272,17945.6945,17946.7
2024-03-14 04:05:00+00:00,17947.2055,17947.211,17945.628,17945.7
2024-03-14 04:10:00+00:00,17946.139000000003,17948.7055,17945.211,17947.7
2024-03-14 04:15:00+00:00,17947.2,17947.6945,17943.211,17944.25
2024-03-14 04:20:00+00:00,17944.711,17945.683500000003,17942.639000000003,17944.7
2024-03-14 04:25:00+00:00,17945.7165,17948.633500000004,17945.7165,17947.644500000002
2024-03-14 04:30:00+00:00,17948.266499999998,17948.266499999998,17946.689000000002,17946.7
2024-03-14 04:35:00+00:00,17945.6945,17950.639000000003,17945.6945,17950.639000000003
2024-03-14 04:40:00+00:00,17950.2,17950.7165,17949.6945,17950.7165
2024-03-14 04:45:00+00:00,17950.2,17953.2555,17949.633500000004,17953.2555
2024-03-14 04:50:00+00:00,17953.628,17955.7,17953.628,17955.7
2024-03-14 04:55:00+00:00,17955.139000000003,17958.7165,17955.139000000003,17957.7055
2024-03-14 05:00:00+00:00,17956.766499999998,17957.766499999998,17955.6835,17956.7
2024-03-14 05:05:00+00:00,17955.7555,17957.761,17955.7,17957.6945
2024-03-14 05:10:00+00:00,17957.178,17958.2165,17956.639000000003,17957.6945
2024-03-14 05:15:00+00:00,17957.2055,17960.6945,17957.2,17957.6945
2024-03-14 05:20:00+00:00,17958.144500000002,17958.683500000003,17955.633500000004,17955.7
2024-03-14 05:25:00+00:00,17956.2,17958.683500000003,17955.6945,17957.689000000002
2024-03-14 05:30:00+00:00,17958.2,17961.772,17956.678,17960.772
2024-03-14 05:35:00+00:00,17961.65,17965.189000000002,17961.144500000002,17965.189000000002
2024-03-14 05:40:00+00:00,17964.772,17964.772,17962.7,17962.722
2024-03-14 05:45:00+00:00,17961.7055,17963.711,17961.689000000002,17962.75
2024-03-14 05:50:00+00:00,17963.1945,17965.1835,17959.7055,17959.7055
2024-03-14 05:55:00+00:00,17960.2,17962.678,17958.761,17961.6945
2024-03-14 06:00:00+00:00,17961.266499999998,17961.266499999998,17956.6945,17957.75
2024-03-14 06:05:00+00:00,17958.7165,17958.7165,17956.2555,17956.65
2024-03-14 06:10:00+00:00,17957.211,17958.711,17954.7055,17958.7055
2024-03-14 06:15:00+00:00,17959.183500000003,17965.75,17956.75,17964.689000000002
2024-03-14 06:20:00+00:00,17965.7,17971.7555,17965.628,17970.689000000002
2024-03-14 06:25:00+00:00,17969.7,17972.2055,17966.766499999998,17971.6835
2024-03-14 06:30:00+00:00,17971.216500000002,17975.65,17970.633500000004,17974.761
2024-03-14 06:35:00+00:00,17973.7,17975.678,17970.6835,17974.683500000003
2024-03-14 06:40:00+00:00,17975.678,17978.266499999998,17975.678,17976.7
2024-03-14 06:45:00+00:00,17977.216500000002,17979.261,17976.65,17978.678
2024-03-14 06:50:00+00:00,17978.144500000002,17980.683500000003,17972.722,17979.772
2024-03-14 06:55:00+00:00,17979.2055,17987.2165,17979.139000000003,17987.2165
2024-03-14 07:00:00+00:00,17986.711,17988.2,17962.628,17965.6945
2024-03-14 07:05:00+00:00,17964.678,17972.689000000002,17962.2055,17971.689000000002
2024-03-14 07:10:00+00:00,17971.222,17973.272,17963.689000000002,17963.689000000002
2024-03-14 07:15:00+00:00,17964.7055,17971.2165,17964.7055,17967.7555
2024-03-14 07:20:00+00:00,17968.683500000003,17971.189000000002,17963.7165,17971.189000000002
2024-03-14 07:25:00+00:00,17972.2555,17979.216500000002,17966.7,17977.772
2024-03-14 07:30:00+00:00,17976.6945,17985.716500000002,17974.1945,17985.716500000002
2024-03-14 07:35:00+00:00,17984.761,17985.772,17981.683500000003,17985.6945
2024-03-14 07:40:00+00:00,17985.1945,17991.7055,17983.7055,17991.189000000002
2024-03-14 07:45:00+00:00,17993.2555,17994.266499999998,17989.678,17993.211
2024-03-14 07:50:00+00:00,17992.7,17999.689000000002,17992.633500000004,17998.2055
2024-03-14 07:55:00+00:00,17997.888,18004.716500000002,17993.2055,17999.133500000004
2024-03-14 08:00:00+00:00,18000.211,18009.711,17993.144500000002,18009.15
2024-03-14 08:05:00+00:00,18008.2055,18009.211,17997.633500000004,18002.15
2024-03-14 08:10:00+00:00,18003.2055,18011.766499999998,18001.761,18011.139000000003
2024-03-14 08:15:00+00:00,18009.912,18024.183500000003,18005.761,18021.2
2024-03-14 08:20:00+00:00,18020.639000000003,18027.2,18007.6945,18013.628
2024-03-14 08:25:00+00:00,18014.7055,18016.2,18007.7055,18009.689000000002
2024-03-14 08:30:00+00:00,18010.261,18013.6945,17993.2,17996.7
2024-03-14 08:35:00+00:00,17997.772,18003.711,17993.133500000004,18002.7555
2024-03-14 08:40:00+00:00,18003.2,18004.7055,17986.2,17993.272
2024-03-14 08:45:00+00:00,17993.7,17996.6945,17985.178,17990.7
2024-03-14 08:50:00+00:00,17990.133500000004,17994.216500000002,17986.6945,17992.7
2024-03-14 08:55:00+00:00,17991.1835,17997.211,17988.6945,17996.639000000003
2024-03-14 09:00:00+00:00,17997.211,18000.2055,17986.644500000002,17989.628
2024-03-14 09:05:00+00:00,17989.1945,17990.711,17984.2,17987.7055
2024-03-14 09:10:00+00:00,17987.1945,17999.216500000002,17984.128,17991.1945
2024-03-14 09:15:00+00:00,17991.683500000003,17993.2555,17984.6945,17990.25
2024-03-14 09:20:00+00:00,17990.6835,18001.2,17987.7,18000.644500000002
2024-03-14 09:25:00+00:00,18000.139000000003,18002.2,17987.2,17988.7555
2024-03-14 09:30:00+00:00,17989.189000000002,17992.766499999998,17984.189000000002,17992.2
2024-03-14 09:35:00+00:00,17991.272,17997.261,17986.761,17996.2
2024-03-14 09:40:00+00:00,17996.6945,18004.266499999998,17996.133500000004,17998.639000000003
2024-03-14 09:45:00+00:00,17999.272,17999.7,17988.144500000002,17992.211
2024-03-14 09:50:00+00:00,17991.25,18001.2,17991.2,17995.628
2024-03-14 09:55:00+00:00,17995.2165,18003.2555,17994.689000000002,18001.6945
2024-03-14 10:00:00+00:00,18002.2055,18004.2055,17998.6945,18004.2055
2024-03-14 10:05:00+00:00,18005.2555,18009.266499999998,18000.722,18007.689000000002
2024-03-14 10:10:00+00:00,18008.1945,18009.211,18000.133500000004,18004.7
2024-03-14 10:15:00+00:00,18005.2,18013.7055,18005.2,18006.2165
2024-03-14 10:20:00+00:00,18006.772,18008.1945,18002.1945,18007.1945
2024-03-14 10:25:00+00:00,18008.2,18013.639000000003,18007.1945,18009.6945
2024-03-14 10:30:00+00:00,18008.7,18009.7555,18004.133500000004,18006.7
2024-03-14 10:35:00+00:00,18006.211,18014.7055,18006.211,18011.2
2024-03-14 10:40:00+00:00,18011.633500000004,18014.711,18009.189000000002,18012.2
2024-03-14 10:45:00+00:00,18011.7055,18011.7055,18003.2,18003.7
2024-03-14 10:50:00+00:00,18004.1945,18007.2555,18001.2055,18004.133500000004
2024-03-14 10:55:00+00:00,18004.722,18010.6945,18002.7055,18007.7
2024-03-14 11:00:00+00:00,18007.178,18014.272,18006.7,18014.178
2024-03-14 11:05:00+00:00,18013.711,18019.0055,18012.639000000003,18019.0055
2024-03-14 11:10:00+00:00,18019.5,18026.516499999998,18018.5,18026.0055
2024-03-14 11:15:00+00:00,18026.4945,18031.522,18022.433500000003,18030.989
2024-03-14 11:20:00+00:00,18030.734,18039.5055,18029.428,18037.489
2024-03-14 11:25:00+00:00,18036.439000000002,18036.439000000002,18022.0,18025.4945
2024-03-14 11:30:00+00:00,18026.428,18026.428,18021.0,18025.4835
2024-03-14 11:35:00+00:00,18026.05,18026.5055,18017.489,18017.489
2024-03-14 11:40:00+00:00,18017.9835,18020.572,18015.4945,18017.5055
2024-03-14 11:45:00+00:00,18018.489,18019.511,18010.483500000002,18012.566499999997
2024-03-14 11:50:00+00:00,18011.9945,18014.511,18006.95,18012.5165
2024-03-14 11:55:00+00:00,18012.989,18018.5,18011.489,18016.4945
2024-03-14 12:00:00+00:00,18017.489,18025.511,18017.0055,18019.9945
2024-03-14 12:05:00+00:00,18019.5,18020.011,18012.489,18015.489
2024-03-14 12:10:00+00:00,18015.022,18015.522,18008.428,18012.5055
2024-03-14 12:15:00+00:00,18011.522,18018.522,18011.522,18017.45
2024-03-14 12:20:00+00:00,18016.489,18027.5,18013.478,18026.4445
2024-03-14 12:25:00+00:00,18027.9945,18035.9945,18011.5165,18015.560999999998
2024-03-14 12:30:00+00:00,18014.933500000003,18020.489,18000.978,18009.989
2024-03-14 12:35:00+00:00,18008.939000000002,18011.428,17988.989,18011.428
2024-03-14 12:40:00+00:00,18010.489,18013.4835,18002.9945,18008.5
2024-03-14 12:45:00+00:00,18009.0555,18010.522,17993.5,17995.5
2024-03-14 12:50:00+00:00,17994.483500000002,17997.5055,17986.060999999998,17987.928
2024-03-14 12:55:00+00:00,17987.701,17995.5555,17985.439000000002,17990.5
2024-03-14 13:00:00+00:00,17990.234,18004.0,17988.5055,18001.0055
2024-03-14 13:05:00+00:00,18001.511,18001.511,17977.95,17978.489
2024-03-14 13:10:00+00:00,17977.5,17980.016499999998,17968.4445,17972.5
2024-03-14 13:15:00+00:00,17971.9835,17983.4445,17968.4835,17979.516499999998
2024-03-14 13:20:00+00:00,17980.0,17983.5055,17973.011,17982.5
2024-03-14 13:25:00+00:00,17983.5,17987.4945,17978.011,17982.9945
2024-03-14 13:30:00+00:00,17983.9945,17988.511,17971.511,17977.4945
2024-03-14 13:35:00+00:00,17977.983500000002,17984.5165,17972.9445,17973.9445
2024-03-14 13:40:00+00:00,17974.4445,17977.5055,17964.5,17966.5
2024-03-14 13:45:00+00:00,17966.9945,17971.489,17948.989,17949.5
2024-03-14 13:50:00+00:00,17950.4835,17951.566499999997,17937.511,17941.9445
2024-03-14 13:55:00+00:00,17943.0,17957.511,17942.433500000003,17949.022
2024-03-14 14:00:00+00:00,17949.5,17958.4945,17933.5555,17953.489
2024-03-14 14:05:00+00:00,17954.011,17958.566499999997,17949.566499999997,17954.05
2024-03-14 14:10:00+00:00,17953.489,17963.566499999997,17948.4945,17958.9945
2024-03-14 14:15:00+00:00,17959.5,17961.489,17942.428,17942.9835
2024-03-14 14:20:00+00:00,17942.55,17946.016499999998,17928.5055,17933.483500000002
2024-03-14 14:25:00+00:00,17932.5,17938.4945,17918.4945,17929.439000000002
2024-03-14 14:30:00+00:00,17930.5165,17945.4945,17928.428,17944.05
2024-03-14 14:35:00+00:00,17943.5,17946.511,17932.489,17937.5
2024-03-14 14:40:00+00:00,17938.4945,17940.489,17927.9945,17931.4945
2024-03-14 14:45:00+00:00,17930.489,17944.572,17929.511,17930.072
2024-03-14 14:50:00+00:00,17929.4945,17933.560999999998,17912.933500000003,17912.933500000003
2024-03-14 14:55:00+00:00,17913.433500000003,17917.4945,17899.9945,17912.016499999998
2024-03-14 15:00:00+00:00,17913.05,17930.522,17909.483500000002,17921.560999999998
2024-03-14 15:05:00+00:00,17921.989,17931.489,17912.978,17920.5555
2024-03-14 15:10:00+00:00,17921.933500000003,17932.489,17919.433500000003,17924.9835
2024-03-14 15:15:00+00:00,17925.5055,17935.5555,17924.5,17928.511
2024-03-14 15:20:00+00:00,17929.0,17929.066499999997,17916.439000000002,17919.0165
2024-03-14 15:25:00+00:00,17919.511,17922.4445,17913.428,17921.522
2024-03-14 15:30:00+00:00,17922.560999999998,17924.011,17909.95,17918.9945
2024-03-14 15:35:00+00:00,17919.4945,17928.572,17915.978,17921.9945
2024-03-14 15:40:00+00:00,17922.4945,17926.011,17914.478,17917.983500000002
2024-03-14 15:45:00+00:00,17918.4945,17928.522,17916.5165,17922.45
2024-03-14 15:50:00+00:00,17923.478,17929.560999999998,17916.983500000002,17927.701
2024-03-14 15:55:00+00:00,17928.5,17941.5,17927.4835,17938.989
2024-03-14 16:00:00+00:00,17938.478,17943.0555,17932.439000000002,17941.4835
2024-03-14 16:05:00+00:00,17941.0,17941.9945,17923.511,17925.0055
2024-03-14 16:10:00+00:00,17924.5165,17929.022,17920.489,17925.066499999997
2024-03-14 16:15:00+00:00,17924.5055,17933.5,17924.5055,17929.989
2024-03-14 16:20:00+00:00,17930.5055,17940.572,17928.5055,17939.478
2024-03-14 16:25:00+00:00,17939.011,17941.511,17936.566499999997,17938.5
2024-03-14 16:30:00+00:00,17939.489,17943.511,17935.439000000002,17938.5
2024-03-14 16:35:00+00:00,17939.4945,17942.4445,17932.433500000003,17935.4945
2024-03-14 16:40:00+00:00,17935.016499999998,17937.978,17927.428,17928.439000000002
2024-03-14 16:45:00+00:00,17929.572,17934.0055,17924.5055,17928.5
2024-03-14 16:50:00+00:00,17926.4445,17934.0055,17926.4445,17929.522
2024-03-14 16:55:00+00:00,17928.95,17929.55,17922.483500000002,17923.0165
2024-03-14 17:00:00+00:00,17923.511,17926.516499999998,17917.439000000002,17918.9945
2024-03-14 17:05:00+00:00,17919.5,17921.0055,17911.5,17920.0055
2024-03-14 17:10:00+00:00,17919.439000000002,17919.439000000002,17910.478,17913.0
2024-03-14 17:15:00+00:00,17912.478,17913.5055,17896.011,17898.439000000002
2024-03-14 17:20:00+00:00,17897.9945,17907.5055,17897.0055,17903.45
2024-03-14 17:25:00+00:00,17903.011,17905.5055,17893.4445,17893.4445
2024-03-14 17:30:00+00:00,17892.9445,17895.511,17884.0055,17894.4945
2024-03-14 17:35:00+00:00,17895.0,17896.5555,17889.45,17893.489
2024-03-14 17:40:00+00:00,17892.9945,17897.4445,17888.978,17896.433500000003
2024-03-14 17:45:00+00:00,17896.011,17897.572,17890.5055,17897.511
2024-03-14 17:50:00+00:00,17896.928,17914.566499999997,17895.5055,17911.4945
2024-03-14 17:55:00+00:00,17910.978,17920.5555,17910.978,17918.489
2024-03-14 18:00:00+00:00,17919.5,17926.5055,17917.483500000002,17923.9945
2024-03-14 18:05:00+00:00,17923.4945,17926.5,17920.9945,17926.4945
2024-03-14 18:10:00+00:00,17926.016499999998,17933.4945,17923.0,17929.928
2024-03-14 18:15:00+00:00,17931.0055,17931.5165,17921.45,17925.0055
2024-03-14 18:20:00+00:00,17925.5555,17929.5055,17917.45,17921.0
2024-03-14 18:25:00+00:00,17920.4835,17927.5055,17919.989,17920.483500000002
2024-03-14 18:30:00+00:00,17920.95,17926.5,17912.928,17924.0055
2024-03-14 18:35:00+00:00,17923.4445,17923.4445,17911.066499999997,17915.4945
2024-03-14 18:40:00+00:00,17914.4945,17926.5,17913.483500000002,17925.5055
2024-03-14 18:45:00+00:00,17924.55,17929.0165,17923.0,17925.016499999998
2024-03-14 18:50:00+00:00,17924.7655,17925.022,17908.45,17909.0055
2024-03-14 18:55:00+00:00,17909.4945,17912.0055,17905.0,17906.0055
2024-03-14 19:00:00+00:00,17904.989,17906.9945,17895.4835,17895.4835
2024-03-14 19:05:00+00:00,17894.55,17897.066499999997,17881.483500000002,17887.0055
2024-03-14 19:10:00+00:00,17886.45,17892.5,17882.95,17884.9945
2024-03-14 19:15:00+00:00,17884.5,17893.05,17883.566499999997,17886.5
2024-03-14 19:20:00+00:00,17887.072,17894.0055,17884.428,17884.939000000002
2024-03-14 19:25:00+00:00,17885.511,17890.066499999997,17875.978,17884.9445
2024-03-14 19:30:00+00:00,17884.4835,17885.5,17869.011,17871.0055
2024-03-14 19:35:00+00:00,17870.511,17883.572,17863.928,17881.072
2024-03-14 19:40:00+00:00,17881.433500000003,17895.0,17877.983500000002,17893.989
2024-03-14 19:45:00+00:00,17894.5,17897.0,17881.978,17894.95
2024-03-14 19:50:00+00:00,17896.9445,17911.0055,17891.016499999998,17908.9945
2024-03-14 19:55:00+00:00,17908.510000000002,17928.978,17902.939000000002,17928.978
2024-03-14 20:00:00+00:00,17928.5165,17928.5165,17922.9945,17925.0055
2024-03-14 20:05:00+00:00,17924.483500000002,17926.0055,17919.0,17919.5
2024-03-14 20:10:00+00:00,17919.060999999998,17920.489,17916.016499999998,17919.989
2024-03-14 20:15:00+00:00,17919.5,17920.933500000003,17918.483500000002,17920.933500000003
2024-03-14 20:20:00+00:00,17920.5055,17921.022,17909.4445,17911.072
2024-03-14 20:25:00+00:00,17911.511,17911.939000000002,17911.5055,17911.5055
2024-03-14 20:30:00+00:00,17909.5,17913.4945,17909.5,17912.05
2024-03-14 20:35:00+00:00,17911.5,17916.511,17910.9945,17916.511
2024-03-14 20:40:00+00:00,17918.489,17924.511,17918.489,17920.5
2024-03-14 20:45:00+00:00,17920.011,17920.011,17915.9945,17916.0055
2024-03-14 20:50:00+00:00,17917.95,17919.05,17911.0055,17911.566499999997
2024-03-14 20:55:00+00:00,17910.978,17917.5165,17905.9445,17917.5165
2024-03-14 23:00:00+00:00,17913.9165,17913.9165,17906.9165,17907.8055
2024-03-14 23:05:00+00:00,17908.7,17910.4,17906.828,17906.8445
2024-03-14 23:10:00+00:00,17907.4555,17907.4555,17902.5945,17903.3335
2024-03-14 23:15:00+00:00,17902.5945,17904.25,17900.728,17902.05
2024-03-14 23:20:00+00:00,17901.888,17905.211,17901.722,17903.394500000002
2024-03-14 23:25:00+00:00,17902.6,17905.2,17896.339,17897.228
2024-03-14 23:30:00+00:00,17896.4165,17899.9055,17895.539,17899.85
2024-03-14 23:35:00+00:00,17900.789,17902.539,17899.0835,17899.0835
2024-03-14 23:40:00+00:00,17898.6,17898.616499999996,17893.7445,17894.6945
2024-03-14 23:45:00+00:00,17895.1665,17901.711,17893.7835,17900.822
2024-03-14 23:50:00+00:00,17901.716500000002,17903.394500000002,17900.872,17902.605499999998
2024-03-14 23:55:00+00:00,17901.761,17905.211,17901.761,17905.211
2024-03-15 00:00:00+00:00,17904.749,17911.289,17904.3,17910.411
2024-03-15 00:05:00+00:00,17911.372,17912.1665,17906.8445,17907.8055
2024-03-15 00:10:00+00:00,17906.9165,17909.478,17906.0055,17909.478
2024-03-15 00:15:00+00:00,17917.5,17927.0,17914.439000000002,17914.439000000002
2024-03-15 00:20:00+00:00,17914.5,17914.928,17907.4835,17913.983500000002
2024-03-15 00:25:00+00:00,17913.5,17913.5,17911.511,17912.489
2024-03-15 00:30:00+00:00,17913.060999999998,17922.9945,17913.060999999998,17922.5
2024-03-15 00:35:00+00:00,17922.978,17926.45,17922.978,17925.5
2024-03-15 00:40:00+00:00,17924.95,17924.989,17918.9945,17921.4945
2024-03-15 00:45:00+00:00,17921.05,17923.011,17917.9945,17921.4945
2024-03-15 00:50:00+00:00,17922.511,17924.516499999998,17922.4445,17922.5
2024-03-15 00:55:00+00:00,17921.522,17922.05,17915.566499999997,17916.939000000002
2024-03-15 01:00:00+00:00,17916.5,17919.489,17913.011,17916.0
2024-03-15 01:05:00+00:00,17916.489,17919.939000000002,17910.933500000003,17911.489
2024-03-15 01:10:00+00:00,17910.9945,17911.522,17904.933500000003,17905.0055
2024-03-15 01:15:00+00:00,17905.566499999997,17907.483500000002,17901.4945,17905.45
2024-03-15 01:20:00+00:00,17906.0055,17906.0055,17893.989,17900.5055
2024-03-15 01:25:00+00:00,17901.4945,17913.511,17900.489,17913.0055
2024-03-15 01:30:00+00:00,17911.978,17923.511,17911.978,17922.45
2024-03-15 01:35:00+00:00,17922.0,17924.0055,17917.0,17923.439000000002
2024-03-15 01:40:00+00:00,17923.022,17924.022,17917.0,17923.522
2024-03-15 01:45:00+00:00,17923.1935,17940.5,17922.428,17940.5
2024-03-15 01:50:00+00:00,17940.978,17964.5165,17940.439000000002,17961.011
2024-03-15 01:55:00+00:00,17962.5,17968.511,17926.522,17926.522
2024-03-15 02:00:00+00:00,17925.928,17927.011,17918.5,17918.5
2024-03-15 02:05:00+00:00,17917.072,17921.433500000003,17914.0,17919.511
2024-03-15 02:10:00+00:00,17920.0,17925.016499999998,17918.55,17925.0
2024-03-15 02:15:00+00:00,17924.439000000002,17925.066499999997,17911.989,17912.478
2024-03-15 02:20:00+00:00,17912.0,17914.433500000003,17901.9835,17901.9945
2024-03-15 02:25:00+00:00,17901.5055,17920.0555,17897.4835,17918.0
2024-03-15 02:30:00+00:00,17917.0,17917.478,17896.489,17912.011
2024-03-15 02:35:00+00:00,17912.5055,17931.060999999998,17912.5055,17928.560999999998
2024-03-15 02:40:00+00:00,17928.011,17929.9945,17918.5555,17918.5555
2024-03-15 02:45:00+00:00,17917.95,17926.0055,17917.95,17919.428
2024-03-15 02:50:00+00:00,17919.0055,17923.016499999998,17917.9945,17920.022
2024-03-15 02:55:00+00:00,17919.5555,17923.0,17915.939000000002,17916.560999999998
2024-03-15 03:00:00+00:00,17916.9945,17923.066499999997,17916.9945,17921.55
2024-03-15 03:05:00+00:00,17921.95,17926.522,17920.428,17922.933500000003
2024-03-15 03:10:00+00:00,17923.939000000002,17923.939000000002,17916.939000000002,17918.5055
2024-03-15 03:15:00+00:00,17918.0,17923.478,17917.478,17921.989
2024-03-15 03:20:00+00:00,17921.522,17925.022,17921.066499999997,17923.0055
2024-03-15 03:25:00+00:00,17922.4945,17924.5055,17921.933500000003,17923.5
2024-03-15 03:30:00+00:00,17924.0055,17924.978,17920.5,17921.516499999998
2024-03-15 03:35:00+00:00,17921.232500000002,17925.0,17918.9945,17922.9445
2024-03-15 03:40:00+00:00,17923.566499999997,17925.572,17921.489,17923.5
2024-03-15 03:45:00+00:00,17924.0055,17924.522,17920.489,17923.4445
2024-03-15 03:50:00+00:00,17921.928,17923.439000000002,17919.95,17920.5165
2024-03-15 03:55:00+00:00,17920.0055,17923.0,17920.0055,17921.516499999998
2024-03-15 04:00:00+00:00,17921.0165,17921.572,17918.0,17918.0
2024-03-15 04:05:00+00:00,17918.566499999997,17921.55,17918.4945,17918.5055
2024-03-15 04:10:00+00:00,17919.0,17919.489,17913.016499999998,17913.9945
2024-03-15 04:15:00+00:00,17914.9945,17915.433500000003,17913.4945,17913.9945
2024-03-15 04:20:00+00:00,17913.4945,17913.939000000002,17909.439000000002,17911.5055
2024-03-15 04:25:00+00:00,17911.072,17913.560999999998,17909.5555,17911.511
2024-03-15 04:30:00+00:00,17911.983500000002,17911.983500000002,17908.4835,17910.5
2024-03-15 04:35:00+00:00,17911.0,17911.5055,17903.9445,17908.011
2024-03-15 04:40:00+00:00,17908.5055,17910.928,17908.5055,17909.0055
2024-03-15 04:45:00+00:00,17909.483500000002,17910.522,17908.4445,17908.9945
2024-03-15 04:50:00+00:00,17909.989,17914.0055,17909.989,17911.011
2024-03-15 04:55:00+00:00,17910.0055,17913.9945,17906.0055,17913.939000000002
2024-03-15 05:00:00+00:00,17913.483500000002,17914.5055,17911.0055,17913.489
2024-03-15 05:05:00+00:00,17913.011,17917.989,17911.439000000002,17916.928
2024-03-15 05:10:00+00:00,17916.560999999998,17917.4835,17908.016499999998,17910.5055
2024-03-15 05:15:00+00:00,17909.989,17914.0055,17907.5,17914.0055
2024-03-15 05:20:00+00:00,17914.4945,17914.5,17912.4945,17913.0055
2024-03-15 05:25:00+00:00,17912.572,17912.572,17906.939000000002,17909.560999999998
2024-03-15 05:30:00+00:00,17908.9445,17909.560999999998,17903.483500000002,17903.9945
2024-03-15 05:35:00+00:00,17904.5055,17904.5055,17901.572,17902.95
2024-03-15 05:40:00+00:00,17902.45,17903.072,17898.439000000002,17898.928
2024-03-15 05:45:00+00:00,17899.489,17903.011,17899.4445,17902.5055
2024-03-15 05:50:00+00:00,17901.933500000003,17907.511,17900.939000000002,17904.5
2024-03-15 05:55:00+00:00,17905.0055,17907.489,17902.0,17903.022
2024-03-15 06:00:00+00:00,17902.55,17905.0,17900.983500000002,17904.0
2024-03-15 06:05:00+00:00,17903.072,17914.072,17903.072,17911.9835
2024-03-15 06:10:00+00:00,17911.428,17912.5055,17907.4835,17909.5055
2024-03-15 06:15:00+00:00,17910.0,17922.05,17909.9945,17919.45
2024-03-15 06:20:00+00:00,17919.939000000002,17921.522,17916.011,17917.511
2024-03-15 06:25:00+00:00,17918.0,17918.0055,17903.928,17908.45
2024-03-15 06:30:00+00:00,17909.0,17913.5055,17908.428,17909.0055
2024-03-15 06:35:00+00:00,17908.516499999998,17909.0,17901.0555,17906.933500000003
2024-03-15 06:40:00+00:00,17907.483500000002,17908.066499999997,17902.989,17906.5
2024-03-15 06:45:00+00:00,17905.4945,17908.5555,17904.939000000002,17907.011
2024-03-15 06:50:00+00:00,17906.4945,17908.428,17905.428,17905.989
2024-03-15 06:55:00+00:00,17905.5,17905.5,17899.9835,17902.989
2024-03-15 07:00:00+00:00,17902.928,17918.5,17897.4445,17917.5
2024-03-15 07:05:00+00:00,17916.5555,17922.4945,17913.939000000002,17916.439000000002
2024-03-15 07:10:00+00:00,17915.983500000002,17924.939000000002,17913.483500000002,17922.5
2024-03-15 07:15:00+00:00,17922.0,17927.55,17916.5555,17926.5
2024-03-15 07:20:00+00:00,17927.516499999998,17932.5,17922.489,17929.55
2024-03-15 07:25:00+00:00,17928.5055,17936.511,17926.489,17935.483500000002
2024-03-15 07:30:00+00:00,17934.4445,17935.516499999998,17930.0555,17934.4835
2024-03-15 07:35:00+00:00,17934.0055,17935.5055,17925.989,17930.0
2024-03-15 07:40:00+00:00,17929.428,17930.4945,17927.4945,17929.5165
2024-03-15 07:45:00+00:00,17929.022,17929.939000000002,17922.9945,17925.4445
2024-03-15 07:50:00+00:00,17925.9945,17927.511,17919.5,17920.5055
2024-03-15 07:55:00+00:00,17919.9835,17927.0,17913.9835,17917.560999999998
2024-03-15 08:00:00+00:00,17915.511,17939.989,17915.511,17932.9445
2024-03-15 08:05:00+00:00,17933.55,17947.011,17932.511,17934.0
2024-03-15 08:10:00+00:00,17934.4945,17935.060999999998,17925.978,17928.016499999998
2024-03-15 08:15:00+00:00,17928.489,17941.0555,17928.489,17939.489
2024-03-15 08:20:00+00:00,17939.0165,17944.0,17936.511,17940.928
2024-03-15 08:25:00+00:00,17940.489,17945.489,17936.0,17945.072
2024-03-15 08:30:00+00:00,17944.201,17945.5055,17934.511,17934.511
2024-03-15 08:35:00+00:00,17933.9945,17935.066499999997,17925.978,17932.4945
2024-03-15 08:40:00+00:00,17932.983500000002,17944.0,17931.4945,17937.95
2024-03-15 08:45:00+00:00,17937.428,17942.0555,17934.939000000002,17937.933500000003
2024-03-15 08:50:00+00:00,17938.5,17941.989,17931.511,17938.4835
2024-03-15 08:55:00+00:00,17938.9945,17947.0055,17937.989,17945.933500000003
2024-03-15 09:00:00+00:00,17946.511,17961.5,17945.9445,17957.516499999998
2024-03-15 09:05:00+00:00,17957.939000000002,17968.5165,17954.511,17962.0
2024-03-15 09:10:00+00:00,17962.5555,17964.072,17950.989,17952.5
2024-03-15 09:15:00+00:00,17951.928,17961.9445,17947.0555,17961.9445
2024-03-15 09:20:00+00:00,17961.066499999997,17966.05,17957.989,17960.989
2024-03-15 09:25:00+00:00,17959.989,17964.072,17955.983500000002,17962.0
2024-03-15 09:30:00+00:00,17962.511,17981.0,17962.511,17979.933500000003
2024-03-15 09:35:00+00:00,17980.4945,17982.939000000002,17976.989,17981.566499999997
2024-03-15 09:40:00+00:00,17980.983500000002,17982.0,17974.4835,17977.011
2024-03-15 09:45:00+00:00,17977.489,17993.0055,17976.983500000002,17986.989
2024-03-15 09:50:00+00:00,17986.522,17996.5,17985.9445,17995.0
2024-03-15 09:55:00+00:00,17994.433500000003,17997.0,17985.939000000002,17993.939000000002
2024-03-15 10:00:00+00:00,17993.0,17996.9945,17983.939000000002,17987.0
2024-03-15 10:05:00+00:00,17986.5055,17994.0055,17984.9945,17988.478
2024-03-15 10:10:00+00:00,17988.9945,17993.022,17985.939000000002,17986.989
2024-03-15 10:15:00+00:00,17986.0055,17987.9835,17981.05,17985.9835
2024-03-15 10:20:00+00:00,17986.4945,17998.0,17985.9945,17991.022
2024-03-15 10:25:00+00:00,17990.4945,17992.5,17987.939000000002,17990.9835
2024-03-15 10:30:00+00:00,17990.5055,18004.011,17988.983500000002,17996.489
2024-03-15 10:35:00+00:00,17997.0,18004.9945,17993.989,17997.4835
2024-03-15 10:40:00+00:00,17997.983500000002,18007.072,17996.928,17996.928
2024-03-15 10:45:00+00:00,17997.4445,17998.0055,17982.983500000002,17986.0055
2024-03-15 10:50:00+00:00,17986.566499999997,17995.5,17985.0,17992.5
2024-03-15 10:55:00+00:00,17992.0,17996.0,17985.933500000003,17987.928
2024-03-15 11:00:00+00:00,17987.516499999998,17999.4835,17987.4835,17999.0
2024-03-15 11:05:00+00:00,17999.5,18003.489,17998.433500000003,18002.0
2024-03-15 11:10:00+00:00,18001.5055,18012.572,18000.45,18011.0
2024-03-15 11:15:00+00:00,18010.4945,18019.016499999998,18010.4945,18014.0165
2024-03-15 11:20:00+00:00,18014.572,18020.011,18014.572,18016.978
2024-03-15 11:25:00+00:00,18017.4945,18021.022,18010.933500000003,18010.933500000003
2024-03-15 11:30:00+00:00,18011.433500000003,18014.060999999998,18008.9945,18012.9945
2024-03-15 11:35:00+00:00,18014.0055,18015.0,18008.989,18012.9835
2024-03-15 11:40:00+00:00,18015.0,18020.933500000003,18014.978,18019.0
2024-03-15 11:45:00+00:00,18017.4945,18020.060999999998,18015.989,18016.5
2024-03-15 11:50:00+00:00,18016.016499999998,18019.060999999998,18015.983500000002,18018.560999999998
2024-03-15 11:55:00+00:00,18018.989,18019.5,18010.0,18012.939000000002
2024-03-15 12:00:00+00:00,18012.5,18044.060999999998,18003.9835,18034.011
2024-03-15 12:05:00+00:00,18033.4945,18036.9945,18011.95,18021.4945
2024-03-15 12:10:00+00:00,18021.0165,18028.0,18013.0165,18028.0
2024-03-15 12:15:00+00:00,18028.933500000003,18031.933500000003,18019.511,18023.489
2024-03-15 12:20:00+00:00,18022.9945,18025.016499999998,18018.95,18023.016499999998
2024-03-15 12:25:00+00:00,18022.5,18025.989,18016.9445,18020.989
2024-03-15 12:30:00+00:00,18021.949,18027.4445,18015.4835,18025.978
2024-03-15 12:35:00+00:00,18025.0,18031.016499999998,18017.5055,18018.0
2024-03-15 12:40:00+00:00,18018.5,18022.066499999997,18009.989,18020.072
2024-03-15 12:45:00+00:00,18020.4945,18029.933500000003,18014.0055,18025.9945
2024-03-15 12:50:00+00:00,18026.4945,18037.016499999998,18024.5165,18036.0
2024-03-15 12:55:00+00:00,18035.489,18039.060999999998,18028.0165,18032.989
2024-03-15 13:00:00+00:00,18032.0055,18039.0,18028.0,18037.989
2024-03-15 13:05:00+00:00,18037.5,18038.989,18030.933500000003,18033.5165
2024-03-15 13:10:00+00:00,18032.05,18034.0055,18015.989,18017.0165
2024-03-15 13:15:00+00:00,18017.5055,18023.060999999998,18013.0,18015.011
2024-03-15 13:20:00+00:00,18015.4945,18016.5555,18001.489,18001.5055
2024-03-15 13:25:00+00:00,18001.428,18008.0555,17992.0,17993.511
2024-03-15 13:30:00+00:00,17992.989,18012.0055,17992.4445,18002.95
2024-03-15 13:35:00+00:00,18003.522,18005.9835,17995.0,18002.5055
2024-03-15 13:40:00+00:00,18003.5,18009.060999999998,17988.0,17988.0165
2024-03-15 13:45:00+00:00,17989.0,17999.0,17988.5,17994.0
2024-03-15 13:50:00+00:00,17994.4945,18001.0555,17993.4945,17996.0055
2024-03-15 13:55:00+00:00,17995.5,18002.016499999998,17987.428,17991.428
2024-03-15 14:00:00+00:00,17991.0055,17995.95,17982.989,17985.989
2024-03-15 14:05:00+00:00,17986.5,17987.566499999997,17970.572,17981.933500000003
2024-03-15 14:10:00+00:00,17981.4945,17996.0,17980.511,17992.5055
2024-03-15 14:15:00+00:00,17992.0,17997.011,17987.9835,17989.983500000002
2024-03-15 14:20:00+00:00,17988.978,17995.9445,17983.95,17992.0
2024-03-15 14:25:00+00:00,17993.0,18001.060999999998,17990.978,17996.5055
2024-03-15 14:30:00+00:00,17996.0055,17996.516499999998,17979.9445,17981.511
2024-03-15 14:35:00+00:00,17981.201,17998.9945,17980.0,17997.0
2024-03-15 14:40:00+00:00,17998.0165,18001.0055,17986.572,17989.0
2024-03-15 14:45:00+00:00,17989.9945,17990.9445,17980.9945,17989.95
2024-03-15 14:50:00+00:00,17990.511,17991.0,17979.928,17980.95
2024-03-15 14:55:00+00:00,17981.433500000003,17988.5555,17980.0,17987.4945
2024-03-15 15:00:00+00:00,17989.0,17991.5055,17980.5055,17990.0
2024-03-15 15:05:00+00:00,17990.5055,17991.066499999997,17980.9835,17984.0165
2024-03-15 15:10:00+00:00,17984.989,17993.011,17983.933500000003,17986.989
2024-03-15 15:15:00+00:00,17986.511,17998.0555,17985.928,17987.0
2024-03-15 15:20:00+00:00,17987.55,17991.011,17980.9945,17986.0165
2024-03-15 15:25:00+00:00,17986.511,17998.522,17984.011,17998.0055
2024-03-15 15:30:00+00:00,17997.4945,18002.0555,17994.9835,17995.072
2024-03-15 15:35:00+00:00,17995.428,18000.9445,17985.933500000003,17991.95
2024-03-15 15:40:00+00:00,17991.489,17995.05,17987.983500000002,17990.011
2024-03-15 15:45:00+00:00,17990.5,17992.066499999997,17982.933500000003,17982.933500000003
2024-03-15 15:50:00+00:00,17981.939000000002,17992.0,17981.939000000002,17989.0055
2024-03-15 15:55:00+00:00,17990.928,17991.9945,17981.5055,17984.0055
2024-03-15 16:00:00+00:00,17983.745000000003,17987.9945,17978.0,17978.0
2024-03-15 16:05:00+00:00,17977.0,17980.072,17974.9835,17977.4445
2024-03-15 16:10:00+00:00,17977.9945,17978.9445,17970.072,17971.928
2024-03-15 16:15:00+00:00,17971.5055,17972.9945,17962.0555,17966.022
2024-03-15 16:20:00+00:00,17965.433500000003,17967.5055,17958.5555,17963.978
2024-03-15 16:25:00+00:00,17964.516499999998,17966.016499999998,17951.939000000002,17953.9945
2024-03-15 16:30:00+00:00,17953.101000000002,17960.478,17937.9945,17945.45
2024-03-15 16:35:00+00:00,17946.0055,17953.978,17924.428,17940.016499999998
2024-03-15 16:40:00+00:00,17939.5,17942.989,17927.0,17929.9945
2024-03-15 16:45:00+00:00,17928.983500000002,17941.0,17928.9445,17934.489
2024-03-15 16:50:00+00:00,17933.95,17934.489,17921.933500000003,17923.066499999997
2024-03-15 16:55:00+00:00,17923.4945,17929.066499999997,17921.989,17927.0
2024-03-15 17:00:00+00:00,17928.0,17930.066499999997,17921.060999999998,17924.0
2024-03-15 17:05:00+00:00,17922.9945,17939.0055,17922.9945,17939.0055
2024-03-15 17:10:00+00:00,17938.4945,17945.072,17938.4945,17940.9945
2024-03-15 17:15:00+00:00,17941.489,17943.516499999998,17936.928,17938.0055
2024-03-15 17:20:00+00:00,17937.4945,17951.0055,17936.011,17951.0055
2024-03-15 17:25:00+00:00,17951.4945,17955.989,17947.4945,17948.439000000002
2024-03-15 17:30:00+00:00,17948.95,17951.0555,17943.0055,17945.928
2024-03-15 17:35:00+00:00,17945.433500000003,17952.0,17943.0165,17952.0
2024-03-15 17:40:00+00:00,17951.5055,17954.072,17950.011,17950.011
2024-03-15 17:45:00+00:00,17949.4445,17951.0055,17945.989,17946.511
2024-03-15 17:50:00+00:00,17946.0055,17958.55,17945.95,17958.0055
2024-03-15 17:55:00+00:00,17957.511,17963.0,17955.9445,17961.9945
2024-03-15 18:00:00+00:00,17961.5,17966.072,17959.933500000003,17961.5165
2024-03-15 18:05:00+00:00,17960.989,17962.072,17953.989,17957.05
2024-03-15 18:10:00+00:00,17957.5,17961.072,17955.0,17956.9945
2024-03-15 18:15:00+00:00,17957.5055,17960.072,17954.5,17958.989
2024-03-15 18:20:00+00:00,17959.516499999998,17968.011,17957.9445,17957.9445
2024-03-15 18:25:00+00:00,17957.5,17961.939000000002,17954.95,17958.939000000002
2024-03-15 18:30:00+00:00,17958.5055,17965.060999999998,17957.9945,17961.0055
2024-03-15 18:35:00+00:00,17961.5055,17971.060999999998,17957.978,17971.060999999998
2024-03-15 18:40:00+00:00,17970.5055,17982.016499999998,17969.572,17981.0055
2024-03-15 18:45:00+00:00,17980.55,17980.560999999998,17965.989,17967.433500000003
2024-03-15 18:50:00+00:00,17967.0,17975.978,17966.9945,17974.0055
2024-03-15 18:55:00+00:00,17973.0055,17978.989,17970.9445,17973.572
2024-03-15 19:00:00+00:00,17972.95,17979.95,17970.9835,17979.011
2024-03-15 19:05:00+00:00,17977.978,17980.0055,17972.5,17972.9945
2024-03-15 19:10:00+00:00,17973.989,17978.072,17971.428,17975.5165
2024-03-15 19:15:00+00:00,17976.022,17977.060999999998,17969.989,17972.978
2024-03-15 19:20:00+00:00,17974.011,17974.016499999998,17967.4445,17973.072
2024-03-15 19:25:00+00:00,17974.072,17981.0055,17971.9945,17976.0
2024-03-15 19:30:00+00:00,17975.560999999998,17976.5,17968.5,17972.060999999998
2024-03-15 19:35:00+00:00,17973.4835,17976.0555,17964.9835,17966.428
2024-03-15 19:40:00+00:00,17965.9835,17971.05,17963.022,17968.9945
2024-03-15 19:45:00+00:00,17969.55,17978.072,17967.928,17978.05
2024-03-15 19:50:00+00:00,17975.989,17977.0055,17969.9945,17972.0055
2024-03-15 19:55:00+00:00,17972.511,17978.011,17968.522,17977.060999999998
2024-03-15 20:00:00+00:00,17976.5,17982.0,17974.9945,17981.5
2024-03-15 20:05:00+00:00,17981.933500000003,17982.572,17979.433500000003,17982.572
2024-03-15 20:10:00+00:00,17981.9835,17985.9945,17980.511,17985.4945
2024-03-15 20:15:00+00:00,17985.072,17985.566499999997,17981.928,17984.5055
2024-03-15 20:20:00+00:00,17984.9945,17987.4945,17982.983500000002,17987.4945
2024-03-15 20:25:00+00:00,17986.9445,17991.9945,17986.9445,17990.933500000003
2024-03-15 20:30:00+00:00,17991.489,17993.0,17990.9445,17992.978
2024-03-15 20:35:00+00:00,17992.572,17992.572,17990.022,17991.572
2024-03-15 20:40:00+00:00,17992.060999999998,17992.060999999998,17989.489,17990.0055
2024-03-15 20:45:00+00:00,17989.5,17990.983500000002,17987.95,17988.5
2024-03-15 20:50:00+00:00,17989.0055,17990.566499999997,17985.933500000003,17986.933500000003
2024-03-15 20:55:00+00:00,17988.0,17989.522,17984.5165,17987.4945
2024-03-18 00:00:00+00:00,17989.961,17989.961,17983.7,17983.7055
2024-03-18 00:05:00+00:00,17982.7945,17982.7945,17976.689000000002,17978.4665
2024-03-18 00:10:00+00:00,17979.289,17987.183500000003,17979.289,17987.183500000003
2024-03-18 00:15:00+00:00,17986.5,17992.011,17984.072,17991.066499999997
2024-03-18 00:20:00+00:00,17991.0,17992.011,17976.022,17976.022
2024-03-18 00:25:00+00:00,17975.5165,17979.5055,17968.0,17968.0
2024-03-18 00:30:00+00:00,17968.5055,17973.9445,17966.5,17971.9945
2024-03-18 00:35:00+00:00,17973.066499999997,17974.5,17969.4835,17970.9945
2024-03-18 00:40:00+00:00,17970.5055,17976.0055,17970.011,17974.5
2024-03-18 00:45:00+00:00,17973.983500000002,17978.060999999998,17973.939000000002,17976.0055
2024-03-18 00:50:00+00:00,17975.5055,17975.5055,17972.9835,17972.983500000002
2024-03-18 00:55:00+00:00,17973.4445,17977.433500000003,17973.4445,17974.0
2024-03-18 01:00:00+00:00,17973.5165,17973.522,17972.433500000003,17973.0055
2024-03-18 01:05:00+00:00,17973.483500000002,17975.072,17972.5,17973.0
2024-03-18 01:10:00+00:00,17972.572,17973.55,17972.0055,17972.566499999997
2024-03-18 01:15:00+00:00,17972.066499999997,17972.066499999997,17961.9945,17962.45
2024-03-18 01:20:00+00:00,17962.022,17969.0055,17959.483500000002,17969.0055
2024-03-18 01:25:00+00:00,17968.749,17972.5055,17964.489,17967.0055
2024-03-18 01:30:00+00:00,17967.4945,17976.022,17967.4945,17974.060999999998
2024-03-18 01:35:00+00:00,17974.566499999997,17983.066499999997,17974.0555,17978.511
2024-03-18 01:40:00+00:00,17978.072,17980.511,17976.983500000002,17978.516499999998
2024-03-18 01:45:00+00:00,17978.9445,17980.516499999998,17978.0,17979.0
2024-03-18 01:50:00+00:00,17979.511,17985.0055,17977.978,17984.0555
2024-03-18 01:55:00+00:00,17984.439000000002,17988.489,17984.439000000002,17986.9835
2024-03-18 02:00:00+00:00,17987.939000000002,17991.939000000002,17982.9835,17982.9835
2024-03-18 02:05:00+00:00,17982.45,17983.066499999997,17978.989,17982.0
2024-03-18 02:10:00+00:00,17981.428,17984.5055,17979.928,17981.9945
2024-03-18 02:15:00+00:00,17983.0555,17985.5055,17982.0,17982.566499999997
2024-03-18 02:20:00+00:00,17982.933500000003,17988.95,17982.933500000003,17987.0165
2024-03-18 02:25:00+00:00,17987.5,17990.5,17986.016499999998,17989.989
2024-03-18 02:30:00+00:00,17990.5165,17993.0,17987.016499999998,17993.0
2024-03-18 02:35:00+00:00,17993.522,17994.5,17990.5165,17990.5165
2024-03-18 02:40:00+00:00,17989.9945,17990.5,17986.939000000002,17987.9945
2024-03-18 02:45:00+00:00,17988.5,17989.5055,17986.939000000002,17986.939000000002
2024-03-18 02:50:00+00:00,17987.5055,17989.0055,17985.4835,17985.9445
2024-03-18 02:55:00+00:00,17985.4945,17987.072,17985.4945,17987.066499999997
2024-03-18 03:00:00+00:00,17986.511,17993.0,17986.5,17990.939000000002
2024-03-18 03:05:00+00:00,17991.572,17993.0055,17989.489,17992.0
2024-03-18 03:10:00+00:00,17991.5055,17994.489,17990.483500000002,17993.0055
2024-03-18 03:15:00+00:00,17993.489,17993.489,17991.9945,17991.9945
2024-03-18 03:20:00+00:00,17992.989,17992.989,17991.433500000003,17992.016499999998
2024-03-18 03:25:00+00:00,17993.011,17993.011,17989.489,17990.0165
2024-03-18 03:30:00+00:00,17989.7435,17992.066499999997,17987.5,17988.05
2024-03-18 03:35:00+00:00,17988.9945,17991.9445,17985.989,17985.989
2024-03-18 03:40:00+00:00,17986.478,17986.9945,17981.933500000003,17984.0055
2024-03-18 03:45:00+00:00,17984.5,17986.9835,17983.4945,17986.0055
2024-03-18 03:50:00+00:00,17987.016499999998,17987.016499999998,17984.939000000002,17985.0
2024-03-18 03:55:00+00:00,17985.478,17990.989,17985.0555,17990.989
2024-03-18 04:00:00+00:00,17990.522,17991.022,17987.95,17990.0
2024-03-18 04:05:00+00:00,17991.060999999998,17991.983500000002,17989.939000000002,17991.072
2024-03-18 04:10:00+00:00,17991.478,17994.0055,17990.95,17991.9945
2024-03-18 04:15:00+00:00,17992.9835,17992.9835,17990.95,17990.983500000002
2024-03-18 04:20:00+00:00,17991.4835,17992.016499999998,17988.989,17991.5
2024-03-18 04:25:00+00:00,17991.9945,17994.9945,17991.522,17994.9945
2024-03-18 04:30:00+00:00,17996.566499999997,17999.5055,17995.928,17999.011
2024-03-18 04:35:00+00:00,17998.0055,17999.0555,17996.0055,17997.5055
2024-03-18 04:40:00+00:00,17997.0055,17997.4945,17992.0,17992.0
2024-03-18 04:45:00+00:00,17991.5,17992.0055,17990.439000000002,17990.95
2024-03-18 04:50:00+00:00,17991.511,17995.011,17990.933500000003,17993.05
2024-03-18 05:00:00+00:00,17991.928,17998.9445,17991.928,17998.9445
2024-03-18 05:05:00+00:00,17999.45,18001.5,17996.9835,17997.011
2024-03-18 05:10:00+00:00,17998.0,17999.072,17997.9445,17998.433500000003
2024-03-18 05:15:00+00:00,17997.989,18000.072,17996.489,17996.9835
2024-03-18 05:20:00+00:00,17996.572,17998.0555,17995.5,17996.989
2024-03-18 05:25:00+00:00,17996.428,18001.0,17995.989,17998.95
2024-03-18 05:30:00+00:00,17998.439000000002,18001.0055,17998.439000000002,18000.0165
2024-03-18 05:35:00+00:00,18001.0055,18001.522,17999.9445,18000.989
2024-03-18 05:40:00+00:00,18002.05,18003.011,17999.0,18000.5
2024-03-18 05:45:00+00:00,17999.989,18002.072,17999.989,18000.928
2024-03-18 05:50:00+00:00,18001.560999999998,18002.060999999998,17999.933500000003,18001.0
2024-03-18 05:55:00+00:00,18000.478,18001.0055,17997.4945,17997.4945
2024-03-18 06:00:00+00:00,17998.0055,18004.016499999998,17997.478,18003.928
2024-03-18 06:05:00+00:00,18003.489,18007.016499999998,18002.572,18006.011
2024-03-18 06:10:00+00:00,18004.989,18007.522,18002.5,18002.989
2024-03-18 06:15:00+00:00,18002.5,18003.0555,17997.989,17997.989
2024-03-18 06:20:00+00:00,17998.489,18004.478,17997.428,18004.05
2024-03-18 06:25:00+00:00,18002.9445,18003.011,18001.0,18001.0
2024-03-18 06:30:00+00:00,18001.4945,18005.0555,18001.4945,18005.0555
2024-03-18 06:35:00+00:00,18004.428,18005.511,17997.439000000002,17997.439000000002
2024-03-18 06:40:00+00:00,17998.0,17998.011,17996.9945,17997.511
2024-03-18 06:45:00+00:00,17996.983500000002,17998.478,17995.4945,17996.95
2024-03-18 06:50:00+00:00,17996.566499999997,17998.011,17995.939000000002,17997.0
2024-03-18 07:00:00+00:00,17997.011,17997.95,17982.428,17989.0
2024-03-18 07:05:00+00:00,17986.978,17988.0055,17971.433500000003,17974.0
2024-03-18 07:10:00+00:00,17973.55,17973.989,17966.933500000003,17966.933500000003
2024-03-18 07:15:00+00:00,17967.489,17972.0165,17963.989,17968.0055
2024-03-18 07:20:00+00:00,17968.989,17976.5,17968.989,17971.016499999998
2024-03-18 07:25:00+00:00,17971.9945,17974.5,17967.928,17970.016499999998
2024-03-18 07:30:00+00:00,17969.7435,17977.511,17968.05,17976.0165
2024-03-18 07:35:00+00:00,17976.428,17980.0555,17974.933500000003,17975.433500000003
2024-03-18 07:40:00+00:00,17976.0055,17982.572,17976.0055,17978.0
2024-03-18 07:45:00+00:00,17978.511,17980.0055,17969.5555,17969.978
2024-03-18 07:50:00+00:00,17971.0055,17977.011,17970.489,17973.989
2024-03-18 07:55:00+00:00,17973.4945,17974.0165,17966.4445,17969.978
2024-03-18 08:00:00+00:00,17968.4835,17978.4945,17959.9445,17968.511
2024-03-18 08:05:00+00:00,17967.723,17971.5165,17959.5,17962.572
2024-03-18 08:10:00+00:00,17961.566499999997,17963.060999999998,17954.4945,17957.560999999998
2024-03-18 08:15:00+00:00,17958.55,17961.0,17948.5055,17951.0555
2024-03-18 08:20:00+00:00,17951.5055,17966.5,17948.489,17957.511
2024-03-18 08:25:00+00:00,17958.489,17963.0055,17952.0,17953.4945
2024-03-18 08:30:00+00:00,17953.05,17960.511,17949.4445,17949.4445
2024-03-18 08:35:00+00:00,17950.516499999998,17952.9835,17944.511,17948.5
2024-03-18 08:40:00+00:00,17948.0,17961.0055,17946.428,17958.5
2024-03-18 08:45:00+00:00,17958.496000000003,17967.566499999997,17956.5,17965.5055
2024-03-18 08:50:00+00:00,17966.511,17988.45,17966.072,17986.5
2024-03-18 08:55:00+00:00,17985.428,17999.4945,17983.4945,17999.4945
2024-03-18 09:00:00+00:00,17998.9945,18008.511,17996.060999999998,17998.560999999998
2024-03-18 09:05:00+00:00,17998.764000000003,18003.5,17995.0055,17997.489
2024-03-18 09:10:00+00:00,17998.5,18000.511,17993.4445,17995.5055
2024-03-18 09:15:00+00:00,17995.0,17995.0,17976.5,17976.5
2024-03-18 09:20:00+00:00,17976.9945,17993.572,17969.4945,17993.522
2024-03-18 09:25:00+00:00,17994.428,17999.522,17990.939000000002,17999.522
2024-03-18 09:30:00+00:00,17999.0055,18003.522,17995.478,18000.439000000002
2024-03-18 09:35:00+00:00,17999.489,18001.5165,17993.489,18000.516499999998
2024-03-18 09:40:00+00:00,18001.4945,18010.428,17997.95,18008.5165
2024-03-18 09:45:00+00:00,18008.9945,18013.560999999998,18005.4445,18008.9945
2024-03-18 09:50:00+00:00,18008.5055,18011.478,18003.978,18006.939000000002
2024-03-18 09:55:00+00:00,18006.5,18015.489,18005.489,18007.022
2024-03-18 10:00:00+00:00,18007.5055,18009.489,17998.433500000003,18000.0165
2024-03-18 10:05:00+00:00,17999.428,18000.9945,17985.5055,17987.5055
2024-03-18 10:10:00+00:00,17987.9445,17995.5555,17987.9445,17988.4945
2024-03-18 10:15:00+00:00,17989.5055,17992.0,17980.4835,17981.4945
2024-03-18 10:20:00+00:00,17980.5055,17988.572,17977.9835,17988.572
2024-03-18 10:25:00+00:00,17989.0055,17989.4945,17979.4945,17987.0055
2024-03-18 10:30:00+00:00,17986.428,17987.5,17976.522,17979.5
2024-03-18 10:35:00+00:00,17980.0055,17980.939000000002,17970.011,17970.4945
2024-03-18 10:40:00+00:00,17971.066499999997,17976.4945,17967.9945,17970.0555
2024-03-18 10:45:00+00:00,17969.4945,17973.0,17964.428,17964.9835
2024-03-18 10:50:00+00:00,17965.433500000003,17967.989,17962.5,17965.011
2024-03-18 10:55:00+00:00,17965.4835,17976.489,17964.511,17976.489
2024-03-18 11:00:00+00:00,17975.9945,17978.572,17968.5555,17976.0165
2024-03-18 11:05:00+00:00,17976.5055,17976.939000000002,17971.522,17973.489
2024-03-18 11:10:00+00:00,17973.060999999998,17976.5555,17967.0165,17976.5055
2024-03-18 11:15:00+00:00,17975.9945,17983.0055,17974.483500000002,17982.489
2024-03-18 11:20:00+00:00,17981.9945,17992.511,17981.5,17992.511
2024-03-18 11:25:00+00:00,17992.9945,17998.572,17990.4945,17997.989
2024-03-18 11:30:00+00:00,17997.5,18003.439000000002,17996.428,17996.572
2024-03-18 11:35:00+00:00,17996.016499999998,17996.516499999998,17982.989,17985.511
2024-03-18 11:40:00+00:00,17985.989,17988.5,17982.5,17983.5
2024-03-18 11:45:00+00:00,17984.0,17990.0,17982.45,17984.5055
2024-03-18 11:50:00+00:00,17984.0055,17988.9445,17982.939000000002,17983.511
2024-03-18 11:55:00+00:00,17984.011,17986.0055,17978.45,17978.9945
2024-03-18 12:00:00+00:00,17978.5165,17988.566499999997,17977.45,17985.489
2024-03-18 12:05:00+00:00,17986.5555,17993.5165,17985.4445,17986.4445
2024-03-18 12:10:00+00:00,17985.511,17988.572,17979.439000000002,17981.066499999997
2024-03-18 12:15:00+00:00,17980.428,17982.489,17974.489,17974.489
2024-03-18 12:20:00+00:00,17973.734,17976.516499999998,17971.489,17971.489
2024-03-18 12:25:00+00:00,17970.4945,17974.572,17967.933500000003,17974.489
2024-03-18 12:30:00+00:00,17975.4835,17975.5055,17959.522,17960.566499999997
2024-03-18 12:35:00+00:00,17959.522,17967.45,17958.489,17963.489
2024-03-18 12:40:00+00:00,17963.066499999997,17964.5555,17959.45,17961.9945
2024-03-18 12:45:00+00:00,17961.511,17962.4445,17955.0555,17958.5055
2024-03-18 12:50:00+00:00,17958.0,17968.566499999997,17958.0,17967.5165
2024-03-18 12:55:00+00:00,17968.5055,17976.5,17968.0,17972.489
2024-03-18 13:00:00+00:00,17971.5555,17978.9945,17968.4835,17978.0055
2024-03-18 13:05:00+00:00,17977.522,17977.522,17969.016499999998,17975.483500000002
2024-03-18 13:10:00+00:00,17976.0,17980.4945,17974.983500000002,17979.989
2024-03-18 13:15:00+00:00,17979.072,17982.572,17973.439000000002,17974.9945
2024-03-18 13:20:00+00:00,17975.4945,17977.5165,17966.9945,17975.928
2024-03-18 13:25:00+00:00,17975.489,17982.5055,17974.522,17976.011
2024-03-18 13:30:00+00:00,17976.5,17977.072,17965.428,17968.5
2024-03-18 13:35:00+00:00,17969.4945,17970.45,17944.5055,17945.0
2024-03-18 13:40:00+00:00,17944.745000000003,17955.060999999998,17944.745000000003,17948.0
2024-03-18 13:45:00+00:00,17947.5,17949.511,17927.4945,17931.572
2024-03-18 13:50:00+00:00,17932.066499999997,17933.989,17915.95,17917.483500000002
2024-03-18 13:55:00+00:00,17918.511,17922.5,17905.55,17917.55
2024-03-18 14:00:00+00:00,17918.4945,17922.5055,17914.433500000003,17916.9945
2024-03-18 14:05:00+00:00,17917.489,17939.560999999998,17915.428,17936.55
2024-03-18 14:10:00+00:00,17935.489,17950.566499999997,17933.5,17935.066499999997
2024-03-18 14:15:00+00:00,17935.4945,17935.5555,17925.55,17932.4945
2024-03-18 14:20:00+00:00,17933.5,17933.522,17919.428,17927.489
2024-03-18 14:25:00+00:00,17928.522,17931.5055,17920.983500000002,17923.0055
2024-03-18 14:30:00+00:00,17923.5,17923.511,17918.4445,17920.5555
2024-03-18 14:35:00+00:00,17921.066499999997,17921.066499999997,17911.45,17913.928
2024-03-18 14:40:00+00:00,17913.5555,17914.566499999997,17902.5,17905.5165
2024-03-18 14:45:00+00:00,17904.5055,17918.4945,17902.433500000003,17917.439000000002
2024-03-18 14:50:00+00:00,17917.0,17919.572,17912.478,17917.4835
2024-03-18 14:55:00+00:00,17917.0555,17930.5555,17915.489,17929.478
2024-03-18 15:00:00+00:00,17930.5555,17934.5055,17920.439000000002,17922.4835
2024-03-18 15:05:00+00:00,17923.060999999998,17924.9945,17914.5,17924.9945
2024-03-18 15:10:00+00:00,17924.5,17925.0555,17916.511,17917.978
2024-03-18 15:15:00+00:00,17918.5555,17925.489,17915.45,17920.5
2024-03-18 15:20:00+00:00,17921.522,17927.0165,17920.428,17926.5
2024-03-18 15:25:00+00:00,17925.983500000002,17928.572,17923.0055,17927.511
2024-03-18 15:30:00+00:00,17926.511,17931.572,17924.433500000003,17926.5055
2024-03-18 15:35:00+00:00,17925.9945,17932.989,17923.4945,17932.011
2024-03-18 15:40:00+00:00,17932.4945,17937.483500000002,17930.4945,17933.489
2024-03-18 15:45:00+00:00,17934.566499999997,17939.522,17930.489,17939.511
2024-03-18 15:50:00+00:00,17939.0,17939.5,17927.478,17928.478
2024-03-18 15:55:00+00:00,17929.483500000002,17934.4945,17927.5165,17929.572
2024-03-18 16:00:00+00:00,17930.5,17933.011,17926.4945,17930.5165
2024-03-18 16:05:00+00:00,17929.483500000002,17934.478,17928.933500000003,17932.989
2024-03-18 16:10:00+00:00,17933.5,17938.511,17930.45,17938.511
2024-03-18 16:15:00+00:00,17937.5,17938.516499999998,17933.989,17938.4945
2024-03-18 16:20:00+00:00,17939.489,17943.5055,17938.433500000003,17941.989
2024-03-18 16:25:00+00:00,17942.566499999997,17946.572,17939.4945,17941.522
2024-03-18 16:30:00+00:00,17940.989,17942.522,17931.489,17937.5
2024-03-18 16:35:00+00:00,17938.5,17938.5,17930.439000000002,17932.4835
2024-03-18 16:40:00+00:00,17933.5,17937.5165,17930.9945,17937.5
2024-03-18 16:45:00+00:00,17936.989,17937.4945,17927.516499999998,17927.516499999998
2024-03-18 16:50:00+00:00,17926.511,17928.4945,17918.433500000003,17920.4945
2024-03-18 16:55:00+00:00,17920.066499999997,17921.5,17917.4445,17917.5
2024-03-18 17:00:00+00:00,17917.989,17925.066499999997,17916.4945,17919.511
2024-03-18 17:05:00+00:00,17919.0,17924.511,17918.433500000003,17921.478
2024-03-18 17:10:00+00:00,17921.0055,17924.5055,17919.4945,17924.433500000003
2024-03-18 17:15:00+00:00,17923.989,17924.511,17922.433500000003,17923.928
2024-03-18 17:20:00+00:00,17923.5,17932.516499999998,17923.5,17932.483500000002
2024-03-18 17:25:00+00:00,17932.26,17933.5165,17928.489,17932.5
2024-03-18 17:30:00+00:00,17931.95,17933.560999999998,17923.489,17924.45
2024-03-18 17:35:00+00:00,17923.55,17925.0055,17914.933500000003,17915.483500000002
2024-03-18 17:40:00+00:00,17916.0165,17916.566499999997,17909.5,17914.983500000002
2024-03-18 17:45:00+00:00,17914.522,17915.560999999998,17909.428,17914.4945
2024-03-18 17:50:00+00:00,17915.489,17918.522,17913.5,17917.5165
2024-03-18 17:55:00+00:00,17917.066499999997,17924.55,17915.0055,17922.989
2024-03-18 18:00:00+00:00,17923.4945,17926.022,17920.983500000002,17923.5055
2024-03-18 18:05:00+00:00,17924.016499999998,17927.5,17919.511,17925.566499999997
2024-03-18 18:10:00+00:00,17926.011,17930.516499999998,17923.4945,17925.511
2024-03-18 18:15:00+00:00,17926.0055,17930.989,17925.5,17928.522
2024-03-18 18:20:00+00:00,17928.9835,17930.5,17925.0055,17930.5
2024-03-18 18:25:00+00:00,17931.060999999998,17938.5,17930.4945,17936.4945
2024-03-18 18:30:00+00:00,17936.0,17936.566499999997,17932.5055,17936.478
2024-03-18 18:35:00+00:00,17935.511,17938.978,17934.9945,17935.4945
2024-03-18 18:40:00+00:00,17934.95,17935.0055,17918.5,17925.0055
2024-03-18 18:45:00+00:00,17925.55,17928.516499999998,17919.433500000003,17928.516499999998
2024-03-18 18:50:00+00:00,17927.989,17933.9945,17926.983500000002,17932.4945
2024-03-18 18:55:00+00:00,17931.5055,17933.566499999997,17929.0055,17932.5555
2024-03-18 19:00:00+00:00,17932.0,17932.566499999997,17927.4945,17931.989
2024-03-18 19:05:00+00:00,17931.5,17937.511,17929.483500000002,17934.522
2024-03-18 19:10:00+00:00,17934.011,17936.516499999998,17932.483500000002,17932.9945
2024-03-18 19:15:00+00:00,17933.5,17934.511,17931.478,17934.511
2024-03-18 19:20:00+00:00,17933.45,17934.5055,17930.4945,17931.072
2024-03-18 19:25:00+00:00,17930.5165,17934.5,17930.428,17931.483500000002
2024-03-18 19:30:00+00:00,17932.0,17935.0,17930.4835,17932.4835
2024-03-18 19:35:00+00:00,17932.011,17932.511,17927.95,17929.0
2024-03-18 19:40:00+00:00,17928.4835,17933.522,17928.4835,17930.939000000002
2024-03-18 19:45:00+00:00,17930.5,17933.5055,17929.439000000002,17930.522
2024-03-18 19:50:00+00:00,17931.5055,17931.5165,17917.439000000002,17918.560999999998
2024-03-18 19:55:00+00:00,17920.483500000002,17926.0,17917.5,17924.483500000002
2024-03-18 20:00:00+00:00,17925.4945,17926.072,17918.489,17922.5165
2024-03-18 20:05:00+00:00,17923.016499999998,17926.4945,17922.4445,17926.478
2024-03-18 20:10:00+00:00,17926.0165,17926.0165,17922.9445,17923.560999999998
2024-03-18 20:15:00+00:00,17923.0055,17923.066499999997,17920.0,17922.0
2024-03-18 20:20:00+00:00,17921.45,17921.55,17919.439000000002,17920.489
2024-03-18 20:25:00+00:00,17921.016499999998,17926.5,17920.5055,17924.489
2024-03-18 20:30:00+00:00,17925.0055,17926.0555,17923.4445,17924.4835
2024-03-18 20:35:00+00:00,17924.0,17924.0,17921.489,17923.572
2024-03-18 20:40:00+00:00,17924.0055,17926.489,17922.933500000003,17924.9445
2024-03-18 20:45:00+00:00,17925.5,17926.483500000002,17924.9445,17924.983500000002
2024-03-18 20:50:00+00:00,17925.5,17926.4945,17923.0555,17925.560999999998
2024-03-18 20:55:00+00:00,17926.566499999997,17927.9945,17919.4945,17920.522
2024-03-18 21:00:00+00:00,17920.9945,17920.9945,17920.9945,17920.9945
2024-03-18 23:00:00+00:00,17897.678,17898.116499999996,17889.4,17891.1
2024-03-18 23:05:00+00:00,17891.939000000002,17895.9055,17891.939000000002,17895.889000000003
2024-03-18 23:10:00+00:00,17895.6935,17905.1665,17895.4445,17902.5
2024-03-18 23:15:00+00:00,17903.3335,17903.3335,17900.633500000004,17901.6
2024-03-18 23:20:00+00:00,17900.7,17904.2555,17899.889000000003,17903.4055
2024-03-18 23:25:00+00:00,17902.55,17903.411,17900.689000000002,17902.5165
2024-03-18 23:30:00+00:00,17903.45,17903.45,17900.65,17902.439000000002
2024-03-18 23:35:00+00:00,17901.605499999998,17903.4055,17900.7,17901.589
2024-03-18 23:40:00+00:00,17901.9945,17903.4665,17899.3335,17899.9
2024-03-18 23:45:00+00:00,17899.4055,17901.616499999996,17898.1,17900.7
2024-03-18 23:50:00+00:00,17901.589,17904.139000000003,17899.8835,17904.139000000003
2024-03-18 23:55:00+00:00,17903.4165,17904.2,17902.489,17903.739
2024-03-19 00:00:00+00:00,17904.222,17905.9945,17896.4055,17899.9
2024-03-19 00:05:00+00:00,17900.7,17901.6665,17896.328,17896.822
2024-03-19 00:10:00+00:00,17896.45,17899.022,17892.839,17899.022
2024-03-19 00:15:00+00:00,17912.5055,17914.5,17896.478,17899.011
2024-03-19 00:20:00+00:00,17899.0055,17902.5055,17897.560999999998,17901.516499999998
2024-03-19 00:25:00+00:00,17901.022,17901.511,17898.0055,17898.5055
2024-03-19 00:30:00+00:00,17901.511,17902.4945,17896.9945,17899.011
2024-03-19 00:35:00+00:00,17899.511,17904.489,17896.5055,17897.433500000003
2024-03-19 00:40:00+00:00,17897.989,17902.0055,17897.989,17898.0055
2024-03-19 00:45:00+00:00,17896.428,17896.428,17888.0055,17892.0165
2024-03-19 00:50:00+00:00,17892.433500000003,17893.560999999998,17889.0,17893.011
2024-03-19 00:55:00+00:00,17893.5165,17897.011,17892.983500000002,17897.0055
2024-03-19 01:00:00+00:00,17896.4945,17898.522,17891.5555,17897.0055
2024-03-19 01:05:00+00:00,17896.511,17897.5555,17895.0,17897.439000000002
2024-03-19 01:10:00+00:00,17897.0055,17898.060999999998,17894.428,17896.9445
2024-03-19 01:15:00+00:00,17895.5,17896.022,17890.45,17892.05
2024-03-19 01:20:00+00:00,17892.516499999998,17892.516499999998,17884.5,17886.478
2024-03-19 01:25:00+00:00,17887.489,17889.489,17879.4445,17883.5
2024-03-19 01:30:00+00:00,17882.9945,17885.572,17881.428,17882.066499999997
2024-03-19 01:35:00+00:00,17881.4945,17886.066499999997,17879.022,17885.0055
2024-03-19 01:40:00+00:00,17885.489,17888.066499999997,17885.0055,17888.066499999997
2024-03-19 01:45:00+00:00,17886.5,17886.5,17883.939000000002,17885.9945
2024-03-19 01:50:00+00:00,17887.4945,17889.9945,17886.939000000002,17888.0165
2024-03-19 01:55:00+00:00,17887.511,17892.016499999998,17884.5165,17891.978
2024-03-19 02:00:00+00:00,17891.4835,17899.060999999998,17891.4835,17899.060999999998
2024-03-19 02:05:00+00:00,17899.5555,17900.05,17898.928,17899.5055
2024-03-19 02:10:00+00:00,17899.05,17910.5,17898.983500000002,17909.9945
2024-03-19 02:15:00+00:00,17909.738,17910.522,17907.0,17909.0555
2024-03-19 02:20:00+00:00,17909.433500000003,17912.0055,17908.983500000002,17911.016499999998
2024-03-19 02:25:00+00:00,17910.5,17911.4945,17909.9945,17911.066499999997
2024-03-19 02:30:00+00:00,17910.5055,17911.0055,17909.016499999998,17909.489
2024-03-19 02:35:00+00:00,17910.0055,17910.5055,17902.9945,17903.0055
2024-03-19 02:40:00+00:00,17903.989,17903.9945,17898.9835,17902.0
2024-03-19 02:45:00+00:00,17902.572,17903.022,17899.5,17900.0055
2024-03-19 02:50:00+00:00,17899.4945,17902.433500000003,17899.4945,17900.0
2024-03-19 02:55:00+00:00,17899.5055,17903.522,17899.5055,17901.9945
2024-03-19 03:00:00+00:00,17902.5165,17911.0055,17902.5165,17907.983500000002
2024-03-19 03:05:00+00:00,17907.560999999998,17911.5,17907.0,17911.011
2024-03-19 03:10:00+00:00,17911.522,17911.522,17909.9945,17911.0055
2024-03-19 03:15:00+00:00,17910.45,17910.989,17909.95,17910.989
2024-03-19 03:20:00+00:00,17910.5,17911.566499999997,17908.011,17909.939000000002
2024-03-19 03:25:00+00:00,17910.45,17910.9945,17907.5,17908.9945
2024-03-19 03:30:00+00:00,17909.45,17911.5,17902.5,17902.5
2024-03-19 03:35:00+00:00,17902.011,17908.066499999997,17900.4945,17908.066499999997
2024-03-19 03:40:00+00:00,17908.45,17918.0165,17905.989,17905.989
2024-03-19 03:45:00+00:00,17905.7545,17905.7545,17891.45,17893.5
2024-03-19 03:50:00+00:00,17894.072,17897.989,17886.983500000002,17896.45
2024-03-19 03:55:00+00:00,17896.9945,17905.022,17896.9945,17903.4945
2024-03-19 04:00:00+00:00,17904.022,17904.989,17897.0055,17903.433500000003
2024-03-19 04:05:00+00:00,17904.011,17912.0,17904.011,17912.0
2024-03-19 04:10:00+00:00,17911.433500000003,17917.5,17908.428,17912.4945
2024-03-19 04:15:00+00:00,17912.0055,17915.0165,17906.4945,17908.560999999998
2024-03-19 04:20:00+00:00,17907.989,17908.5055,17901.428,17903.9945
2024-03-19 04:25:00+00:00,17904.522,17905.072,17900.0555,17900.0555
2024-03-19 04:30:00+00:00,17899.5055,17900.072,17896.4945,17900.072
2024-03-19 04:35:00+00:00,17900.489,17903.066499999997,17899.489,17902.072
2024-03-19 04:40:00+00:00,17902.45,17905.060999999998,17901.95,17901.95
2024-03-19 04:45:00+00:00,17900.989,17903.5,17900.0165,17902.95
2024-03-19 04:50:00+00:00,17902.45,17908.0,17902.45,17906.016499999998
2024-03-19 04:55:00+00:00,17905.45,17909.55,17905.4445,17908.9945
2024-03-19 05:00:00+00:00,17908.5,17909.0165,17901.983500000002,17904.060999999998
2024-03-19 05:05:00+00:00,17903.4945,17903.983500000002,17894.0,17895.989
2024-03-19 05:10:00+00:00,17897.0055,17898.489,17893.933500000003,17898.489
2024-03-19 05:15:00+00:00,17899.0055,17899.0055,17896.489,17896.978
2024-03-19 05:20:00+00:00,17896.572,17900.511,17896.5165,17898.489
2024-03-19 05:25:00+00:00,17898.989,17902.066499999997,17898.933500000003,17898.933500000003
2024-03-19 05:30:00+00:00,17899.5,17902.522,17896.4945,17901.516499999998
2024-03-19 05:35:00+00:00,17902.05,17902.05,17893.45,17896.5055
2024-03-19 05:40:00+00:00,17897.022,17898.572,17896.928,17897.0
2024-03-19 05:45:00+00:00,17897.511,17900.0055,17896.9945,17898.566499999997
2024-03-19 05:50:00+00:00,17898.9945,17910.011,17898.516499999998,17906.9835
2024-03-19 05:55:00+00:00,17907.572,17909.572,17906.928,17909.016499999998
2024-03-19 06:00:00+00:00,17910.5,17911.428,17897.983500000002,17900.011
2024-03-19 06:05:00+00:00,17899.5055,17899.989,17885.9945,17886.9945
2024-03-19 06:10:00+00:00,17885.0,17894.522,17883.0,17892.511
2024-03-19 06:15:00+00:00,17891.9835,17894.522,17890.0055,17891.5055
2024-03-19 06:20:00+00:00,17892.572,17898.0055,17891.522,17898.0055
2024-03-19 06:25:00+00:00,17897.0,17898.4945,17895.516499999998,17896.9945
2024-03-19 06:30:00+00:00,17897.5,17904.95,17895.5055,17895.939000000002
2024-03-19 06:35:00+00:00,17895.4445,17900.011,17895.0055,17898.983500000002
2024-03-19 06:40:00+00:00,17899.478,17899.989,17893.0,17895.489
2024-03-19 06:45:00+00:00,17895.939000000002,17898.0,17894.478,17897.016499999998
2024-03-19 06:50:00+00:00,17897.5,17900.0,17894.939000000002,17900.0
2024-03-19 06:55:00+00:00,17899.489,17899.978,17896.9945,17899.0055
2024-03-19 07:00:00+00:00,17899.4945,17914.5165,17896.572,17910.428
2024-03-19 07:05:00+00:00,17911.5055,17922.478,17911.5055,17922.478
2024-03-19 07:10:00+00:00,17920.9445,17924.566499999997,17916.5,17917.5055
2024-03-19 07:15:00+00:00,17915.5,17922.0,17912.572,17912.572
2024-03-19 07:20:00+00:00,17913.0055,17916.439000000002,17908.5,17914.511
2024-03-19 07:25:00+00:00,17913.939000000002,17925.0,17913.0,17924.5555
2024-03-19 07:30:00+00:00,17925.0165,17941.5055,17923.989,17940.478
2024-03-19 07:35:00+00:00,17939.4945,17940.572,17932.516499999998,17939.066499999997
2024-03-19 07:40:00+00:00,17938.5,17947.5055,17933.511,17937.560999999998
2024-03-19 07:45:00+00:00,17938.011,17940.939000000002,17934.0,17935.0
2024-03-19 07:50:00+00:00,17935.566499999997,17936.5055,17930.5,17932.45
2024-03-19 07:55:00+00:00,17931.9945,17941.572,17929.511,17941.572
2024-03-19 08:00:00+00:00,17941.933500000003,17943.433500000003,17921.428,17937.572
2024-03-19 08:05:00+00:00,17936.9945,17939.05,17916.9445,17916.9445
2024-03-19 08:10:00+00:00,17916.723,17934.011,17914.928,17931.016499999998
2024-03-19 08:15:00+00:00,17930.511,17945.011,17929.983500000002,17942.072
2024-03-19 08:20:00+00:00,17940.939000000002,17950.011,17937.478,17946.0
2024-03-19 08:25:00+00:00,17947.011,17954.0165,17939.5055,17953.4945
2024-03-19 08:30:00+00:00,17954.0,17962.9945,17947.0,17955.0055
2024-03-19 08:35:00+00:00,17954.701,17957.933500000003,17947.939000000002,17954.4945
2024-03-19 08:40:00+00:00,17954.983500000002,17965.011,17954.433500000003,17961.4945
2024-03-19 08:45:00+00:00,17962.011,17970.0,17957.933500000003,17968.9835
2024-03-19 08:50:00+00:00,17969.4445,17977.060999999998,17966.989,17968.489
2024-03-19 08:55:00+00:00,17968.05,17968.45,17959.9945,17961.566499999997
2024-03-19 09:00:00+00:00,17962.433500000003,17964.4945,17954.928,17961.522
2024-03-19 09:05:00+00:00,17961.0555,17961.0555,17943.5,17953.05
2024-03-19 09:10:00+00:00,17953.483500000002,17957.0,17950.478,17952.511
2024-03-19 09:15:00+00:00,17951.933500000003,17960.5555,17948.9445,17954.989
2024-03-19 09:20:00+00:00,17955.4945,17970.433500000003,17955.0055,17964.0
2024-03-19 09:25:00+00:00,17962.9945,17966.489,17956.928,17958.989
2024-03-19 09:30:00+00:00,17958.0055,17968.0055,17956.9945,17959.95
2024-03-19 09:35:00+00:00,17961.0055,17961.5055,17952.978,17958.066499999997
2024-03-19 09:40:00+00:00,17958.5,17960.072,17951.428,17954.989
2024-03-19 09:45:00+00:00,17954.5055,17963.189000000002,17951.489,17962.711
2024-03-19 09:50:00+00:00,17964.689000000002,17974.7,17964.178,17974.128
2024-03-19 09:55:00+00:00,17973.711,17975.266499999998,17964.189000000002,17967.75
2024-03-19 10:00:00+00:00,17967.2,17975.7,17961.639000000003,17972.761
2024-03-19 10:05:00+00:00,17971.7,17979.711,17969.128,17973.633500000004
2024-03-19 10:10:00+00:00,17973.183500000003,17979.6835,17973.1835,17976.128
2024-03-19 10:15:00+00:00,17974.912,17984.2,17973.7055,17981.7
2024-03-19 10:20:00+00:00,17982.6945,17994.678,17982.6945,17994.2
2024-03-19 10:25:00+00:00,17993.7555,17997.633500000004,17991.628,17995.7165
2024-03-19 10:30:00+00:00,17996.772,17999.7,17992.65,17994.75
2024-03-19 10:35:00+00:00,17993.7,17997.75,17987.628,17987.628
2024-03-19 10:40:00+00:00,17986.7055,17996.75,17986.7055,17991.6835
2024-03-19 10:45:00+00:00,17990.923000000003,17993.2,17971.6945,17977.689000000002
2024-03-19 10:50:00+00:00,17978.216500000002,17983.683500000003,17941.2555,17943.65
2024-03-19 10:55:00+00:00,17944.2,17960.6945,17943.628,17959.689000000002
2024-03-19 11:00:00+00:00,17959.434,17963.7,17944.689000000002,17949.65
2024-03-19 11:05:00+00:00,17949.189000000002,17950.772,17942.133500000004,17949.772
2024-03-19 11:10:00+00:00,17948.65,17950.266499999998,17938.6945,17944.139000000003
2024-03-19 11:15:00+00:00,17943.7165,17944.272,17936.6835,17941.15
2024-03-19 11:20:00+00:00,17940.689000000002,17947.7165,17938.711,17942.644500000002
2024-03-19 11:25:00+00:00,17943.211,17944.7165,17933.2,17937.2055
2024-03-19 11:30:00+00:00,17936.7,17937.711,17928.628,17928.65
2024-03-19 11:35:00+00:00,17928.25,17931.716500000002,17925.65,17930.7
2024-03-19 11:40:00+00:00,17931.761,17932.2,17924.639000000003,17927.7055
2024-03-19 11:45:00+00:00,17927.2,17937.6945,17926.7,17937.65
2024-03-19 11:50:00+00:00,17937.423000000003,17947.6945,17936.7,17947.6945
2024-03-19 11:55:00+00:00,17948.211,17961.75,17947.7,17960.689000000002
2024-03-19 12:00:00+00:00,17959.772,17971.7,17958.644500000002,17966.7165
2024-03-19 12:05:00+00:00,17966.183500000003,17969.761,17959.6945,17961.6945
2024-03-19 12:10:00+00:00,17962.128,17964.7055,17947.639000000003,17948.689000000002
2024-03-19 12:15:00+00:00,17949.2,17954.7,17944.211,17950.628
2024-03-19 12:20:00+00:00,17950.272,17951.772,17932.766499999998,17935.7
2024-03-19 12:25:00+00:00,17935.272,17946.7055,17931.6945,17944.7
2024-03-19 12:30:00+00:00,17947.683500000003,17957.639000000003,17940.7,17952.7
2024-03-19 12:35:00+00:00,17953.7,17965.216500000002,17951.711,17964.65
2024-03-19 12:40:00+00:00,17963.75,17969.716500000002,17962.689000000002,17965.7055
2024-03-19 12:45:00+00:00,17966.2,17977.7555,17965.144500000002,17975.7
2024-03-19 12:50:00+00:00,17976.1945,17980.2555,17968.2,17974.6945
2024-03-19 12:55:00+00:00,17975.1945,17980.772,17974.2,17978.1835
2024-03-19 13:00:00+00:00,17978.689000000002,17982.75,17975.7555,17976.25
2024-03-19 13:05:00+00:00,17976.766499999998,17978.7555,17961.7165,17961.7165
2024-03-19 13:10:00+00:00,17963.2555,17976.189000000002,17963.2555,17973.7055
2024-03-19 13:15:00+00:00,17974.2055,17983.7,17970.689000000002,17979.2
2024-03-19 13:20:00+00:00,17978.7,17985.7,17978.7,17980.678
2024-03-19 13:25:00+00:00,17981.639000000003,17981.689000000002,17975.75,17976.7055
2024-03-19 13:30:00+00:00,17975.7,17977.761,17963.683500000003,17967.7055
2024-03-19 13:35:00+00:00,17966.6835,17970.689000000002,17962.644500000002,17966.6945
2024-03-19 13:40:00+00:00,17965.901,17966.7,17949.7,17952.261
2024-03-19 13:45:00+00:00,17952.711,17960.272,17950.716500000002,17957.7
2024-03-19 13:50:00+00:00,17956.7055,17960.7055,17953.7,17958.7055
2024-03-19 13:55:00+00:00,17959.7555,17961.610999999997,17949.578,17961.5835
2024-03-19 14:00:00+00:00,17960.589,17961.661,17954.578,17955.105499999998
2024-03-19 14:05:00+00:00,17955.622,17960.0945,17940.589,17941.5945
2024-03-19 14:10:00+00:00,17940.811999999998,17949.5945,17939.6,17944.528
2024-03-19 14:15:00+00:00,17944.110999999997,17944.539,17930.589,17930.6665
2024-03-19 14:20:00+00:00,17930.15,17936.661,17928.605499999998,17935.5945
2024-03-19 14:25:00+00:00,17935.078,17939.6665,17922.605499999998,17926.5945
2024-03-19 14:30:00+00:00,17927.5945,17933.15,17920.5835,17920.5835
2024-03-19 14:35:00+00:00,17921.1555,17924.6555,17915.5835,17919.605499999998
2024-03-19 14:40:00+00:00,17920.0945,17937.6,17919.616499999996,17937.6
2024-03-19 14:45:00+00:00,17937.039,17937.610999999997,17931.539,17934.5945
2024-03-19 14:50:00+00:00,17935.539,17946.672,17933.1,17946.028
2024-03-19 14:55:00+00:00,17946.6,17955.610999999997,17939.578,17941.15
2024-03-19 15:00:00+00:00,17941.6,17944.610999999997,17932.672,17940.605499999998
2024-03-19 15:05:00+00:00,17941.105499999998,17945.5445,17939.622,17940.578
2024-03-19 15:10:00+00:00,17939.6,17949.6,17939.6,17945.0945
2024-03-19 15:15:00+00:00,17945.589,17951.672,17944.6,17949.105499999998
2024-03-19 15:20:00+00:00,17949.55,17954.6,17946.589,17954.5835
2024-03-19 15:25:00+00:00,17954.1,17960.661,17948.605499999998,17960.5945
2024-03-19 15:30:00+00:00,17961.172,17969.622,17959.5445,17966.616499999996
2024-03-19 15:35:00+00:00,17967.6,17971.105499999998,17966.105499999998,17968.6665
2024-03-19 15:40:00+00:00,17967.589,17973.6555,17967.578,17971.6
2024-03-19 15:45:00+00:00,17972.6,17974.622,17970.5945,17973.5945
2024-03-19 15:50:00+00:00,17974.5445,17977.6555,17972.5945,17975.610999999997
2024-03-19 15:55:00+00:00,17976.622,17980.605499999998,17975.589,17979.6665
2024-03-19 16:00:00+00:00,17979.323,17980.6,17976.578,17977.0945
2024-03-19 16:05:00+00:00,17976.845,17977.616499999996,17971.6,17972.589
2024-03-19 16:10:00+00:00,17973.0335,17973.6555,17964.610999999997,17967.589
2024-03-19 16:15:00+00:00,17968.589,17983.6,17966.5835,17983.110999999997
2024-03-19 16:20:00+00:00,17983.589,17989.661,17981.589,17988.605499999998
2024-03-19 16:25:00+00:00,17988.15,17996.110999999997,17985.589,17992.6
2024-03-19 16:30:00+00:00,17992.661,18001.610999999997,17990.528,17991.589
2024-03-19 16:35:00+00:00,17992.0835,17998.672,17986.5945,17987.6
2024-03-19 16:40:00+00:00,17989.672,17999.6,17988.528,17999.578
2024-03-19 16:45:00+00:00,18000.5835,18001.610999999997,17995.5945,17997.605499999998
2024-03-19 16:50:00+00:00,17998.672,18002.622,17997.589,18001.622
2024-03-19 16:55:00+00:00,18002.589,18002.6,17995.528,17996.610999999997
2024-03-19 17:00:00+00:00,17996.0835,18007.55,17990.0335,17990.539
2024-03-19 17:05:00+00:00,17991.1,17991.6665,17978.6,17979.0335
2024-03-19 17:10:00+00:00,17979.672,17988.539,17978.589,17981.5945
2024-03-19 17:15:00+00:00,17982.5835,17983.122,17973.539,17976.605499999998
2024-03-19 17:20:00+00:00,17977.5835,17982.6165,17974.1,17982.0945
2024-03-19 17:25:00+00:00,17982.589,17986.65,17978.6,17982.5445
2024-03-19 17:30:00+00:00,17983.110999999997,17992.1,17983.1,17989.105499999998
2024-03-19 17:35:00+00:00,17989.616499999996,17993.5335,17984.528,17991.528
2024-03-19 17:40:00+00:00,17991.161,17994.6,17987.5945,17993.6165
2024-03-19 17:45:00+00:00,17994.0945,17996.661,17988.589,17990.5945
2024-03-19 17:50:00+00:00,17991.1665,17994.116499999996,17986.5335,17988.5445
2024-03-19 17:55:00+00:00,17989.1,17992.6,17987.0445,17991.5835
2024-03-19 18:00:00+00:00,17991.039,17991.039,17982.605499999998,17988.5445
2024-03-19 18:05:00+00:00,17989.5335,17991.605499999998,17980.55,17981.110999999997
2024-03-19 18:10:00+00:00,17981.5945,17988.122,17979.6,17986.65
2024-03-19 18:15:00+00:00,17987.0945,17992.661,17984.605499999998,17987.605499999998
2024-03-19 18:20:00+00:00,17987.110999999997,17990.622,17980.5945,17982.6555
2024-03-19 18:25:00+00:00,17982.161,17987.610999999997,17981.5445,17982.1
2024-03-19 18:30:00+00:00,17981.610999999997,17984.6,17980.15,17981.605499999998
2024-03-19 18:35:00+00:00,17981.1555,17985.672,17981.1555,17984.6
2024-03-19 18:40:00+00:00,17985.0945,17993.605499999998,17984.105499999998,17992.589
2024-03-19 18:45:00+00:00,17993.661,17995.5945,17988.589,17990.6
2024-03-19 18:50:00+00:00,17989.605499999998,17991.5945,17985.5945,17985.5945
2024-03-19 18:55:00+00:00,17984.5945,17989.672,17980.605499999998,17983.6
2024-03-19 19:00:00+00:00,17982.5835,17988.1,17982.5835,17984.6165
2024-03-19 19:05:00+00:00,17984.1165,17984.1165,17978.1,17979.55
2024-03-19 19:10:00+00:00,17979.05,17982.610999999997,17973.589,17977.528
2024-03-19 19:15:00+00:00,17976.6,17984.6665,17972.5335,17983.6
2024-03-19 19:20:00+00:00,17982.610999999997,17985.589,17975.5835,17976.6
2024-03-19 19:25:00+00:00,17977.105499999998,17980.6555,17971.661,17979.610999999997
2024-03-19 19:30:00+00:00,17978.605499999998,17983.616499999996,17976.5945,17978.622
2024-03-19 19:35:00+00:00,17979.1,17986.65,17978.5945,17986.5445
2024-03-19 19:40:00+00:00,17986.110999999997,17987.610999999997,17982.6665,17985.5445
2024-03-19 19:45:00+00:00,17986.6665,17994.622,17985.610999999997,17992.661
2024-03-19 19:50:00+00:00,17993.172,17996.65,17988.578,17995.589
2024-03-19 19:55:00+00:00,17996.1,17999.0335,17989.610999999997,17992.6
2024-03-19 20:00:00+00:00,17993.6,17997.1665,17991.589,17996.6
2024-03-19 20:05:00+00:00,17995.610999999997,18001.0835,17993.55,17997.0835
2024-03-19 20:10:00+00:00,17997.5335,18001.0945,17996.0945,18001.0945
2024-03-19 20:15:00+00:00,18000.1,18004.6,18000.1,18002.089
2024-03-19 20:20:00+00:00,18001.610999999997,18002.610999999997,18000.0835,18000.661
2024-03-19 20:25:00+00:00,18000.161,18003.6555,18000.161,18002.5945
2024-03-19 20:30:00+00:00,18002.398999999998,18003.605499999998,18001.528,18003.605499999998
2024-03-19 20:35:00+00:00,18004.6,18005.65,18004.539,18005.5945
2024-03-19 20:40:00+00:00,18006.0335,18008.55,18005.55,18006.6
2024-03-19 20:45:00+00:00,18006.122,18006.672,18004.5945,18005.161
2024-03-19 20:50:00+00:00,18005.605499999998,18007.6165,18004.6,18006.589
2024-03-19 20:55:00+00:00,18007.028,18008.5945,18005.5945,18007.5835
2024-03-19 21:00:00+00:00,18007.277000000002,18007.277000000002,18006.622,18006.622
2024-03-19 23:00:00+00:00,18011.1945,18012.972,18010.639000000003,18012.9665
2024-03-19 23:05:00+00:00,18013.783499999998,18013.783499999998,18010.2945,18010.360999999997
2024-03-19 23:10:00+00:00,18010.7,18011.261,18006.7945,18006.8
2024-03-19 23:15:00+00:00,18007.644500000002,18010.310999999998,18006.739,18010.2945
2024-03-19 23:20:00+00:00,18011.2055,18011.933500000003,18009.4,18010.283499999998
2024-03-19 23:25:00+00:00,18011.128,18013.7945,18011.128,18012.0055
2024-03-19 23:30:00+00:00,18012.9055,18012.961,18009.411,18010.289
2024-03-19 23:35:00+00:00,18011.266499999998,18011.266499999998,18009.394500000002,18010.233500000002
2024-03-19 23:40:00+00:00,18009.4555,18010.366499999996,18009.4555,18010.366499999996
2024-03-19 23:45:00+00:00,18011.2055,18011.2055,18008.4445,18010.316499999997
2024-03-19 23:50:00+00:00,18009.45,18010.239,18007.639000000003,18009.328
2024-03-19 23:55:00+00:00,18008.4445,18009.461,18005.894500000002,18005.9
2024-03-20 00:00:00+00:00,18005.022,18005.972,18002.0,18003.35
2024-03-20 00:05:00+00:00,18002.9055,18004.2055,18001.610999999997,18001.610999999997
2024-03-20 00:10:00+00:00,18002.4055,18004.189000000002,18000.6945,18004.189000000002
2024-03-20 00:15:00+00:00,18005.05,18005.05,17994.6,17995.172
2024-03-20 00:20:00+00:00,17995.15,17995.15,17988.605499999998,17988.605499999998
2024-03-20 00:25:00+00:00,17989.65,17995.161,17989.65,17995.161
2024-03-20 00:30:00+00:00,17995.610999999997,17996.122,17994.0945,17995.1
2024-03-20 00:35:00+00:00,17994.578,17999.1,17994.578,17998.6
2024-03-20 00:40:00+00:00,17999.1,18004.605499999998,17997.622,17997.622
2024-03-20 00:45:00+00:00,17997.110999999997,17997.110999999997,17993.605499999998,17995.605499999998
2024-03-20 00:50:00+00:00,17995.105499999998,17996.1,17991.5835,17992.05
2024-03-20 00:55:00+00:00,17993.116499999996,17994.105499999998,17988.616499999996,17989.6
2024-03-20 01:00:00+00:00,17990.1665,17993.0945,17990.105499999998,17992.0945
2024-03-20 01:05:00+00:00,17995.0945,17997.1,17991.039,17991.039
2024-03-20 01:10:00+00:00,17991.616499999996,17991.616499999996,17985.589,17986.0945
2024-03-20 01:15:00+00:00,17986.610999999997,17988.616499999996,17986.0835,17986.610999999997
2024-03-20 01:20:00+00:00,17987.6,17990.0945,17987.0835,17987.0835
2024-03-20 01:25:00+00:00,17985.0445,17985.1555,17983.5945,17984.610999999997
2024-03-20 01:30:00+00:00,17985.105499999998,17985.105499999998,17978.105499999998,17978.105499999998
2024-03-20 01:35:00+00:00,17978.589,17978.589,17976.1,17976.105499999998
2024-03-20 01:40:00+00:00,17976.589,17979.105499999998,17976.039,17978.1
2024-03-20 01:45:00+00:00,17978.55,17978.55,17972.0335,17976.0945
2024-03-20 01:50:00+00:00,17977.0445,17977.1,17975.589,17976.1
2024-03-20 01:55:00+00:00,17976.6,17976.6555,17974.605499999998,17976.6555
2024-03-20 02:00:00+00:00,17976.172,17979.605499999998,17976.1,17978.0945
2024-03-20 02:05:00+00:00,17979.1165,17979.6555,17978.039,17978.039
2024-03-20 02:10:00+00:00,17978.605499999998,17979.1165,17975.605499999998,17975.605499999998
2024-03-20 02:15:00+00:00,17976.5945,17979.661,17975.089,17978.0835
2024-03-20 02:20:00+00:00,17977.5945,17977.5945,17974.610999999997,17976.616499999996
2024-03-20 02:25:00+00:00,17976.105499999998,17976.610999999997,17972.6,17973.6
2024-03-20 02:30:00+00:00,17974.089,17974.089,17968.0835,17968.0835
2024-03-20 02:35:00+00:00,17967.539,17970.610999999997,17967.539,17969.0945
2024-03-20 02:40:00+00:00,17968.5835,17970.610999999997,17968.078,17970.6
2024-03-20 02:45:00+00:00,17969.616499999996,17970.605499999998,17968.1,17968.605499999998
2024-03-20 02:55:00+00:00,17969.1165,17975.161,17969.1165,17974.6665
2024-03-20 03:00:00+00:00,17975.610999999997,17976.610999999997,17971.105499999998,17973.089
2024-03-20 03:05:00+00:00,17972.610999999997,17975.172,17972.122,17974.105499999998
2024-03-20 03:10:00+00:00,17973.6,17978.105499999998,17973.6,17976.605499999998
2024-03-20 03:15:00+00:00,17975.5945,17977.672,17972.6,17977.672
2024-03-20 03:20:00+00:00,17978.078,17983.105499999998,17978.078,17981.6
2024-03-20 03:25:00+00:00,17980.6,17982.5835,17980.078,17980.078
2024-03-20 03:30:00+00:00,17980.6555,17983.089,17980.528,17982.589
2024-03-20 03:35:00+00:00,17982.105499999998,17982.105499999998,17980.105499999998,17980.105499999998
2024-03-20 03:40:00+00:00,17979.610999999997,17979.610999999997,17977.172,17978.105499999998
2024-03-20 03:45:00+00:00,17976.0835,17977.616499999996,17976.0835,17977.616499999996
2024-03-20 03:50:00+00:00,17978.0335,17978.578,17977.5945,17977.5945
2024-03-20 03:55:00+00:00,17978.105499999998,17978.105499999998,17976.1,17977.672
2024-03-20 04:00:00+00:00,17976.5835,17976.5835,17972.0835,17972.1
2024-03-20 04:05:00+00:00,17972.661,17973.15,17971.039,17972.1
2024-03-20 04:10:00+00:00,17972.6,17973.605499999998,17972.15,17973.605499999998
2024-03-20 04:15:00+00:00,17974.0945,17974.105499999998,17972.5835,17973.5945
2024-03-20 04:20:00+00:00,17974.089,17974.089,17972.539,17972.5445
2024-03-20 04:25:00+00:00,17971.6165,17974.5945,17970.028,17974.110999999997
2024-03-20 04:30:00+00:00,17973.6,17978.610999999997,17973.589,17978.078
2024-03-20 04:35:00+00:00,17978.589,17979.6,17977.589,17977.589
2024-03-20 04:40:00+00:00,17978.105499999998,17978.105499999998,17974.5945,17977.6
2024-03-20 04:45:00+00:00,17977.05,17977.05,17974.5445,17975.5945
2024-03-20 04:50:00+00:00,17974.65,17977.5335,17973.610999999997,17973.610999999997
2024-03-20 04:55:00+00:00,17972.610999999997,17973.6165,17970.105499999998,17971.5945
2024-03-20 05:00:00+00:00,17970.528,17971.622,17968.6555,17971.528
2024-03-20 05:05:00+00:00,17971.110999999997,17974.6165,17971.110999999997,17972.55
2024-03-20 05:10:00+00:00,17971.5335,17971.5945,17967.578,17970.1
2024-03-20 05:15:00+00:00,17970.6,17971.172,17968.5335,17971.172
2024-03-20 05:20:00+00:00,17970.6,17972.1,17970.528,17970.589
2024-03-20 05:25:00+00:00,17971.1,17974.661,17969.1,17972.5945
2024-03-20 05:30:00+00:00,17972.0945,17973.6555,17971.589,17972.5335
2024-03-20 05:35:00+00:00,17973.110999999997,17978.605499999998,17972.089,17978.605499999998
2024-03-20 05:40:00+00:00,17978.1165,17979.1,17975.1,17978.1
2024-03-20 05:45:00+00:00,17980.1,17982.610999999997,17977.610999999997,17980.0945
2024-03-20 05:50:00+00:00,17978.5945,17981.616499999996,17975.55,17980.6
2024-03-20 05:55:00+00:00,17981.0945,17981.672,17979.0945,17980.172
2024-03-20 06:00:00+00:00,17982.5445,17986.089,17980.589,17985.605499999998
2024-03-20 06:05:00+00:00,17986.05,17990.0945,17985.6,17985.6
2024-03-20 06:10:00+00:00,17984.610999999997,17991.605499999998,17984.0335,17991.605499999998
2024-03-20 06:15:00+00:00,17992.105499999998,17992.105499999998,17989.55,17989.6
2024-03-20 06:20:00+00:00,17990.1,17991.15,17988.5945,17989.610999999997
2024-03-20 06:25:00+00:00,17990.110999999997,17991.089,17986.5835,17986.589
2024-03-20 06:30:00+00:00,17985.6,17988.15,17985.078,17988.15
2024-03-20 06:35:00+00:00,17989.589,17990.122,17983.161,17989.55
2024-03-20 06:40:00+00:00,17988.539,17990.1,17984.55,17986.5335
2024-03-20 06:45:00+00:00,17987.0945,17991.616499999996,17986.528,17991.6
2024-03-20 06:50:00+00:00,17992.1,18000.610999999997,17991.605499999998,17991.605499999998
2024-03-20 06:55:00+00:00,17992.105499999998,17992.589,17987.0835,17992.589
2024-03-20 07:00:00+00:00,17993.605499999998,17998.1,17979.55,17987.672
2024-03-20 07:05:00+00:00,17988.110999999997,18000.110999999997,17984.5335,17999.622
2024-03-20 07:10:00+00:00,17999.1,18008.105499999998,17999.0945,18005.0945
2024-03-20 07:15:00+00:00,18005.578,18005.578,17997.1,18000.6665
2024-03-20 07:20:00+00:00,17999.55,18005.6,17999.55,17999.605499999998
2024-03-20 07:25:00+00:00,18000.605499999998,18006.1,17999.6,18005.1555
2024-03-20 07:30:00+00:00,18004.105499999998,18005.605499999998,17999.589,17999.589
2024-03-20 07:35:00+00:00,18000.5945,18000.5945,17991.6,17991.616499999996
2024-03-20 07:40:00+00:00,17991.028,17997.122,17991.028,17993.528
2024-03-20 07:45:00+00:00,17993.1,17996.6665,17990.028,17990.5945
2024-03-20 07:50:00+00:00,17990.110999999997,17992.089,17988.0835,17990.622
2024-03-20 07:55:00+00:00,17991.0835,17992.0835,17978.0445,17979.6665
2024-03-20 08:00:00+00:00,17980.589,17990.5835,17968.110999999997,17974.105499999998
2024-03-20 08:05:00+00:00,17975.116499999996,17982.110999999997,17970.15,17975.6555
2024-03-20 08:10:00+00:00,17976.161,17980.105499999998,17969.0445,17972.1665
2024-03-20 08:15:00+00:00,17971.578,17972.616499999996,17953.5835,17959.089
2024-03-20 08:20:00+00:00,17960.1,17965.1165,17957.0945,17963.0945
2024-03-20 08:25:00+00:00,17963.578,17970.0945,17954.089,17962.105499999998
2024-03-20 08:30:00+00:00,17961.089,17969.6,17960.0835,17964.589
2024-03-20 08:35:00+00:00,17964.122,17970.1,17959.1165,17961.0445
2024-03-20 08:40:00+00:00,17962.089,17968.1,17957.0335,17967.5945
2024-03-20 08:45:00+00:00,17968.0945,17976.110999999997,17966.110999999997,17970.110999999997
2024-03-20 08:50:00+00:00,17970.605499999998,17976.1,17961.605499999998,17976.1
2024-03-20 08:55:00+00:00,17976.610999999997,17991.105499999998,17974.1,17989.6555
2024-03-20 09:00:00+00:00,17989.334,17991.172,17974.6,17980.105499999998
2024-03-20 09:05:00+00:00,17979.15,17989.0835,17977.078,17985.5945
2024-03-20 09:10:00+00:00,17986.1,18002.0835,17986.1,18001.105499999998
2024-03-20 09:15:00+00:00,18000.116499999996,18002.078,17994.028,17999.605499999998
2024-03-20 09:20:00+00:00,18000.0445,18004.616499999996,17996.0445,17998.0945
2024-03-20 09:25:00+00:00,17997.605499999998,17999.110999999997,17994.028,17997.039
2024-03-20 09:30:00+00:00,17996.1,17999.661,17992.039,17999.661
2024-03-20 09:35:00+00:00,17999.110999999997,18002.0335,17985.039,17987.161
2024-03-20 09:40:00+00:00,17986.0445,17993.672,17983.0945,17991.589
2024-03-20 09:45:00+00:00,17992.172,17997.089,17989.089,17997.05
2024-03-20 09:50:00+00:00,17996.661,18003.105499999998,17995.5335,18001.578
2024-03-20 09:55:00+00:00,18001.1,18005.105499999998,17995.1,18004.55
2024-03-20 10:00:00+00:00,18004.201,18005.105499999998,17997.5835,18001.1555
2024-03-20 10:05:00+00:00,18002.1,18009.122,18001.5835,18005.605499999998
2024-03-20 10:10:00+00:00,18006.1,18012.105499999998,18005.0335,18010.5335
2024-03-20 10:15:00+00:00,18011.039,18012.0945,18001.105499999998,18004.161
2024-03-20 10:20:00+00:00,18004.528,18009.172,18004.105499999998,18005.6
2024-03-20 10:25:00+00:00,18005.039,18012.1665,18004.610999999997,18008.589
2024-03-20 10:30:00+00:00,18009.089,18014.6555,18009.089,18014.161
2024-03-20 10:35:00+00:00,18014.6,18023.105499999998,18014.105499999998,18019.1
2024-03-20 10:40:00+00:00,18020.0335,18026.1165,18018.028,18022.1
2024-03-20 10:45:00+00:00,18023.110999999997,18024.1665,18017.05,18020.1
2024-03-20 10:50:00+00:00,18019.105499999998,18019.110999999997,18013.589,18016.0445
2024-03-20 10:55:00+00:00,18016.5945,18025.0945,18014.605499999998,18024.1
2024-03-20 11:00:00+00:00,18023.311999999998,18026.589,18020.089,18024.1555
2024-03-20 11:05:00+00:00,18023.672,18030.1165,18023.078,18029.589
2024-03-20 11:10:00+00:00,18030.105499999998,18032.5945,18028.1,18031.116499999996
2024-03-20 11:15:00+00:00,18032.110999999997,18036.110999999997,18028.0445,18036.1
2024-03-20 11:20:00+00:00,18035.5835,18036.1165,18023.1,18025.0835
2024-03-20 11:25:00+00:00,18026.0945,18036.105499999998,18025.0335,18034.6
2024-03-20 11:30:00+00:00,18033.105499999998,18038.0835,18031.1,18037.110999999997
2024-03-20 11:35:00+00:00,18037.6555,18044.122,18036.1,18041.15
2024-03-20 11:40:00+00:00,18041.5335,18044.6,18040.1,18040.1
2024-03-20 11:45:00+00:00,18040.6165,18044.0945,18039.6555,18040.6
2024-03-20 11:50:00+00:00,18040.122,18041.15,18036.089,18038.05
2024-03-20 11:55:00+00:00,18037.811999999998,18041.105499999998,18034.089,18035.0945
2024-03-20 12:00:00+00:00,18036.0445,18037.089,18030.0835,18030.0835
2024-03-20 12:05:00+00:00,18030.5335,18030.6,18017.0445,18019.110999999997
2024-03-20 12:10:00+00:00,18020.039,18024.105499999998,18015.089,18019.0945
2024-03-20 12:15:00+00:00,18018.539,18024.1665,18018.0335,18023.622
2024-03-20 12:20:00+00:00,18024.1555,18029.089,18021.0835,18027.0835
2024-03-20 12:25:00+00:00,18027.6,18033.1,18027.1,18030.089
2024-03-20 12:30:00+00:00,18031.078,18035.0835,18027.578,18030.1165
2024-03-20 12:35:00+00:00,18030.5835,18036.589,18029.605499999998,18035.15
2024-03-20 12:40:00+00:00,18034.6165,18034.6165,18025.028,18028.0835
2024-03-20 12:45:00+00:00,18028.55,18028.55,18017.089,18026.105499999998
2024-03-20 12:50:00+00:00,18026.672,18027.1665,18021.345,18025.1
2024-03-20 12:55:00+00:00,18024.105499999998,18026.1,18022.078,18024.105499999998
2024-03-20 13:00:00+00:00,18024.6555,18028.172,18021.105499999998,18021.105499999998
2024-03-20 13:05:00+00:00,18022.0945,18022.0945,18014.110999999997,18015.110999999997
2024-03-20 13:10:00+00:00,18014.5445,18017.110999999997,18000.1,18005.116499999996
2024-03-20 13:15:00+00:00,18004.6,18005.078,17993.5945,17997.6
2024-03-20 13:20:00+00:00,17996.578,18001.1665,17993.0835,17994.1
2024-03-20 13:25:00+00:00,17993.6665,18007.1,17993.6665,18005.105499999998
2024-03-20 13:30:00+00:00,18004.110999999997,18007.15,17999.1,18004.1
2024-03-20 13:35:00+00:00,18005.110999999997,18012.1555,18005.039,18010.5945
2024-03-20 13:40:00+00:00,18011.105499999998,18025.1,18010.0835,18017.661
2024-03-20 13:45:00+00:00,18018.089,18027.105499999998,18012.089,18015.1
2024-03-20 13:50:00+00:00,18016.0835,18023.1665,18015.039,18019.610999999997
2024-03-20 13:55:00+00:00,18020.1,18024.105499999998,18017.0445,18019.15
2024-03-20 14:00:00+00:00,18020.1,18030.172,18018.078,18029.0945
2024-03-20 14:05:00+00:00,18029.5335,18034.1,18028.078,18033.110999999997
2024-03-20 14:10:00+00:00,18032.845,18037.1,18029.0835,18030.105499999998
2024-03-20 14:15:00+00:00,18031.0835,18032.1165,18019.089,18020.610999999997
2024-03-20 14:20:00+00:00,18021.1,18024.172,18014.089,18023.05
2024-03-20 14:25:00+00:00,18022.122,18022.5835,18014.078,18016.089
2024-03-20 14:30:00+00:00,18015.105499999998,18017.089,18007.0945,18009.105499999998
2024-03-20 14:35:00+00:00,18008.1,18008.1,17999.0945,18005.672
2024-03-20 14:40:00+00:00,18006.0835,18010.1555,18005.089,18006.039
2024-03-20 14:45:00+00:00,18005.0945,18015.605499999998,18004.110999999997,18014.105499999998
2024-03-20 14:50:00+00:00,18015.116499999996,18024.116499999996,18011.089,18011.65
2024-03-20 14:55:00+00:00,18011.161,18012.1165,18008.089,18009.5335
2024-03-20 15:00:00+00:00,18009.15,18011.110999999997,18006.078,18007.0945
2024-03-20 15:05:00+00:00,18006.661,18011.1,18000.5335,18007.078
2024-03-20 15:10:00+00:00,18006.605499999998,18012.6,18006.028,18012.1
2024-03-20 15:15:00+00:00,18012.6,18015.1,18009.0335,18011.1
2024-03-20 15:20:00+00:00,18011.622,18012.1,18003.028,18003.078
2024-03-20 15:25:00+00:00,18003.610999999997,18004.1,17997.0945,17999.0945
2024-03-20 15:30:00+00:00,18000.105499999998,18002.122,17993.0945,17996.089
2024-03-20 15:35:00+00:00,17995.6,18000.116499999996,17990.105499999998,17993.0335
2024-03-20 15:40:00+00:00,17992.028,17996.0945,17989.161,17994.1
2024-03-20 15:45:00+00:00,17993.0945,17993.161,17989.039,17989.039
2024-03-20 15:50:00+00:00,17988.116499999996,17989.105499999998,17982.1,17984.105499999998
2024-03-20 15:55:00+00:00,17985.0945,17996.1665,17984.15,17994.105499999998
2024-03-20 16:00:00+00:00,17993.110999999997,18004.661,17993.028,18004.105499999998
2024-03-20 16:05:00+00:00,18003.6665,18007.110999999997,17999.105499999998,18005.105499999998
2024-03-20 16:10:00+00:00,18006.0835,18012.122,18004.0945,18011.0835
2024-03-20 16:15:00+00:00,18010.323,18017.1665,18010.1,18015.1
2024-03-20 16:20:00+00:00,18016.089,18016.161,18011.0945,18013.116499999996
2024-03-20 16:25:00+00:00,18012.0835,18017.1665,18011.0945,18014.1
2024-03-20 16:30:00+00:00,18014.6,18018.172,18011.1,18015.089
2024-03-20 16:35:00+00:00,18014.5435,18021.605499999998,18014.0945,18020.6
2024-03-20 16:40:00+00:00,18020.0945,18024.105499999998,18020.089,18023.0945
2024-03-20 16:45:00+00:00,18024.116499999996,18025.122,18023.05,18025.122
2024-03-20 16:50:00+00:00,18025.5835,18029.1665,18024.110999999997,18028.105499999998
2024-03-20 16:55:00+00:00,18027.1665,18028.172,18027.028,18028.0945
2024-03-20 17:00:00+00:00,18027.6665,18027.6665,18023.1165,18025.1
2024-03-20 17:05:00+00:00,18024.55,18024.55,18021.05,18022.0945
2024-03-20 17:10:00+00:00,18021.578,18023.1,18016.078,18016.0835
2024-03-20 17:15:00+00:00,18015.110999999997,18021.15,18014.1,18020.0945
2024-03-20 17:20:00+00:00,18021.089,18021.1,18017.0445,18017.622
2024-03-20 17:25:00+00:00,18018.0945,18023.6,18017.089,18019.122
2024-03-20 17:30:00+00:00,18019.028,18020.105499999998,18017.089,18019.1
2024-03-20 17:35:00+00:00,18019.6,18020.161,18012.105499999998,18013.089
2024-03-20 17:40:00+00:00,18013.610999999997,18014.1,18007.0945,18014.1
2024-03-20 17:45:00+00:00,18013.105499999998,18019.105499999998,18011.0445,18019.105499999998
2024-03-20 17:50:00+00:00,18020.1665,18028.039,18020.039,18028.039
2024-03-20 17:55:00+00:00,18028.6,18031.5945,18025.605499999998,18027.5335
2024-03-20 18:00:00+00:00,18029.1,18078.605499999998,18029.1,18071.039
2024-03-20 18:05:00+00:00,18071.605499999998,18095.616499999996,18051.605499999998,18056.539
2024-03-20 18:10:00+00:00,18058.161,18077.672,18058.161,18065.0835
2024-03-20 18:15:00+00:00,18065.5835,18068.028,18053.6,18056.5945
2024-03-20 18:20:00+00:00,18057.1,18069.672,18056.1665,18065.122
2024-03-20 18:25:00+00:00,18065.616499999996,18079.1,18064.078,18076.528
2024-03-20 18:30:00+00:00,18077.172,18085.105499999998,18048.5945,18049.161
2024-03-20 18:35:00+00:00,18049.605499999998,18085.0945,18042.105499999998,18073.5835
2024-03-20 18:40:00+00:00,18073.0335,18087.161,18063.5335,18079.105499999998
2024-03-20 18:45:00+00:00,18080.161,18115.0335,18080.161,18109.610999999997
2024-03-20 18:50:00+00:00,18108.871000000003,18114.089,18094.5945,18107.5945
2024-03-20 18:55:00+00:00,18107.028,18117.0835,18102.5445,18108.078
2024-03-20 19:00:00+00:00,18109.110999999997,18119.110999999997,18106.672,18114.089
2024-03-20 19:05:00+00:00,18114.6,18138.172,18114.0945,18132.078
2024-03-20 19:10:00+00:00,18132.610999999997,18139.172,18117.1,18117.589
2024-03-20 19:15:00+00:00,18117.1,18137.578,18115.161,18136.6
2024-03-20 19:20:00+00:00,18137.105499999998,18137.6,18127.1,18134.6165
2024-03-20 19:25:00+00:00,18135.105499999998,18147.0945,18131.05,18144.0335
2024-03-20 19:30:00+00:00,18143.6165,18148.172,18140.0835,18141.1
2024-03-20 19:35:00+00:00,18140.610999999997,18141.1,18130.105499999998,18137.0335
2024-03-20 19:40:00+00:00,18136.6,18139.1,18127.0945,18130.161
2024-03-20 19:45:00+00:00,18129.028,18130.6,18119.0335,18121.1
2024-03-20 19:50:00+00:00,18121.5835,18136.110999999997,18119.605499999998,18131.6
2024-03-20 19:55:00+00:00,18132.105499999998,18141.0945,18130.05,18140.0945
2024-03-20 20:00:00+00:00,18139.6,18144.1,18134.0335,18143.5445
2024-03-20 20:05:00+00:00,18144.089,18148.110999999997,18143.605499999998,18147.1
2024-03-20 20:10:00+00:00,18146.1,18148.1665,18145.1,18146.5835
2024-03-20 20:15:00+00:00,18147.1165,18148.105499999998,18140.5945,18141.0945
2024-03-20 20:20:00+00:00,18140.6,18145.610999999997,18138.1,18143.0945
2024-03-20 20:25:00+00:00,18144.0945,18144.161,18138.1,18140.0835
2024-03-20 20:30:00+00:00,18140.672,18151.0945,18139.0445,18145.6
2024-03-20 20:35:00+00:00,18145.078,18147.622,18144.089,18144.539
2024-03-20 20:40:00+00:00,18144.105499999998,18145.65,18141.55,18143.105499999998
2024-03-20 20:45:00+00:00,18144.116499999996,18146.6,18141.105499999998,18143.1
2024-03-20 20:50:00+00:00,18142.078,18146.661,18142.078,18143.6
2024-03-20 20:55:00+00:00,18144.105499999998,18152.65,18143.039,18147.1
2024-03-20 21:00:00+00:00,18146.921000000002,18146.921000000002,18146.921000000002,18146.921000000002
2024-03-20 23:00:00+00:00,18161.289,18164.372,18161.289,18164.283499999998
2024-03-20 23:05:00+00:00,18164.7835,18174.9,18161.310999999998,18174.9
2024-03-20 23:10:00+00:00,18174.0,18179.2,18173.939000000002,18176.605499999998
2024-03-20 23:15:00+00:00,18175.689000000002,18180.172,18175.678,18178.3
2024-03-20 23:20:00+00:00,18178.778,18185.3,18178.2945,18179.7
2024-03-20 23:25:00+00:00,18180.6,18182.289,18177.1665,18177.983500000002
2024-03-20 23:30:00+00:00,18178.4,18179.7,18176.189000000002,18177.0835
2024-03-20 23:35:00+00:00,18177.116499999996,18178.85,18175.233500000002,18178.022
2024-03-20 23:40:00+00:00,18178.8055,18183.661,18176.1945,18182.683500000003
2024-03-20 23:45:00+00:00,18181.8165,18181.8165,18176.5945,18178.516499999998
2024-03-20 23:50:00+00:00,18177.5945,18180.2055,18176.689000000002,18177.578
2024-03-20 23:55:00+00:00,18178.572,18180.610999999997,18176.678,18180.2055
2024-03-21 00:00:00+00:00,18180.144500000002,18180.144500000002,18172.289,18174.878
2024-03-21 00:05:00+00:00,18175.6835,18177.522,18173.0835,18173.1665
2024-03-21 00:10:00+00:00,18173.989,18174.066499999997,18170.25,18170.289
2024-03-21 00:15:00+00:00,18170.110999999997,18170.110999999997,18147.578,18147.5945
2024-03-21 00:20:00+00:00,18147.6,18166.089,18147.6,18166.089
2024-03-21 00:25:00+00:00,18165.589,18168.089,18159.0835,18162.5445
2024-03-21 00:30:00+00:00,18161.605499999998,18162.1,18155.5835,18158.110999999997
2024-03-21 00:35:00+00:00,18157.610999999997,18160.6,18155.05,18155.05
2024-03-21 00:40:00+00:00,18154.6,18163.5945,18151.605499999998,18160.110999999997
2024-03-21 00:45:00+00:00,18160.65,18160.65,18159.6665,18160.1555
2024-03-21 00:50:00+00:00,18161.089,18167.6665,18161.089,18164.0835
2024-03-21 00:55:00+00:00,18163.5945,18169.610999999997,18163.1,18165.05
2024-03-21 01:00:00+00:00,18164.5835,18170.1165,18164.110999999997,18170.1165
2024-03-21 01:05:00+00:00,18170.5945,18171.089,18168.1,18170.1
2024-03-21 01:10:00+00:00,18169.6665,18174.1,18169.6,18173.589
2024-03-21 01:15:00+00:00,18172.661,18178.528,18171.1165,18171.1165
2024-03-21 01:20:00+00:00,18172.110999999997,18174.589,18168.616499999996,18171.105499999998
2024-03-21 01:25:00+00:00,18170.589,18172.6665,18169.1,18171.15
2024-03-21 01:30:00+00:00,18171.5835,18173.1,18162.105499999998,18163.028
2024-03-21 01:35:00+00:00,18163.610999999997,18167.172,18161.105499999998,18165.5445
2024-03-21 01:40:00+00:00,18165.122,18165.122,18160.039,18164.089
2024-03-21 01:45:00+00:00,18164.5945,18171.661,18163.55,18171.0835
2024-03-21 01:50:00+00:00,18171.6,18173.0945,18169.5945,18170.1
2024-03-21 01:55:00+00:00,18169.5945,18174.110999999997,18169.089,18174.0945
2024-03-21 02:00:00+00:00,18173.589,18175.105499999998,18170.6,18172.6555
2024-03-21 02:05:00+00:00,18173.110999999997,18173.110999999997,18169.039,18171.1
2024-03-21 02:10:00+00:00,18171.589,18178.172,18170.5835,18177.028
2024-03-21 02:15:00+00:00,18176.616499999996,18180.0835,18176.05,18179.089
2024-03-21 02:20:00+00:00,18178.622,18184.622,18178.1165,18184.6
2024-03-21 02:25:00+00:00,18184.1555,18184.65,18182.089,18183.0945
2024-03-21 02:30:00+00:00,18183.5445,18189.5945,18183.5445,18188.161
2024-03-21 02:35:00+00:00,18188.672,18193.1,18188.672,18190.105499999998
2024-03-21 02:40:00+00:00,18190.605499999998,18192.6165,18190.039,18190.110999999997
2024-03-21 02:45:00+00:00,18189.672,18190.1555,18184.039,18189.0835
2024-03-21 02:50:00+00:00,18189.5945,18192.616499999996,18189.15,18192.0945
2024-03-21 02:55:00+00:00,18192.589,18192.6665,18186.1,18188.0945
2024-03-21 03:00:00+00:00,18187.5945,18189.6,18184.1,18186.0945
2024-03-21 03:05:00+00:00,18186.65,18187.122,18184.05,18187.039
2024-03-21 03:10:00+00:00,18187.5835,18192.078,18187.0445,18187.539
2024-03-21 03:15:00+00:00,18188.089,18188.110999999997,18185.110999999997,18188.110999999997
2024-03-21 03:20:00+00:00,18187.6,18192.528,18187.0835,18191.578
2024-03-21 03:25:00+00:00,18191.122,18191.122,18185.6,18190.0835
2024-03-21 03:30:00+00:00,18189.589,18194.610999999997,18187.672,18194.105499999998
2024-03-21 03:35:00+00:00,18195.1165,18195.1165,18190.0945,18190.0945
2024-03-21 03:40:00+00:00,18189.55,18191.1555,18188.0945,18190.116499999996
2024-03-21 03:45:00+00:00,18190.539,18195.1,18190.0445,18194.610999999997
2024-03-21 03:50:00+00:00,18195.1165,18195.65,18193.105499999998,18193.105499999998
2024-03-21 03:55:00+00:00,18195.116499999996,18198.589,18190.589,18193.089
2024-03-21 04:00:00+00:00,18193.616499999996,18198.0335,18192.661,18193.6665
2024-03-21 04:05:00+00:00,18195.0445,18196.0945,18192.528,18195.105499999998
2024-03-21 04:10:00+00:00,18195.5945,18198.0835,18193.6,18196.110999999997
2024-03-21 04:15:00+00:00,18195.65,18195.65,18193.5945,18195.1165
2024-03-21 04:20:00+00:00,18194.605499999998,18195.110999999997,18191.1,18192.105499999998
2024-03-21 04:25:00+00:00,18193.0835,18194.05,18190.5835,18194.05
2024-03-21 04:30:00+00:00,18193.610999999997,18204.1,18192.110999999997,18202.105499999998
2024-03-21 04:35:00+00:00,18202.605499999998,18204.1,18197.0945,18197.1
2024-03-21 04:40:00+00:00,18198.089,18201.15,18198.089,18201.15
2024-03-21 04:45:00+00:00,18202.0945,18203.528,18200.0945,18200.605499999998
2024-03-21 04:50:00+00:00,18201.078,18201.6,18199.1,18199.6
2024-03-21 04:55:00+00:00,18200.1,18201.65,18199.089,18200.105499999998
2024-03-21 05:00:00+00:00,18199.1,18200.1555,18197.5835,18199.1555
2024-03-21 05:05:00+00:00,18199.6,18200.110999999997,18197.616499999996,18200.110999999997
2024-03-21 05:10:00+00:00,18199.55,18201.122,18196.5445,18201.122
2024-03-21 05:15:00+00:00,18200.589,18202.110999999997,18197.616499999996,18201.105499999998
2024-03-21 05:20:00+00:00,18200.65,18202.105499999998,18199.089,18201.661
2024-03-21 05:25:00+00:00,18201.0945,18202.116499999996,18198.0945,18199.110999999997
2024-03-21 05:30:00+00:00,18198.589,18205.1555,18198.589,18203.105499999998
2024-03-21 05:35:00+00:00,18203.6,18207.1,18203.1,18206.1555
2024-03-21 05:40:00+00:00,18205.089,18207.172,18205.089,18206.105499999998
2024-03-21 05:45:00+00:00,18205.610999999997,18207.1555,18197.089,18198.1
2024-03-21 05:50:00+00:00,18197.5445,18202.1,18197.5445,18200.5335
2024-03-21 05:55:00+00:00,18200.0945,18204.1665,18199.0445,18201.5945
2024-03-21 06:00:00+00:00,18201.36,18206.110999999997,18198.55,18199.0945
2024-03-21 06:05:00+00:00,18198.589,18206.0945,18198.0335,18205.6
2024-03-21 06:10:00+00:00,18205.110999999997,18206.672,18202.605499999998,18205.5945
2024-03-21 06:15:00+00:00,18205.0945,18206.5445,18204.1,18204.1
2024-03-21 06:20:00+00:00,18204.610999999997,18204.610999999997,18200.6,18201.578
2024-03-21 06:25:00+00:00,18201.161,18204.610999999997,18201.028,18204.528
2024-03-21 06:30:00+00:00,18204.15,18205.1,18200.110999999997,18204.1
2024-03-21 06:35:00+00:00,18205.6,18205.65,18197.589,18199.1
2024-03-21 06:40:00+00:00,18198.161,18200.1665,18197.1,18198.110999999997
2024-03-21 06:45:00+00:00,18197.55,18202.0945,18196.6,18202.0945
2024-03-21 06:50:00+00:00,18201.1165,18201.1165,18197.0835,18199.578
2024-03-21 06:55:00+00:00,18199.1665,18199.6165,18194.605499999998,18196.605499999998
2024-03-21 07:00:00+00:00,18196.338,18208.610999999997,18189.0945,18205.089
2024-03-21 07:05:00+00:00,18204.105499999998,18206.116499999996,18196.0945,18196.1665
2024-03-21 07:10:00+00:00,18196.578,18198.0945,18184.0445,18186.605499999998
2024-03-21 07:15:00+00:00,18185.6,18198.578,18181.610999999997,18193.105499999998
2024-03-21 07:20:00+00:00,18192.110999999997,18204.672,18191.610999999997,18203.15
2024-03-21 07:25:00+00:00,18203.6665,18207.661,18200.5835,18202.1
2024-03-21 07:30:00+00:00,18201.6555,18202.610999999997,18188.078,18191.589
2024-03-21 07:35:00+00:00,18192.122,18194.6665,18187.1555,18191.105499999998
2024-03-21 07:40:00+00:00,18190.610999999997,18201.1555,18190.5835,18201.116499999996
2024-03-21 07:45:00+00:00,18200.610999999997,18203.0835,18197.110999999997,18202.172
2024-03-21 07:50:00+00:00,18200.15,18203.610999999997,18197.616499999996,18199.1
2024-03-21 07:55:00+00:00,18198.65,18201.5835,18185.605499999998,18189.0945
2024-03-21 08:00:00+00:00,18188.311999999998,18188.311999999998,18162.589,18170.610999999997
2024-03-21 08:05:00+00:00,18171.089,18178.6555,18163.616499999996,18174.161
2024-03-21 08:10:00+00:00,18174.6555,18176.605499999998,18161.6,18174.089
2024-03-21 08:15:00+00:00,18177.0945,18182.0945,18155.1,18163.0335
2024-03-21 08:20:00+00:00,18162.55,18163.122,18145.5335,18146.6665
2024-03-21 08:25:00+00:00,18146.028,18156.6,18145.616499999996,18155.5945
2024-03-21 08:30:00+00:00,18154.6,18166.0835,18140.6555,18149.6
2024-03-21 08:35:00+00:00,18150.1,18161.605499999998,18149.5835,18154.528
2024-03-21 08:40:00+00:00,18153.610999999997,18162.610999999997,18148.0445,18155.110999999997
2024-03-21 08:45:00+00:00,18154.6,18165.6,18151.5335,18165.6
2024-03-21 08:50:00+00:00,18165.0445,18170.6665,18161.1,18164.589
2024-03-21 08:55:00+00:00,18165.6,18166.610999999997,18153.6,18156.6
2024-03-21 09:00:00+00:00,18155.605499999998,18156.589,18138.5835,18138.5835
2024-03-21 09:05:00+00:00,18139.15,18139.15,18117.605499999998,18121.5835
2024-03-21 09:10:00+00:00,18120.801,18123.0445,18111.1,18112.578
2024-03-21 09:15:00+00:00,18111.5945,18119.6665,18108.528,18119.6665
2024-03-21 09:20:00+00:00,18120.1165,18124.6,18114.172,18115.65
2024-03-21 09:25:00+00:00,18115.028,18117.6555,18109.105499999998,18111.110999999997
2024-03-21 09:30:00+00:00,18110.345,18110.6,18097.5945,18099.5445
2024-03-21 09:35:00+00:00,18100.5445,18111.661,18097.55,18108.5945
2024-03-21 09:40:00+00:00,18109.05,18121.528,18106.605499999998,18113.65
2024-03-21 09:45:00+00:00,18114.6165,18118.5835,18105.605499999998,18105.605499999998
2024-03-21 09:50:00+00:00,18106.622,18111.110999999997,18101.6,18105.6
2024-03-21 09:55:00+00:00,18105.0945,18105.0945,18096.528,18098.0945
2024-03-21 10:00:00+00:00,18098.5945,18102.605499999998,18081.605499999998,18083.116499999996
2024-03-21 10:05:00+00:00,18083.610999999997,18085.6,18074.65,18082.65
2024-03-21 10:10:00+00:00,18081.6555,18085.672,18075.5335,18079.528
2024-03-21 10:15:00+00:00,18078.605499999998,18081.6,18073.5945,18078.661
2024-03-21 10:20:00+00:00,18077.622,18080.661,18073.589,18079.05
2024-03-21 10:25:00+00:00,18079.6,18083.65,18077.105499999998,18082.589
2024-03-21 10:30:00+00:00,18083.05,18085.589,18077.039,18083.65
2024-03-21 10:35:00+00:00,18083.0835,18083.605499999998,18060.65,18063.039
2024-03-21 10:40:00+00:00,18062.589,18065.610999999997,18057.0945,18060.622
2024-03-21 10:45:00+00:00,18060.172,18065.5945,18054.5945,18056.616499999996
2024-03-21 10:50:00+00:00,18056.105499999998,18058.605499999998,18052.6,18054.5835
2024-03-21 10:55:00+00:00,18055.610999999997,18065.172,18054.5945,18063.5445
2024-03-21 11:00:00+00:00,18062.610999999997,18068.552000000003,18056.605499999998,18067.5945
2024-03-21 11:05:00+00:00,18066.5945,18080.610999999997,18066.528,18080.161
2024-03-21 11:10:00+00:00,18079.589,18085.610999999997,18076.172,18081.610999999997
2024-03-21 11:15:00+00:00,18080.589,18092.6555,18079.1555,18089.55
2024-03-21 11:20:00+00:00,18090.0945,18092.610999999997,18080.589,18082.6
2024-03-21 11:25:00+00:00,18083.605499999998,18086.6,18077.0835,18077.610999999997
2024-03-21 11:30:00+00:00,18077.0835,18086.039,18076.1,18082.5445
2024-03-21 11:35:00+00:00,18083.105499999998,18085.6,18078.1,18084.5945
2024-03-21 11:40:00+00:00,18084.897,18096.5335,18084.897,18089.589
2024-03-21 11:45:00+00:00,18090.610999999997,18097.610999999997,18090.5445,18096.116499999996
2024-03-21 11:50:00+00:00,18095.589,18096.105499999998,18088.110999999997,18089.616499999996
2024-03-21 11:55:00+00:00,18090.605499999998,18098.110999999997,18089.110999999997,18097.1555
2024-03-21 12:00:00+00:00,18098.078,18103.5945,18096.5945,18100.539
2024-03-21 12:05:00+00:00,18099.6,18102.6665,18090.5445,18095.65
2024-03-21 12:10:00+00:00,18096.089,18097.161,18091.55,18095.610999999997
2024-03-21 12:15:00+00:00,18096.539,18096.605499999998,18082.589,18082.6
2024-03-21 12:20:00+00:00,18081.6,18081.610999999997,18071.528,18080.605499999998
2024-03-21 12:25:00+00:00,18080.05,18084.610999999997,18077.539,18084.110999999997
2024-03-21 12:30:00+00:00,18084.589,18085.105499999998,18076.605499999998,18081.0335
2024-03-21 12:35:00+00:00,18082.1,18082.116499999996,18067.5945,18071.6665
2024-03-21 12:40:00+00:00,18071.1165,18076.616499999996,18065.528,18071.55
2024-03-21 12:45:00+00:00,18073.5945,18081.672,18071.5445,18079.605499999998
2024-03-21 12:50:00+00:00,18078.6,18085.672,18078.589,18079.5335
2024-03-21 12:55:00+00:00,18080.1,18084.172,18075.5835,18076.15
2024-03-21 13:00:00+00:00,18075.55,18076.5835,18066.5335,18067.5445
2024-03-21 13:05:00+00:00,18069.5445,18072.605499999998,18067.6,18069.5945
2024-03-21 13:10:00+00:00,18068.5945,18073.1665,18065.605499999998,18070.605499999998
2024-03-21 13:15:00+00:00,18068.589,18082.0945,18068.589,18081.6165
2024-03-21 13:20:00+00:00,18082.1,18091.605499999998,18078.5335,18079.672
2024-03-21 13:25:00+00:00,18079.605499999998,18083.6,18074.55,18074.589
2024-03-21 13:30:00+00:00,18075.65,18094.610999999997,18075.65,18094.6
2024-03-21 13:35:00+00:00,18096.528,18105.5835,18096.0945,18101.539
2024-03-21 13:40:00+00:00,18102.610999999997,18113.616499999996,18102.528,18107.105499999998
2024-03-21 13:45:00+00:00,18106.311999999998,18112.05,18083.5335,18086.578
2024-03-21 13:50:00+00:00,18088.1,18104.6,18086.6665,18102.5835
2024-03-21 13:55:00+00:00,18103.605499999998,18104.622,18094.589,18100.1
2024-03-21 14:00:00+00:00,18100.0945,18101.610999999997,18086.5945,18090.5835
2024-03-21 14:05:00+00:00,18091.610999999997,18105.539,18091.1,18100.6
2024-03-21 14:10:00+00:00,18100.1,18101.5945,18089.65,18095.661
2024-03-21 14:15:00+00:00,18096.6,18104.6165,18096.039,18102.6
2024-03-21 14:20:00+00:00,18103.05,18114.672,18102.589,18104.589
2024-03-21 14:25:00+00:00,18105.172,18116.672,18105.172,18116.05
2024-03-21 14:30:00+00:00,18116.5945,18126.528,18106.5945,18118.028
2024-03-21 14:35:00+00:00,18118.5835,18127.578,18116.0945,18124.6
2024-03-21 14:40:00+00:00,18124.301,18142.589,18123.5445,18135.5945
2024-03-21 14:45:00+00:00,18136.05,18146.089,18133.55,18144.6665
2024-03-21 14:50:00+00:00,18143.622,18152.672,18143.589,18151.0335
2024-03-21 14:55:00+00:00,18150.605499999998,18156.661,18145.528,18148.6
2024-03-21 15:00:00+00:00,18147.589,18153.65,18141.589,18143.5945
2024-03-21 15:05:00+00:00,18144.55,18156.105499999998,18141.589,18151.610999999997
2024-03-21 15:10:00+00:00,18152.397,18162.6555,18152.397,18161.6165
2024-03-21 15:15:00+00:00,18162.6,18163.65,18152.5335,18156.6555
2024-03-21 15:20:00+00:00,18157.1,18160.6165,18153.110999999997,18153.589
2024-03-21 15:25:00+00:00,18152.5945,18154.5835,18144.589,18147.605499999998
2024-03-21 15:30:00+00:00,18148.6,18162.610999999997,18145.589,18160.6
2024-03-21 15:35:00+00:00,18159.589,18169.610999999997,18157.5835,18168.589
2024-03-21 15:40:00+00:00,18169.605499999998,18174.5945,18167.610999999997,18170.6
2024-03-21 15:45:00+00:00,18170.1,18171.610999999997,18163.589,18165.105499999998
2024-03-21 15:50:00+00:00,18164.672,18174.610999999997,18164.672,18172.6555
2024-03-21 15:55:00+00:00,18172.0835,18179.672,18170.616499999996,18173.6
2024-03-21 16:00:00+00:00,18173.05,18173.05,18167.589,18168.483500000002
2024-03-21 16:05:00+00:00,18169.297,18170.572,18161.5,18163.483500000002
2024-03-21 16:10:00+00:00,18164.0,18169.511,18160.4445,18168.9945
2024-03-21 16:15:00+00:00,18169.483500000002,18174.511,18168.439000000002,18170.5
2024-03-21 16:20:00+00:00,18170.9945,18174.560999999998,18170.0555,18172.483500000002
2024-03-21 16:25:00+00:00,18173.4835,18176.572,18172.4945,18176.5
2024-03-21 16:30:00+00:00,18175.4945,18178.522,18168.489,18173.511
2024-03-21 16:35:00+00:00,18174.478,18175.5,18166.4945,18171.489
2024-03-21 16:40:00+00:00,18171.9945,18177.0,18169.5055,18171.489
2024-03-21 16:45:00+00:00,18170.4945,18177.55,18170.4945,18176.439000000002
2024-03-21 16:50:00+00:00,18175.560999999998,18177.55,18175.45,18176.5055
2024-03-21 16:55:00+00:00,18176.0,18177.478,18174.4835,18174.928
2024-03-21 17:00:00+00:00,18174.4445,18175.560999999998,18165.433500000003,18170.5
2024-03-21 17:05:00+00:00,18169.983500000002,18174.511,18168.989,18173.4945
2024-03-21 17:10:00+00:00,18174.022,18184.4445,18173.5,18181.511
2024-03-21 17:15:00+00:00,18180.572,18181.489,18175.478,18176.5
2024-03-21 17:20:00+00:00,18177.5,18177.933500000003,18169.55,18169.55
2024-03-21 17:25:00+00:00,18169.95,18176.433500000003,18169.95,18173.566499999997
2024-03-21 17:30:00+00:00,18172.478,18174.0,18169.5,18169.5
2024-03-21 17:35:00+00:00,18168.45,18173.5555,18168.45,18173.4835
2024-03-21 17:40:00+00:00,18174.572,18179.560999999998,18172.433500000003,18179.4945
2024-03-21 17:45:00+00:00,18179.0055,18179.072,18168.489,18172.0055
2024-03-21 17:50:00+00:00,18172.511,18175.478,18169.483500000002,18170.0055
2024-03-21 17:55:00+00:00,18170.5055,18171.511,18165.45,18167.0165
2024-03-21 18:00:00+00:00,18166.5055,18169.9445,18163.489,18167.511
2024-03-21 18:05:00+00:00,18168.5,18170.5,18160.5055,18160.5055
2024-03-21 18:10:00+00:00,18159.928,18168.5165,18159.5,18165.5055
2024-03-21 18:15:00+00:00,18166.016499999998,18169.511,18164.439000000002,18169.45
2024-03-21 18:20:00+00:00,18170.0055,18175.511,18168.4945,18171.0055
2024-03-21 18:25:00+00:00,18171.45,18178.011,18171.022,18175.489
2024-03-21 18:30:00+00:00,18174.95,18175.511,18169.5,18169.989
2024-03-21 18:35:00+00:00,18169.478,18169.5055,18157.439000000002,18159.5
2024-03-21 18:40:00+00:00,18158.489,18166.55,18156.4945,18165.478
2024-03-21 18:45:00+00:00,18165.9945,18171.011,18165.4945,18167.0
2024-03-21 18:50:00+00:00,18166.4945,18170.572,18166.4945,18167.5555
2024-03-21 18:55:00+00:00,18166.5555,18167.5555,18161.433500000003,18166.566499999997
2024-03-21 19:00:00+00:00,18166.983500000002,18169.011,18164.9945,18167.0055
2024-03-21 19:05:00+00:00,18166.5555,18171.511,18166.478,18170.5055
2024-03-21 19:10:00+00:00,18170.072,18172.572,18167.511,18167.511
2024-03-21 19:15:00+00:00,18167.989,18174.566499999997,18167.989,18173.5165
2024-03-21 19:20:00+00:00,18173.060999999998,18173.516499999998,18165.489,18168.5
2024-03-21 19:25:00+00:00,18168.989,18171.572,18168.433500000003,18170.5055
2024-03-21 19:30:00+00:00,18171.016499999998,18176.572,18170.478,18170.511
2024-03-21 19:35:00+00:00,18170.0055,18171.516499999998,18167.016499999998,18168.566499999997
2024-03-21 19:40:00+00:00,18169.011,18174.478,18167.928,18174.478
2024-03-21 19:45:00+00:00,18173.4945,18177.5555,18169.989,18173.066499999997
2024-03-21 19:50:00+00:00,18173.433500000003,18173.511,18167.4445,18168.5555
2024-03-21 19:55:00+00:00,18169.5055,18170.5055,18163.428,18165.489
2024-03-21 20:00:00+00:00,18166.0,18172.5,18165.4445,18169.0055
2024-03-21 20:05:00+00:00,18168.45,18169.4835,18166.9945,18168.511
2024-03-21 20:10:00+00:00,18167.5055,18168.9835,18166.978,18167.489
2024-03-21 20:15:00+00:00,18168.516499999998,18172.0165,18167.439000000002,18171.560999999998
2024-03-21 20:20:00+00:00,18170.5555,18172.478,18170.5,18172.478
2024-03-21 20:25:00+00:00,18172.0555,18172.0555,18169.5055,18170.022
2024-03-21 20:30:00+00:00,18170.428,18170.560999999998,18167.933500000003,18168.55
2024-03-21 20:35:00+00:00,18169.55,18169.55,18166.489,18168.5055
2024-03-21 20:40:00+00:00,18168.933500000003,18169.572,18167.489,18167.489
2024-03-21 20:45:00+00:00,18167.0055,18167.566499999997,18165.428,18165.55
2024-03-21 20:50:00+00:00,18166.0055,18166.489,18163.428,18165.0555
2024-03-21 20:55:00+00:00,18164.5,18167.489,18163.428,18166.4945
2024-03-21 21:00:00+00:00,18165.5,18165.5,18165.5,18165.5
2024-03-21 23:00:00+00:00,18168.389000000003,18169.372,18166.605499999998,18168.4
2024-03-21 23:05:00+00:00,18168.0,18170.1165,18167.511,18169.289
2024-03-21 23:10:00+00:00,18168.422,18170.172,18166.610999999997,18169.322
2024-03-21 23:15:00+00:00,18168.75,18169.3,18164.0055,18164.828
2024-03-21 23:20:00+00:00,18165.3655,18168.4055,18164.9555,18166.605499999998
2024-03-21 23:25:00+00:00,18167.511,18169.310999999998,18167.172,18168.328
2024-03-21 23:30:00+00:00,18168.8,18170.0945,18167.489,18170.0835
2024-03-21 23:35:00+00:00,18171.0165,18171.95,18169.2945,18170.1
2024-03-21 23:40:00+00:00,18171.0,18171.894500000002,18169.25,18171.0055
2024-03-21 23:45:00+00:00,18171.839,18172.75,18170.0445,18171.961
2024-03-21 23:50:00+00:00,18170.9945,18173.610999999997,18170.9945,18172.678
2024-03-21 23:55:00+00:00,18173.589,18173.610999999997,18171.961,18171.961
2024-03-22 00:00:00+00:00,18171.0,18175.2445,18171.0,18173.978
2024-03-22 00:05:00+00:00,18173.610999999997,18175.2835,18170.028,18170.0445
2024-03-22 00:10:00+00:00,18171.0555,18172.711,18169.278,18171.8445
2024-03-22 00:15:00+00:00,18168.4445,18170.9445,18160.4835,18167.016499999998
2024-03-22 00:20:00+00:00,18167.011,18171.439000000002,18161.989,18170.9445
2024-03-22 00:25:00+00:00,18172.516499999998,18173.0,18170.5055,18171.0055
2024-03-22 00:30:00+00:00,18169.989,18177.4835,18169.989,18171.0055
2024-03-22 00:35:00+00:00,18171.516499999998,18171.516499999998,18169.4445,18169.4445
2024-03-22 00:40:00+00:00,18170.0165,18171.011,18166.511,18167.989
2024-03-22 00:45:00+00:00,18167.0,18170.0,18166.433500000003,18169.989
2024-03-22 00:50:00+00:00,18171.572,18172.560999999998,18170.928,18171.572
2024-03-22 00:55:00+00:00,18173.022,18181.428,18172.428,18181.428
2024-03-22 01:00:00+00:00,18180.5,18180.560999999998,18174.511,18177.511
2024-03-22 01:05:00+00:00,18179.011,18183.433500000003,18179.011,18183.433500000003
2024-03-22 01:10:00+00:00,18183.978,18184.05,18180.933500000003,18182.5555
2024-03-22 01:15:00+00:00,18181.572,18183.9445,18180.5165,18181.45
2024-03-22 01:20:00+00:00,18181.0,18181.522,18180.5055,18181.45
2024-03-22 01:25:00+00:00,18181.9445,18183.489,18181.489,18181.989
2024-03-22 01:30:00+00:00,18181.45,18187.060999999998,18181.4445,18186.489
2024-03-22 01:35:00+00:00,18185.433500000003,18185.433500000003,18172.5,18173.022
2024-03-22 01:40:00+00:00,18172.439000000002,18177.489,18170.939000000002,18176.0055
2024-03-22 01:45:00+00:00,18175.478,18181.066499999997,18170.933500000003,18171.5055
2024-03-22 01:50:00+00:00,18169.4945,18172.978,18169.4945,18171.4945
2024-03-22 01:55:00+00:00,18172.022,18172.022,18163.5,18164.5055
2024-03-22 02:00:00+00:00,18165.0,18169.522,18165.0,18167.433500000003
2024-03-22 02:05:00+00:00,18166.939000000002,18169.5555,18165.9945,18168.066499999997
2024-03-22 02:10:00+00:00,18168.4945,18172.05,18166.4945,18166.5165
2024-03-22 02:15:00+00:00,18166.0055,18168.566499999997,18164.060999999998,18166.4945
2024-03-22 02:20:00+00:00,18165.933500000003,18170.0555,18164.9445,18168.989
2024-03-22 02:25:00+00:00,18169.5,18170.5055,18166.939000000002,18167.489
2024-03-22 02:30:00+00:00,18166.439000000002,18167.0,18161.478,18161.478
2024-03-22 02:35:00+00:00,18161.0,18161.0,18152.0,18152.489
2024-03-22 02:40:00+00:00,18151.95,18154.5055,18148.511,18153.572
2024-03-22 02:45:00+00:00,18153.011,18154.5,18149.933500000003,18152.489
2024-03-22 02:50:00+00:00,18152.9445,18153.5055,18149.9445,18150.4945
2024-03-22 02:55:00+00:00,18150.9945,18152.489,18146.489,18147.511
2024-03-22 03:00:00+00:00,18146.9835,18149.522,18146.933500000003,18148.5055
2024-03-22 03:05:00+00:00,18149.0055,18149.55,18147.95,18148.0055
2024-03-22 03:10:00+00:00,18148.4445,18148.4445,18141.5055,18141.5055
2024-03-22 03:15:00+00:00,18142.016499999998,18147.439000000002,18142.016499999998,18145.0165
2024-03-22 03:20:00+00:00,18145.5,18147.560999999998,18144.9945,18146.5
2024-03-22 03:25:00+00:00,18146.060999999998,18148.072,18145.022,18147.4445
2024-03-22 03:30:00+00:00,18146.928,18149.572,18142.439000000002,18143.0555
2024-03-22 03:35:00+00:00,18143.4445,18150.5165,18143.4445,18145.511
2024-03-22 03:40:00+00:00,18146.011,18153.066499999997,18144.933500000003,18152.55
2024-03-22 03:45:00+00:00,18152.0,18153.4945,18148.011,18148.011
2024-03-22 03:50:00+00:00,18149.011,18150.5,18147.9945,18147.9945
2024-03-22 03:55:00+00:00,18148.5,18148.511,18147.566499999997,18148.511
2024-03-22 04:00:00+00:00,18149.0,18152.516499999998,18148.511,18152.05
2024-03-22 04:05:00+00:00,18152.478,18158.0055,18151.5055,18158.0055
2024-03-22 04:10:00+00:00,18159.0,18168.5055,18159.0,18165.5
2024-03-22 04:15:00+00:00,18165.939000000002,18166.572,18162.933500000003,18164.5055
2024-03-22 04:20:00+00:00,18163.983500000002,18169.011,18163.5,18168.489
2024-03-22 04:25:00+00:00,18167.483500000002,18169.45,18165.011,18165.511
2024-03-22 04:30:00+00:00,18164.4445,18166.072,18163.5,18165.45
2024-03-22 04:35:00+00:00,18165.9945,18168.066499999997,18163.489,18164.489
2024-03-22 04:40:00+00:00,18162.428,18163.4945,18160.45,18162.433500000003
2024-03-22 04:45:00+00:00,18163.066499999997,18164.5165,18161.489,18162.572
2024-03-22 04:50:00+00:00,18162.978,18165.566499999997,18162.45,18163.489
2024-03-22 04:55:00+00:00,18163.072,18163.522,18159.5055,18160.5
2024-03-22 05:00:00+00:00,18161.0,18162.560999999998,18158.489,18162.428
2024-03-22 05:05:00+00:00,18161.9945,18164.566499999997,18160.5,18160.9945
2024-03-22 05:10:00+00:00,18162.0,18164.011,18160.4835,18162.489
2024-03-22 05:15:00+00:00,18162.0,18166.511,18160.45,18164.5055
2024-03-22 05:20:00+00:00,18163.9945,18166.060999999998,18160.5,18161.5055
2024-03-22 05:25:00+00:00,18161.9445,18162.978,18159.978,18161.5
2024-03-22 05:30:00+00:00,18162.060999999998,18163.989,18158.072,18158.511
2024-03-22 05:35:00+00:00,18159.0,18159.5,18152.4945,18157.433500000003
2024-03-22 05:40:00+00:00,18158.0,18160.511,18158.0,18159.489
2024-03-22 05:45:00+00:00,18159.011,18163.0055,18158.45,18162.489
2024-03-22 05:50:00+00:00,18162.072,18162.072,18160.433500000003,18160.566499999997
2024-03-22 05:55:00+00:00,18160.933500000003,18162.566499999997,18157.95,18158.933500000003
2024-03-22 06:00:00+00:00,18158.5055,18160.983500000002,18155.983500000002,18158.5555
2024-03-22 06:05:00+00:00,18159.0055,18162.516499999998,18158.5055,18159.4945
2024-03-22 06:10:00+00:00,18160.05,18168.0,18159.489,18166.4835
2024-03-22 06:15:00+00:00,18167.4945,18167.9945,18165.5,18166.5055
2024-03-22 06:20:00+00:00,18165.489,18165.516499999998,18162.9945,18165.05
2024-03-22 06:25:00+00:00,18164.5055,18167.566499999997,18160.5,18161.45
2024-03-22 06:30:00+00:00,18162.05,18162.939000000002,18156.0,18156.0
2024-03-22 06:35:00+00:00,18156.5,18159.433500000003,18153.489,18156.939000000002
2024-03-22 06:40:00+00:00,18157.55,18157.55,18154.5165,18154.5165
2024-03-22 06:45:00+00:00,18153.9945,18158.522,18153.5,18158.483500000002
2024-03-22 06:50:00+00:00,18158.011,18158.011,18153.989,18156.0
2024-03-22 06:55:00+00:00,18155.439000000002,18159.5,18153.478,18154.45
2024-03-22 07:00:00+00:00,18155.560999999998,18158.560999999998,18141.0,18142.5
2024-03-22 07:05:00+00:00,18143.4945,18147.011,18141.5,18143.5
2024-03-22 07:10:00+00:00,18144.572,18146.560999999998,18141.9945,18146.4945
2024-03-22 07:15:00+00:00,18145.9945,18148.522,18138.072,18143.5055
2024-03-22 07:20:00+00:00,18143.060999999998,18145.5055,18136.060999999998,18139.489
2024-03-22 07:25:00+00:00,18139.0055,18140.5055,18136.0,18136.566499999997
2024-03-22 07:30:00+00:00,18136.011,18138.439000000002,18132.45,18135.4835
2024-03-22 07:35:00+00:00,18135.0,18143.0055,18134.428,18140.989
2024-03-22 07:40:00+00:00,18140.4945,18147.516499999998,18139.933500000003,18145.0
2024-03-22 07:45:00+00:00,18144.4445,18149.016499999998,18143.0055,18147.5165
2024-03-22 07:50:00+00:00,18146.933500000003,18148.4945,18145.489,18146.0
2024-03-22 07:55:00+00:00,18145.5555,18155.522,18142.9445,18152.0555
2024-03-22 08:00:00+00:00,18150.9945,18159.0,18141.0,18155.516499999998
2024-03-22 08:05:00+00:00,18157.5055,18170.0,18155.9445,18165.066499999997
2024-03-22 08:10:00+00:00,18164.5,18176.060999999998,18161.95,18174.5055
2024-03-22 08:15:00+00:00,18174.9945,18189.0165,18171.572,18188.0165
2024-03-22 08:20:00+00:00,18188.5055,18189.022,18178.95,18180.983500000002
2024-03-22 08:25:00+00:00,18181.5055,18182.0,18170.95,18174.0165
2024-03-22 08:30:00+00:00,18174.4945,18183.9945,18174.428,18181.978
2024-03-22 08:35:00+00:00,18182.433500000003,18192.9945,18179.0055,18188.0055
2024-03-22 08:40:00+00:00,18187.560999999998,18190.0055,18179.4945,18189.511
2024-03-22 08:45:00+00:00,18190.0,18192.0055,18185.933500000003,18185.933500000003
2024-03-22 08:50:00+00:00,18186.5,18190.060999999998,18179.9835,18186.989
2024-03-22 08:55:00+00:00,18186.0,18194.011,18185.011,18188.9945
2024-03-22 09:00:00+00:00,18188.5055,18199.989,18182.0555,18193.439000000002
2024-03-22 09:05:00+00:00,18192.989,18206.066499999997,18192.45,18201.983500000002
2024-03-22 09:10:00+00:00,18201.489,18208.0055,18198.0,18201.060999999998
2024-03-22 09:15:00+00:00,18201.572,18202.016499999998,18186.0165,18187.95
2024-03-22 09:20:00+00:00,18188.516499999998,18191.5055,18183.489,18190.016499999998
2024-03-22 09:25:00+00:00,18188.9445,18191.0,18181.933500000003,18183.5055
2024-03-22 09:30:00+00:00,18182.9445,18188.0055,18176.4945,18177.522
2024-03-22 09:35:00+00:00,18177.0,18180.566499999997,18173.5,18174.9945
2024-03-22 09:40:00+00:00,18174.5055,18182.55,18174.5055,18179.9945
2024-03-22 09:45:00+00:00,18180.428,18183.928,18172.9445,18177.5055
2024-03-22 09:50:00+00:00,18176.572,18188.4945,18176.572,18187.428
2024-03-22 09:55:00+00:00,18186.5055,18195.060999999998,18184.4445,18191.9945
2024-03-22 10:00:00+00:00,18192.483500000002,18199.5,18191.428,18196.489
2024-03-22 10:05:00+00:00,18197.5,18201.5,18193.439000000002,18195.478
2024-03-22 10:10:00+00:00,18196.4945,18200.5555,18192.939000000002,18194.428
2024-03-22 10:15:00+00:00,18194.9835,18200.566499999997,18194.511,18196.489
2024-03-22 10:20:00+00:00,18196.0555,18203.566499999997,18195.45,18202.5
2024-03-22 10:25:00+00:00,18203.072,18203.566499999997,18199.433500000003,18199.45
2024-03-22 10:30:00+00:00,18199.0,18200.0055,18193.989,18194.5055
2024-03-22 10:35:00+00:00,18194.939000000002,18200.566499999997,18193.978,18199.489
2024-03-22 10:40:00+00:00,18200.066499999997,18203.572,18198.928,18201.5055
2024-03-22 10:45:00+00:00,18201.011,18210.5,18198.45,18207.45
2024-03-22 10:50:00+00:00,18207.0,18207.5,18199.5055,18199.5555
2024-03-22 10:55:00+00:00,18199.05,18201.5,18189.5,18192.433500000003
2024-03-22 11:00:00+00:00,18192.072,18196.066499999997,18191.4835,18193.483500000002
2024-03-22 11:05:00+00:00,18193.060999999998,18202.011,18192.439000000002,18201.4945
2024-03-22 11:10:00+00:00,18202.0165,18207.522,18200.4445,18205.5055
2024-03-22 11:15:00+00:00,18205.0,18205.478,18197.511,18197.566499999997
2024-03-22 11:20:00+00:00,18197.0,18197.572,18189.478,18190.511
2024-03-22 11:25:00+00:00,18191.572,18193.572,18187.5,18189.9445
2024-03-22 11:30:00+00:00,18189.55,18194.566499999997,18188.45,18191.928
2024-03-22 11:35:00+00:00,18192.572,18195.011,18186.489,18186.5055
2024-03-22 11:40:00+00:00,18185.511,18186.4945,18178.55,18184.5
2024-03-22 11:45:00+00:00,18185.511,18185.511,18174.989,18175.0
2024-03-22 11:50:00+00:00,18174.428,18178.428,18169.483500000002,18174.0165
2024-03-22 11:55:00+00:00,18173.560999999998,18175.572,18167.0,18172.511
2024-03-22 12:00:00+00:00,18173.5555,18175.522,18163.516499999998,18165.5165
2024-03-22 12:05:00+00:00,18164.9945,18168.5055,18157.5055,18167.483500000002
2024-03-22 12:10:00+00:00,18168.560999999998,18172.572,18163.0,18165.5165
2024-03-22 12:15:00+00:00,18164.489,18177.516499999998,18164.489,18176.939000000002
2024-03-22 12:20:00+00:00,18176.511,18184.0,18175.5055,18182.933500000003
2024-03-22 12:25:00+00:00,18182.516499999998,18192.5,18181.55,18192.5
2024-03-22 12:30:00+00:00,18192.5,18198.5055,18189.511,18193.516499999998
2024-03-22 12:35:00+00:00,18193.9945,18204.5165,18191.5055,18202.439000000002
2024-03-22 12:40:00+00:00,18203.511,18208.55,18202.0,18205.489
2024-03-22 12:45:00+00:00,18204.5165,18204.572,18199.989,18203.428
2024-03-22 12:50:00+00:00,18202.483500000002,18211.978,18201.433500000003,18204.572
2024-03-22 12:55:00+00:00,18205.522,18209.5,18200.45,18208.989
2024-03-22 13:00:00+00:00,18209.4945,18217.572,18207.95,18214.5
2024-03-22 13:05:00+00:00,18215.489,18217.060999999998,18212.478,18213.0055
2024-03-22 13:10:00+00:00,18213.5,18217.5165,18205.55,18209.0165
2024-03-22 13:15:00+00:00,18209.522,18221.55,18207.5165,18219.489
2024-03-22 13:20:00+00:00,18220.489,18228.55,18213.433500000003,18217.489
2024-03-22 13:25:00+00:00,18218.522,18219.5,18211.011,18217.433500000003
2024-03-22 13:30:00+00:00,18218.0555,18218.5165,18205.0055,18206.5
2024-03-22 13:35:00+00:00,18205.5055,18215.5,18199.9835,18209.560999999998
2024-03-22 13:40:00+00:00,18208.4945,18215.489,18194.4835,18195.4945
2024-03-22 13:45:00+00:00,18196.4445,18203.072,18187.489,18189.060999999998
2024-03-22 13:50:00+00:00,18189.511,18207.55,18188.439000000002,18203.566499999997
2024-03-22 13:55:00+00:00,18204.011,18204.011,18186.4945,18187.55
2024-03-22 14:00:00+00:00,18188.0055,18194.566499999997,18182.483500000002,18187.0
2024-03-22 14:05:00+00:00,18186.4945,18197.511,18183.4835,18196.489
2024-03-22 14:10:00+00:00,18195.4945,18199.5055,18189.4945,18196.9945
2024-03-22 14:15:00+00:00,18197.55,18204.5165,18193.066499999997,18203.5055
2024-03-22 14:20:00+00:00,18204.0055,18205.989,18185.489,18187.060999999998
2024-03-22 14:25:00+00:00,18187.5165,18195.511,18181.55,18194.95
2024-03-22 14:30:00+00:00,18195.439000000002,18207.5055,18194.55,18196.011
2024-03-22 14:35:00+00:00,18196.489,18205.566499999997,18196.489,18201.45
2024-03-22 14:40:00+00:00,18200.9445,18204.516499999998,18195.4835,18201.4445
2024-03-22 14:45:00+00:00,18200.5055,18205.55,18196.4945,18197.5055
2024-03-22 14:50:00+00:00,18197.0165,18204.55,18195.989,18200.4945
2024-03-22 14:55:00+00:00,18201.072,18203.560999999998,18198.5055,18201.489
2024-03-22 15:00:00+00:00,18202.5165,18214.511,18202.428,18212.4445
2024-03-22 15:05:00+00:00,18211.745000000003,18223.428,18211.428,18219.5
2024-03-22 15:10:00+00:00,18220.0555,18223.566499999997,18217.4445,18218.489
2024-03-22 15:15:00+00:00,18219.066499999997,18220.45,18209.9835,18213.522
2024-03-22 15:20:00+00:00,18213.0055,18213.5555,18207.0,18207.45
2024-03-22 15:25:00+00:00,18208.066499999997,18212.566499999997,18206.433500000003,18212.4445
2024-03-22 15:30:00+00:00,18213.5,18219.572,18211.4835,18218.5
2024-03-22 15:35:00+00:00,18218.0055,18220.489,18208.511,18211.511
2024-03-22 15:40:00+00:00,18212.066499999997,18212.572,18204.433500000003,18205.566499999997
2024-03-22 15:45:00+00:00,18206.522,18214.5555,18204.5,18213.511
2024-03-22 15:50:00+00:00,18214.489,18219.560999999998,18212.5055,18216.5165
2024-03-22 15:55:00+00:00,18215.4835,18218.5555,18209.55,18215.5
2024-03-22 16:00:00+00:00,18216.439000000002,18218.55,18213.45,18214.4445
2024-03-22 16:05:00+00:00,18215.0,18220.5,18215.0,18216.439000000002
2024-03-22 16:10:00+00:00,18217.0,18226.072,18216.0,18222.4945
2024-03-22 16:15:00+00:00,18222.0,18223.0055,18212.5,18215.5
2024-03-22 16:20:00+00:00,18214.489,18216.566499999997,18211.4945,18216.5
2024-03-22 16:25:00+00:00,18215.5,18218.572,18213.478,18215.511
2024-03-22 16:30:00+00:00,18216.212,18218.511,18205.522,18208.4945
2024-03-22 16:35:00+00:00,18208.0,18213.572,18206.5,18212.5
2024-03-22 16:40:00+00:00,18213.4945,18219.5,18213.4945,18218.5
2024-03-22 16:45:00+00:00,18218.9945,18225.511,18218.45,18224.489
2024-03-22 16:50:00+00:00,18222.5555,18230.560999999998,18221.4945,18228.5
2024-03-22 16:55:00+00:00,18229.5165,18230.511,18226.0,18226.5555
2024-03-22 17:00:00+00:00,18226.9445,18231.566499999997,18226.489,18231.566499999997
2024-03-22 17:05:00+00:00,18232.4445,18236.572,18231.4445,18233.511
2024-03-22 17:10:00+00:00,18233.928,18235.5055,18229.4945,18229.9945
2024-03-22 17:15:00+00:00,18229.5555,18232.4945,18228.5055,18229.4445
2024-03-22 17:20:00+00:00,18229.011,18235.060999999998,18226.4445,18234.439000000002
2024-03-22 17:25:00+00:00,18235.0,18239.5055,18234.4445,18235.45
2024-03-22 17:30:00+00:00,18234.978,18239.5,18234.928,18237.011
2024-03-22 17:35:00+00:00,18237.5,18239.55,18233.428,18236.5055
2024-03-22 17:40:00+00:00,18236.0055,18237.560999999998,18234.489,18237.489
2024-03-22 17:45:00+00:00,18238.5055,18243.483500000002,18237.45,18242.5165
2024-03-22 17:50:00+00:00,18243.0,18252.5,18243.0,18250.5055
2024-03-22 17:55:00+00:00,18250.011,18253.560999999998,18249.5,18253.0
2024-03-22 18:00:00+00:00,18252.749,18258.5055,18250.4945,18258.45
2024-03-22 18:05:00+00:00,18259.439000000002,18259.439000000002,18253.4835,18257.0
2024-03-22 18:10:00+00:00,18257.4445,18258.572,18249.9445,18250.4835
2024-03-22 18:15:00+00:00,18250.060999999998,18250.572,18243.989,18244.989
2024-03-22 18:20:00+00:00,18244.489,18246.5055,18238.433500000003,18245.0055
2024-03-22 18:25:00+00:00,18245.5,18255.5,18244.928,18252.478
2024-03-22 18:30:00+00:00,18251.433500000003,18251.433500000003,18243.489,18246.511
2024-03-22 18:35:00+00:00,18247.489,18250.560999999998,18247.433500000003,18249.989
2024-03-22 18:40:00+00:00,18249.4945,18250.5555,18244.5055,18245.566499999997
2024-03-22 18:45:00+00:00,18246.011,18248.4945,18240.4945,18241.4945
2024-03-22 18:50:00+00:00,18242.066499999997,18244.516499999998,18239.5,18243.0
2024-03-22 18:55:00+00:00,18242.688000000002,18249.572,18242.4835,18247.511
2024-03-22 19:00:00+00:00,18247.0,18248.5,18244.5,18245.522
2024-03-22 19:05:00+00:00,18246.5,18247.5055,18241.0165,18244.4945
2024-03-22 19:10:00+00:00,18245.5055,18245.5055,18229.483500000002,18233.511
2024-03-22 19:15:00+00:00,18233.9945,18235.511,18226.5055,18231.511
2024-03-22 19:20:00+00:00,18232.522,18233.478,18229.433500000003,18230.511
2024-03-22 19:25:00+00:00,18230.0,18236.566499999997,18230.0,18236.4945
2024-03-22 19:30:00+00:00,18235.9835,18236.566499999997,18230.989,18233.05
2024-03-22 19:35:00+00:00,18233.5055,18237.560999999998,18232.5055,18235.5165
2024-03-22 19:40:00+00:00,18236.0165,18236.439000000002,18229.55,18235.489
2024-03-22 19:45:00+00:00,18233.928,18241.4945,18233.45,18238.5
2024-03-22 19:50:00+00:00,18239.0,18240.5,18233.511,18238.4445
2024-03-22 19:55:00+00:00,18237.939000000002,18239.5,18228.5,18228.5
2024-03-22 20:00:00+00:00,18228.989,18232.55,18227.439000000002,18229.433500000003
2024-03-22 20:05:00+00:00,18229.9945,18230.5165,18226.439000000002,18226.5055
2024-03-22 20:10:00+00:00,18227.0,18230.439000000002,18227.0,18229.511
2024-03-22 20:15:00+00:00,18229.072,18229.55,18225.4945,18225.978
2024-03-22 20:20:00+00:00,18225.5,18227.5,18225.5,18225.5
2024-03-22 20:25:00+00:00,18224.5055,18224.5055,18221.560999999998,18221.560999999998
2024-03-22 20:30:00+00:00,18222.05,18224.511,18222.05,18224.4945
2024-03-22 20:35:00+00:00,18224.9945,18233.5,18224.9945,18232.4835
2024-03-22 20:40:00+00:00,18231.9945,18232.489,18226.95,18226.95
2024-03-22 20:45:00+00:00,18227.5,18227.572,18224.428,18226.560999999998
2024-03-22 20:50:00+00:00,18226.9945,18230.0555,18225.4945,18229.5055
2024-03-22 20:55:00+00:00,18230.0,18231.55,18226.478,18228.933500000003
2024-03-25 00:00:00+00:00,18247.866499999996,18253.5055,18246.560999999998,18253.5055
2024-03-25 00:05:00+00:00,18252.6665,18253.5055,18249.0335,18250.011
2024-03-25 00:10:00+00:00,18249.0835,18251.75,18247.989,18248.85
2024-03-25 00:15:00+00:00,18233.5,18250.983500000002,18233.5,18245.5
2024-03-25 00:20:00+00:00,18245.478,18247.9945,18242.989,18243.4945
2024-03-25 00:25:00+00:00,18244.0,18248.022,18244.0,18244.05
2024-03-25 00:30:00+00:00,18244.516499999998,18245.983500000002,18241.0,18241.0
2024-03-25 00:35:00+00:00,18241.9445,18241.9445,18237.989,18239.022
2024-03-25 00:40:00+00:00,18238.0165,18238.560999999998,18237.4945,18238.428
2024-03-25 00:45:00+00:00,18237.983500000002,18239.011,18237.433500000003,18238.522
2024-03-25 00:50:00+00:00,18240.5,18243.572,18239.928,18239.9835
2024-03-25 00:55:00+00:00,18240.489,18240.5055,18238.489,18239.489
2024-03-25 01:00:00+00:00,18239.066499999997,18240.9835,18236.989,18238.566499999997
2024-03-25 01:05:00+00:00,18238.0,18241.016499999998,18238.0,18240.05
2024-03-25 01:10:00+00:00,18240.989,18240.989,18237.0055,18237.0055
2024-03-25 01:15:00+00:00,18237.511,18240.011,18237.016499999998,18237.489
2024-03-25 01:20:00+00:00,18238.5,18240.5055,18236.5165,18239.0
2024-03-25 01:25:00+00:00,18237.428,18244.0165,18234.95,18243.439000000002
2024-03-25 01:30:00+00:00,18244.0,18247.0055,18241.4835,18243.45
2024-03-25 01:35:00+00:00,18244.0,18253.511,18243.011,18252.5
2024-03-25 01:40:00+00:00,18252.0,18252.5,18244.0,18246.0055
2024-03-25 01:45:00+00:00,18245.489,18248.011,18241.5,18241.5
2024-03-25 01:50:00+00:00,18242.489,18243.560999999998,18239.011,18241.95
2024-03-25 01:55:00+00:00,18242.5555,18243.5055,18240.4945,18243.5055
2024-03-25 02:00:00+00:00,18243.0055,18244.516499999998,18240.433500000003,18241.45
2024-03-25 02:05:00+00:00,18242.989,18250.928,18241.433500000003,18250.489
2024-03-25 02:10:00+00:00,18249.4945,18251.0055,18246.511,18251.0055
2024-03-25 02:15:00+00:00,18250.4835,18250.5,18234.05,18237.489
2024-03-25 02:20:00+00:00,18236.95,18238.0,18232.989,18236.566499999997
2024-03-25 02:25:00+00:00,18235.989,18236.572,18232.928,18235.5
2024-03-25 02:30:00+00:00,18236.560999999998,18237.066499999997,18232.928,18234.566499999997
2024-03-25 02:35:00+00:00,18234.9945,18238.5,18233.4945,18236.5
2024-03-25 02:40:00+00:00,18237.0055,18238.0055,18232.928,18234.5
2024-03-25 02:45:00+00:00,18234.9945,18236.4945,18233.566499999997,18234.516499999998
2024-03-25 02:50:00+00:00,18233.428,18234.5055,18231.4945,18233.4945
2024-03-25 02:55:00+00:00,18234.0,18240.0165,18233.5055,18239.4945
2024-03-25 03:00:00+00:00,18238.4945,18241.0,18236.522,18240.9945
2024-03-25 03:05:00+00:00,18241.4945,18243.9945,18239.4445,18241.511
2024-03-25 03:10:00+00:00,18240.489,18240.5555,18236.0,18240.5555
2024-03-25 03:15:00+00:00,18242.55,18243.066499999997,18239.489,18241.0165
2024-03-25 03:20:00+00:00,18240.0165,18240.9945,18239.489,18239.9945
2024-03-25 03:25:00+00:00,18239.511,18239.511,18235.0,18235.4945
2024-03-25 03:30:00+00:00,18235.939000000002,18236.5555,18232.011,18235.45
2024-03-25 03:35:00+00:00,18235.016499999998,18237.522,18234.45,18236.439000000002
2024-03-25 03:40:00+00:00,18236.0055,18236.5165,18231.4945,18233.5055
2024-03-25 03:45:00+00:00,18233.933500000003,18238.5055,18232.566499999997,18237.5055
2024-03-25 03:50:00+00:00,18238.0,18238.983500000002,18234.489,18238.983500000002
2024-03-25 03:55:00+00:00,18239.4945,18240.066499999997,18239.433500000003,18240.0
2024-03-25 04:00:00+00:00,18239.511,18239.511,18234.9945,18237.511
2024-03-25 04:05:00+00:00,18238.0,18238.0,18231.5,18233.511
2024-03-25 04:10:00+00:00,18234.511,18235.0055,18232.483500000002,18233.433500000003
2024-03-25 04:15:00+00:00,18232.9945,18233.560999999998,18232.0,18233.45
2024-03-25 04:20:00+00:00,18233.9945,18233.9945,18228.989,18230.016499999998
2024-03-25 04:25:00+00:00,18230.5055,18233.0,18229.9445,18232.522
2024-03-25 04:30:00+00:00,18233.0,18234.072,18229.939000000002,18230.5
2024-03-25 04:35:00+00:00,18231.0,18232.55,18230.4945,18231.0
2024-03-25 04:40:00+00:00,18230.439000000002,18231.0055,18230.439000000002,18231.0055
2024-03-25 04:45:00+00:00,18231.489,18232.5165,18230.978,18232.5055
2024-03-25 04:50:00+00:00,18231.4945,18232.5165,18231.4945,18232.5055
2024-03-25 04:55:00+00:00,18232.928,18233.55,18232.439000000002,18232.55
2024-03-25 05:00:00+00:00,18232.0055,18239.0,18230.4835,18237.439000000002
2024-03-25 05:05:00+00:00,18236.5,18238.5,18235.95,18236.5
2024-03-25 05:10:00+00:00,18237.072,18239.0055,18235.978,18236.5
2024-03-25 05:15:00+00:00,18236.95,18237.983500000002,18230.566499999997,18230.939000000002
2024-03-25 05:20:00+00:00,18230.483500000002,18232.560999999998,18230.433500000003,18230.5
2024-03-25 05:25:00+00:00,18231.060999999998,18231.060999999998,18229.933500000003,18230.4945
2024-03-25 05:30:00+00:00,18230.9445,18233.060999999998,18230.4445,18230.4445
2024-03-25 05:35:00+00:00,18229.983500000002,18231.011,18227.4945,18228.483500000002
2024-03-25 05:40:00+00:00,18228.989,18231.9945,18228.55,18230.4835
2024-03-25 05:45:00+00:00,18233.516499999998,18234.011,18230.5,18230.5
2024-03-25 05:50:00+00:00,18229.0,18231.0055,18223.433500000003,18223.433500000003
2024-03-25 05:55:00+00:00,18222.928,18227.5555,18222.928,18225.9945
2024-03-25 06:00:00+00:00,18224.560999999998,18226.072,18219.0,18223.4945
2024-03-25 06:05:00+00:00,18224.0,18224.0,18213.9945,18216.4945
2024-03-25 06:10:00+00:00,18214.5,18217.016499999998,18214.5,18217.016499999998
2024-03-25 06:15:00+00:00,18216.483500000002,18216.511,18214.5055,18215.5165
2024-03-25 06:20:00+00:00,18214.5055,18216.060999999998,18212.9835,18215.511
2024-03-25 06:25:00+00:00,18214.983500000002,18218.489,18214.983500000002,18218.0
2024-03-25 06:30:00+00:00,18218.5055,18219.0055,18216.572,18218.433500000003
2024-03-25 06:35:00+00:00,18218.0055,18219.0165,18215.0,18216.0055
2024-03-25 06:40:00+00:00,18214.983500000002,18219.0,18212.933500000003,18219.0
2024-03-25 06:45:00+00:00,18219.4945,18227.066499999997,18219.0555,18226.5555
2024-03-25 06:50:00+00:00,18225.9945,18231.9445,18225.9945,18230.5165
2024-03-25 06:55:00+00:00,18230.0165,18230.0165,18227.9945,18228.5165
2024-03-25 07:00:00+00:00,18229.428,18229.511,18207.9835,18210.489
2024-03-25 07:05:00+00:00,18209.060999999998,18211.511,18204.0,18206.0055
2024-03-25 07:10:00+00:00,18206.522,18212.022,18204.95,18210.511
2024-03-25 07:15:00+00:00,18210.0055,18218.9945,18210.0055,18217.5055
2024-03-25 07:20:00+00:00,18217.9945,18222.5055,18217.4945,18220.4445
2024-03-25 07:25:00+00:00,18220.9945,18221.566499999997,18213.928,18217.066499999997
2024-03-25 07:30:00+00:00,18216.45,18216.45,18207.939000000002,18209.0055
2024-03-25 07:35:00+00:00,18209.5,18212.0,18204.5055,18205.5
2024-03-25 07:40:00+00:00,18206.5,18209.066499999997,18204.9445,18208.4945
2024-03-25 07:45:00+00:00,18208.978,18209.939000000002,18200.9945,18201.5
2024-03-25 07:50:00+00:00,18201.939000000002,18203.066499999997,18199.45,18202.022
2024-03-25 07:55:00+00:00,18202.5,18206.572,18200.4945,18203.011
2024-03-25 08:00:00+00:00,18202.511,18229.511,18202.511,18228.9945
2024-03-25 08:05:00+00:00,18228.478,18231.55,18222.5055,18231.5
2024-03-25 08:10:00+00:00,18231.201,18238.0,18228.433500000003,18235.0055
2024-03-25 08:15:00+00:00,18234.0,18236.0,18228.933500000003,18232.989
2024-03-25 08:20:00+00:00,18231.9835,18231.9835,18215.9835,18219.989
2024-03-25 08:25:00+00:00,18218.989,18229.022,18218.0,18225.011
2024-03-25 08:30:00+00:00,18225.989,18241.011,18223.483500000002,18236.933500000003
2024-03-25 08:35:00+00:00,18237.560999999998,18240.0055,18220.011,18222.0055
2024-03-25 08:40:00+00:00,18222.5055,18229.9945,18221.928,18227.0165
2024-03-25 08:45:00+00:00,18226.011,18226.989,18213.0055,18213.939000000002
2024-03-25 08:50:00+00:00,18214.5055,18217.066499999997,18203.0,18208.939000000002
2024-03-25 08:55:00+00:00,18210.0,18222.0055,18207.560999999998,18218.4835
2024-03-25 09:00:00+00:00,18217.9945,18222.5555,18208.4945,18215.016499999998
2024-03-25 09:05:00+00:00,18214.522,18214.522,18202.95,18207.511
2024-03-25 09:10:00+00:00,18207.060999999998,18212.4945,18203.9445,18210.0165
2024-03-25 09:15:00+00:00,18209.483500000002,18211.9945,18199.9445,18203.0
2024-03-25 09:20:00+00:00,18203.5055,18211.989,18202.9445,18207.5
2024-03-25 09:25:00+00:00,18207.939000000002,18217.928,18206.016499999998,18216.428
2024-03-25 09:30:00+00:00,18217.0,18218.989,18210.989,18215.0055
2024-03-25 09:35:00+00:00,18215.489,18217.05,18210.989,18213.478
2024-03-25 09:40:00+00:00,18212.4835,18222.066499999997,18210.5,18220.0165
2024-03-25 09:45:00+00:00,18219.4945,18225.072,18217.9835,18222.0
2024-03-25 09:50:00+00:00,18221.0055,18224.072,18208.0,18209.0
2024-03-25 09:55:00+00:00,18208.05,18209.0055,18198.933500000003,18199.5555
2024-03-25 10:00:00+00:00,18199.0,18200.9445,18181.928,18188.933500000003
2024-03-25 10:05:00+00:00,18188.511,18191.0165,18183.0,18184.011
2024-03-25 10:10:00+00:00,18183.4445,18187.0165,18177.0,18178.4945
2024-03-25 10:15:00+00:00,18177.989,18194.0165,18176.5555,18192.989
2024-03-25 10:20:00+00:00,18194.0,18199.060999999998,18189.933500000003,18198.011
2024-03-25 10:25:00+00:00,18197.4945,18204.060999999998,18197.0165,18204.011
2024-03-25 10:30:00+00:00,18204.5,18209.0555,18199.9945,18202.9945
2024-03-25 10:35:00+00:00,18201.989,18204.989,18197.978,18202.989
2024-03-25 10:40:00+00:00,18201.9945,18205.5055,18200.572,18205.5055
2024-03-25 10:45:00+00:00,18205.0,18209.011,18199.5055,18200.011
2024-03-25 10:50:00+00:00,18200.4945,18210.0055,18198.989,18204.516499999998
2024-03-25 10:55:00+00:00,18204.0,18205.516499999998,18197.4945,18203.066499999997
2024-03-25 11:00:00+00:00,18203.478,18204.072,18195.9945,18202.9445
2024-03-25 11:05:00+00:00,18202.022,18204.560999999998,18195.9835,18195.9835
2024-03-25 11:10:00+00:00,18194.978,18198.560999999998,18191.989,18196.9945
2024-03-25 11:15:00+00:00,18196.5,18199.9945,18193.428,18196.9945
2024-03-25 11:20:00+00:00,18196.713,18197.066499999997,18188.928,18191.5055
2024-03-25 11:25:00+00:00,18190.4445,18201.011,18189.5055,18198.066499999997
2024-03-25 11:30:00+00:00,18197.4945,18209.9445,18196.989,18208.011
2024-03-25 11:35:00+00:00,18208.489,18216.072,18208.489,18215.0055
2024-03-25 11:40:00+00:00,18214.0055,18217.4835,18208.989,18210.522
2024-03-25 11:45:00+00:00,18211.0,18217.9945,18207.022,18207.022
2024-03-25 11:50:00+00:00,18206.439000000002,18210.5055,18203.989,18209.5
2024-03-25 11:55:00+00:00,18210.0,18210.0,18202.011,18204.066499999997
2024-03-25 12:00:00+00:00,18204.4445,18206.572,18197.933500000003,18205.989
2024-03-25 12:05:00+00:00,18206.5,18208.022,18193.0,18194.0
2024-03-25 12:10:00+00:00,18194.489,18205.566499999997,18193.511,18205.522
2024-03-25 12:15:00+00:00,18206.05,18216.016499999998,18205.0,18215.060999999998
2024-03-25 12:20:00+00:00,18214.572,18224.4945,18211.983500000002,18223.5055
2024-03-25 12:25:00+00:00,18222.9945,18224.0,18211.983500000002,18212.560999999998
2024-03-25 12:30:00+00:00,18212.9945,18215.95,18209.511,18210.0055
2024-03-25 12:35:00+00:00,18210.989,18213.0555,18199.989,18205.0
2024-03-25 12:40:00+00:00,18205.560999999998,18207.011,18198.933500000003,18206.4945
2024-03-25 12:45:00+00:00,18206.0165,18209.989,18202.928,18207.983500000002
2024-03-25 12:50:00+00:00,18208.5,18215.0555,18205.989,18206.983500000002
2024-03-25 12:55:00+00:00,18205.9945,18207.072,18200.016499999998,18203.0165
2024-03-25 13:00:00+00:00,18203.5055,18212.066499999997,18202.0055,18210.933500000003
2024-03-25 13:05:00+00:00,18212.016499999998,18212.989,18206.933500000003,18210.939000000002
2024-03-25 13:10:00+00:00,18212.0,18218.011,18208.983500000002,18215.933500000003
2024-03-25 13:15:00+00:00,18214.011,18218.072,18210.9835,18217.0
2024-03-25 13:20:00+00:00,18216.745000000003,18224.0555,18216.433500000003,18221.9945
2024-03-25 13:25:00+00:00,18223.072,18225.0555,18218.060999999998,18221.516499999998
2024-03-25 13:30:00+00:00,18221.212,18227.022,18215.011,18218.5
2024-03-25 13:35:00+00:00,18217.989,18230.011,18216.5555,18227.0
2024-03-25 13:40:00+00:00,18228.011,18232.066499999997,18216.9945,18229.933500000003
2024-03-25 13:45:00+00:00,18230.5,18237.0555,18222.939000000002,18226.933500000003
2024-03-25 13:50:00+00:00,18227.989,18232.5555,18224.0555,18227.5555
2024-03-25 13:55:00+00:00,18227.95,18240.0165,18226.989,18240.0165
2024-03-25 14:00:00+00:00,18239.489,18260.0,18237.9835,18255.939000000002
2024-03-25 14:05:00+00:00,18255.4445,18262.072,18253.0055,18259.022
2024-03-25 14:10:00+00:00,18259.9945,18285.016499999998,18259.9945,18279.560999999998
2024-03-25 14:15:00+00:00,18280.489,18289.060999999998,18275.9835,18276.9835
2024-03-25 14:20:00+00:00,18276.0165,18287.928,18275.933500000003,18279.022
2024-03-25 14:25:00+00:00,18280.0,18287.4945,18279.0,18280.95
2024-03-25 14:30:00+00:00,18282.011,18282.011,18266.05,18270.060999999998
2024-03-25 14:35:00+00:00,18268.939000000002,18271.978,18254.989,18271.978
2024-03-25 14:40:00+00:00,18270.989,18272.4945,18263.016499999998,18268.016499999998
2024-03-25 14:45:00+00:00,18268.5555,18270.5055,18259.05,18264.011
2024-03-25 14:50:00+00:00,18265.072,18266.989,18253.9945,18254.9945
2024-03-25 14:55:00+00:00,18256.0,18261.0055,18253.0,18260.05
2024-03-25 15:00:00+00:00,18261.0555,18261.0555,18254.4835,18257.0055
2024-03-25 15:05:00+00:00,18257.45,18263.989,18255.9445,18257.9945
2024-03-25 15:10:00+00:00,18259.0,18267.5555,18256.933500000003,18265.016499999998
2024-03-25 15:15:00+00:00,18264.5165,18265.0165,18251.95,18255.011
2024-03-25 15:20:00+00:00,18255.5,18256.05,18246.939000000002,18249.011
2024-03-25 15:25:00+00:00,18250.0055,18262.983500000002,18247.9445,18261.011
2024-03-25 15:30:00+00:00,18259.939000000002,18261.066499999997,18253.45,18258.928
2024-03-25 15:35:00+00:00,18258.234,18264.489,18254.4945,18264.489
2024-03-25 15:40:00+00:00,18264.9945,18267.060999999998,18259.9945,18266.0
2024-03-25 15:45:00+00:00,18265.5,18266.0555,18259.011,18259.011
2024-03-25 15:50:00+00:00,18258.701,18260.9835,18252.9945,18255.0
2024-03-25 15:55:00+00:00,18255.95,18262.060999999998,18254.983500000002,18256.0
2024-03-25 16:00:00+00:00,18256.489,18257.022,18249.9445,18254.433500000003
2024-03-25 16:05:00+00:00,18255.016499999998,18264.060999999998,18253.989,18261.022
2024-03-25 16:10:00+00:00,18262.011,18268.983500000002,18261.0165,18268.0055
2024-03-25 16:15:00+00:00,18269.05,18273.0,18267.933500000003,18270.572
2024-03-25 16:20:00+00:00,18271.0,18272.572,18266.989,18272.0165
2024-03-25 16:25:00+00:00,18272.9945,18275.9445,18269.060999999998,18270.933500000003
2024-03-25 16:30:00+00:00,18272.066499999997,18276.0555,18266.9835,18266.9835
2024-03-25 16:35:00+00:00,18268.011,18277.066499999997,18266.5165,18273.0
2024-03-25 16:40:00+00:00,18272.066499999997,18277.011,18267.9945,18273.989
2024-03-25 16:45:00+00:00,18274.522,18276.5055,18273.5055,18274.4445
2024-03-25 16:50:00+00:00,18273.989,18277.516499999998,18271.9945,18276.4445
2024-03-25 16:55:00+00:00,18277.0,18277.066499999997,18275.0,18276.0
2024-03-25 17:00:00+00:00,18275.566499999997,18276.016499999998,18270.933500000003,18274.011
2024-03-25 17:05:00+00:00,18273.0055,18274.0165,18270.928,18270.989
2024-03-25 17:10:00+00:00,18270.5165,18271.072,18266.989,18269.978
2024-03-25 17:15:00+00:00,18269.489,18272.9945,18267.9945,18272.9945
2024-03-25 17:20:00+00:00,18273.560999999998,18275.0555,18269.5,18271.022
2024-03-25 17:25:00+00:00,18271.433500000003,18278.011,18271.433500000003,18274.4945
2024-03-25 17:30:00+00:00,18273.9445,18275.572,18272.933500000003,18274.011
2024-03-25 17:35:00+00:00,18274.489,18274.489,18269.511,18272.489
2024-03-25 17:40:00+00:00,18272.0,18277.560999999998,18272.0,18275.939000000002
2024-03-25 17:45:00+00:00,18275.55,18276.060999999998,18270.978,18270.978
2024-03-25 17:50:00+00:00,18271.478,18272.0165,18269.983500000002,18271.489
2024-03-25 17:55:00+00:00,18271.011,18277.011,18270.978,18276.0
2024-03-25 18:00:00+00:00,18276.45,18277.066499999997,18274.939000000002,18276.016499999998
2024-03-25 18:05:00+00:00,18276.4945,18280.011,18276.489,18279.05
2024-03-25 18:10:00+00:00,18278.5,18280.0555,18277.9835,18278.5
2024-03-25 18:15:00+00:00,18279.0055,18288.011,18277.9835,18287.072
2024-03-25 18:20:00+00:00,18285.928,18286.066499999997,18280.9945,18281.4445
2024-03-25 18:25:00+00:00,18282.011,18286.0,18281.933500000003,18283.9945
2024-03-25 18:30:00+00:00,18283.516499999998,18283.516499999998,18277.0,18277.0
2024-03-25 18:35:00+00:00,18277.989,18284.5555,18275.5055,18282.9445
2024-03-25 18:40:00+00:00,18284.011,18284.05,18274.933500000003,18274.939000000002
2024-03-25 18:45:00+00:00,18275.5,18277.022,18271.9445,18272.572
2024-03-25 18:50:00+00:00,18272.260000000002,18274.5055,18271.0,18273.0055
2024-03-25 18:55:00+00:00,18274.011,18276.060999999998,18270.05,18272.989
2024-03-25 19:00:00+00:00,18272.4945,18273.489,18268.0,18270.989
2024-03-25 19:05:00+00:00,18270.066499999997,18273.989,18267.989,18268.0
2024-03-25 19:10:00+00:00,18267.5,18270.5055,18266.9945,18270.0
2024-03-25 19:15:00+00:00,18268.928,18272.072,18267.05,18269.978
2024-03-25 19:20:00+00:00,18269.483500000002,18269.939000000002,18262.060999999998,18267.989
2024-03-25 19:25:00+00:00,18266.0055,18268.072,18263.928,18264.0055
2024-03-25 19:30:00+00:00,18263.072,18268.060999999998,18261.4945,18266.0055
2024-03-25 19:35:00+00:00,18265.4835,18267.0055,18263.4445,18264.9945
2024-03-25 19:40:00+00:00,18265.511,18271.072,18265.511,18268.0055
2024-03-25 19:45:00+00:00,18269.011,18269.5,18263.433500000003,18263.989
2024-03-25 19:50:00+00:00,18262.989,18264.0,18253.933500000003,18255.05
2024-03-25 19:55:00+00:00,18256.0,18256.9445,18245.978,18255.0055
2024-03-25 20:00:00+00:00,18253.989,18261.022,18253.9835,18257.489
2024-03-25 20:05:00+00:00,18256.9945,18260.0555,18255.939000000002,18258.0
2024-03-25 20:10:00+00:00,18257.799,18258.4835,18254.011,18254.9445
2024-03-25 20:15:00+00:00,18255.95,18256.9835,18255.5,18255.9445
2024-03-25 20:20:00+00:00,18254.9945,18257.9945,18253.989,18257.0
2024-03-25 20:25:00+00:00,18257.9945,18257.9945,18256.9945,18256.9945
2024-03-25 20:30:00+00:00,18257.9945,18265.0,18257.0,18264.572
2024-03-25 20:35:00+00:00,18264.066499999997,18264.066499999997,18260.9945,18260.9945
2024-03-25 20:40:00+00:00,18260.5,18261.060999999998,18257.4945,18258.0
2024-03-25 20:45:00+00:00,18257.572,18257.9945,18257.0055,18257.0055
2024-03-25 20:50:00+00:00,18257.5,18259.0055,18256.928,18257.0
2024-03-25 20:55:00+00:00,18257.511,18264.0,18257.511,18264.0
2024-03-25 21:00:00+00:00,18262.511,18262.511,18262.511,18262.511
2024-03-25 23:00:00+00:00,18270.3,18272.0555,18269.3,18270.0945
2024-03-25 23:05:00+00:00,18269.355499999998,18270.116499999996,18269.355499999998,18270.116499999996
2024-03-25 23:10:00+00:00,18270.9945,18271.022,18264.85,18267.4945
2024-03-25 23:15:00+00:00,18268.4,18268.422,18266.539,18266.6165
2024-03-25 23:20:00+00:00,18267.433500000003,18267.433500000003,18264.95,18265.822
2024-03-25 23:25:00+00:00,18266.5335,18269.2945,18266.5335,18269.2945
2024-03-25 23:30:00+00:00,18268.394500000002,18270.9445,18268.394500000002,18270.0945
2024-03-25 23:35:00+00:00,18269.2945,18271.9,18269.2945,18270.9945
2024-03-25 23:40:00+00:00,18271.9055,18272.8055,18270.978,18272.8055
2024-03-25 23:45:00+00:00,18273.7,18274.428,18272.7835,18272.8
2024-03-25 23:50:00+00:00,18273.222,18276.3,18273.222,18276.3
2024-03-25 23:55:00+00:00,18275.461,18276.2835,18273.689000000002,18273.761
2024-03-26 00:00:00+00:00,18272.810999999998,18274.511,18270.989,18274.511
2024-03-26 00:05:00+00:00,18274.028,18276.372,18273.644500000002,18276.372
2024-03-26 00:10:00+00:00,18277.2,18278.972,18277.2,18278.85
2024-03-26 00:15:00+00:00,18281.0055,18286.428,18279.0055,18283.05
2024-03-26 00:20:00+00:00,18282.0055,18283.5,18279.5055,18283.05
2024-03-26 00:25:00+00:00,18282.5,18287.5055,18282.5,18287.011
2024-03-26 00:30:00+00:00,18287.5555,18287.572,18286.9445,18287.0
2024-03-26 00:35:00+00:00,18287.5,18293.483500000002,18287.5,18290.0055
2024-03-26 00:40:00+00:00,18292.983500000002,18296.5,18292.983500000002,18294.05
2024-03-26 00:45:00+00:00,18294.428,18299.978,18294.428,18299.5
2024-03-26 00:50:00+00:00,18299.0055,18299.0055,18294.5,18296.4945
2024-03-26 00:55:00+00:00,18294.0,18294.989,18291.989,18291.989
2024-03-26 01:00:00+00:00,18291.433500000003,18295.439000000002,18289.983500000002,18293.0055
2024-03-26 01:05:00+00:00,18292.511,18294.060999999998,18292.0055,18292.933500000003
2024-03-26 01:10:00+00:00,18294.0055,18298.989,18294.0055,18298.011
2024-03-26 01:15:00+00:00,18298.516499999998,18304.0165,18298.516499999998,18302.05
2024-03-26 01:20:00+00:00,18301.439000000002,18302.0055,18295.0,18295.989
2024-03-26 01:25:00+00:00,18296.983500000002,18296.983500000002,18293.0,18295.928
2024-03-26 01:30:00+00:00,18295.0055,18297.0165,18289.983500000002,18293.011
2024-03-26 01:35:00+00:00,18293.489,18298.5055,18293.489,18296.983500000002
2024-03-26 01:40:00+00:00,18296.5055,18297.011,18291.511,18295.933500000003
2024-03-26 01:45:00+00:00,18295.489,18296.011,18292.0055,18293.0
2024-03-26 01:50:00+00:00,18294.072,18295.9835,18292.0,18295.95
2024-03-26 01:55:00+00:00,18294.933500000003,18295.928,18292.0055,18292.0055
2024-03-26 02:00:00+00:00,18293.0555,18294.05,18292.0055,18292.5
2024-03-26 02:05:00+00:00,18292.0,18292.0,18287.9945,18289.9945
2024-03-26 02:10:00+00:00,18290.238,18290.939000000002,18289.0555,18290.011
2024-03-26 02:15:00+00:00,18290.4945,18292.5555,18289.989,18289.989
2024-03-26 02:20:00+00:00,18290.5,18291.060999999998,18290.5,18291.060999999998
2024-03-26 02:25:00+00:00,18290.4835,18293.0,18290.4835,18292.566499999997
2024-03-26 02:30:00+00:00,18292.238,18296.011,18292.022,18295.011
2024-03-26 02:35:00+00:00,18295.4945,18296.516499999998,18294.0,18294.9945
2024-03-26 02:40:00+00:00,18294.566499999997,18294.9445,18289.9945,18290.933500000003
2024-03-26 02:45:00+00:00,18292.060999999998,18293.9945,18288.95,18288.95
2024-03-26 02:55:00+00:00,18288.439000000002,18288.439000000002,18284.05,18285.05
2024-03-26 03:00:00+00:00,18286.0055,18287.0055,18280.95,18283.0
2024-03-26 03:05:00+00:00,18281.428,18284.022,18279.978,18283.0
2024-03-26 03:10:00+00:00,18280.989,18281.011,18275.9945,18275.9945
2024-03-26 03:15:00+00:00,18276.433500000003,18277.0165,18275.072,18276.983500000002
2024-03-26 03:20:00+00:00,18277.566499999997,18277.566499999997,18274.9945,18274.9945
2024-03-26 03:25:00+00:00,18275.522,18277.011,18274.439000000002,18277.011
2024-03-26 03:30:00+00:00,18278.0,18278.011,18272.0,18273.0165
2024-03-26 03:35:00+00:00,18272.511,18273.060999999998,18269.9945,18271.0055
2024-03-26 03:40:00+00:00,18270.0,18270.0,18263.060999999998,18265.0
2024-03-26 03:45:00+00:00,18264.0165,18266.983500000002,18264.0165,18265.978
2024-03-26 03:50:00+00:00,18266.5,18266.5,18263.016499999998,18264.0
2024-03-26 03:55:00+00:00,18263.5,18266.066499999997,18262.9945,18265.0
2024-03-26 04:00:00+00:00,18265.9835,18266.55,18264.9945,18266.0
2024-03-26 04:05:00+00:00,18267.0055,18269.939000000002,18267.0,18269.939000000002
2024-03-26 04:10:00+00:00,18271.0055,18271.0055,18268.016499999998,18268.0555
2024-03-26 04:15:00+00:00,18267.511,18270.566499999997,18267.511,18270.566499999997
2024-03-26 04:20:00+00:00,18269.989,18269.989,18268.5055,18269.5055
2024-03-26 04:25:00+00:00,18270.489,18274.0165,18270.0055,18272.9945
2024-03-26 04:30:00+00:00,18273.5,18276.016499999998,18273.5,18276.016499999998
2024-03-26 04:35:00+00:00,18275.0,18283.511,18274.5555,18282.989
2024-03-26 04:40:00+00:00,18282.5055,18282.5055,18280.0,18280.489
2024-03-26 04:45:00+00:00,18282.0055,18282.0555,18280.516499999998,18281.05
2024-03-26 04:50:00+00:00,18281.4945,18281.4945,18278.0,18279.489
2024-03-26 04:55:00+00:00,18280.0055,18280.433500000003,18278.9945,18279.011
2024-03-26 05:00:00+00:00,18278.5555,18279.478,18276.516499999998,18277.0
2024-03-26 05:05:00+00:00,18277.5,18283.95,18277.5,18282.9945
2024-03-26 05:10:00+00:00,18283.4945,18284.9945,18282.939000000002,18284.9945
2024-03-26 05:15:00+00:00,18284.511,18285.011,18282.933500000003,18284.939000000002
2024-03-26 05:20:00+00:00,18285.483500000002,18288.0,18284.989,18284.989
2024-03-26 05:25:00+00:00,18285.433500000003,18285.5,18280.011,18281.011
2024-03-26 05:30:00+00:00,18282.066499999997,18285.060999999998,18281.572,18284.9945
2024-03-26 05:35:00+00:00,18284.433500000003,18291.0055,18283.939000000002,18291.0055
2024-03-26 05:40:00+00:00,18291.5,18295.011,18290.483500000002,18293.060999999998
2024-03-26 05:45:00+00:00,18291.928,18292.511,18289.511,18290.011
2024-03-26 05:50:00+00:00,18288.022,18288.022,18282.95,18285.0165
2024-03-26 05:55:00+00:00,18284.5,18288.011,18282.0055,18283.016499999998
2024-03-26 06:00:00+00:00,18282.4945,18282.9835,18274.439000000002,18277.0
2024-03-26 06:05:00+00:00,18277.55,18278.572,18273.433500000003,18273.9945
2024-03-26 06:10:00+00:00,18273.4945,18275.072,18272.0,18273.060999999998
2024-03-26 06:15:00+00:00,18274.4835,18274.989,18271.4945,18273.0
2024-03-26 06:20:00+00:00,18272.4945,18273.072,18271.5,18271.9945
2024-03-26 06:25:00+00:00,18272.5165,18273.0055,18270.489,18273.0
2024-03-26 06:30:00+00:00,18272.560999999998,18278.483500000002,18272.560999999998,18277.983500000002
2024-03-26 06:35:00+00:00,18277.5,18282.5555,18277.5,18280.011
2024-03-26 06:40:00+00:00,18280.5,18280.5555,18278.0,18279.5
2024-03-26 06:45:00+00:00,18279.9835,18281.516499999998,18278.4945,18281.0
2024-03-26 06:50:00+00:00,18281.4945,18286.072,18280.5055,18285.439000000002
2024-03-26 06:55:00+00:00,18286.0045,18292.989,18285.489,18285.939000000002
2024-03-26 07:00:00+00:00,18287.4945,18298.433500000003,18284.5055,18291.011
2024-03-26 07:05:00+00:00,18289.9945,18289.9945,18276.511,18277.9835
2024-03-26 07:10:00+00:00,18279.05,18282.4945,18272.9945,18273.9945
2024-03-26 07:15:00+00:00,18273.5,18276.478,18268.4945,18269.0
2024-03-26 07:20:00+00:00,18269.428,18275.0,18265.428,18274.0
2024-03-26 07:25:00+00:00,18274.9945,18280.5055,18273.939000000002,18280.5055
2024-03-26 07:30:00+00:00,18280.95,18283.05,18271.9945,18273.9945
2024-03-26 07:35:00+00:00,18274.55,18275.5055,18270.511,18272.0
2024-03-26 07:40:00+00:00,18272.560999999998,18274.0,18269.433500000003,18269.989
2024-03-26 07:45:00+00:00,18269.478,18270.511,18265.4445,18270.060999999998
2024-03-26 07:50:00+00:00,18269.489,18269.9945,18263.45,18266.0
2024-03-26 07:55:00+00:00,18266.483500000002,18272.5,18263.5055,18264.9445
2024-03-26 08:00:00+00:00,18266.0555,18273.566499999997,18259.45,18263.5055
2024-03-26 08:05:00+00:00,18264.5,18266.560999999998,18260.489,18263.933500000003
2024-03-26 08:10:00+00:00,18263.4945,18264.433500000003,18256.511,18260.433500000003
2024-03-26 08:15:00+00:00,18261.511,18270.5055,18260.0,18261.5165
2024-03-26 08:20:00+00:00,18260.489,18263.0165,18258.0055,18259.066499999997
2024-03-26 08:25:00+00:00,18259.439000000002,18266.489,18255.5,18266.489
2024-03-26 08:30:00+00:00,18265.4945,18276.928,18263.4945,18271.5
2024-03-26 08:35:00+00:00,18270.439000000002,18272.566499999997,18262.5,18268.45
2024-03-26 08:40:00+00:00,18269.572,18288.428,18268.5055,18284.572
2024-03-26 08:45:00+00:00,18285.45,18289.572,18279.4945,18283.0055
2024-03-26 08:50:00+00:00,18283.4945,18301.489,18282.428,18287.511
2024-03-26 08:55:00+00:00,18286.723,18288.5165,18277.4945,18279.516499999998
2024-03-26 09:00:00+00:00,18280.5,18282.5,18273.489,18276.0055
2024-03-26 09:05:00+00:00,18276.4945,18291.5165,18275.5165,18291.428
2024-03-26 09:10:00+00:00,18291.0165,18301.4945,18287.511,18290.483500000002
2024-03-26 09:15:00+00:00,18291.511,18308.0055,18289.016499999998,18308.0055
2024-03-26 09:20:00+00:00,18307.963,18318.5165,18306.5,18312.489
2024-03-26 09:25:00+00:00,18313.011,18317.989,18308.45,18309.489
2024-03-26 09:30:00+00:00,18310.060999999998,18318.5555,18308.439000000002,18316.5055
2024-03-26 09:35:00+00:00,18315.439000000002,18316.489,18310.95,18313.0055
2024-03-26 09:40:00+00:00,18310.939000000002,18312.5,18305.433500000003,18310.489
2024-03-26 09:45:00+00:00,18311.0055,18317.566499999997,18310.5,18316.0
2024-03-26 09:50:00+00:00,18315.5,18318.989,18312.4835,18314.5
2024-03-26 09:55:00+00:00,18315.5,18322.511,18313.9945,18322.011
2024-03-26 10:00:00+00:00,18321.5055,18347.478,18321.5055,18346.511
2024-03-26 10:05:00+00:00,18346.016499999998,18347.5,18340.978,18343.489
2024-03-26 10:10:00+00:00,18344.45,18361.566499999997,18344.45,18356.489
2024-03-26 10:15:00+00:00,18354.4945,18360.560999999998,18351.489,18353.5555
2024-03-26 10:20:00+00:00,18353.0,18354.4945,18346.4445,18346.4445
2024-03-26 10:25:00+00:00,18347.5,18350.5165,18344.483500000002,18345.4945
2024-03-26 10:30:00+00:00,18344.723,18345.511,18337.5555,18343.9945
2024-03-26 10:35:00+00:00,18344.5055,18352.511,18343.511,18346.478
2024-03-26 10:40:00+00:00,18346.933500000003,18349.55,18346.428,18347.560999999998
2024-03-26 10:45:00+00:00,18348.566499999997,18353.928,18347.483500000002,18348.928
2024-03-26 10:50:00+00:00,18349.4945,18357.522,18347.511,18355.0
2024-03-26 10:55:00+00:00,18355.5055,18358.55,18347.489,18357.4835
2024-03-26 11:00:00+00:00,18357.223,18361.572,18354.489,18360.560999999998
2024-03-26 11:05:00+00:00,18359.9945,18364.516499999998,18354.4945,18354.560999999998
2024-03-26 11:10:00+00:00,18355.016499999998,18358.522,18352.428,18356.478
2024-03-26 11:15:00+00:00,18356.9945,18369.489,18356.9945,18365.5055
2024-03-26 11:20:00+00:00,18365.978,18375.4945,18364.5055,18375.4945
2024-03-26 11:25:00+00:00,18376.4945,18377.572,18369.489,18371.016499999998
2024-03-26 11:30:00+00:00,18370.439000000002,18381.489,18369.5,18376.4945
2024-03-26 11:35:00+00:00,18375.989,18381.5,18375.5055,18378.928
2024-03-26 11:40:00+00:00,18379.489,18387.978,18377.4835,18377.5
2024-03-26 11:45:00+00:00,18378.060999999998,18384.516499999998,18376.5055,18381.511
2024-03-26 11:50:00+00:00,18380.9445,18388.5055,18380.4835,18387.511
2024-03-26 11:55:00+00:00,18387.0555,18397.516499999998,18384.439000000002,18397.489
2024-03-26 12:00:00+00:00,18396.572,18397.478,18388.428,18392.5055
2024-03-26 12:05:00+00:00,18392.9945,18392.9945,18383.433500000003,18388.45
2024-03-26 12:10:00+00:00,18389.0055,18398.5055,18388.5,18395.4945
2024-03-26 12:15:00+00:00,18394.9945,18396.511,18389.989,18396.5055
2024-03-26 12:20:00+00:00,18395.5165,18405.560999999998,18392.0,18401.5
2024-03-26 12:25:00+00:00,18400.489,18400.511,18394.983500000002,18398.4945
2024-03-26 12:30:00+00:00,18398.939000000002,18400.022,18384.989,18384.9945
2024-03-26 12:35:00+00:00,18385.55,18392.9835,18378.566499999997,18392.522
2024-03-26 12:40:00+00:00,18393.5055,18393.5055,18381.45,18384.572
2024-03-26 12:45:00+00:00,18383.4945,18396.5055,18383.4945,18395.511
2024-03-26 12:50:00+00:00,18395.0055,18405.5055,18393.4945,18403.05
2024-03-26 12:55:00+00:00,18402.5,18404.511,18395.4945,18404.511
2024-03-26 13:00:00+00:00,18404.060999999998,18404.5,18398.489,18402.489
2024-03-26 13:05:00+00:00,18403.066499999997,18407.439000000002,18393.483500000002,18394.478
2024-03-26 13:10:00+00:00,18394.989,18395.572,18383.0,18383.5055
2024-03-26 13:15:00+00:00,18382.439000000002,18383.5,18369.4445,18380.4945
2024-03-26 13:20:00+00:00,18380.072,18391.439000000002,18376.566499999997,18390.516499999998
2024-03-26 13:25:00+00:00,18389.572,18390.5,18379.9945,18385.489
2024-03-26 13:30:00+00:00,18384.45,18387.5555,18377.9945,18386.989
2024-03-26 13:35:00+00:00,18386.745000000003,18399.511,18386.433500000003,18392.4445
2024-03-26 13:40:00+00:00,18393.011,18399.4945,18386.5,18395.439000000002
2024-03-26 13:45:00+00:00,18394.516499999998,18394.516499999998,18377.4445,18383.4945
2024-03-26 13:50:00+00:00,18382.566499999997,18386.5,18372.5055,18375.511
2024-03-26 13:55:00+00:00,18373.9445,18382.989,18368.560999999998,18382.989
2024-03-26 14:00:00+00:00,18384.572,18391.428,18375.566499999997,18390.572
2024-03-26 14:05:00+00:00,18389.989,18391.989,18382.439000000002,18383.489
2024-03-26 14:10:00+00:00,18382.511,18384.5165,18372.511,18376.5
2024-03-26 14:15:00+00:00,18377.5055,18387.511,18377.478,18384.4945
2024-03-26 14:20:00+00:00,18384.066499999997,18390.9945,18381.489,18390.9945
2024-03-26 14:25:00+00:00,18391.5,18394.511,18388.4835,18391.4945
2024-03-26 14:30:00+00:00,18391.022,18400.5055,18390.439000000002,18398.5055
2024-03-26 14:35:00+00:00,18399.5165,18406.483500000002,18394.511,18401.5555
2024-03-26 14:40:00+00:00,18400.511,18402.489,18394.511,18399.5
2024-03-26 14:45:00+00:00,18400.016499999998,18409.4945,18399.489,18408.433500000003
2024-03-26 14:50:00+00:00,18409.433500000003,18413.5,18404.5,18407.0
2024-03-26 14:55:00+00:00,18406.489,18409.478,18394.55,18400.0055
2024-03-26 15:00:00+00:00,18399.701,18401.478,18393.428,18397.4945
2024-03-26 15:05:00+00:00,18398.428,18398.428,18385.4835,18387.4945
2024-03-26 15:10:00+00:00,18388.4835,18388.4835,18376.5,18378.0055
2024-03-26 15:15:00+00:00,18377.4945,18381.572,18373.572,18379.5055
2024-03-26 15:20:00+00:00,18378.5,18383.572,18376.45,18377.4945
2024-03-26 15:25:00+00:00,18376.5,18379.011,18370.428,18371.9835
2024-03-26 15:30:00+00:00,18371.5,18376.011,18367.522,18368.016499999998
2024-03-26 15:35:00+00:00,18367.712,18369.522,18358.560999999998,18360.4945
2024-03-26 15:40:00+00:00,18360.989,18367.478,18360.5,18367.478
2024-03-26 15:45:00+00:00,18366.745000000003,18369.522,18363.5165,18366.439000000002
2024-03-26 15:50:00+00:00,18366.0055,18376.011,18365.4945,18374.489
2024-03-26 15:55:00+00:00,18375.560999999998,18382.0,18375.0,18380.572
2024-03-26 16:00:00+00:00,18379.560999999998,18387.5055,18379.5,18379.566499999997
2024-03-26 16:05:00+00:00,18380.516499999998,18390.9945,18379.5,18390.489
2024-03-26 16:10:00+00:00,18390.9945,18399.560999999998,18389.5,18399.516499999998
2024-03-26 16:15:00+00:00,18399.101000000002,18401.5,18393.433500000003,18393.433500000003
2024-03-26 16:20:00+00:00,18394.05,18396.511,18390.4835,18393.5
2024-03-26 16:25:00+00:00,18393.9945,18403.5,18391.45,18400.511
2024-03-26 16:30:00+00:00,18399.723,18400.516499999998,18391.9445,18392.55
2024-03-26 16:35:00+00:00,18393.511,18393.5555,18388.5055,18393.55
2024-03-26 16:40:00+00:00,18393.939000000002,18398.511,18393.428,18394.489
2024-03-26 16:45:00+00:00,18394.016499999998,18401.4945,18392.4945,18395.5055
2024-03-26 16:50:00+00:00,18396.566499999997,18396.566499999997,18393.439000000002,18394.489
2024-03-26 16:55:00+00:00,18395.5055,18396.5,18385.489,18389.428
2024-03-26 17:00:00+00:00,18389.9445,18392.5555,18385.478,18388.939000000002
2024-03-26 17:05:00+00:00,18389.4835,18392.5,18387.9835,18388.55
2024-03-26 17:10:00+00:00,18389.0055,18390.5555,18385.489,18387.511
2024-03-26 17:15:00+00:00,18387.0,18387.5,18379.4945,18380.9945
2024-03-26 17:20:00+00:00,18380.5,18382.5165,18375.0,18375.4945
2024-03-26 17:25:00+00:00,18374.928,18379.516499999998,18374.011,18377.5
2024-03-26 17:30:00+00:00,18377.978,18379.0,18375.516499999998,18378.428
2024-03-26 17:35:00+00:00,18377.511,18379.516499999998,18374.433500000003,18374.433500000003
2024-03-26 17:40:00+00:00,18375.072,18376.5055,18371.428,18372.4945
2024-03-26 17:45:00+00:00,18372.978,18375.511,18370.5055,18374.489
2024-03-26 17:50:00+00:00,18373.983500000002,18380.5,18373.983500000002,18378.9945
2024-03-26 17:55:00+00:00,18379.511,18384.5055,18378.5555,18381.0555
2024-03-26 18:00:00+00:00,18381.5,18386.072,18381.5,18384.511
2024-03-26 18:05:00+00:00,18385.5055,18388.489,18383.5055,18383.5055
2024-03-26 18:10:00+00:00,18384.0,18385.516499999998,18382.95,18385.516499999998
2024-03-26 18:15:00+00:00,18384.4945,18387.4945,18382.9445,18384.0055
2024-03-26 18:20:00+00:00,18384.489,18386.95,18381.489,18386.4945
2024-03-26 18:25:00+00:00,18387.0165,18387.5165,18383.5555,18386.989
2024-03-26 18:30:00+00:00,18387.483500000002,18390.011,18386.4445,18387.5055
2024-03-26 18:35:00+00:00,18387.95,18389.0165,18381.4835,18381.9945
2024-03-26 18:40:00+00:00,18382.5,18383.0,18378.5555,18380.516499999998
2024-03-26 18:45:00+00:00,18380.0,18382.5165,18379.011,18380.5055
2024-03-26 18:50:00+00:00,18379.5055,18384.4945,18378.928,18383.5
2024-03-26 18:55:00+00:00,18384.5055,18387.511,18382.95,18386.428
2024-03-26 19:00:00+00:00,18385.9945,18386.511,18383.5,18383.5
2024-03-26 19:05:00+00:00,18383.0555,18386.511,18381.522,18386.0055
2024-03-26 19:10:00+00:00,18385.572,18388.022,18382.5055,18384.5
2024-03-26 19:15:00+00:00,18385.0,18386.4445,18382.489,18382.489
2024-03-26 19:20:00+00:00,18382.0055,18382.0055,18378.489,18379.5165
2024-03-26 19:25:00+00:00,18378.9835,18381.511,18369.5055,18373.439000000002
2024-03-26 19:30:00+00:00,18372.9945,18373.566499999997,18364.0055,18369.5055
2024-03-26 19:35:00+00:00,18370.066499999997,18371.560999999998,18365.566499999997,18367.428
2024-03-26 19:40:00+00:00,18367.0555,18373.489,18358.560999999998,18360.55
2024-03-26 19:45:00+00:00,18360.9945,18365.566499999997,18358.483500000002,18360.4945
2024-03-26 19:50:00+00:00,18359.522,18361.566499999997,18355.5,18359.516499999998
2024-03-26 19:55:00+00:00,18360.0055,18360.05,18346.95,18350.5055
2024-03-26 20:00:00+00:00,18350.232500000002,18358.4945,18349.428,18354.5
2024-03-26 20:05:00+00:00,18354.978,18354.978,18351.4945,18351.4945
2024-03-26 20:10:00+00:00,18352.522,18360.572,18352.522,18360.572
2024-03-26 20:15:00+00:00,18360.0165,18363.5165,18358.0055,18360.4945
2024-03-26 20:20:00+00:00,18361.483500000002,18364.45,18360.4945,18363.511
2024-03-26 20:25:00+00:00,18364.5055,18364.572,18361.9945,18362.522
2024-03-26 20:30:00+00:00,18363.489,18369.489,18363.489,18369.489
2024-03-26 20:35:00+00:00,18370.072,18370.566499999997,18367.4945,18367.5055
2024-03-26 20:40:00+00:00,18366.511,18367.511,18365.572,18366.511
2024-03-26 20:45:00+00:00,18366.011,18370.5,18366.011,18368.433500000003
2024-03-26 20:50:00+00:00,18369.511,18373.55,18369.483500000002,18373.55
2024-03-26 20:55:00+00:00,18373.0,18376.45,18371.489,18376.060999999998
2024-03-26 21:00:00+00:00,18375.0,18375.0,18375.0,18375.0
2024-03-26 23:00:00+00:00,18376.060999999998,18376.060999999998,18372.511,18376.0055
2024-03-26 23:05:00+00:00,18376.9555,18377.778,18375.9945,18376.889000000003
2024-03-26 23:10:00+00:00,18376.0,18378.722,18376.0,18377.8
2024-03-26 23:15:00+00:00,18376.911,18378.689000000002,18376.894500000002,18378.628
2024-03-26 23:20:00+00:00,18377.8055,18378.689000000002,18377.783499999998,18377.783499999998
2024-03-26 23:25:00+00:00,18378.6835,18380.3335,18378.211,18378.6945
2024-03-26 23:30:00+00:00,18379.5,18380.411,18379.4945,18380.4055
2024-03-26 23:35:00+00:00,18379.428,18381.360999999997,18378.689000000002,18378.689000000002
2024-03-26 23:40:00+00:00,18379.522,18381.3165,18379.522,18380.389000000003
2024-03-26 23:45:00+00:00,18379.9435,18384.0055,18379.4835,18383.0945
2024-03-26 23:50:00+00:00,18384.0055,18384.072,18383.0945,18384.072
2024-03-26 23:55:00+00:00,18384.8,18384.810999999998,18383.933500000003,18384.7445
2024-03-27 00:00:00+00:00,18384.398999999998,18384.822,18382.128,18383.15
2024-03-27 00:05:00+00:00,18384.072,18384.072,18382.211,18383.028
2024-03-27 00:10:00+00:00,18384.066499999997,18384.866499999996,18381.3055,18383.078
2024-03-27 00:15:00+00:00,18389.0555,18389.0555,18381.0,18383.55
2024-03-27 00:20:00+00:00,18383.45,18386.428,18382.4835,18383.483500000002
2024-03-27 00:25:00+00:00,18384.572,18387.572,18383.5,18385.511
2024-03-27 00:30:00+00:00,18386.0,18387.566499999997,18385.0,18385.428
2024-03-27 00:35:00+00:00,18385.983500000002,18394.5055,18385.983500000002,18392.5165
2024-03-27 00:40:00+00:00,18391.989,18391.989,18385.989,18386.5055
2024-03-27 00:45:00+00:00,18385.95,18392.4945,18385.95,18392.0
2024-03-27 00:50:00+00:00,18392.516499999998,18394.560999999998,18389.4945,18391.0
2024-03-27 00:55:00+00:00,18390.489,18394.060999999998,18388.939000000002,18389.4445
2024-03-27 01:00:00+00:00,18390.0055,18390.5055,18385.5555,18385.5555
2024-03-27 01:05:00+00:00,18385.011,18389.011,18384.060999999998,18389.011
2024-03-27 01:10:00+00:00,18388.4945,18392.572,18386.5055,18392.572
2024-03-27 01:15:00+00:00,18392.0,18394.489,18388.428,18389.928
2024-03-27 01:20:00+00:00,18390.4835,18390.4835,18382.4945,18382.989
2024-03-27 01:25:00+00:00,18382.4945,18385.489,18379.9945,18385.489
2024-03-27 01:30:00+00:00,18385.0,18389.5,18383.022,18387.9945
2024-03-27 01:35:00+00:00,18387.489,18388.072,18380.572,18381.989
2024-03-27 01:40:00+00:00,18382.489,18384.522,18379.022,18382.5055
2024-03-27 01:45:00+00:00,18381.989,18385.9835,18381.0,18385.9835
2024-03-27 01:50:00+00:00,18386.489,18387.511,18381.489,18387.5055
2024-03-27 01:55:00+00:00,18386.978,18391.072,18386.978,18390.4945
2024-03-27 02:00:00+00:00,18389.9945,18390.5555,18386.483500000002,18387.45
2024-03-27 02:05:00+00:00,18386.9945,18388.9945,18385.5,18385.516499999998
2024-03-27 02:10:00+00:00,18384.989,18384.989,18382.9445,18382.9445
2024-03-27 02:15:00+00:00,18383.439000000002,18385.9945,18382.95,18385.9945
2024-03-27 02:20:00+00:00,18385.4445,18389.5,18385.4445,18388.5
2024-03-27 02:25:00+00:00,18387.5555,18389.066499999997,18387.428,18388.5055
2024-03-27 02:30:00+00:00,18388.989,18393.5165,18388.5,18392.0
2024-03-27 02:35:00+00:00,18391.5055,18392.9835,18387.5,18389.5055
2024-03-27 02:40:00+00:00,18389.016499999998,18389.5555,18385.433500000003,18387.011
2024-03-27 02:45:00+00:00,18386.489,18388.5,18385.95,18386.060999999998
2024-03-27 02:50:00+00:00,18385.45,18387.016499999998,18385.45,18386.45
2024-03-27 02:55:00+00:00,18386.9945,18388.0,18386.9945,18388.0
2024-03-27 03:00:00+00:00,18388.5,18390.0055,18388.5,18389.011
2024-03-27 03:05:00+00:00,18388.5165,18391.5,18388.0165,18391.5
2024-03-27 03:10:00+00:00,18390.4945,18391.516499999998,18388.433500000003,18391.489
2024-03-27 03:15:00+00:00,18390.4945,18391.572,18390.4445,18391.483500000002
2024-03-27 03:20:00+00:00,18391.0055,18392.016499999998,18389.4945,18391.5
2024-03-27 03:25:00+00:00,18392.0,18395.066499999997,18391.4445,18394.45
2024-03-27 03:30:00+00:00,18393.489,18394.5,18391.9835,18393.928
2024-03-27 03:35:00+00:00,18394.439000000002,18398.011,18394.439000000002,18395.0
2024-03-27 03:40:00+00:00,18394.572,18395.4945,18391.011,18394.5055
2024-03-27 03:45:00+00:00,18394.9945,18395.566499999997,18393.489,18393.489
2024-03-27 03:50:00+00:00,18392.5,18392.9945,18392.4945,18392.5
2024-03-27 03:55:00+00:00,18393.4445,18393.566499999997,18392.4945,18392.4945
2024-03-27 04:00:00+00:00,18392.0,18392.511,18392.0,18392.511
2024-03-27 04:05:00+00:00,18391.9945,18396.5055,18391.522,18395.4945
2024-03-27 04:10:00+00:00,18395.0,18398.572,18394.439000000002,18396.489
2024-03-27 04:15:00+00:00,18397.0055,18398.516499999998,18396.989,18397.511
2024-03-27 04:20:00+00:00,18396.939000000002,18397.511,18395.489,18397.060999999998
2024-03-27 04:25:00+00:00,18396.560999999998,18398.5,18396.489,18398.5
2024-03-27 04:30:00+00:00,18398.011,18401.560999999998,18397.489,18400.489
2024-03-27 04:35:00+00:00,18401.066499999997,18402.5,18399.928,18401.428
2024-03-27 04:40:00+00:00,18401.011,18402.0,18400.4835,18400.560999999998
2024-03-27 04:45:00+00:00,18401.0,18401.0,18397.4945,18398.566499999997
2024-03-27 04:50:00+00:00,18399.011,18401.5555,18399.011,18401.4945
2024-03-27 04:55:00+00:00,18400.572,18404.9945,18400.489,18404.483500000002
2024-03-27 05:00:00+00:00,18405.066499999997,18406.0,18403.439000000002,18403.5055
2024-03-27 05:05:00+00:00,18403.016499999998,18404.511,18401.4445,18404.489
2024-03-27 05:10:00+00:00,18403.9945,18404.566499999997,18401.4445,18402.5055
2024-03-27 05:15:00+00:00,18402.0555,18403.5,18401.5,18403.5
2024-03-27 05:20:00+00:00,18403.011,18403.5,18401.511,18402.522
2024-03-27 05:25:00+00:00,18401.4835,18403.511,18400.5,18402.566499999997
2024-03-27 05:30:00+00:00,18403.022,18403.5,18399.511,18399.511
2024-03-27 05:35:00+00:00,18399.0,18403.55,18399.0,18403.55
2024-03-27 05:40:00+00:00,18403.0555,18409.5555,18402.0,18408.516499999998
2024-03-27 05:45:00+00:00,18409.0,18410.489,18407.4835,18409.4835
2024-03-27 05:50:00+00:00,18409.9945,18409.9945,18403.489,18404.5
2024-03-27 05:55:00+00:00,18403.989,18404.516499999998,18397.489,18398.5
2024-03-27 06:00:00+00:00,18399.5,18400.0,18394.4945,18398.983500000002
2024-03-27 06:05:00+00:00,18399.566499999997,18400.072,18393.4945,18394.4445
2024-03-27 06:10:00+00:00,18395.566499999997,18400.0055,18395.5,18397.516499999998
2024-03-27 06:15:00+00:00,18398.4945,18398.566499999997,18394.45,18394.45
2024-03-27 06:20:00+00:00,18395.05,18395.511,18392.433500000003,18392.433500000003
2024-03-27 06:25:00+00:00,18393.016499999998,18395.5555,18392.483500000002,18394.433500000003
2024-03-27 06:30:00+00:00,18393.939000000002,18395.05,18389.45,18392.511
2024-03-27 06:35:00+00:00,18392.983500000002,18395.05,18392.5055,18394.4945
2024-03-27 06:40:00+00:00,18393.9945,18394.022,18389.5055,18394.0
2024-03-27 06:45:00+00:00,18393.4945,18409.060999999998,18393.4945,18408.511
2024-03-27 06:50:00+00:00,18407.939000000002,18407.939000000002,18399.0,18399.0
2024-03-27 06:55:00+00:00,18398.522,18401.45,18394.511,18394.511
2024-03-27 07:00:00+00:00,18393.060999999998,18393.516499999998,18382.428,18390.011
2024-03-27 07:05:00+00:00,18388.4835,18394.011,18385.989,18392.5
2024-03-27 07:10:00+00:00,18393.572,18396.511,18383.428,18384.4945
2024-03-27 07:15:00+00:00,18385.011,18389.511,18383.5,18384.5055
2024-03-27 07:20:00+00:00,18384.0,18387.072,18383.9835,18386.55
2024-03-27 07:25:00+00:00,18387.55,18394.0165,18387.55,18390.516499999998
2024-03-27 07:30:00+00:00,18389.0,18395.066499999997,18388.9445,18389.9945
2024-03-27 07:35:00+00:00,18389.5,18401.0,18389.5,18400.489
2024-03-27 07:40:00+00:00,18401.55,18401.55,18398.0,18401.066499999997
2024-03-27 07:45:00+00:00,18400.5,18400.55,18390.9945,18390.9945
2024-03-27 07:50:00+00:00,18390.5055,18394.5555,18388.928,18393.5055
2024-03-27 07:55:00+00:00,18393.95,18396.066499999997,18388.5,18390.489
2024-03-27 08:00:00+00:00,18388.5055,18404.060999999998,18388.5055,18395.016499999998
2024-03-27 08:05:00+00:00,18394.428,18399.066499999997,18385.560999999998,18392.9445
2024-03-27 08:10:00+00:00,18392.022,18393.5,18383.933500000003,18390.011
2024-03-27 08:15:00+00:00,18390.566499999997,18404.4945,18389.9945,18404.4945
2024-03-27 08:20:00+00:00,18404.0,18415.5,18402.989,18415.5
2024-03-27 08:25:00+00:00,18414.989,18423.511,18411.9945,18412.4835
2024-03-27 08:30:00+00:00,18412.011,18421.0165,18409.9445,18413.022
2024-03-27 08:35:00+00:00,18412.5055,18417.4945,18400.011,18409.066499999997
2024-03-27 08:40:00+00:00,18408.478,18418.4945,18404.4445,18416.016499999998
2024-03-27 08:45:00+00:00,18415.566499999997,18422.011,18413.933500000003,18421.05
2024-03-27 08:50:00+00:00,18420.511,18423.016499999998,18413.9945,18416.0555
2024-03-27 08:55:00+00:00,18416.478,18417.939000000002,18398.0,18399.4835
2024-03-27 09:00:00+00:00,18400.016499999998,18428.9445,18397.933500000003,18427.939000000002
2024-03-27 09:05:00+00:00,18429.060999999998,18433.016499999998,18407.511,18419.560999999998
2024-03-27 09:10:00+00:00,18420.0055,18423.95,18410.939000000002,18411.4945
2024-03-27 09:15:00+00:00,18412.4945,18418.060999999998,18412.4945,18418.05
2024-03-27 09:20:00+00:00,18417.4445,18419.022,18407.05,18410.0
2024-03-27 09:25:00+00:00,18411.0055,18416.0055,18406.5,18407.478
2024-03-27 09:30:00+00:00,18408.5,18415.022,18405.95,18407.4445
2024-03-27 09:35:00+00:00,18407.245000000003,18412.511,18405.989,18407.0055
2024-03-27 09:40:00+00:00,18406.4945,18426.060999999998,18406.4945,18425.022
2024-03-27 09:45:00+00:00,18425.9835,18431.5055,18421.0055,18430.4945
2024-03-27 09:50:00+00:00,18430.0055,18432.4945,18426.511,18430.0
2024-03-27 09:55:00+00:00,18429.5,18437.0,18425.989,18431.939000000002
2024-03-27 10:00:00+00:00,18433.0,18443.0,18432.483500000002,18441.95
2024-03-27 10:05:00+00:00,18442.4945,18442.4945,18425.939000000002,18426.4445
2024-03-27 10:10:00+00:00,18427.011,18432.0555,18422.0,18431.5555
2024-03-27 10:15:00+00:00,18431.989,18447.0165,18430.0,18442.0
2024-03-27 10:20:00+00:00,18441.511,18451.0,18441.0,18448.4945
2024-03-27 10:25:00+00:00,18449.022,18450.989,18445.0,18448.0055
2024-03-27 10:30:00+00:00,18448.433500000003,18454.072,18447.939000000002,18453.066499999997
2024-03-27 10:35:00+00:00,18453.983500000002,18456.9945,18451.0,18451.0
2024-03-27 10:40:00+00:00,18449.9445,18456.9945,18447.9445,18454.5165
2024-03-27 10:45:00+00:00,18455.060999999998,18459.0165,18451.489,18456.989
2024-03-27 10:50:00+00:00,18457.5,18459.983500000002,18451.939000000002,18454.0
2024-03-27 10:55:00+00:00,18453.4945,18460.0055,18453.0055,18456.9445
2024-03-27 11:00:00+00:00,18458.022,18460.0,18440.989,18443.0555
2024-03-27 11:05:00+00:00,18442.511,18446.0,18441.5,18445.0
2024-03-27 11:10:00+00:00,18445.522,18451.5,18444.478,18450.989
2024-03-27 11:15:00+00:00,18452.0,18464.072,18450.933500000003,18456.011
2024-03-27 11:20:00+00:00,18456.511,18465.5,18456.011,18463.9445
2024-03-27 11:25:00+00:00,18464.511,18465.9445,18458.989,18462.983500000002
2024-03-27 11:30:00+00:00,18463.4945,18474.05,18463.0,18473.0
2024-03-27 11:35:00+00:00,18473.483500000002,18475.0055,18465.9445,18465.9445
2024-03-27 11:40:00+00:00,18466.928,18467.928,18462.989,18463.989
2024-03-27 11:45:00+00:00,18464.5,18478.489,18463.989,18477.0
2024-03-27 11:50:00+00:00,18475.9835,18480.0,18465.9835,18467.566499999997
2024-03-27 11:55:00+00:00,18466.928,18471.011,18466.489,18468.55
2024-03-27 12:00:00+00:00,18468.201,18476.522,18467.5055,18476.0
2024-03-27 12:05:00+00:00,18474.9945,18488.0,18473.5,18483.4945
2024-03-27 12:10:00+00:00,18484.011,18490.989,18482.933500000003,18484.072
2024-03-27 12:15:00+00:00,18485.0,18486.011,18478.928,18482.0055
2024-03-27 12:20:00+00:00,18481.0,18485.516499999998,18478.0,18483.989
2024-03-27 12:25:00+00:00,18485.5055,18486.05,18479.9445,18481.0
2024-03-27 12:30:00+00:00,18481.4945,18494.5055,18481.4945,18494.011
2024-03-27 12:35:00+00:00,18495.05,18495.489,18488.0,18492.0165
2024-03-27 12:40:00+00:00,18492.983500000002,18493.05,18486.4945,18491.0
2024-03-27 12:45:00+00:00,18491.5,18492.05,18487.489,18489.0
2024-03-27 12:50:00+00:00,18489.989,18498.0,18489.989,18496.989
2024-03-27 12:55:00+00:00,18497.4835,18504.0,18496.95,18502.989
2024-03-27 13:00:00+00:00,18504.0055,18507.989,18501.9945,18507.0
2024-03-27 13:05:00+00:00,18508.0,18512.011,18503.0055,18503.060999999998
2024-03-27 13:10:00+00:00,18504.0055,18508.989,18501.016499999998,18505.0
2024-03-27 13:15:00+00:00,18504.4945,18505.0,18493.9445,18496.939000000002
2024-03-27 13:20:00+00:00,18494.928,18500.0165,18492.4945,18498.0055
2024-03-27 13:25:00+00:00,18498.566499999997,18500.9945,18494.016499999998,18497.016499999998
2024-03-27 13:30:00+00:00,18496.702,18504.060999999998,18490.022,18497.928
2024-03-27 13:35:00+00:00,18498.511,18504.011,18493.983500000002,18498.933500000003
2024-03-27 13:40:00+00:00,18497.928,18502.5055,18487.9945,18488.9945
2024-03-27 13:45:00+00:00,18489.5055,18499.022,18485.0,18497.5555
2024-03-27 13:50:00+00:00,18497.989,18500.05,18478.9945,18480.9945
2024-03-27 13:55:00+00:00,18481.978,18487.0055,18480.928,18483.978
2024-03-27 14:00:00+00:00,18485.011,18486.066499999997,18467.0,18474.978
2024-03-27 14:05:00+00:00,18475.9945,18478.0165,18467.022,18473.0
2024-03-27 14:10:00+00:00,18473.5,18491.022,18472.9835,18489.939000000002
2024-03-27 14:15:00+00:00,18489.05,18500.072,18489.05,18499.572
2024-03-27 14:20:00+00:00,18499.933500000003,18503.072,18496.928,18498.0
2024-03-27 14:25:00+00:00,18498.572,18500.0055,18493.983500000002,18497.989
2024-03-27 14:30:00+00:00,18499.0,18505.0055,18497.0,18503.05
2024-03-27 14:35:00+00:00,18501.983500000002,18507.9945,18501.983500000002,18507.989
2024-03-27 14:40:00+00:00,18507.5,18513.066499999997,18501.939000000002,18502.9835
2024-03-27 14:45:00+00:00,18502.101000000002,18503.0165,18489.439000000002,18489.9945
2024-03-27 14:50:00+00:00,18490.9945,18500.0165,18487.928,18497.983500000002
2024-03-27 14:55:00+00:00,18499.9445,18509.011,18496.989,18503.566499999997
2024-03-27 15:00:00+00:00,18502.489,18510.066499999997,18500.928,18506.9945
2024-03-27 15:05:00+00:00,18507.516499999998,18510.9945,18501.989,18508.011
2024-03-27 15:10:00+00:00,18508.9945,18509.022,18503.4835,18509.022
2024-03-27 15:15:00+00:00,18508.489,18511.0,18503.978,18508.060999999998
2024-03-27 15:20:00+00:00,18507.5055,18508.5,18504.0,18505.0555
2024-03-27 15:25:00+00:00,18504.0165,18506.011,18497.489,18498.433500000003
2024-03-27 15:30:00+00:00,18497.5,18499.522,18488.5,18489.5
2024-03-27 15:35:00+00:00,18488.522,18493.483500000002,18481.433500000003,18481.4945
2024-03-27 15:40:00+00:00,18482.072,18491.9945,18479.511,18488.5055
2024-03-27 15:45:00+00:00,18488.9945,18495.560999999998,18483.939000000002,18493.45
2024-03-27 15:50:00+00:00,18493.016499999998,18495.4945,18489.428,18491.45
2024-03-27 15:55:00+00:00,18492.0055,18494.478,18484.522,18484.522
2024-03-27 16:00:00+00:00,18484.5,18487.066499999997,18475.433500000003,18476.45
2024-03-27 16:05:00+00:00,18475.95,18480.0,18473.478,18473.489
2024-03-27 16:10:00+00:00,18474.55,18479.4945,18471.45,18472.45
2024-03-27 16:15:00+00:00,18473.5055,18474.522,18466.428,18472.0555
2024-03-27 16:20:00+00:00,18472.5,18473.478,18467.5,18470.516499999998
2024-03-27 16:25:00+00:00,18471.4945,18477.511,18470.4445,18475.4945
2024-03-27 16:30:00+00:00,18474.5,18487.0165,18474.439000000002,18482.4945
2024-03-27 16:35:00+00:00,18482.016499999998,18488.522,18481.489,18484.5055
2024-03-27 16:40:00+00:00,18485.5055,18488.55,18483.45,18486.572
2024-03-27 16:45:00+00:00,18486.9445,18489.4945,18483.5,18487.5
2024-03-27 16:50:00+00:00,18486.9445,18487.55,18482.5165,18483.522
2024-03-27 16:55:00+00:00,18482.989,18484.572,18481.489,18482.45
2024-03-27 17:00:00+00:00,18481.9835,18488.5,18479.0,18485.05
2024-03-27 17:05:00+00:00,18485.489,18485.566499999997,18478.4945,18479.511
2024-03-27 17:10:00+00:00,18480.0555,18484.572,18475.4835,18484.572
2024-03-27 17:15:00+00:00,18484.939000000002,18488.511,18484.4945,18487.9945
2024-03-27 17:20:00+00:00,18487.489,18488.9945,18484.522,18488.0
2024-03-27 17:25:00+00:00,18487.5,18491.511,18487.428,18488.4835
2024-03-27 17:30:00+00:00,18488.0,18489.511,18482.428,18484.560999999998
2024-03-27 17:35:00+00:00,18483.560999999998,18484.522,18479.5055,18480.0
2024-03-27 17:40:00+00:00,18480.428,18480.5055,18472.5,18473.489
2024-03-27 17:45:00+00:00,18474.5,18478.522,18473.983500000002,18476.0055
2024-03-27 17:50:00+00:00,18476.511,18477.483500000002,18471.5165,18475.5
2024-03-27 17:55:00+00:00,18475.0055,18476.560999999998,18474.5055,18475.55
2024-03-27 18:00:00+00:00,18475.928,18481.0055,18475.928,18476.511
2024-03-27 18:05:00+00:00,18476.95,18481.5055,18475.483500000002,18480.5
2024-03-27 18:10:00+00:00,18479.9945,18484.5555,18479.5055,18483.978
2024-03-27 18:15:00+00:00,18483.55,18489.4945,18483.433500000003,18486.5055
2024-03-27 18:20:00+00:00,18485.45,18490.511,18485.45,18488.072
2024-03-27 18:25:00+00:00,18488.55,18493.489,18488.55,18492.4945
2024-03-27 18:30:00+00:00,18493.0,18495.55,18488.5,18490.433500000003
2024-03-27 18:35:00+00:00,18489.5,18492.5055,18487.5,18490.439000000002
2024-03-27 18:40:00+00:00,18489.9945,18494.511,18489.978,18491.511
2024-03-27 18:45:00+00:00,18491.016499999998,18493.4945,18485.483500000002,18487.489
2024-03-27 18:50:00+00:00,18488.066499999997,18488.572,18481.4835,18482.4835
2024-03-27 18:55:00+00:00,18481.560999999998,18483.516499999998,18477.0165,18483.516499999998
2024-03-27 19:00:00+00:00,18482.4945,18489.5055,18482.4945,18488.4945
2024-03-27 19:05:00+00:00,18489.0,18491.5,18484.5055,18485.5
2024-03-27 19:10:00+00:00,18485.0,18485.0,18478.5,18482.5
2024-03-27 19:15:00+00:00,18482.022,18483.5,18474.511,18476.511
2024-03-27 19:20:00+00:00,18476.939000000002,18486.5165,18475.4945,18485.5
2024-03-27 19:25:00+00:00,18486.0,18491.511,18479.45,18487.428
2024-03-27 19:30:00+00:00,18486.511,18493.55,18483.478,18492.45
2024-03-27 19:35:00+00:00,18493.560999999998,18510.560999999998,18492.933500000003,18508.511
2024-03-27 19:40:00+00:00,18508.0,18517.5,18505.9445,18516.511
2024-03-27 19:45:00+00:00,18515.478,18519.0,18508.4445,18510.5555
2024-03-27 19:50:00+00:00,18511.566499999997,18524.5,18510.4945,18521.489
2024-03-27 19:55:00+00:00,18520.511,18526.55,18516.5,18526.55
2024-03-27 20:00:00+00:00,18525.522,18531.5555,18522.560999999998,18528.4835
2024-03-27 20:05:00+00:00,18529.0055,18529.5555,18527.483500000002,18527.55
2024-03-27 20:10:00+00:00,18528.072,18529.5055,18523.4945,18523.4945
2024-03-27 20:15:00+00:00,18522.989,18530.0,18522.989,18528.489
2024-03-27 20:20:00+00:00,18528.0055,18529.989,18527.4945,18528.55
2024-03-27 20:25:00+00:00,18529.066499999997,18530.5555,18527.5,18529.433500000003
2024-03-27 20:30:00+00:00,18528.428,18530.572,18527.9945,18530.511
2024-03-27 20:35:00+00:00,18530.05,18532.5555,18530.0055,18531.4945
2024-03-27 20:40:00+00:00,18531.95,18533.483500000002,18527.060999999998,18527.4945
2024-03-27 20:45:00+00:00,18526.489,18529.572,18525.428,18529.572
2024-03-27 20:50:00+00:00,18530.511,18534.5,18530.511,18532.522
2024-03-27 20:55:00+00:00,18531.983500000002,18532.5555,18526.4945,18526.978
2024-03-27 23:00:00+00:00,18527.6,18531.105499999998,18526.633500000004,18530.15
2024-03-27 23:05:00+00:00,18529.3,18530.211,18527.55,18528.5
2024-03-27 23:10:00+00:00,18527.6555,18531.161,18527.6,18530.261
2024-03-27 23:15:00+00:00,18531.0835,18531.9945,18529.2945,18531.089
2024-03-27 23:20:00+00:00,18530.139000000003,18532.8335,18530.139000000003,18532.8335
2024-03-27 23:25:00+00:00,18533.8,18537.55,18532.911,18536.8055
2024-03-27 23:30:00+00:00,18535.9,18535.9055,18532.3055,18533.189000000002
2024-03-27 23:35:00+00:00,18532.2945,18532.372,18531.5055,18532.2945
2024-03-27 23:40:00+00:00,18532.8,18533.211,18531.5055,18531.5055
2024-03-27 23:45:00+00:00,18532.372,18533.15,18530.1,18531.489
2024-03-27 23:50:00+00:00,18530.5945,18531.5,18526.1,18528.789
2024-03-27 23:55:00+00:00,18529.644500000002,18529.761,18527.883500000004,18529.7055
2024-03-28 00:00:00+00:00,18528.733500000002,18533.261,18528.733500000002,18531.45
2024-03-28 00:05:00+00:00,18532.2945,18535.911,18532.2445,18534.1
2024-03-28 00:10:00+00:00,18534.9945,18535.072,18533.2055,18534.928
2024-03-28 00:15:00+00:00,18538.072,18538.072,18526.0,18527.4945
2024-03-28 00:20:00+00:00,18527.489,18533.566499999997,18522.478,18533.0
2024-03-28 00:25:00+00:00,18533.433500000003,18540.0,18533.433500000003,18537.489
2024-03-28 00:30:00+00:00,18537.989,18538.55,18535.4445,18536.55
2024-03-28 00:35:00+00:00,18535.9945,18537.060999999998,18534.489,18536.5
2024-03-28 00:40:00+00:00,18535.989,18538.489,18535.4945,18537.5
2024-03-28 00:45:00+00:00,18536.478,18538.0055,18534.939000000002,18536.483500000002
2024-03-28 00:50:00+00:00,18537.011,18537.989,18535.0055,18537.989
2024-03-28 00:55:00+00:00,18537.4945,18542.55,18536.5055,18542.55
2024-03-28 01:00:00+00:00,18543.066499999997,18548.022,18542.489,18544.5055
2024-03-28 01:05:00+00:00,18543.9945,18543.9945,18536.428,18537.066499999997
2024-03-28 01:10:00+00:00,18536.4835,18541.566499999997,18536.428,18541.566499999997
2024-03-28 01:15:00+00:00,18541.066499999997,18541.066499999997,18535.928,18536.5
2024-03-28 01:20:00+00:00,18538.516499999998,18541.5,18536.0,18536.0
2024-03-28 01:25:00+00:00,18536.55,18538.433500000003,18531.011,18534.4945
2024-03-28 01:30:00+00:00,18535.5555,18536.939000000002,18530.5,18533.05
2024-03-28 01:35:00+00:00,18532.5055,18532.5555,18527.05,18528.0
2024-03-28 01:40:00+00:00,18528.4445,18528.9945,18525.45,18527.511
2024-03-28 01:45:00+00:00,18528.0,18532.0055,18525.572,18531.478
2024-03-28 01:50:00+00:00,18531.05,18531.566499999997,18526.5055,18530.4835
2024-03-28 01:55:00+00:00,18529.489,18530.511,18525.489,18527.522
2024-03-28 02:00:00+00:00,18527.0,18529.5,18525.5,18528.5
2024-03-28 02:05:00+00:00,18528.011,18528.983500000002,18525.928,18526.5055
2024-03-28 02:10:00+00:00,18527.572,18530.9945,18526.4945,18529.4945
2024-03-28 02:15:00+00:00,18528.5,18530.560999999998,18528.4835,18530.511
2024-03-28 02:20:00+00:00,18532.060999999998,18532.060999999998,18526.511,18528.483500000002
2024-03-28 02:25:00+00:00,18529.4835,18531.0555,18527.5,18528.566499999997
2024-03-28 02:30:00+00:00,18529.0,18530.5055,18527.4945,18527.5055
2024-03-28 02:35:00+00:00,18528.016499999998,18528.5,18522.4945,18523.428
2024-03-28 02:40:00+00:00,18522.9445,18529.572,18522.9445,18528.0
2024-03-28 02:45:00+00:00,18527.511,18530.4945,18527.511,18528.5055
2024-03-28 02:50:00+00:00,18529.45,18531.522,18528.989,18529.45
2024-03-28 02:55:00+00:00,18530.022,18531.9445,18527.439000000002,18529.511
2024-03-28 03:00:00+00:00,18528.4935,18531.4445,18527.433500000003,18530.439000000002
2024-03-28 03:05:00+00:00,18531.5055,18531.5055,18529.428,18531.5055
2024-03-28 03:10:00+00:00,18531.0165,18531.5,18529.439000000002,18529.566499999997
2024-03-28 03:15:00+00:00,18529.9945,18531.5555,18529.478,18531.5555
2024-03-28 03:20:00+00:00,18533.439000000002,18533.5,18532.433500000003,18533.5
2024-03-28 03:25:00+00:00,18532.989,18535.522,18532.4445,18535.489
2024-03-28 03:30:00+00:00,18535.011,18535.939000000002,18533.439000000002,18534.011
2024-03-28 03:35:00+00:00,18533.511,18535.4945,18527.483500000002,18528.489
2024-03-28 03:40:00+00:00,18527.9945,18530.428,18527.0,18527.0
2024-03-28 03:45:00+00:00,18526.7435,18526.7435,18523.978,18524.5
2024-03-28 03:50:00+00:00,18524.928,18525.5055,18523.9445,18524.5055
2024-03-28 03:55:00+00:00,18525.0055,18525.5055,18523.4835,18524.011
2024-03-28 04:00:00+00:00,18523.7545,18524.511,18523.016499999998,18523.5
2024-03-28 04:05:00+00:00,18523.0555,18526.489,18519.560999999998,18526.489
2024-03-28 04:10:00+00:00,18525.928,18527.5,18525.45,18527.4945
2024-03-28 04:15:00+00:00,18527.0,18531.4945,18526.9445,18530.489
2024-03-28 04:20:00+00:00,18531.560999999998,18533.55,18530.9835,18531.5055
2024-03-28 04:25:00+00:00,18531.9945,18532.5,18530.011,18532.0
2024-03-28 04:30:00+00:00,18530.489,18531.483500000002,18529.5055,18530.5
2024-03-28 04:35:00+00:00,18529.95,18532.489,18529.433500000003,18531.5055
2024-03-28 04:40:00+00:00,18530.9445,18531.560999999998,18530.489,18530.4945
2024-03-28 04:45:00+00:00,18531.489,18531.516499999998,18530.439000000002,18531.4945
2024-03-28 04:50:00+00:00,18530.939000000002,18530.939000000002,18527.428,18528.016499999998
2024-03-28 04:55:00+00:00,18527.5,18527.9945,18526.0055,18527.0055
2024-03-28 05:00:00+00:00,18526.4945,18531.5165,18522.0055,18530.5055
2024-03-28 05:05:00+00:00,18531.060999999998,18531.060999999998,18525.45,18526.5055
2024-03-28 05:10:00+00:00,18526.983500000002,18527.05,18523.5,18524.928
2024-03-28 05:15:00+00:00,18524.511,18525.066499999997,18520.0,18520.5555
2024-03-28 05:20:00+00:00,18519.989,18520.022,18517.5,18518.4945
2024-03-28 05:25:00+00:00,18517.5555,18517.5555,18512.478,18513.433500000003
2024-03-28 05:30:00+00:00,18514.55,18518.011,18514.0,18516.516499999998
2024-03-28 05:35:00+00:00,18515.989,18519.489,18515.4835,18517.5055
2024-03-28 05:40:00+00:00,18516.5,18523.5,18516.5,18522.5055
2024-03-28 05:45:00+00:00,18521.9445,18522.516499999998,18520.489,18521.5055
2024-03-28 05:50:00+00:00,18520.9945,18528.933500000003,18520.983500000002,18522.566499999997
2024-03-28 05:55:00+00:00,18523.060999999998,18525.572,18520.928,18522.0
2024-03-28 06:00:00+00:00,18522.428,18522.560999999998,18515.933500000003,18518.5055
2024-03-28 06:05:00+00:00,18518.989,18520.989,18515.5,18516.489
2024-03-28 06:10:00+00:00,18517.0555,18520.4945,18517.0555,18519.5
2024-03-28 06:15:00+00:00,18518.433500000003,18521.0555,18517.439000000002,18521.0555
2024-03-28 06:20:00+00:00,18520.566499999997,18520.9945,18515.5,18516.483500000002
2024-03-28 06:25:00+00:00,18517.0055,18517.0055,18510.928,18511.572
2024-03-28 06:30:00+00:00,18511.0055,18511.928,18507.511,18509.0
2024-03-28 06:35:00+00:00,18509.489,18515.4945,18508.5165,18514.5
2024-03-28 06:40:00+00:00,18513.55,18515.0,18512.522,18514.560999999998
2024-03-28 06:45:00+00:00,18514.9445,18521.522,18514.9445,18520.478
2024-03-28 06:50:00+00:00,18520.9445,18520.9445,18517.428,18518.5
2024-03-28 06:55:00+00:00,18519.0,18524.439000000002,18518.428,18520.478
2024-03-28 07:00:00+00:00,18521.0055,18523.011,18502.511,18506.022
2024-03-28 07:05:00+00:00,18507.011,18507.989,18495.439000000002,18500.5
2024-03-28 07:10:00+00:00,18500.978,18502.0,18488.560999999998,18490.5165
2024-03-28 07:15:00+00:00,18491.95,18498.4945,18490.939000000002,18498.4945
2024-03-28 07:20:00+00:00,18498.016499999998,18499.0,18489.45,18493.0055
2024-03-28 07:25:00+00:00,18493.572,18498.0055,18492.933500000003,18498.0055
2024-03-28 07:30:00+00:00,18498.489,18499.478,18492.489,18494.566499999997
2024-03-28 07:35:00+00:00,18494.0155,18500.072,18493.5555,18499.4945
2024-03-28 07:40:00+00:00,18498.489,18507.066499999997,18498.489,18506.5055
2024-03-28 07:45:00+00:00,18506.05,18507.566499999997,18496.011,18503.989
2024-03-28 07:50:00+00:00,18503.566499999997,18503.9945,18500.489,18501.489
2024-03-28 07:55:00+00:00,18502.066499999997,18511.928,18499.4945,18504.5
2024-03-28 08:00:00+00:00,18505.5055,18505.5055,18483.011,18488.95
2024-03-28 08:05:00+00:00,18488.011,18490.0055,18479.9835,18483.511
2024-03-28 08:10:00+00:00,18482.989,18484.989,18474.983500000002,18483.0
2024-03-28 08:15:00+00:00,18480.95,18486.489,18474.939000000002,18482.011
2024-03-28 08:20:00+00:00,18481.511,18497.0555,18477.983500000002,18486.989
2024-03-28 08:25:00+00:00,18487.489,18498.560999999998,18487.489,18498.560999999998
2024-03-28 08:30:00+00:00,18499.5055,18506.9835,18496.5,18499.928
2024-03-28 08:35:00+00:00,18500.5,18513.0055,18499.516499999998,18511.9945
2024-03-28 08:40:00+00:00,18512.5555,18513.4945,18504.022,18505.0055
2024-03-28 08:45:00+00:00,18504.0,18515.4835,18502.9445,18514.933500000003
2024-03-28 08:50:00+00:00,18515.439000000002,18517.0,18500.4945,18501.516499999998
2024-03-28 08:55:00+00:00,18501.928,18502.5055,18492.0,18495.0
2024-03-28 09:00:00+00:00,18494.745000000003,18504.983500000002,18493.0,18503.9835
2024-03-28 09:05:00+00:00,18503.511,18511.066499999997,18497.9945,18502.478
2024-03-28 09:10:00+00:00,18502.066499999997,18504.572,18496.511,18497.5165
2024-03-28 09:15:00+00:00,18496.5055,18498.0055,18489.489,18492.5
2024-03-28 09:20:00+00:00,18492.9445,18494.5055,18487.4835,18488.483500000002
2024-03-28 09:25:00+00:00,18488.989,18494.5055,18488.45,18490.5055
2024-03-28 09:30:00+00:00,18489.45,18501.0,18485.9945,18500.5055
2024-03-28 09:35:00+00:00,18501.439000000002,18508.011,18499.4945,18506.066499999997
2024-03-28 09:40:00+00:00,18506.5055,18510.016499999998,18502.433500000003,18503.0
2024-03-28 09:45:00+00:00,18503.428,18509.5,18500.5,18508.933500000003
2024-03-28 09:50:00+00:00,18509.511,18510.511,18501.478,18505.016499999998
2024-03-28 09:55:00+00:00,18505.5055,18509.560999999998,18501.5055,18505.5055
2024-03-28 10:00:00+00:00,18505.05,18507.5055,18496.4945,18496.560999999998
2024-03-28 10:05:00+00:00,18495.489,18504.5,18495.4445,18500.9945
2024-03-28 10:10:00+00:00,18500.5055,18501.0055,18494.516499999998,18497.011
2024-03-28 10:15:00+00:00,18497.560999999998,18501.560999999998,18494.0,18494.0
2024-03-28 10:20:00+00:00,18494.5165,18496.483500000002,18486.9945,18496.45
2024-03-28 10:25:00+00:00,18495.933500000003,18502.566499999997,18494.4835,18501.560999999998
2024-03-28 10:30:00+00:00,18501.989,18508.5165,18499.928,18503.560999999998
2024-03-28 10:35:00+00:00,18504.0,18507.0055,18496.489,18496.9945
2024-03-28 10:40:00+00:00,18497.4945,18498.511,18493.5,18495.489
2024-03-28 10:45:00+00:00,18494.989,18504.5165,18493.4835,18503.522
2024-03-28 10:50:00+00:00,18504.0,18505.0055,18495.4945,18497.4945
2024-03-28 10:55:00+00:00,18497.0055,18497.5165,18490.4945,18491.5
2024-03-28 11:00:00+00:00,18492.55,18506.516499999998,18491.439000000002,18504.5055
2024-03-28 11:05:00+00:00,18504.0,18508.566499999997,18502.439000000002,18506.0165
2024-03-28 11:10:00+00:00,18506.489,18509.0165,18498.939000000002,18500.5555
2024-03-28 11:15:00+00:00,18501.0,18502.572,18489.4945,18490.5
2024-03-28 11:20:00+00:00,18489.978,18493.511,18487.5165,18489.0055
2024-03-28 11:25:00+00:00,18489.5,18492.5,18487.45,18490.478
2024-03-28 11:30:00+00:00,18490.022,18490.022,18479.989,18480.5
2024-03-28 11:35:00+00:00,18479.983500000002,18481.5555,18476.483500000002,18480.5055
2024-03-28 11:40:00+00:00,18479.439000000002,18480.55,18477.4835,18479.4945
2024-03-28 11:45:00+00:00,18480.5,18486.5055,18476.5,18485.572
2024-03-28 11:50:00+00:00,18486.5055,18495.511,18485.9445,18493.9945
2024-03-28 11:55:00+00:00,18494.4945,18501.0,18493.95,18500.4445
2024-03-28 12:00:00+00:00,18499.745000000003,18505.5,18497.4945,18504.428
2024-03-28 12:05:00+00:00,18504.016499999998,18504.5055,18493.478,18494.0055
2024-03-28 12:10:00+00:00,18494.5,18494.572,18483.516499999998,18489.0
2024-03-28 12:15:00+00:00,18488.5,18492.9945,18484.9445,18490.489
2024-03-28 12:20:00+00:00,18489.989,18494.5055,18488.016499999998,18489.0055
2024-03-28 12:25:00+00:00,18488.511,18493.489,18484.928,18488.0
2024-03-28 12:30:00+00:00,18488.489,18495.511,18481.0,18490.478
2024-03-28 12:35:00+00:00,18491.011,18497.4835,18489.428,18489.439000000002
2024-03-28 12:40:00+00:00,18489.072,18489.072,18477.489,18478.5
2024-03-28 12:45:00+00:00,18479.0,18489.522,18479.0,18489.522
2024-03-28 12:50:00+00:00,18488.9945,18496.5055,18485.489,18487.489
2024-03-28 12:55:00+00:00,18486.489,18496.560999999998,18483.566499999997,18484.516499999998
2024-03-28 13:00:00+00:00,18485.522,18491.572,18484.978,18490.5
2024-03-28 13:05:00+00:00,18489.978,18489.978,18484.066499999997,18487.989
2024-03-28 13:10:00+00:00,18488.489,18496.560999999998,18486.4445,18496.560999999998
2024-03-28 13:15:00+00:00,18496.072,18499.572,18489.5055,18491.011
2024-03-28 13:20:00+00:00,18491.45,18492.939000000002,18485.9945,18489.489
2024-03-28 13:25:00+00:00,18488.560999999998,18494.928,18482.489,18483.5055
2024-03-28 13:30:00+00:00,18484.4945,18496.511,18484.0,18494.566499999997
2024-03-28 13:35:00+00:00,18493.701,18500.0055,18490.489,18491.0055
2024-03-28 13:40:00+00:00,18491.45,18499.0,18490.0,18498.011
2024-03-28 13:45:00+00:00,18497.566499999997,18502.5,18497.0,18497.978
2024-03-28 13:50:00+00:00,18498.45,18499.5055,18489.4835,18490.478
2024-03-28 13:55:00+00:00,18490.989,18496.928,18489.511,18496.511
2024-03-28 14:00:00+00:00,18495.9445,18501.5055,18493.95,18498.5
2024-03-28 14:05:00+00:00,18497.9945,18500.011,18492.5,18492.5
2024-03-28 14:10:00+00:00,18492.939000000002,18500.5,18490.489,18494.989
2024-03-28 14:15:00+00:00,18495.45,18499.566499999997,18491.5,18492.489
2024-03-28 14:20:00+00:00,18492.0055,18494.5,18488.5555,18491.5055
2024-03-28 14:25:00+00:00,18490.701,18492.5,18483.489,18487.522
2024-03-28 14:30:00+00:00,18486.989,18495.566499999997,18485.0055,18494.45
2024-03-28 14:35:00+00:00,18494.0,18503.572,18493.428,18493.939000000002
2024-03-28 14:40:00+00:00,18493.5555,18500.560999999998,18490.9945,18499.55
2024-03-28 14:45:00+00:00,18499.9945,18503.5055,18494.5,18501.4945
2024-03-28 14:50:00+00:00,18502.5055,18509.572,18502.439000000002,18507.560999999998
2024-03-28 14:55:00+00:00,18508.060999999998,18510.566499999997,18504.5,18506.511
2024-03-28 15:00:00+00:00,18505.5,18514.5555,18505.5,18509.9945
2024-03-28 15:05:00+00:00,18510.5055,18514.0055,18507.483500000002,18508.933500000003
2024-03-28 15:10:00+00:00,18508.5165,18512.511,18506.511,18508.478
2024-03-28 15:15:00+00:00,18507.511,18515.5055,18507.511,18513.4945
2024-03-28 15:20:00+00:00,18514.489,18514.5165,18506.4945,18510.4945
2024-03-28 15:25:00+00:00,18509.9835,18512.016499999998,18505.522,18508.45
2024-03-28 15:30:00+00:00,18507.989,18511.511,18506.489,18507.566499999997
2024-03-28 15:35:00+00:00,18506.4945,18507.516499999998,18495.5165,18496.0
2024-03-28 15:40:00+00:00,18496.4945,18504.5055,18494.439000000002,18499.5
2024-03-28 15:45:00+00:00,18500.0055,18501.55,18494.5,18500.0055
2024-03-28 15:50:00+00:00,18500.5,18502.560999999998,18497.478,18498.566499999997
2024-03-28 15:55:00+00:00,18497.483500000002,18501.489,18496.939000000002,18499.9945
2024-03-28 16:00:00+00:00,18499.45,18502.5055,18497.5,18499.4945
2024-03-28 16:05:00+00:00,18498.983500000002,18503.9945,18497.5055,18498.5
2024-03-28 16:10:00+00:00,18499.566499999997,18502.566499999997,18493.428,18493.4445
2024-03-28 16:15:00+00:00,18494.072,18497.978,18492.5055,18494.5
2024-03-28 16:20:00+00:00,18495.011,18496.511,18490.439000000002,18493.5165
2024-03-28 16:25:00+00:00,18493.9835,18508.572,18493.9835,18507.45
2024-03-28 16:30:00+00:00,18508.5555,18508.5555,18496.428,18500.511
2024-03-28 16:35:00+00:00,18499.45,18506.516499999998,18498.5,18504.428
2024-03-28 16:40:00+00:00,18505.0055,18511.511,18504.428,18509.5
2024-03-28 16:45:00+00:00,18508.5055,18511.516499999998,18506.439000000002,18508.939000000002
2024-03-28 16:50:00+00:00,18508.483500000002,18509.55,18504.511,18507.4945
2024-03-28 16:55:00+00:00,18508.511,18511.560999999998,18505.489,18511.560999999998
2024-03-28 17:00:00+00:00,18511.0165,18511.0165,18502.45,18505.572
2024-03-28 17:05:00+00:00,18505.9945,18509.5055,18505.978,18506.4835
2024-03-28 17:10:00+00:00,18505.572,18506.016499999998,18499.428,18502.478
2024-03-28 17:15:00+00:00,18501.9945,18505.566499999997,18498.433500000003,18505.066499999997
2024-03-28 17:20:00+00:00,18504.428,18505.433500000003,18498.483500000002,18500.483500000002
2024-03-28 17:25:00+00:00,18500.0,18502.522,18498.072,18500.5165
2024-03-28 17:30:00+00:00,18499.4835,18499.5055,18494.45,18495.4945
2024-03-28 17:35:00+00:00,18494.5055,18499.978,18491.428,18499.55
2024-03-28 17:40:00+00:00,18500.0,18501.05,18497.483500000002,18499.439000000002
2024-03-28 17:45:00+00:00,18499.9945,18506.0,18498.928,18505.5055
2024-03-28 17:50:00+00:00,18505.0055,18506.483500000002,18498.483500000002,18499.060999999998
2024-03-28 17:55:00+00:00,18499.5,18500.55,18497.928,18499.05
2024-03-28 18:00:00+00:00,18499.439000000002,18500.0,18493.511,18497.516499999998
2024-03-28 18:05:00+00:00,18497.016499999998,18504.511,18495.4945,18504.016499999998
2024-03-28 18:10:00+00:00,18504.5055,18507.5055,18502.5,18503.5
2024-03-28 18:15:00+00:00,18504.0555,18504.0555,18500.5,18500.9445
2024-03-28 18:20:00+00:00,18501.5055,18503.4945,18500.5,18501.4445
2024-03-28 18:25:00+00:00,18501.933500000003,18507.5,18500.0055,18505.4945
2024-03-28 18:30:00+00:00,18506.4945,18507.5,18503.439000000002,18504.4945
2024-03-28 18:35:00+00:00,18505.0555,18507.572,18504.428,18507.5
2024-03-28 18:40:00+00:00,18507.4945,18507.511,18500.428,18502.55
2024-03-28 18:45:00+00:00,18502.249,18508.5055,18501.433500000003,18508.5055
2024-03-28 18:50:00+00:00,18509.516499999998,18515.983500000002,18507.478,18515.5
2024-03-28 18:55:00+00:00,18516.0055,18525.560999999998,18514.4945,18523.4835
2024-03-28 19:00:00+00:00,18523.939000000002,18527.516499999998,18513.511,18514.55
2024-03-28 19:05:00+00:00,18515.022,18520.5055,18511.4945,18520.011
2024-03-28 19:10:00+00:00,18520.5055,18523.439000000002,18517.9835,18521.0055
2024-03-28 19:15:00+00:00,18520.4945,18523.0055,18519.933500000003,18521.560999999998
2024-03-28 19:20:00+00:00,18522.478,18524.5,18520.478,18523.511
2024-03-28 19:25:00+00:00,18524.011,18529.5,18522.9835,18529.0
2024-03-28 19:30:00+00:00,18528.5555,18530.511,18522.433500000003,18526.5055
2024-03-28 19:35:00+00:00,18526.95,18527.0055,18517.5055,18519.478
2024-03-28 19:40:00+00:00,18519.9445,18523.5055,18518.0,18523.0
2024-03-28 19:45:00+00:00,18523.489,18523.572,18518.5055,18519.9945
2024-03-28 19:50:00+00:00,18519.511,18525.5,18514.4945,18517.560999999998
2024-03-28 19:55:00+00:00,18516.433500000003,18522.011,18512.0,18512.489
2024-03-28 20:00:00+00:00,18513.489,18517.5165,18510.5,18514.489
2024-03-28 20:05:00+00:00,18514.0055,18516.4945,18513.489,18513.5555
2024-03-28 20:10:00+00:00,18513.939000000002,18515.516499999998,18509.478,18510.0
2024-03-28 20:15:00+00:00,18509.5165,18513.5055,18506.4945,18507.5
2024-03-28 20:20:00+00:00,18506.9945,18510.066499999997,18506.5,18508.4445
2024-03-28 20:25:00+00:00,18507.9945,18509.989,18506.522,18509.989
2024-03-28 20:30:00+00:00,18509.5,18510.5055,18506.478,18507.939000000002
2024-03-28 20:35:00+00:00,18507.560999999998,18508.566499999997,18504.439000000002,18504.439000000002
2024-03-28 20:40:00+00:00,18504.9945,18506.0,18503.5055,18503.5055
2024-03-28 20:45:00+00:00,18504.072,18507.5,18503.560999999998,18507.0165
2024-03-28 20:50:00+00:00,18507.45,18515.516499999998,18507.45,18515.516499999998
2024-03-28 20:55:00+00:00,18515.060999999998,18516.560999999998,18510.0555,18511.511
